event_id,event_time_ist,event_type,symbol,dense_file_path,trade_month_partition,pre_event_seconds,post_event_seconds,window_start_epoch,window_end_epoch,file_min_epoch,file_max_epoch,timestamp_overlap,source_rows,row_groups
P325_SYNTH_EVENT_001_20260714,2026-07-14T17:52:29+05:30,synthetic_calendar_rbi_policy_like,ADANIPORTS,raw_synthetic_l2_dense_full_year\trade_month=2026-01\symbol=ADANIPORTS\part-00000.parquet,2026-01,900,1800,1784030849,1784033549,1784020475,1786553457,1,16305649,33
P325_SYNTH_EVENT_001_20260714,2026-07-14T17:52:29+05:30,synthetic_calendar_rbi_policy_like,AXISBANK,raw_synthetic_l2_dense_full_year\trade_month=2026-09\symbol=AXISBANK\part-00000.parquet,2026-09,900,1800,1784030849,1784033549,1784020475,1791489457,1,16315566,33
P325_SYNTH_EVENT_001_20260714,2026-07-14T17:52:29+05:30,synthetic_calendar_rbi_policy_like,BAJAJ-AUTO,raw_synthetic_l2_dense_full_year\trade_month=2026-01\symbol=BAJAJ-AUTO\part-00000.parquet,2026-01,900,1800,1784030849,1784033549,1784020475,1786558457,1,16305649,33
P325_SYNTH_EVENT_001_20260714,2026-07-14T17:52:29+05:30,synthetic_calendar_rbi_policy_like,BANKBEES,raw_synthetic_l2_dense_full_year\trade_month=2026-03\symbol=BANKBEES\part-00000.parquet,2026-03,900,1800,1784030849,1784033549,1784020475,1791487957,1,16313583,33
P325_SYNTH_EVENT_001_20260714,2026-07-14T17:52:29+05:30,synthetic_calendar_rbi_policy_like,BHARTIARTL,raw_synthetic_l2_dense_full_year\trade_month=2026-01\symbol=BHARTIARTL\part-00000.parquet,2026-01,900,1800,1784030849,1784033549,1784020475,1786571957,1,16321516,33
P325_SYNTH_EVENT_001_20260714,2026-07-14T17:52:29+05:30,synthetic_calendar_rbi_policy_like,BPCL,raw_synthetic_l2_dense_full_year\trade_month=2026-09\symbol=BPCL\part-00000.parquet,2026-09,900,1800,1784030849,1784033549,1784020475,1791493457,1,16335400,33
P325_SYNTH_EVENT_001_20260714,2026-07-14T17:52:29+05:30,synthetic_calendar_rbi_policy_like,BRITANNIA,raw_synthetic_l2_dense_full_year\trade_month=2026-09\symbol=BRITANNIA\part-00000.parquet,2026-09,900,1800,1784030849,1784033549,1784020475,1791484457,1,16329450,33
P325_SYNTH_EVENT_001_20260714,2026-07-14T17:52:29+05:30,synthetic_calendar_rbi_policy_like,CIPLA,raw_synthetic_l2_dense_full_year\trade_month=2026-03\symbol=CIPLA\part-00000.parquet,2026-03,900,1800,1784030849,1784033549,1784020264,1791506457,1,16327466,33
P325_SYNTH_EVENT_001_20260714,2026-07-14T17:52:29+05:30,synthetic_calendar_rbi_policy_like,DRREDDY,raw_synthetic_l2_dense_full_year\trade_month=2026-01\symbol=DRREDDY\part-00000.parquet,2026-01,900,1800,1784030849,1784033549,1784020475,1786551457,1,16299699,33
P325_SYNTH_EVENT_001_20260714,2026-07-14T17:52:29+05:30,synthetic_calendar_rbi_policy_like,GOLDBEES,raw_synthetic_l2_dense_full_year\trade_month=2026-01\symbol=GOLDBEES\part-00000.parquet,2026-01,900,1800,1784030849,1784033549,1784020475,1786568707,1,16307632,33
P325_SYNTH_EVENT_001_20260714,2026-07-14T17:52:29+05:30,synthetic_calendar_rbi_policy_like,HCLTECH,raw_synthetic_l2_dense_full_year\trade_month=2026-06\symbol=HCLTECH\part-00000.parquet,2026-06,900,1800,1784030849,1784033549,1784020475,1791494457,1,16309616,33
P325_SYNTH_EVENT_001_20260714,2026-07-14T17:52:29+05:30,synthetic_calendar_rbi_policy_like,HDFCBANK,raw_synthetic_l2_dense_full_year\trade_month=2026-01\symbol=HDFCBANK\part-00000.parquet,2026-01,900,1800,1784030849,1784033549,1784020424,1786560957,1,16303665,33
P325_SYNTH_EVENT_001_20260714,2026-07-14T17:52:29+05:30,synthetic_calendar_rbi_policy_like,HINDUNILVR,raw_synthetic_l2_dense_full_year\trade_month=2026-06\symbol=HINDUNILVR\part-00000.parquet,2026-06,900,1800,1784030849,1784033549,1784020475,1791483457,1,16315566,33
P325_SYNTH_EVENT_001_20260714,2026-07-14T17:52:29+05:30,synthetic_calendar_rbi_policy_like,ICICIBANK,raw_synthetic_l2_dense_full_year\trade_month=2026-06\symbol=ICICIBANK\part-00000.parquet,2026-06,900,1800,1784030849,1784033549,1784020475,1791481457,1,16325483,33
P325_SYNTH_EVENT_001_20260714,2026-07-14T17:52:29+05:30,synthetic_calendar_rbi_policy_like,INFY,raw_synthetic_l2_dense_full_year\trade_month=2026-01\symbol=INFY\part-00000.parquet,2026-01,900,1800,1784030849,1784033549,1784020475,1786556457,1,16313583,33
P325_SYNTH_EVENT_001_20260714,2026-07-14T17:52:29+05:30,synthetic_calendar_rbi_policy_like,ITBEES,raw_synthetic_l2_dense_full_year\trade_month=2026-01\symbol=ITBEES\part-00000.parquet,2026-01,900,1800,1784030849,1784033549,1784020475,1786559957,1,16313583,33
P325_SYNTH_EVENT_001_20260714,2026-07-14T17:52:29+05:30,synthetic_calendar_rbi_policy_like,ITC,raw_synthetic_l2_dense_full_year\trade_month=2026-06\symbol=ITC\part-00000.parquet,2026-06,900,1800,1784030849,1784033549,1784020475,1791488957,1,16323500,33
P325_SYNTH_EVENT_001_20260714,2026-07-14T17:52:29+05:30,synthetic_calendar_rbi_policy_like,JUNIORBEES,raw_synthetic_l2_dense_full_year\trade_month=2026-06\symbol=JUNIORBEES\part-00000.parquet,2026-06,900,1800,1784030849,1784033549,1784020475,1791500957,1,16301682,33
P325_SYNTH_EVENT_001_20260714,2026-07-14T17:52:29+05:30,synthetic_calendar_rbi_policy_like,KOTAKBANK,raw_synthetic_l2_dense_full_year\trade_month=2026-06\symbol=KOTAKBANK\part-00000.parquet,2026-06,900,1800,1784030849,1784033549,1784020475,1791483207,1,16317549,33
P325_SYNTH_EVENT_001_20260714,2026-07-14T17:52:29+05:30,synthetic_calendar_rbi_policy_like,LT,raw_synthetic_l2_dense_full_year\trade_month=2026-09\symbol=LT\part-00000.parquet,2026-09,900,1800,1784030849,1784033549,1784020475,1791478957,1,16321516,33
P325_SYNTH_EVENT_001_20260714,2026-07-14T17:52:29+05:30,synthetic_calendar_rbi_policy_like,M&M,raw_synthetic_l2_dense_full_year\trade_month=2026-01\symbol=M&M\part-00000.parquet,2026-01,900,1800,1784030849,1784033549,1784020475,1786579457,1,16317549,33
P325_SYNTH_EVENT_001_20260714,2026-07-14T17:52:29+05:30,synthetic_calendar_rbi_policy_like,MARUTI,raw_synthetic_l2_dense_full_year\trade_month=2026-01\symbol=MARUTI\part-00000.parquet,2026-01,900,1800,1784030849,1784033549,1784020475,1786551957,1,16321516,33
P325_SYNTH_EVENT_001_20260714,2026-07-14T17:52:29+05:30,synthetic_calendar_rbi_policy_like,NESTLEIND,raw_synthetic_l2_dense_full_year\trade_month=2026-06\symbol=NESTLEIND\part-00000.parquet,2026-06,900,1800,1784030849,1784033549,1784020475,1791481957,1,16331433,33
P325_SYNTH_EVENT_001_20260714,2026-07-14T17:52:29+05:30,synthetic_calendar_rbi_policy_like,NIFTYBEES,raw_synthetic_l2_dense_full_year\trade_month=2026-06\symbol=NIFTYBEES\part-00000.parquet,2026-06,900,1800,1784030849,1784033549,1784020475,1791483457,1,16331433,33
P325_SYNTH_EVENT_001_20260714,2026-07-14T17:52:29+05:30,synthetic_calendar_rbi_policy_like,ONGC,raw_synthetic_l2_dense_full_year\trade_month=2026-09\symbol=ONGC\part-00000.parquet,2026-09,900,1800,1784030849,1784033549,1784020475,1791480957,1,16313583,33
P325_SYNTH_EVENT_001_20260714,2026-07-14T17:52:29+05:30,synthetic_calendar_rbi_policy_like,RELIANCE,raw_synthetic_l2_dense_full_year\trade_month=2026-03\symbol=RELIANCE\part-00000.parquet,2026-03,900,1800,1784030849,1784033549,1784020475,1791482957,1,16309616,33
P325_SYNTH_EVENT_001_20260714,2026-07-14T17:52:29+05:30,synthetic_calendar_rbi_policy_like,SBIN,raw_synthetic_l2_dense_full_year\trade_month=2026-01\symbol=SBIN\part-00000.parquet,2026-01,900,1800,1784030849,1784033549,1784020475,1786566457,1,16293748,33
P325_SYNTH_EVENT_001_20260714,2026-07-14T17:52:29+05:30,synthetic_calendar_rbi_policy_like,SUNPHARMA,raw_synthetic_l2_dense_full_year\trade_month=2026-01\symbol=SUNPHARMA\part-00000.parquet,2026-01,900,1800,1784030849,1784033549,1784020475,1786563707,1,16303665,33
P325_SYNTH_EVENT_001_20260714,2026-07-14T17:52:29+05:30,synthetic_calendar_rbi_policy_like,TCS,raw_synthetic_l2_dense_full_year\trade_month=2026-09\symbol=TCS\part-00000.parquet,2026-09,900,1800,1784030849,1784033549,1784020475,1791498957,1,16327466,33
P325_SYNTH_EVENT_001_20260714,2026-07-14T17:52:29+05:30,synthetic_calendar_rbi_policy_like,TECHM,raw_synthetic_l2_dense_full_year\trade_month=2026-01\symbol=TECHM\part-00000.parquet,2026-01,900,1800,1784030849,1784033549,1784020475,1786550957,1,16297715,33
P325_SYNTH_EVENT_001_20260714,2026-07-14T17:52:29+05:30,synthetic_calendar_rbi_policy_like,ULTRACEMCO,raw_synthetic_l2_dense_full_year\trade_month=2026-01\symbol=ULTRACEMCO\part-00000.parquet,2026-01,900,1800,1784030849,1784033549,1784020475,1786555957,1,16337384,33
P325_SYNTH_EVENT_001_20260714,2026-07-14T17:52:29+05:30,synthetic_calendar_rbi_policy_like,WIPRO,raw_synthetic_l2_dense_full_year\trade_month=2026-01\symbol=WIPRO\part-00000.parquet,2026-01,900,1800,1784030849,1784033549,1784020475,1786565207,1,16341350,33
P325_SYNTH_EVENT_002_20260715,2026-07-15T19:22:29+05:30,synthetic_calendar_rbi_policy_like,ADANIPORTS,raw_synthetic_l2_dense_full_year\trade_month=2026-01\symbol=ADANIPORTS\part-00000.parquet,2026-01,900,1800,1784122649,1784125349,1784020475,1786553457,1,16305649,33
P325_SYNTH_EVENT_002_20260715,2026-07-15T19:22:29+05:30,synthetic_calendar_rbi_policy_like,AXISBANK,raw_synthetic_l2_dense_full_year\trade_month=2026-09\symbol=AXISBANK\part-00000.parquet,2026-09,900,1800,1784122649,1784125349,1784020475,1791489457,1,16315566,33
P325_SYNTH_EVENT_002_20260715,2026-07-15T19:22:29+05:30,synthetic_calendar_rbi_policy_like,BAJAJ-AUTO,raw_synthetic_l2_dense_full_year\trade_month=2026-01\symbol=BAJAJ-AUTO\part-00000.parquet,2026-01,900,1800,1784122649,1784125349,1784020475,1786558457,1,16305649,33
P325_SYNTH_EVENT_002_20260715,2026-07-15T19:22:29+05:30,synthetic_calendar_rbi_policy_like,BANKBEES,raw_synthetic_l2_dense_full_year\trade_month=2026-03\symbol=BANKBEES\part-00000.parquet,2026-03,900,1800,1784122649,1784125349,1784020475,1791487957,1,16313583,33
P325_SYNTH_EVENT_002_20260715,2026-07-15T19:22:29+05:30,synthetic_calendar_rbi_policy_like,BHARTIARTL,raw_synthetic_l2_dense_full_year\trade_month=2026-01\symbol=BHARTIARTL\part-00000.parquet,2026-01,900,1800,1784122649,1784125349,1784020475,1786571957,1,16321516,33
P325_SYNTH_EVENT_002_20260715,2026-07-15T19:22:29+05:30,synthetic_calendar_rbi_policy_like,BPCL,raw_synthetic_l2_dense_full_year\trade_month=2026-09\symbol=BPCL\part-00000.parquet,2026-09,900,1800,1784122649,1784125349,1784020475,1791493457,1,16335400,33
P325_SYNTH_EVENT_002_20260715,2026-07-15T19:22:29+05:30,synthetic_calendar_rbi_policy_like,BRITANNIA,raw_synthetic_l2_dense_full_year\trade_month=2026-09\symbol=BRITANNIA\part-00000.parquet,2026-09,900,1800,1784122649,1784125349,1784020475,1791484457,1,16329450,33
P325_SYNTH_EVENT_002_20260715,2026-07-15T19:22:29+05:30,synthetic_calendar_rbi_policy_like,CIPLA,raw_synthetic_l2_dense_full_year\trade_month=2026-03\symbol=CIPLA\part-00000.parquet,2026-03,900,1800,1784122649,1784125349,1784020264,1791506457,1,16327466,33
P325_SYNTH_EVENT_002_20260715,2026-07-15T19:22:29+05:30,synthetic_calendar_rbi_policy_like,DRREDDY,raw_synthetic_l2_dense_full_year\trade_month=2026-01\symbol=DRREDDY\part-00000.parquet,2026-01,900,1800,1784122649,1784125349,1784020475,1786551457,1,16299699,33
P325_SYNTH_EVENT_002_20260715,2026-07-15T19:22:29+05:30,synthetic_calendar_rbi_policy_like,GOLDBEES,raw_synthetic_l2_dense_full_year\trade_month=2026-01\symbol=GOLDBEES\part-00000.parquet,2026-01,900,1800,1784122649,1784125349,1784020475,1786568707,1,16307632,33
P325_SYNTH_EVENT_002_20260715,2026-07-15T19:22:29+05:30,synthetic_calendar_rbi_policy_like,HCLTECH,raw_synthetic_l2_dense_full_year\trade_month=2026-06\symbol=HCLTECH\part-00000.parquet,2026-06,900,1800,1784122649,1784125349,1784020475,1791494457,1,16309616,33
P325_SYNTH_EVENT_002_20260715,2026-07-15T19:22:29+05:30,synthetic_calendar_rbi_policy_like,HDFCBANK,raw_synthetic_l2_dense_full_year\trade_month=2026-01\symbol=HDFCBANK\part-00000.parquet,2026-01,900,1800,1784122649,1784125349,1784020424,1786560957,1,16303665,33
P325_SYNTH_EVENT_002_20260715,2026-07-15T19:22:29+05:30,synthetic_calendar_rbi_policy_like,HINDUNILVR,raw_synthetic_l2_dense_full_year\trade_month=2026-06\symbol=HINDUNILVR\part-00000.parquet,2026-06,900,1800,1784122649,1784125349,1784020475,1791483457,1,16315566,33
P325_SYNTH_EVENT_002_20260715,2026-07-15T19:22:29+05:30,synthetic_calendar_rbi_policy_like,ICICIBANK,raw_synthetic_l2_dense_full_year\trade_month=2026-06\symbol=ICICIBANK\part-00000.parquet,2026-06,900,1800,1784122649,1784125349,1784020475,1791481457,1,16325483,33
P325_SYNTH_EVENT_002_20260715,2026-07-15T19:22:29+05:30,synthetic_calendar_rbi_policy_like,INFY,raw_synthetic_l2_dense_full_year\trade_month=2026-01\symbol=INFY\part-00000.parquet,2026-01,900,1800,1784122649,1784125349,1784020475,1786556457,1,16313583,33
P325_SYNTH_EVENT_002_20260715,2026-07-15T19:22:29+05:30,synthetic_calendar_rbi_policy_like,ITBEES,raw_synthetic_l2_dense_full_year\trade_month=2026-04\symbol=ITBEES\part-00000.parquet,2026-04,900,1800,1784122649,1784125349,1784106875,1786656957,1,16321516,33
P325_SYNTH_EVENT_002_20260715,2026-07-15T19:22:29+05:30,synthetic_calendar_rbi_policy_like,ITC,raw_synthetic_l2_dense_full_year\trade_month=2026-06\symbol=ITC\part-00000.parquet,2026-06,900,1800,1784122649,1784125349,1784020475,1791488957,1,16323500,33
P325_SYNTH_EVENT_002_20260715,2026-07-15T19:22:29+05:30,synthetic_calendar_rbi_policy_like,JUNIORBEES,raw_synthetic_l2_dense_full_year\trade_month=2026-04\symbol=JUNIORBEES\part-00000.parquet,2026-04,900,1800,1784122649,1784125349,1784106875,1786643957,1,16309616,33
P325_SYNTH_EVENT_002_20260715,2026-07-15T19:22:29+05:30,synthetic_calendar_rbi_policy_like,KOTAKBANK,raw_synthetic_l2_dense_full_year\trade_month=2026-06\symbol=KOTAKBANK\part-00000.parquet,2026-06,900,1800,1784122649,1784125349,1784020475,1791483207,1,16317549,33
P325_SYNTH_EVENT_002_20260715,2026-07-15T19:22:29+05:30,synthetic_calendar_rbi_policy_like,LT,raw_synthetic_l2_dense_full_year\trade_month=2026-09\symbol=LT\part-00000.parquet,2026-09,900,1800,1784122649,1784125349,1784020475,1791478957,1,16321516,33
P325_SYNTH_EVENT_002_20260715,2026-07-15T19:22:29+05:30,synthetic_calendar_rbi_policy_like,M&M,raw_synthetic_l2_dense_full_year\trade_month=2026-01\symbol=M&M\part-00000.parquet,2026-01,900,1800,1784122649,1784125349,1784020475,1786579457,1,16317549,33
P325_SYNTH_EVENT_002_20260715,2026-07-15T19:22:29+05:30,synthetic_calendar_rbi_policy_like,MARUTI,raw_synthetic_l2_dense_full_year\trade_month=2026-01\symbol=MARUTI\part-00000.parquet,2026-01,900,1800,1784122649,1784125349,1784020475,1786551957,1,16321516,33
P325_SYNTH_EVENT_002_20260715,2026-07-15T19:22:29+05:30,synthetic_calendar_rbi_policy_like,NESTLEIND,raw_synthetic_l2_dense_full_year\trade_month=2026-06\symbol=NESTLEIND\part-00000.parquet,2026-06,900,1800,1784122649,1784125349,1784020475,1791481957,1,16331433,33
P325_SYNTH_EVENT_002_20260715,2026-07-15T19:22:29+05:30,synthetic_calendar_rbi_policy_like,NIFTYBEES,raw_synthetic_l2_dense_full_year\trade_month=2026-06\symbol=NIFTYBEES\part-00000.parquet,2026-06,900,1800,1784122649,1784125349,1784020475,1791483457,1,16331433,33
P325_SYNTH_EVENT_002_20260715,2026-07-15T19:22:29+05:30,synthetic_calendar_rbi_policy_like,ONGC,raw_synthetic_l2_dense_full_year\trade_month=2026-09\symbol=ONGC\part-00000.parquet,2026-09,900,1800,1784122649,1784125349,1784020475,1791480957,1,16313583,33
P325_SYNTH_EVENT_002_20260715,2026-07-15T19:22:29+05:30,synthetic_calendar_rbi_policy_like,RELIANCE,raw_synthetic_l2_dense_full_year\trade_month=2026-03\symbol=RELIANCE\part-00000.parquet,2026-03,900,1800,1784122649,1784125349,1784020475,1791482957,1,16309616,33
P325_SYNTH_EVENT_002_20260715,2026-07-15T19:22:29+05:30,synthetic_calendar_rbi_policy_like,SBIN,raw_synthetic_l2_dense_full_year\trade_month=2026-04\symbol=SBIN\part-00000.parquet,2026-04,900,1800,1784122649,1784125349,1784106875,1786650957,1,16321516,33
P325_SYNTH_EVENT_002_20260715,2026-07-15T19:22:29+05:30,synthetic_calendar_rbi_policy_like,SUNPHARMA,raw_synthetic_l2_dense_full_year\trade_month=2026-04\symbol=SUNPHARMA\part-00000.parquet,2026-04,900,1800,1784122649,1784125349,1784106875,1786654957,1,16307632,33
P325_SYNTH_EVENT_002_20260715,2026-07-15T19:22:29+05:30,synthetic_calendar_rbi_policy_like,TCS,raw_synthetic_l2_dense_full_year\trade_month=2026-09\symbol=TCS\part-00000.parquet,2026-09,900,1800,1784122649,1784125349,1784020475,1791498957,1,16327466,33
P325_SYNTH_EVENT_002_20260715,2026-07-15T19:22:29+05:30,synthetic_calendar_rbi_policy_like,TECHM,raw_synthetic_l2_dense_full_year\trade_month=2026-04\symbol=TECHM\part-00000.parquet,2026-04,900,1800,1784122649,1784125349,1784106875,1786648457,1,16321516,33
P325_SYNTH_EVENT_002_20260715,2026-07-15T19:22:29+05:30,synthetic_calendar_rbi_policy_like,ULTRACEMCO,raw_synthetic_l2_dense_full_year\trade_month=2026-01\symbol=ULTRACEMCO\part-00000.parquet,2026-01,900,1800,1784122649,1784125349,1784020475,1786555957,1,16337384,33
P325_SYNTH_EVENT_002_20260715,2026-07-15T19:22:29+05:30,synthetic_calendar_rbi_policy_like,WIPRO,raw_synthetic_l2_dense_full_year\trade_month=2026-01\symbol=WIPRO\part-00000.parquet,2026-01,900,1800,1784122649,1784125349,1784020475,1786565207,1,16341350,33
P325_SYNTH_EVENT_003_20260716,2026-07-16T17:07:29+05:30,synthetic_calendar_rbi_policy_like,ADANIPORTS,raw_synthetic_l2_dense_full_year\trade_month=2026-01\symbol=ADANIPORTS\part-00000.parquet,2026-01,900,1800,1784200949,1784203649,1784020475,1786553457,1,16305649,33
P325_SYNTH_EVENT_003_20260716,2026-07-16T17:07:29+05:30,synthetic_calendar_rbi_policy_like,AXISBANK,raw_synthetic_l2_dense_full_year\trade_month=2026-09\symbol=AXISBANK\part-00000.parquet,2026-09,900,1800,1784200949,1784203649,1784020475,1791489457,1,16315566,33
P325_SYNTH_EVENT_003_20260716,2026-07-16T17:07:29+05:30,synthetic_calendar_rbi_policy_like,BAJAJ-AUTO,raw_synthetic_l2_dense_full_year\trade_month=2026-01\symbol=BAJAJ-AUTO\part-00000.parquet,2026-01,900,1800,1784200949,1784203649,1784020475,1786558457,1,16305649,33
P325_SYNTH_EVENT_003_20260716,2026-07-16T17:07:29+05:30,synthetic_calendar_rbi_policy_like,BANKBEES,raw_synthetic_l2_dense_full_year\trade_month=2026-03\symbol=BANKBEES\part-00000.parquet,2026-03,900,1800,1784200949,1784203649,1784020475,1791487957,1,16313583,33
P325_SYNTH_EVENT_003_20260716,2026-07-16T17:07:29+05:30,synthetic_calendar_rbi_policy_like,BHARTIARTL,raw_synthetic_l2_dense_full_year\trade_month=2026-01\symbol=BHARTIARTL\part-00000.parquet,2026-01,900,1800,1784200949,1784203649,1784020475,1786571957,1,16321516,33
P325_SYNTH_EVENT_003_20260716,2026-07-16T17:07:29+05:30,synthetic_calendar_rbi_policy_like,BPCL,raw_synthetic_l2_dense_full_year\trade_month=2026-09\symbol=BPCL\part-00000.parquet,2026-09,900,1800,1784200949,1784203649,1784020475,1791493457,1,16335400,33
P325_SYNTH_EVENT_003_20260716,2026-07-16T17:07:29+05:30,synthetic_calendar_rbi_policy_like,BRITANNIA,raw_synthetic_l2_dense_full_year\trade_month=2026-09\symbol=BRITANNIA\part-00000.parquet,2026-09,900,1800,1784200949,1784203649,1784020475,1791484457,1,16329450,33
P325_SYNTH_EVENT_003_20260716,2026-07-16T17:07:29+05:30,synthetic_calendar_rbi_policy_like,CIPLA,raw_synthetic_l2_dense_full_year\trade_month=2026-03\symbol=CIPLA\part-00000.parquet,2026-03,900,1800,1784200949,1784203649,1784020264,1791506457,1,16327466,33
P325_SYNTH_EVENT_003_20260716,2026-07-16T17:07:29+05:30,synthetic_calendar_rbi_policy_like,DRREDDY,raw_synthetic_l2_dense_full_year\trade_month=2026-01\symbol=DRREDDY\part-00000.parquet,2026-01,900,1800,1784200949,1784203649,1784020475,1786551457,1,16299699,33
P325_SYNTH_EVENT_003_20260716,2026-07-16T17:07:29+05:30,synthetic_calendar_rbi_policy_like,GOLDBEES,raw_synthetic_l2_dense_full_year\trade_month=2026-01\symbol=GOLDBEES\part-00000.parquet,2026-01,900,1800,1784200949,1784203649,1784020475,1786568707,1,16307632,33
P325_SYNTH_EVENT_003_20260716,2026-07-16T17:07:29+05:30,synthetic_calendar_rbi_policy_like,HCLTECH,raw_synthetic_l2_dense_full_year\trade_month=2026-06\symbol=HCLTECH\part-00000.parquet,2026-06,900,1800,1784200949,1784203649,1784020475,1791494457,1,16309616,33
P325_SYNTH_EVENT_003_20260716,2026-07-16T17:07:29+05:30,synthetic_calendar_rbi_policy_like,HDFCBANK,raw_synthetic_l2_dense_full_year\trade_month=2026-01\symbol=HDFCBANK\part-00000.parquet,2026-01,900,1800,1784200949,1784203649,1784020424,1786560957,1,16303665,33
P325_SYNTH_EVENT_003_20260716,2026-07-16T17:07:29+05:30,synthetic_calendar_rbi_policy_like,HINDUNILVR,raw_synthetic_l2_dense_full_year\trade_month=2026-06\symbol=HINDUNILVR\part-00000.parquet,2026-06,900,1800,1784200949,1784203649,1784020475,1791483457,1,16315566,33
P325_SYNTH_EVENT_003_20260716,2026-07-16T17:07:29+05:30,synthetic_calendar_rbi_policy_like,ICICIBANK,raw_synthetic_l2_dense_full_year\trade_month=2026-06\symbol=ICICIBANK\part-00000.parquet,2026-06,900,1800,1784200949,1784203649,1784020475,1791481457,1,16325483,33
P325_SYNTH_EVENT_003_20260716,2026-07-16T17:07:29+05:30,synthetic_calendar_rbi_policy_like,INFY,raw_synthetic_l2_dense_full_year\trade_month=2026-01\symbol=INFY\part-00000.parquet,2026-01,900,1800,1784200949,1784203649,1784020475,1786556457,1,16313583,33
P325_SYNTH_EVENT_003_20260716,2026-07-16T17:07:29+05:30,synthetic_calendar_rbi_policy_like,ITBEES,raw_synthetic_l2_dense_full_year\trade_month=2026-04\symbol=ITBEES\part-00000.parquet,2026-04,900,1800,1784200949,1784203649,1784106875,1786656957,1,16321516,33
P325_SYNTH_EVENT_003_20260716,2026-07-16T17:07:29+05:30,synthetic_calendar_rbi_policy_like,ITC,raw_synthetic_l2_dense_full_year\trade_month=2026-06\symbol=ITC\part-00000.parquet,2026-06,900,1800,1784200949,1784203649,1784020475,1791488957,1,16323500,33
P325_SYNTH_EVENT_003_20260716,2026-07-16T17:07:29+05:30,synthetic_calendar_rbi_policy_like,JUNIORBEES,raw_synthetic_l2_dense_full_year\trade_month=2026-04\symbol=JUNIORBEES\part-00000.parquet,2026-04,900,1800,1784200949,1784203649,1784106875,1786643957,1,16309616,33
P325_SYNTH_EVENT_003_20260716,2026-07-16T17:07:29+05:30,synthetic_calendar_rbi_policy_like,KOTAKBANK,raw_synthetic_l2_dense_full_year\trade_month=2026-06\symbol=KOTAKBANK\part-00000.parquet,2026-06,900,1800,1784200949,1784203649,1784020475,1791483207,1,16317549,33
P325_SYNTH_EVENT_003_20260716,2026-07-16T17:07:29+05:30,synthetic_calendar_rbi_policy_like,LT,raw_synthetic_l2_dense_full_year\trade_month=2026-09\symbol=LT\part-00000.parquet,2026-09,900,1800,1784200949,1784203649,1784020475,1791478957,1,16321516,33
P325_SYNTH_EVENT_003_20260716,2026-07-16T17:07:29+05:30,synthetic_calendar_rbi_policy_like,M&M,raw_synthetic_l2_dense_full_year\trade_month=2026-01\symbol=M&M\part-00000.parquet,2026-01,900,1800,1784200949,1784203649,1784020475,1786579457,1,16317549,33
P325_SYNTH_EVENT_003_20260716,2026-07-16T17:07:29+05:30,synthetic_calendar_rbi_policy_like,MARUTI,raw_synthetic_l2_dense_full_year\trade_month=2026-01\symbol=MARUTI\part-00000.parquet,2026-01,900,1800,1784200949,1784203649,1784020475,1786551957,1,16321516,33
P325_SYNTH_EVENT_003_20260716,2026-07-16T17:07:29+05:30,synthetic_calendar_rbi_policy_like,NESTLEIND,raw_synthetic_l2_dense_full_year\trade_month=2026-06\symbol=NESTLEIND\part-00000.parquet,2026-06,900,1800,1784200949,1784203649,1784020475,1791481957,1,16331433,33
P325_SYNTH_EVENT_003_20260716,2026-07-16T17:07:29+05:30,synthetic_calendar_rbi_policy_like,NIFTYBEES,raw_synthetic_l2_dense_full_year\trade_month=2026-06\symbol=NIFTYBEES\part-00000.parquet,2026-06,900,1800,1784200949,1784203649,1784020475,1791483457,1,16331433,33
P325_SYNTH_EVENT_003_20260716,2026-07-16T17:07:29+05:30,synthetic_calendar_rbi_policy_like,ONGC,raw_synthetic_l2_dense_full_year\trade_month=2026-09\symbol=ONGC\part-00000.parquet,2026-09,900,1800,1784200949,1784203649,1784020475,1791480957,1,16313583,33
P325_SYNTH_EVENT_003_20260716,2026-07-16T17:07:29+05:30,synthetic_calendar_rbi_policy_like,RELIANCE,raw_synthetic_l2_dense_full_year\trade_month=2026-03\symbol=RELIANCE\part-00000.parquet,2026-03,900,1800,1784200949,1784203649,1784020475,1791482957,1,16309616,33
P325_SYNTH_EVENT_003_20260716,2026-07-16T17:07:29+05:30,synthetic_calendar_rbi_policy_like,SBIN,raw_synthetic_l2_dense_full_year\trade_month=2026-04\symbol=SBIN\part-00000.parquet,2026-04,900,1800,1784200949,1784203649,1784106875,1786650957,1,16321516,33
P325_SYNTH_EVENT_003_20260716,2026-07-16T17:07:29+05:30,synthetic_calendar_rbi_policy_like,SUNPHARMA,raw_synthetic_l2_dense_full_year\trade_month=2026-04\symbol=SUNPHARMA\part-00000.parquet,2026-04,900,1800,1784200949,1784203649,1784106875,1786654957,1,16307632,33
P325_SYNTH_EVENT_003_20260716,2026-07-16T17:07:29+05:30,synthetic_calendar_rbi_policy_like,TCS,raw_synthetic_l2_dense_full_year\trade_month=2026-09\symbol=TCS\part-00000.parquet,2026-09,900,1800,1784200949,1784203649,1784020475,1791498957,1,16327466,33
P325_SYNTH_EVENT_003_20260716,2026-07-16T17:07:29+05:30,synthetic_calendar_rbi_policy_like,TECHM,raw_synthetic_l2_dense_full_year\trade_month=2026-04\symbol=TECHM\part-00000.parquet,2026-04,900,1800,1784200949,1784203649,1784106875,1786648457,1,16321516,33
P325_SYNTH_EVENT_003_20260716,2026-07-16T17:07:29+05:30,synthetic_calendar_rbi_policy_like,ULTRACEMCO,raw_synthetic_l2_dense_full_year\trade_month=2026-01\symbol=ULTRACEMCO\part-00000.parquet,2026-01,900,1800,1784200949,1784203649,1784020475,1786555957,1,16337384,33
P325_SYNTH_EVENT_003_20260716,2026-07-16T17:07:29+05:30,synthetic_calendar_rbi_policy_like,WIPRO,raw_synthetic_l2_dense_full_year\trade_month=2026-01\symbol=WIPRO\part-00000.parquet,2026-01,900,1800,1784200949,1784203649,1784020475,1786565207,1,16341350,33
P325_SYNTH_EVENT_004_20260717,2026-07-17T19:22:29+05:30,synthetic_calendar_rbi_policy_like,ADANIPORTS,raw_synthetic_l2_dense_full_year\trade_month=2026-07\symbol=ADANIPORTS\part-00000.parquet,2026-07,900,1800,1784295449,1784298149,1784279563,1787080207,1,17059346,34
P325_SYNTH_EVENT_004_20260717,2026-07-17T19:22:29+05:30,synthetic_calendar_rbi_policy_like,AXISBANK,raw_synthetic_l2_dense_full_year\trade_month=2026-07\symbol=AXISBANK\part-00000.parquet,2026-07,900,1800,1784295449,1784298149,1784279675,1787071457,1,17059346,34
P325_SYNTH_EVENT_004_20260717,2026-07-17T19:22:29+05:30,synthetic_calendar_rbi_policy_like,BAJAJ-AUTO,raw_synthetic_l2_dense_full_year\trade_month=2026-07\symbol=BAJAJ-AUTO\part-00000.parquet,2026-07,900,1800,1784295449,1784298149,1784279475,1787076957,1,17041496,34
P325_SYNTH_EVENT_004_20260717,2026-07-17T19:22:29+05:30,synthetic_calendar_rbi_policy_like,BANKBEES,raw_synthetic_l2_dense_full_year\trade_month=2026-07\symbol=BANKBEES\part-00000.parquet,2026-07,900,1800,1784295449,1784298149,1784279675,1787075457,1,17069263,34
P325_SYNTH_EVENT_004_20260717,2026-07-17T19:22:29+05:30,synthetic_calendar_rbi_policy_like,BHARTIARTL,raw_synthetic_l2_dense_full_year\trade_month=2026-07\symbol=BHARTIARTL\part-00000.parquet,2026-07,900,1800,1784295449,1784298149,1784279675,1787078457,1,17055379,34
P325_SYNTH_EVENT_004_20260717,2026-07-17T19:22:29+05:30,synthetic_calendar_rbi_policy_like,BPCL,raw_synthetic_l2_dense_full_year\trade_month=2026-07\symbol=BPCL\part-00000.parquet,2026-07,900,1800,1784295449,1784298149,1784279475,1787088457,1,17061330,34
P325_SYNTH_EVENT_004_20260717,2026-07-17T19:22:29+05:30,synthetic_calendar_rbi_policy_like,BRITANNIA,raw_synthetic_l2_dense_full_year\trade_month=2026-07\symbol=BRITANNIA\part-00000.parquet,2026-07,900,1800,1784295449,1784298149,1784279675,1787073457,1,17025628,34
P325_SYNTH_EVENT_004_20260717,2026-07-17T19:22:29+05:30,synthetic_calendar_rbi_policy_like,CIPLA,raw_synthetic_l2_dense_full_year\trade_month=2026-07\symbol=CIPLA\part-00000.parquet,2026-07,900,1800,1784295449,1784298149,1784279675,1787074457,1,17045462,34
P325_SYNTH_EVENT_004_20260717,2026-07-17T19:22:29+05:30,synthetic_calendar_rbi_policy_like,DRREDDY,raw_synthetic_l2_dense_full_year\trade_month=2026-07\symbol=DRREDDY\part-00000.parquet,2026-07,900,1800,1784295449,1784298149,1784279675,1787077457,1,17041496,34
P325_SYNTH_EVENT_004_20260717,2026-07-17T19:22:29+05:30,synthetic_calendar_rbi_policy_like,GOLDBEES,raw_synthetic_l2_dense_full_year\trade_month=2026-07\symbol=GOLDBEES\part-00000.parquet,2026-07,900,1800,1784295449,1784298149,1784279675,1787069207,1,17059346,34
P325_SYNTH_EVENT_004_20260717,2026-07-17T19:22:29+05:30,synthetic_calendar_rbi_policy_like,HCLTECH,raw_synthetic_l2_dense_full_year\trade_month=2026-07\symbol=HCLTECH\part-00000.parquet,2026-07,900,1800,1784295449,1784298149,1784279675,1787090457,1,17033562,34
P325_SYNTH_EVENT_004_20260717,2026-07-17T19:22:29+05:30,synthetic_calendar_rbi_policy_like,HDFCBANK,raw_synthetic_l2_dense_full_year\trade_month=2026-07\symbol=HDFCBANK\part-00000.parquet,2026-07,900,1800,1784295449,1784298149,1784279475,1787070457,1,17031579,34
P325_SYNTH_EVENT_004_20260717,2026-07-17T19:22:29+05:30,synthetic_calendar_rbi_policy_like,HINDUNILVR,raw_synthetic_l2_dense_full_year\trade_month=2026-07\symbol=HINDUNILVR\part-00000.parquet,2026-07,900,1800,1784295449,1784298149,1784279675,1787071207,1,17051413,34
P325_SYNTH_EVENT_004_20260717,2026-07-17T19:22:29+05:30,synthetic_calendar_rbi_policy_like,ICICIBANK,raw_synthetic_l2_dense_full_year\trade_month=2026-07\symbol=ICICIBANK\part-00000.parquet,2026-07,900,1800,1784295449,1784298149,1784279675,1787089457,1,17037529,34
P325_SYNTH_EVENT_004_20260717,2026-07-17T19:22:29+05:30,synthetic_calendar_rbi_policy_like,INFY,raw_synthetic_l2_dense_full_year\trade_month=2026-07\symbol=INFY\part-00000.parquet,2026-07,900,1800,1784295449,1784298149,1784279675,1787082957,1,17053396,34
P325_SYNTH_EVENT_004_20260717,2026-07-17T19:22:29+05:30,synthetic_calendar_rbi_policy_like,ITBEES,raw_synthetic_l2_dense_full_year\trade_month=2026-07\symbol=ITBEES\part-00000.parquet,2026-07,900,1800,1784295449,1784298149,1784279475,1787074457,1,17055379,34
P325_SYNTH_EVENT_004_20260717,2026-07-17T19:22:29+05:30,synthetic_calendar_rbi_policy_like,ITC,raw_synthetic_l2_dense_full_year\trade_month=2026-07\symbol=ITC\part-00000.parquet,2026-07,900,1800,1784295449,1784298149,1784279675,1787080457,1,17031579,34
P325_SYNTH_EVENT_004_20260717,2026-07-17T19:22:29+05:30,synthetic_calendar_rbi_policy_like,JUNIORBEES,raw_synthetic_l2_dense_full_year\trade_month=2026-07\symbol=JUNIORBEES\part-00000.parquet,2026-07,900,1800,1784295449,1784298149,1784279475,1787081457,1,17073230,34
P325_SYNTH_EVENT_004_20260717,2026-07-17T19:22:29+05:30,synthetic_calendar_rbi_policy_like,KOTAKBANK,raw_synthetic_l2_dense_full_year\trade_month=2026-07\symbol=KOTAKBANK\part-00000.parquet,2026-07,900,1800,1784295449,1784298149,1784279675,1787068957,1,17039512,34
P325_SYNTH_EVENT_004_20260717,2026-07-17T19:22:29+05:30,synthetic_calendar_rbi_policy_like,LT,raw_synthetic_l2_dense_full_year\trade_month=2026-07\symbol=LT\part-00000.parquet,2026-07,900,1800,1784295449,1784298149,1784279475,1787081457,1,17027612,34
P325_SYNTH_EVENT_004_20260717,2026-07-17T19:22:29+05:30,synthetic_calendar_rbi_policy_like,M&M,raw_synthetic_l2_dense_full_year\trade_month=2026-07\symbol=M&M\part-00000.parquet,2026-07,900,1800,1784295449,1784298149,1784279475,1787086457,1,17051413,34
P325_SYNTH_EVENT_004_20260717,2026-07-17T19:22:29+05:30,synthetic_calendar_rbi_policy_like,MARUTI,raw_synthetic_l2_dense_full_year\trade_month=2026-07\symbol=MARUTI\part-00000.parquet,2026-07,900,1800,1784295449,1784298149,1784279249,1787074957,1,17053396,34
P325_SYNTH_EVENT_004_20260717,2026-07-17T19:22:29+05:30,synthetic_calendar_rbi_policy_like,NESTLEIND,raw_synthetic_l2_dense_full_year\trade_month=2026-07\symbol=NESTLEIND\part-00000.parquet,2026-07,900,1800,1784295449,1784298149,1784279475,1787078957,1,17079180,34
P325_SYNTH_EVENT_004_20260717,2026-07-17T19:22:29+05:30,synthetic_calendar_rbi_policy_like,NIFTYBEES,raw_synthetic_l2_dense_full_year\trade_month=2026-07\symbol=NIFTYBEES\part-00000.parquet,2026-07,900,1800,1784295449,1784298149,1784279475,1787083957,1,17057363,34
P325_SYNTH_EVENT_004_20260717,2026-07-17T19:22:29+05:30,synthetic_calendar_rbi_policy_like,ONGC,raw_synthetic_l2_dense_full_year\trade_month=2026-07\symbol=ONGC\part-00000.parquet,2026-07,900,1800,1784295449,1784298149,1784279675,1787084457,1,17039512,34
P325_SYNTH_EVENT_004_20260717,2026-07-17T19:22:29+05:30,synthetic_calendar_rbi_policy_like,RELIANCE,raw_synthetic_l2_dense_full_year\trade_month=2026-07\symbol=RELIANCE\part-00000.parquet,2026-07,900,1800,1784295449,1784298149,1784279675,1787074678,1,17037529,34
P325_SYNTH_EVENT_004_20260717,2026-07-17T19:22:29+05:30,synthetic_calendar_rbi_policy_like,SBIN,raw_synthetic_l2_dense_full_year\trade_month=2026-07\symbol=SBIN\part-00000.parquet,2026-07,900,1800,1784295449,1784298149,1784279675,1787085957,1,17071247,34
P325_SYNTH_EVENT_004_20260717,2026-07-17T19:22:29+05:30,synthetic_calendar_rbi_policy_like,SUNPHARMA,raw_synthetic_l2_dense_full_year\trade_month=2026-07\symbol=SUNPHARMA\part-00000.parquet,2026-07,900,1800,1784295449,1784298149,1784279675,1787073457,1,17057363,34
P325_SYNTH_EVENT_004_20260717,2026-07-17T19:22:29+05:30,synthetic_calendar_rbi_policy_like,TCS,raw_synthetic_l2_dense_full_year\trade_month=2026-07\symbol=TCS\part-00000.parquet,2026-07,900,1800,1784295449,1784298149,1784279675,1787099957,1,17033562,34
P325_SYNTH_EVENT_004_20260717,2026-07-17T19:22:29+05:30,synthetic_calendar_rbi_policy_like,TECHM,raw_synthetic_l2_dense_full_year\trade_month=2026-07\symbol=TECHM\part-00000.parquet,2026-07,900,1800,1784295449,1784298149,1784279675,1787090457,1,17037529,34
P325_SYNTH_EVENT_004_20260717,2026-07-17T19:22:29+05:30,synthetic_calendar_rbi_policy_like,ULTRACEMCO,raw_synthetic_l2_dense_full_year\trade_month=2026-07\symbol=ULTRACEMCO\part-00000.parquet,2026-07,900,1800,1784295449,1784298149,1784279675,1787070207,1,17047446,34
P325_SYNTH_EVENT_004_20260717,2026-07-17T19:22:29+05:30,synthetic_calendar_rbi_policy_like,WIPRO,raw_synthetic_l2_dense_full_year\trade_month=2026-07\symbol=WIPRO\part-00000.parquet,2026-07,900,1800,1784295449,1784298149,1784279675,1787074457,1,17043479,34
P325_SYNTH_EVENT_005_20260720,2026-07-20T17:52:29+05:30,synthetic_calendar_rbi_policy_like,ADANIPORTS,raw_synthetic_l2_dense_full_year\trade_month=2026-07\symbol=ADANIPORTS\part-00000.parquet,2026-07,900,1800,1784549249,1784551949,1784279563,1787080207,1,17059346,34
P325_SYNTH_EVENT_005_20260720,2026-07-20T17:52:29+05:30,synthetic_calendar_rbi_policy_like,AXISBANK,raw_synthetic_l2_dense_full_year\trade_month=2026-07\symbol=AXISBANK\part-00000.parquet,2026-07,900,1800,1784549249,1784551949,1784279675,1787071457,1,17059346,34
P325_SYNTH_EVENT_005_20260720,2026-07-20T17:52:29+05:30,synthetic_calendar_rbi_policy_like,BAJAJ-AUTO,raw_synthetic_l2_dense_full_year\trade_month=2026-07\symbol=BAJAJ-AUTO\part-00000.parquet,2026-07,900,1800,1784549249,1784551949,1784279475,1787076957,1,17041496,34
P325_SYNTH_EVENT_005_20260720,2026-07-20T17:52:29+05:30,synthetic_calendar_rbi_policy_like,BANKBEES,raw_synthetic_l2_dense_full_year\trade_month=2026-07\symbol=BANKBEES\part-00000.parquet,2026-07,900,1800,1784549249,1784551949,1784279675,1787075457,1,17069263,34
P325_SYNTH_EVENT_005_20260720,2026-07-20T17:52:29+05:30,synthetic_calendar_rbi_policy_like,BHARTIARTL,raw_synthetic_l2_dense_full_year\trade_month=2026-07\symbol=BHARTIARTL\part-00000.parquet,2026-07,900,1800,1784549249,1784551949,1784279675,1787078457,1,17055379,34
P325_SYNTH_EVENT_005_20260720,2026-07-20T17:52:29+05:30,synthetic_calendar_rbi_policy_like,BPCL,raw_synthetic_l2_dense_full_year\trade_month=2026-07\symbol=BPCL\part-00000.parquet,2026-07,900,1800,1784549249,1784551949,1784279475,1787088457,1,17061330,34
P325_SYNTH_EVENT_005_20260720,2026-07-20T17:52:29+05:30,synthetic_calendar_rbi_policy_like,BRITANNIA,raw_synthetic_l2_dense_full_year\trade_month=2026-07\symbol=BRITANNIA\part-00000.parquet,2026-07,900,1800,1784549249,1784551949,1784279675,1787073457,1,17025628,34
P325_SYNTH_EVENT_005_20260720,2026-07-20T17:52:29+05:30,synthetic_calendar_rbi_policy_like,CIPLA,raw_synthetic_l2_dense_full_year\trade_month=2026-07\symbol=CIPLA\part-00000.parquet,2026-07,900,1800,1784549249,1784551949,1784279675,1787074457,1,17045462,34
P325_SYNTH_EVENT_005_20260720,2026-07-20T17:52:29+05:30,synthetic_calendar_rbi_policy_like,DRREDDY,raw_synthetic_l2_dense_full_year\trade_month=2026-07\symbol=DRREDDY\part-00000.parquet,2026-07,900,1800,1784549249,1784551949,1784279675,1787077457,1,17041496,34
P325_SYNTH_EVENT_005_20260720,2026-07-20T17:52:29+05:30,synthetic_calendar_rbi_policy_like,GOLDBEES,raw_synthetic_l2_dense_full_year\trade_month=2026-07\symbol=GOLDBEES\part-00000.parquet,2026-07,900,1800,1784549249,1784551949,1784279675,1787069207,1,17059346,34
P325_SYNTH_EVENT_005_20260720,2026-07-20T17:52:29+05:30,synthetic_calendar_rbi_policy_like,HCLTECH,raw_synthetic_l2_dense_full_year\trade_month=2026-07\symbol=HCLTECH\part-00000.parquet,2026-07,900,1800,1784549249,1784551949,1784279675,1787090457,1,17033562,34
P325_SYNTH_EVENT_005_20260720,2026-07-20T17:52:29+05:30,synthetic_calendar_rbi_policy_like,HDFCBANK,raw_synthetic_l2_dense_full_year\trade_month=2026-07\symbol=HDFCBANK\part-00000.parquet,2026-07,900,1800,1784549249,1784551949,1784279475,1787070457,1,17031579,34
P325_SYNTH_EVENT_005_20260720,2026-07-20T17:52:29+05:30,synthetic_calendar_rbi_policy_like,HINDUNILVR,raw_synthetic_l2_dense_full_year\trade_month=2026-07\symbol=HINDUNILVR\part-00000.parquet,2026-07,900,1800,1784549249,1784551949,1784279675,1787071207,1,17051413,34
P325_SYNTH_EVENT_005_20260720,2026-07-20T17:52:29+05:30,synthetic_calendar_rbi_policy_like,ICICIBANK,raw_synthetic_l2_dense_full_year\trade_month=2026-07\symbol=ICICIBANK\part-00000.parquet,2026-07,900,1800,1784549249,1784551949,1784279675,1787089457,1,17037529,34
P325_SYNTH_EVENT_005_20260720,2026-07-20T17:52:29+05:30,synthetic_calendar_rbi_policy_like,INFY,raw_synthetic_l2_dense_full_year\trade_month=2026-07\symbol=INFY\part-00000.parquet,2026-07,900,1800,1784549249,1784551949,1784279675,1787082957,1,17053396,34
P325_SYNTH_EVENT_005_20260720,2026-07-20T17:52:29+05:30,synthetic_calendar_rbi_policy_like,ITBEES,raw_synthetic_l2_dense_full_year\trade_month=2026-07\symbol=ITBEES\part-00000.parquet,2026-07,900,1800,1784549249,1784551949,1784279475,1787074457,1,17055379,34
P325_SYNTH_EVENT_005_20260720,2026-07-20T17:52:29+05:30,synthetic_calendar_rbi_policy_like,ITC,raw_synthetic_l2_dense_full_year\trade_month=2026-07\symbol=ITC\part-00000.parquet,2026-07,900,1800,1784549249,1784551949,1784279675,1787080457,1,17031579,34
P325_SYNTH_EVENT_005_20260720,2026-07-20T17:52:29+05:30,synthetic_calendar_rbi_policy_like,JUNIORBEES,raw_synthetic_l2_dense_full_year\trade_month=2026-07\symbol=JUNIORBEES\part-00000.parquet,2026-07,900,1800,1784549249,1784551949,1784279475,1787081457,1,17073230,34
P325_SYNTH_EVENT_005_20260720,2026-07-20T17:52:29+05:30,synthetic_calendar_rbi_policy_like,KOTAKBANK,raw_synthetic_l2_dense_full_year\trade_month=2026-07\symbol=KOTAKBANK\part-00000.parquet,2026-07,900,1800,1784549249,1784551949,1784279675,1787068957,1,17039512,34
P325_SYNTH_EVENT_005_20260720,2026-07-20T17:52:29+05:30,synthetic_calendar_rbi_policy_like,LT,raw_synthetic_l2_dense_full_year\trade_month=2026-07\symbol=LT\part-00000.parquet,2026-07,900,1800,1784549249,1784551949,1784279475,1787081457,1,17027612,34
P325_SYNTH_EVENT_005_20260720,2026-07-20T17:52:29+05:30,synthetic_calendar_rbi_policy_like,M&M,raw_synthetic_l2_dense_full_year\trade_month=2026-07\symbol=M&M\part-00000.parquet,2026-07,900,1800,1784549249,1784551949,1784279475,1787086457,1,17051413,34
P325_SYNTH_EVENT_005_20260720,2026-07-20T17:52:29+05:30,synthetic_calendar_rbi_policy_like,MARUTI,raw_synthetic_l2_dense_full_year\trade_month=2026-07\symbol=MARUTI\part-00000.parquet,2026-07,900,1800,1784549249,1784551949,1784279249,1787074957,1,17053396,34
P325_SYNTH_EVENT_005_20260720,2026-07-20T17:52:29+05:30,synthetic_calendar_rbi_policy_like,NESTLEIND,raw_synthetic_l2_dense_full_year\trade_month=2026-07\symbol=NESTLEIND\part-00000.parquet,2026-07,900,1800,1784549249,1784551949,1784279475,1787078957,1,17079180,34
P325_SYNTH_EVENT_005_20260720,2026-07-20T17:52:29+05:30,synthetic_calendar_rbi_policy_like,NIFTYBEES,raw_synthetic_l2_dense_full_year\trade_month=2026-07\symbol=NIFTYBEES\part-00000.parquet,2026-07,900,1800,1784549249,1784551949,1784279475,1787083957,1,17057363,34
P325_SYNTH_EVENT_005_20260720,2026-07-20T17:52:29+05:30,synthetic_calendar_rbi_policy_like,ONGC,raw_synthetic_l2_dense_full_year\trade_month=2026-07\symbol=ONGC\part-00000.parquet,2026-07,900,1800,1784549249,1784551949,1784279675,1787084457,1,17039512,34
P325_SYNTH_EVENT_005_20260720,2026-07-20T17:52:29+05:30,synthetic_calendar_rbi_policy_like,RELIANCE,raw_synthetic_l2_dense_full_year\trade_month=2026-07\symbol=RELIANCE\part-00000.parquet,2026-07,900,1800,1784549249,1784551949,1784279675,1787074678,1,17037529,34
P325_SYNTH_EVENT_005_20260720,2026-07-20T17:52:29+05:30,synthetic_calendar_rbi_policy_like,SBIN,raw_synthetic_l2_dense_full_year\trade_month=2026-07\symbol=SBIN\part-00000.parquet,2026-07,900,1800,1784549249,1784551949,1784279675,1787085957,1,17071247,34
P325_SYNTH_EVENT_005_20260720,2026-07-20T17:52:29+05:30,synthetic_calendar_rbi_policy_like,SUNPHARMA,raw_synthetic_l2_dense_full_year\trade_month=2026-07\symbol=SUNPHARMA\part-00000.parquet,2026-07,900,1800,1784549249,1784551949,1784279675,1787073457,1,17057363,34
P325_SYNTH_EVENT_005_20260720,2026-07-20T17:52:29+05:30,synthetic_calendar_rbi_policy_like,TCS,raw_synthetic_l2_dense_full_year\trade_month=2026-07\symbol=TCS\part-00000.parquet,2026-07,900,1800,1784549249,1784551949,1784279675,1787099957,1,17033562,34
P325_SYNTH_EVENT_005_20260720,2026-07-20T17:52:29+05:30,synthetic_calendar_rbi_policy_like,TECHM,raw_synthetic_l2_dense_full_year\trade_month=2026-07\symbol=TECHM\part-00000.parquet,2026-07,900,1800,1784549249,1784551949,1784279675,1787090457,1,17037529,34
P325_SYNTH_EVENT_005_20260720,2026-07-20T17:52:29+05:30,synthetic_calendar_rbi_policy_like,ULTRACEMCO,raw_synthetic_l2_dense_full_year\trade_month=2026-07\symbol=ULTRACEMCO\part-00000.parquet,2026-07,900,1800,1784549249,1784551949,1784279675,1787070207,1,17047446,34
P325_SYNTH_EVENT_005_20260720,2026-07-20T17:52:29+05:30,synthetic_calendar_rbi_policy_like,WIPRO,raw_synthetic_l2_dense_full_year\trade_month=2026-07\symbol=WIPRO\part-00000.parquet,2026-07,900,1800,1784549249,1784551949,1784279675,1787074457,1,17043479,34
P325_SYNTH_EVENT_006_20260721,2026-07-21T20:07:29+05:30,synthetic_calendar_rbi_policy_like,ADANIPORTS,raw_synthetic_l2_dense_full_year\trade_month=2026-07\symbol=ADANIPORTS\part-00000.parquet,2026-07,900,1800,1784643749,1784646449,1784279563,1787080207,1,17059346,34
P325_SYNTH_EVENT_006_20260721,2026-07-21T20:07:29+05:30,synthetic_calendar_rbi_policy_like,AXISBANK,raw_synthetic_l2_dense_full_year\trade_month=2026-07\symbol=AXISBANK\part-00000.parquet,2026-07,900,1800,1784643749,1784646449,1784279675,1787071457,1,17059346,34
P325_SYNTH_EVENT_006_20260721,2026-07-21T20:07:29+05:30,synthetic_calendar_rbi_policy_like,BAJAJ-AUTO,raw_synthetic_l2_dense_full_year\trade_month=2026-07\symbol=BAJAJ-AUTO\part-00000.parquet,2026-07,900,1800,1784643749,1784646449,1784279475,1787076957,1,17041496,34
P325_SYNTH_EVENT_006_20260721,2026-07-21T20:07:29+05:30,synthetic_calendar_rbi_policy_like,BANKBEES,raw_synthetic_l2_dense_full_year\trade_month=2026-07\symbol=BANKBEES\part-00000.parquet,2026-07,900,1800,1784643749,1784646449,1784279675,1787075457,1,17069263,34
P325_SYNTH_EVENT_006_20260721,2026-07-21T20:07:29+05:30,synthetic_calendar_rbi_policy_like,BHARTIARTL,raw_synthetic_l2_dense_full_year\trade_month=2026-07\symbol=BHARTIARTL\part-00000.parquet,2026-07,900,1800,1784643749,1784646449,1784279675,1787078457,1,17055379,34
P325_SYNTH_EVENT_006_20260721,2026-07-21T20:07:29+05:30,synthetic_calendar_rbi_policy_like,BPCL,raw_synthetic_l2_dense_full_year\trade_month=2026-07\symbol=BPCL\part-00000.parquet,2026-07,900,1800,1784643749,1784646449,1784279475,1787088457,1,17061330,34
P325_SYNTH_EVENT_006_20260721,2026-07-21T20:07:29+05:30,synthetic_calendar_rbi_policy_like,BRITANNIA,raw_synthetic_l2_dense_full_year\trade_month=2026-07\symbol=BRITANNIA\part-00000.parquet,2026-07,900,1800,1784643749,1784646449,1784279675,1787073457,1,17025628,34
P325_SYNTH_EVENT_006_20260721,2026-07-21T20:07:29+05:30,synthetic_calendar_rbi_policy_like,CIPLA,raw_synthetic_l2_dense_full_year\trade_month=2026-07\symbol=CIPLA\part-00000.parquet,2026-07,900,1800,1784643749,1784646449,1784279675,1787074457,1,17045462,34
P325_SYNTH_EVENT_006_20260721,2026-07-21T20:07:29+05:30,synthetic_calendar_rbi_policy_like,DRREDDY,raw_synthetic_l2_dense_full_year\trade_month=2026-07\symbol=DRREDDY\part-00000.parquet,2026-07,900,1800,1784643749,1784646449,1784279675,1787077457,1,17041496,34
P325_SYNTH_EVENT_006_20260721,2026-07-21T20:07:29+05:30,synthetic_calendar_rbi_policy_like,GOLDBEES,raw_synthetic_l2_dense_full_year\trade_month=2026-07\symbol=GOLDBEES\part-00000.parquet,2026-07,900,1800,1784643749,1784646449,1784279675,1787069207,1,17059346,34
P325_SYNTH_EVENT_006_20260721,2026-07-21T20:07:29+05:30,synthetic_calendar_rbi_policy_like,HCLTECH,raw_synthetic_l2_dense_full_year\trade_month=2026-07\symbol=HCLTECH\part-00000.parquet,2026-07,900,1800,1784643749,1784646449,1784279675,1787090457,1,17033562,34
P325_SYNTH_EVENT_006_20260721,2026-07-21T20:07:29+05:30,synthetic_calendar_rbi_policy_like,HDFCBANK,raw_synthetic_l2_dense_full_year\trade_month=2026-07\symbol=HDFCBANK\part-00000.parquet,2026-07,900,1800,1784643749,1784646449,1784279475,1787070457,1,17031579,34
P325_SYNTH_EVENT_006_20260721,2026-07-21T20:07:29+05:30,synthetic_calendar_rbi_policy_like,HINDUNILVR,raw_synthetic_l2_dense_full_year\trade_month=2026-07\symbol=HINDUNILVR\part-00000.parquet,2026-07,900,1800,1784643749,1784646449,1784279675,1787071207,1,17051413,34
P325_SYNTH_EVENT_006_20260721,2026-07-21T20:07:29+05:30,synthetic_calendar_rbi_policy_like,ICICIBANK,raw_synthetic_l2_dense_full_year\trade_month=2026-07\symbol=ICICIBANK\part-00000.parquet,2026-07,900,1800,1784643749,1784646449,1784279675,1787089457,1,17037529,34
P325_SYNTH_EVENT_006_20260721,2026-07-21T20:07:29+05:30,synthetic_calendar_rbi_policy_like,INFY,raw_synthetic_l2_dense_full_year\trade_month=2026-07\symbol=INFY\part-00000.parquet,2026-07,900,1800,1784643749,1784646449,1784279675,1787082957,1,17053396,34
P325_SYNTH_EVENT_006_20260721,2026-07-21T20:07:29+05:30,synthetic_calendar_rbi_policy_like,ITBEES,raw_synthetic_l2_dense_full_year\trade_month=2026-07\symbol=ITBEES\part-00000.parquet,2026-07,900,1800,1784643749,1784646449,1784279475,1787074457,1,17055379,34
P325_SYNTH_EVENT_006_20260721,2026-07-21T20:07:29+05:30,synthetic_calendar_rbi_policy_like,ITC,raw_synthetic_l2_dense_full_year\trade_month=2026-07\symbol=ITC\part-00000.parquet,2026-07,900,1800,1784643749,1784646449,1784279675,1787080457,1,17031579,34
P325_SYNTH_EVENT_006_20260721,2026-07-21T20:07:29+05:30,synthetic_calendar_rbi_policy_like,JUNIORBEES,raw_synthetic_l2_dense_full_year\trade_month=2026-07\symbol=JUNIORBEES\part-00000.parquet,2026-07,900,1800,1784643749,1784646449,1784279475,1787081457,1,17073230,34
P325_SYNTH_EVENT_006_20260721,2026-07-21T20:07:29+05:30,synthetic_calendar_rbi_policy_like,KOTAKBANK,raw_synthetic_l2_dense_full_year\trade_month=2026-07\symbol=KOTAKBANK\part-00000.parquet,2026-07,900,1800,1784643749,1784646449,1784279675,1787068957,1,17039512,34
P325_SYNTH_EVENT_006_20260721,2026-07-21T20:07:29+05:30,synthetic_calendar_rbi_policy_like,LT,raw_synthetic_l2_dense_full_year\trade_month=2026-07\symbol=LT\part-00000.parquet,2026-07,900,1800,1784643749,1784646449,1784279475,1787081457,1,17027612,34
P325_SYNTH_EVENT_006_20260721,2026-07-21T20:07:29+05:30,synthetic_calendar_rbi_policy_like,M&M,raw_synthetic_l2_dense_full_year\trade_month=2026-07\symbol=M&M\part-00000.parquet,2026-07,900,1800,1784643749,1784646449,1784279475,1787086457,1,17051413,34
P325_SYNTH_EVENT_006_20260721,2026-07-21T20:07:29+05:30,synthetic_calendar_rbi_policy_like,MARUTI,raw_synthetic_l2_dense_full_year\trade_month=2026-07\symbol=MARUTI\part-00000.parquet,2026-07,900,1800,1784643749,1784646449,1784279249,1787074957,1,17053396,34
P325_SYNTH_EVENT_006_20260721,2026-07-21T20:07:29+05:30,synthetic_calendar_rbi_policy_like,NESTLEIND,raw_synthetic_l2_dense_full_year\trade_month=2026-07\symbol=NESTLEIND\part-00000.parquet,2026-07,900,1800,1784643749,1784646449,1784279475,1787078957,1,17079180,34
P325_SYNTH_EVENT_006_20260721,2026-07-21T20:07:29+05:30,synthetic_calendar_rbi_policy_like,NIFTYBEES,raw_synthetic_l2_dense_full_year\trade_month=2026-07\symbol=NIFTYBEES\part-00000.parquet,2026-07,900,1800,1784643749,1784646449,1784279475,1787083957,1,17057363,34
P325_SYNTH_EVENT_006_20260721,2026-07-21T20:07:29+05:30,synthetic_calendar_rbi_policy_like,ONGC,raw_synthetic_l2_dense_full_year\trade_month=2026-07\symbol=ONGC\part-00000.parquet,2026-07,900,1800,1784643749,1784646449,1784279675,1787084457,1,17039512,34
P325_SYNTH_EVENT_006_20260721,2026-07-21T20:07:29+05:30,synthetic_calendar_rbi_policy_like,RELIANCE,raw_synthetic_l2_dense_full_year\trade_month=2026-07\symbol=RELIANCE\part-00000.parquet,2026-07,900,1800,1784643749,1784646449,1784279675,1787074678,1,17037529,34
P325_SYNTH_EVENT_006_20260721,2026-07-21T20:07:29+05:30,synthetic_calendar_rbi_policy_like,SBIN,raw_synthetic_l2_dense_full_year\trade_month=2026-07\symbol=SBIN\part-00000.parquet,2026-07,900,1800,1784643749,1784646449,1784279675,1787085957,1,17071247,34
P325_SYNTH_EVENT_006_20260721,2026-07-21T20:07:29+05:30,synthetic_calendar_rbi_policy_like,SUNPHARMA,raw_synthetic_l2_dense_full_year\trade_month=2026-07\symbol=SUNPHARMA\part-00000.parquet,2026-07,900,1800,1784643749,1784646449,1784279675,1787073457,1,17057363,34
P325_SYNTH_EVENT_006_20260721,2026-07-21T20:07:29+05:30,synthetic_calendar_rbi_policy_like,TCS,raw_synthetic_l2_dense_full_year\trade_month=2026-07\symbol=TCS\part-00000.parquet,2026-07,900,1800,1784643749,1784646449,1784279675,1787099957,1,17033562,34
P325_SYNTH_EVENT_006_20260721,2026-07-21T20:07:29+05:30,synthetic_calendar_rbi_policy_like,TECHM,raw_synthetic_l2_dense_full_year\trade_month=2026-07\symbol=TECHM\part-00000.parquet,2026-07,900,1800,1784643749,1784646449,1784279675,1787090457,1,17037529,34
P325_SYNTH_EVENT_006_20260721,2026-07-21T20:07:29+05:30,synthetic_calendar_rbi_policy_like,ULTRACEMCO,raw_synthetic_l2_dense_full_year\trade_month=2026-07\symbol=ULTRACEMCO\part-00000.parquet,2026-07,900,1800,1784643749,1784646449,1784279675,1787070207,1,17047446,34
P325_SYNTH_EVENT_006_20260721,2026-07-21T20:07:29+05:30,synthetic_calendar_rbi_policy_like,WIPRO,raw_synthetic_l2_dense_full_year\trade_month=2026-07\symbol=WIPRO\part-00000.parquet,2026-07,900,1800,1784643749,1784646449,1784279675,1787074457,1,17043479,34
P325_SYNTH_EVENT_007_20260722,2026-07-22T17:52:29+05:30,synthetic_calendar_rbi_policy_like,ADANIPORTS,raw_synthetic_l2_dense_full_year\trade_month=2026-07\symbol=ADANIPORTS\part-00000.parquet,2026-07,900,1800,1784722049,1784724749,1784279563,1787080207,1,17059346,34
P325_SYNTH_EVENT_007_20260722,2026-07-22T17:52:29+05:30,synthetic_calendar_rbi_policy_like,AXISBANK,raw_synthetic_l2_dense_full_year\trade_month=2026-07\symbol=AXISBANK\part-00000.parquet,2026-07,900,1800,1784722049,1784724749,1784279675,1787071457,1,17059346,34
P325_SYNTH_EVENT_007_20260722,2026-07-22T17:52:29+05:30,synthetic_calendar_rbi_policy_like,BAJAJ-AUTO,raw_synthetic_l2_dense_full_year\trade_month=2026-07\symbol=BAJAJ-AUTO\part-00000.parquet,2026-07,900,1800,1784722049,1784724749,1784279475,1787076957,1,17041496,34
P325_SYNTH_EVENT_007_20260722,2026-07-22T17:52:29+05:30,synthetic_calendar_rbi_policy_like,BANKBEES,raw_synthetic_l2_dense_full_year\trade_month=2026-07\symbol=BANKBEES\part-00000.parquet,2026-07,900,1800,1784722049,1784724749,1784279675,1787075457,1,17069263,34
P325_SYNTH_EVENT_007_20260722,2026-07-22T17:52:29+05:30,synthetic_calendar_rbi_policy_like,BHARTIARTL,raw_synthetic_l2_dense_full_year\trade_month=2026-07\symbol=BHARTIARTL\part-00000.parquet,2026-07,900,1800,1784722049,1784724749,1784279675,1787078457,1,17055379,34
P325_SYNTH_EVENT_007_20260722,2026-07-22T17:52:29+05:30,synthetic_calendar_rbi_policy_like,BPCL,raw_synthetic_l2_dense_full_year\trade_month=2026-07\symbol=BPCL\part-00000.parquet,2026-07,900,1800,1784722049,1784724749,1784279475,1787088457,1,17061330,34
P325_SYNTH_EVENT_007_20260722,2026-07-22T17:52:29+05:30,synthetic_calendar_rbi_policy_like,BRITANNIA,raw_synthetic_l2_dense_full_year\trade_month=2026-07\symbol=BRITANNIA\part-00000.parquet,2026-07,900,1800,1784722049,1784724749,1784279675,1787073457,1,17025628,34
P325_SYNTH_EVENT_007_20260722,2026-07-22T17:52:29+05:30,synthetic_calendar_rbi_policy_like,CIPLA,raw_synthetic_l2_dense_full_year\trade_month=2026-07\symbol=CIPLA\part-00000.parquet,2026-07,900,1800,1784722049,1784724749,1784279675,1787074457,1,17045462,34
P325_SYNTH_EVENT_007_20260722,2026-07-22T17:52:29+05:30,synthetic_calendar_rbi_policy_like,DRREDDY,raw_synthetic_l2_dense_full_year\trade_month=2026-07\symbol=DRREDDY\part-00000.parquet,2026-07,900,1800,1784722049,1784724749,1784279675,1787077457,1,17041496,34
P325_SYNTH_EVENT_007_20260722,2026-07-22T17:52:29+05:30,synthetic_calendar_rbi_policy_like,GOLDBEES,raw_synthetic_l2_dense_full_year\trade_month=2026-07\symbol=GOLDBEES\part-00000.parquet,2026-07,900,1800,1784722049,1784724749,1784279675,1787069207,1,17059346,34
P325_SYNTH_EVENT_007_20260722,2026-07-22T17:52:29+05:30,synthetic_calendar_rbi_policy_like,HCLTECH,raw_synthetic_l2_dense_full_year\trade_month=2026-07\symbol=HCLTECH\part-00000.parquet,2026-07,900,1800,1784722049,1784724749,1784279675,1787090457,1,17033562,34
P325_SYNTH_EVENT_007_20260722,2026-07-22T17:52:29+05:30,synthetic_calendar_rbi_policy_like,HDFCBANK,raw_synthetic_l2_dense_full_year\trade_month=2026-07\symbol=HDFCBANK\part-00000.parquet,2026-07,900,1800,1784722049,1784724749,1784279475,1787070457,1,17031579,34
P325_SYNTH_EVENT_007_20260722,2026-07-22T17:52:29+05:30,synthetic_calendar_rbi_policy_like,HINDUNILVR,raw_synthetic_l2_dense_full_year\trade_month=2026-07\symbol=HINDUNILVR\part-00000.parquet,2026-07,900,1800,1784722049,1784724749,1784279675,1787071207,1,17051413,34
P325_SYNTH_EVENT_007_20260722,2026-07-22T17:52:29+05:30,synthetic_calendar_rbi_policy_like,ICICIBANK,raw_synthetic_l2_dense_full_year\trade_month=2026-07\symbol=ICICIBANK\part-00000.parquet,2026-07,900,1800,1784722049,1784724749,1784279675,1787089457,1,17037529,34
P325_SYNTH_EVENT_007_20260722,2026-07-22T17:52:29+05:30,synthetic_calendar_rbi_policy_like,INFY,raw_synthetic_l2_dense_full_year\trade_month=2026-07\symbol=INFY\part-00000.parquet,2026-07,900,1800,1784722049,1784724749,1784279675,1787082957,1,17053396,34
P325_SYNTH_EVENT_007_20260722,2026-07-22T17:52:29+05:30,synthetic_calendar_rbi_policy_like,ITBEES,raw_synthetic_l2_dense_full_year\trade_month=2026-07\symbol=ITBEES\part-00000.parquet,2026-07,900,1800,1784722049,1784724749,1784279475,1787074457,1,17055379,34
P325_SYNTH_EVENT_007_20260722,2026-07-22T17:52:29+05:30,synthetic_calendar_rbi_policy_like,ITC,raw_synthetic_l2_dense_full_year\trade_month=2026-07\symbol=ITC\part-00000.parquet,2026-07,900,1800,1784722049,1784724749,1784279675,1787080457,1,17031579,34
P325_SYNTH_EVENT_007_20260722,2026-07-22T17:52:29+05:30,synthetic_calendar_rbi_policy_like,JUNIORBEES,raw_synthetic_l2_dense_full_year\trade_month=2026-07\symbol=JUNIORBEES\part-00000.parquet,2026-07,900,1800,1784722049,1784724749,1784279475,1787081457,1,17073230,34
P325_SYNTH_EVENT_007_20260722,2026-07-22T17:52:29+05:30,synthetic_calendar_rbi_policy_like,KOTAKBANK,raw_synthetic_l2_dense_full_year\trade_month=2026-07\symbol=KOTAKBANK\part-00000.parquet,2026-07,900,1800,1784722049,1784724749,1784279675,1787068957,1,17039512,34
P325_SYNTH_EVENT_007_20260722,2026-07-22T17:52:29+05:30,synthetic_calendar_rbi_policy_like,LT,raw_synthetic_l2_dense_full_year\trade_month=2026-07\symbol=LT\part-00000.parquet,2026-07,900,1800,1784722049,1784724749,1784279475,1787081457,1,17027612,34
P325_SYNTH_EVENT_007_20260722,2026-07-22T17:52:29+05:30,synthetic_calendar_rbi_policy_like,M&M,raw_synthetic_l2_dense_full_year\trade_month=2026-07\symbol=M&M\part-00000.parquet,2026-07,900,1800,1784722049,1784724749,1784279475,1787086457,1,17051413,34
P325_SYNTH_EVENT_007_20260722,2026-07-22T17:52:29+05:30,synthetic_calendar_rbi_policy_like,MARUTI,raw_synthetic_l2_dense_full_year\trade_month=2026-07\symbol=MARUTI\part-00000.parquet,2026-07,900,1800,1784722049,1784724749,1784279249,1787074957,1,17053396,34
P325_SYNTH_EVENT_007_20260722,2026-07-22T17:52:29+05:30,synthetic_calendar_rbi_policy_like,NESTLEIND,raw_synthetic_l2_dense_full_year\trade_month=2026-07\symbol=NESTLEIND\part-00000.parquet,2026-07,900,1800,1784722049,1784724749,1784279475,1787078957,1,17079180,34
P325_SYNTH_EVENT_007_20260722,2026-07-22T17:52:29+05:30,synthetic_calendar_rbi_policy_like,NIFTYBEES,raw_synthetic_l2_dense_full_year\trade_month=2026-07\symbol=NIFTYBEES\part-00000.parquet,2026-07,900,1800,1784722049,1784724749,1784279475,1787083957,1,17057363,34
P325_SYNTH_EVENT_007_20260722,2026-07-22T17:52:29+05:30,synthetic_calendar_rbi_policy_like,ONGC,raw_synthetic_l2_dense_full_year\trade_month=2026-07\symbol=ONGC\part-00000.parquet,2026-07,900,1800,1784722049,1784724749,1784279675,1787084457,1,17039512,34
P325_SYNTH_EVENT_007_20260722,2026-07-22T17:52:29+05:30,synthetic_calendar_rbi_policy_like,RELIANCE,raw_synthetic_l2_dense_full_year\trade_month=2026-07\symbol=RELIANCE\part-00000.parquet,2026-07,900,1800,1784722049,1784724749,1784279675,1787074678,1,17037529,34
P325_SYNTH_EVENT_007_20260722,2026-07-22T17:52:29+05:30,synthetic_calendar_rbi_policy_like,SBIN,raw_synthetic_l2_dense_full_year\trade_month=2026-07\symbol=SBIN\part-00000.parquet,2026-07,900,1800,1784722049,1784724749,1784279675,1787085957,1,17071247,34
P325_SYNTH_EVENT_007_20260722,2026-07-22T17:52:29+05:30,synthetic_calendar_rbi_policy_like,SUNPHARMA,raw_synthetic_l2_dense_full_year\trade_month=2026-07\symbol=SUNPHARMA\part-00000.parquet,2026-07,900,1800,1784722049,1784724749,1784279675,1787073457,1,17057363,34
P325_SYNTH_EVENT_007_20260722,2026-07-22T17:52:29+05:30,synthetic_calendar_rbi_policy_like,TCS,raw_synthetic_l2_dense_full_year\trade_month=2026-07\symbol=TCS\part-00000.parquet,2026-07,900,1800,1784722049,1784724749,1784279675,1787099957,1,17033562,34
P325_SYNTH_EVENT_007_20260722,2026-07-22T17:52:29+05:30,synthetic_calendar_rbi_policy_like,TECHM,raw_synthetic_l2_dense_full_year\trade_month=2026-07\symbol=TECHM\part-00000.parquet,2026-07,900,1800,1784722049,1784724749,1784279675,1787090457,1,17037529,34
P325_SYNTH_EVENT_007_20260722,2026-07-22T17:52:29+05:30,synthetic_calendar_rbi_policy_like,ULTRACEMCO,raw_synthetic_l2_dense_full_year\trade_month=2026-07\symbol=ULTRACEMCO\part-00000.parquet,2026-07,900,1800,1784722049,1784724749,1784279675,1787070207,1,17047446,34
P325_SYNTH_EVENT_007_20260722,2026-07-22T17:52:29+05:30,synthetic_calendar_rbi_policy_like,WIPRO,raw_synthetic_l2_dense_full_year\trade_month=2026-07\symbol=WIPRO\part-00000.parquet,2026-07,900,1800,1784722049,1784724749,1784279675,1787074457,1,17043479,34
P325_SYNTH_EVENT_008_20260723,2026-07-23T19:22:29+05:30,synthetic_calendar_rbi_policy_like,ADANIPORTS,raw_synthetic_l2_dense_full_year\trade_month=2026-07\symbol=ADANIPORTS\part-00000.parquet,2026-07,900,1800,1784813849,1784816549,1784279563,1787080207,1,17059346,34
P325_SYNTH_EVENT_008_20260723,2026-07-23T19:22:29+05:30,synthetic_calendar_rbi_policy_like,AXISBANK,raw_synthetic_l2_dense_full_year\trade_month=2026-07\symbol=AXISBANK\part-00000.parquet,2026-07,900,1800,1784813849,1784816549,1784279675,1787071457,1,17059346,34
P325_SYNTH_EVENT_008_20260723,2026-07-23T19:22:29+05:30,synthetic_calendar_rbi_policy_like,BAJAJ-AUTO,raw_synthetic_l2_dense_full_year\trade_month=2026-07\symbol=BAJAJ-AUTO\part-00000.parquet,2026-07,900,1800,1784813849,1784816549,1784279475,1787076957,1,17041496,34
P325_SYNTH_EVENT_008_20260723,2026-07-23T19:22:29+05:30,synthetic_calendar_rbi_policy_like,BANKBEES,raw_synthetic_l2_dense_full_year\trade_month=2026-07\symbol=BANKBEES\part-00000.parquet,2026-07,900,1800,1784813849,1784816549,1784279675,1787075457,1,17069263,34
P325_SYNTH_EVENT_008_20260723,2026-07-23T19:22:29+05:30,synthetic_calendar_rbi_policy_like,BHARTIARTL,raw_synthetic_l2_dense_full_year\trade_month=2026-07\symbol=BHARTIARTL\part-00000.parquet,2026-07,900,1800,1784813849,1784816549,1784279675,1787078457,1,17055379,34
P325_SYNTH_EVENT_008_20260723,2026-07-23T19:22:29+05:30,synthetic_calendar_rbi_policy_like,BPCL,raw_synthetic_l2_dense_full_year\trade_month=2026-07\symbol=BPCL\part-00000.parquet,2026-07,900,1800,1784813849,1784816549,1784279475,1787088457,1,17061330,34
P325_SYNTH_EVENT_008_20260723,2026-07-23T19:22:29+05:30,synthetic_calendar_rbi_policy_like,BRITANNIA,raw_synthetic_l2_dense_full_year\trade_month=2026-07\symbol=BRITANNIA\part-00000.parquet,2026-07,900,1800,1784813849,1784816549,1784279675,1787073457,1,17025628,34
P325_SYNTH_EVENT_008_20260723,2026-07-23T19:22:29+05:30,synthetic_calendar_rbi_policy_like,CIPLA,raw_synthetic_l2_dense_full_year\trade_month=2026-07\symbol=CIPLA\part-00000.parquet,2026-07,900,1800,1784813849,1784816549,1784279675,1787074457,1,17045462,34
P325_SYNTH_EVENT_008_20260723,2026-07-23T19:22:29+05:30,synthetic_calendar_rbi_policy_like,DRREDDY,raw_synthetic_l2_dense_full_year\trade_month=2026-07\symbol=DRREDDY\part-00000.parquet,2026-07,900,1800,1784813849,1784816549,1784279675,1787077457,1,17041496,34
P325_SYNTH_EVENT_008_20260723,2026-07-23T19:22:29+05:30,synthetic_calendar_rbi_policy_like,GOLDBEES,raw_synthetic_l2_dense_full_year\trade_month=2026-07\symbol=GOLDBEES\part-00000.parquet,2026-07,900,1800,1784813849,1784816549,1784279675,1787069207,1,17059346,34
P325_SYNTH_EVENT_008_20260723,2026-07-23T19:22:29+05:30,synthetic_calendar_rbi_policy_like,HCLTECH,raw_synthetic_l2_dense_full_year\trade_month=2026-07\symbol=HCLTECH\part-00000.parquet,2026-07,900,1800,1784813849,1784816549,1784279675,1787090457,1,17033562,34
P325_SYNTH_EVENT_008_20260723,2026-07-23T19:22:29+05:30,synthetic_calendar_rbi_policy_like,HDFCBANK,raw_synthetic_l2_dense_full_year\trade_month=2026-07\symbol=HDFCBANK\part-00000.parquet,2026-07,900,1800,1784813849,1784816549,1784279475,1787070457,1,17031579,34
P325_SYNTH_EVENT_008_20260723,2026-07-23T19:22:29+05:30,synthetic_calendar_rbi_policy_like,HINDUNILVR,raw_synthetic_l2_dense_full_year\trade_month=2026-07\symbol=HINDUNILVR\part-00000.parquet,2026-07,900,1800,1784813849,1784816549,1784279675,1787071207,1,17051413,34
P325_SYNTH_EVENT_008_20260723,2026-07-23T19:22:29+05:30,synthetic_calendar_rbi_policy_like,ICICIBANK,raw_synthetic_l2_dense_full_year\trade_month=2026-07\symbol=ICICIBANK\part-00000.parquet,2026-07,900,1800,1784813849,1784816549,1784279675,1787089457,1,17037529,34
P325_SYNTH_EVENT_008_20260723,2026-07-23T19:22:29+05:30,synthetic_calendar_rbi_policy_like,INFY,raw_synthetic_l2_dense_full_year\trade_month=2026-07\symbol=INFY\part-00000.parquet,2026-07,900,1800,1784813849,1784816549,1784279675,1787082957,1,17053396,34
P325_SYNTH_EVENT_008_20260723,2026-07-23T19:22:29+05:30,synthetic_calendar_rbi_policy_like,ITBEES,raw_synthetic_l2_dense_full_year\trade_month=2026-07\symbol=ITBEES\part-00000.parquet,2026-07,900,1800,1784813849,1784816549,1784279475,1787074457,1,17055379,34
P325_SYNTH_EVENT_008_20260723,2026-07-23T19:22:29+05:30,synthetic_calendar_rbi_policy_like,ITC,raw_synthetic_l2_dense_full_year\trade_month=2026-07\symbol=ITC\part-00000.parquet,2026-07,900,1800,1784813849,1784816549,1784279675,1787080457,1,17031579,34
P325_SYNTH_EVENT_008_20260723,2026-07-23T19:22:29+05:30,synthetic_calendar_rbi_policy_like,JUNIORBEES,raw_synthetic_l2_dense_full_year\trade_month=2026-07\symbol=JUNIORBEES\part-00000.parquet,2026-07,900,1800,1784813849,1784816549,1784279475,1787081457,1,17073230,34
P325_SYNTH_EVENT_008_20260723,2026-07-23T19:22:29+05:30,synthetic_calendar_rbi_policy_like,KOTAKBANK,raw_synthetic_l2_dense_full_year\trade_month=2026-07\symbol=KOTAKBANK\part-00000.parquet,2026-07,900,1800,1784813849,1784816549,1784279675,1787068957,1,17039512,34
P325_SYNTH_EVENT_008_20260723,2026-07-23T19:22:29+05:30,synthetic_calendar_rbi_policy_like,LT,raw_synthetic_l2_dense_full_year\trade_month=2026-07\symbol=LT\part-00000.parquet,2026-07,900,1800,1784813849,1784816549,1784279475,1787081457,1,17027612,34
P325_SYNTH_EVENT_008_20260723,2026-07-23T19:22:29+05:30,synthetic_calendar_rbi_policy_like,M&M,raw_synthetic_l2_dense_full_year\trade_month=2026-07\symbol=M&M\part-00000.parquet,2026-07,900,1800,1784813849,1784816549,1784279475,1787086457,1,17051413,34
P325_SYNTH_EVENT_008_20260723,2026-07-23T19:22:29+05:30,synthetic_calendar_rbi_policy_like,MARUTI,raw_synthetic_l2_dense_full_year\trade_month=2026-07\symbol=MARUTI\part-00000.parquet,2026-07,900,1800,1784813849,1784816549,1784279249,1787074957,1,17053396,34
P325_SYNTH_EVENT_008_20260723,2026-07-23T19:22:29+05:30,synthetic_calendar_rbi_policy_like,NESTLEIND,raw_synthetic_l2_dense_full_year\trade_month=2026-07\symbol=NESTLEIND\part-00000.parquet,2026-07,900,1800,1784813849,1784816549,1784279475,1787078957,1,17079180,34
P325_SYNTH_EVENT_008_20260723,2026-07-23T19:22:29+05:30,synthetic_calendar_rbi_policy_like,NIFTYBEES,raw_synthetic_l2_dense_full_year\trade_month=2026-07\symbol=NIFTYBEES\part-00000.parquet,2026-07,900,1800,1784813849,1784816549,1784279475,1787083957,1,17057363,34
P325_SYNTH_EVENT_008_20260723,2026-07-23T19:22:29+05:30,synthetic_calendar_rbi_policy_like,ONGC,raw_synthetic_l2_dense_full_year\trade_month=2026-07\symbol=ONGC\part-00000.parquet,2026-07,900,1800,1784813849,1784816549,1784279675,1787084457,1,17039512,34
P325_SYNTH_EVENT_008_20260723,2026-07-23T19:22:29+05:30,synthetic_calendar_rbi_policy_like,RELIANCE,raw_synthetic_l2_dense_full_year\trade_month=2026-07\symbol=RELIANCE\part-00000.parquet,2026-07,900,1800,1784813849,1784816549,1784279675,1787074678,1,17037529,34
P325_SYNTH_EVENT_008_20260723,2026-07-23T19:22:29+05:30,synthetic_calendar_rbi_policy_like,SBIN,raw_synthetic_l2_dense_full_year\trade_month=2026-07\symbol=SBIN\part-00000.parquet,2026-07,900,1800,1784813849,1784816549,1784279675,1787085957,1,17071247,34
P325_SYNTH_EVENT_008_20260723,2026-07-23T19:22:29+05:30,synthetic_calendar_rbi_policy_like,SUNPHARMA,raw_synthetic_l2_dense_full_year\trade_month=2026-07\symbol=SUNPHARMA\part-00000.parquet,2026-07,900,1800,1784813849,1784816549,1784279675,1787073457,1,17057363,34
P325_SYNTH_EVENT_008_20260723,2026-07-23T19:22:29+05:30,synthetic_calendar_rbi_policy_like,TCS,raw_synthetic_l2_dense_full_year\trade_month=2026-07\symbol=TCS\part-00000.parquet,2026-07,900,1800,1784813849,1784816549,1784279675,1787099957,1,17033562,34
P325_SYNTH_EVENT_008_20260723,2026-07-23T19:22:29+05:30,synthetic_calendar_rbi_policy_like,TECHM,raw_synthetic_l2_dense_full_year\trade_month=2026-07\symbol=TECHM\part-00000.parquet,2026-07,900,1800,1784813849,1784816549,1784279675,1787090457,1,17037529,34
P325_SYNTH_EVENT_008_20260723,2026-07-23T19:22:29+05:30,synthetic_calendar_rbi_policy_like,ULTRACEMCO,raw_synthetic_l2_dense_full_year\trade_month=2026-07\symbol=ULTRACEMCO\part-00000.parquet,2026-07,900,1800,1784813849,1784816549,1784279675,1787070207,1,17047446,34
P325_SYNTH_EVENT_008_20260723,2026-07-23T19:22:29+05:30,synthetic_calendar_rbi_policy_like,WIPRO,raw_synthetic_l2_dense_full_year\trade_month=2026-07\symbol=WIPRO\part-00000.parquet,2026-07,900,1800,1784813849,1784816549,1784279675,1787074457,1,17043479,34
P325_SYNTH_EVENT_009_20260724,2026-07-24T17:52:29+05:30,synthetic_calendar_rbi_policy_like,ADANIPORTS,raw_synthetic_l2_dense_full_year\trade_month=2026-07\symbol=ADANIPORTS\part-00000.parquet,2026-07,900,1800,1784894849,1784897549,1784279563,1787080207,1,17059346,34
P325_SYNTH_EVENT_009_20260724,2026-07-24T17:52:29+05:30,synthetic_calendar_rbi_policy_like,AXISBANK,raw_synthetic_l2_dense_full_year\trade_month=2026-07\symbol=AXISBANK\part-00000.parquet,2026-07,900,1800,1784894849,1784897549,1784279675,1787071457,1,17059346,34
P325_SYNTH_EVENT_009_20260724,2026-07-24T17:52:29+05:30,synthetic_calendar_rbi_policy_like,BAJAJ-AUTO,raw_synthetic_l2_dense_full_year\trade_month=2026-07\symbol=BAJAJ-AUTO\part-00000.parquet,2026-07,900,1800,1784894849,1784897549,1784279475,1787076957,1,17041496,34
P325_SYNTH_EVENT_009_20260724,2026-07-24T17:52:29+05:30,synthetic_calendar_rbi_policy_like,BANKBEES,raw_synthetic_l2_dense_full_year\trade_month=2026-07\symbol=BANKBEES\part-00000.parquet,2026-07,900,1800,1784894849,1784897549,1784279675,1787075457,1,17069263,34
P325_SYNTH_EVENT_009_20260724,2026-07-24T17:52:29+05:30,synthetic_calendar_rbi_policy_like,BHARTIARTL,raw_synthetic_l2_dense_full_year\trade_month=2026-07\symbol=BHARTIARTL\part-00000.parquet,2026-07,900,1800,1784894849,1784897549,1784279675,1787078457,1,17055379,34
P325_SYNTH_EVENT_009_20260724,2026-07-24T17:52:29+05:30,synthetic_calendar_rbi_policy_like,BPCL,raw_synthetic_l2_dense_full_year\trade_month=2026-07\symbol=BPCL\part-00000.parquet,2026-07,900,1800,1784894849,1784897549,1784279475,1787088457,1,17061330,34
P325_SYNTH_EVENT_009_20260724,2026-07-24T17:52:29+05:30,synthetic_calendar_rbi_policy_like,BRITANNIA,raw_synthetic_l2_dense_full_year\trade_month=2026-07\symbol=BRITANNIA\part-00000.parquet,2026-07,900,1800,1784894849,1784897549,1784279675,1787073457,1,17025628,34
P325_SYNTH_EVENT_009_20260724,2026-07-24T17:52:29+05:30,synthetic_calendar_rbi_policy_like,CIPLA,raw_synthetic_l2_dense_full_year\trade_month=2026-07\symbol=CIPLA\part-00000.parquet,2026-07,900,1800,1784894849,1784897549,1784279675,1787074457,1,17045462,34
P325_SYNTH_EVENT_009_20260724,2026-07-24T17:52:29+05:30,synthetic_calendar_rbi_policy_like,DRREDDY,raw_synthetic_l2_dense_full_year\trade_month=2026-07\symbol=DRREDDY\part-00000.parquet,2026-07,900,1800,1784894849,1784897549,1784279675,1787077457,1,17041496,34
P325_SYNTH_EVENT_009_20260724,2026-07-24T17:52:29+05:30,synthetic_calendar_rbi_policy_like,GOLDBEES,raw_synthetic_l2_dense_full_year\trade_month=2026-07\symbol=GOLDBEES\part-00000.parquet,2026-07,900,1800,1784894849,1784897549,1784279675,1787069207,1,17059346,34
P325_SYNTH_EVENT_009_20260724,2026-07-24T17:52:29+05:30,synthetic_calendar_rbi_policy_like,HCLTECH,raw_synthetic_l2_dense_full_year\trade_month=2026-07\symbol=HCLTECH\part-00000.parquet,2026-07,900,1800,1784894849,1784897549,1784279675,1787090457,1,17033562,34
P325_SYNTH_EVENT_009_20260724,2026-07-24T17:52:29+05:30,synthetic_calendar_rbi_policy_like,HDFCBANK,raw_synthetic_l2_dense_full_year\trade_month=2026-07\symbol=HDFCBANK\part-00000.parquet,2026-07,900,1800,1784894849,1784897549,1784279475,1787070457,1,17031579,34
P325_SYNTH_EVENT_009_20260724,2026-07-24T17:52:29+05:30,synthetic_calendar_rbi_policy_like,HINDUNILVR,raw_synthetic_l2_dense_full_year\trade_month=2026-07\symbol=HINDUNILVR\part-00000.parquet,2026-07,900,1800,1784894849,1784897549,1784279675,1787071207,1,17051413,34
P325_SYNTH_EVENT_009_20260724,2026-07-24T17:52:29+05:30,synthetic_calendar_rbi_policy_like,ICICIBANK,raw_synthetic_l2_dense_full_year\trade_month=2026-07\symbol=ICICIBANK\part-00000.parquet,2026-07,900,1800,1784894849,1784897549,1784279675,1787089457,1,17037529,34
P325_SYNTH_EVENT_009_20260724,2026-07-24T17:52:29+05:30,synthetic_calendar_rbi_policy_like,INFY,raw_synthetic_l2_dense_full_year\trade_month=2026-07\symbol=INFY\part-00000.parquet,2026-07,900,1800,1784894849,1784897549,1784279675,1787082957,1,17053396,34
P325_SYNTH_EVENT_009_20260724,2026-07-24T17:52:29+05:30,synthetic_calendar_rbi_policy_like,ITBEES,raw_synthetic_l2_dense_full_year\trade_month=2026-07\symbol=ITBEES\part-00000.parquet,2026-07,900,1800,1784894849,1784897549,1784279475,1787074457,1,17055379,34
P325_SYNTH_EVENT_009_20260724,2026-07-24T17:52:29+05:30,synthetic_calendar_rbi_policy_like,ITC,raw_synthetic_l2_dense_full_year\trade_month=2026-07\symbol=ITC\part-00000.parquet,2026-07,900,1800,1784894849,1784897549,1784279675,1787080457,1,17031579,34
P325_SYNTH_EVENT_009_20260724,2026-07-24T17:52:29+05:30,synthetic_calendar_rbi_policy_like,JUNIORBEES,raw_synthetic_l2_dense_full_year\trade_month=2026-07\symbol=JUNIORBEES\part-00000.parquet,2026-07,900,1800,1784894849,1784897549,1784279475,1787081457,1,17073230,34
P325_SYNTH_EVENT_009_20260724,2026-07-24T17:52:29+05:30,synthetic_calendar_rbi_policy_like,KOTAKBANK,raw_synthetic_l2_dense_full_year\trade_month=2026-07\symbol=KOTAKBANK\part-00000.parquet,2026-07,900,1800,1784894849,1784897549,1784279675,1787068957,1,17039512,34
P325_SYNTH_EVENT_009_20260724,2026-07-24T17:52:29+05:30,synthetic_calendar_rbi_policy_like,LT,raw_synthetic_l2_dense_full_year\trade_month=2026-07\symbol=LT\part-00000.parquet,2026-07,900,1800,1784894849,1784897549,1784279475,1787081457,1,17027612,34
P325_SYNTH_EVENT_009_20260724,2026-07-24T17:52:29+05:30,synthetic_calendar_rbi_policy_like,M&M,raw_synthetic_l2_dense_full_year\trade_month=2026-07\symbol=M&M\part-00000.parquet,2026-07,900,1800,1784894849,1784897549,1784279475,1787086457,1,17051413,34
P325_SYNTH_EVENT_009_20260724,2026-07-24T17:52:29+05:30,synthetic_calendar_rbi_policy_like,MARUTI,raw_synthetic_l2_dense_full_year\trade_month=2026-07\symbol=MARUTI\part-00000.parquet,2026-07,900,1800,1784894849,1784897549,1784279249,1787074957,1,17053396,34
P325_SYNTH_EVENT_009_20260724,2026-07-24T17:52:29+05:30,synthetic_calendar_rbi_policy_like,NESTLEIND,raw_synthetic_l2_dense_full_year\trade_month=2026-07\symbol=NESTLEIND\part-00000.parquet,2026-07,900,1800,1784894849,1784897549,1784279475,1787078957,1,17079180,34
P325_SYNTH_EVENT_009_20260724,2026-07-24T17:52:29+05:30,synthetic_calendar_rbi_policy_like,NIFTYBEES,raw_synthetic_l2_dense_full_year\trade_month=2026-07\symbol=NIFTYBEES\part-00000.parquet,2026-07,900,1800,1784894849,1784897549,1784279475,1787083957,1,17057363,34
P325_SYNTH_EVENT_009_20260724,2026-07-24T17:52:29+05:30,synthetic_calendar_rbi_policy_like,ONGC,raw_synthetic_l2_dense_full_year\trade_month=2026-07\symbol=ONGC\part-00000.parquet,2026-07,900,1800,1784894849,1784897549,1784279675,1787084457,1,17039512,34
P325_SYNTH_EVENT_009_20260724,2026-07-24T17:52:29+05:30,synthetic_calendar_rbi_policy_like,RELIANCE,raw_synthetic_l2_dense_full_year\trade_month=2026-07\symbol=RELIANCE\part-00000.parquet,2026-07,900,1800,1784894849,1784897549,1784279675,1787074678,1,17037529,34
P325_SYNTH_EVENT_009_20260724,2026-07-24T17:52:29+05:30,synthetic_calendar_rbi_policy_like,SBIN,raw_synthetic_l2_dense_full_year\trade_month=2026-07\symbol=SBIN\part-00000.parquet,2026-07,900,1800,1784894849,1784897549,1784279675,1787085957,1,17071247,34
P325_SYNTH_EVENT_009_20260724,2026-07-24T17:52:29+05:30,synthetic_calendar_rbi_policy_like,SUNPHARMA,raw_synthetic_l2_dense_full_year\trade_month=2026-07\symbol=SUNPHARMA\part-00000.parquet,2026-07,900,1800,1784894849,1784897549,1784279675,1787073457,1,17057363,34
P325_SYNTH_EVENT_009_20260724,2026-07-24T17:52:29+05:30,synthetic_calendar_rbi_policy_like,TCS,raw_synthetic_l2_dense_full_year\trade_month=2026-07\symbol=TCS\part-00000.parquet,2026-07,900,1800,1784894849,1784897549,1784279675,1787099957,1,17033562,34
P325_SYNTH_EVENT_009_20260724,2026-07-24T17:52:29+05:30,synthetic_calendar_rbi_policy_like,TECHM,raw_synthetic_l2_dense_full_year\trade_month=2026-07\symbol=TECHM\part-00000.parquet,2026-07,900,1800,1784894849,1784897549,1784279675,1787090457,1,17037529,34
P325_SYNTH_EVENT_009_20260724,2026-07-24T17:52:29+05:30,synthetic_calendar_rbi_policy_like,ULTRACEMCO,raw_synthetic_l2_dense_full_year\trade_month=2026-07\symbol=ULTRACEMCO\part-00000.parquet,2026-07,900,1800,1784894849,1784897549,1784279675,1787070207,1,17047446,34
P325_SYNTH_EVENT_009_20260724,2026-07-24T17:52:29+05:30,synthetic_calendar_rbi_policy_like,WIPRO,raw_synthetic_l2_dense_full_year\trade_month=2026-07\symbol=WIPRO\part-00000.parquet,2026-07,900,1800,1784894849,1784897549,1784279675,1787074457,1,17043479,34
P325_SYNTH_EVENT_010_20260727,2026-07-27T20:07:29+05:30,synthetic_calendar_rbi_policy_like,ADANIPORTS,raw_synthetic_l2_dense_full_year\trade_month=2026-07\symbol=ADANIPORTS\part-00000.parquet,2026-07,900,1800,1785162149,1785164849,1784279563,1787080207,1,17059346,34
P325_SYNTH_EVENT_010_20260727,2026-07-27T20:07:29+05:30,synthetic_calendar_rbi_policy_like,AXISBANK,raw_synthetic_l2_dense_full_year\trade_month=2026-07\symbol=AXISBANK\part-00000.parquet,2026-07,900,1800,1785162149,1785164849,1784279675,1787071457,1,17059346,34
P325_SYNTH_EVENT_010_20260727,2026-07-27T20:07:29+05:30,synthetic_calendar_rbi_policy_like,BAJAJ-AUTO,raw_synthetic_l2_dense_full_year\trade_month=2026-07\symbol=BAJAJ-AUTO\part-00000.parquet,2026-07,900,1800,1785162149,1785164849,1784279475,1787076957,1,17041496,34
P325_SYNTH_EVENT_010_20260727,2026-07-27T20:07:29+05:30,synthetic_calendar_rbi_policy_like,BANKBEES,raw_synthetic_l2_dense_full_year\trade_month=2026-07\symbol=BANKBEES\part-00000.parquet,2026-07,900,1800,1785162149,1785164849,1784279675,1787075457,1,17069263,34
P325_SYNTH_EVENT_010_20260727,2026-07-27T20:07:29+05:30,synthetic_calendar_rbi_policy_like,BHARTIARTL,raw_synthetic_l2_dense_full_year\trade_month=2026-07\symbol=BHARTIARTL\part-00000.parquet,2026-07,900,1800,1785162149,1785164849,1784279675,1787078457,1,17055379,34
P325_SYNTH_EVENT_010_20260727,2026-07-27T20:07:29+05:30,synthetic_calendar_rbi_policy_like,BPCL,raw_synthetic_l2_dense_full_year\trade_month=2026-07\symbol=BPCL\part-00000.parquet,2026-07,900,1800,1785162149,1785164849,1784279475,1787088457,1,17061330,34
P325_SYNTH_EVENT_010_20260727,2026-07-27T20:07:29+05:30,synthetic_calendar_rbi_policy_like,BRITANNIA,raw_synthetic_l2_dense_full_year\trade_month=2026-07\symbol=BRITANNIA\part-00000.parquet,2026-07,900,1800,1785162149,1785164849,1784279675,1787073457,1,17025628,34
P325_SYNTH_EVENT_010_20260727,2026-07-27T20:07:29+05:30,synthetic_calendar_rbi_policy_like,CIPLA,raw_synthetic_l2_dense_full_year\trade_month=2026-07\symbol=CIPLA\part-00000.parquet,2026-07,900,1800,1785162149,1785164849,1784279675,1787074457,1,17045462,34
P325_SYNTH_EVENT_010_20260727,2026-07-27T20:07:29+05:30,synthetic_calendar_rbi_policy_like,DRREDDY,raw_synthetic_l2_dense_full_year\trade_month=2026-07\symbol=DRREDDY\part-00000.parquet,2026-07,900,1800,1785162149,1785164849,1784279675,1787077457,1,17041496,34
P325_SYNTH_EVENT_010_20260727,2026-07-27T20:07:29+05:30,synthetic_calendar_rbi_policy_like,GOLDBEES,raw_synthetic_l2_dense_full_year\trade_month=2026-07\symbol=GOLDBEES\part-00000.parquet,2026-07,900,1800,1785162149,1785164849,1784279675,1787069207,1,17059346,34
P325_SYNTH_EVENT_010_20260727,2026-07-27T20:07:29+05:30,synthetic_calendar_rbi_policy_like,HCLTECH,raw_synthetic_l2_dense_full_year\trade_month=2026-07\symbol=HCLTECH\part-00000.parquet,2026-07,900,1800,1785162149,1785164849,1784279675,1787090457,1,17033562,34
P325_SYNTH_EVENT_010_20260727,2026-07-27T20:07:29+05:30,synthetic_calendar_rbi_policy_like,HDFCBANK,raw_synthetic_l2_dense_full_year\trade_month=2026-07\symbol=HDFCBANK\part-00000.parquet,2026-07,900,1800,1785162149,1785164849,1784279475,1787070457,1,17031579,34
P325_SYNTH_EVENT_010_20260727,2026-07-27T20:07:29+05:30,synthetic_calendar_rbi_policy_like,HINDUNILVR,raw_synthetic_l2_dense_full_year\trade_month=2026-07\symbol=HINDUNILVR\part-00000.parquet,2026-07,900,1800,1785162149,1785164849,1784279675,1787071207,1,17051413,34
P325_SYNTH_EVENT_010_20260727,2026-07-27T20:07:29+05:30,synthetic_calendar_rbi_policy_like,ICICIBANK,raw_synthetic_l2_dense_full_year\trade_month=2026-07\symbol=ICICIBANK\part-00000.parquet,2026-07,900,1800,1785162149,1785164849,1784279675,1787089457,1,17037529,34
P325_SYNTH_EVENT_010_20260727,2026-07-27T20:07:29+05:30,synthetic_calendar_rbi_policy_like,INFY,raw_synthetic_l2_dense_full_year\trade_month=2026-07\symbol=INFY\part-00000.parquet,2026-07,900,1800,1785162149,1785164849,1784279675,1787082957,1,17053396,34
P325_SYNTH_EVENT_010_20260727,2026-07-27T20:07:29+05:30,synthetic_calendar_rbi_policy_like,ITBEES,raw_synthetic_l2_dense_full_year\trade_month=2026-07\symbol=ITBEES\part-00000.parquet,2026-07,900,1800,1785162149,1785164849,1784279475,1787074457,1,17055379,34
P325_SYNTH_EVENT_010_20260727,2026-07-27T20:07:29+05:30,synthetic_calendar_rbi_policy_like,ITC,raw_synthetic_l2_dense_full_year\trade_month=2026-07\symbol=ITC\part-00000.parquet,2026-07,900,1800,1785162149,1785164849,1784279675,1787080457,1,17031579,34
P325_SYNTH_EVENT_010_20260727,2026-07-27T20:07:29+05:30,synthetic_calendar_rbi_policy_like,JUNIORBEES,raw_synthetic_l2_dense_full_year\trade_month=2026-07\symbol=JUNIORBEES\part-00000.parquet,2026-07,900,1800,1785162149,1785164849,1784279475,1787081457,1,17073230,34
P325_SYNTH_EVENT_010_20260727,2026-07-27T20:07:29+05:30,synthetic_calendar_rbi_policy_like,KOTAKBANK,raw_synthetic_l2_dense_full_year\trade_month=2026-07\symbol=KOTAKBANK\part-00000.parquet,2026-07,900,1800,1785162149,1785164849,1784279675,1787068957,1,17039512,34
P325_SYNTH_EVENT_010_20260727,2026-07-27T20:07:29+05:30,synthetic_calendar_rbi_policy_like,LT,raw_synthetic_l2_dense_full_year\trade_month=2026-07\symbol=LT\part-00000.parquet,2026-07,900,1800,1785162149,1785164849,1784279475,1787081457,1,17027612,34
P325_SYNTH_EVENT_010_20260727,2026-07-27T20:07:29+05:30,synthetic_calendar_rbi_policy_like,M&M,raw_synthetic_l2_dense_full_year\trade_month=2026-07\symbol=M&M\part-00000.parquet,2026-07,900,1800,1785162149,1785164849,1784279475,1787086457,1,17051413,34
P325_SYNTH_EVENT_010_20260727,2026-07-27T20:07:29+05:30,synthetic_calendar_rbi_policy_like,MARUTI,raw_synthetic_l2_dense_full_year\trade_month=2026-07\symbol=MARUTI\part-00000.parquet,2026-07,900,1800,1785162149,1785164849,1784279249,1787074957,1,17053396,34
P325_SYNTH_EVENT_010_20260727,2026-07-27T20:07:29+05:30,synthetic_calendar_rbi_policy_like,NESTLEIND,raw_synthetic_l2_dense_full_year\trade_month=2026-07\symbol=NESTLEIND\part-00000.parquet,2026-07,900,1800,1785162149,1785164849,1784279475,1787078957,1,17079180,34
P325_SYNTH_EVENT_010_20260727,2026-07-27T20:07:29+05:30,synthetic_calendar_rbi_policy_like,NIFTYBEES,raw_synthetic_l2_dense_full_year\trade_month=2026-07\symbol=NIFTYBEES\part-00000.parquet,2026-07,900,1800,1785162149,1785164849,1784279475,1787083957,1,17057363,34
P325_SYNTH_EVENT_010_20260727,2026-07-27T20:07:29+05:30,synthetic_calendar_rbi_policy_like,ONGC,raw_synthetic_l2_dense_full_year\trade_month=2026-07\symbol=ONGC\part-00000.parquet,2026-07,900,1800,1785162149,1785164849,1784279675,1787084457,1,17039512,34
P325_SYNTH_EVENT_010_20260727,2026-07-27T20:07:29+05:30,synthetic_calendar_rbi_policy_like,RELIANCE,raw_synthetic_l2_dense_full_year\trade_month=2026-07\symbol=RELIANCE\part-00000.parquet,2026-07,900,1800,1785162149,1785164849,1784279675,1787074678,1,17037529,34
P325_SYNTH_EVENT_010_20260727,2026-07-27T20:07:29+05:30,synthetic_calendar_rbi_policy_like,SBIN,raw_synthetic_l2_dense_full_year\trade_month=2026-07\symbol=SBIN\part-00000.parquet,2026-07,900,1800,1785162149,1785164849,1784279675,1787085957,1,17071247,34
P325_SYNTH_EVENT_010_20260727,2026-07-27T20:07:29+05:30,synthetic_calendar_rbi_policy_like,SUNPHARMA,raw_synthetic_l2_dense_full_year\trade_month=2026-07\symbol=SUNPHARMA\part-00000.parquet,2026-07,900,1800,1785162149,1785164849,1784279675,1787073457,1,17057363,34
P325_SYNTH_EVENT_010_20260727,2026-07-27T20:07:29+05:30,synthetic_calendar_rbi_policy_like,TCS,raw_synthetic_l2_dense_full_year\trade_month=2026-07\symbol=TCS\part-00000.parquet,2026-07,900,1800,1785162149,1785164849,1784279675,1787099957,1,17033562,34
P325_SYNTH_EVENT_010_20260727,2026-07-27T20:07:29+05:30,synthetic_calendar_rbi_policy_like,TECHM,raw_synthetic_l2_dense_full_year\trade_month=2026-07\symbol=TECHM\part-00000.parquet,2026-07,900,1800,1785162149,1785164849,1784279675,1787090457,1,17037529,34
P325_SYNTH_EVENT_010_20260727,2026-07-27T20:07:29+05:30,synthetic_calendar_rbi_policy_like,ULTRACEMCO,raw_synthetic_l2_dense_full_year\trade_month=2026-07\symbol=ULTRACEMCO\part-00000.parquet,2026-07,900,1800,1785162149,1785164849,1784279675,1787070207,1,17047446,34
P325_SYNTH_EVENT_010_20260727,2026-07-27T20:07:29+05:30,synthetic_calendar_rbi_policy_like,WIPRO,raw_synthetic_l2_dense_full_year\trade_month=2026-07\symbol=WIPRO\part-00000.parquet,2026-07,900,1800,1785162149,1785164849,1784279675,1787074457,1,17043479,34
P325_SYNTH_EVENT_011_20260728,2026-07-28T17:52:29+05:30,synthetic_calendar_rbi_policy_like,ADANIPORTS,raw_synthetic_l2_dense_full_year\trade_month=2026-07\symbol=ADANIPORTS\part-00000.parquet,2026-07,900,1800,1785240449,1785243149,1784279563,1787080207,1,17059346,34
P325_SYNTH_EVENT_011_20260728,2026-07-28T17:52:29+05:30,synthetic_calendar_rbi_policy_like,AXISBANK,raw_synthetic_l2_dense_full_year\trade_month=2026-07\symbol=AXISBANK\part-00000.parquet,2026-07,900,1800,1785240449,1785243149,1784279675,1787071457,1,17059346,34
P325_SYNTH_EVENT_011_20260728,2026-07-28T17:52:29+05:30,synthetic_calendar_rbi_policy_like,BAJAJ-AUTO,raw_synthetic_l2_dense_full_year\trade_month=2026-07\symbol=BAJAJ-AUTO\part-00000.parquet,2026-07,900,1800,1785240449,1785243149,1784279475,1787076957,1,17041496,34
P325_SYNTH_EVENT_011_20260728,2026-07-28T17:52:29+05:30,synthetic_calendar_rbi_policy_like,BANKBEES,raw_synthetic_l2_dense_full_year\trade_month=2026-07\symbol=BANKBEES\part-00000.parquet,2026-07,900,1800,1785240449,1785243149,1784279675,1787075457,1,17069263,34
P325_SYNTH_EVENT_011_20260728,2026-07-28T17:52:29+05:30,synthetic_calendar_rbi_policy_like,BHARTIARTL,raw_synthetic_l2_dense_full_year\trade_month=2026-07\symbol=BHARTIARTL\part-00000.parquet,2026-07,900,1800,1785240449,1785243149,1784279675,1787078457,1,17055379,34
P325_SYNTH_EVENT_011_20260728,2026-07-28T17:52:29+05:30,synthetic_calendar_rbi_policy_like,BPCL,raw_synthetic_l2_dense_full_year\trade_month=2026-07\symbol=BPCL\part-00000.parquet,2026-07,900,1800,1785240449,1785243149,1784279475,1787088457,1,17061330,34
P325_SYNTH_EVENT_011_20260728,2026-07-28T17:52:29+05:30,synthetic_calendar_rbi_policy_like,BRITANNIA,raw_synthetic_l2_dense_full_year\trade_month=2026-07\symbol=BRITANNIA\part-00000.parquet,2026-07,900,1800,1785240449,1785243149,1784279675,1787073457,1,17025628,34
P325_SYNTH_EVENT_011_20260728,2026-07-28T17:52:29+05:30,synthetic_calendar_rbi_policy_like,CIPLA,raw_synthetic_l2_dense_full_year\trade_month=2026-07\symbol=CIPLA\part-00000.parquet,2026-07,900,1800,1785240449,1785243149,1784279675,1787074457,1,17045462,34
P325_SYNTH_EVENT_011_20260728,2026-07-28T17:52:29+05:30,synthetic_calendar_rbi_policy_like,DRREDDY,raw_synthetic_l2_dense_full_year\trade_month=2026-07\symbol=DRREDDY\part-00000.parquet,2026-07,900,1800,1785240449,1785243149,1784279675,1787077457,1,17041496,34
P325_SYNTH_EVENT_011_20260728,2026-07-28T17:52:29+05:30,synthetic_calendar_rbi_policy_like,GOLDBEES,raw_synthetic_l2_dense_full_year\trade_month=2026-07\symbol=GOLDBEES\part-00000.parquet,2026-07,900,1800,1785240449,1785243149,1784279675,1787069207,1,17059346,34
P325_SYNTH_EVENT_011_20260728,2026-07-28T17:52:29+05:30,synthetic_calendar_rbi_policy_like,HCLTECH,raw_synthetic_l2_dense_full_year\trade_month=2026-07\symbol=HCLTECH\part-00000.parquet,2026-07,900,1800,1785240449,1785243149,1784279675,1787090457,1,17033562,34
P325_SYNTH_EVENT_011_20260728,2026-07-28T17:52:29+05:30,synthetic_calendar_rbi_policy_like,HDFCBANK,raw_synthetic_l2_dense_full_year\trade_month=2026-07\symbol=HDFCBANK\part-00000.parquet,2026-07,900,1800,1785240449,1785243149,1784279475,1787070457,1,17031579,34
P325_SYNTH_EVENT_011_20260728,2026-07-28T17:52:29+05:30,synthetic_calendar_rbi_policy_like,HINDUNILVR,raw_synthetic_l2_dense_full_year\trade_month=2026-07\symbol=HINDUNILVR\part-00000.parquet,2026-07,900,1800,1785240449,1785243149,1784279675,1787071207,1,17051413,34
P325_SYNTH_EVENT_011_20260728,2026-07-28T17:52:29+05:30,synthetic_calendar_rbi_policy_like,ICICIBANK,raw_synthetic_l2_dense_full_year\trade_month=2026-07\symbol=ICICIBANK\part-00000.parquet,2026-07,900,1800,1785240449,1785243149,1784279675,1787089457,1,17037529,34
P325_SYNTH_EVENT_011_20260728,2026-07-28T17:52:29+05:30,synthetic_calendar_rbi_policy_like,INFY,raw_synthetic_l2_dense_full_year\trade_month=2026-07\symbol=INFY\part-00000.parquet,2026-07,900,1800,1785240449,1785243149,1784279675,1787082957,1,17053396,34
P325_SYNTH_EVENT_011_20260728,2026-07-28T17:52:29+05:30,synthetic_calendar_rbi_policy_like,ITBEES,raw_synthetic_l2_dense_full_year\trade_month=2026-07\symbol=ITBEES\part-00000.parquet,2026-07,900,1800,1785240449,1785243149,1784279475,1787074457,1,17055379,34
P325_SYNTH_EVENT_011_20260728,2026-07-28T17:52:29+05:30,synthetic_calendar_rbi_policy_like,ITC,raw_synthetic_l2_dense_full_year\trade_month=2026-07\symbol=ITC\part-00000.parquet,2026-07,900,1800,1785240449,1785243149,1784279675,1787080457,1,17031579,34
P325_SYNTH_EVENT_011_20260728,2026-07-28T17:52:29+05:30,synthetic_calendar_rbi_policy_like,JUNIORBEES,raw_synthetic_l2_dense_full_year\trade_month=2026-07\symbol=JUNIORBEES\part-00000.parquet,2026-07,900,1800,1785240449,1785243149,1784279475,1787081457,1,17073230,34
P325_SYNTH_EVENT_011_20260728,2026-07-28T17:52:29+05:30,synthetic_calendar_rbi_policy_like,KOTAKBANK,raw_synthetic_l2_dense_full_year\trade_month=2026-07\symbol=KOTAKBANK\part-00000.parquet,2026-07,900,1800,1785240449,1785243149,1784279675,1787068957,1,17039512,34
P325_SYNTH_EVENT_011_20260728,2026-07-28T17:52:29+05:30,synthetic_calendar_rbi_policy_like,LT,raw_synthetic_l2_dense_full_year\trade_month=2026-07\symbol=LT\part-00000.parquet,2026-07,900,1800,1785240449,1785243149,1784279475,1787081457,1,17027612,34
P325_SYNTH_EVENT_011_20260728,2026-07-28T17:52:29+05:30,synthetic_calendar_rbi_policy_like,M&M,raw_synthetic_l2_dense_full_year\trade_month=2026-07\symbol=M&M\part-00000.parquet,2026-07,900,1800,1785240449,1785243149,1784279475,1787086457,1,17051413,34
P325_SYNTH_EVENT_011_20260728,2026-07-28T17:52:29+05:30,synthetic_calendar_rbi_policy_like,MARUTI,raw_synthetic_l2_dense_full_year\trade_month=2026-07\symbol=MARUTI\part-00000.parquet,2026-07,900,1800,1785240449,1785243149,1784279249,1787074957,1,17053396,34
P325_SYNTH_EVENT_011_20260728,2026-07-28T17:52:29+05:30,synthetic_calendar_rbi_policy_like,NESTLEIND,raw_synthetic_l2_dense_full_year\trade_month=2026-07\symbol=NESTLEIND\part-00000.parquet,2026-07,900,1800,1785240449,1785243149,1784279475,1787078957,1,17079180,34
P325_SYNTH_EVENT_011_20260728,2026-07-28T17:52:29+05:30,synthetic_calendar_rbi_policy_like,NIFTYBEES,raw_synthetic_l2_dense_full_year\trade_month=2026-07\symbol=NIFTYBEES\part-00000.parquet,2026-07,900,1800,1785240449,1785243149,1784279475,1787083957,1,17057363,34
P325_SYNTH_EVENT_011_20260728,2026-07-28T17:52:29+05:30,synthetic_calendar_rbi_policy_like,ONGC,raw_synthetic_l2_dense_full_year\trade_month=2026-07\symbol=ONGC\part-00000.parquet,2026-07,900,1800,1785240449,1785243149,1784279675,1787084457,1,17039512,34
P325_SYNTH_EVENT_011_20260728,2026-07-28T17:52:29+05:30,synthetic_calendar_rbi_policy_like,RELIANCE,raw_synthetic_l2_dense_full_year\trade_month=2026-07\symbol=RELIANCE\part-00000.parquet,2026-07,900,1800,1785240449,1785243149,1784279675,1787074678,1,17037529,34
P325_SYNTH_EVENT_011_20260728,2026-07-28T17:52:29+05:30,synthetic_calendar_rbi_policy_like,SBIN,raw_synthetic_l2_dense_full_year\trade_month=2026-07\symbol=SBIN\part-00000.parquet,2026-07,900,1800,1785240449,1785243149,1784279675,1787085957,1,17071247,34
P325_SYNTH_EVENT_011_20260728,2026-07-28T17:52:29+05:30,synthetic_calendar_rbi_policy_like,SUNPHARMA,raw_synthetic_l2_dense_full_year\trade_month=2026-07\symbol=SUNPHARMA\part-00000.parquet,2026-07,900,1800,1785240449,1785243149,1784279675,1787073457,1,17057363,34
P325_SYNTH_EVENT_011_20260728,2026-07-28T17:52:29+05:30,synthetic_calendar_rbi_policy_like,TCS,raw_synthetic_l2_dense_full_year\trade_month=2026-07\symbol=TCS\part-00000.parquet,2026-07,900,1800,1785240449,1785243149,1784279675,1787099957,1,17033562,34
P325_SYNTH_EVENT_011_20260728,2026-07-28T17:52:29+05:30,synthetic_calendar_rbi_policy_like,TECHM,raw_synthetic_l2_dense_full_year\trade_month=2026-07\symbol=TECHM\part-00000.parquet,2026-07,900,1800,1785240449,1785243149,1784279675,1787090457,1,17037529,34
P325_SYNTH_EVENT_011_20260728,2026-07-28T17:52:29+05:30,synthetic_calendar_rbi_policy_like,ULTRACEMCO,raw_synthetic_l2_dense_full_year\trade_month=2026-07\symbol=ULTRACEMCO\part-00000.parquet,2026-07,900,1800,1785240449,1785243149,1784279675,1787070207,1,17047446,34
P325_SYNTH_EVENT_011_20260728,2026-07-28T17:52:29+05:30,synthetic_calendar_rbi_policy_like,WIPRO,raw_synthetic_l2_dense_full_year\trade_month=2026-07\symbol=WIPRO\part-00000.parquet,2026-07,900,1800,1785240449,1785243149,1784279675,1787074457,1,17043479,34
P325_SYNTH_EVENT_012_20260729,2026-07-29T18:37:29+05:30,synthetic_calendar_rbi_policy_like,ADANIPORTS,raw_synthetic_l2_dense_full_year\trade_month=2026-07\symbol=ADANIPORTS\part-00000.parquet,2026-07,900,1800,1785329549,1785332249,1784279563,1787080207,1,17059346,34
P325_SYNTH_EVENT_012_20260729,2026-07-29T18:37:29+05:30,synthetic_calendar_rbi_policy_like,AXISBANK,raw_synthetic_l2_dense_full_year\trade_month=2026-07\symbol=AXISBANK\part-00000.parquet,2026-07,900,1800,1785329549,1785332249,1784279675,1787071457,1,17059346,34
P325_SYNTH_EVENT_012_20260729,2026-07-29T18:37:29+05:30,synthetic_calendar_rbi_policy_like,BAJAJ-AUTO,raw_synthetic_l2_dense_full_year\trade_month=2026-07\symbol=BAJAJ-AUTO\part-00000.parquet,2026-07,900,1800,1785329549,1785332249,1784279475,1787076957,1,17041496,34
P325_SYNTH_EVENT_012_20260729,2026-07-29T18:37:29+05:30,synthetic_calendar_rbi_policy_like,BANKBEES,raw_synthetic_l2_dense_full_year\trade_month=2026-07\symbol=BANKBEES\part-00000.parquet,2026-07,900,1800,1785329549,1785332249,1784279675,1787075457,1,17069263,34
P325_SYNTH_EVENT_012_20260729,2026-07-29T18:37:29+05:30,synthetic_calendar_rbi_policy_like,BHARTIARTL,raw_synthetic_l2_dense_full_year\trade_month=2026-07\symbol=BHARTIARTL\part-00000.parquet,2026-07,900,1800,1785329549,1785332249,1784279675,1787078457,1,17055379,34
P325_SYNTH_EVENT_012_20260729,2026-07-29T18:37:29+05:30,synthetic_calendar_rbi_policy_like,BPCL,raw_synthetic_l2_dense_full_year\trade_month=2026-07\symbol=BPCL\part-00000.parquet,2026-07,900,1800,1785329549,1785332249,1784279475,1787088457,1,17061330,34
P325_SYNTH_EVENT_012_20260729,2026-07-29T18:37:29+05:30,synthetic_calendar_rbi_policy_like,BRITANNIA,raw_synthetic_l2_dense_full_year\trade_month=2026-07\symbol=BRITANNIA\part-00000.parquet,2026-07,900,1800,1785329549,1785332249,1784279675,1787073457,1,17025628,34
P325_SYNTH_EVENT_012_20260729,2026-07-29T18:37:29+05:30,synthetic_calendar_rbi_policy_like,CIPLA,raw_synthetic_l2_dense_full_year\trade_month=2026-07\symbol=CIPLA\part-00000.parquet,2026-07,900,1800,1785329549,1785332249,1784279675,1787074457,1,17045462,34
P325_SYNTH_EVENT_012_20260729,2026-07-29T18:37:29+05:30,synthetic_calendar_rbi_policy_like,DRREDDY,raw_synthetic_l2_dense_full_year\trade_month=2026-07\symbol=DRREDDY\part-00000.parquet,2026-07,900,1800,1785329549,1785332249,1784279675,1787077457,1,17041496,34
P325_SYNTH_EVENT_012_20260729,2026-07-29T18:37:29+05:30,synthetic_calendar_rbi_policy_like,GOLDBEES,raw_synthetic_l2_dense_full_year\trade_month=2026-07\symbol=GOLDBEES\part-00000.parquet,2026-07,900,1800,1785329549,1785332249,1784279675,1787069207,1,17059346,34
P325_SYNTH_EVENT_012_20260729,2026-07-29T18:37:29+05:30,synthetic_calendar_rbi_policy_like,HCLTECH,raw_synthetic_l2_dense_full_year\trade_month=2026-07\symbol=HCLTECH\part-00000.parquet,2026-07,900,1800,1785329549,1785332249,1784279675,1787090457,1,17033562,34
P325_SYNTH_EVENT_012_20260729,2026-07-29T18:37:29+05:30,synthetic_calendar_rbi_policy_like,HDFCBANK,raw_synthetic_l2_dense_full_year\trade_month=2026-07\symbol=HDFCBANK\part-00000.parquet,2026-07,900,1800,1785329549,1785332249,1784279475,1787070457,1,17031579,34
P325_SYNTH_EVENT_012_20260729,2026-07-29T18:37:29+05:30,synthetic_calendar_rbi_policy_like,HINDUNILVR,raw_synthetic_l2_dense_full_year\trade_month=2026-07\symbol=HINDUNILVR\part-00000.parquet,2026-07,900,1800,1785329549,1785332249,1784279675,1787071207,1,17051413,34
P325_SYNTH_EVENT_012_20260729,2026-07-29T18:37:29+05:30,synthetic_calendar_rbi_policy_like,ICICIBANK,raw_synthetic_l2_dense_full_year\trade_month=2026-07\symbol=ICICIBANK\part-00000.parquet,2026-07,900,1800,1785329549,1785332249,1784279675,1787089457,1,17037529,34
P325_SYNTH_EVENT_012_20260729,2026-07-29T18:37:29+05:30,synthetic_calendar_rbi_policy_like,INFY,raw_synthetic_l2_dense_full_year\trade_month=2026-07\symbol=INFY\part-00000.parquet,2026-07,900,1800,1785329549,1785332249,1784279675,1787082957,1,17053396,34
P325_SYNTH_EVENT_012_20260729,2026-07-29T18:37:29+05:30,synthetic_calendar_rbi_policy_like,ITBEES,raw_synthetic_l2_dense_full_year\trade_month=2026-07\symbol=ITBEES\part-00000.parquet,2026-07,900,1800,1785329549,1785332249,1784279475,1787074457,1,17055379,34
P325_SYNTH_EVENT_012_20260729,2026-07-29T18:37:29+05:30,synthetic_calendar_rbi_policy_like,ITC,raw_synthetic_l2_dense_full_year\trade_month=2026-07\symbol=ITC\part-00000.parquet,2026-07,900,1800,1785329549,1785332249,1784279675,1787080457,1,17031579,34
P325_SYNTH_EVENT_012_20260729,2026-07-29T18:37:29+05:30,synthetic_calendar_rbi_policy_like,JUNIORBEES,raw_synthetic_l2_dense_full_year\trade_month=2026-07\symbol=JUNIORBEES\part-00000.parquet,2026-07,900,1800,1785329549,1785332249,1784279475,1787081457,1,17073230,34
P325_SYNTH_EVENT_012_20260729,2026-07-29T18:37:29+05:30,synthetic_calendar_rbi_policy_like,KOTAKBANK,raw_synthetic_l2_dense_full_year\trade_month=2026-07\symbol=KOTAKBANK\part-00000.parquet,2026-07,900,1800,1785329549,1785332249,1784279675,1787068957,1,17039512,34
P325_SYNTH_EVENT_012_20260729,2026-07-29T18:37:29+05:30,synthetic_calendar_rbi_policy_like,LT,raw_synthetic_l2_dense_full_year\trade_month=2026-07\symbol=LT\part-00000.parquet,2026-07,900,1800,1785329549,1785332249,1784279475,1787081457,1,17027612,34
P325_SYNTH_EVENT_012_20260729,2026-07-29T18:37:29+05:30,synthetic_calendar_rbi_policy_like,M&M,raw_synthetic_l2_dense_full_year\trade_month=2026-07\symbol=M&M\part-00000.parquet,2026-07,900,1800,1785329549,1785332249,1784279475,1787086457,1,17051413,34
P325_SYNTH_EVENT_012_20260729,2026-07-29T18:37:29+05:30,synthetic_calendar_rbi_policy_like,MARUTI,raw_synthetic_l2_dense_full_year\trade_month=2026-07\symbol=MARUTI\part-00000.parquet,2026-07,900,1800,1785329549,1785332249,1784279249,1787074957,1,17053396,34
P325_SYNTH_EVENT_012_20260729,2026-07-29T18:37:29+05:30,synthetic_calendar_rbi_policy_like,NESTLEIND,raw_synthetic_l2_dense_full_year\trade_month=2026-07\symbol=NESTLEIND\part-00000.parquet,2026-07,900,1800,1785329549,1785332249,1784279475,1787078957,1,17079180,34
P325_SYNTH_EVENT_012_20260729,2026-07-29T18:37:29+05:30,synthetic_calendar_rbi_policy_like,NIFTYBEES,raw_synthetic_l2_dense_full_year\trade_month=2026-07\symbol=NIFTYBEES\part-00000.parquet,2026-07,900,1800,1785329549,1785332249,1784279475,1787083957,1,17057363,34
P325_SYNTH_EVENT_012_20260729,2026-07-29T18:37:29+05:30,synthetic_calendar_rbi_policy_like,ONGC,raw_synthetic_l2_dense_full_year\trade_month=2026-07\symbol=ONGC\part-00000.parquet,2026-07,900,1800,1785329549,1785332249,1784279675,1787084457,1,17039512,34
P325_SYNTH_EVENT_012_20260729,2026-07-29T18:37:29+05:30,synthetic_calendar_rbi_policy_like,RELIANCE,raw_synthetic_l2_dense_full_year\trade_month=2026-07\symbol=RELIANCE\part-00000.parquet,2026-07,900,1800,1785329549,1785332249,1784279675,1787074678,1,17037529,34
P325_SYNTH_EVENT_012_20260729,2026-07-29T18:37:29+05:30,synthetic_calendar_rbi_policy_like,SBIN,raw_synthetic_l2_dense_full_year\trade_month=2026-07\symbol=SBIN\part-00000.parquet,2026-07,900,1800,1785329549,1785332249,1784279675,1787085957,1,17071247,34
P325_SYNTH_EVENT_012_20260729,2026-07-29T18:37:29+05:30,synthetic_calendar_rbi_policy_like,SUNPHARMA,raw_synthetic_l2_dense_full_year\trade_month=2026-07\symbol=SUNPHARMA\part-00000.parquet,2026-07,900,1800,1785329549,1785332249,1784279675,1787073457,1,17057363,34
P325_SYNTH_EVENT_012_20260729,2026-07-29T18:37:29+05:30,synthetic_calendar_rbi_policy_like,TCS,raw_synthetic_l2_dense_full_year\trade_month=2026-07\symbol=TCS\part-00000.parquet,2026-07,900,1800,1785329549,1785332249,1784279675,1787099957,1,17033562,34
P325_SYNTH_EVENT_012_20260729,2026-07-29T18:37:29+05:30,synthetic_calendar_rbi_policy_like,TECHM,raw_synthetic_l2_dense_full_year\trade_month=2026-07\symbol=TECHM\part-00000.parquet,2026-07,900,1800,1785329549,1785332249,1784279675,1787090457,1,17037529,34
P325_SYNTH_EVENT_012_20260729,2026-07-29T18:37:29+05:30,synthetic_calendar_rbi_policy_like,ULTRACEMCO,raw_synthetic_l2_dense_full_year\trade_month=2026-07\symbol=ULTRACEMCO\part-00000.parquet,2026-07,900,1800,1785329549,1785332249,1784279675,1787070207,1,17047446,34
P325_SYNTH_EVENT_012_20260729,2026-07-29T18:37:29+05:30,synthetic_calendar_rbi_policy_like,WIPRO,raw_synthetic_l2_dense_full_year\trade_month=2026-07\symbol=WIPRO\part-00000.parquet,2026-07,900,1800,1785329549,1785332249,1784279675,1787074457,1,17043479,34
P325_SYNTH_EVENT_013_20260730,2026-07-30T20:07:29+05:30,synthetic_calendar_rbi_policy_like,ADANIPORTS,raw_synthetic_l2_dense_full_year\trade_month=2026-07\symbol=ADANIPORTS\part-00000.parquet,2026-07,900,1800,1785421349,1785424049,1784279563,1787080207,1,17059346,34
P325_SYNTH_EVENT_013_20260730,2026-07-30T20:07:29+05:30,synthetic_calendar_rbi_policy_like,AXISBANK,raw_synthetic_l2_dense_full_year\trade_month=2026-07\symbol=AXISBANK\part-00000.parquet,2026-07,900,1800,1785421349,1785424049,1784279675,1787071457,1,17059346,34
P325_SYNTH_EVENT_013_20260730,2026-07-30T20:07:29+05:30,synthetic_calendar_rbi_policy_like,BAJAJ-AUTO,raw_synthetic_l2_dense_full_year\trade_month=2026-07\symbol=BAJAJ-AUTO\part-00000.parquet,2026-07,900,1800,1785421349,1785424049,1784279475,1787076957,1,17041496,34
P325_SYNTH_EVENT_013_20260730,2026-07-30T20:07:29+05:30,synthetic_calendar_rbi_policy_like,BANKBEES,raw_synthetic_l2_dense_full_year\trade_month=2026-07\symbol=BANKBEES\part-00000.parquet,2026-07,900,1800,1785421349,1785424049,1784279675,1787075457,1,17069263,34
P325_SYNTH_EVENT_013_20260730,2026-07-30T20:07:29+05:30,synthetic_calendar_rbi_policy_like,BHARTIARTL,raw_synthetic_l2_dense_full_year\trade_month=2026-07\symbol=BHARTIARTL\part-00000.parquet,2026-07,900,1800,1785421349,1785424049,1784279675,1787078457,1,17055379,34
P325_SYNTH_EVENT_013_20260730,2026-07-30T20:07:29+05:30,synthetic_calendar_rbi_policy_like,BPCL,raw_synthetic_l2_dense_full_year\trade_month=2026-07\symbol=BPCL\part-00000.parquet,2026-07,900,1800,1785421349,1785424049,1784279475,1787088457,1,17061330,34
P325_SYNTH_EVENT_013_20260730,2026-07-30T20:07:29+05:30,synthetic_calendar_rbi_policy_like,BRITANNIA,raw_synthetic_l2_dense_full_year\trade_month=2026-07\symbol=BRITANNIA\part-00000.parquet,2026-07,900,1800,1785421349,1785424049,1784279675,1787073457,1,17025628,34
P325_SYNTH_EVENT_013_20260730,2026-07-30T20:07:29+05:30,synthetic_calendar_rbi_policy_like,CIPLA,raw_synthetic_l2_dense_full_year\trade_month=2026-07\symbol=CIPLA\part-00000.parquet,2026-07,900,1800,1785421349,1785424049,1784279675,1787074457,1,17045462,34
P325_SYNTH_EVENT_013_20260730,2026-07-30T20:07:29+05:30,synthetic_calendar_rbi_policy_like,DRREDDY,raw_synthetic_l2_dense_full_year\trade_month=2026-07\symbol=DRREDDY\part-00000.parquet,2026-07,900,1800,1785421349,1785424049,1784279675,1787077457,1,17041496,34
P325_SYNTH_EVENT_013_20260730,2026-07-30T20:07:29+05:30,synthetic_calendar_rbi_policy_like,GOLDBEES,raw_synthetic_l2_dense_full_year\trade_month=2026-07\symbol=GOLDBEES\part-00000.parquet,2026-07,900,1800,1785421349,1785424049,1784279675,1787069207,1,17059346,34
P325_SYNTH_EVENT_013_20260730,2026-07-30T20:07:29+05:30,synthetic_calendar_rbi_policy_like,HCLTECH,raw_synthetic_l2_dense_full_year\trade_month=2026-07\symbol=HCLTECH\part-00000.parquet,2026-07,900,1800,1785421349,1785424049,1784279675,1787090457,1,17033562,34
P325_SYNTH_EVENT_013_20260730,2026-07-30T20:07:29+05:30,synthetic_calendar_rbi_policy_like,HDFCBANK,raw_synthetic_l2_dense_full_year\trade_month=2026-07\symbol=HDFCBANK\part-00000.parquet,2026-07,900,1800,1785421349,1785424049,1784279475,1787070457,1,17031579,34
P325_SYNTH_EVENT_013_20260730,2026-07-30T20:07:29+05:30,synthetic_calendar_rbi_policy_like,HINDUNILVR,raw_synthetic_l2_dense_full_year\trade_month=2026-07\symbol=HINDUNILVR\part-00000.parquet,2026-07,900,1800,1785421349,1785424049,1784279675,1787071207,1,17051413,34
P325_SYNTH_EVENT_013_20260730,2026-07-30T20:07:29+05:30,synthetic_calendar_rbi_policy_like,ICICIBANK,raw_synthetic_l2_dense_full_year\trade_month=2026-07\symbol=ICICIBANK\part-00000.parquet,2026-07,900,1800,1785421349,1785424049,1784279675,1787089457,1,17037529,34
P325_SYNTH_EVENT_013_20260730,2026-07-30T20:07:29+05:30,synthetic_calendar_rbi_policy_like,INFY,raw_synthetic_l2_dense_full_year\trade_month=2026-07\symbol=INFY\part-00000.parquet,2026-07,900,1800,1785421349,1785424049,1784279675,1787082957,1,17053396,34
P325_SYNTH_EVENT_013_20260730,2026-07-30T20:07:29+05:30,synthetic_calendar_rbi_policy_like,ITBEES,raw_synthetic_l2_dense_full_year\trade_month=2026-07\symbol=ITBEES\part-00000.parquet,2026-07,900,1800,1785421349,1785424049,1784279475,1787074457,1,17055379,34
P325_SYNTH_EVENT_013_20260730,2026-07-30T20:07:29+05:30,synthetic_calendar_rbi_policy_like,ITC,raw_synthetic_l2_dense_full_year\trade_month=2026-07\symbol=ITC\part-00000.parquet,2026-07,900,1800,1785421349,1785424049,1784279675,1787080457,1,17031579,34
P325_SYNTH_EVENT_013_20260730,2026-07-30T20:07:29+05:30,synthetic_calendar_rbi_policy_like,JUNIORBEES,raw_synthetic_l2_dense_full_year\trade_month=2026-07\symbol=JUNIORBEES\part-00000.parquet,2026-07,900,1800,1785421349,1785424049,1784279475,1787081457,1,17073230,34
P325_SYNTH_EVENT_013_20260730,2026-07-30T20:07:29+05:30,synthetic_calendar_rbi_policy_like,KOTAKBANK,raw_synthetic_l2_dense_full_year\trade_month=2026-07\symbol=KOTAKBANK\part-00000.parquet,2026-07,900,1800,1785421349,1785424049,1784279675,1787068957,1,17039512,34
P325_SYNTH_EVENT_013_20260730,2026-07-30T20:07:29+05:30,synthetic_calendar_rbi_policy_like,LT,raw_synthetic_l2_dense_full_year\trade_month=2026-07\symbol=LT\part-00000.parquet,2026-07,900,1800,1785421349,1785424049,1784279475,1787081457,1,17027612,34
P325_SYNTH_EVENT_013_20260730,2026-07-30T20:07:29+05:30,synthetic_calendar_rbi_policy_like,M&M,raw_synthetic_l2_dense_full_year\trade_month=2026-07\symbol=M&M\part-00000.parquet,2026-07,900,1800,1785421349,1785424049,1784279475,1787086457,1,17051413,34
P325_SYNTH_EVENT_013_20260730,2026-07-30T20:07:29+05:30,synthetic_calendar_rbi_policy_like,MARUTI,raw_synthetic_l2_dense_full_year\trade_month=2026-07\symbol=MARUTI\part-00000.parquet,2026-07,900,1800,1785421349,1785424049,1784279249,1787074957,1,17053396,34
P325_SYNTH_EVENT_013_20260730,2026-07-30T20:07:29+05:30,synthetic_calendar_rbi_policy_like,NESTLEIND,raw_synthetic_l2_dense_full_year\trade_month=2026-07\symbol=NESTLEIND\part-00000.parquet,2026-07,900,1800,1785421349,1785424049,1784279475,1787078957,1,17079180,34
P325_SYNTH_EVENT_013_20260730,2026-07-30T20:07:29+05:30,synthetic_calendar_rbi_policy_like,NIFTYBEES,raw_synthetic_l2_dense_full_year\trade_month=2026-07\symbol=NIFTYBEES\part-00000.parquet,2026-07,900,1800,1785421349,1785424049,1784279475,1787083957,1,17057363,34
P325_SYNTH_EVENT_013_20260730,2026-07-30T20:07:29+05:30,synthetic_calendar_rbi_policy_like,ONGC,raw_synthetic_l2_dense_full_year\trade_month=2026-07\symbol=ONGC\part-00000.parquet,2026-07,900,1800,1785421349,1785424049,1784279675,1787084457,1,17039512,34
P325_SYNTH_EVENT_013_20260730,2026-07-30T20:07:29+05:30,synthetic_calendar_rbi_policy_like,RELIANCE,raw_synthetic_l2_dense_full_year\trade_month=2026-07\symbol=RELIANCE\part-00000.parquet,2026-07,900,1800,1785421349,1785424049,1784279675,1787074678,1,17037529,34
P325_SYNTH_EVENT_013_20260730,2026-07-30T20:07:29+05:30,synthetic_calendar_rbi_policy_like,SBIN,raw_synthetic_l2_dense_full_year\trade_month=2026-07\symbol=SBIN\part-00000.parquet,2026-07,900,1800,1785421349,1785424049,1784279675,1787085957,1,17071247,34
P325_SYNTH_EVENT_013_20260730,2026-07-30T20:07:29+05:30,synthetic_calendar_rbi_policy_like,SUNPHARMA,raw_synthetic_l2_dense_full_year\trade_month=2026-07\symbol=SUNPHARMA\part-00000.parquet,2026-07,900,1800,1785421349,1785424049,1784279675,1787073457,1,17057363,34
P325_SYNTH_EVENT_013_20260730,2026-07-30T20:07:29+05:30,synthetic_calendar_rbi_policy_like,TCS,raw_synthetic_l2_dense_full_year\trade_month=2026-07\symbol=TCS\part-00000.parquet,2026-07,900,1800,1785421349,1785424049,1784279675,1787099957,1,17033562,34
P325_SYNTH_EVENT_013_20260730,2026-07-30T20:07:29+05:30,synthetic_calendar_rbi_policy_like,TECHM,raw_synthetic_l2_dense_full_year\trade_month=2026-07\symbol=TECHM\part-00000.parquet,2026-07,900,1800,1785421349,1785424049,1784279675,1787090457,1,17037529,34
P325_SYNTH_EVENT_013_20260730,2026-07-30T20:07:29+05:30,synthetic_calendar_rbi_policy_like,ULTRACEMCO,raw_synthetic_l2_dense_full_year\trade_month=2026-07\symbol=ULTRACEMCO\part-00000.parquet,2026-07,900,1800,1785421349,1785424049,1784279675,1787070207,1,17047446,34
P325_SYNTH_EVENT_013_20260730,2026-07-30T20:07:29+05:30,synthetic_calendar_rbi_policy_like,WIPRO,raw_synthetic_l2_dense_full_year\trade_month=2026-07\symbol=WIPRO\part-00000.parquet,2026-07,900,1800,1785421349,1785424049,1784279675,1787074457,1,17043479,34
P325_SYNTH_EVENT_014_20260731,2026-07-31T19:22:29+05:30,synthetic_calendar_rbi_policy_like,ADANIPORTS,raw_synthetic_l2_dense_full_year\trade_month=2026-07\symbol=ADANIPORTS\part-00000.parquet,2026-07,900,1800,1785505049,1785507749,1784279563,1787080207,1,17059346,34
P325_SYNTH_EVENT_014_20260731,2026-07-31T19:22:29+05:30,synthetic_calendar_rbi_policy_like,AXISBANK,raw_synthetic_l2_dense_full_year\trade_month=2026-07\symbol=AXISBANK\part-00000.parquet,2026-07,900,1800,1785505049,1785507749,1784279675,1787071457,1,17059346,34
P325_SYNTH_EVENT_014_20260731,2026-07-31T19:22:29+05:30,synthetic_calendar_rbi_policy_like,BAJAJ-AUTO,raw_synthetic_l2_dense_full_year\trade_month=2026-07\symbol=BAJAJ-AUTO\part-00000.parquet,2026-07,900,1800,1785505049,1785507749,1784279475,1787076957,1,17041496,34
P325_SYNTH_EVENT_014_20260731,2026-07-31T19:22:29+05:30,synthetic_calendar_rbi_policy_like,BANKBEES,raw_synthetic_l2_dense_full_year\trade_month=2026-07\symbol=BANKBEES\part-00000.parquet,2026-07,900,1800,1785505049,1785507749,1784279675,1787075457,1,17069263,34
P325_SYNTH_EVENT_014_20260731,2026-07-31T19:22:29+05:30,synthetic_calendar_rbi_policy_like,BHARTIARTL,raw_synthetic_l2_dense_full_year\trade_month=2026-07\symbol=BHARTIARTL\part-00000.parquet,2026-07,900,1800,1785505049,1785507749,1784279675,1787078457,1,17055379,34
P325_SYNTH_EVENT_014_20260731,2026-07-31T19:22:29+05:30,synthetic_calendar_rbi_policy_like,BPCL,raw_synthetic_l2_dense_full_year\trade_month=2026-07\symbol=BPCL\part-00000.parquet,2026-07,900,1800,1785505049,1785507749,1784279475,1787088457,1,17061330,34
P325_SYNTH_EVENT_014_20260731,2026-07-31T19:22:29+05:30,synthetic_calendar_rbi_policy_like,BRITANNIA,raw_synthetic_l2_dense_full_year\trade_month=2026-07\symbol=BRITANNIA\part-00000.parquet,2026-07,900,1800,1785505049,1785507749,1784279675,1787073457,1,17025628,34
P325_SYNTH_EVENT_014_20260731,2026-07-31T19:22:29+05:30,synthetic_calendar_rbi_policy_like,CIPLA,raw_synthetic_l2_dense_full_year\trade_month=2026-07\symbol=CIPLA\part-00000.parquet,2026-07,900,1800,1785505049,1785507749,1784279675,1787074457,1,17045462,34
P325_SYNTH_EVENT_014_20260731,2026-07-31T19:22:29+05:30,synthetic_calendar_rbi_policy_like,DRREDDY,raw_synthetic_l2_dense_full_year\trade_month=2026-07\symbol=DRREDDY\part-00000.parquet,2026-07,900,1800,1785505049,1785507749,1784279675,1787077457,1,17041496,34
P325_SYNTH_EVENT_014_20260731,2026-07-31T19:22:29+05:30,synthetic_calendar_rbi_policy_like,GOLDBEES,raw_synthetic_l2_dense_full_year\trade_month=2026-07\symbol=GOLDBEES\part-00000.parquet,2026-07,900,1800,1785505049,1785507749,1784279675,1787069207,1,17059346,34
P325_SYNTH_EVENT_014_20260731,2026-07-31T19:22:29+05:30,synthetic_calendar_rbi_policy_like,HCLTECH,raw_synthetic_l2_dense_full_year\trade_month=2026-07\symbol=HCLTECH\part-00000.parquet,2026-07,900,1800,1785505049,1785507749,1784279675,1787090457,1,17033562,34
P325_SYNTH_EVENT_014_20260731,2026-07-31T19:22:29+05:30,synthetic_calendar_rbi_policy_like,HDFCBANK,raw_synthetic_l2_dense_full_year\trade_month=2026-07\symbol=HDFCBANK\part-00000.parquet,2026-07,900,1800,1785505049,1785507749,1784279475,1787070457,1,17031579,34
P325_SYNTH_EVENT_014_20260731,2026-07-31T19:22:29+05:30,synthetic_calendar_rbi_policy_like,HINDUNILVR,raw_synthetic_l2_dense_full_year\trade_month=2026-07\symbol=HINDUNILVR\part-00000.parquet,2026-07,900,1800,1785505049,1785507749,1784279675,1787071207,1,17051413,34
P325_SYNTH_EVENT_014_20260731,2026-07-31T19:22:29+05:30,synthetic_calendar_rbi_policy_like,ICICIBANK,raw_synthetic_l2_dense_full_year\trade_month=2026-07\symbol=ICICIBANK\part-00000.parquet,2026-07,900,1800,1785505049,1785507749,1784279675,1787089457,1,17037529,34
P325_SYNTH_EVENT_014_20260731,2026-07-31T19:22:29+05:30,synthetic_calendar_rbi_policy_like,INFY,raw_synthetic_l2_dense_full_year\trade_month=2026-07\symbol=INFY\part-00000.parquet,2026-07,900,1800,1785505049,1785507749,1784279675,1787082957,1,17053396,34
P325_SYNTH_EVENT_014_20260731,2026-07-31T19:22:29+05:30,synthetic_calendar_rbi_policy_like,ITBEES,raw_synthetic_l2_dense_full_year\trade_month=2026-07\symbol=ITBEES\part-00000.parquet,2026-07,900,1800,1785505049,1785507749,1784279475,1787074457,1,17055379,34
P325_SYNTH_EVENT_014_20260731,2026-07-31T19:22:29+05:30,synthetic_calendar_rbi_policy_like,ITC,raw_synthetic_l2_dense_full_year\trade_month=2026-07\symbol=ITC\part-00000.parquet,2026-07,900,1800,1785505049,1785507749,1784279675,1787080457,1,17031579,34
P325_SYNTH_EVENT_014_20260731,2026-07-31T19:22:29+05:30,synthetic_calendar_rbi_policy_like,JUNIORBEES,raw_synthetic_l2_dense_full_year\trade_month=2026-07\symbol=JUNIORBEES\part-00000.parquet,2026-07,900,1800,1785505049,1785507749,1784279475,1787081457,1,17073230,34
P325_SYNTH_EVENT_014_20260731,2026-07-31T19:22:29+05:30,synthetic_calendar_rbi_policy_like,KOTAKBANK,raw_synthetic_l2_dense_full_year\trade_month=2026-07\symbol=KOTAKBANK\part-00000.parquet,2026-07,900,1800,1785505049,1785507749,1784279675,1787068957,1,17039512,34
P325_SYNTH_EVENT_014_20260731,2026-07-31T19:22:29+05:30,synthetic_calendar_rbi_policy_like,LT,raw_synthetic_l2_dense_full_year\trade_month=2026-07\symbol=LT\part-00000.parquet,2026-07,900,1800,1785505049,1785507749,1784279475,1787081457,1,17027612,34
P325_SYNTH_EVENT_014_20260731,2026-07-31T19:22:29+05:30,synthetic_calendar_rbi_policy_like,M&M,raw_synthetic_l2_dense_full_year\trade_month=2026-07\symbol=M&M\part-00000.parquet,2026-07,900,1800,1785505049,1785507749,1784279475,1787086457,1,17051413,34
P325_SYNTH_EVENT_014_20260731,2026-07-31T19:22:29+05:30,synthetic_calendar_rbi_policy_like,MARUTI,raw_synthetic_l2_dense_full_year\trade_month=2026-07\symbol=MARUTI\part-00000.parquet,2026-07,900,1800,1785505049,1785507749,1784279249,1787074957,1,17053396,34
P325_SYNTH_EVENT_014_20260731,2026-07-31T19:22:29+05:30,synthetic_calendar_rbi_policy_like,NESTLEIND,raw_synthetic_l2_dense_full_year\trade_month=2026-07\symbol=NESTLEIND\part-00000.parquet,2026-07,900,1800,1785505049,1785507749,1784279475,1787078957,1,17079180,34
P325_SYNTH_EVENT_014_20260731,2026-07-31T19:22:29+05:30,synthetic_calendar_rbi_policy_like,NIFTYBEES,raw_synthetic_l2_dense_full_year\trade_month=2026-07\symbol=NIFTYBEES\part-00000.parquet,2026-07,900,1800,1785505049,1785507749,1784279475,1787083957,1,17057363,34
P325_SYNTH_EVENT_014_20260731,2026-07-31T19:22:29+05:30,synthetic_calendar_rbi_policy_like,ONGC,raw_synthetic_l2_dense_full_year\trade_month=2026-07\symbol=ONGC\part-00000.parquet,2026-07,900,1800,1785505049,1785507749,1784279675,1787084457,1,17039512,34
P325_SYNTH_EVENT_014_20260731,2026-07-31T19:22:29+05:30,synthetic_calendar_rbi_policy_like,RELIANCE,raw_synthetic_l2_dense_full_year\trade_month=2026-07\symbol=RELIANCE\part-00000.parquet,2026-07,900,1800,1785505049,1785507749,1784279675,1787074678,1,17037529,34
P325_SYNTH_EVENT_014_20260731,2026-07-31T19:22:29+05:30,synthetic_calendar_rbi_policy_like,SBIN,raw_synthetic_l2_dense_full_year\trade_month=2026-07\symbol=SBIN\part-00000.parquet,2026-07,900,1800,1785505049,1785507749,1784279675,1787085957,1,17071247,34
P325_SYNTH_EVENT_014_20260731,2026-07-31T19:22:29+05:30,synthetic_calendar_rbi_policy_like,SUNPHARMA,raw_synthetic_l2_dense_full_year\trade_month=2026-07\symbol=SUNPHARMA\part-00000.parquet,2026-07,900,1800,1785505049,1785507749,1784279675,1787073457,1,17057363,34
P325_SYNTH_EVENT_014_20260731,2026-07-31T19:22:29+05:30,synthetic_calendar_rbi_policy_like,TCS,raw_synthetic_l2_dense_full_year\trade_month=2026-07\symbol=TCS\part-00000.parquet,2026-07,900,1800,1785505049,1785507749,1784279675,1787099957,1,17033562,34
P325_SYNTH_EVENT_014_20260731,2026-07-31T19:22:29+05:30,synthetic_calendar_rbi_policy_like,TECHM,raw_synthetic_l2_dense_full_year\trade_month=2026-07\symbol=TECHM\part-00000.parquet,2026-07,900,1800,1785505049,1785507749,1784279675,1787090457,1,17037529,34
P325_SYNTH_EVENT_014_20260731,2026-07-31T19:22:29+05:30,synthetic_calendar_rbi_policy_like,ULTRACEMCO,raw_synthetic_l2_dense_full_year\trade_month=2026-07\symbol=ULTRACEMCO\part-00000.parquet,2026-07,900,1800,1785505049,1785507749,1784279675,1787070207,1,17047446,34
P325_SYNTH_EVENT_014_20260731,2026-07-31T19:22:29+05:30,synthetic_calendar_rbi_policy_like,WIPRO,raw_synthetic_l2_dense_full_year\trade_month=2026-07\symbol=WIPRO\part-00000.parquet,2026-07,900,1800,1785505049,1785507749,1784279675,1787074457,1,17043479,34
P325_SYNTH_EVENT_015_20260803,2026-08-03T17:07:29+05:30,synthetic_calendar_rbi_policy_like,ADANIPORTS,raw_synthetic_l2_dense_full_year\trade_month=2026-07\symbol=ADANIPORTS\part-00000.parquet,2026-07,900,1800,1785756149,1785758849,1784279563,1787080207,1,17059346,34
P325_SYNTH_EVENT_015_20260803,2026-08-03T17:07:29+05:30,synthetic_calendar_rbi_policy_like,AXISBANK,raw_synthetic_l2_dense_full_year\trade_month=2026-07\symbol=AXISBANK\part-00000.parquet,2026-07,900,1800,1785756149,1785758849,1784279675,1787071457,1,17059346,34
P325_SYNTH_EVENT_015_20260803,2026-08-03T17:07:29+05:30,synthetic_calendar_rbi_policy_like,BAJAJ-AUTO,raw_synthetic_l2_dense_full_year\trade_month=2026-07\symbol=BAJAJ-AUTO\part-00000.parquet,2026-07,900,1800,1785756149,1785758849,1784279475,1787076957,1,17041496,34
P325_SYNTH_EVENT_015_20260803,2026-08-03T17:07:29+05:30,synthetic_calendar_rbi_policy_like,BANKBEES,raw_synthetic_l2_dense_full_year\trade_month=2026-07\symbol=BANKBEES\part-00000.parquet,2026-07,900,1800,1785756149,1785758849,1784279675,1787075457,1,17069263,34
P325_SYNTH_EVENT_015_20260803,2026-08-03T17:07:29+05:30,synthetic_calendar_rbi_policy_like,BHARTIARTL,raw_synthetic_l2_dense_full_year\trade_month=2026-07\symbol=BHARTIARTL\part-00000.parquet,2026-07,900,1800,1785756149,1785758849,1784279675,1787078457,1,17055379,34
P325_SYNTH_EVENT_015_20260803,2026-08-03T17:07:29+05:30,synthetic_calendar_rbi_policy_like,BPCL,raw_synthetic_l2_dense_full_year\trade_month=2026-07\symbol=BPCL\part-00000.parquet,2026-07,900,1800,1785756149,1785758849,1784279475,1787088457,1,17061330,34
P325_SYNTH_EVENT_015_20260803,2026-08-03T17:07:29+05:30,synthetic_calendar_rbi_policy_like,BRITANNIA,raw_synthetic_l2_dense_full_year\trade_month=2026-07\symbol=BRITANNIA\part-00000.parquet,2026-07,900,1800,1785756149,1785758849,1784279675,1787073457,1,17025628,34
P325_SYNTH_EVENT_015_20260803,2026-08-03T17:07:29+05:30,synthetic_calendar_rbi_policy_like,CIPLA,raw_synthetic_l2_dense_full_year\trade_month=2026-07\symbol=CIPLA\part-00000.parquet,2026-07,900,1800,1785756149,1785758849,1784279675,1787074457,1,17045462,34
P325_SYNTH_EVENT_015_20260803,2026-08-03T17:07:29+05:30,synthetic_calendar_rbi_policy_like,DRREDDY,raw_synthetic_l2_dense_full_year\trade_month=2026-07\symbol=DRREDDY\part-00000.parquet,2026-07,900,1800,1785756149,1785758849,1784279675,1787077457,1,17041496,34
P325_SYNTH_EVENT_015_20260803,2026-08-03T17:07:29+05:30,synthetic_calendar_rbi_policy_like,GOLDBEES,raw_synthetic_l2_dense_full_year\trade_month=2026-07\symbol=GOLDBEES\part-00000.parquet,2026-07,900,1800,1785756149,1785758849,1784279675,1787069207,1,17059346,34
P325_SYNTH_EVENT_015_20260803,2026-08-03T17:07:29+05:30,synthetic_calendar_rbi_policy_like,HCLTECH,raw_synthetic_l2_dense_full_year\trade_month=2026-07\symbol=HCLTECH\part-00000.parquet,2026-07,900,1800,1785756149,1785758849,1784279675,1787090457,1,17033562,34
P325_SYNTH_EVENT_015_20260803,2026-08-03T17:07:29+05:30,synthetic_calendar_rbi_policy_like,HDFCBANK,raw_synthetic_l2_dense_full_year\trade_month=2026-07\symbol=HDFCBANK\part-00000.parquet,2026-07,900,1800,1785756149,1785758849,1784279475,1787070457,1,17031579,34
P325_SYNTH_EVENT_015_20260803,2026-08-03T17:07:29+05:30,synthetic_calendar_rbi_policy_like,HINDUNILVR,raw_synthetic_l2_dense_full_year\trade_month=2026-07\symbol=HINDUNILVR\part-00000.parquet,2026-07,900,1800,1785756149,1785758849,1784279675,1787071207,1,17051413,34
P325_SYNTH_EVENT_015_20260803,2026-08-03T17:07:29+05:30,synthetic_calendar_rbi_policy_like,ICICIBANK,raw_synthetic_l2_dense_full_year\trade_month=2026-07\symbol=ICICIBANK\part-00000.parquet,2026-07,900,1800,1785756149,1785758849,1784279675,1787089457,1,17037529,34
P325_SYNTH_EVENT_015_20260803,2026-08-03T17:07:29+05:30,synthetic_calendar_rbi_policy_like,INFY,raw_synthetic_l2_dense_full_year\trade_month=2026-07\symbol=INFY\part-00000.parquet,2026-07,900,1800,1785756149,1785758849,1784279675,1787082957,1,17053396,34
P325_SYNTH_EVENT_015_20260803,2026-08-03T17:07:29+05:30,synthetic_calendar_rbi_policy_like,ITBEES,raw_synthetic_l2_dense_full_year\trade_month=2026-07\symbol=ITBEES\part-00000.parquet,2026-07,900,1800,1785756149,1785758849,1784279475,1787074457,1,17055379,34
P325_SYNTH_EVENT_015_20260803,2026-08-03T17:07:29+05:30,synthetic_calendar_rbi_policy_like,ITC,raw_synthetic_l2_dense_full_year\trade_month=2026-07\symbol=ITC\part-00000.parquet,2026-07,900,1800,1785756149,1785758849,1784279675,1787080457,1,17031579,34
P325_SYNTH_EVENT_015_20260803,2026-08-03T17:07:29+05:30,synthetic_calendar_rbi_policy_like,JUNIORBEES,raw_synthetic_l2_dense_full_year\trade_month=2026-07\symbol=JUNIORBEES\part-00000.parquet,2026-07,900,1800,1785756149,1785758849,1784279475,1787081457,1,17073230,34
P325_SYNTH_EVENT_015_20260803,2026-08-03T17:07:29+05:30,synthetic_calendar_rbi_policy_like,KOTAKBANK,raw_synthetic_l2_dense_full_year\trade_month=2026-07\symbol=KOTAKBANK\part-00000.parquet,2026-07,900,1800,1785756149,1785758849,1784279675,1787068957,1,17039512,34
P325_SYNTH_EVENT_015_20260803,2026-08-03T17:07:29+05:30,synthetic_calendar_rbi_policy_like,LT,raw_synthetic_l2_dense_full_year\trade_month=2026-07\symbol=LT\part-00000.parquet,2026-07,900,1800,1785756149,1785758849,1784279475,1787081457,1,17027612,34
P325_SYNTH_EVENT_015_20260803,2026-08-03T17:07:29+05:30,synthetic_calendar_rbi_policy_like,M&M,raw_synthetic_l2_dense_full_year\trade_month=2026-07\symbol=M&M\part-00000.parquet,2026-07,900,1800,1785756149,1785758849,1784279475,1787086457,1,17051413,34
P325_SYNTH_EVENT_015_20260803,2026-08-03T17:07:29+05:30,synthetic_calendar_rbi_policy_like,MARUTI,raw_synthetic_l2_dense_full_year\trade_month=2026-07\symbol=MARUTI\part-00000.parquet,2026-07,900,1800,1785756149,1785758849,1784279249,1787074957,1,17053396,34
P325_SYNTH_EVENT_015_20260803,2026-08-03T17:07:29+05:30,synthetic_calendar_rbi_policy_like,NESTLEIND,raw_synthetic_l2_dense_full_year\trade_month=2026-07\symbol=NESTLEIND\part-00000.parquet,2026-07,900,1800,1785756149,1785758849,1784279475,1787078957,1,17079180,34
P325_SYNTH_EVENT_015_20260803,2026-08-03T17:07:29+05:30,synthetic_calendar_rbi_policy_like,NIFTYBEES,raw_synthetic_l2_dense_full_year\trade_month=2026-07\symbol=NIFTYBEES\part-00000.parquet,2026-07,900,1800,1785756149,1785758849,1784279475,1787083957,1,17057363,34
P325_SYNTH_EVENT_015_20260803,2026-08-03T17:07:29+05:30,synthetic_calendar_rbi_policy_like,ONGC,raw_synthetic_l2_dense_full_year\trade_month=2026-07\symbol=ONGC\part-00000.parquet,2026-07,900,1800,1785756149,1785758849,1784279675,1787084457,1,17039512,34
P325_SYNTH_EVENT_015_20260803,2026-08-03T17:07:29+05:30,synthetic_calendar_rbi_policy_like,RELIANCE,raw_synthetic_l2_dense_full_year\trade_month=2026-07\symbol=RELIANCE\part-00000.parquet,2026-07,900,1800,1785756149,1785758849,1784279675,1787074678,1,17037529,34
P325_SYNTH_EVENT_015_20260803,2026-08-03T17:07:29+05:30,synthetic_calendar_rbi_policy_like,SBIN,raw_synthetic_l2_dense_full_year\trade_month=2026-07\symbol=SBIN\part-00000.parquet,2026-07,900,1800,1785756149,1785758849,1784279675,1787085957,1,17071247,34
P325_SYNTH_EVENT_015_20260803,2026-08-03T17:07:29+05:30,synthetic_calendar_rbi_policy_like,SUNPHARMA,raw_synthetic_l2_dense_full_year\trade_month=2026-07\symbol=SUNPHARMA\part-00000.parquet,2026-07,900,1800,1785756149,1785758849,1784279675,1787073457,1,17057363,34
P325_SYNTH_EVENT_015_20260803,2026-08-03T17:07:29+05:30,synthetic_calendar_rbi_policy_like,TCS,raw_synthetic_l2_dense_full_year\trade_month=2026-07\symbol=TCS\part-00000.parquet,2026-07,900,1800,1785756149,1785758849,1784279675,1787099957,1,17033562,34
P325_SYNTH_EVENT_015_20260803,2026-08-03T17:07:29+05:30,synthetic_calendar_rbi_policy_like,TECHM,raw_synthetic_l2_dense_full_year\trade_month=2026-07\symbol=TECHM\part-00000.parquet,2026-07,900,1800,1785756149,1785758849,1784279675,1787090457,1,17037529,34
P325_SYNTH_EVENT_015_20260803,2026-08-03T17:07:29+05:30,synthetic_calendar_rbi_policy_like,ULTRACEMCO,raw_synthetic_l2_dense_full_year\trade_month=2026-07\symbol=ULTRACEMCO\part-00000.parquet,2026-07,900,1800,1785756149,1785758849,1784279675,1787070207,1,17047446,34
P325_SYNTH_EVENT_015_20260803,2026-08-03T17:07:29+05:30,synthetic_calendar_rbi_policy_like,WIPRO,raw_synthetic_l2_dense_full_year\trade_month=2026-07\symbol=WIPRO\part-00000.parquet,2026-07,900,1800,1785756149,1785758849,1784279675,1787074457,1,17043479,34
P325_SYNTH_EVENT_016_20260804,2026-08-04T17:52:29+05:30,synthetic_calendar_rbi_policy_like,ADANIPORTS,raw_synthetic_l2_dense_full_year\trade_month=2026-07\symbol=ADANIPORTS\part-00000.parquet,2026-07,900,1800,1785845249,1785847949,1784279563,1787080207,1,17059346,34
P325_SYNTH_EVENT_016_20260804,2026-08-04T17:52:29+05:30,synthetic_calendar_rbi_policy_like,AXISBANK,raw_synthetic_l2_dense_full_year\trade_month=2026-07\symbol=AXISBANK\part-00000.parquet,2026-07,900,1800,1785845249,1785847949,1784279675,1787071457,1,17059346,34
P325_SYNTH_EVENT_016_20260804,2026-08-04T17:52:29+05:30,synthetic_calendar_rbi_policy_like,BAJAJ-AUTO,raw_synthetic_l2_dense_full_year\trade_month=2026-07\symbol=BAJAJ-AUTO\part-00000.parquet,2026-07,900,1800,1785845249,1785847949,1784279475,1787076957,1,17041496,34
P325_SYNTH_EVENT_016_20260804,2026-08-04T17:52:29+05:30,synthetic_calendar_rbi_policy_like,BANKBEES,raw_synthetic_l2_dense_full_year\trade_month=2026-07\symbol=BANKBEES\part-00000.parquet,2026-07,900,1800,1785845249,1785847949,1784279675,1787075457,1,17069263,34
P325_SYNTH_EVENT_016_20260804,2026-08-04T17:52:29+05:30,synthetic_calendar_rbi_policy_like,BHARTIARTL,raw_synthetic_l2_dense_full_year\trade_month=2026-07\symbol=BHARTIARTL\part-00000.parquet,2026-07,900,1800,1785845249,1785847949,1784279675,1787078457,1,17055379,34
P325_SYNTH_EVENT_016_20260804,2026-08-04T17:52:29+05:30,synthetic_calendar_rbi_policy_like,BPCL,raw_synthetic_l2_dense_full_year\trade_month=2026-07\symbol=BPCL\part-00000.parquet,2026-07,900,1800,1785845249,1785847949,1784279475,1787088457,1,17061330,34
P325_SYNTH_EVENT_016_20260804,2026-08-04T17:52:29+05:30,synthetic_calendar_rbi_policy_like,BRITANNIA,raw_synthetic_l2_dense_full_year\trade_month=2026-07\symbol=BRITANNIA\part-00000.parquet,2026-07,900,1800,1785845249,1785847949,1784279675,1787073457,1,17025628,34
P325_SYNTH_EVENT_016_20260804,2026-08-04T17:52:29+05:30,synthetic_calendar_rbi_policy_like,CIPLA,raw_synthetic_l2_dense_full_year\trade_month=2026-07\symbol=CIPLA\part-00000.parquet,2026-07,900,1800,1785845249,1785847949,1784279675,1787074457,1,17045462,34
P325_SYNTH_EVENT_016_20260804,2026-08-04T17:52:29+05:30,synthetic_calendar_rbi_policy_like,DRREDDY,raw_synthetic_l2_dense_full_year\trade_month=2026-07\symbol=DRREDDY\part-00000.parquet,2026-07,900,1800,1785845249,1785847949,1784279675,1787077457,1,17041496,34
P325_SYNTH_EVENT_016_20260804,2026-08-04T17:52:29+05:30,synthetic_calendar_rbi_policy_like,GOLDBEES,raw_synthetic_l2_dense_full_year\trade_month=2026-07\symbol=GOLDBEES\part-00000.parquet,2026-07,900,1800,1785845249,1785847949,1784279675,1787069207,1,17059346,34
P325_SYNTH_EVENT_016_20260804,2026-08-04T17:52:29+05:30,synthetic_calendar_rbi_policy_like,HCLTECH,raw_synthetic_l2_dense_full_year\trade_month=2026-07\symbol=HCLTECH\part-00000.parquet,2026-07,900,1800,1785845249,1785847949,1784279675,1787090457,1,17033562,34
P325_SYNTH_EVENT_016_20260804,2026-08-04T17:52:29+05:30,synthetic_calendar_rbi_policy_like,HDFCBANK,raw_synthetic_l2_dense_full_year\trade_month=2026-07\symbol=HDFCBANK\part-00000.parquet,2026-07,900,1800,1785845249,1785847949,1784279475,1787070457,1,17031579,34
P325_SYNTH_EVENT_016_20260804,2026-08-04T17:52:29+05:30,synthetic_calendar_rbi_policy_like,HINDUNILVR,raw_synthetic_l2_dense_full_year\trade_month=2026-07\symbol=HINDUNILVR\part-00000.parquet,2026-07,900,1800,1785845249,1785847949,1784279675,1787071207,1,17051413,34
P325_SYNTH_EVENT_016_20260804,2026-08-04T17:52:29+05:30,synthetic_calendar_rbi_policy_like,ICICIBANK,raw_synthetic_l2_dense_full_year\trade_month=2026-07\symbol=ICICIBANK\part-00000.parquet,2026-07,900,1800,1785845249,1785847949,1784279675,1787089457,1,17037529,34
P325_SYNTH_EVENT_016_20260804,2026-08-04T17:52:29+05:30,synthetic_calendar_rbi_policy_like,INFY,raw_synthetic_l2_dense_full_year\trade_month=2026-07\symbol=INFY\part-00000.parquet,2026-07,900,1800,1785845249,1785847949,1784279675,1787082957,1,17053396,34
P325_SYNTH_EVENT_016_20260804,2026-08-04T17:52:29+05:30,synthetic_calendar_rbi_policy_like,ITBEES,raw_synthetic_l2_dense_full_year\trade_month=2026-07\symbol=ITBEES\part-00000.parquet,2026-07,900,1800,1785845249,1785847949,1784279475,1787074457,1,17055379,34
P325_SYNTH_EVENT_016_20260804,2026-08-04T17:52:29+05:30,synthetic_calendar_rbi_policy_like,ITC,raw_synthetic_l2_dense_full_year\trade_month=2026-07\symbol=ITC\part-00000.parquet,2026-07,900,1800,1785845249,1785847949,1784279675,1787080457,1,17031579,34
P325_SYNTH_EVENT_016_20260804,2026-08-04T17:52:29+05:30,synthetic_calendar_rbi_policy_like,JUNIORBEES,raw_synthetic_l2_dense_full_year\trade_month=2026-07\symbol=JUNIORBEES\part-00000.parquet,2026-07,900,1800,1785845249,1785847949,1784279475,1787081457,1,17073230,34
P325_SYNTH_EVENT_016_20260804,2026-08-04T17:52:29+05:30,synthetic_calendar_rbi_policy_like,KOTAKBANK,raw_synthetic_l2_dense_full_year\trade_month=2026-07\symbol=KOTAKBANK\part-00000.parquet,2026-07,900,1800,1785845249,1785847949,1784279675,1787068957,1,17039512,34
P325_SYNTH_EVENT_016_20260804,2026-08-04T17:52:29+05:30,synthetic_calendar_rbi_policy_like,LT,raw_synthetic_l2_dense_full_year\trade_month=2026-07\symbol=LT\part-00000.parquet,2026-07,900,1800,1785845249,1785847949,1784279475,1787081457,1,17027612,34
P325_SYNTH_EVENT_016_20260804,2026-08-04T17:52:29+05:30,synthetic_calendar_rbi_policy_like,M&M,raw_synthetic_l2_dense_full_year\trade_month=2026-07\symbol=M&M\part-00000.parquet,2026-07,900,1800,1785845249,1785847949,1784279475,1787086457,1,17051413,34
P325_SYNTH_EVENT_016_20260804,2026-08-04T17:52:29+05:30,synthetic_calendar_rbi_policy_like,MARUTI,raw_synthetic_l2_dense_full_year\trade_month=2026-07\symbol=MARUTI\part-00000.parquet,2026-07,900,1800,1785845249,1785847949,1784279249,1787074957,1,17053396,34
P325_SYNTH_EVENT_016_20260804,2026-08-04T17:52:29+05:30,synthetic_calendar_rbi_policy_like,NESTLEIND,raw_synthetic_l2_dense_full_year\trade_month=2026-07\symbol=NESTLEIND\part-00000.parquet,2026-07,900,1800,1785845249,1785847949,1784279475,1787078957,1,17079180,34
P325_SYNTH_EVENT_016_20260804,2026-08-04T17:52:29+05:30,synthetic_calendar_rbi_policy_like,NIFTYBEES,raw_synthetic_l2_dense_full_year\trade_month=2026-07\symbol=NIFTYBEES\part-00000.parquet,2026-07,900,1800,1785845249,1785847949,1784279475,1787083957,1,17057363,34
P325_SYNTH_EVENT_016_20260804,2026-08-04T17:52:29+05:30,synthetic_calendar_rbi_policy_like,ONGC,raw_synthetic_l2_dense_full_year\trade_month=2026-07\symbol=ONGC\part-00000.parquet,2026-07,900,1800,1785845249,1785847949,1784279675,1787084457,1,17039512,34
P325_SYNTH_EVENT_016_20260804,2026-08-04T17:52:29+05:30,synthetic_calendar_rbi_policy_like,RELIANCE,raw_synthetic_l2_dense_full_year\trade_month=2026-07\symbol=RELIANCE\part-00000.parquet,2026-07,900,1800,1785845249,1785847949,1784279675,1787074678,1,17037529,34
P325_SYNTH_EVENT_016_20260804,2026-08-04T17:52:29+05:30,synthetic_calendar_rbi_policy_like,SBIN,raw_synthetic_l2_dense_full_year\trade_month=2026-07\symbol=SBIN\part-00000.parquet,2026-07,900,1800,1785845249,1785847949,1784279675,1787085957,1,17071247,34
P325_SYNTH_EVENT_016_20260804,2026-08-04T17:52:29+05:30,synthetic_calendar_rbi_policy_like,SUNPHARMA,raw_synthetic_l2_dense_full_year\trade_month=2026-07\symbol=SUNPHARMA\part-00000.parquet,2026-07,900,1800,1785845249,1785847949,1784279675,1787073457,1,17057363,34
P325_SYNTH_EVENT_016_20260804,2026-08-04T17:52:29+05:30,synthetic_calendar_rbi_policy_like,TCS,raw_synthetic_l2_dense_full_year\trade_month=2026-07\symbol=TCS\part-00000.parquet,2026-07,900,1800,1785845249,1785847949,1784279675,1787099957,1,17033562,34
P325_SYNTH_EVENT_016_20260804,2026-08-04T17:52:29+05:30,synthetic_calendar_rbi_policy_like,TECHM,raw_synthetic_l2_dense_full_year\trade_month=2026-07\symbol=TECHM\part-00000.parquet,2026-07,900,1800,1785845249,1785847949,1784279675,1787090457,1,17037529,34
P325_SYNTH_EVENT_016_20260804,2026-08-04T17:52:29+05:30,synthetic_calendar_rbi_policy_like,ULTRACEMCO,raw_synthetic_l2_dense_full_year\trade_month=2026-07\symbol=ULTRACEMCO\part-00000.parquet,2026-07,900,1800,1785845249,1785847949,1784279675,1787070207,1,17047446,34
P325_SYNTH_EVENT_016_20260804,2026-08-04T17:52:29+05:30,synthetic_calendar_rbi_policy_like,WIPRO,raw_synthetic_l2_dense_full_year\trade_month=2026-07\symbol=WIPRO\part-00000.parquet,2026-07,900,1800,1785845249,1785847949,1784279675,1787074457,1,17043479,34
P325_SYNTH_EVENT_017_20260805,2026-08-05T18:37:29+05:30,synthetic_calendar_rbi_policy_like,ADANIPORTS,raw_synthetic_l2_dense_full_year\trade_month=2026-07\symbol=ADANIPORTS\part-00000.parquet,2026-07,900,1800,1785934349,1785937049,1784279563,1787080207,1,17059346,34
P325_SYNTH_EVENT_017_20260805,2026-08-05T18:37:29+05:30,synthetic_calendar_rbi_policy_like,AXISBANK,raw_synthetic_l2_dense_full_year\trade_month=2026-07\symbol=AXISBANK\part-00000.parquet,2026-07,900,1800,1785934349,1785937049,1784279675,1787071457,1,17059346,34
P325_SYNTH_EVENT_017_20260805,2026-08-05T18:37:29+05:30,synthetic_calendar_rbi_policy_like,BAJAJ-AUTO,raw_synthetic_l2_dense_full_year\trade_month=2026-07\symbol=BAJAJ-AUTO\part-00000.parquet,2026-07,900,1800,1785934349,1785937049,1784279475,1787076957,1,17041496,34
P325_SYNTH_EVENT_017_20260805,2026-08-05T18:37:29+05:30,synthetic_calendar_rbi_policy_like,BANKBEES,raw_synthetic_l2_dense_full_year\trade_month=2026-07\symbol=BANKBEES\part-00000.parquet,2026-07,900,1800,1785934349,1785937049,1784279675,1787075457,1,17069263,34
P325_SYNTH_EVENT_017_20260805,2026-08-05T18:37:29+05:30,synthetic_calendar_rbi_policy_like,BHARTIARTL,raw_synthetic_l2_dense_full_year\trade_month=2026-07\symbol=BHARTIARTL\part-00000.parquet,2026-07,900,1800,1785934349,1785937049,1784279675,1787078457,1,17055379,34
P325_SYNTH_EVENT_017_20260805,2026-08-05T18:37:29+05:30,synthetic_calendar_rbi_policy_like,BPCL,raw_synthetic_l2_dense_full_year\trade_month=2026-07\symbol=BPCL\part-00000.parquet,2026-07,900,1800,1785934349,1785937049,1784279475,1787088457,1,17061330,34
P325_SYNTH_EVENT_017_20260805,2026-08-05T18:37:29+05:30,synthetic_calendar_rbi_policy_like,BRITANNIA,raw_synthetic_l2_dense_full_year\trade_month=2026-07\symbol=BRITANNIA\part-00000.parquet,2026-07,900,1800,1785934349,1785937049,1784279675,1787073457,1,17025628,34
P325_SYNTH_EVENT_017_20260805,2026-08-05T18:37:29+05:30,synthetic_calendar_rbi_policy_like,CIPLA,raw_synthetic_l2_dense_full_year\trade_month=2026-07\symbol=CIPLA\part-00000.parquet,2026-07,900,1800,1785934349,1785937049,1784279675,1787074457,1,17045462,34
P325_SYNTH_EVENT_017_20260805,2026-08-05T18:37:29+05:30,synthetic_calendar_rbi_policy_like,DRREDDY,raw_synthetic_l2_dense_full_year\trade_month=2026-07\symbol=DRREDDY\part-00000.parquet,2026-07,900,1800,1785934349,1785937049,1784279675,1787077457,1,17041496,34
P325_SYNTH_EVENT_017_20260805,2026-08-05T18:37:29+05:30,synthetic_calendar_rbi_policy_like,GOLDBEES,raw_synthetic_l2_dense_full_year\trade_month=2026-07\symbol=GOLDBEES\part-00000.parquet,2026-07,900,1800,1785934349,1785937049,1784279675,1787069207,1,17059346,34
P325_SYNTH_EVENT_017_20260805,2026-08-05T18:37:29+05:30,synthetic_calendar_rbi_policy_like,HCLTECH,raw_synthetic_l2_dense_full_year\trade_month=2026-07\symbol=HCLTECH\part-00000.parquet,2026-07,900,1800,1785934349,1785937049,1784279675,1787090457,1,17033562,34
P325_SYNTH_EVENT_017_20260805,2026-08-05T18:37:29+05:30,synthetic_calendar_rbi_policy_like,HDFCBANK,raw_synthetic_l2_dense_full_year\trade_month=2026-07\symbol=HDFCBANK\part-00000.parquet,2026-07,900,1800,1785934349,1785937049,1784279475,1787070457,1,17031579,34
P325_SYNTH_EVENT_017_20260805,2026-08-05T18:37:29+05:30,synthetic_calendar_rbi_policy_like,HINDUNILVR,raw_synthetic_l2_dense_full_year\trade_month=2026-07\symbol=HINDUNILVR\part-00000.parquet,2026-07,900,1800,1785934349,1785937049,1784279675,1787071207,1,17051413,34
P325_SYNTH_EVENT_017_20260805,2026-08-05T18:37:29+05:30,synthetic_calendar_rbi_policy_like,ICICIBANK,raw_synthetic_l2_dense_full_year\trade_month=2026-07\symbol=ICICIBANK\part-00000.parquet,2026-07,900,1800,1785934349,1785937049,1784279675,1787089457,1,17037529,34
P325_SYNTH_EVENT_017_20260805,2026-08-05T18:37:29+05:30,synthetic_calendar_rbi_policy_like,INFY,raw_synthetic_l2_dense_full_year\trade_month=2026-07\symbol=INFY\part-00000.parquet,2026-07,900,1800,1785934349,1785937049,1784279675,1787082957,1,17053396,34
P325_SYNTH_EVENT_017_20260805,2026-08-05T18:37:29+05:30,synthetic_calendar_rbi_policy_like,ITBEES,raw_synthetic_l2_dense_full_year\trade_month=2026-07\symbol=ITBEES\part-00000.parquet,2026-07,900,1800,1785934349,1785937049,1784279475,1787074457,1,17055379,34
P325_SYNTH_EVENT_017_20260805,2026-08-05T18:37:29+05:30,synthetic_calendar_rbi_policy_like,ITC,raw_synthetic_l2_dense_full_year\trade_month=2026-07\symbol=ITC\part-00000.parquet,2026-07,900,1800,1785934349,1785937049,1784279675,1787080457,1,17031579,34
P325_SYNTH_EVENT_017_20260805,2026-08-05T18:37:29+05:30,synthetic_calendar_rbi_policy_like,JUNIORBEES,raw_synthetic_l2_dense_full_year\trade_month=2026-07\symbol=JUNIORBEES\part-00000.parquet,2026-07,900,1800,1785934349,1785937049,1784279475,1787081457,1,17073230,34
P325_SYNTH_EVENT_017_20260805,2026-08-05T18:37:29+05:30,synthetic_calendar_rbi_policy_like,KOTAKBANK,raw_synthetic_l2_dense_full_year\trade_month=2026-07\symbol=KOTAKBANK\part-00000.parquet,2026-07,900,1800,1785934349,1785937049,1784279675,1787068957,1,17039512,34
P325_SYNTH_EVENT_017_20260805,2026-08-05T18:37:29+05:30,synthetic_calendar_rbi_policy_like,LT,raw_synthetic_l2_dense_full_year\trade_month=2026-07\symbol=LT\part-00000.parquet,2026-07,900,1800,1785934349,1785937049,1784279475,1787081457,1,17027612,34
P325_SYNTH_EVENT_017_20260805,2026-08-05T18:37:29+05:30,synthetic_calendar_rbi_policy_like,M&M,raw_synthetic_l2_dense_full_year\trade_month=2026-07\symbol=M&M\part-00000.parquet,2026-07,900,1800,1785934349,1785937049,1784279475,1787086457,1,17051413,34
P325_SYNTH_EVENT_017_20260805,2026-08-05T18:37:29+05:30,synthetic_calendar_rbi_policy_like,MARUTI,raw_synthetic_l2_dense_full_year\trade_month=2026-07\symbol=MARUTI\part-00000.parquet,2026-07,900,1800,1785934349,1785937049,1784279249,1787074957,1,17053396,34
P325_SYNTH_EVENT_017_20260805,2026-08-05T18:37:29+05:30,synthetic_calendar_rbi_policy_like,NESTLEIND,raw_synthetic_l2_dense_full_year\trade_month=2026-07\symbol=NESTLEIND\part-00000.parquet,2026-07,900,1800,1785934349,1785937049,1784279475,1787078957,1,17079180,34
P325_SYNTH_EVENT_017_20260805,2026-08-05T18:37:29+05:30,synthetic_calendar_rbi_policy_like,NIFTYBEES,raw_synthetic_l2_dense_full_year\trade_month=2026-07\symbol=NIFTYBEES\part-00000.parquet,2026-07,900,1800,1785934349,1785937049,1784279475,1787083957,1,17057363,34
P325_SYNTH_EVENT_017_20260805,2026-08-05T18:37:29+05:30,synthetic_calendar_rbi_policy_like,ONGC,raw_synthetic_l2_dense_full_year\trade_month=2026-07\symbol=ONGC\part-00000.parquet,2026-07,900,1800,1785934349,1785937049,1784279675,1787084457,1,17039512,34
P325_SYNTH_EVENT_017_20260805,2026-08-05T18:37:29+05:30,synthetic_calendar_rbi_policy_like,RELIANCE,raw_synthetic_l2_dense_full_year\trade_month=2026-07\symbol=RELIANCE\part-00000.parquet,2026-07,900,1800,1785934349,1785937049,1784279675,1787074678,1,17037529,34
P325_SYNTH_EVENT_017_20260805,2026-08-05T18:37:29+05:30,synthetic_calendar_rbi_policy_like,SBIN,raw_synthetic_l2_dense_full_year\trade_month=2026-07\symbol=SBIN\part-00000.parquet,2026-07,900,1800,1785934349,1785937049,1784279675,1787085957,1,17071247,34
P325_SYNTH_EVENT_017_20260805,2026-08-05T18:37:29+05:30,synthetic_calendar_rbi_policy_like,SUNPHARMA,raw_synthetic_l2_dense_full_year\trade_month=2026-07\symbol=SUNPHARMA\part-00000.parquet,2026-07,900,1800,1785934349,1785937049,1784279675,1787073457,1,17057363,34
P325_SYNTH_EVENT_017_20260805,2026-08-05T18:37:29+05:30,synthetic_calendar_rbi_policy_like,TCS,raw_synthetic_l2_dense_full_year\trade_month=2026-07\symbol=TCS\part-00000.parquet,2026-07,900,1800,1785934349,1785937049,1784279675,1787099957,1,17033562,34
P325_SYNTH_EVENT_017_20260805,2026-08-05T18:37:29+05:30,synthetic_calendar_rbi_policy_like,TECHM,raw_synthetic_l2_dense_full_year\trade_month=2026-07\symbol=TECHM\part-00000.parquet,2026-07,900,1800,1785934349,1785937049,1784279675,1787090457,1,17037529,34
P325_SYNTH_EVENT_017_20260805,2026-08-05T18:37:29+05:30,synthetic_calendar_rbi_policy_like,ULTRACEMCO,raw_synthetic_l2_dense_full_year\trade_month=2026-07\symbol=ULTRACEMCO\part-00000.parquet,2026-07,900,1800,1785934349,1785937049,1784279675,1787070207,1,17047446,34
P325_SYNTH_EVENT_017_20260805,2026-08-05T18:37:29+05:30,synthetic_calendar_rbi_policy_like,WIPRO,raw_synthetic_l2_dense_full_year\trade_month=2026-07\symbol=WIPRO\part-00000.parquet,2026-07,900,1800,1785934349,1785937049,1784279675,1787074457,1,17043479,34
P325_SYNTH_EVENT_018_20260806,2026-08-06T17:52:29+05:30,synthetic_calendar_rbi_policy_like,ADANIPORTS,raw_synthetic_l2_dense_full_year\trade_month=2026-07\symbol=ADANIPORTS\part-00000.parquet,2026-07,900,1800,1786018049,1786020749,1784279563,1787080207,1,17059346,34
P325_SYNTH_EVENT_018_20260806,2026-08-06T17:52:29+05:30,synthetic_calendar_rbi_policy_like,AXISBANK,raw_synthetic_l2_dense_full_year\trade_month=2026-07\symbol=AXISBANK\part-00000.parquet,2026-07,900,1800,1786018049,1786020749,1784279675,1787071457,1,17059346,34
P325_SYNTH_EVENT_018_20260806,2026-08-06T17:52:29+05:30,synthetic_calendar_rbi_policy_like,BAJAJ-AUTO,raw_synthetic_l2_dense_full_year\trade_month=2026-07\symbol=BAJAJ-AUTO\part-00000.parquet,2026-07,900,1800,1786018049,1786020749,1784279475,1787076957,1,17041496,34
P325_SYNTH_EVENT_018_20260806,2026-08-06T17:52:29+05:30,synthetic_calendar_rbi_policy_like,BANKBEES,raw_synthetic_l2_dense_full_year\trade_month=2026-07\symbol=BANKBEES\part-00000.parquet,2026-07,900,1800,1786018049,1786020749,1784279675,1787075457,1,17069263,34
P325_SYNTH_EVENT_018_20260806,2026-08-06T17:52:29+05:30,synthetic_calendar_rbi_policy_like,BHARTIARTL,raw_synthetic_l2_dense_full_year\trade_month=2026-07\symbol=BHARTIARTL\part-00000.parquet,2026-07,900,1800,1786018049,1786020749,1784279675,1787078457,1,17055379,34
P325_SYNTH_EVENT_018_20260806,2026-08-06T17:52:29+05:30,synthetic_calendar_rbi_policy_like,BPCL,raw_synthetic_l2_dense_full_year\trade_month=2026-07\symbol=BPCL\part-00000.parquet,2026-07,900,1800,1786018049,1786020749,1784279475,1787088457,1,17061330,34
P325_SYNTH_EVENT_018_20260806,2026-08-06T17:52:29+05:30,synthetic_calendar_rbi_policy_like,BRITANNIA,raw_synthetic_l2_dense_full_year\trade_month=2026-07\symbol=BRITANNIA\part-00000.parquet,2026-07,900,1800,1786018049,1786020749,1784279675,1787073457,1,17025628,34
P325_SYNTH_EVENT_018_20260806,2026-08-06T17:52:29+05:30,synthetic_calendar_rbi_policy_like,CIPLA,raw_synthetic_l2_dense_full_year\trade_month=2026-07\symbol=CIPLA\part-00000.parquet,2026-07,900,1800,1786018049,1786020749,1784279675,1787074457,1,17045462,34
P325_SYNTH_EVENT_018_20260806,2026-08-06T17:52:29+05:30,synthetic_calendar_rbi_policy_like,DRREDDY,raw_synthetic_l2_dense_full_year\trade_month=2026-07\symbol=DRREDDY\part-00000.parquet,2026-07,900,1800,1786018049,1786020749,1784279675,1787077457,1,17041496,34
P325_SYNTH_EVENT_018_20260806,2026-08-06T17:52:29+05:30,synthetic_calendar_rbi_policy_like,GOLDBEES,raw_synthetic_l2_dense_full_year\trade_month=2026-07\symbol=GOLDBEES\part-00000.parquet,2026-07,900,1800,1786018049,1786020749,1784279675,1787069207,1,17059346,34
P325_SYNTH_EVENT_018_20260806,2026-08-06T17:52:29+05:30,synthetic_calendar_rbi_policy_like,HCLTECH,raw_synthetic_l2_dense_full_year\trade_month=2026-07\symbol=HCLTECH\part-00000.parquet,2026-07,900,1800,1786018049,1786020749,1784279675,1787090457,1,17033562,34
P325_SYNTH_EVENT_018_20260806,2026-08-06T17:52:29+05:30,synthetic_calendar_rbi_policy_like,HDFCBANK,raw_synthetic_l2_dense_full_year\trade_month=2026-07\symbol=HDFCBANK\part-00000.parquet,2026-07,900,1800,1786018049,1786020749,1784279475,1787070457,1,17031579,34
P325_SYNTH_EVENT_018_20260806,2026-08-06T17:52:29+05:30,synthetic_calendar_rbi_policy_like,HINDUNILVR,raw_synthetic_l2_dense_full_year\trade_month=2026-07\symbol=HINDUNILVR\part-00000.parquet,2026-07,900,1800,1786018049,1786020749,1784279675,1787071207,1,17051413,34
P325_SYNTH_EVENT_018_20260806,2026-08-06T17:52:29+05:30,synthetic_calendar_rbi_policy_like,ICICIBANK,raw_synthetic_l2_dense_full_year\trade_month=2026-07\symbol=ICICIBANK\part-00000.parquet,2026-07,900,1800,1786018049,1786020749,1784279675,1787089457,1,17037529,34
P325_SYNTH_EVENT_018_20260806,2026-08-06T17:52:29+05:30,synthetic_calendar_rbi_policy_like,INFY,raw_synthetic_l2_dense_full_year\trade_month=2026-07\symbol=INFY\part-00000.parquet,2026-07,900,1800,1786018049,1786020749,1784279675,1787082957,1,17053396,34
P325_SYNTH_EVENT_018_20260806,2026-08-06T17:52:29+05:30,synthetic_calendar_rbi_policy_like,ITBEES,raw_synthetic_l2_dense_full_year\trade_month=2026-07\symbol=ITBEES\part-00000.parquet,2026-07,900,1800,1786018049,1786020749,1784279475,1787074457,1,17055379,34
P325_SYNTH_EVENT_018_20260806,2026-08-06T17:52:29+05:30,synthetic_calendar_rbi_policy_like,ITC,raw_synthetic_l2_dense_full_year\trade_month=2026-07\symbol=ITC\part-00000.parquet,2026-07,900,1800,1786018049,1786020749,1784279675,1787080457,1,17031579,34
P325_SYNTH_EVENT_018_20260806,2026-08-06T17:52:29+05:30,synthetic_calendar_rbi_policy_like,JUNIORBEES,raw_synthetic_l2_dense_full_year\trade_month=2026-07\symbol=JUNIORBEES\part-00000.parquet,2026-07,900,1800,1786018049,1786020749,1784279475,1787081457,1,17073230,34
P325_SYNTH_EVENT_018_20260806,2026-08-06T17:52:29+05:30,synthetic_calendar_rbi_policy_like,KOTAKBANK,raw_synthetic_l2_dense_full_year\trade_month=2026-07\symbol=KOTAKBANK\part-00000.parquet,2026-07,900,1800,1786018049,1786020749,1784279675,1787068957,1,17039512,34
P325_SYNTH_EVENT_018_20260806,2026-08-06T17:52:29+05:30,synthetic_calendar_rbi_policy_like,LT,raw_synthetic_l2_dense_full_year\trade_month=2026-07\symbol=LT\part-00000.parquet,2026-07,900,1800,1786018049,1786020749,1784279475,1787081457,1,17027612,34
P325_SYNTH_EVENT_018_20260806,2026-08-06T17:52:29+05:30,synthetic_calendar_rbi_policy_like,M&M,raw_synthetic_l2_dense_full_year\trade_month=2026-07\symbol=M&M\part-00000.parquet,2026-07,900,1800,1786018049,1786020749,1784279475,1787086457,1,17051413,34
P325_SYNTH_EVENT_018_20260806,2026-08-06T17:52:29+05:30,synthetic_calendar_rbi_policy_like,MARUTI,raw_synthetic_l2_dense_full_year\trade_month=2026-07\symbol=MARUTI\part-00000.parquet,2026-07,900,1800,1786018049,1786020749,1784279249,1787074957,1,17053396,34
P325_SYNTH_EVENT_018_20260806,2026-08-06T17:52:29+05:30,synthetic_calendar_rbi_policy_like,NESTLEIND,raw_synthetic_l2_dense_full_year\trade_month=2026-07\symbol=NESTLEIND\part-00000.parquet,2026-07,900,1800,1786018049,1786020749,1784279475,1787078957,1,17079180,34
P325_SYNTH_EVENT_018_20260806,2026-08-06T17:52:29+05:30,synthetic_calendar_rbi_policy_like,NIFTYBEES,raw_synthetic_l2_dense_full_year\trade_month=2026-07\symbol=NIFTYBEES\part-00000.parquet,2026-07,900,1800,1786018049,1786020749,1784279475,1787083957,1,17057363,34
P325_SYNTH_EVENT_018_20260806,2026-08-06T17:52:29+05:30,synthetic_calendar_rbi_policy_like,ONGC,raw_synthetic_l2_dense_full_year\trade_month=2026-07\symbol=ONGC\part-00000.parquet,2026-07,900,1800,1786018049,1786020749,1784279675,1787084457,1,17039512,34
P325_SYNTH_EVENT_018_20260806,2026-08-06T17:52:29+05:30,synthetic_calendar_rbi_policy_like,RELIANCE,raw_synthetic_l2_dense_full_year\trade_month=2026-07\symbol=RELIANCE\part-00000.parquet,2026-07,900,1800,1786018049,1786020749,1784279675,1787074678,1,17037529,34
P325_SYNTH_EVENT_018_20260806,2026-08-06T17:52:29+05:30,synthetic_calendar_rbi_policy_like,SBIN,raw_synthetic_l2_dense_full_year\trade_month=2026-07\symbol=SBIN\part-00000.parquet,2026-07,900,1800,1786018049,1786020749,1784279675,1787085957,1,17071247,34
P325_SYNTH_EVENT_018_20260806,2026-08-06T17:52:29+05:30,synthetic_calendar_rbi_policy_like,SUNPHARMA,raw_synthetic_l2_dense_full_year\trade_month=2026-07\symbol=SUNPHARMA\part-00000.parquet,2026-07,900,1800,1786018049,1786020749,1784279675,1787073457,1,17057363,34
P325_SYNTH_EVENT_018_20260806,2026-08-06T17:52:29+05:30,synthetic_calendar_rbi_policy_like,TCS,raw_synthetic_l2_dense_full_year\trade_month=2026-07\symbol=TCS\part-00000.parquet,2026-07,900,1800,1786018049,1786020749,1784279675,1787099957,1,17033562,34
P325_SYNTH_EVENT_018_20260806,2026-08-06T17:52:29+05:30,synthetic_calendar_rbi_policy_like,TECHM,raw_synthetic_l2_dense_full_year\trade_month=2026-07\symbol=TECHM\part-00000.parquet,2026-07,900,1800,1786018049,1786020749,1784279675,1787090457,1,17037529,34
P325_SYNTH_EVENT_018_20260806,2026-08-06T17:52:29+05:30,synthetic_calendar_rbi_policy_like,ULTRACEMCO,raw_synthetic_l2_dense_full_year\trade_month=2026-07\symbol=ULTRACEMCO\part-00000.parquet,2026-07,900,1800,1786018049,1786020749,1784279675,1787070207,1,17047446,34
P325_SYNTH_EVENT_018_20260806,2026-08-06T17:52:29+05:30,synthetic_calendar_rbi_policy_like,WIPRO,raw_synthetic_l2_dense_full_year\trade_month=2026-07\symbol=WIPRO\part-00000.parquet,2026-07,900,1800,1786018049,1786020749,1784279675,1787074457,1,17043479,34
P325_SYNTH_EVENT_019_20260807,2026-08-07T20:07:29+05:30,synthetic_calendar_rbi_policy_like,ADANIPORTS,raw_synthetic_l2_dense_full_year\trade_month=2026-07\symbol=ADANIPORTS\part-00000.parquet,2026-07,900,1800,1786112549,1786115249,1784279563,1787080207,1,17059346,34
P325_SYNTH_EVENT_019_20260807,2026-08-07T20:07:29+05:30,synthetic_calendar_rbi_policy_like,AXISBANK,raw_synthetic_l2_dense_full_year\trade_month=2026-07\symbol=AXISBANK\part-00000.parquet,2026-07,900,1800,1786112549,1786115249,1784279675,1787071457,1,17059346,34
P325_SYNTH_EVENT_019_20260807,2026-08-07T20:07:29+05:30,synthetic_calendar_rbi_policy_like,BAJAJ-AUTO,raw_synthetic_l2_dense_full_year\trade_month=2026-07\symbol=BAJAJ-AUTO\part-00000.parquet,2026-07,900,1800,1786112549,1786115249,1784279475,1787076957,1,17041496,34
P325_SYNTH_EVENT_019_20260807,2026-08-07T20:07:29+05:30,synthetic_calendar_rbi_policy_like,BANKBEES,raw_synthetic_l2_dense_full_year\trade_month=2026-07\symbol=BANKBEES\part-00000.parquet,2026-07,900,1800,1786112549,1786115249,1784279675,1787075457,1,17069263,34
P325_SYNTH_EVENT_019_20260807,2026-08-07T20:07:29+05:30,synthetic_calendar_rbi_policy_like,BHARTIARTL,raw_synthetic_l2_dense_full_year\trade_month=2026-07\symbol=BHARTIARTL\part-00000.parquet,2026-07,900,1800,1786112549,1786115249,1784279675,1787078457,1,17055379,34
P325_SYNTH_EVENT_019_20260807,2026-08-07T20:07:29+05:30,synthetic_calendar_rbi_policy_like,BPCL,raw_synthetic_l2_dense_full_year\trade_month=2026-07\symbol=BPCL\part-00000.parquet,2026-07,900,1800,1786112549,1786115249,1784279475,1787088457,1,17061330,34
P325_SYNTH_EVENT_019_20260807,2026-08-07T20:07:29+05:30,synthetic_calendar_rbi_policy_like,BRITANNIA,raw_synthetic_l2_dense_full_year\trade_month=2026-07\symbol=BRITANNIA\part-00000.parquet,2026-07,900,1800,1786112549,1786115249,1784279675,1787073457,1,17025628,34
P325_SYNTH_EVENT_019_20260807,2026-08-07T20:07:29+05:30,synthetic_calendar_rbi_policy_like,CIPLA,raw_synthetic_l2_dense_full_year\trade_month=2026-07\symbol=CIPLA\part-00000.parquet,2026-07,900,1800,1786112549,1786115249,1784279675,1787074457,1,17045462,34
P325_SYNTH_EVENT_019_20260807,2026-08-07T20:07:29+05:30,synthetic_calendar_rbi_policy_like,DRREDDY,raw_synthetic_l2_dense_full_year\trade_month=2026-07\symbol=DRREDDY\part-00000.parquet,2026-07,900,1800,1786112549,1786115249,1784279675,1787077457,1,17041496,34
P325_SYNTH_EVENT_019_20260807,2026-08-07T20:07:29+05:30,synthetic_calendar_rbi_policy_like,GOLDBEES,raw_synthetic_l2_dense_full_year\trade_month=2026-07\symbol=GOLDBEES\part-00000.parquet,2026-07,900,1800,1786112549,1786115249,1784279675,1787069207,1,17059346,34
P325_SYNTH_EVENT_019_20260807,2026-08-07T20:07:29+05:30,synthetic_calendar_rbi_policy_like,HCLTECH,raw_synthetic_l2_dense_full_year\trade_month=2026-07\symbol=HCLTECH\part-00000.parquet,2026-07,900,1800,1786112549,1786115249,1784279675,1787090457,1,17033562,34
P325_SYNTH_EVENT_019_20260807,2026-08-07T20:07:29+05:30,synthetic_calendar_rbi_policy_like,HDFCBANK,raw_synthetic_l2_dense_full_year\trade_month=2026-07\symbol=HDFCBANK\part-00000.parquet,2026-07,900,1800,1786112549,1786115249,1784279475,1787070457,1,17031579,34
P325_SYNTH_EVENT_019_20260807,2026-08-07T20:07:29+05:30,synthetic_calendar_rbi_policy_like,HINDUNILVR,raw_synthetic_l2_dense_full_year\trade_month=2026-07\symbol=HINDUNILVR\part-00000.parquet,2026-07,900,1800,1786112549,1786115249,1784279675,1787071207,1,17051413,34
P325_SYNTH_EVENT_019_20260807,2026-08-07T20:07:29+05:30,synthetic_calendar_rbi_policy_like,ICICIBANK,raw_synthetic_l2_dense_full_year\trade_month=2026-07\symbol=ICICIBANK\part-00000.parquet,2026-07,900,1800,1786112549,1786115249,1784279675,1787089457,1,17037529,34
P325_SYNTH_EVENT_019_20260807,2026-08-07T20:07:29+05:30,synthetic_calendar_rbi_policy_like,INFY,raw_synthetic_l2_dense_full_year\trade_month=2026-07\symbol=INFY\part-00000.parquet,2026-07,900,1800,1786112549,1786115249,1784279675,1787082957,1,17053396,34
P325_SYNTH_EVENT_019_20260807,2026-08-07T20:07:29+05:30,synthetic_calendar_rbi_policy_like,ITBEES,raw_synthetic_l2_dense_full_year\trade_month=2026-07\symbol=ITBEES\part-00000.parquet,2026-07,900,1800,1786112549,1786115249,1784279475,1787074457,1,17055379,34
P325_SYNTH_EVENT_019_20260807,2026-08-07T20:07:29+05:30,synthetic_calendar_rbi_policy_like,ITC,raw_synthetic_l2_dense_full_year\trade_month=2026-07\symbol=ITC\part-00000.parquet,2026-07,900,1800,1786112549,1786115249,1784279675,1787080457,1,17031579,34
P325_SYNTH_EVENT_019_20260807,2026-08-07T20:07:29+05:30,synthetic_calendar_rbi_policy_like,JUNIORBEES,raw_synthetic_l2_dense_full_year\trade_month=2026-07\symbol=JUNIORBEES\part-00000.parquet,2026-07,900,1800,1786112549,1786115249,1784279475,1787081457,1,17073230,34
P325_SYNTH_EVENT_019_20260807,2026-08-07T20:07:29+05:30,synthetic_calendar_rbi_policy_like,KOTAKBANK,raw_synthetic_l2_dense_full_year\trade_month=2026-07\symbol=KOTAKBANK\part-00000.parquet,2026-07,900,1800,1786112549,1786115249,1784279675,1787068957,1,17039512,34
P325_SYNTH_EVENT_019_20260807,2026-08-07T20:07:29+05:30,synthetic_calendar_rbi_policy_like,LT,raw_synthetic_l2_dense_full_year\trade_month=2026-07\symbol=LT\part-00000.parquet,2026-07,900,1800,1786112549,1786115249,1784279475,1787081457,1,17027612,34
P325_SYNTH_EVENT_019_20260807,2026-08-07T20:07:29+05:30,synthetic_calendar_rbi_policy_like,M&M,raw_synthetic_l2_dense_full_year\trade_month=2026-07\symbol=M&M\part-00000.parquet,2026-07,900,1800,1786112549,1786115249,1784279475,1787086457,1,17051413,34
P325_SYNTH_EVENT_019_20260807,2026-08-07T20:07:29+05:30,synthetic_calendar_rbi_policy_like,MARUTI,raw_synthetic_l2_dense_full_year\trade_month=2026-07\symbol=MARUTI\part-00000.parquet,2026-07,900,1800,1786112549,1786115249,1784279249,1787074957,1,17053396,34
P325_SYNTH_EVENT_019_20260807,2026-08-07T20:07:29+05:30,synthetic_calendar_rbi_policy_like,NESTLEIND,raw_synthetic_l2_dense_full_year\trade_month=2026-07\symbol=NESTLEIND\part-00000.parquet,2026-07,900,1800,1786112549,1786115249,1784279475,1787078957,1,17079180,34
P325_SYNTH_EVENT_019_20260807,2026-08-07T20:07:29+05:30,synthetic_calendar_rbi_policy_like,NIFTYBEES,raw_synthetic_l2_dense_full_year\trade_month=2026-07\symbol=NIFTYBEES\part-00000.parquet,2026-07,900,1800,1786112549,1786115249,1784279475,1787083957,1,17057363,34
P325_SYNTH_EVENT_019_20260807,2026-08-07T20:07:29+05:30,synthetic_calendar_rbi_policy_like,ONGC,raw_synthetic_l2_dense_full_year\trade_month=2026-07\symbol=ONGC\part-00000.parquet,2026-07,900,1800,1786112549,1786115249,1784279675,1787084457,1,17039512,34
P325_SYNTH_EVENT_019_20260807,2026-08-07T20:07:29+05:30,synthetic_calendar_rbi_policy_like,RELIANCE,raw_synthetic_l2_dense_full_year\trade_month=2026-07\symbol=RELIANCE\part-00000.parquet,2026-07,900,1800,1786112549,1786115249,1784279675,1787074678,1,17037529,34
P325_SYNTH_EVENT_019_20260807,2026-08-07T20:07:29+05:30,synthetic_calendar_rbi_policy_like,SBIN,raw_synthetic_l2_dense_full_year\trade_month=2026-07\symbol=SBIN\part-00000.parquet,2026-07,900,1800,1786112549,1786115249,1784279675,1787085957,1,17071247,34
P325_SYNTH_EVENT_019_20260807,2026-08-07T20:07:29+05:30,synthetic_calendar_rbi_policy_like,SUNPHARMA,raw_synthetic_l2_dense_full_year\trade_month=2026-07\symbol=SUNPHARMA\part-00000.parquet,2026-07,900,1800,1786112549,1786115249,1784279675,1787073457,1,17057363,34
P325_SYNTH_EVENT_019_20260807,2026-08-07T20:07:29+05:30,synthetic_calendar_rbi_policy_like,TCS,raw_synthetic_l2_dense_full_year\trade_month=2026-07\symbol=TCS\part-00000.parquet,2026-07,900,1800,1786112549,1786115249,1784279675,1787099957,1,17033562,34
P325_SYNTH_EVENT_019_20260807,2026-08-07T20:07:29+05:30,synthetic_calendar_rbi_policy_like,TECHM,raw_synthetic_l2_dense_full_year\trade_month=2026-07\symbol=TECHM\part-00000.parquet,2026-07,900,1800,1786112549,1786115249,1784279675,1787090457,1,17037529,34
P325_SYNTH_EVENT_019_20260807,2026-08-07T20:07:29+05:30,synthetic_calendar_rbi_policy_like,ULTRACEMCO,raw_synthetic_l2_dense_full_year\trade_month=2026-07\symbol=ULTRACEMCO\part-00000.parquet,2026-07,900,1800,1786112549,1786115249,1784279675,1787070207,1,17047446,34
P325_SYNTH_EVENT_019_20260807,2026-08-07T20:07:29+05:30,synthetic_calendar_rbi_policy_like,WIPRO,raw_synthetic_l2_dense_full_year\trade_month=2026-07\symbol=WIPRO\part-00000.parquet,2026-07,900,1800,1786112549,1786115249,1784279675,1787074457,1,17043479,34
P325_SYNTH_EVENT_020_20260810,2026-08-10T19:22:29+05:30,synthetic_calendar_rbi_policy_like,ADANIPORTS,raw_synthetic_l2_dense_full_year\trade_month=2026-07\symbol=ADANIPORTS\part-00000.parquet,2026-07,900,1800,1786369049,1786371749,1784279563,1787080207,1,17059346,34
P325_SYNTH_EVENT_020_20260810,2026-08-10T19:22:29+05:30,synthetic_calendar_rbi_policy_like,AXISBANK,raw_synthetic_l2_dense_full_year\trade_month=2026-07\symbol=AXISBANK\part-00000.parquet,2026-07,900,1800,1786369049,1786371749,1784279675,1787071457,1,17059346,34
P325_SYNTH_EVENT_020_20260810,2026-08-10T19:22:29+05:30,synthetic_calendar_rbi_policy_like,BAJAJ-AUTO,raw_synthetic_l2_dense_full_year\trade_month=2026-07\symbol=BAJAJ-AUTO\part-00000.parquet,2026-07,900,1800,1786369049,1786371749,1784279475,1787076957,1,17041496,34
P325_SYNTH_EVENT_020_20260810,2026-08-10T19:22:29+05:30,synthetic_calendar_rbi_policy_like,BANKBEES,raw_synthetic_l2_dense_full_year\trade_month=2026-07\symbol=BANKBEES\part-00000.parquet,2026-07,900,1800,1786369049,1786371749,1784279675,1787075457,1,17069263,34
P325_SYNTH_EVENT_020_20260810,2026-08-10T19:22:29+05:30,synthetic_calendar_rbi_policy_like,BHARTIARTL,raw_synthetic_l2_dense_full_year\trade_month=2026-07\symbol=BHARTIARTL\part-00000.parquet,2026-07,900,1800,1786369049,1786371749,1784279675,1787078457,1,17055379,34
P325_SYNTH_EVENT_020_20260810,2026-08-10T19:22:29+05:30,synthetic_calendar_rbi_policy_like,BPCL,raw_synthetic_l2_dense_full_year\trade_month=2026-07\symbol=BPCL\part-00000.parquet,2026-07,900,1800,1786369049,1786371749,1784279475,1787088457,1,17061330,34
P325_SYNTH_EVENT_020_20260810,2026-08-10T19:22:29+05:30,synthetic_calendar_rbi_policy_like,BRITANNIA,raw_synthetic_l2_dense_full_year\trade_month=2026-07\symbol=BRITANNIA\part-00000.parquet,2026-07,900,1800,1786369049,1786371749,1784279675,1787073457,1,17025628,34
P325_SYNTH_EVENT_020_20260810,2026-08-10T19:22:29+05:30,synthetic_calendar_rbi_policy_like,CIPLA,raw_synthetic_l2_dense_full_year\trade_month=2026-07\symbol=CIPLA\part-00000.parquet,2026-07,900,1800,1786369049,1786371749,1784279675,1787074457,1,17045462,34
P325_SYNTH_EVENT_020_20260810,2026-08-10T19:22:29+05:30,synthetic_calendar_rbi_policy_like,DRREDDY,raw_synthetic_l2_dense_full_year\trade_month=2026-07\symbol=DRREDDY\part-00000.parquet,2026-07,900,1800,1786369049,1786371749,1784279675,1787077457,1,17041496,34
P325_SYNTH_EVENT_020_20260810,2026-08-10T19:22:29+05:30,synthetic_calendar_rbi_policy_like,GOLDBEES,raw_synthetic_l2_dense_full_year\trade_month=2026-07\symbol=GOLDBEES\part-00000.parquet,2026-07,900,1800,1786369049,1786371749,1784279675,1787069207,1,17059346,34
P325_SYNTH_EVENT_020_20260810,2026-08-10T19:22:29+05:30,synthetic_calendar_rbi_policy_like,HCLTECH,raw_synthetic_l2_dense_full_year\trade_month=2026-07\symbol=HCLTECH\part-00000.parquet,2026-07,900,1800,1786369049,1786371749,1784279675,1787090457,1,17033562,34
P325_SYNTH_EVENT_020_20260810,2026-08-10T19:22:29+05:30,synthetic_calendar_rbi_policy_like,HDFCBANK,raw_synthetic_l2_dense_full_year\trade_month=2026-07\symbol=HDFCBANK\part-00000.parquet,2026-07,900,1800,1786369049,1786371749,1784279475,1787070457,1,17031579,34
P325_SYNTH_EVENT_020_20260810,2026-08-10T19:22:29+05:30,synthetic_calendar_rbi_policy_like,HINDUNILVR,raw_synthetic_l2_dense_full_year\trade_month=2026-07\symbol=HINDUNILVR\part-00000.parquet,2026-07,900,1800,1786369049,1786371749,1784279675,1787071207,1,17051413,34
P325_SYNTH_EVENT_020_20260810,2026-08-10T19:22:29+05:30,synthetic_calendar_rbi_policy_like,ICICIBANK,raw_synthetic_l2_dense_full_year\trade_month=2026-07\symbol=ICICIBANK\part-00000.parquet,2026-07,900,1800,1786369049,1786371749,1784279675,1787089457,1,17037529,34
P325_SYNTH_EVENT_020_20260810,2026-08-10T19:22:29+05:30,synthetic_calendar_rbi_policy_like,INFY,raw_synthetic_l2_dense_full_year\trade_month=2026-07\symbol=INFY\part-00000.parquet,2026-07,900,1800,1786369049,1786371749,1784279675,1787082957,1,17053396,34
P325_SYNTH_EVENT_020_20260810,2026-08-10T19:22:29+05:30,synthetic_calendar_rbi_policy_like,ITBEES,raw_synthetic_l2_dense_full_year\trade_month=2026-07\symbol=ITBEES\part-00000.parquet,2026-07,900,1800,1786369049,1786371749,1784279475,1787074457,1,17055379,34
P325_SYNTH_EVENT_020_20260810,2026-08-10T19:22:29+05:30,synthetic_calendar_rbi_policy_like,ITC,raw_synthetic_l2_dense_full_year\trade_month=2026-07\symbol=ITC\part-00000.parquet,2026-07,900,1800,1786369049,1786371749,1784279675,1787080457,1,17031579,34
P325_SYNTH_EVENT_020_20260810,2026-08-10T19:22:29+05:30,synthetic_calendar_rbi_policy_like,JUNIORBEES,raw_synthetic_l2_dense_full_year\trade_month=2026-07\symbol=JUNIORBEES\part-00000.parquet,2026-07,900,1800,1786369049,1786371749,1784279475,1787081457,1,17073230,34
P325_SYNTH_EVENT_020_20260810,2026-08-10T19:22:29+05:30,synthetic_calendar_rbi_policy_like,KOTAKBANK,raw_synthetic_l2_dense_full_year\trade_month=2026-07\symbol=KOTAKBANK\part-00000.parquet,2026-07,900,1800,1786369049,1786371749,1784279675,1787068957,1,17039512,34
P325_SYNTH_EVENT_020_20260810,2026-08-10T19:22:29+05:30,synthetic_calendar_rbi_policy_like,LT,raw_synthetic_l2_dense_full_year\trade_month=2026-07\symbol=LT\part-00000.parquet,2026-07,900,1800,1786369049,1786371749,1784279475,1787081457,1,17027612,34
P325_SYNTH_EVENT_020_20260810,2026-08-10T19:22:29+05:30,synthetic_calendar_rbi_policy_like,M&M,raw_synthetic_l2_dense_full_year\trade_month=2026-07\symbol=M&M\part-00000.parquet,2026-07,900,1800,1786369049,1786371749,1784279475,1787086457,1,17051413,34
P325_SYNTH_EVENT_020_20260810,2026-08-10T19:22:29+05:30,synthetic_calendar_rbi_policy_like,MARUTI,raw_synthetic_l2_dense_full_year\trade_month=2026-07\symbol=MARUTI\part-00000.parquet,2026-07,900,1800,1786369049,1786371749,1784279249,1787074957,1,17053396,34
P325_SYNTH_EVENT_020_20260810,2026-08-10T19:22:29+05:30,synthetic_calendar_rbi_policy_like,NESTLEIND,raw_synthetic_l2_dense_full_year\trade_month=2026-07\symbol=NESTLEIND\part-00000.parquet,2026-07,900,1800,1786369049,1786371749,1784279475,1787078957,1,17079180,34
P325_SYNTH_EVENT_020_20260810,2026-08-10T19:22:29+05:30,synthetic_calendar_rbi_policy_like,NIFTYBEES,raw_synthetic_l2_dense_full_year\trade_month=2026-07\symbol=NIFTYBEES\part-00000.parquet,2026-07,900,1800,1786369049,1786371749,1784279475,1787083957,1,17057363,34
P325_SYNTH_EVENT_020_20260810,2026-08-10T19:22:29+05:30,synthetic_calendar_rbi_policy_like,ONGC,raw_synthetic_l2_dense_full_year\trade_month=2026-07\symbol=ONGC\part-00000.parquet,2026-07,900,1800,1786369049,1786371749,1784279675,1787084457,1,17039512,34
P325_SYNTH_EVENT_020_20260810,2026-08-10T19:22:29+05:30,synthetic_calendar_rbi_policy_like,RELIANCE,raw_synthetic_l2_dense_full_year\trade_month=2026-07\symbol=RELIANCE\part-00000.parquet,2026-07,900,1800,1786369049,1786371749,1784279675,1787074678,1,17037529,34
P325_SYNTH_EVENT_020_20260810,2026-08-10T19:22:29+05:30,synthetic_calendar_rbi_policy_like,SBIN,raw_synthetic_l2_dense_full_year\trade_month=2026-07\symbol=SBIN\part-00000.parquet,2026-07,900,1800,1786369049,1786371749,1784279675,1787085957,1,17071247,34
P325_SYNTH_EVENT_020_20260810,2026-08-10T19:22:29+05:30,synthetic_calendar_rbi_policy_like,SUNPHARMA,raw_synthetic_l2_dense_full_year\trade_month=2026-07\symbol=SUNPHARMA\part-00000.parquet,2026-07,900,1800,1786369049,1786371749,1784279675,1787073457,1,17057363,34
P325_SYNTH_EVENT_020_20260810,2026-08-10T19:22:29+05:30,synthetic_calendar_rbi_policy_like,TCS,raw_synthetic_l2_dense_full_year\trade_month=2026-07\symbol=TCS\part-00000.parquet,2026-07,900,1800,1786369049,1786371749,1784279675,1787099957,1,17033562,34
P325_SYNTH_EVENT_020_20260810,2026-08-10T19:22:29+05:30,synthetic_calendar_rbi_policy_like,TECHM,raw_synthetic_l2_dense_full_year\trade_month=2026-07\symbol=TECHM\part-00000.parquet,2026-07,900,1800,1786369049,1786371749,1784279675,1787090457,1,17037529,34
P325_SYNTH_EVENT_020_20260810,2026-08-10T19:22:29+05:30,synthetic_calendar_rbi_policy_like,ULTRACEMCO,raw_synthetic_l2_dense_full_year\trade_month=2026-07\symbol=ULTRACEMCO\part-00000.parquet,2026-07,900,1800,1786369049,1786371749,1784279675,1787070207,1,17047446,34
P325_SYNTH_EVENT_020_20260810,2026-08-10T19:22:29+05:30,synthetic_calendar_rbi_policy_like,WIPRO,raw_synthetic_l2_dense_full_year\trade_month=2026-07\symbol=WIPRO\part-00000.parquet,2026-07,900,1800,1786369049,1786371749,1784279675,1787074457,1,17043479,34
P325_SYNTH_EVENT_021_20260811,2026-08-11T20:07:29+05:30,synthetic_calendar_rbi_policy_like,ADANIPORTS,raw_synthetic_l2_dense_full_year\trade_month=2026-07\symbol=ADANIPORTS\part-00000.parquet,2026-07,900,1800,1786458149,1786460849,1784279563,1787080207,1,17059346,34
P325_SYNTH_EVENT_021_20260811,2026-08-11T20:07:29+05:30,synthetic_calendar_rbi_policy_like,AXISBANK,raw_synthetic_l2_dense_full_year\trade_month=2026-07\symbol=AXISBANK\part-00000.parquet,2026-07,900,1800,1786458149,1786460849,1784279675,1787071457,1,17059346,34
P325_SYNTH_EVENT_021_20260811,2026-08-11T20:07:29+05:30,synthetic_calendar_rbi_policy_like,BAJAJ-AUTO,raw_synthetic_l2_dense_full_year\trade_month=2026-07\symbol=BAJAJ-AUTO\part-00000.parquet,2026-07,900,1800,1786458149,1786460849,1784279475,1787076957,1,17041496,34
P325_SYNTH_EVENT_021_20260811,2026-08-11T20:07:29+05:30,synthetic_calendar_rbi_policy_like,BANKBEES,raw_synthetic_l2_dense_full_year\trade_month=2026-07\symbol=BANKBEES\part-00000.parquet,2026-07,900,1800,1786458149,1786460849,1784279675,1787075457,1,17069263,34
P325_SYNTH_EVENT_021_20260811,2026-08-11T20:07:29+05:30,synthetic_calendar_rbi_policy_like,BHARTIARTL,raw_synthetic_l2_dense_full_year\trade_month=2026-07\symbol=BHARTIARTL\part-00000.parquet,2026-07,900,1800,1786458149,1786460849,1784279675,1787078457,1,17055379,34
P325_SYNTH_EVENT_021_20260811,2026-08-11T20:07:29+05:30,synthetic_calendar_rbi_policy_like,BPCL,raw_synthetic_l2_dense_full_year\trade_month=2026-07\symbol=BPCL\part-00000.parquet,2026-07,900,1800,1786458149,1786460849,1784279475,1787088457,1,17061330,34
P325_SYNTH_EVENT_021_20260811,2026-08-11T20:07:29+05:30,synthetic_calendar_rbi_policy_like,BRITANNIA,raw_synthetic_l2_dense_full_year\trade_month=2026-07\symbol=BRITANNIA\part-00000.parquet,2026-07,900,1800,1786458149,1786460849,1784279675,1787073457,1,17025628,34
P325_SYNTH_EVENT_021_20260811,2026-08-11T20:07:29+05:30,synthetic_calendar_rbi_policy_like,CIPLA,raw_synthetic_l2_dense_full_year\trade_month=2026-07\symbol=CIPLA\part-00000.parquet,2026-07,900,1800,1786458149,1786460849,1784279675,1787074457,1,17045462,34
P325_SYNTH_EVENT_021_20260811,2026-08-11T20:07:29+05:30,synthetic_calendar_rbi_policy_like,DRREDDY,raw_synthetic_l2_dense_full_year\trade_month=2026-07\symbol=DRREDDY\part-00000.parquet,2026-07,900,1800,1786458149,1786460849,1784279675,1787077457,1,17041496,34
P325_SYNTH_EVENT_021_20260811,2026-08-11T20:07:29+05:30,synthetic_calendar_rbi_policy_like,GOLDBEES,raw_synthetic_l2_dense_full_year\trade_month=2026-07\symbol=GOLDBEES\part-00000.parquet,2026-07,900,1800,1786458149,1786460849,1784279675,1787069207,1,17059346,34
P325_SYNTH_EVENT_021_20260811,2026-08-11T20:07:29+05:30,synthetic_calendar_rbi_policy_like,HCLTECH,raw_synthetic_l2_dense_full_year\trade_month=2026-07\symbol=HCLTECH\part-00000.parquet,2026-07,900,1800,1786458149,1786460849,1784279675,1787090457,1,17033562,34
P325_SYNTH_EVENT_021_20260811,2026-08-11T20:07:29+05:30,synthetic_calendar_rbi_policy_like,HDFCBANK,raw_synthetic_l2_dense_full_year\trade_month=2026-07\symbol=HDFCBANK\part-00000.parquet,2026-07,900,1800,1786458149,1786460849,1784279475,1787070457,1,17031579,34
P325_SYNTH_EVENT_021_20260811,2026-08-11T20:07:29+05:30,synthetic_calendar_rbi_policy_like,HINDUNILVR,raw_synthetic_l2_dense_full_year\trade_month=2026-07\symbol=HINDUNILVR\part-00000.parquet,2026-07,900,1800,1786458149,1786460849,1784279675,1787071207,1,17051413,34
P325_SYNTH_EVENT_021_20260811,2026-08-11T20:07:29+05:30,synthetic_calendar_rbi_policy_like,ICICIBANK,raw_synthetic_l2_dense_full_year\trade_month=2026-07\symbol=ICICIBANK\part-00000.parquet,2026-07,900,1800,1786458149,1786460849,1784279675,1787089457,1,17037529,34
P325_SYNTH_EVENT_021_20260811,2026-08-11T20:07:29+05:30,synthetic_calendar_rbi_policy_like,INFY,raw_synthetic_l2_dense_full_year\trade_month=2026-07\symbol=INFY\part-00000.parquet,2026-07,900,1800,1786458149,1786460849,1784279675,1787082957,1,17053396,34
P325_SYNTH_EVENT_021_20260811,2026-08-11T20:07:29+05:30,synthetic_calendar_rbi_policy_like,ITBEES,raw_synthetic_l2_dense_full_year\trade_month=2026-07\symbol=ITBEES\part-00000.parquet,2026-07,900,1800,1786458149,1786460849,1784279475,1787074457,1,17055379,34
P325_SYNTH_EVENT_021_20260811,2026-08-11T20:07:29+05:30,synthetic_calendar_rbi_policy_like,ITC,raw_synthetic_l2_dense_full_year\trade_month=2026-07\symbol=ITC\part-00000.parquet,2026-07,900,1800,1786458149,1786460849,1784279675,1787080457,1,17031579,34
P325_SYNTH_EVENT_021_20260811,2026-08-11T20:07:29+05:30,synthetic_calendar_rbi_policy_like,JUNIORBEES,raw_synthetic_l2_dense_full_year\trade_month=2026-07\symbol=JUNIORBEES\part-00000.parquet,2026-07,900,1800,1786458149,1786460849,1784279475,1787081457,1,17073230,34
P325_SYNTH_EVENT_021_20260811,2026-08-11T20:07:29+05:30,synthetic_calendar_rbi_policy_like,KOTAKBANK,raw_synthetic_l2_dense_full_year\trade_month=2026-07\symbol=KOTAKBANK\part-00000.parquet,2026-07,900,1800,1786458149,1786460849,1784279675,1787068957,1,17039512,34
P325_SYNTH_EVENT_021_20260811,2026-08-11T20:07:29+05:30,synthetic_calendar_rbi_policy_like,LT,raw_synthetic_l2_dense_full_year\trade_month=2026-07\symbol=LT\part-00000.parquet,2026-07,900,1800,1786458149,1786460849,1784279475,1787081457,1,17027612,34
P325_SYNTH_EVENT_021_20260811,2026-08-11T20:07:29+05:30,synthetic_calendar_rbi_policy_like,M&M,raw_synthetic_l2_dense_full_year\trade_month=2026-07\symbol=M&M\part-00000.parquet,2026-07,900,1800,1786458149,1786460849,1784279475,1787086457,1,17051413,34
P325_SYNTH_EVENT_021_20260811,2026-08-11T20:07:29+05:30,synthetic_calendar_rbi_policy_like,MARUTI,raw_synthetic_l2_dense_full_year\trade_month=2026-07\symbol=MARUTI\part-00000.parquet,2026-07,900,1800,1786458149,1786460849,1784279249,1787074957,1,17053396,34
P325_SYNTH_EVENT_021_20260811,2026-08-11T20:07:29+05:30,synthetic_calendar_rbi_policy_like,NESTLEIND,raw_synthetic_l2_dense_full_year\trade_month=2026-07\symbol=NESTLEIND\part-00000.parquet,2026-07,900,1800,1786458149,1786460849,1784279475,1787078957,1,17079180,34
P325_SYNTH_EVENT_021_20260811,2026-08-11T20:07:29+05:30,synthetic_calendar_rbi_policy_like,NIFTYBEES,raw_synthetic_l2_dense_full_year\trade_month=2026-07\symbol=NIFTYBEES\part-00000.parquet,2026-07,900,1800,1786458149,1786460849,1784279475,1787083957,1,17057363,34
P325_SYNTH_EVENT_021_20260811,2026-08-11T20:07:29+05:30,synthetic_calendar_rbi_policy_like,ONGC,raw_synthetic_l2_dense_full_year\trade_month=2026-07\symbol=ONGC\part-00000.parquet,2026-07,900,1800,1786458149,1786460849,1784279675,1787084457,1,17039512,34
P325_SYNTH_EVENT_021_20260811,2026-08-11T20:07:29+05:30,synthetic_calendar_rbi_policy_like,RELIANCE,raw_synthetic_l2_dense_full_year\trade_month=2026-07\symbol=RELIANCE\part-00000.parquet,2026-07,900,1800,1786458149,1786460849,1784279675,1787074678,1,17037529,34
P325_SYNTH_EVENT_021_20260811,2026-08-11T20:07:29+05:30,synthetic_calendar_rbi_policy_like,SBIN,raw_synthetic_l2_dense_full_year\trade_month=2026-07\symbol=SBIN\part-00000.parquet,2026-07,900,1800,1786458149,1786460849,1784279675,1787085957,1,17071247,34
P325_SYNTH_EVENT_021_20260811,2026-08-11T20:07:29+05:30,synthetic_calendar_rbi_policy_like,SUNPHARMA,raw_synthetic_l2_dense_full_year\trade_month=2026-07\symbol=SUNPHARMA\part-00000.parquet,2026-07,900,1800,1786458149,1786460849,1784279675,1787073457,1,17057363,34
P325_SYNTH_EVENT_021_20260811,2026-08-11T20:07:29+05:30,synthetic_calendar_rbi_policy_like,TCS,raw_synthetic_l2_dense_full_year\trade_month=2026-07\symbol=TCS\part-00000.parquet,2026-07,900,1800,1786458149,1786460849,1784279675,1787099957,1,17033562,34
P325_SYNTH_EVENT_021_20260811,2026-08-11T20:07:29+05:30,synthetic_calendar_rbi_policy_like,TECHM,raw_synthetic_l2_dense_full_year\trade_month=2026-07\symbol=TECHM\part-00000.parquet,2026-07,900,1800,1786458149,1786460849,1784279675,1787090457,1,17037529,34
P325_SYNTH_EVENT_021_20260811,2026-08-11T20:07:29+05:30,synthetic_calendar_rbi_policy_like,ULTRACEMCO,raw_synthetic_l2_dense_full_year\trade_month=2026-07\symbol=ULTRACEMCO\part-00000.parquet,2026-07,900,1800,1786458149,1786460849,1784279675,1787070207,1,17047446,34
P325_SYNTH_EVENT_021_20260811,2026-08-11T20:07:29+05:30,synthetic_calendar_rbi_policy_like,WIPRO,raw_synthetic_l2_dense_full_year\trade_month=2026-07\symbol=WIPRO\part-00000.parquet,2026-07,900,1800,1786458149,1786460849,1784279675,1787074457,1,17043479,34
P325_SYNTH_EVENT_022_20260812,2026-08-12T17:07:29+05:30,synthetic_calendar_rbi_policy_like,ADANIPORTS,raw_synthetic_l2_dense_full_year\trade_month=2026-07\symbol=ADANIPORTS\part-00000.parquet,2026-07,900,1800,1786533749,1786536449,1784279563,1787080207,1,17059346,34
P325_SYNTH_EVENT_022_20260812,2026-08-12T17:07:29+05:30,synthetic_calendar_rbi_policy_like,AXISBANK,raw_synthetic_l2_dense_full_year\trade_month=2026-07\symbol=AXISBANK\part-00000.parquet,2026-07,900,1800,1786533749,1786536449,1784279675,1787071457,1,17059346,34
P325_SYNTH_EVENT_022_20260812,2026-08-12T17:07:29+05:30,synthetic_calendar_rbi_policy_like,BAJAJ-AUTO,raw_synthetic_l2_dense_full_year\trade_month=2026-07\symbol=BAJAJ-AUTO\part-00000.parquet,2026-07,900,1800,1786533749,1786536449,1784279475,1787076957,1,17041496,34
P325_SYNTH_EVENT_022_20260812,2026-08-12T17:07:29+05:30,synthetic_calendar_rbi_policy_like,BANKBEES,raw_synthetic_l2_dense_full_year\trade_month=2026-07\symbol=BANKBEES\part-00000.parquet,2026-07,900,1800,1786533749,1786536449,1784279675,1787075457,1,17069263,34
P325_SYNTH_EVENT_022_20260812,2026-08-12T17:07:29+05:30,synthetic_calendar_rbi_policy_like,BHARTIARTL,raw_synthetic_l2_dense_full_year\trade_month=2026-07\symbol=BHARTIARTL\part-00000.parquet,2026-07,900,1800,1786533749,1786536449,1784279675,1787078457,1,17055379,34
P325_SYNTH_EVENT_022_20260812,2026-08-12T17:07:29+05:30,synthetic_calendar_rbi_policy_like,BPCL,raw_synthetic_l2_dense_full_year\trade_month=2026-07\symbol=BPCL\part-00000.parquet,2026-07,900,1800,1786533749,1786536449,1784279475,1787088457,1,17061330,34
P325_SYNTH_EVENT_022_20260812,2026-08-12T17:07:29+05:30,synthetic_calendar_rbi_policy_like,BRITANNIA,raw_synthetic_l2_dense_full_year\trade_month=2026-07\symbol=BRITANNIA\part-00000.parquet,2026-07,900,1800,1786533749,1786536449,1784279675,1787073457,1,17025628,34
P325_SYNTH_EVENT_022_20260812,2026-08-12T17:07:29+05:30,synthetic_calendar_rbi_policy_like,CIPLA,raw_synthetic_l2_dense_full_year\trade_month=2026-07\symbol=CIPLA\part-00000.parquet,2026-07,900,1800,1786533749,1786536449,1784279675,1787074457,1,17045462,34
P325_SYNTH_EVENT_022_20260812,2026-08-12T17:07:29+05:30,synthetic_calendar_rbi_policy_like,DRREDDY,raw_synthetic_l2_dense_full_year\trade_month=2026-07\symbol=DRREDDY\part-00000.parquet,2026-07,900,1800,1786533749,1786536449,1784279675,1787077457,1,17041496,34
P325_SYNTH_EVENT_022_20260812,2026-08-12T17:07:29+05:30,synthetic_calendar_rbi_policy_like,GOLDBEES,raw_synthetic_l2_dense_full_year\trade_month=2026-07\symbol=GOLDBEES\part-00000.parquet,2026-07,900,1800,1786533749,1786536449,1784279675,1787069207,1,17059346,34
P325_SYNTH_EVENT_022_20260812,2026-08-12T17:07:29+05:30,synthetic_calendar_rbi_policy_like,HCLTECH,raw_synthetic_l2_dense_full_year\trade_month=2026-07\symbol=HCLTECH\part-00000.parquet,2026-07,900,1800,1786533749,1786536449,1784279675,1787090457,1,17033562,34
P325_SYNTH_EVENT_022_20260812,2026-08-12T17:07:29+05:30,synthetic_calendar_rbi_policy_like,HDFCBANK,raw_synthetic_l2_dense_full_year\trade_month=2026-07\symbol=HDFCBANK\part-00000.parquet,2026-07,900,1800,1786533749,1786536449,1784279475,1787070457,1,17031579,34
P325_SYNTH_EVENT_022_20260812,2026-08-12T17:07:29+05:30,synthetic_calendar_rbi_policy_like,HINDUNILVR,raw_synthetic_l2_dense_full_year\trade_month=2026-07\symbol=HINDUNILVR\part-00000.parquet,2026-07,900,1800,1786533749,1786536449,1784279675,1787071207,1,17051413,34
P325_SYNTH_EVENT_022_20260812,2026-08-12T17:07:29+05:30,synthetic_calendar_rbi_policy_like,ICICIBANK,raw_synthetic_l2_dense_full_year\trade_month=2026-07\symbol=ICICIBANK\part-00000.parquet,2026-07,900,1800,1786533749,1786536449,1784279675,1787089457,1,17037529,34
P325_SYNTH_EVENT_022_20260812,2026-08-12T17:07:29+05:30,synthetic_calendar_rbi_policy_like,INFY,raw_synthetic_l2_dense_full_year\trade_month=2026-07\symbol=INFY\part-00000.parquet,2026-07,900,1800,1786533749,1786536449,1784279675,1787082957,1,17053396,34
P325_SYNTH_EVENT_022_20260812,2026-08-12T17:07:29+05:30,synthetic_calendar_rbi_policy_like,ITBEES,raw_synthetic_l2_dense_full_year\trade_month=2026-07\symbol=ITBEES\part-00000.parquet,2026-07,900,1800,1786533749,1786536449,1784279475,1787074457,1,17055379,34
P325_SYNTH_EVENT_022_20260812,2026-08-12T17:07:29+05:30,synthetic_calendar_rbi_policy_like,ITC,raw_synthetic_l2_dense_full_year\trade_month=2026-07\symbol=ITC\part-00000.parquet,2026-07,900,1800,1786533749,1786536449,1784279675,1787080457,1,17031579,34
P325_SYNTH_EVENT_022_20260812,2026-08-12T17:07:29+05:30,synthetic_calendar_rbi_policy_like,JUNIORBEES,raw_synthetic_l2_dense_full_year\trade_month=2026-07\symbol=JUNIORBEES\part-00000.parquet,2026-07,900,1800,1786533749,1786536449,1784279475,1787081457,1,17073230,34
P325_SYNTH_EVENT_022_20260812,2026-08-12T17:07:29+05:30,synthetic_calendar_rbi_policy_like,KOTAKBANK,raw_synthetic_l2_dense_full_year\trade_month=2026-07\symbol=KOTAKBANK\part-00000.parquet,2026-07,900,1800,1786533749,1786536449,1784279675,1787068957,1,17039512,34
P325_SYNTH_EVENT_022_20260812,2026-08-12T17:07:29+05:30,synthetic_calendar_rbi_policy_like,LT,raw_synthetic_l2_dense_full_year\trade_month=2026-07\symbol=LT\part-00000.parquet,2026-07,900,1800,1786533749,1786536449,1784279475,1787081457,1,17027612,34
P325_SYNTH_EVENT_022_20260812,2026-08-12T17:07:29+05:30,synthetic_calendar_rbi_policy_like,M&M,raw_synthetic_l2_dense_full_year\trade_month=2026-07\symbol=M&M\part-00000.parquet,2026-07,900,1800,1786533749,1786536449,1784279475,1787086457,1,17051413,34
P325_SYNTH_EVENT_022_20260812,2026-08-12T17:07:29+05:30,synthetic_calendar_rbi_policy_like,MARUTI,raw_synthetic_l2_dense_full_year\trade_month=2026-07\symbol=MARUTI\part-00000.parquet,2026-07,900,1800,1786533749,1786536449,1784279249,1787074957,1,17053396,34
P325_SYNTH_EVENT_022_20260812,2026-08-12T17:07:29+05:30,synthetic_calendar_rbi_policy_like,NESTLEIND,raw_synthetic_l2_dense_full_year\trade_month=2026-07\symbol=NESTLEIND\part-00000.parquet,2026-07,900,1800,1786533749,1786536449,1784279475,1787078957,1,17079180,34
P325_SYNTH_EVENT_022_20260812,2026-08-12T17:07:29+05:30,synthetic_calendar_rbi_policy_like,NIFTYBEES,raw_synthetic_l2_dense_full_year\trade_month=2026-07\symbol=NIFTYBEES\part-00000.parquet,2026-07,900,1800,1786533749,1786536449,1784279475,1787083957,1,17057363,34
P325_SYNTH_EVENT_022_20260812,2026-08-12T17:07:29+05:30,synthetic_calendar_rbi_policy_like,ONGC,raw_synthetic_l2_dense_full_year\trade_month=2026-07\symbol=ONGC\part-00000.parquet,2026-07,900,1800,1786533749,1786536449,1784279675,1787084457,1,17039512,34
P325_SYNTH_EVENT_022_20260812,2026-08-12T17:07:29+05:30,synthetic_calendar_rbi_policy_like,RELIANCE,raw_synthetic_l2_dense_full_year\trade_month=2026-07\symbol=RELIANCE\part-00000.parquet,2026-07,900,1800,1786533749,1786536449,1784279675,1787074678,1,17037529,34
P325_SYNTH_EVENT_022_20260812,2026-08-12T17:07:29+05:30,synthetic_calendar_rbi_policy_like,SBIN,raw_synthetic_l2_dense_full_year\trade_month=2026-07\symbol=SBIN\part-00000.parquet,2026-07,900,1800,1786533749,1786536449,1784279675,1787085957,1,17071247,34
P325_SYNTH_EVENT_022_20260812,2026-08-12T17:07:29+05:30,synthetic_calendar_rbi_policy_like,SUNPHARMA,raw_synthetic_l2_dense_full_year\trade_month=2026-07\symbol=SUNPHARMA\part-00000.parquet,2026-07,900,1800,1786533749,1786536449,1784279675,1787073457,1,17057363,34
P325_SYNTH_EVENT_022_20260812,2026-08-12T17:07:29+05:30,synthetic_calendar_rbi_policy_like,TCS,raw_synthetic_l2_dense_full_year\trade_month=2026-07\symbol=TCS\part-00000.parquet,2026-07,900,1800,1786533749,1786536449,1784279675,1787099957,1,17033562,34
P325_SYNTH_EVENT_022_20260812,2026-08-12T17:07:29+05:30,synthetic_calendar_rbi_policy_like,TECHM,raw_synthetic_l2_dense_full_year\trade_month=2026-07\symbol=TECHM\part-00000.parquet,2026-07,900,1800,1786533749,1786536449,1784279675,1787090457,1,17037529,34
P325_SYNTH_EVENT_022_20260812,2026-08-12T17:07:29+05:30,synthetic_calendar_rbi_policy_like,ULTRACEMCO,raw_synthetic_l2_dense_full_year\trade_month=2026-07\symbol=ULTRACEMCO\part-00000.parquet,2026-07,900,1800,1786533749,1786536449,1784279675,1787070207,1,17047446,34
P325_SYNTH_EVENT_022_20260812,2026-08-12T17:07:29+05:30,synthetic_calendar_rbi_policy_like,WIPRO,raw_synthetic_l2_dense_full_year\trade_month=2026-07\symbol=WIPRO\part-00000.parquet,2026-07,900,1800,1786533749,1786536449,1784279675,1787074457,1,17043479,34
P325_SYNTH_EVENT_023_20260813,2026-08-13T17:07:29+05:30,synthetic_calendar_rbi_policy_like,ADANIPORTS,raw_synthetic_l2_dense_full_year\trade_month=2026-07\symbol=ADANIPORTS\part-00000.parquet,2026-07,900,1800,1786620149,1786622849,1784279563,1787080207,1,17059346,34
P325_SYNTH_EVENT_023_20260813,2026-08-13T17:07:29+05:30,synthetic_calendar_rbi_policy_like,AXISBANK,raw_synthetic_l2_dense_full_year\trade_month=2026-07\symbol=AXISBANK\part-00000.parquet,2026-07,900,1800,1786620149,1786622849,1784279675,1787071457,1,17059346,34
P325_SYNTH_EVENT_023_20260813,2026-08-13T17:07:29+05:30,synthetic_calendar_rbi_policy_like,BAJAJ-AUTO,raw_synthetic_l2_dense_full_year\trade_month=2026-07\symbol=BAJAJ-AUTO\part-00000.parquet,2026-07,900,1800,1786620149,1786622849,1784279475,1787076957,1,17041496,34
P325_SYNTH_EVENT_023_20260813,2026-08-13T17:07:29+05:30,synthetic_calendar_rbi_policy_like,BANKBEES,raw_synthetic_l2_dense_full_year\trade_month=2026-07\symbol=BANKBEES\part-00000.parquet,2026-07,900,1800,1786620149,1786622849,1784279675,1787075457,1,17069263,34
P325_SYNTH_EVENT_023_20260813,2026-08-13T17:07:29+05:30,synthetic_calendar_rbi_policy_like,BHARTIARTL,raw_synthetic_l2_dense_full_year\trade_month=2026-07\symbol=BHARTIARTL\part-00000.parquet,2026-07,900,1800,1786620149,1786622849,1784279675,1787078457,1,17055379,34
P325_SYNTH_EVENT_023_20260813,2026-08-13T17:07:29+05:30,synthetic_calendar_rbi_policy_like,BPCL,raw_synthetic_l2_dense_full_year\trade_month=2026-07\symbol=BPCL\part-00000.parquet,2026-07,900,1800,1786620149,1786622849,1784279475,1787088457,1,17061330,34
P325_SYNTH_EVENT_023_20260813,2026-08-13T17:07:29+05:30,synthetic_calendar_rbi_policy_like,BRITANNIA,raw_synthetic_l2_dense_full_year\trade_month=2026-07\symbol=BRITANNIA\part-00000.parquet,2026-07,900,1800,1786620149,1786622849,1784279675,1787073457,1,17025628,34
P325_SYNTH_EVENT_023_20260813,2026-08-13T17:07:29+05:30,synthetic_calendar_rbi_policy_like,CIPLA,raw_synthetic_l2_dense_full_year\trade_month=2026-07\symbol=CIPLA\part-00000.parquet,2026-07,900,1800,1786620149,1786622849,1784279675,1787074457,1,17045462,34
P325_SYNTH_EVENT_023_20260813,2026-08-13T17:07:29+05:30,synthetic_calendar_rbi_policy_like,DRREDDY,raw_synthetic_l2_dense_full_year\trade_month=2026-07\symbol=DRREDDY\part-00000.parquet,2026-07,900,1800,1786620149,1786622849,1784279675,1787077457,1,17041496,34
P325_SYNTH_EVENT_023_20260813,2026-08-13T17:07:29+05:30,synthetic_calendar_rbi_policy_like,GOLDBEES,raw_synthetic_l2_dense_full_year\trade_month=2026-07\symbol=GOLDBEES\part-00000.parquet,2026-07,900,1800,1786620149,1786622849,1784279675,1787069207,1,17059346,34
P325_SYNTH_EVENT_023_20260813,2026-08-13T17:07:29+05:30,synthetic_calendar_rbi_policy_like,HCLTECH,raw_synthetic_l2_dense_full_year\trade_month=2026-07\symbol=HCLTECH\part-00000.parquet,2026-07,900,1800,1786620149,1786622849,1784279675,1787090457,1,17033562,34
P325_SYNTH_EVENT_023_20260813,2026-08-13T17:07:29+05:30,synthetic_calendar_rbi_policy_like,HDFCBANK,raw_synthetic_l2_dense_full_year\trade_month=2026-07\symbol=HDFCBANK\part-00000.parquet,2026-07,900,1800,1786620149,1786622849,1784279475,1787070457,1,17031579,34
P325_SYNTH_EVENT_023_20260813,2026-08-13T17:07:29+05:30,synthetic_calendar_rbi_policy_like,HINDUNILVR,raw_synthetic_l2_dense_full_year\trade_month=2026-07\symbol=HINDUNILVR\part-00000.parquet,2026-07,900,1800,1786620149,1786622849,1784279675,1787071207,1,17051413,34
P325_SYNTH_EVENT_023_20260813,2026-08-13T17:07:29+05:30,synthetic_calendar_rbi_policy_like,ICICIBANK,raw_synthetic_l2_dense_full_year\trade_month=2026-07\symbol=ICICIBANK\part-00000.parquet,2026-07,900,1800,1786620149,1786622849,1784279675,1787089457,1,17037529,34
P325_SYNTH_EVENT_023_20260813,2026-08-13T17:07:29+05:30,synthetic_calendar_rbi_policy_like,INFY,raw_synthetic_l2_dense_full_year\trade_month=2026-07\symbol=INFY\part-00000.parquet,2026-07,900,1800,1786620149,1786622849,1784279675,1787082957,1,17053396,34
P325_SYNTH_EVENT_023_20260813,2026-08-13T17:07:29+05:30,synthetic_calendar_rbi_policy_like,ITBEES,raw_synthetic_l2_dense_full_year\trade_month=2026-07\symbol=ITBEES\part-00000.parquet,2026-07,900,1800,1786620149,1786622849,1784279475,1787074457,1,17055379,34
P325_SYNTH_EVENT_023_20260813,2026-08-13T17:07:29+05:30,synthetic_calendar_rbi_policy_like,ITC,raw_synthetic_l2_dense_full_year\trade_month=2026-07\symbol=ITC\part-00000.parquet,2026-07,900,1800,1786620149,1786622849,1784279675,1787080457,1,17031579,34
P325_SYNTH_EVENT_023_20260813,2026-08-13T17:07:29+05:30,synthetic_calendar_rbi_policy_like,JUNIORBEES,raw_synthetic_l2_dense_full_year\trade_month=2026-07\symbol=JUNIORBEES\part-00000.parquet,2026-07,900,1800,1786620149,1786622849,1784279475,1787081457,1,17073230,34
P325_SYNTH_EVENT_023_20260813,2026-08-13T17:07:29+05:30,synthetic_calendar_rbi_policy_like,KOTAKBANK,raw_synthetic_l2_dense_full_year\trade_month=2026-07\symbol=KOTAKBANK\part-00000.parquet,2026-07,900,1800,1786620149,1786622849,1784279675,1787068957,1,17039512,34
P325_SYNTH_EVENT_023_20260813,2026-08-13T17:07:29+05:30,synthetic_calendar_rbi_policy_like,LT,raw_synthetic_l2_dense_full_year\trade_month=2026-07\symbol=LT\part-00000.parquet,2026-07,900,1800,1786620149,1786622849,1784279475,1787081457,1,17027612,34
P325_SYNTH_EVENT_023_20260813,2026-08-13T17:07:29+05:30,synthetic_calendar_rbi_policy_like,M&M,raw_synthetic_l2_dense_full_year\trade_month=2026-07\symbol=M&M\part-00000.parquet,2026-07,900,1800,1786620149,1786622849,1784279475,1787086457,1,17051413,34
P325_SYNTH_EVENT_023_20260813,2026-08-13T17:07:29+05:30,synthetic_calendar_rbi_policy_like,MARUTI,raw_synthetic_l2_dense_full_year\trade_month=2026-07\symbol=MARUTI\part-00000.parquet,2026-07,900,1800,1786620149,1786622849,1784279249,1787074957,1,17053396,34
P325_SYNTH_EVENT_023_20260813,2026-08-13T17:07:29+05:30,synthetic_calendar_rbi_policy_like,NESTLEIND,raw_synthetic_l2_dense_full_year\trade_month=2026-07\symbol=NESTLEIND\part-00000.parquet,2026-07,900,1800,1786620149,1786622849,1784279475,1787078957,1,17079180,34
P325_SYNTH_EVENT_023_20260813,2026-08-13T17:07:29+05:30,synthetic_calendar_rbi_policy_like,NIFTYBEES,raw_synthetic_l2_dense_full_year\trade_month=2026-07\symbol=NIFTYBEES\part-00000.parquet,2026-07,900,1800,1786620149,1786622849,1784279475,1787083957,1,17057363,34
P325_SYNTH_EVENT_023_20260813,2026-08-13T17:07:29+05:30,synthetic_calendar_rbi_policy_like,ONGC,raw_synthetic_l2_dense_full_year\trade_month=2026-07\symbol=ONGC\part-00000.parquet,2026-07,900,1800,1786620149,1786622849,1784279675,1787084457,1,17039512,34
P325_SYNTH_EVENT_023_20260813,2026-08-13T17:07:29+05:30,synthetic_calendar_rbi_policy_like,RELIANCE,raw_synthetic_l2_dense_full_year\trade_month=2026-07\symbol=RELIANCE\part-00000.parquet,2026-07,900,1800,1786620149,1786622849,1784279675,1787074678,1,17037529,34
P325_SYNTH_EVENT_023_20260813,2026-08-13T17:07:29+05:30,synthetic_calendar_rbi_policy_like,SBIN,raw_synthetic_l2_dense_full_year\trade_month=2026-07\symbol=SBIN\part-00000.parquet,2026-07,900,1800,1786620149,1786622849,1784279675,1787085957,1,17071247,34
P325_SYNTH_EVENT_023_20260813,2026-08-13T17:07:29+05:30,synthetic_calendar_rbi_policy_like,SUNPHARMA,raw_synthetic_l2_dense_full_year\trade_month=2026-07\symbol=SUNPHARMA\part-00000.parquet,2026-07,900,1800,1786620149,1786622849,1784279675,1787073457,1,17057363,34
P325_SYNTH_EVENT_023_20260813,2026-08-13T17:07:29+05:30,synthetic_calendar_rbi_policy_like,TCS,raw_synthetic_l2_dense_full_year\trade_month=2026-07\symbol=TCS\part-00000.parquet,2026-07,900,1800,1786620149,1786622849,1784279675,1787099957,1,17033562,34
P325_SYNTH_EVENT_023_20260813,2026-08-13T17:07:29+05:30,synthetic_calendar_rbi_policy_like,TECHM,raw_synthetic_l2_dense_full_year\trade_month=2026-07\symbol=TECHM\part-00000.parquet,2026-07,900,1800,1786620149,1786622849,1784279675,1787090457,1,17037529,34
P325_SYNTH_EVENT_023_20260813,2026-08-13T17:07:29+05:30,synthetic_calendar_rbi_policy_like,ULTRACEMCO,raw_synthetic_l2_dense_full_year\trade_month=2026-07\symbol=ULTRACEMCO\part-00000.parquet,2026-07,900,1800,1786620149,1786622849,1784279675,1787070207,1,17047446,34
P325_SYNTH_EVENT_023_20260813,2026-08-13T17:07:29+05:30,synthetic_calendar_rbi_policy_like,WIPRO,raw_synthetic_l2_dense_full_year\trade_month=2026-07\symbol=WIPRO\part-00000.parquet,2026-07,900,1800,1786620149,1786622849,1784279675,1787074457,1,17043479,34
P325_SYNTH_EVENT_024_20260814,2026-08-14T17:07:29+05:30,synthetic_calendar_rbi_policy_like,ADANIPORTS,raw_synthetic_l2_dense_full_year\trade_month=2026-07\symbol=ADANIPORTS\part-00000.parquet,2026-07,900,1800,1786706549,1786709249,1784279563,1787080207,1,17059346,34
P325_SYNTH_EVENT_024_20260814,2026-08-14T17:07:29+05:30,synthetic_calendar_rbi_policy_like,AXISBANK,raw_synthetic_l2_dense_full_year\trade_month=2026-07\symbol=AXISBANK\part-00000.parquet,2026-07,900,1800,1786706549,1786709249,1784279675,1787071457,1,17059346,34
P325_SYNTH_EVENT_024_20260814,2026-08-14T17:07:29+05:30,synthetic_calendar_rbi_policy_like,BAJAJ-AUTO,raw_synthetic_l2_dense_full_year\trade_month=2026-07\symbol=BAJAJ-AUTO\part-00000.parquet,2026-07,900,1800,1786706549,1786709249,1784279475,1787076957,1,17041496,34
P325_SYNTH_EVENT_024_20260814,2026-08-14T17:07:29+05:30,synthetic_calendar_rbi_policy_like,BANKBEES,raw_synthetic_l2_dense_full_year\trade_month=2026-07\symbol=BANKBEES\part-00000.parquet,2026-07,900,1800,1786706549,1786709249,1784279675,1787075457,1,17069263,34
P325_SYNTH_EVENT_024_20260814,2026-08-14T17:07:29+05:30,synthetic_calendar_rbi_policy_like,BHARTIARTL,raw_synthetic_l2_dense_full_year\trade_month=2026-07\symbol=BHARTIARTL\part-00000.parquet,2026-07,900,1800,1786706549,1786709249,1784279675,1787078457,1,17055379,34
P325_SYNTH_EVENT_024_20260814,2026-08-14T17:07:29+05:30,synthetic_calendar_rbi_policy_like,BPCL,raw_synthetic_l2_dense_full_year\trade_month=2026-07\symbol=BPCL\part-00000.parquet,2026-07,900,1800,1786706549,1786709249,1784279475,1787088457,1,17061330,34
P325_SYNTH_EVENT_024_20260814,2026-08-14T17:07:29+05:30,synthetic_calendar_rbi_policy_like,BRITANNIA,raw_synthetic_l2_dense_full_year\trade_month=2026-07\symbol=BRITANNIA\part-00000.parquet,2026-07,900,1800,1786706549,1786709249,1784279675,1787073457,1,17025628,34
P325_SYNTH_EVENT_024_20260814,2026-08-14T17:07:29+05:30,synthetic_calendar_rbi_policy_like,CIPLA,raw_synthetic_l2_dense_full_year\trade_month=2026-07\symbol=CIPLA\part-00000.parquet,2026-07,900,1800,1786706549,1786709249,1784279675,1787074457,1,17045462,34
P325_SYNTH_EVENT_024_20260814,2026-08-14T17:07:29+05:30,synthetic_calendar_rbi_policy_like,DRREDDY,raw_synthetic_l2_dense_full_year\trade_month=2026-07\symbol=DRREDDY\part-00000.parquet,2026-07,900,1800,1786706549,1786709249,1784279675,1787077457,1,17041496,34
P325_SYNTH_EVENT_024_20260814,2026-08-14T17:07:29+05:30,synthetic_calendar_rbi_policy_like,GOLDBEES,raw_synthetic_l2_dense_full_year\trade_month=2026-07\symbol=GOLDBEES\part-00000.parquet,2026-07,900,1800,1786706549,1786709249,1784279675,1787069207,1,17059346,34
P325_SYNTH_EVENT_024_20260814,2026-08-14T17:07:29+05:30,synthetic_calendar_rbi_policy_like,HCLTECH,raw_synthetic_l2_dense_full_year\trade_month=2026-07\symbol=HCLTECH\part-00000.parquet,2026-07,900,1800,1786706549,1786709249,1784279675,1787090457,1,17033562,34
P325_SYNTH_EVENT_024_20260814,2026-08-14T17:07:29+05:30,synthetic_calendar_rbi_policy_like,HDFCBANK,raw_synthetic_l2_dense_full_year\trade_month=2026-07\symbol=HDFCBANK\part-00000.parquet,2026-07,900,1800,1786706549,1786709249,1784279475,1787070457,1,17031579,34
P325_SYNTH_EVENT_024_20260814,2026-08-14T17:07:29+05:30,synthetic_calendar_rbi_policy_like,HINDUNILVR,raw_synthetic_l2_dense_full_year\trade_month=2026-07\symbol=HINDUNILVR\part-00000.parquet,2026-07,900,1800,1786706549,1786709249,1784279675,1787071207,1,17051413,34
P325_SYNTH_EVENT_024_20260814,2026-08-14T17:07:29+05:30,synthetic_calendar_rbi_policy_like,ICICIBANK,raw_synthetic_l2_dense_full_year\trade_month=2026-07\symbol=ICICIBANK\part-00000.parquet,2026-07,900,1800,1786706549,1786709249,1784279675,1787089457,1,17037529,34
P325_SYNTH_EVENT_024_20260814,2026-08-14T17:07:29+05:30,synthetic_calendar_rbi_policy_like,INFY,raw_synthetic_l2_dense_full_year\trade_month=2026-07\symbol=INFY\part-00000.parquet,2026-07,900,1800,1786706549,1786709249,1784279675,1787082957,1,17053396,34
P325_SYNTH_EVENT_024_20260814,2026-08-14T17:07:29+05:30,synthetic_calendar_rbi_policy_like,ITBEES,raw_synthetic_l2_dense_full_year\trade_month=2026-07\symbol=ITBEES\part-00000.parquet,2026-07,900,1800,1786706549,1786709249,1784279475,1787074457,1,17055379,34
P325_SYNTH_EVENT_024_20260814,2026-08-14T17:07:29+05:30,synthetic_calendar_rbi_policy_like,ITC,raw_synthetic_l2_dense_full_year\trade_month=2026-07\symbol=ITC\part-00000.parquet,2026-07,900,1800,1786706549,1786709249,1784279675,1787080457,1,17031579,34
P325_SYNTH_EVENT_024_20260814,2026-08-14T17:07:29+05:30,synthetic_calendar_rbi_policy_like,JUNIORBEES,raw_synthetic_l2_dense_full_year\trade_month=2026-07\symbol=JUNIORBEES\part-00000.parquet,2026-07,900,1800,1786706549,1786709249,1784279475,1787081457,1,17073230,34
P325_SYNTH_EVENT_024_20260814,2026-08-14T17:07:29+05:30,synthetic_calendar_rbi_policy_like,KOTAKBANK,raw_synthetic_l2_dense_full_year\trade_month=2026-07\symbol=KOTAKBANK\part-00000.parquet,2026-07,900,1800,1786706549,1786709249,1784279675,1787068957,1,17039512,34
P325_SYNTH_EVENT_024_20260814,2026-08-14T17:07:29+05:30,synthetic_calendar_rbi_policy_like,LT,raw_synthetic_l2_dense_full_year\trade_month=2026-07\symbol=LT\part-00000.parquet,2026-07,900,1800,1786706549,1786709249,1784279475,1787081457,1,17027612,34
P325_SYNTH_EVENT_024_20260814,2026-08-14T17:07:29+05:30,synthetic_calendar_rbi_policy_like,M&M,raw_synthetic_l2_dense_full_year\trade_month=2026-07\symbol=M&M\part-00000.parquet,2026-07,900,1800,1786706549,1786709249,1784279475,1787086457,1,17051413,34
P325_SYNTH_EVENT_024_20260814,2026-08-14T17:07:29+05:30,synthetic_calendar_rbi_policy_like,MARUTI,raw_synthetic_l2_dense_full_year\trade_month=2026-07\symbol=MARUTI\part-00000.parquet,2026-07,900,1800,1786706549,1786709249,1784279249,1787074957,1,17053396,34
P325_SYNTH_EVENT_024_20260814,2026-08-14T17:07:29+05:30,synthetic_calendar_rbi_policy_like,NESTLEIND,raw_synthetic_l2_dense_full_year\trade_month=2026-07\symbol=NESTLEIND\part-00000.parquet,2026-07,900,1800,1786706549,1786709249,1784279475,1787078957,1,17079180,34
P325_SYNTH_EVENT_024_20260814,2026-08-14T17:07:29+05:30,synthetic_calendar_rbi_policy_like,NIFTYBEES,raw_synthetic_l2_dense_full_year\trade_month=2026-07\symbol=NIFTYBEES\part-00000.parquet,2026-07,900,1800,1786706549,1786709249,1784279475,1787083957,1,17057363,34
P325_SYNTH_EVENT_024_20260814,2026-08-14T17:07:29+05:30,synthetic_calendar_rbi_policy_like,ONGC,raw_synthetic_l2_dense_full_year\trade_month=2026-07\symbol=ONGC\part-00000.parquet,2026-07,900,1800,1786706549,1786709249,1784279675,1787084457,1,17039512,34
P325_SYNTH_EVENT_024_20260814,2026-08-14T17:07:29+05:30,synthetic_calendar_rbi_policy_like,RELIANCE,raw_synthetic_l2_dense_full_year\trade_month=2026-07\symbol=RELIANCE\part-00000.parquet,2026-07,900,1800,1786706549,1786709249,1784279675,1787074678,1,17037529,34
P325_SYNTH_EVENT_024_20260814,2026-08-14T17:07:29+05:30,synthetic_calendar_rbi_policy_like,SBIN,raw_synthetic_l2_dense_full_year\trade_month=2026-07\symbol=SBIN\part-00000.parquet,2026-07,900,1800,1786706549,1786709249,1784279675,1787085957,1,17071247,34
P325_SYNTH_EVENT_024_20260814,2026-08-14T17:07:29+05:30,synthetic_calendar_rbi_policy_like,SUNPHARMA,raw_synthetic_l2_dense_full_year\trade_month=2026-07\symbol=SUNPHARMA\part-00000.parquet,2026-07,900,1800,1786706549,1786709249,1784279675,1787073457,1,17057363,34
P325_SYNTH_EVENT_024_20260814,2026-08-14T17:07:29+05:30,synthetic_calendar_rbi_policy_like,TCS,raw_synthetic_l2_dense_full_year\trade_month=2026-07\symbol=TCS\part-00000.parquet,2026-07,900,1800,1786706549,1786709249,1784279675,1787099957,1,17033562,34
P325_SYNTH_EVENT_024_20260814,2026-08-14T17:07:29+05:30,synthetic_calendar_rbi_policy_like,TECHM,raw_synthetic_l2_dense_full_year\trade_month=2026-07\symbol=TECHM\part-00000.parquet,2026-07,900,1800,1786706549,1786709249,1784279675,1787090457,1,17037529,34
P325_SYNTH_EVENT_024_20260814,2026-08-14T17:07:29+05:30,synthetic_calendar_rbi_policy_like,ULTRACEMCO,raw_synthetic_l2_dense_full_year\trade_month=2026-07\symbol=ULTRACEMCO\part-00000.parquet,2026-07,900,1800,1786706549,1786709249,1784279675,1787070207,1,17047446,34
P325_SYNTH_EVENT_024_20260814,2026-08-14T17:07:29+05:30,synthetic_calendar_rbi_policy_like,WIPRO,raw_synthetic_l2_dense_full_year\trade_month=2026-07\symbol=WIPRO\part-00000.parquet,2026-07,900,1800,1786706549,1786709249,1784279675,1787074457,1,17043479,34
P325_SYNTH_EVENT_025_20260817,2026-08-17T18:37:29+05:30,synthetic_calendar_rbi_policy_like,ADANIPORTS,raw_synthetic_l2_dense_full_year\trade_month=2026-07\symbol=ADANIPORTS\part-00000.parquet,2026-07,900,1800,1786971149,1786973849,1784279563,1787080207,1,17059346,34
P325_SYNTH_EVENT_025_20260817,2026-08-17T18:37:29+05:30,synthetic_calendar_rbi_policy_like,AXISBANK,raw_synthetic_l2_dense_full_year\trade_month=2026-07\symbol=AXISBANK\part-00000.parquet,2026-07,900,1800,1786971149,1786973849,1784279675,1787071457,1,17059346,34
P325_SYNTH_EVENT_025_20260817,2026-08-17T18:37:29+05:30,synthetic_calendar_rbi_policy_like,BAJAJ-AUTO,raw_synthetic_l2_dense_full_year\trade_month=2026-07\symbol=BAJAJ-AUTO\part-00000.parquet,2026-07,900,1800,1786971149,1786973849,1784279475,1787076957,1,17041496,34
P325_SYNTH_EVENT_025_20260817,2026-08-17T18:37:29+05:30,synthetic_calendar_rbi_policy_like,BANKBEES,raw_synthetic_l2_dense_full_year\trade_month=2026-07\symbol=BANKBEES\part-00000.parquet,2026-07,900,1800,1786971149,1786973849,1784279675,1787075457,1,17069263,34
P325_SYNTH_EVENT_025_20260817,2026-08-17T18:37:29+05:30,synthetic_calendar_rbi_policy_like,BHARTIARTL,raw_synthetic_l2_dense_full_year\trade_month=2026-07\symbol=BHARTIARTL\part-00000.parquet,2026-07,900,1800,1786971149,1786973849,1784279675,1787078457,1,17055379,34
P325_SYNTH_EVENT_025_20260817,2026-08-17T18:37:29+05:30,synthetic_calendar_rbi_policy_like,BPCL,raw_synthetic_l2_dense_full_year\trade_month=2026-07\symbol=BPCL\part-00000.parquet,2026-07,900,1800,1786971149,1786973849,1784279475,1787088457,1,17061330,34
P325_SYNTH_EVENT_025_20260817,2026-08-17T18:37:29+05:30,synthetic_calendar_rbi_policy_like,BRITANNIA,raw_synthetic_l2_dense_full_year\trade_month=2026-07\symbol=BRITANNIA\part-00000.parquet,2026-07,900,1800,1786971149,1786973849,1784279675,1787073457,1,17025628,34
P325_SYNTH_EVENT_025_20260817,2026-08-17T18:37:29+05:30,synthetic_calendar_rbi_policy_like,CIPLA,raw_synthetic_l2_dense_full_year\trade_month=2026-07\symbol=CIPLA\part-00000.parquet,2026-07,900,1800,1786971149,1786973849,1784279675,1787074457,1,17045462,34
P325_SYNTH_EVENT_025_20260817,2026-08-17T18:37:29+05:30,synthetic_calendar_rbi_policy_like,DRREDDY,raw_synthetic_l2_dense_full_year\trade_month=2026-07\symbol=DRREDDY\part-00000.parquet,2026-07,900,1800,1786971149,1786973849,1784279675,1787077457,1,17041496,34
P325_SYNTH_EVENT_025_20260817,2026-08-17T18:37:29+05:30,synthetic_calendar_rbi_policy_like,GOLDBEES,raw_synthetic_l2_dense_full_year\trade_month=2026-07\symbol=GOLDBEES\part-00000.parquet,2026-07,900,1800,1786971149,1786973849,1784279675,1787069207,1,17059346,34
P325_SYNTH_EVENT_025_20260817,2026-08-17T18:37:29+05:30,synthetic_calendar_rbi_policy_like,HCLTECH,raw_synthetic_l2_dense_full_year\trade_month=2026-07\symbol=HCLTECH\part-00000.parquet,2026-07,900,1800,1786971149,1786973849,1784279675,1787090457,1,17033562,34
P325_SYNTH_EVENT_025_20260817,2026-08-17T18:37:29+05:30,synthetic_calendar_rbi_policy_like,HDFCBANK,raw_synthetic_l2_dense_full_year\trade_month=2026-07\symbol=HDFCBANK\part-00000.parquet,2026-07,900,1800,1786971149,1786973849,1784279475,1787070457,1,17031579,34
P325_SYNTH_EVENT_025_20260817,2026-08-17T18:37:29+05:30,synthetic_calendar_rbi_policy_like,HINDUNILVR,raw_synthetic_l2_dense_full_year\trade_month=2026-07\symbol=HINDUNILVR\part-00000.parquet,2026-07,900,1800,1786971149,1786973849,1784279675,1787071207,1,17051413,34
P325_SYNTH_EVENT_025_20260817,2026-08-17T18:37:29+05:30,synthetic_calendar_rbi_policy_like,ICICIBANK,raw_synthetic_l2_dense_full_year\trade_month=2026-07\symbol=ICICIBANK\part-00000.parquet,2026-07,900,1800,1786971149,1786973849,1784279675,1787089457,1,17037529,34
P325_SYNTH_EVENT_025_20260817,2026-08-17T18:37:29+05:30,synthetic_calendar_rbi_policy_like,INFY,raw_synthetic_l2_dense_full_year\trade_month=2026-07\symbol=INFY\part-00000.parquet,2026-07,900,1800,1786971149,1786973849,1784279675,1787082957,1,17053396,34
P325_SYNTH_EVENT_025_20260817,2026-08-17T18:37:29+05:30,synthetic_calendar_rbi_policy_like,ITBEES,raw_synthetic_l2_dense_full_year\trade_month=2026-07\symbol=ITBEES\part-00000.parquet,2026-07,900,1800,1786971149,1786973849,1784279475,1787074457,1,17055379,34
P325_SYNTH_EVENT_025_20260817,2026-08-17T18:37:29+05:30,synthetic_calendar_rbi_policy_like,ITC,raw_synthetic_l2_dense_full_year\trade_month=2026-07\symbol=ITC\part-00000.parquet,2026-07,900,1800,1786971149,1786973849,1784279675,1787080457,1,17031579,34
P325_SYNTH_EVENT_025_20260817,2026-08-17T18:37:29+05:30,synthetic_calendar_rbi_policy_like,JUNIORBEES,raw_synthetic_l2_dense_full_year\trade_month=2026-07\symbol=JUNIORBEES\part-00000.parquet,2026-07,900,1800,1786971149,1786973849,1784279475,1787081457,1,17073230,34
P325_SYNTH_EVENT_025_20260817,2026-08-17T18:37:29+05:30,synthetic_calendar_rbi_policy_like,KOTAKBANK,raw_synthetic_l2_dense_full_year\trade_month=2026-07\symbol=KOTAKBANK\part-00000.parquet,2026-07,900,1800,1786971149,1786973849,1784279675,1787068957,1,17039512,34
P325_SYNTH_EVENT_025_20260817,2026-08-17T18:37:29+05:30,synthetic_calendar_rbi_policy_like,LT,raw_synthetic_l2_dense_full_year\trade_month=2026-07\symbol=LT\part-00000.parquet,2026-07,900,1800,1786971149,1786973849,1784279475,1787081457,1,17027612,34
P325_SYNTH_EVENT_025_20260817,2026-08-17T18:37:29+05:30,synthetic_calendar_rbi_policy_like,M&M,raw_synthetic_l2_dense_full_year\trade_month=2026-07\symbol=M&M\part-00000.parquet,2026-07,900,1800,1786971149,1786973849,1784279475,1787086457,1,17051413,34
P325_SYNTH_EVENT_025_20260817,2026-08-17T18:37:29+05:30,synthetic_calendar_rbi_policy_like,MARUTI,raw_synthetic_l2_dense_full_year\trade_month=2026-07\symbol=MARUTI\part-00000.parquet,2026-07,900,1800,1786971149,1786973849,1784279249,1787074957,1,17053396,34
P325_SYNTH_EVENT_025_20260817,2026-08-17T18:37:29+05:30,synthetic_calendar_rbi_policy_like,NESTLEIND,raw_synthetic_l2_dense_full_year\trade_month=2026-07\symbol=NESTLEIND\part-00000.parquet,2026-07,900,1800,1786971149,1786973849,1784279475,1787078957,1,17079180,34
P325_SYNTH_EVENT_025_20260817,2026-08-17T18:37:29+05:30,synthetic_calendar_rbi_policy_like,NIFTYBEES,raw_synthetic_l2_dense_full_year\trade_month=2026-07\symbol=NIFTYBEES\part-00000.parquet,2026-07,900,1800,1786971149,1786973849,1784279475,1787083957,1,17057363,34
P325_SYNTH_EVENT_025_20260817,2026-08-17T18:37:29+05:30,synthetic_calendar_rbi_policy_like,ONGC,raw_synthetic_l2_dense_full_year\trade_month=2026-07\symbol=ONGC\part-00000.parquet,2026-07,900,1800,1786971149,1786973849,1784279675,1787084457,1,17039512,34
P325_SYNTH_EVENT_025_20260817,2026-08-17T18:37:29+05:30,synthetic_calendar_rbi_policy_like,RELIANCE,raw_synthetic_l2_dense_full_year\trade_month=2026-07\symbol=RELIANCE\part-00000.parquet,2026-07,900,1800,1786971149,1786973849,1784279675,1787074678,1,17037529,34
P325_SYNTH_EVENT_025_20260817,2026-08-17T18:37:29+05:30,synthetic_calendar_rbi_policy_like,SBIN,raw_synthetic_l2_dense_full_year\trade_month=2026-07\symbol=SBIN\part-00000.parquet,2026-07,900,1800,1786971149,1786973849,1784279675,1787085957,1,17071247,34
P325_SYNTH_EVENT_025_20260817,2026-08-17T18:37:29+05:30,synthetic_calendar_rbi_policy_like,SUNPHARMA,raw_synthetic_l2_dense_full_year\trade_month=2026-07\symbol=SUNPHARMA\part-00000.parquet,2026-07,900,1800,1786971149,1786973849,1784279675,1787073457,1,17057363,34
P325_SYNTH_EVENT_025_20260817,2026-08-17T18:37:29+05:30,synthetic_calendar_rbi_policy_like,TCS,raw_synthetic_l2_dense_full_year\trade_month=2026-07\symbol=TCS\part-00000.parquet,2026-07,900,1800,1786971149,1786973849,1784279675,1787099957,1,17033562,34
P325_SYNTH_EVENT_025_20260817,2026-08-17T18:37:29+05:30,synthetic_calendar_rbi_policy_like,TECHM,raw_synthetic_l2_dense_full_year\trade_month=2026-07\symbol=TECHM\part-00000.parquet,2026-07,900,1800,1786971149,1786973849,1784279675,1787090457,1,17037529,34
P325_SYNTH_EVENT_025_20260817,2026-08-17T18:37:29+05:30,synthetic_calendar_rbi_policy_like,ULTRACEMCO,raw_synthetic_l2_dense_full_year\trade_month=2026-07\symbol=ULTRACEMCO\part-00000.parquet,2026-07,900,1800,1786971149,1786973849,1784279675,1787070207,1,17047446,34
P325_SYNTH_EVENT_025_20260817,2026-08-17T18:37:29+05:30,synthetic_calendar_rbi_policy_like,WIPRO,raw_synthetic_l2_dense_full_year\trade_month=2026-07\symbol=WIPRO\part-00000.parquet,2026-07,900,1800,1786971149,1786973849,1784279675,1787074457,1,17043479,34
P325_SYNTH_EVENT_026_20260818,2026-08-18T20:07:29+05:30,synthetic_calendar_rbi_policy_like,ADANIPORTS,raw_synthetic_l2_dense_full_year\trade_month=2026-07\symbol=ADANIPORTS\part-00000.parquet,2026-07,900,1800,1787062949,1787065649,1784279563,1787080207,1,17059346,34
P325_SYNTH_EVENT_026_20260818,2026-08-18T20:07:29+05:30,synthetic_calendar_rbi_policy_like,AXISBANK,raw_synthetic_l2_dense_full_year\trade_month=2026-07\symbol=AXISBANK\part-00000.parquet,2026-07,900,1800,1787062949,1787065649,1784279675,1787071457,1,17059346,34
P325_SYNTH_EVENT_026_20260818,2026-08-18T20:07:29+05:30,synthetic_calendar_rbi_policy_like,BAJAJ-AUTO,raw_synthetic_l2_dense_full_year\trade_month=2026-07\symbol=BAJAJ-AUTO\part-00000.parquet,2026-07,900,1800,1787062949,1787065649,1784279475,1787076957,1,17041496,34
P325_SYNTH_EVENT_026_20260818,2026-08-18T20:07:29+05:30,synthetic_calendar_rbi_policy_like,BANKBEES,raw_synthetic_l2_dense_full_year\trade_month=2026-07\symbol=BANKBEES\part-00000.parquet,2026-07,900,1800,1787062949,1787065649,1784279675,1787075457,1,17069263,34
P325_SYNTH_EVENT_026_20260818,2026-08-18T20:07:29+05:30,synthetic_calendar_rbi_policy_like,BHARTIARTL,raw_synthetic_l2_dense_full_year\trade_month=2026-07\symbol=BHARTIARTL\part-00000.parquet,2026-07,900,1800,1787062949,1787065649,1784279675,1787078457,1,17055379,34
P325_SYNTH_EVENT_026_20260818,2026-08-18T20:07:29+05:30,synthetic_calendar_rbi_policy_like,BPCL,raw_synthetic_l2_dense_full_year\trade_month=2026-07\symbol=BPCL\part-00000.parquet,2026-07,900,1800,1787062949,1787065649,1784279475,1787088457,1,17061330,34
P325_SYNTH_EVENT_026_20260818,2026-08-18T20:07:29+05:30,synthetic_calendar_rbi_policy_like,BRITANNIA,raw_synthetic_l2_dense_full_year\trade_month=2026-07\symbol=BRITANNIA\part-00000.parquet,2026-07,900,1800,1787062949,1787065649,1784279675,1787073457,1,17025628,34
P325_SYNTH_EVENT_026_20260818,2026-08-18T20:07:29+05:30,synthetic_calendar_rbi_policy_like,CIPLA,raw_synthetic_l2_dense_full_year\trade_month=2026-07\symbol=CIPLA\part-00000.parquet,2026-07,900,1800,1787062949,1787065649,1784279675,1787074457,1,17045462,34
P325_SYNTH_EVENT_026_20260818,2026-08-18T20:07:29+05:30,synthetic_calendar_rbi_policy_like,DRREDDY,raw_synthetic_l2_dense_full_year\trade_month=2026-07\symbol=DRREDDY\part-00000.parquet,2026-07,900,1800,1787062949,1787065649,1784279675,1787077457,1,17041496,34
P325_SYNTH_EVENT_026_20260818,2026-08-18T20:07:29+05:30,synthetic_calendar_rbi_policy_like,GOLDBEES,raw_synthetic_l2_dense_full_year\trade_month=2026-07\symbol=GOLDBEES\part-00000.parquet,2026-07,900,1800,1787062949,1787065649,1784279675,1787069207,1,17059346,34
P325_SYNTH_EVENT_026_20260818,2026-08-18T20:07:29+05:30,synthetic_calendar_rbi_policy_like,HCLTECH,raw_synthetic_l2_dense_full_year\trade_month=2026-07\symbol=HCLTECH\part-00000.parquet,2026-07,900,1800,1787062949,1787065649,1784279675,1787090457,1,17033562,34
P325_SYNTH_EVENT_026_20260818,2026-08-18T20:07:29+05:30,synthetic_calendar_rbi_policy_like,HDFCBANK,raw_synthetic_l2_dense_full_year\trade_month=2026-07\symbol=HDFCBANK\part-00000.parquet,2026-07,900,1800,1787062949,1787065649,1784279475,1787070457,1,17031579,34
P325_SYNTH_EVENT_026_20260818,2026-08-18T20:07:29+05:30,synthetic_calendar_rbi_policy_like,HINDUNILVR,raw_synthetic_l2_dense_full_year\trade_month=2026-07\symbol=HINDUNILVR\part-00000.parquet,2026-07,900,1800,1787062949,1787065649,1784279675,1787071207,1,17051413,34
P325_SYNTH_EVENT_026_20260818,2026-08-18T20:07:29+05:30,synthetic_calendar_rbi_policy_like,ICICIBANK,raw_synthetic_l2_dense_full_year\trade_month=2026-07\symbol=ICICIBANK\part-00000.parquet,2026-07,900,1800,1787062949,1787065649,1784279675,1787089457,1,17037529,34
P325_SYNTH_EVENT_026_20260818,2026-08-18T20:07:29+05:30,synthetic_calendar_rbi_policy_like,INFY,raw_synthetic_l2_dense_full_year\trade_month=2026-07\symbol=INFY\part-00000.parquet,2026-07,900,1800,1787062949,1787065649,1784279675,1787082957,1,17053396,34
P325_SYNTH_EVENT_026_20260818,2026-08-18T20:07:29+05:30,synthetic_calendar_rbi_policy_like,ITBEES,raw_synthetic_l2_dense_full_year\trade_month=2026-07\symbol=ITBEES\part-00000.parquet,2026-07,900,1800,1787062949,1787065649,1784279475,1787074457,1,17055379,34
P325_SYNTH_EVENT_026_20260818,2026-08-18T20:07:29+05:30,synthetic_calendar_rbi_policy_like,ITC,raw_synthetic_l2_dense_full_year\trade_month=2026-07\symbol=ITC\part-00000.parquet,2026-07,900,1800,1787062949,1787065649,1784279675,1787080457,1,17031579,34
P325_SYNTH_EVENT_026_20260818,2026-08-18T20:07:29+05:30,synthetic_calendar_rbi_policy_like,JUNIORBEES,raw_synthetic_l2_dense_full_year\trade_month=2026-07\symbol=JUNIORBEES\part-00000.parquet,2026-07,900,1800,1787062949,1787065649,1784279475,1787081457,1,17073230,34
P325_SYNTH_EVENT_026_20260818,2026-08-18T20:07:29+05:30,synthetic_calendar_rbi_policy_like,KOTAKBANK,raw_synthetic_l2_dense_full_year\trade_month=2026-07\symbol=KOTAKBANK\part-00000.parquet,2026-07,900,1800,1787062949,1787065649,1784279675,1787068957,1,17039512,34
P325_SYNTH_EVENT_026_20260818,2026-08-18T20:07:29+05:30,synthetic_calendar_rbi_policy_like,LT,raw_synthetic_l2_dense_full_year\trade_month=2026-07\symbol=LT\part-00000.parquet,2026-07,900,1800,1787062949,1787065649,1784279475,1787081457,1,17027612,34
P325_SYNTH_EVENT_026_20260818,2026-08-18T20:07:29+05:30,synthetic_calendar_rbi_policy_like,M&M,raw_synthetic_l2_dense_full_year\trade_month=2026-07\symbol=M&M\part-00000.parquet,2026-07,900,1800,1787062949,1787065649,1784279475,1787086457,1,17051413,34
P325_SYNTH_EVENT_026_20260818,2026-08-18T20:07:29+05:30,synthetic_calendar_rbi_policy_like,MARUTI,raw_synthetic_l2_dense_full_year\trade_month=2026-07\symbol=MARUTI\part-00000.parquet,2026-07,900,1800,1787062949,1787065649,1784279249,1787074957,1,17053396,34
P325_SYNTH_EVENT_026_20260818,2026-08-18T20:07:29+05:30,synthetic_calendar_rbi_policy_like,NESTLEIND,raw_synthetic_l2_dense_full_year\trade_month=2026-07\symbol=NESTLEIND\part-00000.parquet,2026-07,900,1800,1787062949,1787065649,1784279475,1787078957,1,17079180,34
P325_SYNTH_EVENT_026_20260818,2026-08-18T20:07:29+05:30,synthetic_calendar_rbi_policy_like,NIFTYBEES,raw_synthetic_l2_dense_full_year\trade_month=2026-07\symbol=NIFTYBEES\part-00000.parquet,2026-07,900,1800,1787062949,1787065649,1784279475,1787083957,1,17057363,34
P325_SYNTH_EVENT_026_20260818,2026-08-18T20:07:29+05:30,synthetic_calendar_rbi_policy_like,ONGC,raw_synthetic_l2_dense_full_year\trade_month=2026-07\symbol=ONGC\part-00000.parquet,2026-07,900,1800,1787062949,1787065649,1784279675,1787084457,1,17039512,34
P325_SYNTH_EVENT_026_20260818,2026-08-18T20:07:29+05:30,synthetic_calendar_rbi_policy_like,RELIANCE,raw_synthetic_l2_dense_full_year\trade_month=2026-07\symbol=RELIANCE\part-00000.parquet,2026-07,900,1800,1787062949,1787065649,1784279675,1787074678,1,17037529,34
P325_SYNTH_EVENT_026_20260818,2026-08-18T20:07:29+05:30,synthetic_calendar_rbi_policy_like,SBIN,raw_synthetic_l2_dense_full_year\trade_month=2026-07\symbol=SBIN\part-00000.parquet,2026-07,900,1800,1787062949,1787065649,1784279675,1787085957,1,17071247,34
P325_SYNTH_EVENT_026_20260818,2026-08-18T20:07:29+05:30,synthetic_calendar_rbi_policy_like,SUNPHARMA,raw_synthetic_l2_dense_full_year\trade_month=2026-07\symbol=SUNPHARMA\part-00000.parquet,2026-07,900,1800,1787062949,1787065649,1784279675,1787073457,1,17057363,34
P325_SYNTH_EVENT_026_20260818,2026-08-18T20:07:29+05:30,synthetic_calendar_rbi_policy_like,TCS,raw_synthetic_l2_dense_full_year\trade_month=2026-07\symbol=TCS\part-00000.parquet,2026-07,900,1800,1787062949,1787065649,1784279675,1787099957,1,17033562,34
P325_SYNTH_EVENT_026_20260818,2026-08-18T20:07:29+05:30,synthetic_calendar_rbi_policy_like,TECHM,raw_synthetic_l2_dense_full_year\trade_month=2026-07\symbol=TECHM\part-00000.parquet,2026-07,900,1800,1787062949,1787065649,1784279675,1787090457,1,17037529,34
P325_SYNTH_EVENT_026_20260818,2026-08-18T20:07:29+05:30,synthetic_calendar_rbi_policy_like,ULTRACEMCO,raw_synthetic_l2_dense_full_year\trade_month=2026-07\symbol=ULTRACEMCO\part-00000.parquet,2026-07,900,1800,1787062949,1787065649,1784279675,1787070207,1,17047446,34
P325_SYNTH_EVENT_026_20260818,2026-08-18T20:07:29+05:30,synthetic_calendar_rbi_policy_like,WIPRO,raw_synthetic_l2_dense_full_year\trade_month=2026-07\symbol=WIPRO\part-00000.parquet,2026-07,900,1800,1787062949,1787065649,1784279675,1787074457,1,17043479,34
P325_SYNTH_EVENT_027_20260819,2026-08-19T18:37:29+05:30,synthetic_calendar_rbi_policy_like,ADANIPORTS,raw_synthetic_l2_dense_full_year\trade_month=2026-10\symbol=ADANIPORTS\part-00000.parquet,2026-10,900,1800,1787143949,1787146649,1784711675,1787247457,1,16303665,33
P325_SYNTH_EVENT_027_20260819,2026-08-19T18:37:29+05:30,synthetic_calendar_rbi_policy_like,AXISBANK,raw_synthetic_l2_dense_full_year\trade_month=2026-09\symbol=AXISBANK\part-00000.parquet,2026-09,900,1800,1787143949,1787146649,1784020475,1791489457,1,16315566,33
P325_SYNTH_EVENT_027_20260819,2026-08-19T18:37:29+05:30,synthetic_calendar_rbi_policy_like,BAJAJ-AUTO,raw_synthetic_l2_dense_full_year\trade_month=2026-10\symbol=BAJAJ-AUTO\part-00000.parquet,2026-10,900,1800,1787143949,1787146649,1784711675,1787256457,1,16309616,33
P325_SYNTH_EVENT_027_20260819,2026-08-19T18:37:29+05:30,synthetic_calendar_rbi_policy_like,BANKBEES,raw_synthetic_l2_dense_full_year\trade_month=2026-03\symbol=BANKBEES\part-00000.parquet,2026-03,900,1800,1787143949,1787146649,1784020475,1791487957,1,16313583,33
P325_SYNTH_EVENT_027_20260819,2026-08-19T18:37:29+05:30,synthetic_calendar_rbi_policy_like,BHARTIARTL,raw_synthetic_l2_dense_full_year\trade_month=2026-10\symbol=BHARTIARTL\part-00000.parquet,2026-10,900,1800,1787143949,1787146649,1784711675,1787245457,1,16331433,33
P325_SYNTH_EVENT_027_20260819,2026-08-19T18:37:29+05:30,synthetic_calendar_rbi_policy_like,BPCL,raw_synthetic_l2_dense_full_year\trade_month=2026-09\symbol=BPCL\part-00000.parquet,2026-09,900,1800,1787143949,1787146649,1784020475,1791493457,1,16335400,33
P325_SYNTH_EVENT_027_20260819,2026-08-19T18:37:29+05:30,synthetic_calendar_rbi_policy_like,BRITANNIA,raw_synthetic_l2_dense_full_year\trade_month=2026-09\symbol=BRITANNIA\part-00000.parquet,2026-09,900,1800,1787143949,1787146649,1784020475,1791484457,1,16329450,33
P325_SYNTH_EVENT_027_20260819,2026-08-19T18:37:29+05:30,synthetic_calendar_rbi_policy_like,CIPLA,raw_synthetic_l2_dense_full_year\trade_month=2026-03\symbol=CIPLA\part-00000.parquet,2026-03,900,1800,1787143949,1787146649,1784020264,1791506457,1,16327466,33
P325_SYNTH_EVENT_027_20260819,2026-08-19T18:37:29+05:30,synthetic_calendar_rbi_policy_like,DRREDDY,raw_synthetic_l2_dense_full_year\trade_month=2026-10\symbol=DRREDDY\part-00000.parquet,2026-10,900,1800,1787143949,1787146649,1784711475,1787262207,1,16303665,33
P325_SYNTH_EVENT_027_20260819,2026-08-19T18:37:29+05:30,synthetic_calendar_rbi_policy_like,GOLDBEES,raw_synthetic_l2_dense_full_year\trade_month=2026-10\symbol=GOLDBEES\part-00000.parquet,2026-10,900,1800,1787143949,1787146649,1784711675,1787249457,1,16325483,33
P325_SYNTH_EVENT_027_20260819,2026-08-19T18:37:29+05:30,synthetic_calendar_rbi_policy_like,HCLTECH,raw_synthetic_l2_dense_full_year\trade_month=2026-06\symbol=HCLTECH\part-00000.parquet,2026-06,900,1800,1787143949,1787146649,1784020475,1791494457,1,16309616,33
P325_SYNTH_EVENT_027_20260819,2026-08-19T18:37:29+05:30,synthetic_calendar_rbi_policy_like,HDFCBANK,raw_synthetic_l2_dense_full_year\trade_month=2026-03\symbol=HDFCBANK\part-00000.parquet,2026-03,900,1800,1787143949,1787146649,1784020475,1791478957,1,16303665,33
P325_SYNTH_EVENT_027_20260819,2026-08-19T18:37:29+05:30,synthetic_calendar_rbi_policy_like,HINDUNILVR,raw_synthetic_l2_dense_full_year\trade_month=2026-06\symbol=HINDUNILVR\part-00000.parquet,2026-06,900,1800,1787143949,1787146649,1784020475,1791483457,1,16315566,33
P325_SYNTH_EVENT_027_20260819,2026-08-19T18:37:29+05:30,synthetic_calendar_rbi_policy_like,ICICIBANK,raw_synthetic_l2_dense_full_year\trade_month=2026-06\symbol=ICICIBANK\part-00000.parquet,2026-06,900,1800,1787143949,1787146649,1784020475,1791481457,1,16325483,33
P325_SYNTH_EVENT_027_20260819,2026-08-19T18:37:29+05:30,synthetic_calendar_rbi_policy_like,INFY,raw_synthetic_l2_dense_full_year\trade_month=2026-09\symbol=INFY\part-00000.parquet,2026-09,900,1800,1787143949,1787146649,1784020475,1791479957,1,16309616,33
P325_SYNTH_EVENT_027_20260819,2026-08-19T18:37:29+05:30,synthetic_calendar_rbi_policy_like,ITBEES,raw_synthetic_l2_dense_full_year\trade_month=2026-10\symbol=ITBEES\part-00000.parquet,2026-10,900,1800,1787143949,1787146649,1784711675,1787249457,1,16337384,33
P325_SYNTH_EVENT_027_20260819,2026-08-19T18:37:29+05:30,synthetic_calendar_rbi_policy_like,ITC,raw_synthetic_l2_dense_full_year\trade_month=2026-10\symbol=ITC\part-00000.parquet,2026-10,900,1800,1787143949,1787146649,1784711475,1787261457,1,16339367,33
P325_SYNTH_EVENT_027_20260819,2026-08-19T18:37:29+05:30,synthetic_calendar_rbi_policy_like,JUNIORBEES,raw_synthetic_l2_dense_full_year\trade_month=2026-10\symbol=JUNIORBEES\part-00000.parquet,2026-10,900,1800,1787143949,1787146649,1784711475,1787244457,1,16307632,33
P325_SYNTH_EVENT_027_20260819,2026-08-19T18:37:29+05:30,synthetic_calendar_rbi_policy_like,KOTAKBANK,raw_synthetic_l2_dense_full_year\trade_month=2026-06\symbol=KOTAKBANK\part-00000.parquet,2026-06,900,1800,1787143949,1787146649,1784020475,1791483207,1,16317549,33
P325_SYNTH_EVENT_027_20260819,2026-08-19T18:37:29+05:30,synthetic_calendar_rbi_policy_like,LT,raw_synthetic_l2_dense_full_year\trade_month=2026-09\symbol=LT\part-00000.parquet,2026-09,900,1800,1787143949,1787146649,1784020475,1791478957,1,16321516,33
P325_SYNTH_EVENT_027_20260819,2026-08-19T18:37:29+05:30,synthetic_calendar_rbi_policy_like,M&M,raw_synthetic_l2_dense_full_year\trade_month=2026-09\symbol=M&M\part-00000.parquet,2026-09,900,1800,1787143949,1787146649,1784020475,1791482457,1,16307632,33
P325_SYNTH_EVENT_027_20260819,2026-08-19T18:37:29+05:30,synthetic_calendar_rbi_policy_like,MARUTI,raw_synthetic_l2_dense_full_year\trade_month=2026-10\symbol=MARUTI\part-00000.parquet,2026-10,900,1800,1787143949,1787146649,1784711675,1787251957,1,16331433,33
P325_SYNTH_EVENT_027_20260819,2026-08-19T18:37:29+05:30,synthetic_calendar_rbi_policy_like,NESTLEIND,raw_synthetic_l2_dense_full_year\trade_month=2026-06\symbol=NESTLEIND\part-00000.parquet,2026-06,900,1800,1787143949,1787146649,1784020475,1791481957,1,16331433,33
P325_SYNTH_EVENT_027_20260819,2026-08-19T18:37:29+05:30,synthetic_calendar_rbi_policy_like,NIFTYBEES,raw_synthetic_l2_dense_full_year\trade_month=2026-06\symbol=NIFTYBEES\part-00000.parquet,2026-06,900,1800,1787143949,1787146649,1784020475,1791483457,1,16331433,33
P325_SYNTH_EVENT_027_20260819,2026-08-19T18:37:29+05:30,synthetic_calendar_rbi_policy_like,ONGC,raw_synthetic_l2_dense_full_year\trade_month=2026-10\symbol=ONGC\part-00000.parquet,2026-10,900,1800,1787143949,1787146649,1784711675,1787252207,1,16321516,33
P325_SYNTH_EVENT_027_20260819,2026-08-19T18:37:29+05:30,synthetic_calendar_rbi_policy_like,RELIANCE,raw_synthetic_l2_dense_full_year\trade_month=2026-03\symbol=RELIANCE\part-00000.parquet,2026-03,900,1800,1787143949,1787146649,1784020475,1791482957,1,16309616,33
P325_SYNTH_EVENT_027_20260819,2026-08-19T18:37:29+05:30,synthetic_calendar_rbi_policy_like,SBIN,raw_synthetic_l2_dense_full_year\trade_month=2026-06\symbol=SBIN\part-00000.parquet,2026-06,900,1800,1787143949,1787146649,1784020475,1791494457,1,16285815,33
P325_SYNTH_EVENT_027_20260819,2026-08-19T18:37:29+05:30,synthetic_calendar_rbi_policy_like,SUNPHARMA,raw_synthetic_l2_dense_full_year\trade_month=2026-10\symbol=SUNPHARMA\part-00000.parquet,2026-10,900,1800,1787143949,1787146649,1784711475,1787248957,1,16313583,33
P325_SYNTH_EVENT_027_20260819,2026-08-19T18:37:29+05:30,synthetic_calendar_rbi_policy_like,TCS,raw_synthetic_l2_dense_full_year\trade_month=2026-09\symbol=TCS\part-00000.parquet,2026-09,900,1800,1787143949,1787146649,1784020475,1791498957,1,16327466,33
P325_SYNTH_EVENT_027_20260819,2026-08-19T18:37:29+05:30,synthetic_calendar_rbi_policy_like,TECHM,raw_synthetic_l2_dense_full_year\trade_month=2026-09\symbol=TECHM\part-00000.parquet,2026-09,900,1800,1787143949,1787146649,1784020475,1791482457,1,16291765,33
P325_SYNTH_EVENT_027_20260819,2026-08-19T18:37:29+05:30,synthetic_calendar_rbi_policy_like,ULTRACEMCO,raw_synthetic_l2_dense_full_year\trade_month=2026-10\symbol=ULTRACEMCO\part-00000.parquet,2026-10,900,1800,1787143949,1787146649,1784711475,1787253457,1,16325483,33
P325_SYNTH_EVENT_027_20260819,2026-08-19T18:37:29+05:30,synthetic_calendar_rbi_policy_like,WIPRO,raw_synthetic_l2_dense_full_year\trade_month=2026-10\symbol=WIPRO\part-00000.parquet,2026-10,900,1800,1787143949,1787146649,1784711475,1787245957,1,16353251,33
P325_SYNTH_EVENT_028_20260820,2026-08-20T19:22:29+05:30,synthetic_calendar_rbi_policy_like,ADANIPORTS,raw_synthetic_l2_dense_full_year\trade_month=2026-10\symbol=ADANIPORTS\part-00000.parquet,2026-10,900,1800,1787233049,1787235749,1784711675,1787247457,1,16303665,33
P325_SYNTH_EVENT_028_20260820,2026-08-20T19:22:29+05:30,synthetic_calendar_rbi_policy_like,AXISBANK,raw_synthetic_l2_dense_full_year\trade_month=2026-09\symbol=AXISBANK\part-00000.parquet,2026-09,900,1800,1787233049,1787235749,1784020475,1791489457,1,16315566,33
P325_SYNTH_EVENT_028_20260820,2026-08-20T19:22:29+05:30,synthetic_calendar_rbi_policy_like,BAJAJ-AUTO,raw_synthetic_l2_dense_full_year\trade_month=2026-10\symbol=BAJAJ-AUTO\part-00000.parquet,2026-10,900,1800,1787233049,1787235749,1784711675,1787256457,1,16309616,33
P325_SYNTH_EVENT_028_20260820,2026-08-20T19:22:29+05:30,synthetic_calendar_rbi_policy_like,BANKBEES,raw_synthetic_l2_dense_full_year\trade_month=2026-03\symbol=BANKBEES\part-00000.parquet,2026-03,900,1800,1787233049,1787235749,1784020475,1791487957,1,16313583,33
P325_SYNTH_EVENT_028_20260820,2026-08-20T19:22:29+05:30,synthetic_calendar_rbi_policy_like,BHARTIARTL,raw_synthetic_l2_dense_full_year\trade_month=2026-10\symbol=BHARTIARTL\part-00000.parquet,2026-10,900,1800,1787233049,1787235749,1784711675,1787245457,1,16331433,33
P325_SYNTH_EVENT_028_20260820,2026-08-20T19:22:29+05:30,synthetic_calendar_rbi_policy_like,BPCL,raw_synthetic_l2_dense_full_year\trade_month=2026-09\symbol=BPCL\part-00000.parquet,2026-09,900,1800,1787233049,1787235749,1784020475,1791493457,1,16335400,33
P325_SYNTH_EVENT_028_20260820,2026-08-20T19:22:29+05:30,synthetic_calendar_rbi_policy_like,BRITANNIA,raw_synthetic_l2_dense_full_year\trade_month=2026-09\symbol=BRITANNIA\part-00000.parquet,2026-09,900,1800,1787233049,1787235749,1784020475,1791484457,1,16329450,33
P325_SYNTH_EVENT_028_20260820,2026-08-20T19:22:29+05:30,synthetic_calendar_rbi_policy_like,CIPLA,raw_synthetic_l2_dense_full_year\trade_month=2026-03\symbol=CIPLA\part-00000.parquet,2026-03,900,1800,1787233049,1787235749,1784020264,1791506457,1,16327466,33
P325_SYNTH_EVENT_028_20260820,2026-08-20T19:22:29+05:30,synthetic_calendar_rbi_policy_like,DRREDDY,raw_synthetic_l2_dense_full_year\trade_month=2026-10\symbol=DRREDDY\part-00000.parquet,2026-10,900,1800,1787233049,1787235749,1784711475,1787262207,1,16303665,33
P325_SYNTH_EVENT_028_20260820,2026-08-20T19:22:29+05:30,synthetic_calendar_rbi_policy_like,GOLDBEES,raw_synthetic_l2_dense_full_year\trade_month=2026-10\symbol=GOLDBEES\part-00000.parquet,2026-10,900,1800,1787233049,1787235749,1784711675,1787249457,1,16325483,33
P325_SYNTH_EVENT_028_20260820,2026-08-20T19:22:29+05:30,synthetic_calendar_rbi_policy_like,HCLTECH,raw_synthetic_l2_dense_full_year\trade_month=2026-06\symbol=HCLTECH\part-00000.parquet,2026-06,900,1800,1787233049,1787235749,1784020475,1791494457,1,16309616,33
P325_SYNTH_EVENT_028_20260820,2026-08-20T19:22:29+05:30,synthetic_calendar_rbi_policy_like,HDFCBANK,raw_synthetic_l2_dense_full_year\trade_month=2026-03\symbol=HDFCBANK\part-00000.parquet,2026-03,900,1800,1787233049,1787235749,1784020475,1791478957,1,16303665,33
P325_SYNTH_EVENT_028_20260820,2026-08-20T19:22:29+05:30,synthetic_calendar_rbi_policy_like,HINDUNILVR,raw_synthetic_l2_dense_full_year\trade_month=2026-06\symbol=HINDUNILVR\part-00000.parquet,2026-06,900,1800,1787233049,1787235749,1784020475,1791483457,1,16315566,33
P325_SYNTH_EVENT_028_20260820,2026-08-20T19:22:29+05:30,synthetic_calendar_rbi_policy_like,ICICIBANK,raw_synthetic_l2_dense_full_year\trade_month=2026-06\symbol=ICICIBANK\part-00000.parquet,2026-06,900,1800,1787233049,1787235749,1784020475,1791481457,1,16325483,33
P325_SYNTH_EVENT_028_20260820,2026-08-20T19:22:29+05:30,synthetic_calendar_rbi_policy_like,INFY,raw_synthetic_l2_dense_full_year\trade_month=2026-09\symbol=INFY\part-00000.parquet,2026-09,900,1800,1787233049,1787235749,1784020475,1791479957,1,16309616,33
P325_SYNTH_EVENT_028_20260820,2026-08-20T19:22:29+05:30,synthetic_calendar_rbi_policy_like,ITBEES,raw_synthetic_l2_dense_full_year\trade_month=2026-10\symbol=ITBEES\part-00000.parquet,2026-10,900,1800,1787233049,1787235749,1784711675,1787249457,1,16337384,33
P325_SYNTH_EVENT_028_20260820,2026-08-20T19:22:29+05:30,synthetic_calendar_rbi_policy_like,ITC,raw_synthetic_l2_dense_full_year\trade_month=2026-10\symbol=ITC\part-00000.parquet,2026-10,900,1800,1787233049,1787235749,1784711475,1787261457,1,16339367,33
P325_SYNTH_EVENT_028_20260820,2026-08-20T19:22:29+05:30,synthetic_calendar_rbi_policy_like,JUNIORBEES,raw_synthetic_l2_dense_full_year\trade_month=2026-10\symbol=JUNIORBEES\part-00000.parquet,2026-10,900,1800,1787233049,1787235749,1784711475,1787244457,1,16307632,33
P325_SYNTH_EVENT_028_20260820,2026-08-20T19:22:29+05:30,synthetic_calendar_rbi_policy_like,KOTAKBANK,raw_synthetic_l2_dense_full_year\trade_month=2026-06\symbol=KOTAKBANK\part-00000.parquet,2026-06,900,1800,1787233049,1787235749,1784020475,1791483207,1,16317549,33
P325_SYNTH_EVENT_028_20260820,2026-08-20T19:22:29+05:30,synthetic_calendar_rbi_policy_like,LT,raw_synthetic_l2_dense_full_year\trade_month=2026-09\symbol=LT\part-00000.parquet,2026-09,900,1800,1787233049,1787235749,1784020475,1791478957,1,16321516,33
P325_SYNTH_EVENT_028_20260820,2026-08-20T19:22:29+05:30,synthetic_calendar_rbi_policy_like,M&M,raw_synthetic_l2_dense_full_year\trade_month=2026-09\symbol=M&M\part-00000.parquet,2026-09,900,1800,1787233049,1787235749,1784020475,1791482457,1,16307632,33
P325_SYNTH_EVENT_028_20260820,2026-08-20T19:22:29+05:30,synthetic_calendar_rbi_policy_like,MARUTI,raw_synthetic_l2_dense_full_year\trade_month=2026-10\symbol=MARUTI\part-00000.parquet,2026-10,900,1800,1787233049,1787235749,1784711675,1787251957,1,16331433,33
P325_SYNTH_EVENT_028_20260820,2026-08-20T19:22:29+05:30,synthetic_calendar_rbi_policy_like,NESTLEIND,raw_synthetic_l2_dense_full_year\trade_month=2026-06\symbol=NESTLEIND\part-00000.parquet,2026-06,900,1800,1787233049,1787235749,1784020475,1791481957,1,16331433,33
P325_SYNTH_EVENT_028_20260820,2026-08-20T19:22:29+05:30,synthetic_calendar_rbi_policy_like,NIFTYBEES,raw_synthetic_l2_dense_full_year\trade_month=2026-06\symbol=NIFTYBEES\part-00000.parquet,2026-06,900,1800,1787233049,1787235749,1784020475,1791483457,1,16331433,33
P325_SYNTH_EVENT_028_20260820,2026-08-20T19:22:29+05:30,synthetic_calendar_rbi_policy_like,ONGC,raw_synthetic_l2_dense_full_year\trade_month=2026-10\symbol=ONGC\part-00000.parquet,2026-10,900,1800,1787233049,1787235749,1784711675,1787252207,1,16321516,33
P325_SYNTH_EVENT_028_20260820,2026-08-20T19:22:29+05:30,synthetic_calendar_rbi_policy_like,RELIANCE,raw_synthetic_l2_dense_full_year\trade_month=2026-03\symbol=RELIANCE\part-00000.parquet,2026-03,900,1800,1787233049,1787235749,1784020475,1791482957,1,16309616,33
P325_SYNTH_EVENT_028_20260820,2026-08-20T19:22:29+05:30,synthetic_calendar_rbi_policy_like,SBIN,raw_synthetic_l2_dense_full_year\trade_month=2026-06\symbol=SBIN\part-00000.parquet,2026-06,900,1800,1787233049,1787235749,1784020475,1791494457,1,16285815,33
P325_SYNTH_EVENT_028_20260820,2026-08-20T19:22:29+05:30,synthetic_calendar_rbi_policy_like,SUNPHARMA,raw_synthetic_l2_dense_full_year\trade_month=2026-10\symbol=SUNPHARMA\part-00000.parquet,2026-10,900,1800,1787233049,1787235749,1784711475,1787248957,1,16313583,33
P325_SYNTH_EVENT_028_20260820,2026-08-20T19:22:29+05:30,synthetic_calendar_rbi_policy_like,TCS,raw_synthetic_l2_dense_full_year\trade_month=2026-09\symbol=TCS\part-00000.parquet,2026-09,900,1800,1787233049,1787235749,1784020475,1791498957,1,16327466,33
P325_SYNTH_EVENT_028_20260820,2026-08-20T19:22:29+05:30,synthetic_calendar_rbi_policy_like,TECHM,raw_synthetic_l2_dense_full_year\trade_month=2026-09\symbol=TECHM\part-00000.parquet,2026-09,900,1800,1787233049,1787235749,1784020475,1791482457,1,16291765,33
P325_SYNTH_EVENT_028_20260820,2026-08-20T19:22:29+05:30,synthetic_calendar_rbi_policy_like,ULTRACEMCO,raw_synthetic_l2_dense_full_year\trade_month=2026-10\symbol=ULTRACEMCO\part-00000.parquet,2026-10,900,1800,1787233049,1787235749,1784711475,1787253457,1,16325483,33
P325_SYNTH_EVENT_028_20260820,2026-08-20T19:22:29+05:30,synthetic_calendar_rbi_policy_like,WIPRO,raw_synthetic_l2_dense_full_year\trade_month=2026-10\symbol=WIPRO\part-00000.parquet,2026-10,900,1800,1787233049,1787235749,1784711475,1787245957,1,16353251,33
P325_SYNTH_EVENT_029_20260821,2026-08-21T16:22:29+05:30,synthetic_calendar_rbi_policy_like,ADANIPORTS,raw_synthetic_l2_dense_full_year\trade_month=2026-06\symbol=ADANIPORTS\part-00000.parquet,2026-06,900,1800,1787308649,1787311349,1784020475,1791482707,1,16301682,33
P325_SYNTH_EVENT_029_20260821,2026-08-21T16:22:29+05:30,synthetic_calendar_rbi_policy_like,AXISBANK,raw_synthetic_l2_dense_full_year\trade_month=2026-09\symbol=AXISBANK\part-00000.parquet,2026-09,900,1800,1787308649,1787311349,1784020475,1791489457,1,16315566,33
P325_SYNTH_EVENT_029_20260821,2026-08-21T16:22:29+05:30,synthetic_calendar_rbi_policy_like,BAJAJ-AUTO,raw_synthetic_l2_dense_full_year\trade_month=2026-03\symbol=BAJAJ-AUTO\part-00000.parquet,2026-03,900,1800,1787308649,1787311349,1784020475,1791485457,1,16305649,33
P325_SYNTH_EVENT_029_20260821,2026-08-21T16:22:29+05:30,synthetic_calendar_rbi_policy_like,BANKBEES,raw_synthetic_l2_dense_full_year\trade_month=2026-03\symbol=BANKBEES\part-00000.parquet,2026-03,900,1800,1787308649,1787311349,1784020475,1791487957,1,16313583,33
P325_SYNTH_EVENT_029_20260821,2026-08-21T16:22:29+05:30,synthetic_calendar_rbi_policy_like,BHARTIARTL,raw_synthetic_l2_dense_full_year\trade_month=2026-03\symbol=BHARTIARTL\part-00000.parquet,2026-03,900,1800,1787308649,1787311349,1784020475,1791489957,1,16315566,33
P325_SYNTH_EVENT_029_20260821,2026-08-21T16:22:29+05:30,synthetic_calendar_rbi_policy_like,BPCL,raw_synthetic_l2_dense_full_year\trade_month=2026-09\symbol=BPCL\part-00000.parquet,2026-09,900,1800,1787308649,1787311349,1784020475,1791493457,1,16335400,33
P325_SYNTH_EVENT_029_20260821,2026-08-21T16:22:29+05:30,synthetic_calendar_rbi_policy_like,BRITANNIA,raw_synthetic_l2_dense_full_year\trade_month=2026-09\symbol=BRITANNIA\part-00000.parquet,2026-09,900,1800,1787308649,1787311349,1784020475,1791484457,1,16329450,33
P325_SYNTH_EVENT_029_20260821,2026-08-21T16:22:29+05:30,synthetic_calendar_rbi_policy_like,CIPLA,raw_synthetic_l2_dense_full_year\trade_month=2026-03\symbol=CIPLA\part-00000.parquet,2026-03,900,1800,1787308649,1787311349,1784020264,1791506457,1,16327466,33
P325_SYNTH_EVENT_029_20260821,2026-08-21T16:22:29+05:30,synthetic_calendar_rbi_policy_like,DRREDDY,raw_synthetic_l2_dense_full_year\trade_month=2026-06\symbol=DRREDDY\part-00000.parquet,2026-06,900,1800,1787308649,1787311349,1784020475,1791492457,1,16293748,33
P325_SYNTH_EVENT_029_20260821,2026-08-21T16:22:29+05:30,synthetic_calendar_rbi_policy_like,GOLDBEES,raw_synthetic_l2_dense_full_year\trade_month=2026-06\symbol=GOLDBEES\part-00000.parquet,2026-06,900,1800,1787308649,1787311349,1784020475,1791489957,1,16301682,33
P325_SYNTH_EVENT_029_20260821,2026-08-21T16:22:29+05:30,synthetic_calendar_rbi_policy_like,HCLTECH,raw_synthetic_l2_dense_full_year\trade_month=2026-06\symbol=HCLTECH\part-00000.parquet,2026-06,900,1800,1787308649,1787311349,1784020475,1791494457,1,16309616,33
P325_SYNTH_EVENT_029_20260821,2026-08-21T16:22:29+05:30,synthetic_calendar_rbi_policy_like,HDFCBANK,raw_synthetic_l2_dense_full_year\trade_month=2026-03\symbol=HDFCBANK\part-00000.parquet,2026-03,900,1800,1787308649,1787311349,1784020475,1791478957,1,16303665,33
P325_SYNTH_EVENT_029_20260821,2026-08-21T16:22:29+05:30,synthetic_calendar_rbi_policy_like,HINDUNILVR,raw_synthetic_l2_dense_full_year\trade_month=2026-06\symbol=HINDUNILVR\part-00000.parquet,2026-06,900,1800,1787308649,1787311349,1784020475,1791483457,1,16315566,33
P325_SYNTH_EVENT_029_20260821,2026-08-21T16:22:29+05:30,synthetic_calendar_rbi_policy_like,ICICIBANK,raw_synthetic_l2_dense_full_year\trade_month=2026-06\symbol=ICICIBANK\part-00000.parquet,2026-06,900,1800,1787308649,1787311349,1784020475,1791481457,1,16325483,33
P325_SYNTH_EVENT_029_20260821,2026-08-21T16:22:29+05:30,synthetic_calendar_rbi_policy_like,INFY,raw_synthetic_l2_dense_full_year\trade_month=2026-09\symbol=INFY\part-00000.parquet,2026-09,900,1800,1787308649,1787311349,1784020475,1791479957,1,16309616,33
P325_SYNTH_EVENT_029_20260821,2026-08-21T16:22:29+05:30,synthetic_calendar_rbi_policy_like,ITBEES,raw_synthetic_l2_dense_full_year\trade_month=2026-03\symbol=ITBEES\part-00000.parquet,2026-03,900,1800,1787308649,1787311349,1784020475,1791482006,1,16283831,33
P325_SYNTH_EVENT_029_20260821,2026-08-21T16:22:29+05:30,synthetic_calendar_rbi_policy_like,ITC,raw_synthetic_l2_dense_full_year\trade_month=2026-06\symbol=ITC\part-00000.parquet,2026-06,900,1800,1787308649,1787311349,1784020475,1791488957,1,16323500,33
P325_SYNTH_EVENT_029_20260821,2026-08-21T16:22:29+05:30,synthetic_calendar_rbi_policy_like,JUNIORBEES,raw_synthetic_l2_dense_full_year\trade_month=2026-06\symbol=JUNIORBEES\part-00000.parquet,2026-06,900,1800,1787308649,1787311349,1784020475,1791500957,1,16301682,33
P325_SYNTH_EVENT_029_20260821,2026-08-21T16:22:29+05:30,synthetic_calendar_rbi_policy_like,KOTAKBANK,raw_synthetic_l2_dense_full_year\trade_month=2026-06\symbol=KOTAKBANK\part-00000.parquet,2026-06,900,1800,1787308649,1787311349,1784020475,1791483207,1,16317549,33
P325_SYNTH_EVENT_029_20260821,2026-08-21T16:22:29+05:30,synthetic_calendar_rbi_policy_like,LT,raw_synthetic_l2_dense_full_year\trade_month=2026-09\symbol=LT\part-00000.parquet,2026-09,900,1800,1787308649,1787311349,1784020475,1791478957,1,16321516,33
P325_SYNTH_EVENT_029_20260821,2026-08-21T16:22:29+05:30,synthetic_calendar_rbi_policy_like,M&M,raw_synthetic_l2_dense_full_year\trade_month=2026-09\symbol=M&M\part-00000.parquet,2026-09,900,1800,1787308649,1787311349,1784020475,1791482457,1,16307632,33
P325_SYNTH_EVENT_029_20260821,2026-08-21T16:22:29+05:30,synthetic_calendar_rbi_policy_like,MARUTI,raw_synthetic_l2_dense_full_year\trade_month=2026-03\symbol=MARUTI\part-00000.parquet,2026-03,900,1800,1787308649,1787311349,1784020475,1791495457,1,16313583,33
P325_SYNTH_EVENT_029_20260821,2026-08-21T16:22:29+05:30,synthetic_calendar_rbi_policy_like,NESTLEIND,raw_synthetic_l2_dense_full_year\trade_month=2026-06\symbol=NESTLEIND\part-00000.parquet,2026-06,900,1800,1787308649,1787311349,1784020475,1791481957,1,16331433,33
P325_SYNTH_EVENT_029_20260821,2026-08-21T16:22:29+05:30,synthetic_calendar_rbi_policy_like,NIFTYBEES,raw_synthetic_l2_dense_full_year\trade_month=2026-06\symbol=NIFTYBEES\part-00000.parquet,2026-06,900,1800,1787308649,1787311349,1784020475,1791483457,1,16331433,33
P325_SYNTH_EVENT_029_20260821,2026-08-21T16:22:29+05:30,synthetic_calendar_rbi_policy_like,ONGC,raw_synthetic_l2_dense_full_year\trade_month=2026-09\symbol=ONGC\part-00000.parquet,2026-09,900,1800,1787308649,1787311349,1784020475,1791480957,1,16313583,33
P325_SYNTH_EVENT_029_20260821,2026-08-21T16:22:29+05:30,synthetic_calendar_rbi_policy_like,RELIANCE,raw_synthetic_l2_dense_full_year\trade_month=2026-03\symbol=RELIANCE\part-00000.parquet,2026-03,900,1800,1787308649,1787311349,1784020475,1791482957,1,16309616,33
P325_SYNTH_EVENT_029_20260821,2026-08-21T16:22:29+05:30,synthetic_calendar_rbi_policy_like,SBIN,raw_synthetic_l2_dense_full_year\trade_month=2026-06\symbol=SBIN\part-00000.parquet,2026-06,900,1800,1787308649,1787311349,1784020475,1791494457,1,16285815,33
P325_SYNTH_EVENT_029_20260821,2026-08-21T16:22:29+05:30,synthetic_calendar_rbi_policy_like,SUNPHARMA,raw_synthetic_l2_dense_full_year\trade_month=2026-03\symbol=SUNPHARMA\part-00000.parquet,2026-03,900,1800,1787308649,1787311349,1784020375,1791486707,1,16303665,33
P325_SYNTH_EVENT_029_20260821,2026-08-21T16:22:29+05:30,synthetic_calendar_rbi_policy_like,TCS,raw_synthetic_l2_dense_full_year\trade_month=2026-09\symbol=TCS\part-00000.parquet,2026-09,900,1800,1787308649,1787311349,1784020475,1791498957,1,16327466,33
P325_SYNTH_EVENT_029_20260821,2026-08-21T16:22:29+05:30,synthetic_calendar_rbi_policy_like,TECHM,raw_synthetic_l2_dense_full_year\trade_month=2026-09\symbol=TECHM\part-00000.parquet,2026-09,900,1800,1787308649,1787311349,1784020475,1791482457,1,16291765,33
P325_SYNTH_EVENT_029_20260821,2026-08-21T16:22:29+05:30,synthetic_calendar_rbi_policy_like,ULTRACEMCO,raw_synthetic_l2_dense_full_year\trade_month=2026-06\symbol=ULTRACEMCO\part-00000.parquet,2026-06,900,1800,1787308649,1787311349,1784020475,1791495457,1,16319533,33
P325_SYNTH_EVENT_029_20260821,2026-08-21T16:22:29+05:30,synthetic_calendar_rbi_policy_like,WIPRO,raw_synthetic_l2_dense_full_year\trade_month=2026-03\symbol=WIPRO\part-00000.parquet,2026-03,900,1800,1787308649,1787311349,1784020475,1791485457,1,16319533,33
P325_SYNTH_EVENT_030_20260824,2026-08-24T17:07:29+05:30,synthetic_calendar_rbi_policy_like,ADANIPORTS,raw_synthetic_l2_dense_full_year\trade_month=2026-06\symbol=ADANIPORTS\part-00000.parquet,2026-06,900,1800,1787570549,1787573249,1784020475,1791482707,1,16301682,33
P325_SYNTH_EVENT_030_20260824,2026-08-24T17:07:29+05:30,synthetic_calendar_rbi_policy_like,AXISBANK,raw_synthetic_l2_dense_full_year\trade_month=2026-09\symbol=AXISBANK\part-00000.parquet,2026-09,900,1800,1787570549,1787573249,1784020475,1791489457,1,16315566,33
P325_SYNTH_EVENT_030_20260824,2026-08-24T17:07:29+05:30,synthetic_calendar_rbi_policy_like,BAJAJ-AUTO,raw_synthetic_l2_dense_full_year\trade_month=2026-03\symbol=BAJAJ-AUTO\part-00000.parquet,2026-03,900,1800,1787570549,1787573249,1784020475,1791485457,1,16305649,33
P325_SYNTH_EVENT_030_20260824,2026-08-24T17:07:29+05:30,synthetic_calendar_rbi_policy_like,BANKBEES,raw_synthetic_l2_dense_full_year\trade_month=2026-03\symbol=BANKBEES\part-00000.parquet,2026-03,900,1800,1787570549,1787573249,1784020475,1791487957,1,16313583,33
P325_SYNTH_EVENT_030_20260824,2026-08-24T17:07:29+05:30,synthetic_calendar_rbi_policy_like,BHARTIARTL,raw_synthetic_l2_dense_full_year\trade_month=2026-03\symbol=BHARTIARTL\part-00000.parquet,2026-03,900,1800,1787570549,1787573249,1784020475,1791489957,1,16315566,33
P325_SYNTH_EVENT_030_20260824,2026-08-24T17:07:29+05:30,synthetic_calendar_rbi_policy_like,BPCL,raw_synthetic_l2_dense_full_year\trade_month=2026-09\symbol=BPCL\part-00000.parquet,2026-09,900,1800,1787570549,1787573249,1784020475,1791493457,1,16335400,33
P325_SYNTH_EVENT_030_20260824,2026-08-24T17:07:29+05:30,synthetic_calendar_rbi_policy_like,BRITANNIA,raw_synthetic_l2_dense_full_year\trade_month=2026-09\symbol=BRITANNIA\part-00000.parquet,2026-09,900,1800,1787570549,1787573249,1784020475,1791484457,1,16329450,33
P325_SYNTH_EVENT_030_20260824,2026-08-24T17:07:29+05:30,synthetic_calendar_rbi_policy_like,CIPLA,raw_synthetic_l2_dense_full_year\trade_month=2026-03\symbol=CIPLA\part-00000.parquet,2026-03,900,1800,1787570549,1787573249,1784020264,1791506457,1,16327466,33
P325_SYNTH_EVENT_030_20260824,2026-08-24T17:07:29+05:30,synthetic_calendar_rbi_policy_like,DRREDDY,raw_synthetic_l2_dense_full_year\trade_month=2026-06\symbol=DRREDDY\part-00000.parquet,2026-06,900,1800,1787570549,1787573249,1784020475,1791492457,1,16293748,33
P325_SYNTH_EVENT_030_20260824,2026-08-24T17:07:29+05:30,synthetic_calendar_rbi_policy_like,GOLDBEES,raw_synthetic_l2_dense_full_year\trade_month=2026-06\symbol=GOLDBEES\part-00000.parquet,2026-06,900,1800,1787570549,1787573249,1784020475,1791489957,1,16301682,33
P325_SYNTH_EVENT_030_20260824,2026-08-24T17:07:29+05:30,synthetic_calendar_rbi_policy_like,HCLTECH,raw_synthetic_l2_dense_full_year\trade_month=2026-06\symbol=HCLTECH\part-00000.parquet,2026-06,900,1800,1787570549,1787573249,1784020475,1791494457,1,16309616,33
P325_SYNTH_EVENT_030_20260824,2026-08-24T17:07:29+05:30,synthetic_calendar_rbi_policy_like,HDFCBANK,raw_synthetic_l2_dense_full_year\trade_month=2026-03\symbol=HDFCBANK\part-00000.parquet,2026-03,900,1800,1787570549,1787573249,1784020475,1791478957,1,16303665,33
P325_SYNTH_EVENT_030_20260824,2026-08-24T17:07:29+05:30,synthetic_calendar_rbi_policy_like,HINDUNILVR,raw_synthetic_l2_dense_full_year\trade_month=2026-06\symbol=HINDUNILVR\part-00000.parquet,2026-06,900,1800,1787570549,1787573249,1784020475,1791483457,1,16315566,33
P325_SYNTH_EVENT_030_20260824,2026-08-24T17:07:29+05:30,synthetic_calendar_rbi_policy_like,ICICIBANK,raw_synthetic_l2_dense_full_year\trade_month=2026-06\symbol=ICICIBANK\part-00000.parquet,2026-06,900,1800,1787570549,1787573249,1784020475,1791481457,1,16325483,33
P325_SYNTH_EVENT_030_20260824,2026-08-24T17:07:29+05:30,synthetic_calendar_rbi_policy_like,INFY,raw_synthetic_l2_dense_full_year\trade_month=2026-09\symbol=INFY\part-00000.parquet,2026-09,900,1800,1787570549,1787573249,1784020475,1791479957,1,16309616,33
P325_SYNTH_EVENT_030_20260824,2026-08-24T17:07:29+05:30,synthetic_calendar_rbi_policy_like,ITBEES,raw_synthetic_l2_dense_full_year\trade_month=2026-03\symbol=ITBEES\part-00000.parquet,2026-03,900,1800,1787570549,1787573249,1784020475,1791482006,1,16283831,33
P325_SYNTH_EVENT_030_20260824,2026-08-24T17:07:29+05:30,synthetic_calendar_rbi_policy_like,ITC,raw_synthetic_l2_dense_full_year\trade_month=2026-06\symbol=ITC\part-00000.parquet,2026-06,900,1800,1787570549,1787573249,1784020475,1791488957,1,16323500,33
P325_SYNTH_EVENT_030_20260824,2026-08-24T17:07:29+05:30,synthetic_calendar_rbi_policy_like,JUNIORBEES,raw_synthetic_l2_dense_full_year\trade_month=2026-06\symbol=JUNIORBEES\part-00000.parquet,2026-06,900,1800,1787570549,1787573249,1784020475,1791500957,1,16301682,33
P325_SYNTH_EVENT_030_20260824,2026-08-24T17:07:29+05:30,synthetic_calendar_rbi_policy_like,KOTAKBANK,raw_synthetic_l2_dense_full_year\trade_month=2026-06\symbol=KOTAKBANK\part-00000.parquet,2026-06,900,1800,1787570549,1787573249,1784020475,1791483207,1,16317549,33
P325_SYNTH_EVENT_030_20260824,2026-08-24T17:07:29+05:30,synthetic_calendar_rbi_policy_like,LT,raw_synthetic_l2_dense_full_year\trade_month=2026-09\symbol=LT\part-00000.parquet,2026-09,900,1800,1787570549,1787573249,1784020475,1791478957,1,16321516,33
P325_SYNTH_EVENT_030_20260824,2026-08-24T17:07:29+05:30,synthetic_calendar_rbi_policy_like,M&M,raw_synthetic_l2_dense_full_year\trade_month=2026-09\symbol=M&M\part-00000.parquet,2026-09,900,1800,1787570549,1787573249,1784020475,1791482457,1,16307632,33
P325_SYNTH_EVENT_030_20260824,2026-08-24T17:07:29+05:30,synthetic_calendar_rbi_policy_like,MARUTI,raw_synthetic_l2_dense_full_year\trade_month=2026-03\symbol=MARUTI\part-00000.parquet,2026-03,900,1800,1787570549,1787573249,1784020475,1791495457,1,16313583,33
P325_SYNTH_EVENT_030_20260824,2026-08-24T17:07:29+05:30,synthetic_calendar_rbi_policy_like,NESTLEIND,raw_synthetic_l2_dense_full_year\trade_month=2026-06\symbol=NESTLEIND\part-00000.parquet,2026-06,900,1800,1787570549,1787573249,1784020475,1791481957,1,16331433,33
P325_SYNTH_EVENT_030_20260824,2026-08-24T17:07:29+05:30,synthetic_calendar_rbi_policy_like,NIFTYBEES,raw_synthetic_l2_dense_full_year\trade_month=2026-06\symbol=NIFTYBEES\part-00000.parquet,2026-06,900,1800,1787570549,1787573249,1784020475,1791483457,1,16331433,33
P325_SYNTH_EVENT_030_20260824,2026-08-24T17:07:29+05:30,synthetic_calendar_rbi_policy_like,ONGC,raw_synthetic_l2_dense_full_year\trade_month=2026-09\symbol=ONGC\part-00000.parquet,2026-09,900,1800,1787570549,1787573249,1784020475,1791480957,1,16313583,33
P325_SYNTH_EVENT_030_20260824,2026-08-24T17:07:29+05:30,synthetic_calendar_rbi_policy_like,RELIANCE,raw_synthetic_l2_dense_full_year\trade_month=2026-03\symbol=RELIANCE\part-00000.parquet,2026-03,900,1800,1787570549,1787573249,1784020475,1791482957,1,16309616,33
P325_SYNTH_EVENT_030_20260824,2026-08-24T17:07:29+05:30,synthetic_calendar_rbi_policy_like,SBIN,raw_synthetic_l2_dense_full_year\trade_month=2026-06\symbol=SBIN\part-00000.parquet,2026-06,900,1800,1787570549,1787573249,1784020475,1791494457,1,16285815,33
P325_SYNTH_EVENT_030_20260824,2026-08-24T17:07:29+05:30,synthetic_calendar_rbi_policy_like,SUNPHARMA,raw_synthetic_l2_dense_full_year\trade_month=2026-03\symbol=SUNPHARMA\part-00000.parquet,2026-03,900,1800,1787570549,1787573249,1784020375,1791486707,1,16303665,33
P325_SYNTH_EVENT_030_20260824,2026-08-24T17:07:29+05:30,synthetic_calendar_rbi_policy_like,TCS,raw_synthetic_l2_dense_full_year\trade_month=2026-09\symbol=TCS\part-00000.parquet,2026-09,900,1800,1787570549,1787573249,1784020475,1791498957,1,16327466,33
P325_SYNTH_EVENT_030_20260824,2026-08-24T17:07:29+05:30,synthetic_calendar_rbi_policy_like,TECHM,raw_synthetic_l2_dense_full_year\trade_month=2026-09\symbol=TECHM\part-00000.parquet,2026-09,900,1800,1787570549,1787573249,1784020475,1791482457,1,16291765,33
P325_SYNTH_EVENT_030_20260824,2026-08-24T17:07:29+05:30,synthetic_calendar_rbi_policy_like,ULTRACEMCO,raw_synthetic_l2_dense_full_year\trade_month=2026-06\symbol=ULTRACEMCO\part-00000.parquet,2026-06,900,1800,1787570549,1787573249,1784020475,1791495457,1,16319533,33
P325_SYNTH_EVENT_030_20260824,2026-08-24T17:07:29+05:30,synthetic_calendar_rbi_policy_like,WIPRO,raw_synthetic_l2_dense_full_year\trade_month=2026-03\symbol=WIPRO\part-00000.parquet,2026-03,900,1800,1787570549,1787573249,1784020475,1791485457,1,16319533,33
P325_SYNTH_EVENT_031_20260825,2026-08-25T20:07:29+05:30,synthetic_calendar_rbi_policy_like,ADANIPORTS,raw_synthetic_l2_dense_full_year\trade_month=2026-06\symbol=ADANIPORTS\part-00000.parquet,2026-06,900,1800,1787667749,1787670449,1784020475,1791482707,1,16301682,33
P325_SYNTH_EVENT_031_20260825,2026-08-25T20:07:29+05:30,synthetic_calendar_rbi_policy_like,AXISBANK,raw_synthetic_l2_dense_full_year\trade_month=2026-09\symbol=AXISBANK\part-00000.parquet,2026-09,900,1800,1787667749,1787670449,1784020475,1791489457,1,16315566,33
P325_SYNTH_EVENT_031_20260825,2026-08-25T20:07:29+05:30,synthetic_calendar_rbi_policy_like,BAJAJ-AUTO,raw_synthetic_l2_dense_full_year\trade_month=2026-03\symbol=BAJAJ-AUTO\part-00000.parquet,2026-03,900,1800,1787667749,1787670449,1784020475,1791485457,1,16305649,33
P325_SYNTH_EVENT_031_20260825,2026-08-25T20:07:29+05:30,synthetic_calendar_rbi_policy_like,BANKBEES,raw_synthetic_l2_dense_full_year\trade_month=2026-03\symbol=BANKBEES\part-00000.parquet,2026-03,900,1800,1787667749,1787670449,1784020475,1791487957,1,16313583,33
P325_SYNTH_EVENT_031_20260825,2026-08-25T20:07:29+05:30,synthetic_calendar_rbi_policy_like,BHARTIARTL,raw_synthetic_l2_dense_full_year\trade_month=2026-03\symbol=BHARTIARTL\part-00000.parquet,2026-03,900,1800,1787667749,1787670449,1784020475,1791489957,1,16315566,33
P325_SYNTH_EVENT_031_20260825,2026-08-25T20:07:29+05:30,synthetic_calendar_rbi_policy_like,BPCL,raw_synthetic_l2_dense_full_year\trade_month=2026-09\symbol=BPCL\part-00000.parquet,2026-09,900,1800,1787667749,1787670449,1784020475,1791493457,1,16335400,33
P325_SYNTH_EVENT_031_20260825,2026-08-25T20:07:29+05:30,synthetic_calendar_rbi_policy_like,BRITANNIA,raw_synthetic_l2_dense_full_year\trade_month=2026-09\symbol=BRITANNIA\part-00000.parquet,2026-09,900,1800,1787667749,1787670449,1784020475,1791484457,1,16329450,33
P325_SYNTH_EVENT_031_20260825,2026-08-25T20:07:29+05:30,synthetic_calendar_rbi_policy_like,CIPLA,raw_synthetic_l2_dense_full_year\trade_month=2026-03\symbol=CIPLA\part-00000.parquet,2026-03,900,1800,1787667749,1787670449,1784020264,1791506457,1,16327466,33
P325_SYNTH_EVENT_031_20260825,2026-08-25T20:07:29+05:30,synthetic_calendar_rbi_policy_like,DRREDDY,raw_synthetic_l2_dense_full_year\trade_month=2026-06\symbol=DRREDDY\part-00000.parquet,2026-06,900,1800,1787667749,1787670449,1784020475,1791492457,1,16293748,33
P325_SYNTH_EVENT_031_20260825,2026-08-25T20:07:29+05:30,synthetic_calendar_rbi_policy_like,GOLDBEES,raw_synthetic_l2_dense_full_year\trade_month=2026-06\symbol=GOLDBEES\part-00000.parquet,2026-06,900,1800,1787667749,1787670449,1784020475,1791489957,1,16301682,33
P325_SYNTH_EVENT_031_20260825,2026-08-25T20:07:29+05:30,synthetic_calendar_rbi_policy_like,HCLTECH,raw_synthetic_l2_dense_full_year\trade_month=2026-06\symbol=HCLTECH\part-00000.parquet,2026-06,900,1800,1787667749,1787670449,1784020475,1791494457,1,16309616,33
P325_SYNTH_EVENT_031_20260825,2026-08-25T20:07:29+05:30,synthetic_calendar_rbi_policy_like,HDFCBANK,raw_synthetic_l2_dense_full_year\trade_month=2026-03\symbol=HDFCBANK\part-00000.parquet,2026-03,900,1800,1787667749,1787670449,1784020475,1791478957,1,16303665,33
P325_SYNTH_EVENT_031_20260825,2026-08-25T20:07:29+05:30,synthetic_calendar_rbi_policy_like,HINDUNILVR,raw_synthetic_l2_dense_full_year\trade_month=2026-06\symbol=HINDUNILVR\part-00000.parquet,2026-06,900,1800,1787667749,1787670449,1784020475,1791483457,1,16315566,33
P325_SYNTH_EVENT_031_20260825,2026-08-25T20:07:29+05:30,synthetic_calendar_rbi_policy_like,ICICIBANK,raw_synthetic_l2_dense_full_year\trade_month=2026-06\symbol=ICICIBANK\part-00000.parquet,2026-06,900,1800,1787667749,1787670449,1784020475,1791481457,1,16325483,33
P325_SYNTH_EVENT_031_20260825,2026-08-25T20:07:29+05:30,synthetic_calendar_rbi_policy_like,INFY,raw_synthetic_l2_dense_full_year\trade_month=2026-09\symbol=INFY\part-00000.parquet,2026-09,900,1800,1787667749,1787670449,1784020475,1791479957,1,16309616,33
P325_SYNTH_EVENT_031_20260825,2026-08-25T20:07:29+05:30,synthetic_calendar_rbi_policy_like,ITBEES,raw_synthetic_l2_dense_full_year\trade_month=2026-03\symbol=ITBEES\part-00000.parquet,2026-03,900,1800,1787667749,1787670449,1784020475,1791482006,1,16283831,33
P325_SYNTH_EVENT_031_20260825,2026-08-25T20:07:29+05:30,synthetic_calendar_rbi_policy_like,ITC,raw_synthetic_l2_dense_full_year\trade_month=2026-06\symbol=ITC\part-00000.parquet,2026-06,900,1800,1787667749,1787670449,1784020475,1791488957,1,16323500,33
P325_SYNTH_EVENT_031_20260825,2026-08-25T20:07:29+05:30,synthetic_calendar_rbi_policy_like,JUNIORBEES,raw_synthetic_l2_dense_full_year\trade_month=2026-06\symbol=JUNIORBEES\part-00000.parquet,2026-06,900,1800,1787667749,1787670449,1784020475,1791500957,1,16301682,33
P325_SYNTH_EVENT_031_20260825,2026-08-25T20:07:29+05:30,synthetic_calendar_rbi_policy_like,KOTAKBANK,raw_synthetic_l2_dense_full_year\trade_month=2026-06\symbol=KOTAKBANK\part-00000.parquet,2026-06,900,1800,1787667749,1787670449,1784020475,1791483207,1,16317549,33
P325_SYNTH_EVENT_031_20260825,2026-08-25T20:07:29+05:30,synthetic_calendar_rbi_policy_like,LT,raw_synthetic_l2_dense_full_year\trade_month=2026-09\symbol=LT\part-00000.parquet,2026-09,900,1800,1787667749,1787670449,1784020475,1791478957,1,16321516,33
P325_SYNTH_EVENT_031_20260825,2026-08-25T20:07:29+05:30,synthetic_calendar_rbi_policy_like,M&M,raw_synthetic_l2_dense_full_year\trade_month=2026-09\symbol=M&M\part-00000.parquet,2026-09,900,1800,1787667749,1787670449,1784020475,1791482457,1,16307632,33
P325_SYNTH_EVENT_031_20260825,2026-08-25T20:07:29+05:30,synthetic_calendar_rbi_policy_like,MARUTI,raw_synthetic_l2_dense_full_year\trade_month=2026-03\symbol=MARUTI\part-00000.parquet,2026-03,900,1800,1787667749,1787670449,1784020475,1791495457,1,16313583,33
P325_SYNTH_EVENT_031_20260825,2026-08-25T20:07:29+05:30,synthetic_calendar_rbi_policy_like,NESTLEIND,raw_synthetic_l2_dense_full_year\trade_month=2026-06\symbol=NESTLEIND\part-00000.parquet,2026-06,900,1800,1787667749,1787670449,1784020475,1791481957,1,16331433,33
P325_SYNTH_EVENT_031_20260825,2026-08-25T20:07:29+05:30,synthetic_calendar_rbi_policy_like,NIFTYBEES,raw_synthetic_l2_dense_full_year\trade_month=2026-06\symbol=NIFTYBEES\part-00000.parquet,2026-06,900,1800,1787667749,1787670449,1784020475,1791483457,1,16331433,33
P325_SYNTH_EVENT_031_20260825,2026-08-25T20:07:29+05:30,synthetic_calendar_rbi_policy_like,ONGC,raw_synthetic_l2_dense_full_year\trade_month=2026-09\symbol=ONGC\part-00000.parquet,2026-09,900,1800,1787667749,1787670449,1784020475,1791480957,1,16313583,33
P325_SYNTH_EVENT_031_20260825,2026-08-25T20:07:29+05:30,synthetic_calendar_rbi_policy_like,RELIANCE,raw_synthetic_l2_dense_full_year\trade_month=2026-03\symbol=RELIANCE\part-00000.parquet,2026-03,900,1800,1787667749,1787670449,1784020475,1791482957,1,16309616,33
P325_SYNTH_EVENT_031_20260825,2026-08-25T20:07:29+05:30,synthetic_calendar_rbi_policy_like,SBIN,raw_synthetic_l2_dense_full_year\trade_month=2026-06\symbol=SBIN\part-00000.parquet,2026-06,900,1800,1787667749,1787670449,1784020475,1791494457,1,16285815,33
P325_SYNTH_EVENT_031_20260825,2026-08-25T20:07:29+05:30,synthetic_calendar_rbi_policy_like,SUNPHARMA,raw_synthetic_l2_dense_full_year\trade_month=2026-03\symbol=SUNPHARMA\part-00000.parquet,2026-03,900,1800,1787667749,1787670449,1784020375,1791486707,1,16303665,33
P325_SYNTH_EVENT_031_20260825,2026-08-25T20:07:29+05:30,synthetic_calendar_rbi_policy_like,TCS,raw_synthetic_l2_dense_full_year\trade_month=2026-09\symbol=TCS\part-00000.parquet,2026-09,900,1800,1787667749,1787670449,1784020475,1791498957,1,16327466,33
P325_SYNTH_EVENT_031_20260825,2026-08-25T20:07:29+05:30,synthetic_calendar_rbi_policy_like,TECHM,raw_synthetic_l2_dense_full_year\trade_month=2026-09\symbol=TECHM\part-00000.parquet,2026-09,900,1800,1787667749,1787670449,1784020475,1791482457,1,16291765,33
P325_SYNTH_EVENT_031_20260825,2026-08-25T20:07:29+05:30,synthetic_calendar_rbi_policy_like,ULTRACEMCO,raw_synthetic_l2_dense_full_year\trade_month=2026-06\symbol=ULTRACEMCO\part-00000.parquet,2026-06,900,1800,1787667749,1787670449,1784020475,1791495457,1,16319533,33
P325_SYNTH_EVENT_031_20260825,2026-08-25T20:07:29+05:30,synthetic_calendar_rbi_policy_like,WIPRO,raw_synthetic_l2_dense_full_year\trade_month=2026-03\symbol=WIPRO\part-00000.parquet,2026-03,900,1800,1787667749,1787670449,1784020475,1791485457,1,16319533,33
P325_SYNTH_EVENT_032_20260826,2026-08-26T18:37:29+05:30,synthetic_calendar_rbi_policy_like,ADANIPORTS,raw_synthetic_l2_dense_full_year\trade_month=2026-06\symbol=ADANIPORTS\part-00000.parquet,2026-06,900,1800,1787748749,1787751449,1784020475,1791482707,1,16301682,33
P325_SYNTH_EVENT_032_20260826,2026-08-26T18:37:29+05:30,synthetic_calendar_rbi_policy_like,AXISBANK,raw_synthetic_l2_dense_full_year\trade_month=2026-09\symbol=AXISBANK\part-00000.parquet,2026-09,900,1800,1787748749,1787751449,1784020475,1791489457,1,16315566,33
P325_SYNTH_EVENT_032_20260826,2026-08-26T18:37:29+05:30,synthetic_calendar_rbi_policy_like,BAJAJ-AUTO,raw_synthetic_l2_dense_full_year\trade_month=2026-03\symbol=BAJAJ-AUTO\part-00000.parquet,2026-03,900,1800,1787748749,1787751449,1784020475,1791485457,1,16305649,33
P325_SYNTH_EVENT_032_20260826,2026-08-26T18:37:29+05:30,synthetic_calendar_rbi_policy_like,BANKBEES,raw_synthetic_l2_dense_full_year\trade_month=2026-03\symbol=BANKBEES\part-00000.parquet,2026-03,900,1800,1787748749,1787751449,1784020475,1791487957,1,16313583,33
P325_SYNTH_EVENT_032_20260826,2026-08-26T18:37:29+05:30,synthetic_calendar_rbi_policy_like,BHARTIARTL,raw_synthetic_l2_dense_full_year\trade_month=2026-03\symbol=BHARTIARTL\part-00000.parquet,2026-03,900,1800,1787748749,1787751449,1784020475,1791489957,1,16315566,33
P325_SYNTH_EVENT_032_20260826,2026-08-26T18:37:29+05:30,synthetic_calendar_rbi_policy_like,BPCL,raw_synthetic_l2_dense_full_year\trade_month=2026-09\symbol=BPCL\part-00000.parquet,2026-09,900,1800,1787748749,1787751449,1784020475,1791493457,1,16335400,33
P325_SYNTH_EVENT_032_20260826,2026-08-26T18:37:29+05:30,synthetic_calendar_rbi_policy_like,BRITANNIA,raw_synthetic_l2_dense_full_year\trade_month=2026-09\symbol=BRITANNIA\part-00000.parquet,2026-09,900,1800,1787748749,1787751449,1784020475,1791484457,1,16329450,33
P325_SYNTH_EVENT_032_20260826,2026-08-26T18:37:29+05:30,synthetic_calendar_rbi_policy_like,CIPLA,raw_synthetic_l2_dense_full_year\trade_month=2026-03\symbol=CIPLA\part-00000.parquet,2026-03,900,1800,1787748749,1787751449,1784020264,1791506457,1,16327466,33
P325_SYNTH_EVENT_032_20260826,2026-08-26T18:37:29+05:30,synthetic_calendar_rbi_policy_like,DRREDDY,raw_synthetic_l2_dense_full_year\trade_month=2026-06\symbol=DRREDDY\part-00000.parquet,2026-06,900,1800,1787748749,1787751449,1784020475,1791492457,1,16293748,33
P325_SYNTH_EVENT_032_20260826,2026-08-26T18:37:29+05:30,synthetic_calendar_rbi_policy_like,GOLDBEES,raw_synthetic_l2_dense_full_year\trade_month=2026-06\symbol=GOLDBEES\part-00000.parquet,2026-06,900,1800,1787748749,1787751449,1784020475,1791489957,1,16301682,33
P325_SYNTH_EVENT_032_20260826,2026-08-26T18:37:29+05:30,synthetic_calendar_rbi_policy_like,HCLTECH,raw_synthetic_l2_dense_full_year\trade_month=2026-06\symbol=HCLTECH\part-00000.parquet,2026-06,900,1800,1787748749,1787751449,1784020475,1791494457,1,16309616,33
P325_SYNTH_EVENT_032_20260826,2026-08-26T18:37:29+05:30,synthetic_calendar_rbi_policy_like,HDFCBANK,raw_synthetic_l2_dense_full_year\trade_month=2026-03\symbol=HDFCBANK\part-00000.parquet,2026-03,900,1800,1787748749,1787751449,1784020475,1791478957,1,16303665,33
P325_SYNTH_EVENT_032_20260826,2026-08-26T18:37:29+05:30,synthetic_calendar_rbi_policy_like,HINDUNILVR,raw_synthetic_l2_dense_full_year\trade_month=2026-06\symbol=HINDUNILVR\part-00000.parquet,2026-06,900,1800,1787748749,1787751449,1784020475,1791483457,1,16315566,33
P325_SYNTH_EVENT_032_20260826,2026-08-26T18:37:29+05:30,synthetic_calendar_rbi_policy_like,ICICIBANK,raw_synthetic_l2_dense_full_year\trade_month=2026-06\symbol=ICICIBANK\part-00000.parquet,2026-06,900,1800,1787748749,1787751449,1784020475,1791481457,1,16325483,33
P325_SYNTH_EVENT_032_20260826,2026-08-26T18:37:29+05:30,synthetic_calendar_rbi_policy_like,INFY,raw_synthetic_l2_dense_full_year\trade_month=2026-09\symbol=INFY\part-00000.parquet,2026-09,900,1800,1787748749,1787751449,1784020475,1791479957,1,16309616,33
P325_SYNTH_EVENT_032_20260826,2026-08-26T18:37:29+05:30,synthetic_calendar_rbi_policy_like,ITBEES,raw_synthetic_l2_dense_full_year\trade_month=2026-03\symbol=ITBEES\part-00000.parquet,2026-03,900,1800,1787748749,1787751449,1784020475,1791482006,1,16283831,33
P325_SYNTH_EVENT_032_20260826,2026-08-26T18:37:29+05:30,synthetic_calendar_rbi_policy_like,ITC,raw_synthetic_l2_dense_full_year\trade_month=2026-06\symbol=ITC\part-00000.parquet,2026-06,900,1800,1787748749,1787751449,1784020475,1791488957,1,16323500,33
P325_SYNTH_EVENT_032_20260826,2026-08-26T18:37:29+05:30,synthetic_calendar_rbi_policy_like,JUNIORBEES,raw_synthetic_l2_dense_full_year\trade_month=2026-06\symbol=JUNIORBEES\part-00000.parquet,2026-06,900,1800,1787748749,1787751449,1784020475,1791500957,1,16301682,33
P325_SYNTH_EVENT_032_20260826,2026-08-26T18:37:29+05:30,synthetic_calendar_rbi_policy_like,KOTAKBANK,raw_synthetic_l2_dense_full_year\trade_month=2026-06\symbol=KOTAKBANK\part-00000.parquet,2026-06,900,1800,1787748749,1787751449,1784020475,1791483207,1,16317549,33
P325_SYNTH_EVENT_032_20260826,2026-08-26T18:37:29+05:30,synthetic_calendar_rbi_policy_like,LT,raw_synthetic_l2_dense_full_year\trade_month=2026-09\symbol=LT\part-00000.parquet,2026-09,900,1800,1787748749,1787751449,1784020475,1791478957,1,16321516,33
P325_SYNTH_EVENT_032_20260826,2026-08-26T18:37:29+05:30,synthetic_calendar_rbi_policy_like,M&M,raw_synthetic_l2_dense_full_year\trade_month=2026-09\symbol=M&M\part-00000.parquet,2026-09,900,1800,1787748749,1787751449,1784020475,1791482457,1,16307632,33
P325_SYNTH_EVENT_032_20260826,2026-08-26T18:37:29+05:30,synthetic_calendar_rbi_policy_like,MARUTI,raw_synthetic_l2_dense_full_year\trade_month=2026-03\symbol=MARUTI\part-00000.parquet,2026-03,900,1800,1787748749,1787751449,1784020475,1791495457,1,16313583,33
P325_SYNTH_EVENT_032_20260826,2026-08-26T18:37:29+05:30,synthetic_calendar_rbi_policy_like,NESTLEIND,raw_synthetic_l2_dense_full_year\trade_month=2026-06\symbol=NESTLEIND\part-00000.parquet,2026-06,900,1800,1787748749,1787751449,1784020475,1791481957,1,16331433,33
P325_SYNTH_EVENT_032_20260826,2026-08-26T18:37:29+05:30,synthetic_calendar_rbi_policy_like,NIFTYBEES,raw_synthetic_l2_dense_full_year\trade_month=2026-06\symbol=NIFTYBEES\part-00000.parquet,2026-06,900,1800,1787748749,1787751449,1784020475,1791483457,1,16331433,33
P325_SYNTH_EVENT_032_20260826,2026-08-26T18:37:29+05:30,synthetic_calendar_rbi_policy_like,ONGC,raw_synthetic_l2_dense_full_year\trade_month=2026-09\symbol=ONGC\part-00000.parquet,2026-09,900,1800,1787748749,1787751449,1784020475,1791480957,1,16313583,33
P325_SYNTH_EVENT_032_20260826,2026-08-26T18:37:29+05:30,synthetic_calendar_rbi_policy_like,RELIANCE,raw_synthetic_l2_dense_full_year\trade_month=2026-03\symbol=RELIANCE\part-00000.parquet,2026-03,900,1800,1787748749,1787751449,1784020475,1791482957,1,16309616,33
P325_SYNTH_EVENT_032_20260826,2026-08-26T18:37:29+05:30,synthetic_calendar_rbi_policy_like,SBIN,raw_synthetic_l2_dense_full_year\trade_month=2026-06\symbol=SBIN\part-00000.parquet,2026-06,900,1800,1787748749,1787751449,1784020475,1791494457,1,16285815,33
P325_SYNTH_EVENT_032_20260826,2026-08-26T18:37:29+05:30,synthetic_calendar_rbi_policy_like,SUNPHARMA,raw_synthetic_l2_dense_full_year\trade_month=2026-03\symbol=SUNPHARMA\part-00000.parquet,2026-03,900,1800,1787748749,1787751449,1784020375,1791486707,1,16303665,33
P325_SYNTH_EVENT_032_20260826,2026-08-26T18:37:29+05:30,synthetic_calendar_rbi_policy_like,TCS,raw_synthetic_l2_dense_full_year\trade_month=2026-09\symbol=TCS\part-00000.parquet,2026-09,900,1800,1787748749,1787751449,1784020475,1791498957,1,16327466,33
P325_SYNTH_EVENT_032_20260826,2026-08-26T18:37:29+05:30,synthetic_calendar_rbi_policy_like,TECHM,raw_synthetic_l2_dense_full_year\trade_month=2026-09\symbol=TECHM\part-00000.parquet,2026-09,900,1800,1787748749,1787751449,1784020475,1791482457,1,16291765,33
P325_SYNTH_EVENT_032_20260826,2026-08-26T18:37:29+05:30,synthetic_calendar_rbi_policy_like,ULTRACEMCO,raw_synthetic_l2_dense_full_year\trade_month=2026-06\symbol=ULTRACEMCO\part-00000.parquet,2026-06,900,1800,1787748749,1787751449,1784020475,1791495457,1,16319533,33
P325_SYNTH_EVENT_032_20260826,2026-08-26T18:37:29+05:30,synthetic_calendar_rbi_policy_like,WIPRO,raw_synthetic_l2_dense_full_year\trade_month=2026-03\symbol=WIPRO\part-00000.parquet,2026-03,900,1800,1787748749,1787751449,1784020475,1791485457,1,16319533,33
P325_SYNTH_EVENT_033_20260827,2026-08-27T19:22:29+05:30,synthetic_calendar_rbi_policy_like,ADANIPORTS,raw_synthetic_l2_dense_full_year\trade_month=2026-06\symbol=ADANIPORTS\part-00000.parquet,2026-06,900,1800,1787837849,1787840549,1784020475,1791482707,1,16301682,33
P325_SYNTH_EVENT_033_20260827,2026-08-27T19:22:29+05:30,synthetic_calendar_rbi_policy_like,AXISBANK,raw_synthetic_l2_dense_full_year\trade_month=2026-09\symbol=AXISBANK\part-00000.parquet,2026-09,900,1800,1787837849,1787840549,1784020475,1791489457,1,16315566,33
P325_SYNTH_EVENT_033_20260827,2026-08-27T19:22:29+05:30,synthetic_calendar_rbi_policy_like,BAJAJ-AUTO,raw_synthetic_l2_dense_full_year\trade_month=2026-03\symbol=BAJAJ-AUTO\part-00000.parquet,2026-03,900,1800,1787837849,1787840549,1784020475,1791485457,1,16305649,33
P325_SYNTH_EVENT_033_20260827,2026-08-27T19:22:29+05:30,synthetic_calendar_rbi_policy_like,BANKBEES,raw_synthetic_l2_dense_full_year\trade_month=2026-03\symbol=BANKBEES\part-00000.parquet,2026-03,900,1800,1787837849,1787840549,1784020475,1791487957,1,16313583,33
P325_SYNTH_EVENT_033_20260827,2026-08-27T19:22:29+05:30,synthetic_calendar_rbi_policy_like,BHARTIARTL,raw_synthetic_l2_dense_full_year\trade_month=2026-03\symbol=BHARTIARTL\part-00000.parquet,2026-03,900,1800,1787837849,1787840549,1784020475,1791489957,1,16315566,33
P325_SYNTH_EVENT_033_20260827,2026-08-27T19:22:29+05:30,synthetic_calendar_rbi_policy_like,BPCL,raw_synthetic_l2_dense_full_year\trade_month=2026-09\symbol=BPCL\part-00000.parquet,2026-09,900,1800,1787837849,1787840549,1784020475,1791493457,1,16335400,33
P325_SYNTH_EVENT_033_20260827,2026-08-27T19:22:29+05:30,synthetic_calendar_rbi_policy_like,BRITANNIA,raw_synthetic_l2_dense_full_year\trade_month=2026-09\symbol=BRITANNIA\part-00000.parquet,2026-09,900,1800,1787837849,1787840549,1784020475,1791484457,1,16329450,33
P325_SYNTH_EVENT_033_20260827,2026-08-27T19:22:29+05:30,synthetic_calendar_rbi_policy_like,CIPLA,raw_synthetic_l2_dense_full_year\trade_month=2026-03\symbol=CIPLA\part-00000.parquet,2026-03,900,1800,1787837849,1787840549,1784020264,1791506457,1,16327466,33
P325_SYNTH_EVENT_033_20260827,2026-08-27T19:22:29+05:30,synthetic_calendar_rbi_policy_like,DRREDDY,raw_synthetic_l2_dense_full_year\trade_month=2026-06\symbol=DRREDDY\part-00000.parquet,2026-06,900,1800,1787837849,1787840549,1784020475,1791492457,1,16293748,33
P325_SYNTH_EVENT_033_20260827,2026-08-27T19:22:29+05:30,synthetic_calendar_rbi_policy_like,GOLDBEES,raw_synthetic_l2_dense_full_year\trade_month=2026-06\symbol=GOLDBEES\part-00000.parquet,2026-06,900,1800,1787837849,1787840549,1784020475,1791489957,1,16301682,33
P325_SYNTH_EVENT_033_20260827,2026-08-27T19:22:29+05:30,synthetic_calendar_rbi_policy_like,HCLTECH,raw_synthetic_l2_dense_full_year\trade_month=2026-06\symbol=HCLTECH\part-00000.parquet,2026-06,900,1800,1787837849,1787840549,1784020475,1791494457,1,16309616,33
P325_SYNTH_EVENT_033_20260827,2026-08-27T19:22:29+05:30,synthetic_calendar_rbi_policy_like,HDFCBANK,raw_synthetic_l2_dense_full_year\trade_month=2026-03\symbol=HDFCBANK\part-00000.parquet,2026-03,900,1800,1787837849,1787840549,1784020475,1791478957,1,16303665,33
P325_SYNTH_EVENT_033_20260827,2026-08-27T19:22:29+05:30,synthetic_calendar_rbi_policy_like,HINDUNILVR,raw_synthetic_l2_dense_full_year\trade_month=2026-06\symbol=HINDUNILVR\part-00000.parquet,2026-06,900,1800,1787837849,1787840549,1784020475,1791483457,1,16315566,33
P325_SYNTH_EVENT_033_20260827,2026-08-27T19:22:29+05:30,synthetic_calendar_rbi_policy_like,ICICIBANK,raw_synthetic_l2_dense_full_year\trade_month=2026-06\symbol=ICICIBANK\part-00000.parquet,2026-06,900,1800,1787837849,1787840549,1784020475,1791481457,1,16325483,33
P325_SYNTH_EVENT_033_20260827,2026-08-27T19:22:29+05:30,synthetic_calendar_rbi_policy_like,INFY,raw_synthetic_l2_dense_full_year\trade_month=2026-09\symbol=INFY\part-00000.parquet,2026-09,900,1800,1787837849,1787840549,1784020475,1791479957,1,16309616,33
P325_SYNTH_EVENT_033_20260827,2026-08-27T19:22:29+05:30,synthetic_calendar_rbi_policy_like,ITBEES,raw_synthetic_l2_dense_full_year\trade_month=2026-03\symbol=ITBEES\part-00000.parquet,2026-03,900,1800,1787837849,1787840549,1784020475,1791482006,1,16283831,33
P325_SYNTH_EVENT_033_20260827,2026-08-27T19:22:29+05:30,synthetic_calendar_rbi_policy_like,ITC,raw_synthetic_l2_dense_full_year\trade_month=2026-06\symbol=ITC\part-00000.parquet,2026-06,900,1800,1787837849,1787840549,1784020475,1791488957,1,16323500,33
P325_SYNTH_EVENT_033_20260827,2026-08-27T19:22:29+05:30,synthetic_calendar_rbi_policy_like,JUNIORBEES,raw_synthetic_l2_dense_full_year\trade_month=2026-06\symbol=JUNIORBEES\part-00000.parquet,2026-06,900,1800,1787837849,1787840549,1784020475,1791500957,1,16301682,33
P325_SYNTH_EVENT_033_20260827,2026-08-27T19:22:29+05:30,synthetic_calendar_rbi_policy_like,KOTAKBANK,raw_synthetic_l2_dense_full_year\trade_month=2026-06\symbol=KOTAKBANK\part-00000.parquet,2026-06,900,1800,1787837849,1787840549,1784020475,1791483207,1,16317549,33
P325_SYNTH_EVENT_033_20260827,2026-08-27T19:22:29+05:30,synthetic_calendar_rbi_policy_like,LT,raw_synthetic_l2_dense_full_year\trade_month=2026-09\symbol=LT\part-00000.parquet,2026-09,900,1800,1787837849,1787840549,1784020475,1791478957,1,16321516,33
P325_SYNTH_EVENT_033_20260827,2026-08-27T19:22:29+05:30,synthetic_calendar_rbi_policy_like,M&M,raw_synthetic_l2_dense_full_year\trade_month=2026-09\symbol=M&M\part-00000.parquet,2026-09,900,1800,1787837849,1787840549,1784020475,1791482457,1,16307632,33
P325_SYNTH_EVENT_033_20260827,2026-08-27T19:22:29+05:30,synthetic_calendar_rbi_policy_like,MARUTI,raw_synthetic_l2_dense_full_year\trade_month=2026-03\symbol=MARUTI\part-00000.parquet,2026-03,900,1800,1787837849,1787840549,1784020475,1791495457,1,16313583,33
P325_SYNTH_EVENT_033_20260827,2026-08-27T19:22:29+05:30,synthetic_calendar_rbi_policy_like,NESTLEIND,raw_synthetic_l2_dense_full_year\trade_month=2026-06\symbol=NESTLEIND\part-00000.parquet,2026-06,900,1800,1787837849,1787840549,1784020475,1791481957,1,16331433,33
P325_SYNTH_EVENT_033_20260827,2026-08-27T19:22:29+05:30,synthetic_calendar_rbi_policy_like,NIFTYBEES,raw_synthetic_l2_dense_full_year\trade_month=2026-06\symbol=NIFTYBEES\part-00000.parquet,2026-06,900,1800,1787837849,1787840549,1784020475,1791483457,1,16331433,33
P325_SYNTH_EVENT_033_20260827,2026-08-27T19:22:29+05:30,synthetic_calendar_rbi_policy_like,ONGC,raw_synthetic_l2_dense_full_year\trade_month=2026-09\symbol=ONGC\part-00000.parquet,2026-09,900,1800,1787837849,1787840549,1784020475,1791480957,1,16313583,33
P325_SYNTH_EVENT_033_20260827,2026-08-27T19:22:29+05:30,synthetic_calendar_rbi_policy_like,RELIANCE,raw_synthetic_l2_dense_full_year\trade_month=2026-03\symbol=RELIANCE\part-00000.parquet,2026-03,900,1800,1787837849,1787840549,1784020475,1791482957,1,16309616,33
P325_SYNTH_EVENT_033_20260827,2026-08-27T19:22:29+05:30,synthetic_calendar_rbi_policy_like,SBIN,raw_synthetic_l2_dense_full_year\trade_month=2026-06\symbol=SBIN\part-00000.parquet,2026-06,900,1800,1787837849,1787840549,1784020475,1791494457,1,16285815,33
P325_SYNTH_EVENT_033_20260827,2026-08-27T19:22:29+05:30,synthetic_calendar_rbi_policy_like,SUNPHARMA,raw_synthetic_l2_dense_full_year\trade_month=2026-03\symbol=SUNPHARMA\part-00000.parquet,2026-03,900,1800,1787837849,1787840549,1784020375,1791486707,1,16303665,33
P325_SYNTH_EVENT_033_20260827,2026-08-27T19:22:29+05:30,synthetic_calendar_rbi_policy_like,TCS,raw_synthetic_l2_dense_full_year\trade_month=2026-09\symbol=TCS\part-00000.parquet,2026-09,900,1800,1787837849,1787840549,1784020475,1791498957,1,16327466,33
P325_SYNTH_EVENT_033_20260827,2026-08-27T19:22:29+05:30,synthetic_calendar_rbi_policy_like,TECHM,raw_synthetic_l2_dense_full_year\trade_month=2026-09\symbol=TECHM\part-00000.parquet,2026-09,900,1800,1787837849,1787840549,1784020475,1791482457,1,16291765,33
P325_SYNTH_EVENT_033_20260827,2026-08-27T19:22:29+05:30,synthetic_calendar_rbi_policy_like,ULTRACEMCO,raw_synthetic_l2_dense_full_year\trade_month=2026-06\symbol=ULTRACEMCO\part-00000.parquet,2026-06,900,1800,1787837849,1787840549,1784020475,1791495457,1,16319533,33
P325_SYNTH_EVENT_033_20260827,2026-08-27T19:22:29+05:30,synthetic_calendar_rbi_policy_like,WIPRO,raw_synthetic_l2_dense_full_year\trade_month=2026-03\symbol=WIPRO\part-00000.parquet,2026-03,900,1800,1787837849,1787840549,1784020475,1791485457,1,16319533,33
P325_SYNTH_EVENT_034_20260828,2026-08-28T18:37:29+05:30,synthetic_calendar_rbi_policy_like,ADANIPORTS,raw_synthetic_l2_dense_full_year\trade_month=2026-06\symbol=ADANIPORTS\part-00000.parquet,2026-06,900,1800,1787921549,1787924249,1784020475,1791482707,1,16301682,33
P325_SYNTH_EVENT_034_20260828,2026-08-28T18:37:29+05:30,synthetic_calendar_rbi_policy_like,AXISBANK,raw_synthetic_l2_dense_full_year\trade_month=2026-09\symbol=AXISBANK\part-00000.parquet,2026-09,900,1800,1787921549,1787924249,1784020475,1791489457,1,16315566,33
P325_SYNTH_EVENT_034_20260828,2026-08-28T18:37:29+05:30,synthetic_calendar_rbi_policy_like,BAJAJ-AUTO,raw_synthetic_l2_dense_full_year\trade_month=2026-03\symbol=BAJAJ-AUTO\part-00000.parquet,2026-03,900,1800,1787921549,1787924249,1784020475,1791485457,1,16305649,33
P325_SYNTH_EVENT_034_20260828,2026-08-28T18:37:29+05:30,synthetic_calendar_rbi_policy_like,BANKBEES,raw_synthetic_l2_dense_full_year\trade_month=2026-03\symbol=BANKBEES\part-00000.parquet,2026-03,900,1800,1787921549,1787924249,1784020475,1791487957,1,16313583,33
P325_SYNTH_EVENT_034_20260828,2026-08-28T18:37:29+05:30,synthetic_calendar_rbi_policy_like,BHARTIARTL,raw_synthetic_l2_dense_full_year\trade_month=2026-03\symbol=BHARTIARTL\part-00000.parquet,2026-03,900,1800,1787921549,1787924249,1784020475,1791489957,1,16315566,33
P325_SYNTH_EVENT_034_20260828,2026-08-28T18:37:29+05:30,synthetic_calendar_rbi_policy_like,BPCL,raw_synthetic_l2_dense_full_year\trade_month=2026-09\symbol=BPCL\part-00000.parquet,2026-09,900,1800,1787921549,1787924249,1784020475,1791493457,1,16335400,33
P325_SYNTH_EVENT_034_20260828,2026-08-28T18:37:29+05:30,synthetic_calendar_rbi_policy_like,BRITANNIA,raw_synthetic_l2_dense_full_year\trade_month=2026-09\symbol=BRITANNIA\part-00000.parquet,2026-09,900,1800,1787921549,1787924249,1784020475,1791484457,1,16329450,33
P325_SYNTH_EVENT_034_20260828,2026-08-28T18:37:29+05:30,synthetic_calendar_rbi_policy_like,CIPLA,raw_synthetic_l2_dense_full_year\trade_month=2026-03\symbol=CIPLA\part-00000.parquet,2026-03,900,1800,1787921549,1787924249,1784020264,1791506457,1,16327466,33
P325_SYNTH_EVENT_034_20260828,2026-08-28T18:37:29+05:30,synthetic_calendar_rbi_policy_like,DRREDDY,raw_synthetic_l2_dense_full_year\trade_month=2026-06\symbol=DRREDDY\part-00000.parquet,2026-06,900,1800,1787921549,1787924249,1784020475,1791492457,1,16293748,33
P325_SYNTH_EVENT_034_20260828,2026-08-28T18:37:29+05:30,synthetic_calendar_rbi_policy_like,GOLDBEES,raw_synthetic_l2_dense_full_year\trade_month=2026-06\symbol=GOLDBEES\part-00000.parquet,2026-06,900,1800,1787921549,1787924249,1784020475,1791489957,1,16301682,33
P325_SYNTH_EVENT_034_20260828,2026-08-28T18:37:29+05:30,synthetic_calendar_rbi_policy_like,HCLTECH,raw_synthetic_l2_dense_full_year\trade_month=2026-06\symbol=HCLTECH\part-00000.parquet,2026-06,900,1800,1787921549,1787924249,1784020475,1791494457,1,16309616,33
P325_SYNTH_EVENT_034_20260828,2026-08-28T18:37:29+05:30,synthetic_calendar_rbi_policy_like,HDFCBANK,raw_synthetic_l2_dense_full_year\trade_month=2026-03\symbol=HDFCBANK\part-00000.parquet,2026-03,900,1800,1787921549,1787924249,1784020475,1791478957,1,16303665,33
P325_SYNTH_EVENT_034_20260828,2026-08-28T18:37:29+05:30,synthetic_calendar_rbi_policy_like,HINDUNILVR,raw_synthetic_l2_dense_full_year\trade_month=2026-06\symbol=HINDUNILVR\part-00000.parquet,2026-06,900,1800,1787921549,1787924249,1784020475,1791483457,1,16315566,33
P325_SYNTH_EVENT_034_20260828,2026-08-28T18:37:29+05:30,synthetic_calendar_rbi_policy_like,ICICIBANK,raw_synthetic_l2_dense_full_year\trade_month=2026-06\symbol=ICICIBANK\part-00000.parquet,2026-06,900,1800,1787921549,1787924249,1784020475,1791481457,1,16325483,33
P325_SYNTH_EVENT_034_20260828,2026-08-28T18:37:29+05:30,synthetic_calendar_rbi_policy_like,INFY,raw_synthetic_l2_dense_full_year\trade_month=2026-09\symbol=INFY\part-00000.parquet,2026-09,900,1800,1787921549,1787924249,1784020475,1791479957,1,16309616,33
P325_SYNTH_EVENT_034_20260828,2026-08-28T18:37:29+05:30,synthetic_calendar_rbi_policy_like,ITBEES,raw_synthetic_l2_dense_full_year\trade_month=2026-03\symbol=ITBEES\part-00000.parquet,2026-03,900,1800,1787921549,1787924249,1784020475,1791482006,1,16283831,33
P325_SYNTH_EVENT_034_20260828,2026-08-28T18:37:29+05:30,synthetic_calendar_rbi_policy_like,ITC,raw_synthetic_l2_dense_full_year\trade_month=2026-06\symbol=ITC\part-00000.parquet,2026-06,900,1800,1787921549,1787924249,1784020475,1791488957,1,16323500,33
P325_SYNTH_EVENT_034_20260828,2026-08-28T18:37:29+05:30,synthetic_calendar_rbi_policy_like,JUNIORBEES,raw_synthetic_l2_dense_full_year\trade_month=2026-06\symbol=JUNIORBEES\part-00000.parquet,2026-06,900,1800,1787921549,1787924249,1784020475,1791500957,1,16301682,33
P325_SYNTH_EVENT_034_20260828,2026-08-28T18:37:29+05:30,synthetic_calendar_rbi_policy_like,KOTAKBANK,raw_synthetic_l2_dense_full_year\trade_month=2026-06\symbol=KOTAKBANK\part-00000.parquet,2026-06,900,1800,1787921549,1787924249,1784020475,1791483207,1,16317549,33
P325_SYNTH_EVENT_034_20260828,2026-08-28T18:37:29+05:30,synthetic_calendar_rbi_policy_like,LT,raw_synthetic_l2_dense_full_year\trade_month=2026-09\symbol=LT\part-00000.parquet,2026-09,900,1800,1787921549,1787924249,1784020475,1791478957,1,16321516,33
P325_SYNTH_EVENT_034_20260828,2026-08-28T18:37:29+05:30,synthetic_calendar_rbi_policy_like,M&M,raw_synthetic_l2_dense_full_year\trade_month=2026-09\symbol=M&M\part-00000.parquet,2026-09,900,1800,1787921549,1787924249,1784020475,1791482457,1,16307632,33
P325_SYNTH_EVENT_034_20260828,2026-08-28T18:37:29+05:30,synthetic_calendar_rbi_policy_like,MARUTI,raw_synthetic_l2_dense_full_year\trade_month=2026-03\symbol=MARUTI\part-00000.parquet,2026-03,900,1800,1787921549,1787924249,1784020475,1791495457,1,16313583,33
P325_SYNTH_EVENT_034_20260828,2026-08-28T18:37:29+05:30,synthetic_calendar_rbi_policy_like,NESTLEIND,raw_synthetic_l2_dense_full_year\trade_month=2026-06\symbol=NESTLEIND\part-00000.parquet,2026-06,900,1800,1787921549,1787924249,1784020475,1791481957,1,16331433,33
P325_SYNTH_EVENT_034_20260828,2026-08-28T18:37:29+05:30,synthetic_calendar_rbi_policy_like,NIFTYBEES,raw_synthetic_l2_dense_full_year\trade_month=2026-06\symbol=NIFTYBEES\part-00000.parquet,2026-06,900,1800,1787921549,1787924249,1784020475,1791483457,1,16331433,33
P325_SYNTH_EVENT_034_20260828,2026-08-28T18:37:29+05:30,synthetic_calendar_rbi_policy_like,ONGC,raw_synthetic_l2_dense_full_year\trade_month=2026-09\symbol=ONGC\part-00000.parquet,2026-09,900,1800,1787921549,1787924249,1784020475,1791480957,1,16313583,33
P325_SYNTH_EVENT_034_20260828,2026-08-28T18:37:29+05:30,synthetic_calendar_rbi_policy_like,RELIANCE,raw_synthetic_l2_dense_full_year\trade_month=2026-03\symbol=RELIANCE\part-00000.parquet,2026-03,900,1800,1787921549,1787924249,1784020475,1791482957,1,16309616,33
P325_SYNTH_EVENT_034_20260828,2026-08-28T18:37:29+05:30,synthetic_calendar_rbi_policy_like,SBIN,raw_synthetic_l2_dense_full_year\trade_month=2026-06\symbol=SBIN\part-00000.parquet,2026-06,900,1800,1787921549,1787924249,1784020475,1791494457,1,16285815,33
P325_SYNTH_EVENT_034_20260828,2026-08-28T18:37:29+05:30,synthetic_calendar_rbi_policy_like,SUNPHARMA,raw_synthetic_l2_dense_full_year\trade_month=2026-03\symbol=SUNPHARMA\part-00000.parquet,2026-03,900,1800,1787921549,1787924249,1784020375,1791486707,1,16303665,33
P325_SYNTH_EVENT_034_20260828,2026-08-28T18:37:29+05:30,synthetic_calendar_rbi_policy_like,TCS,raw_synthetic_l2_dense_full_year\trade_month=2026-09\symbol=TCS\part-00000.parquet,2026-09,900,1800,1787921549,1787924249,1784020475,1791498957,1,16327466,33
P325_SYNTH_EVENT_034_20260828,2026-08-28T18:37:29+05:30,synthetic_calendar_rbi_policy_like,TECHM,raw_synthetic_l2_dense_full_year\trade_month=2026-09\symbol=TECHM\part-00000.parquet,2026-09,900,1800,1787921549,1787924249,1784020475,1791482457,1,16291765,33
P325_SYNTH_EVENT_034_20260828,2026-08-28T18:37:29+05:30,synthetic_calendar_rbi_policy_like,ULTRACEMCO,raw_synthetic_l2_dense_full_year\trade_month=2026-06\symbol=ULTRACEMCO\part-00000.parquet,2026-06,900,1800,1787921549,1787924249,1784020475,1791495457,1,16319533,33
P325_SYNTH_EVENT_034_20260828,2026-08-28T18:37:29+05:30,synthetic_calendar_rbi_policy_like,WIPRO,raw_synthetic_l2_dense_full_year\trade_month=2026-03\symbol=WIPRO\part-00000.parquet,2026-03,900,1800,1787921549,1787924249,1784020475,1791485457,1,16319533,33
P325_SYNTH_EVENT_035_20260831,2026-08-31T19:22:29+05:30,synthetic_calendar_rbi_policy_like,ADANIPORTS,raw_synthetic_l2_dense_full_year\trade_month=2026-06\symbol=ADANIPORTS\part-00000.parquet,2026-06,900,1800,1788183449,1788186149,1784020475,1791482707,1,16301682,33
P325_SYNTH_EVENT_035_20260831,2026-08-31T19:22:29+05:30,synthetic_calendar_rbi_policy_like,AXISBANK,raw_synthetic_l2_dense_full_year\trade_month=2026-09\symbol=AXISBANK\part-00000.parquet,2026-09,900,1800,1788183449,1788186149,1784020475,1791489457,1,16315566,33
P325_SYNTH_EVENT_035_20260831,2026-08-31T19:22:29+05:30,synthetic_calendar_rbi_policy_like,BAJAJ-AUTO,raw_synthetic_l2_dense_full_year\trade_month=2026-03\symbol=BAJAJ-AUTO\part-00000.parquet,2026-03,900,1800,1788183449,1788186149,1784020475,1791485457,1,16305649,33
P325_SYNTH_EVENT_035_20260831,2026-08-31T19:22:29+05:30,synthetic_calendar_rbi_policy_like,BANKBEES,raw_synthetic_l2_dense_full_year\trade_month=2026-03\symbol=BANKBEES\part-00000.parquet,2026-03,900,1800,1788183449,1788186149,1784020475,1791487957,1,16313583,33
P325_SYNTH_EVENT_035_20260831,2026-08-31T19:22:29+05:30,synthetic_calendar_rbi_policy_like,BHARTIARTL,raw_synthetic_l2_dense_full_year\trade_month=2026-03\symbol=BHARTIARTL\part-00000.parquet,2026-03,900,1800,1788183449,1788186149,1784020475,1791489957,1,16315566,33
P325_SYNTH_EVENT_035_20260831,2026-08-31T19:22:29+05:30,synthetic_calendar_rbi_policy_like,BPCL,raw_synthetic_l2_dense_full_year\trade_month=2026-09\symbol=BPCL\part-00000.parquet,2026-09,900,1800,1788183449,1788186149,1784020475,1791493457,1,16335400,33
P325_SYNTH_EVENT_035_20260831,2026-08-31T19:22:29+05:30,synthetic_calendar_rbi_policy_like,BRITANNIA,raw_synthetic_l2_dense_full_year\trade_month=2026-09\symbol=BRITANNIA\part-00000.parquet,2026-09,900,1800,1788183449,1788186149,1784020475,1791484457,1,16329450,33
P325_SYNTH_EVENT_035_20260831,2026-08-31T19:22:29+05:30,synthetic_calendar_rbi_policy_like,CIPLA,raw_synthetic_l2_dense_full_year\trade_month=2026-03\symbol=CIPLA\part-00000.parquet,2026-03,900,1800,1788183449,1788186149,1784020264,1791506457,1,16327466,33
P325_SYNTH_EVENT_035_20260831,2026-08-31T19:22:29+05:30,synthetic_calendar_rbi_policy_like,DRREDDY,raw_synthetic_l2_dense_full_year\trade_month=2026-06\symbol=DRREDDY\part-00000.parquet,2026-06,900,1800,1788183449,1788186149,1784020475,1791492457,1,16293748,33
P325_SYNTH_EVENT_035_20260831,2026-08-31T19:22:29+05:30,synthetic_calendar_rbi_policy_like,GOLDBEES,raw_synthetic_l2_dense_full_year\trade_month=2026-06\symbol=GOLDBEES\part-00000.parquet,2026-06,900,1800,1788183449,1788186149,1784020475,1791489957,1,16301682,33
P325_SYNTH_EVENT_035_20260831,2026-08-31T19:22:29+05:30,synthetic_calendar_rbi_policy_like,HCLTECH,raw_synthetic_l2_dense_full_year\trade_month=2026-06\symbol=HCLTECH\part-00000.parquet,2026-06,900,1800,1788183449,1788186149,1784020475,1791494457,1,16309616,33
P325_SYNTH_EVENT_035_20260831,2026-08-31T19:22:29+05:30,synthetic_calendar_rbi_policy_like,HDFCBANK,raw_synthetic_l2_dense_full_year\trade_month=2026-03\symbol=HDFCBANK\part-00000.parquet,2026-03,900,1800,1788183449,1788186149,1784020475,1791478957,1,16303665,33
P325_SYNTH_EVENT_035_20260831,2026-08-31T19:22:29+05:30,synthetic_calendar_rbi_policy_like,HINDUNILVR,raw_synthetic_l2_dense_full_year\trade_month=2026-06\symbol=HINDUNILVR\part-00000.parquet,2026-06,900,1800,1788183449,1788186149,1784020475,1791483457,1,16315566,33
P325_SYNTH_EVENT_035_20260831,2026-08-31T19:22:29+05:30,synthetic_calendar_rbi_policy_like,ICICIBANK,raw_synthetic_l2_dense_full_year\trade_month=2026-06\symbol=ICICIBANK\part-00000.parquet,2026-06,900,1800,1788183449,1788186149,1784020475,1791481457,1,16325483,33
P325_SYNTH_EVENT_035_20260831,2026-08-31T19:22:29+05:30,synthetic_calendar_rbi_policy_like,INFY,raw_synthetic_l2_dense_full_year\trade_month=2026-09\symbol=INFY\part-00000.parquet,2026-09,900,1800,1788183449,1788186149,1784020475,1791479957,1,16309616,33
P325_SYNTH_EVENT_035_20260831,2026-08-31T19:22:29+05:30,synthetic_calendar_rbi_policy_like,ITBEES,raw_synthetic_l2_dense_full_year\trade_month=2026-03\symbol=ITBEES\part-00000.parquet,2026-03,900,1800,1788183449,1788186149,1784020475,1791482006,1,16283831,33
P325_SYNTH_EVENT_035_20260831,2026-08-31T19:22:29+05:30,synthetic_calendar_rbi_policy_like,ITC,raw_synthetic_l2_dense_full_year\trade_month=2026-06\symbol=ITC\part-00000.parquet,2026-06,900,1800,1788183449,1788186149,1784020475,1791488957,1,16323500,33
P325_SYNTH_EVENT_035_20260831,2026-08-31T19:22:29+05:30,synthetic_calendar_rbi_policy_like,JUNIORBEES,raw_synthetic_l2_dense_full_year\trade_month=2026-06\symbol=JUNIORBEES\part-00000.parquet,2026-06,900,1800,1788183449,1788186149,1784020475,1791500957,1,16301682,33
P325_SYNTH_EVENT_035_20260831,2026-08-31T19:22:29+05:30,synthetic_calendar_rbi_policy_like,KOTAKBANK,raw_synthetic_l2_dense_full_year\trade_month=2026-06\symbol=KOTAKBANK\part-00000.parquet,2026-06,900,1800,1788183449,1788186149,1784020475,1791483207,1,16317549,33
P325_SYNTH_EVENT_035_20260831,2026-08-31T19:22:29+05:30,synthetic_calendar_rbi_policy_like,LT,raw_synthetic_l2_dense_full_year\trade_month=2026-09\symbol=LT\part-00000.parquet,2026-09,900,1800,1788183449,1788186149,1784020475,1791478957,1,16321516,33
P325_SYNTH_EVENT_035_20260831,2026-08-31T19:22:29+05:30,synthetic_calendar_rbi_policy_like,M&M,raw_synthetic_l2_dense_full_year\trade_month=2026-09\symbol=M&M\part-00000.parquet,2026-09,900,1800,1788183449,1788186149,1784020475,1791482457,1,16307632,33
P325_SYNTH_EVENT_035_20260831,2026-08-31T19:22:29+05:30,synthetic_calendar_rbi_policy_like,MARUTI,raw_synthetic_l2_dense_full_year\trade_month=2026-03\symbol=MARUTI\part-00000.parquet,2026-03,900,1800,1788183449,1788186149,1784020475,1791495457,1,16313583,33
P325_SYNTH_EVENT_035_20260831,2026-08-31T19:22:29+05:30,synthetic_calendar_rbi_policy_like,NESTLEIND,raw_synthetic_l2_dense_full_year\trade_month=2026-06\symbol=NESTLEIND\part-00000.parquet,2026-06,900,1800,1788183449,1788186149,1784020475,1791481957,1,16331433,33
P325_SYNTH_EVENT_035_20260831,2026-08-31T19:22:29+05:30,synthetic_calendar_rbi_policy_like,NIFTYBEES,raw_synthetic_l2_dense_full_year\trade_month=2026-06\symbol=NIFTYBEES\part-00000.parquet,2026-06,900,1800,1788183449,1788186149,1784020475,1791483457,1,16331433,33
P325_SYNTH_EVENT_035_20260831,2026-08-31T19:22:29+05:30,synthetic_calendar_rbi_policy_like,ONGC,raw_synthetic_l2_dense_full_year\trade_month=2026-09\symbol=ONGC\part-00000.parquet,2026-09,900,1800,1788183449,1788186149,1784020475,1791480957,1,16313583,33
P325_SYNTH_EVENT_035_20260831,2026-08-31T19:22:29+05:30,synthetic_calendar_rbi_policy_like,RELIANCE,raw_synthetic_l2_dense_full_year\trade_month=2026-03\symbol=RELIANCE\part-00000.parquet,2026-03,900,1800,1788183449,1788186149,1784020475,1791482957,1,16309616,33
P325_SYNTH_EVENT_035_20260831,2026-08-31T19:22:29+05:30,synthetic_calendar_rbi_policy_like,SBIN,raw_synthetic_l2_dense_full_year\trade_month=2026-06\symbol=SBIN\part-00000.parquet,2026-06,900,1800,1788183449,1788186149,1784020475,1791494457,1,16285815,33
P325_SYNTH_EVENT_035_20260831,2026-08-31T19:22:29+05:30,synthetic_calendar_rbi_policy_like,SUNPHARMA,raw_synthetic_l2_dense_full_year\trade_month=2026-03\symbol=SUNPHARMA\part-00000.parquet,2026-03,900,1800,1788183449,1788186149,1784020375,1791486707,1,16303665,33
P325_SYNTH_EVENT_035_20260831,2026-08-31T19:22:29+05:30,synthetic_calendar_rbi_policy_like,TCS,raw_synthetic_l2_dense_full_year\trade_month=2026-09\symbol=TCS\part-00000.parquet,2026-09,900,1800,1788183449,1788186149,1784020475,1791498957,1,16327466,33
P325_SYNTH_EVENT_035_20260831,2026-08-31T19:22:29+05:30,synthetic_calendar_rbi_policy_like,TECHM,raw_synthetic_l2_dense_full_year\trade_month=2026-09\symbol=TECHM\part-00000.parquet,2026-09,900,1800,1788183449,1788186149,1784020475,1791482457,1,16291765,33
P325_SYNTH_EVENT_035_20260831,2026-08-31T19:22:29+05:30,synthetic_calendar_rbi_policy_like,ULTRACEMCO,raw_synthetic_l2_dense_full_year\trade_month=2026-06\symbol=ULTRACEMCO\part-00000.parquet,2026-06,900,1800,1788183449,1788186149,1784020475,1791495457,1,16319533,33
P325_SYNTH_EVENT_035_20260831,2026-08-31T19:22:29+05:30,synthetic_calendar_rbi_policy_like,WIPRO,raw_synthetic_l2_dense_full_year\trade_month=2026-03\symbol=WIPRO\part-00000.parquet,2026-03,900,1800,1788183449,1788186149,1784020475,1791485457,1,16319533,33
P325_SYNTH_EVENT_036_20260901,2026-09-01T20:07:29+05:30,synthetic_calendar_rbi_policy_like,ADANIPORTS,raw_synthetic_l2_dense_full_year\trade_month=2026-06\symbol=ADANIPORTS\part-00000.parquet,2026-06,900,1800,1788272549,1788275249,1784020475,1791482707,1,16301682,33
P325_SYNTH_EVENT_036_20260901,2026-09-01T20:07:29+05:30,synthetic_calendar_rbi_policy_like,AXISBANK,raw_synthetic_l2_dense_full_year\trade_month=2026-09\symbol=AXISBANK\part-00000.parquet,2026-09,900,1800,1788272549,1788275249,1784020475,1791489457,1,16315566,33
P325_SYNTH_EVENT_036_20260901,2026-09-01T20:07:29+05:30,synthetic_calendar_rbi_policy_like,BAJAJ-AUTO,raw_synthetic_l2_dense_full_year\trade_month=2026-03\symbol=BAJAJ-AUTO\part-00000.parquet,2026-03,900,1800,1788272549,1788275249,1784020475,1791485457,1,16305649,33
P325_SYNTH_EVENT_036_20260901,2026-09-01T20:07:29+05:30,synthetic_calendar_rbi_policy_like,BANKBEES,raw_synthetic_l2_dense_full_year\trade_month=2026-03\symbol=BANKBEES\part-00000.parquet,2026-03,900,1800,1788272549,1788275249,1784020475,1791487957,1,16313583,33
P325_SYNTH_EVENT_036_20260901,2026-09-01T20:07:29+05:30,synthetic_calendar_rbi_policy_like,BHARTIARTL,raw_synthetic_l2_dense_full_year\trade_month=2026-03\symbol=BHARTIARTL\part-00000.parquet,2026-03,900,1800,1788272549,1788275249,1784020475,1791489957,1,16315566,33
P325_SYNTH_EVENT_036_20260901,2026-09-01T20:07:29+05:30,synthetic_calendar_rbi_policy_like,BPCL,raw_synthetic_l2_dense_full_year\trade_month=2026-09\symbol=BPCL\part-00000.parquet,2026-09,900,1800,1788272549,1788275249,1784020475,1791493457,1,16335400,33
P325_SYNTH_EVENT_036_20260901,2026-09-01T20:07:29+05:30,synthetic_calendar_rbi_policy_like,BRITANNIA,raw_synthetic_l2_dense_full_year\trade_month=2026-09\symbol=BRITANNIA\part-00000.parquet,2026-09,900,1800,1788272549,1788275249,1784020475,1791484457,1,16329450,33
P325_SYNTH_EVENT_036_20260901,2026-09-01T20:07:29+05:30,synthetic_calendar_rbi_policy_like,CIPLA,raw_synthetic_l2_dense_full_year\trade_month=2026-03\symbol=CIPLA\part-00000.parquet,2026-03,900,1800,1788272549,1788275249,1784020264,1791506457,1,16327466,33
P325_SYNTH_EVENT_036_20260901,2026-09-01T20:07:29+05:30,synthetic_calendar_rbi_policy_like,DRREDDY,raw_synthetic_l2_dense_full_year\trade_month=2026-06\symbol=DRREDDY\part-00000.parquet,2026-06,900,1800,1788272549,1788275249,1784020475,1791492457,1,16293748,33
P325_SYNTH_EVENT_036_20260901,2026-09-01T20:07:29+05:30,synthetic_calendar_rbi_policy_like,GOLDBEES,raw_synthetic_l2_dense_full_year\trade_month=2026-06\symbol=GOLDBEES\part-00000.parquet,2026-06,900,1800,1788272549,1788275249,1784020475,1791489957,1,16301682,33
P325_SYNTH_EVENT_036_20260901,2026-09-01T20:07:29+05:30,synthetic_calendar_rbi_policy_like,HCLTECH,raw_synthetic_l2_dense_full_year\trade_month=2026-06\symbol=HCLTECH\part-00000.parquet,2026-06,900,1800,1788272549,1788275249,1784020475,1791494457,1,16309616,33
P325_SYNTH_EVENT_036_20260901,2026-09-01T20:07:29+05:30,synthetic_calendar_rbi_policy_like,HDFCBANK,raw_synthetic_l2_dense_full_year\trade_month=2026-03\symbol=HDFCBANK\part-00000.parquet,2026-03,900,1800,1788272549,1788275249,1784020475,1791478957,1,16303665,33
P325_SYNTH_EVENT_036_20260901,2026-09-01T20:07:29+05:30,synthetic_calendar_rbi_policy_like,HINDUNILVR,raw_synthetic_l2_dense_full_year\trade_month=2026-06\symbol=HINDUNILVR\part-00000.parquet,2026-06,900,1800,1788272549,1788275249,1784020475,1791483457,1,16315566,33
P325_SYNTH_EVENT_036_20260901,2026-09-01T20:07:29+05:30,synthetic_calendar_rbi_policy_like,ICICIBANK,raw_synthetic_l2_dense_full_year\trade_month=2026-06\symbol=ICICIBANK\part-00000.parquet,2026-06,900,1800,1788272549,1788275249,1784020475,1791481457,1,16325483,33
P325_SYNTH_EVENT_036_20260901,2026-09-01T20:07:29+05:30,synthetic_calendar_rbi_policy_like,INFY,raw_synthetic_l2_dense_full_year\trade_month=2026-09\symbol=INFY\part-00000.parquet,2026-09,900,1800,1788272549,1788275249,1784020475,1791479957,1,16309616,33
P325_SYNTH_EVENT_036_20260901,2026-09-01T20:07:29+05:30,synthetic_calendar_rbi_policy_like,ITBEES,raw_synthetic_l2_dense_full_year\trade_month=2026-03\symbol=ITBEES\part-00000.parquet,2026-03,900,1800,1788272549,1788275249,1784020475,1791482006,1,16283831,33
P325_SYNTH_EVENT_036_20260901,2026-09-01T20:07:29+05:30,synthetic_calendar_rbi_policy_like,ITC,raw_synthetic_l2_dense_full_year\trade_month=2026-06\symbol=ITC\part-00000.parquet,2026-06,900,1800,1788272549,1788275249,1784020475,1791488957,1,16323500,33
P325_SYNTH_EVENT_036_20260901,2026-09-01T20:07:29+05:30,synthetic_calendar_rbi_policy_like,JUNIORBEES,raw_synthetic_l2_dense_full_year\trade_month=2026-06\symbol=JUNIORBEES\part-00000.parquet,2026-06,900,1800,1788272549,1788275249,1784020475,1791500957,1,16301682,33
P325_SYNTH_EVENT_036_20260901,2026-09-01T20:07:29+05:30,synthetic_calendar_rbi_policy_like,KOTAKBANK,raw_synthetic_l2_dense_full_year\trade_month=2026-06\symbol=KOTAKBANK\part-00000.parquet,2026-06,900,1800,1788272549,1788275249,1784020475,1791483207,1,16317549,33
P325_SYNTH_EVENT_036_20260901,2026-09-01T20:07:29+05:30,synthetic_calendar_rbi_policy_like,LT,raw_synthetic_l2_dense_full_year\trade_month=2026-09\symbol=LT\part-00000.parquet,2026-09,900,1800,1788272549,1788275249,1784020475,1791478957,1,16321516,33
P325_SYNTH_EVENT_036_20260901,2026-09-01T20:07:29+05:30,synthetic_calendar_rbi_policy_like,M&M,raw_synthetic_l2_dense_full_year\trade_month=2026-09\symbol=M&M\part-00000.parquet,2026-09,900,1800,1788272549,1788275249,1784020475,1791482457,1,16307632,33
P325_SYNTH_EVENT_036_20260901,2026-09-01T20:07:29+05:30,synthetic_calendar_rbi_policy_like,MARUTI,raw_synthetic_l2_dense_full_year\trade_month=2026-03\symbol=MARUTI\part-00000.parquet,2026-03,900,1800,1788272549,1788275249,1784020475,1791495457,1,16313583,33
P325_SYNTH_EVENT_036_20260901,2026-09-01T20:07:29+05:30,synthetic_calendar_rbi_policy_like,NESTLEIND,raw_synthetic_l2_dense_full_year\trade_month=2026-06\symbol=NESTLEIND\part-00000.parquet,2026-06,900,1800,1788272549,1788275249,1784020475,1791481957,1,16331433,33
P325_SYNTH_EVENT_036_20260901,2026-09-01T20:07:29+05:30,synthetic_calendar_rbi_policy_like,NIFTYBEES,raw_synthetic_l2_dense_full_year\trade_month=2026-06\symbol=NIFTYBEES\part-00000.parquet,2026-06,900,1800,1788272549,1788275249,1784020475,1791483457,1,16331433,33
P325_SYNTH_EVENT_036_20260901,2026-09-01T20:07:29+05:30,synthetic_calendar_rbi_policy_like,ONGC,raw_synthetic_l2_dense_full_year\trade_month=2026-09\symbol=ONGC\part-00000.parquet,2026-09,900,1800,1788272549,1788275249,1784020475,1791480957,1,16313583,33
P325_SYNTH_EVENT_036_20260901,2026-09-01T20:07:29+05:30,synthetic_calendar_rbi_policy_like,RELIANCE,raw_synthetic_l2_dense_full_year\trade_month=2026-03\symbol=RELIANCE\part-00000.parquet,2026-03,900,1800,1788272549,1788275249,1784020475,1791482957,1,16309616,33
P325_SYNTH_EVENT_036_20260901,2026-09-01T20:07:29+05:30,synthetic_calendar_rbi_policy_like,SBIN,raw_synthetic_l2_dense_full_year\trade_month=2026-06\symbol=SBIN\part-00000.parquet,2026-06,900,1800,1788272549,1788275249,1784020475,1791494457,1,16285815,33
P325_SYNTH_EVENT_036_20260901,2026-09-01T20:07:29+05:30,synthetic_calendar_rbi_policy_like,SUNPHARMA,raw_synthetic_l2_dense_full_year\trade_month=2026-03\symbol=SUNPHARMA\part-00000.parquet,2026-03,900,1800,1788272549,1788275249,1784020375,1791486707,1,16303665,33
P325_SYNTH_EVENT_036_20260901,2026-09-01T20:07:29+05:30,synthetic_calendar_rbi_policy_like,TCS,raw_synthetic_l2_dense_full_year\trade_month=2026-09\symbol=TCS\part-00000.parquet,2026-09,900,1800,1788272549,1788275249,1784020475,1791498957,1,16327466,33
P325_SYNTH_EVENT_036_20260901,2026-09-01T20:07:29+05:30,synthetic_calendar_rbi_policy_like,TECHM,raw_synthetic_l2_dense_full_year\trade_month=2026-09\symbol=TECHM\part-00000.parquet,2026-09,900,1800,1788272549,1788275249,1784020475,1791482457,1,16291765,33
P325_SYNTH_EVENT_036_20260901,2026-09-01T20:07:29+05:30,synthetic_calendar_rbi_policy_like,ULTRACEMCO,raw_synthetic_l2_dense_full_year\trade_month=2026-06\symbol=ULTRACEMCO\part-00000.parquet,2026-06,900,1800,1788272549,1788275249,1784020475,1791495457,1,16319533,33
P325_SYNTH_EVENT_036_20260901,2026-09-01T20:07:29+05:30,synthetic_calendar_rbi_policy_like,WIPRO,raw_synthetic_l2_dense_full_year\trade_month=2026-03\symbol=WIPRO\part-00000.parquet,2026-03,900,1800,1788272549,1788275249,1784020475,1791485457,1,16319533,33
P325_SYNTH_EVENT_037_20260902,2026-09-02T20:07:29+05:30,synthetic_calendar_rbi_policy_like,ADANIPORTS,raw_synthetic_l2_dense_full_year\trade_month=2026-06\symbol=ADANIPORTS\part-00000.parquet,2026-06,900,1800,1788358949,1788361649,1784020475,1791482707,1,16301682,33
P325_SYNTH_EVENT_037_20260902,2026-09-02T20:07:29+05:30,synthetic_calendar_rbi_policy_like,AXISBANK,raw_synthetic_l2_dense_full_year\trade_month=2026-09\symbol=AXISBANK\part-00000.parquet,2026-09,900,1800,1788358949,1788361649,1784020475,1791489457,1,16315566,33
P325_SYNTH_EVENT_037_20260902,2026-09-02T20:07:29+05:30,synthetic_calendar_rbi_policy_like,BAJAJ-AUTO,raw_synthetic_l2_dense_full_year\trade_month=2026-03\symbol=BAJAJ-AUTO\part-00000.parquet,2026-03,900,1800,1788358949,1788361649,1784020475,1791485457,1,16305649,33
P325_SYNTH_EVENT_037_20260902,2026-09-02T20:07:29+05:30,synthetic_calendar_rbi_policy_like,BANKBEES,raw_synthetic_l2_dense_full_year\trade_month=2026-03\symbol=BANKBEES\part-00000.parquet,2026-03,900,1800,1788358949,1788361649,1784020475,1791487957,1,16313583,33
P325_SYNTH_EVENT_037_20260902,2026-09-02T20:07:29+05:30,synthetic_calendar_rbi_policy_like,BHARTIARTL,raw_synthetic_l2_dense_full_year\trade_month=2026-03\symbol=BHARTIARTL\part-00000.parquet,2026-03,900,1800,1788358949,1788361649,1784020475,1791489957,1,16315566,33
P325_SYNTH_EVENT_037_20260902,2026-09-02T20:07:29+05:30,synthetic_calendar_rbi_policy_like,BPCL,raw_synthetic_l2_dense_full_year\trade_month=2026-09\symbol=BPCL\part-00000.parquet,2026-09,900,1800,1788358949,1788361649,1784020475,1791493457,1,16335400,33
P325_SYNTH_EVENT_037_20260902,2026-09-02T20:07:29+05:30,synthetic_calendar_rbi_policy_like,BRITANNIA,raw_synthetic_l2_dense_full_year\trade_month=2026-09\symbol=BRITANNIA\part-00000.parquet,2026-09,900,1800,1788358949,1788361649,1784020475,1791484457,1,16329450,33
P325_SYNTH_EVENT_037_20260902,2026-09-02T20:07:29+05:30,synthetic_calendar_rbi_policy_like,CIPLA,raw_synthetic_l2_dense_full_year\trade_month=2026-03\symbol=CIPLA\part-00000.parquet,2026-03,900,1800,1788358949,1788361649,1784020264,1791506457,1,16327466,33
P325_SYNTH_EVENT_037_20260902,2026-09-02T20:07:29+05:30,synthetic_calendar_rbi_policy_like,DRREDDY,raw_synthetic_l2_dense_full_year\trade_month=2026-06\symbol=DRREDDY\part-00000.parquet,2026-06,900,1800,1788358949,1788361649,1784020475,1791492457,1,16293748,33
P325_SYNTH_EVENT_037_20260902,2026-09-02T20:07:29+05:30,synthetic_calendar_rbi_policy_like,GOLDBEES,raw_synthetic_l2_dense_full_year\trade_month=2026-06\symbol=GOLDBEES\part-00000.parquet,2026-06,900,1800,1788358949,1788361649,1784020475,1791489957,1,16301682,33
P325_SYNTH_EVENT_037_20260902,2026-09-02T20:07:29+05:30,synthetic_calendar_rbi_policy_like,HCLTECH,raw_synthetic_l2_dense_full_year\trade_month=2026-06\symbol=HCLTECH\part-00000.parquet,2026-06,900,1800,1788358949,1788361649,1784020475,1791494457,1,16309616,33
P325_SYNTH_EVENT_037_20260902,2026-09-02T20:07:29+05:30,synthetic_calendar_rbi_policy_like,HDFCBANK,raw_synthetic_l2_dense_full_year\trade_month=2026-03\symbol=HDFCBANK\part-00000.parquet,2026-03,900,1800,1788358949,1788361649,1784020475,1791478957,1,16303665,33
P325_SYNTH_EVENT_037_20260902,2026-09-02T20:07:29+05:30,synthetic_calendar_rbi_policy_like,HINDUNILVR,raw_synthetic_l2_dense_full_year\trade_month=2026-06\symbol=HINDUNILVR\part-00000.parquet,2026-06,900,1800,1788358949,1788361649,1784020475,1791483457,1,16315566,33
P325_SYNTH_EVENT_037_20260902,2026-09-02T20:07:29+05:30,synthetic_calendar_rbi_policy_like,ICICIBANK,raw_synthetic_l2_dense_full_year\trade_month=2026-06\symbol=ICICIBANK\part-00000.parquet,2026-06,900,1800,1788358949,1788361649,1784020475,1791481457,1,16325483,33
P325_SYNTH_EVENT_037_20260902,2026-09-02T20:07:29+05:30,synthetic_calendar_rbi_policy_like,INFY,raw_synthetic_l2_dense_full_year\trade_month=2026-09\symbol=INFY\part-00000.parquet,2026-09,900,1800,1788358949,1788361649,1784020475,1791479957,1,16309616,33
P325_SYNTH_EVENT_037_20260902,2026-09-02T20:07:29+05:30,synthetic_calendar_rbi_policy_like,ITBEES,raw_synthetic_l2_dense_full_year\trade_month=2026-03\symbol=ITBEES\part-00000.parquet,2026-03,900,1800,1788358949,1788361649,1784020475,1791482006,1,16283831,33
P325_SYNTH_EVENT_037_20260902,2026-09-02T20:07:29+05:30,synthetic_calendar_rbi_policy_like,ITC,raw_synthetic_l2_dense_full_year\trade_month=2026-06\symbol=ITC\part-00000.parquet,2026-06,900,1800,1788358949,1788361649,1784020475,1791488957,1,16323500,33
P325_SYNTH_EVENT_037_20260902,2026-09-02T20:07:29+05:30,synthetic_calendar_rbi_policy_like,JUNIORBEES,raw_synthetic_l2_dense_full_year\trade_month=2026-06\symbol=JUNIORBEES\part-00000.parquet,2026-06,900,1800,1788358949,1788361649,1784020475,1791500957,1,16301682,33
P325_SYNTH_EVENT_037_20260902,2026-09-02T20:07:29+05:30,synthetic_calendar_rbi_policy_like,KOTAKBANK,raw_synthetic_l2_dense_full_year\trade_month=2026-06\symbol=KOTAKBANK\part-00000.parquet,2026-06,900,1800,1788358949,1788361649,1784020475,1791483207,1,16317549,33
P325_SYNTH_EVENT_037_20260902,2026-09-02T20:07:29+05:30,synthetic_calendar_rbi_policy_like,LT,raw_synthetic_l2_dense_full_year\trade_month=2026-09\symbol=LT\part-00000.parquet,2026-09,900,1800,1788358949,1788361649,1784020475,1791478957,1,16321516,33
P325_SYNTH_EVENT_037_20260902,2026-09-02T20:07:29+05:30,synthetic_calendar_rbi_policy_like,M&M,raw_synthetic_l2_dense_full_year\trade_month=2026-09\symbol=M&M\part-00000.parquet,2026-09,900,1800,1788358949,1788361649,1784020475,1791482457,1,16307632,33
P325_SYNTH_EVENT_037_20260902,2026-09-02T20:07:29+05:30,synthetic_calendar_rbi_policy_like,MARUTI,raw_synthetic_l2_dense_full_year\trade_month=2026-03\symbol=MARUTI\part-00000.parquet,2026-03,900,1800,1788358949,1788361649,1784020475,1791495457,1,16313583,33
P325_SYNTH_EVENT_037_20260902,2026-09-02T20:07:29+05:30,synthetic_calendar_rbi_policy_like,NESTLEIND,raw_synthetic_l2_dense_full_year\trade_month=2026-06\symbol=NESTLEIND\part-00000.parquet,2026-06,900,1800,1788358949,1788361649,1784020475,1791481957,1,16331433,33
P325_SYNTH_EVENT_037_20260902,2026-09-02T20:07:29+05:30,synthetic_calendar_rbi_policy_like,NIFTYBEES,raw_synthetic_l2_dense_full_year\trade_month=2026-06\symbol=NIFTYBEES\part-00000.parquet,2026-06,900,1800,1788358949,1788361649,1784020475,1791483457,1,16331433,33
P325_SYNTH_EVENT_037_20260902,2026-09-02T20:07:29+05:30,synthetic_calendar_rbi_policy_like,ONGC,raw_synthetic_l2_dense_full_year\trade_month=2026-09\symbol=ONGC\part-00000.parquet,2026-09,900,1800,1788358949,1788361649,1784020475,1791480957,1,16313583,33
P325_SYNTH_EVENT_037_20260902,2026-09-02T20:07:29+05:30,synthetic_calendar_rbi_policy_like,RELIANCE,raw_synthetic_l2_dense_full_year\trade_month=2026-03\symbol=RELIANCE\part-00000.parquet,2026-03,900,1800,1788358949,1788361649,1784020475,1791482957,1,16309616,33
P325_SYNTH_EVENT_037_20260902,2026-09-02T20:07:29+05:30,synthetic_calendar_rbi_policy_like,SBIN,raw_synthetic_l2_dense_full_year\trade_month=2026-06\symbol=SBIN\part-00000.parquet,2026-06,900,1800,1788358949,1788361649,1784020475,1791494457,1,16285815,33
P325_SYNTH_EVENT_037_20260902,2026-09-02T20:07:29+05:30,synthetic_calendar_rbi_policy_like,SUNPHARMA,raw_synthetic_l2_dense_full_year\trade_month=2026-03\symbol=SUNPHARMA\part-00000.parquet,2026-03,900,1800,1788358949,1788361649,1784020375,1791486707,1,16303665,33
P325_SYNTH_EVENT_037_20260902,2026-09-02T20:07:29+05:30,synthetic_calendar_rbi_policy_like,TCS,raw_synthetic_l2_dense_full_year\trade_month=2026-09\symbol=TCS\part-00000.parquet,2026-09,900,1800,1788358949,1788361649,1784020475,1791498957,1,16327466,33
P325_SYNTH_EVENT_037_20260902,2026-09-02T20:07:29+05:30,synthetic_calendar_rbi_policy_like,TECHM,raw_synthetic_l2_dense_full_year\trade_month=2026-09\symbol=TECHM\part-00000.parquet,2026-09,900,1800,1788358949,1788361649,1784020475,1791482457,1,16291765,33
P325_SYNTH_EVENT_037_20260902,2026-09-02T20:07:29+05:30,synthetic_calendar_rbi_policy_like,ULTRACEMCO,raw_synthetic_l2_dense_full_year\trade_month=2026-06\symbol=ULTRACEMCO\part-00000.parquet,2026-06,900,1800,1788358949,1788361649,1784020475,1791495457,1,16319533,33
P325_SYNTH_EVENT_037_20260902,2026-09-02T20:07:29+05:30,synthetic_calendar_rbi_policy_like,WIPRO,raw_synthetic_l2_dense_full_year\trade_month=2026-03\symbol=WIPRO\part-00000.parquet,2026-03,900,1800,1788358949,1788361649,1784020475,1791485457,1,16319533,33
P325_SYNTH_EVENT_038_20260903,2026-09-03T16:22:29+05:30,synthetic_calendar_rbi_policy_like,ADANIPORTS,raw_synthetic_l2_dense_full_year\trade_month=2026-06\symbol=ADANIPORTS\part-00000.parquet,2026-06,900,1800,1788431849,1788434549,1784020475,1791482707,1,16301682,33
P325_SYNTH_EVENT_038_20260903,2026-09-03T16:22:29+05:30,synthetic_calendar_rbi_policy_like,AXISBANK,raw_synthetic_l2_dense_full_year\trade_month=2026-09\symbol=AXISBANK\part-00000.parquet,2026-09,900,1800,1788431849,1788434549,1784020475,1791489457,1,16315566,33
P325_SYNTH_EVENT_038_20260903,2026-09-03T16:22:29+05:30,synthetic_calendar_rbi_policy_like,BAJAJ-AUTO,raw_synthetic_l2_dense_full_year\trade_month=2026-03\symbol=BAJAJ-AUTO\part-00000.parquet,2026-03,900,1800,1788431849,1788434549,1784020475,1791485457,1,16305649,33
P325_SYNTH_EVENT_038_20260903,2026-09-03T16:22:29+05:30,synthetic_calendar_rbi_policy_like,BANKBEES,raw_synthetic_l2_dense_full_year\trade_month=2026-03\symbol=BANKBEES\part-00000.parquet,2026-03,900,1800,1788431849,1788434549,1784020475,1791487957,1,16313583,33
P325_SYNTH_EVENT_038_20260903,2026-09-03T16:22:29+05:30,synthetic_calendar_rbi_policy_like,BHARTIARTL,raw_synthetic_l2_dense_full_year\trade_month=2026-03\symbol=BHARTIARTL\part-00000.parquet,2026-03,900,1800,1788431849,1788434549,1784020475,1791489957,1,16315566,33
P325_SYNTH_EVENT_038_20260903,2026-09-03T16:22:29+05:30,synthetic_calendar_rbi_policy_like,BPCL,raw_synthetic_l2_dense_full_year\trade_month=2026-09\symbol=BPCL\part-00000.parquet,2026-09,900,1800,1788431849,1788434549,1784020475,1791493457,1,16335400,33
P325_SYNTH_EVENT_038_20260903,2026-09-03T16:22:29+05:30,synthetic_calendar_rbi_policy_like,BRITANNIA,raw_synthetic_l2_dense_full_year\trade_month=2026-09\symbol=BRITANNIA\part-00000.parquet,2026-09,900,1800,1788431849,1788434549,1784020475,1791484457,1,16329450,33
P325_SYNTH_EVENT_038_20260903,2026-09-03T16:22:29+05:30,synthetic_calendar_rbi_policy_like,CIPLA,raw_synthetic_l2_dense_full_year\trade_month=2026-03\symbol=CIPLA\part-00000.parquet,2026-03,900,1800,1788431849,1788434549,1784020264,1791506457,1,16327466,33
P325_SYNTH_EVENT_038_20260903,2026-09-03T16:22:29+05:30,synthetic_calendar_rbi_policy_like,DRREDDY,raw_synthetic_l2_dense_full_year\trade_month=2026-06\symbol=DRREDDY\part-00000.parquet,2026-06,900,1800,1788431849,1788434549,1784020475,1791492457,1,16293748,33
P325_SYNTH_EVENT_038_20260903,2026-09-03T16:22:29+05:30,synthetic_calendar_rbi_policy_like,GOLDBEES,raw_synthetic_l2_dense_full_year\trade_month=2026-06\symbol=GOLDBEES\part-00000.parquet,2026-06,900,1800,1788431849,1788434549,1784020475,1791489957,1,16301682,33
P325_SYNTH_EVENT_038_20260903,2026-09-03T16:22:29+05:30,synthetic_calendar_rbi_policy_like,HCLTECH,raw_synthetic_l2_dense_full_year\trade_month=2026-06\symbol=HCLTECH\part-00000.parquet,2026-06,900,1800,1788431849,1788434549,1784020475,1791494457,1,16309616,33
P325_SYNTH_EVENT_038_20260903,2026-09-03T16:22:29+05:30,synthetic_calendar_rbi_policy_like,HDFCBANK,raw_synthetic_l2_dense_full_year\trade_month=2026-03\symbol=HDFCBANK\part-00000.parquet,2026-03,900,1800,1788431849,1788434549,1784020475,1791478957,1,16303665,33
P325_SYNTH_EVENT_038_20260903,2026-09-03T16:22:29+05:30,synthetic_calendar_rbi_policy_like,HINDUNILVR,raw_synthetic_l2_dense_full_year\trade_month=2026-06\symbol=HINDUNILVR\part-00000.parquet,2026-06,900,1800,1788431849,1788434549,1784020475,1791483457,1,16315566,33
P325_SYNTH_EVENT_038_20260903,2026-09-03T16:22:29+05:30,synthetic_calendar_rbi_policy_like,ICICIBANK,raw_synthetic_l2_dense_full_year\trade_month=2026-06\symbol=ICICIBANK\part-00000.parquet,2026-06,900,1800,1788431849,1788434549,1784020475,1791481457,1,16325483,33
P325_SYNTH_EVENT_038_20260903,2026-09-03T16:22:29+05:30,synthetic_calendar_rbi_policy_like,INFY,raw_synthetic_l2_dense_full_year\trade_month=2026-09\symbol=INFY\part-00000.parquet,2026-09,900,1800,1788431849,1788434549,1784020475,1791479957,1,16309616,33
P325_SYNTH_EVENT_038_20260903,2026-09-03T16:22:29+05:30,synthetic_calendar_rbi_policy_like,ITBEES,raw_synthetic_l2_dense_full_year\trade_month=2026-03\symbol=ITBEES\part-00000.parquet,2026-03,900,1800,1788431849,1788434549,1784020475,1791482006,1,16283831,33
P325_SYNTH_EVENT_038_20260903,2026-09-03T16:22:29+05:30,synthetic_calendar_rbi_policy_like,ITC,raw_synthetic_l2_dense_full_year\trade_month=2026-06\symbol=ITC\part-00000.parquet,2026-06,900,1800,1788431849,1788434549,1784020475,1791488957,1,16323500,33
P325_SYNTH_EVENT_038_20260903,2026-09-03T16:22:29+05:30,synthetic_calendar_rbi_policy_like,JUNIORBEES,raw_synthetic_l2_dense_full_year\trade_month=2026-06\symbol=JUNIORBEES\part-00000.parquet,2026-06,900,1800,1788431849,1788434549,1784020475,1791500957,1,16301682,33
P325_SYNTH_EVENT_038_20260903,2026-09-03T16:22:29+05:30,synthetic_calendar_rbi_policy_like,KOTAKBANK,raw_synthetic_l2_dense_full_year\trade_month=2026-06\symbol=KOTAKBANK\part-00000.parquet,2026-06,900,1800,1788431849,1788434549,1784020475,1791483207,1,16317549,33
P325_SYNTH_EVENT_038_20260903,2026-09-03T16:22:29+05:30,synthetic_calendar_rbi_policy_like,LT,raw_synthetic_l2_dense_full_year\trade_month=2026-09\symbol=LT\part-00000.parquet,2026-09,900,1800,1788431849,1788434549,1784020475,1791478957,1,16321516,33
P325_SYNTH_EVENT_038_20260903,2026-09-03T16:22:29+05:30,synthetic_calendar_rbi_policy_like,M&M,raw_synthetic_l2_dense_full_year\trade_month=2026-09\symbol=M&M\part-00000.parquet,2026-09,900,1800,1788431849,1788434549,1784020475,1791482457,1,16307632,33
P325_SYNTH_EVENT_038_20260903,2026-09-03T16:22:29+05:30,synthetic_calendar_rbi_policy_like,MARUTI,raw_synthetic_l2_dense_full_year\trade_month=2026-03\symbol=MARUTI\part-00000.parquet,2026-03,900,1800,1788431849,1788434549,1784020475,1791495457,1,16313583,33
P325_SYNTH_EVENT_038_20260903,2026-09-03T16:22:29+05:30,synthetic_calendar_rbi_policy_like,NESTLEIND,raw_synthetic_l2_dense_full_year\trade_month=2026-06\symbol=NESTLEIND\part-00000.parquet,2026-06,900,1800,1788431849,1788434549,1784020475,1791481957,1,16331433,33
P325_SYNTH_EVENT_038_20260903,2026-09-03T16:22:29+05:30,synthetic_calendar_rbi_policy_like,NIFTYBEES,raw_synthetic_l2_dense_full_year\trade_month=2026-06\symbol=NIFTYBEES\part-00000.parquet,2026-06,900,1800,1788431849,1788434549,1784020475,1791483457,1,16331433,33
P325_SYNTH_EVENT_038_20260903,2026-09-03T16:22:29+05:30,synthetic_calendar_rbi_policy_like,ONGC,raw_synthetic_l2_dense_full_year\trade_month=2026-09\symbol=ONGC\part-00000.parquet,2026-09,900,1800,1788431849,1788434549,1784020475,1791480957,1,16313583,33
P325_SYNTH_EVENT_038_20260903,2026-09-03T16:22:29+05:30,synthetic_calendar_rbi_policy_like,RELIANCE,raw_synthetic_l2_dense_full_year\trade_month=2026-03\symbol=RELIANCE\part-00000.parquet,2026-03,900,1800,1788431849,1788434549,1784020475,1791482957,1,16309616,33
P325_SYNTH_EVENT_038_20260903,2026-09-03T16:22:29+05:30,synthetic_calendar_rbi_policy_like,SBIN,raw_synthetic_l2_dense_full_year\trade_month=2026-06\symbol=SBIN\part-00000.parquet,2026-06,900,1800,1788431849,1788434549,1784020475,1791494457,1,16285815,33
P325_SYNTH_EVENT_038_20260903,2026-09-03T16:22:29+05:30,synthetic_calendar_rbi_policy_like,SUNPHARMA,raw_synthetic_l2_dense_full_year\trade_month=2026-03\symbol=SUNPHARMA\part-00000.parquet,2026-03,900,1800,1788431849,1788434549,1784020375,1791486707,1,16303665,33
P325_SYNTH_EVENT_038_20260903,2026-09-03T16:22:29+05:30,synthetic_calendar_rbi_policy_like,TCS,raw_synthetic_l2_dense_full_year\trade_month=2026-09\symbol=TCS\part-00000.parquet,2026-09,900,1800,1788431849,1788434549,1784020475,1791498957,1,16327466,33
P325_SYNTH_EVENT_038_20260903,2026-09-03T16:22:29+05:30,synthetic_calendar_rbi_policy_like,TECHM,raw_synthetic_l2_dense_full_year\trade_month=2026-09\symbol=TECHM\part-00000.parquet,2026-09,900,1800,1788431849,1788434549,1784020475,1791482457,1,16291765,33
P325_SYNTH_EVENT_038_20260903,2026-09-03T16:22:29+05:30,synthetic_calendar_rbi_policy_like,ULTRACEMCO,raw_synthetic_l2_dense_full_year\trade_month=2026-06\symbol=ULTRACEMCO\part-00000.parquet,2026-06,900,1800,1788431849,1788434549,1784020475,1791495457,1,16319533,33
P325_SYNTH_EVENT_038_20260903,2026-09-03T16:22:29+05:30,synthetic_calendar_rbi_policy_like,WIPRO,raw_synthetic_l2_dense_full_year\trade_month=2026-03\symbol=WIPRO\part-00000.parquet,2026-03,900,1800,1788431849,1788434549,1784020475,1791485457,1,16319533,33
P325_SYNTH_EVENT_039_20260904,2026-09-04T17:07:29+05:30,synthetic_calendar_rbi_policy_like,ADANIPORTS,raw_synthetic_l2_dense_full_year\trade_month=2026-06\symbol=ADANIPORTS\part-00000.parquet,2026-06,900,1800,1788520949,1788523649,1784020475,1791482707,1,16301682,33
P325_SYNTH_EVENT_039_20260904,2026-09-04T17:07:29+05:30,synthetic_calendar_rbi_policy_like,AXISBANK,raw_synthetic_l2_dense_full_year\trade_month=2026-09\symbol=AXISBANK\part-00000.parquet,2026-09,900,1800,1788520949,1788523649,1784020475,1791489457,1,16315566,33
P325_SYNTH_EVENT_039_20260904,2026-09-04T17:07:29+05:30,synthetic_calendar_rbi_policy_like,BAJAJ-AUTO,raw_synthetic_l2_dense_full_year\trade_month=2026-03\symbol=BAJAJ-AUTO\part-00000.parquet,2026-03,900,1800,1788520949,1788523649,1784020475,1791485457,1,16305649,33
P325_SYNTH_EVENT_039_20260904,2026-09-04T17:07:29+05:30,synthetic_calendar_rbi_policy_like,BANKBEES,raw_synthetic_l2_dense_full_year\trade_month=2026-03\symbol=BANKBEES\part-00000.parquet,2026-03,900,1800,1788520949,1788523649,1784020475,1791487957,1,16313583,33
P325_SYNTH_EVENT_039_20260904,2026-09-04T17:07:29+05:30,synthetic_calendar_rbi_policy_like,BHARTIARTL,raw_synthetic_l2_dense_full_year\trade_month=2026-03\symbol=BHARTIARTL\part-00000.parquet,2026-03,900,1800,1788520949,1788523649,1784020475,1791489957,1,16315566,33
P325_SYNTH_EVENT_039_20260904,2026-09-04T17:07:29+05:30,synthetic_calendar_rbi_policy_like,BPCL,raw_synthetic_l2_dense_full_year\trade_month=2026-09\symbol=BPCL\part-00000.parquet,2026-09,900,1800,1788520949,1788523649,1784020475,1791493457,1,16335400,33
P325_SYNTH_EVENT_039_20260904,2026-09-04T17:07:29+05:30,synthetic_calendar_rbi_policy_like,BRITANNIA,raw_synthetic_l2_dense_full_year\trade_month=2026-09\symbol=BRITANNIA\part-00000.parquet,2026-09,900,1800,1788520949,1788523649,1784020475,1791484457,1,16329450,33
P325_SYNTH_EVENT_039_20260904,2026-09-04T17:07:29+05:30,synthetic_calendar_rbi_policy_like,CIPLA,raw_synthetic_l2_dense_full_year\trade_month=2026-03\symbol=CIPLA\part-00000.parquet,2026-03,900,1800,1788520949,1788523649,1784020264,1791506457,1,16327466,33
P325_SYNTH_EVENT_039_20260904,2026-09-04T17:07:29+05:30,synthetic_calendar_rbi_policy_like,DRREDDY,raw_synthetic_l2_dense_full_year\trade_month=2026-06\symbol=DRREDDY\part-00000.parquet,2026-06,900,1800,1788520949,1788523649,1784020475,1791492457,1,16293748,33
P325_SYNTH_EVENT_039_20260904,2026-09-04T17:07:29+05:30,synthetic_calendar_rbi_policy_like,GOLDBEES,raw_synthetic_l2_dense_full_year\trade_month=2026-06\symbol=GOLDBEES\part-00000.parquet,2026-06,900,1800,1788520949,1788523649,1784020475,1791489957,1,16301682,33
P325_SYNTH_EVENT_039_20260904,2026-09-04T17:07:29+05:30,synthetic_calendar_rbi_policy_like,HCLTECH,raw_synthetic_l2_dense_full_year\trade_month=2026-06\symbol=HCLTECH\part-00000.parquet,2026-06,900,1800,1788520949,1788523649,1784020475,1791494457,1,16309616,33
P325_SYNTH_EVENT_039_20260904,2026-09-04T17:07:29+05:30,synthetic_calendar_rbi_policy_like,HDFCBANK,raw_synthetic_l2_dense_full_year\trade_month=2026-03\symbol=HDFCBANK\part-00000.parquet,2026-03,900,1800,1788520949,1788523649,1784020475,1791478957,1,16303665,33
P325_SYNTH_EVENT_039_20260904,2026-09-04T17:07:29+05:30,synthetic_calendar_rbi_policy_like,HINDUNILVR,raw_synthetic_l2_dense_full_year\trade_month=2026-06\symbol=HINDUNILVR\part-00000.parquet,2026-06,900,1800,1788520949,1788523649,1784020475,1791483457,1,16315566,33
P325_SYNTH_EVENT_039_20260904,2026-09-04T17:07:29+05:30,synthetic_calendar_rbi_policy_like,ICICIBANK,raw_synthetic_l2_dense_full_year\trade_month=2026-06\symbol=ICICIBANK\part-00000.parquet,2026-06,900,1800,1788520949,1788523649,1784020475,1791481457,1,16325483,33
P325_SYNTH_EVENT_039_20260904,2026-09-04T17:07:29+05:30,synthetic_calendar_rbi_policy_like,INFY,raw_synthetic_l2_dense_full_year\trade_month=2026-09\symbol=INFY\part-00000.parquet,2026-09,900,1800,1788520949,1788523649,1784020475,1791479957,1,16309616,33
P325_SYNTH_EVENT_039_20260904,2026-09-04T17:07:29+05:30,synthetic_calendar_rbi_policy_like,ITBEES,raw_synthetic_l2_dense_full_year\trade_month=2026-03\symbol=ITBEES\part-00000.parquet,2026-03,900,1800,1788520949,1788523649,1784020475,1791482006,1,16283831,33
P325_SYNTH_EVENT_039_20260904,2026-09-04T17:07:29+05:30,synthetic_calendar_rbi_policy_like,ITC,raw_synthetic_l2_dense_full_year\trade_month=2026-06\symbol=ITC\part-00000.parquet,2026-06,900,1800,1788520949,1788523649,1784020475,1791488957,1,16323500,33
P325_SYNTH_EVENT_039_20260904,2026-09-04T17:07:29+05:30,synthetic_calendar_rbi_policy_like,JUNIORBEES,raw_synthetic_l2_dense_full_year\trade_month=2026-06\symbol=JUNIORBEES\part-00000.parquet,2026-06,900,1800,1788520949,1788523649,1784020475,1791500957,1,16301682,33
P325_SYNTH_EVENT_039_20260904,2026-09-04T17:07:29+05:30,synthetic_calendar_rbi_policy_like,KOTAKBANK,raw_synthetic_l2_dense_full_year\trade_month=2026-06\symbol=KOTAKBANK\part-00000.parquet,2026-06,900,1800,1788520949,1788523649,1784020475,1791483207,1,16317549,33
P325_SYNTH_EVENT_039_20260904,2026-09-04T17:07:29+05:30,synthetic_calendar_rbi_policy_like,LT,raw_synthetic_l2_dense_full_year\trade_month=2026-09\symbol=LT\part-00000.parquet,2026-09,900,1800,1788520949,1788523649,1784020475,1791478957,1,16321516,33
P325_SYNTH_EVENT_039_20260904,2026-09-04T17:07:29+05:30,synthetic_calendar_rbi_policy_like,M&M,raw_synthetic_l2_dense_full_year\trade_month=2026-09\symbol=M&M\part-00000.parquet,2026-09,900,1800,1788520949,1788523649,1784020475,1791482457,1,16307632,33
P325_SYNTH_EVENT_039_20260904,2026-09-04T17:07:29+05:30,synthetic_calendar_rbi_policy_like,MARUTI,raw_synthetic_l2_dense_full_year\trade_month=2026-03\symbol=MARUTI\part-00000.parquet,2026-03,900,1800,1788520949,1788523649,1784020475,1791495457,1,16313583,33
P325_SYNTH_EVENT_039_20260904,2026-09-04T17:07:29+05:30,synthetic_calendar_rbi_policy_like,NESTLEIND,raw_synthetic_l2_dense_full_year\trade_month=2026-06\symbol=NESTLEIND\part-00000.parquet,2026-06,900,1800,1788520949,1788523649,1784020475,1791481957,1,16331433,33
P325_SYNTH_EVENT_039_20260904,2026-09-04T17:07:29+05:30,synthetic_calendar_rbi_policy_like,NIFTYBEES,raw_synthetic_l2_dense_full_year\trade_month=2026-06\symbol=NIFTYBEES\part-00000.parquet,2026-06,900,1800,1788520949,1788523649,1784020475,1791483457,1,16331433,33
P325_SYNTH_EVENT_039_20260904,2026-09-04T17:07:29+05:30,synthetic_calendar_rbi_policy_like,ONGC,raw_synthetic_l2_dense_full_year\trade_month=2026-09\symbol=ONGC\part-00000.parquet,2026-09,900,1800,1788520949,1788523649,1784020475,1791480957,1,16313583,33
P325_SYNTH_EVENT_039_20260904,2026-09-04T17:07:29+05:30,synthetic_calendar_rbi_policy_like,RELIANCE,raw_synthetic_l2_dense_full_year\trade_month=2026-03\symbol=RELIANCE\part-00000.parquet,2026-03,900,1800,1788520949,1788523649,1784020475,1791482957,1,16309616,33
P325_SYNTH_EVENT_039_20260904,2026-09-04T17:07:29+05:30,synthetic_calendar_rbi_policy_like,SBIN,raw_synthetic_l2_dense_full_year\trade_month=2026-06\symbol=SBIN\part-00000.parquet,2026-06,900,1800,1788520949,1788523649,1784020475,1791494457,1,16285815,33
P325_SYNTH_EVENT_039_20260904,2026-09-04T17:07:29+05:30,synthetic_calendar_rbi_policy_like,SUNPHARMA,raw_synthetic_l2_dense_full_year\trade_month=2026-03\symbol=SUNPHARMA\part-00000.parquet,2026-03,900,1800,1788520949,1788523649,1784020375,1791486707,1,16303665,33
P325_SYNTH_EVENT_039_20260904,2026-09-04T17:07:29+05:30,synthetic_calendar_rbi_policy_like,TCS,raw_synthetic_l2_dense_full_year\trade_month=2026-09\symbol=TCS\part-00000.parquet,2026-09,900,1800,1788520949,1788523649,1784020475,1791498957,1,16327466,33
P325_SYNTH_EVENT_039_20260904,2026-09-04T17:07:29+05:30,synthetic_calendar_rbi_policy_like,TECHM,raw_synthetic_l2_dense_full_year\trade_month=2026-09\symbol=TECHM\part-00000.parquet,2026-09,900,1800,1788520949,1788523649,1784020475,1791482457,1,16291765,33
P325_SYNTH_EVENT_039_20260904,2026-09-04T17:07:29+05:30,synthetic_calendar_rbi_policy_like,ULTRACEMCO,raw_synthetic_l2_dense_full_year\trade_month=2026-06\symbol=ULTRACEMCO\part-00000.parquet,2026-06,900,1800,1788520949,1788523649,1784020475,1791495457,1,16319533,33
P325_SYNTH_EVENT_039_20260904,2026-09-04T17:07:29+05:30,synthetic_calendar_rbi_policy_like,WIPRO,raw_synthetic_l2_dense_full_year\trade_month=2026-03\symbol=WIPRO\part-00000.parquet,2026-03,900,1800,1788520949,1788523649,1784020475,1791485457,1,16319533,33
P325_SYNTH_EVENT_040_20260907,2026-09-07T20:07:29+05:30,synthetic_calendar_rbi_policy_like,ADANIPORTS,raw_synthetic_l2_dense_full_year\trade_month=2026-06\symbol=ADANIPORTS\part-00000.parquet,2026-06,900,1800,1788790949,1788793649,1784020475,1791482707,1,16301682,33
P325_SYNTH_EVENT_040_20260907,2026-09-07T20:07:29+05:30,synthetic_calendar_rbi_policy_like,AXISBANK,raw_synthetic_l2_dense_full_year\trade_month=2026-09\symbol=AXISBANK\part-00000.parquet,2026-09,900,1800,1788790949,1788793649,1784020475,1791489457,1,16315566,33
P325_SYNTH_EVENT_040_20260907,2026-09-07T20:07:29+05:30,synthetic_calendar_rbi_policy_like,BAJAJ-AUTO,raw_synthetic_l2_dense_full_year\trade_month=2026-03\symbol=BAJAJ-AUTO\part-00000.parquet,2026-03,900,1800,1788790949,1788793649,1784020475,1791485457,1,16305649,33
P325_SYNTH_EVENT_040_20260907,2026-09-07T20:07:29+05:30,synthetic_calendar_rbi_policy_like,BANKBEES,raw_synthetic_l2_dense_full_year\trade_month=2026-03\symbol=BANKBEES\part-00000.parquet,2026-03,900,1800,1788790949,1788793649,1784020475,1791487957,1,16313583,33
P325_SYNTH_EVENT_040_20260907,2026-09-07T20:07:29+05:30,synthetic_calendar_rbi_policy_like,BHARTIARTL,raw_synthetic_l2_dense_full_year\trade_month=2026-03\symbol=BHARTIARTL\part-00000.parquet,2026-03,900,1800,1788790949,1788793649,1784020475,1791489957,1,16315566,33
P325_SYNTH_EVENT_040_20260907,2026-09-07T20:07:29+05:30,synthetic_calendar_rbi_policy_like,BPCL,raw_synthetic_l2_dense_full_year\trade_month=2026-09\symbol=BPCL\part-00000.parquet,2026-09,900,1800,1788790949,1788793649,1784020475,1791493457,1,16335400,33
P325_SYNTH_EVENT_040_20260907,2026-09-07T20:07:29+05:30,synthetic_calendar_rbi_policy_like,BRITANNIA,raw_synthetic_l2_dense_full_year\trade_month=2026-09\symbol=BRITANNIA\part-00000.parquet,2026-09,900,1800,1788790949,1788793649,1784020475,1791484457,1,16329450,33
P325_SYNTH_EVENT_040_20260907,2026-09-07T20:07:29+05:30,synthetic_calendar_rbi_policy_like,CIPLA,raw_synthetic_l2_dense_full_year\trade_month=2026-03\symbol=CIPLA\part-00000.parquet,2026-03,900,1800,1788790949,1788793649,1784020264,1791506457,1,16327466,33
P325_SYNTH_EVENT_040_20260907,2026-09-07T20:07:29+05:30,synthetic_calendar_rbi_policy_like,DRREDDY,raw_synthetic_l2_dense_full_year\trade_month=2026-06\symbol=DRREDDY\part-00000.parquet,2026-06,900,1800,1788790949,1788793649,1784020475,1791492457,1,16293748,33
P325_SYNTH_EVENT_040_20260907,2026-09-07T20:07:29+05:30,synthetic_calendar_rbi_policy_like,GOLDBEES,raw_synthetic_l2_dense_full_year\trade_month=2026-06\symbol=GOLDBEES\part-00000.parquet,2026-06,900,1800,1788790949,1788793649,1784020475,1791489957,1,16301682,33
P325_SYNTH_EVENT_040_20260907,2026-09-07T20:07:29+05:30,synthetic_calendar_rbi_policy_like,HCLTECH,raw_synthetic_l2_dense_full_year\trade_month=2026-06\symbol=HCLTECH\part-00000.parquet,2026-06,900,1800,1788790949,1788793649,1784020475,1791494457,1,16309616,33
P325_SYNTH_EVENT_040_20260907,2026-09-07T20:07:29+05:30,synthetic_calendar_rbi_policy_like,HDFCBANK,raw_synthetic_l2_dense_full_year\trade_month=2026-03\symbol=HDFCBANK\part-00000.parquet,2026-03,900,1800,1788790949,1788793649,1784020475,1791478957,1,16303665,33
P325_SYNTH_EVENT_040_20260907,2026-09-07T20:07:29+05:30,synthetic_calendar_rbi_policy_like,HINDUNILVR,raw_synthetic_l2_dense_full_year\trade_month=2026-06\symbol=HINDUNILVR\part-00000.parquet,2026-06,900,1800,1788790949,1788793649,1784020475,1791483457,1,16315566,33
P325_SYNTH_EVENT_040_20260907,2026-09-07T20:07:29+05:30,synthetic_calendar_rbi_policy_like,ICICIBANK,raw_synthetic_l2_dense_full_year\trade_month=2026-06\symbol=ICICIBANK\part-00000.parquet,2026-06,900,1800,1788790949,1788793649,1784020475,1791481457,1,16325483,33
P325_SYNTH_EVENT_040_20260907,2026-09-07T20:07:29+05:30,synthetic_calendar_rbi_policy_like,INFY,raw_synthetic_l2_dense_full_year\trade_month=2026-09\symbol=INFY\part-00000.parquet,2026-09,900,1800,1788790949,1788793649,1784020475,1791479957,1,16309616,33
P325_SYNTH_EVENT_040_20260907,2026-09-07T20:07:29+05:30,synthetic_calendar_rbi_policy_like,ITBEES,raw_synthetic_l2_dense_full_year\trade_month=2026-03\symbol=ITBEES\part-00000.parquet,2026-03,900,1800,1788790949,1788793649,1784020475,1791482006,1,16283831,33
P325_SYNTH_EVENT_040_20260907,2026-09-07T20:07:29+05:30,synthetic_calendar_rbi_policy_like,ITC,raw_synthetic_l2_dense_full_year\trade_month=2026-06\symbol=ITC\part-00000.parquet,2026-06,900,1800,1788790949,1788793649,1784020475,1791488957,1,16323500,33
P325_SYNTH_EVENT_040_20260907,2026-09-07T20:07:29+05:30,synthetic_calendar_rbi_policy_like,JUNIORBEES,raw_synthetic_l2_dense_full_year\trade_month=2026-06\symbol=JUNIORBEES\part-00000.parquet,2026-06,900,1800,1788790949,1788793649,1784020475,1791500957,1,16301682,33
P325_SYNTH_EVENT_040_20260907,2026-09-07T20:07:29+05:30,synthetic_calendar_rbi_policy_like,KOTAKBANK,raw_synthetic_l2_dense_full_year\trade_month=2026-06\symbol=KOTAKBANK\part-00000.parquet,2026-06,900,1800,1788790949,1788793649,1784020475,1791483207,1,16317549,33
P325_SYNTH_EVENT_040_20260907,2026-09-07T20:07:29+05:30,synthetic_calendar_rbi_policy_like,LT,raw_synthetic_l2_dense_full_year\trade_month=2026-09\symbol=LT\part-00000.parquet,2026-09,900,1800,1788790949,1788793649,1784020475,1791478957,1,16321516,33
P325_SYNTH_EVENT_040_20260907,2026-09-07T20:07:29+05:30,synthetic_calendar_rbi_policy_like,M&M,raw_synthetic_l2_dense_full_year\trade_month=2026-09\symbol=M&M\part-00000.parquet,2026-09,900,1800,1788790949,1788793649,1784020475,1791482457,1,16307632,33
P325_SYNTH_EVENT_040_20260907,2026-09-07T20:07:29+05:30,synthetic_calendar_rbi_policy_like,MARUTI,raw_synthetic_l2_dense_full_year\trade_month=2026-03\symbol=MARUTI\part-00000.parquet,2026-03,900,1800,1788790949,1788793649,1784020475,1791495457,1,16313583,33
P325_SYNTH_EVENT_040_20260907,2026-09-07T20:07:29+05:30,synthetic_calendar_rbi_policy_like,NESTLEIND,raw_synthetic_l2_dense_full_year\trade_month=2026-06\symbol=NESTLEIND\part-00000.parquet,2026-06,900,1800,1788790949,1788793649,1784020475,1791481957,1,16331433,33
P325_SYNTH_EVENT_040_20260907,2026-09-07T20:07:29+05:30,synthetic_calendar_rbi_policy_like,NIFTYBEES,raw_synthetic_l2_dense_full_year\trade_month=2026-06\symbol=NIFTYBEES\part-00000.parquet,2026-06,900,1800,1788790949,1788793649,1784020475,1791483457,1,16331433,33
P325_SYNTH_EVENT_040_20260907,2026-09-07T20:07:29+05:30,synthetic_calendar_rbi_policy_like,ONGC,raw_synthetic_l2_dense_full_year\trade_month=2026-09\symbol=ONGC\part-00000.parquet,2026-09,900,1800,1788790949,1788793649,1784020475,1791480957,1,16313583,33
P325_SYNTH_EVENT_040_20260907,2026-09-07T20:07:29+05:30,synthetic_calendar_rbi_policy_like,RELIANCE,raw_synthetic_l2_dense_full_year\trade_month=2026-03\symbol=RELIANCE\part-00000.parquet,2026-03,900,1800,1788790949,1788793649,1784020475,1791482957,1,16309616,33
P325_SYNTH_EVENT_040_20260907,2026-09-07T20:07:29+05:30,synthetic_calendar_rbi_policy_like,SBIN,raw_synthetic_l2_dense_full_year\trade_month=2026-06\symbol=SBIN\part-00000.parquet,2026-06,900,1800,1788790949,1788793649,1784020475,1791494457,1,16285815,33
P325_SYNTH_EVENT_040_20260907,2026-09-07T20:07:29+05:30,synthetic_calendar_rbi_policy_like,SUNPHARMA,raw_synthetic_l2_dense_full_year\trade_month=2026-03\symbol=SUNPHARMA\part-00000.parquet,2026-03,900,1800,1788790949,1788793649,1784020375,1791486707,1,16303665,33
P325_SYNTH_EVENT_040_20260907,2026-09-07T20:07:29+05:30,synthetic_calendar_rbi_policy_like,TCS,raw_synthetic_l2_dense_full_year\trade_month=2026-09\symbol=TCS\part-00000.parquet,2026-09,900,1800,1788790949,1788793649,1784020475,1791498957,1,16327466,33
P325_SYNTH_EVENT_040_20260907,2026-09-07T20:07:29+05:30,synthetic_calendar_rbi_policy_like,TECHM,raw_synthetic_l2_dense_full_year\trade_month=2026-09\symbol=TECHM\part-00000.parquet,2026-09,900,1800,1788790949,1788793649,1784020475,1791482457,1,16291765,33
P325_SYNTH_EVENT_040_20260907,2026-09-07T20:07:29+05:30,synthetic_calendar_rbi_policy_like,ULTRACEMCO,raw_synthetic_l2_dense_full_year\trade_month=2026-06\symbol=ULTRACEMCO\part-00000.parquet,2026-06,900,1800,1788790949,1788793649,1784020475,1791495457,1,16319533,33
P325_SYNTH_EVENT_040_20260907,2026-09-07T20:07:29+05:30,synthetic_calendar_rbi_policy_like,WIPRO,raw_synthetic_l2_dense_full_year\trade_month=2026-03\symbol=WIPRO\part-00000.parquet,2026-03,900,1800,1788790949,1788793649,1784020475,1791485457,1,16319533,33
P325_SYNTH_EVENT_041_20260908,2026-09-08T20:07:29+05:30,synthetic_calendar_rbi_policy_like,ADANIPORTS,raw_synthetic_l2_dense_full_year\trade_month=2026-06\symbol=ADANIPORTS\part-00000.parquet,2026-06,900,1800,1788877349,1788880049,1784020475,1791482707,1,16301682,33
P325_SYNTH_EVENT_041_20260908,2026-09-08T20:07:29+05:30,synthetic_calendar_rbi_policy_like,AXISBANK,raw_synthetic_l2_dense_full_year\trade_month=2026-09\symbol=AXISBANK\part-00000.parquet,2026-09,900,1800,1788877349,1788880049,1784020475,1791489457,1,16315566,33
P325_SYNTH_EVENT_041_20260908,2026-09-08T20:07:29+05:30,synthetic_calendar_rbi_policy_like,BAJAJ-AUTO,raw_synthetic_l2_dense_full_year\trade_month=2026-03\symbol=BAJAJ-AUTO\part-00000.parquet,2026-03,900,1800,1788877349,1788880049,1784020475,1791485457,1,16305649,33
P325_SYNTH_EVENT_041_20260908,2026-09-08T20:07:29+05:30,synthetic_calendar_rbi_policy_like,BANKBEES,raw_synthetic_l2_dense_full_year\trade_month=2026-03\symbol=BANKBEES\part-00000.parquet,2026-03,900,1800,1788877349,1788880049,1784020475,1791487957,1,16313583,33
P325_SYNTH_EVENT_041_20260908,2026-09-08T20:07:29+05:30,synthetic_calendar_rbi_policy_like,BHARTIARTL,raw_synthetic_l2_dense_full_year\trade_month=2026-03\symbol=BHARTIARTL\part-00000.parquet,2026-03,900,1800,1788877349,1788880049,1784020475,1791489957,1,16315566,33
P325_SYNTH_EVENT_041_20260908,2026-09-08T20:07:29+05:30,synthetic_calendar_rbi_policy_like,BPCL,raw_synthetic_l2_dense_full_year\trade_month=2026-09\symbol=BPCL\part-00000.parquet,2026-09,900,1800,1788877349,1788880049,1784020475,1791493457,1,16335400,33
P325_SYNTH_EVENT_041_20260908,2026-09-08T20:07:29+05:30,synthetic_calendar_rbi_policy_like,BRITANNIA,raw_synthetic_l2_dense_full_year\trade_month=2026-09\symbol=BRITANNIA\part-00000.parquet,2026-09,900,1800,1788877349,1788880049,1784020475,1791484457,1,16329450,33
P325_SYNTH_EVENT_041_20260908,2026-09-08T20:07:29+05:30,synthetic_calendar_rbi_policy_like,CIPLA,raw_synthetic_l2_dense_full_year\trade_month=2026-03\symbol=CIPLA\part-00000.parquet,2026-03,900,1800,1788877349,1788880049,1784020264,1791506457,1,16327466,33
P325_SYNTH_EVENT_041_20260908,2026-09-08T20:07:29+05:30,synthetic_calendar_rbi_policy_like,DRREDDY,raw_synthetic_l2_dense_full_year\trade_month=2026-06\symbol=DRREDDY\part-00000.parquet,2026-06,900,1800,1788877349,1788880049,1784020475,1791492457,1,16293748,33
P325_SYNTH_EVENT_041_20260908,2026-09-08T20:07:29+05:30,synthetic_calendar_rbi_policy_like,GOLDBEES,raw_synthetic_l2_dense_full_year\trade_month=2026-06\symbol=GOLDBEES\part-00000.parquet,2026-06,900,1800,1788877349,1788880049,1784020475,1791489957,1,16301682,33
P325_SYNTH_EVENT_041_20260908,2026-09-08T20:07:29+05:30,synthetic_calendar_rbi_policy_like,HCLTECH,raw_synthetic_l2_dense_full_year\trade_month=2026-06\symbol=HCLTECH\part-00000.parquet,2026-06,900,1800,1788877349,1788880049,1784020475,1791494457,1,16309616,33
P325_SYNTH_EVENT_041_20260908,2026-09-08T20:07:29+05:30,synthetic_calendar_rbi_policy_like,HDFCBANK,raw_synthetic_l2_dense_full_year\trade_month=2026-03\symbol=HDFCBANK\part-00000.parquet,2026-03,900,1800,1788877349,1788880049,1784020475,1791478957,1,16303665,33
P325_SYNTH_EVENT_041_20260908,2026-09-08T20:07:29+05:30,synthetic_calendar_rbi_policy_like,HINDUNILVR,raw_synthetic_l2_dense_full_year\trade_month=2026-06\symbol=HINDUNILVR\part-00000.parquet,2026-06,900,1800,1788877349,1788880049,1784020475,1791483457,1,16315566,33
P325_SYNTH_EVENT_041_20260908,2026-09-08T20:07:29+05:30,synthetic_calendar_rbi_policy_like,ICICIBANK,raw_synthetic_l2_dense_full_year\trade_month=2026-06\symbol=ICICIBANK\part-00000.parquet,2026-06,900,1800,1788877349,1788880049,1784020475,1791481457,1,16325483,33
P325_SYNTH_EVENT_041_20260908,2026-09-08T20:07:29+05:30,synthetic_calendar_rbi_policy_like,INFY,raw_synthetic_l2_dense_full_year\trade_month=2026-09\symbol=INFY\part-00000.parquet,2026-09,900,1800,1788877349,1788880049,1784020475,1791479957,1,16309616,33
P325_SYNTH_EVENT_041_20260908,2026-09-08T20:07:29+05:30,synthetic_calendar_rbi_policy_like,ITBEES,raw_synthetic_l2_dense_full_year\trade_month=2026-03\symbol=ITBEES\part-00000.parquet,2026-03,900,1800,1788877349,1788880049,1784020475,1791482006,1,16283831,33
P325_SYNTH_EVENT_041_20260908,2026-09-08T20:07:29+05:30,synthetic_calendar_rbi_policy_like,ITC,raw_synthetic_l2_dense_full_year\trade_month=2026-06\symbol=ITC\part-00000.parquet,2026-06,900,1800,1788877349,1788880049,1784020475,1791488957,1,16323500,33
P325_SYNTH_EVENT_041_20260908,2026-09-08T20:07:29+05:30,synthetic_calendar_rbi_policy_like,JUNIORBEES,raw_synthetic_l2_dense_full_year\trade_month=2026-06\symbol=JUNIORBEES\part-00000.parquet,2026-06,900,1800,1788877349,1788880049,1784020475,1791500957,1,16301682,33
P325_SYNTH_EVENT_041_20260908,2026-09-08T20:07:29+05:30,synthetic_calendar_rbi_policy_like,KOTAKBANK,raw_synthetic_l2_dense_full_year\trade_month=2026-06\symbol=KOTAKBANK\part-00000.parquet,2026-06,900,1800,1788877349,1788880049,1784020475,1791483207,1,16317549,33
P325_SYNTH_EVENT_041_20260908,2026-09-08T20:07:29+05:30,synthetic_calendar_rbi_policy_like,LT,raw_synthetic_l2_dense_full_year\trade_month=2026-09\symbol=LT\part-00000.parquet,2026-09,900,1800,1788877349,1788880049,1784020475,1791478957,1,16321516,33
P325_SYNTH_EVENT_041_20260908,2026-09-08T20:07:29+05:30,synthetic_calendar_rbi_policy_like,M&M,raw_synthetic_l2_dense_full_year\trade_month=2026-09\symbol=M&M\part-00000.parquet,2026-09,900,1800,1788877349,1788880049,1784020475,1791482457,1,16307632,33
P325_SYNTH_EVENT_041_20260908,2026-09-08T20:07:29+05:30,synthetic_calendar_rbi_policy_like,MARUTI,raw_synthetic_l2_dense_full_year\trade_month=2026-03\symbol=MARUTI\part-00000.parquet,2026-03,900,1800,1788877349,1788880049,1784020475,1791495457,1,16313583,33
P325_SYNTH_EVENT_041_20260908,2026-09-08T20:07:29+05:30,synthetic_calendar_rbi_policy_like,NESTLEIND,raw_synthetic_l2_dense_full_year\trade_month=2026-06\symbol=NESTLEIND\part-00000.parquet,2026-06,900,1800,1788877349,1788880049,1784020475,1791481957,1,16331433,33
P325_SYNTH_EVENT_041_20260908,2026-09-08T20:07:29+05:30,synthetic_calendar_rbi_policy_like,NIFTYBEES,raw_synthetic_l2_dense_full_year\trade_month=2026-06\symbol=NIFTYBEES\part-00000.parquet,2026-06,900,1800,1788877349,1788880049,1784020475,1791483457,1,16331433,33
P325_SYNTH_EVENT_041_20260908,2026-09-08T20:07:29+05:30,synthetic_calendar_rbi_policy_like,ONGC,raw_synthetic_l2_dense_full_year\trade_month=2026-09\symbol=ONGC\part-00000.parquet,2026-09,900,1800,1788877349,1788880049,1784020475,1791480957,1,16313583,33
P325_SYNTH_EVENT_041_20260908,2026-09-08T20:07:29+05:30,synthetic_calendar_rbi_policy_like,RELIANCE,raw_synthetic_l2_dense_full_year\trade_month=2026-03\symbol=RELIANCE\part-00000.parquet,2026-03,900,1800,1788877349,1788880049,1784020475,1791482957,1,16309616,33
P325_SYNTH_EVENT_041_20260908,2026-09-08T20:07:29+05:30,synthetic_calendar_rbi_policy_like,SBIN,raw_synthetic_l2_dense_full_year\trade_month=2026-06\symbol=SBIN\part-00000.parquet,2026-06,900,1800,1788877349,1788880049,1784020475,1791494457,1,16285815,33
P325_SYNTH_EVENT_041_20260908,2026-09-08T20:07:29+05:30,synthetic_calendar_rbi_policy_like,SUNPHARMA,raw_synthetic_l2_dense_full_year\trade_month=2026-03\symbol=SUNPHARMA\part-00000.parquet,2026-03,900,1800,1788877349,1788880049,1784020375,1791486707,1,16303665,33
P325_SYNTH_EVENT_041_20260908,2026-09-08T20:07:29+05:30,synthetic_calendar_rbi_policy_like,TCS,raw_synthetic_l2_dense_full_year\trade_month=2026-09\symbol=TCS\part-00000.parquet,2026-09,900,1800,1788877349,1788880049,1784020475,1791498957,1,16327466,33
P325_SYNTH_EVENT_041_20260908,2026-09-08T20:07:29+05:30,synthetic_calendar_rbi_policy_like,TECHM,raw_synthetic_l2_dense_full_year\trade_month=2026-09\symbol=TECHM\part-00000.parquet,2026-09,900,1800,1788877349,1788880049,1784020475,1791482457,1,16291765,33
P325_SYNTH_EVENT_041_20260908,2026-09-08T20:07:29+05:30,synthetic_calendar_rbi_policy_like,ULTRACEMCO,raw_synthetic_l2_dense_full_year\trade_month=2026-06\symbol=ULTRACEMCO\part-00000.parquet,2026-06,900,1800,1788877349,1788880049,1784020475,1791495457,1,16319533,33
P325_SYNTH_EVENT_041_20260908,2026-09-08T20:07:29+05:30,synthetic_calendar_rbi_policy_like,WIPRO,raw_synthetic_l2_dense_full_year\trade_month=2026-03\symbol=WIPRO\part-00000.parquet,2026-03,900,1800,1788877349,1788880049,1784020475,1791485457,1,16319533,33
P325_SYNTH_EVENT_042_20260909,2026-09-09T16:22:29+05:30,synthetic_calendar_rbi_policy_like,ADANIPORTS,raw_synthetic_l2_dense_full_year\trade_month=2026-06\symbol=ADANIPORTS\part-00000.parquet,2026-06,900,1800,1788950249,1788952949,1784020475,1791482707,1,16301682,33
P325_SYNTH_EVENT_042_20260909,2026-09-09T16:22:29+05:30,synthetic_calendar_rbi_policy_like,AXISBANK,raw_synthetic_l2_dense_full_year\trade_month=2026-09\symbol=AXISBANK\part-00000.parquet,2026-09,900,1800,1788950249,1788952949,1784020475,1791489457,1,16315566,33
P325_SYNTH_EVENT_042_20260909,2026-09-09T16:22:29+05:30,synthetic_calendar_rbi_policy_like,BAJAJ-AUTO,raw_synthetic_l2_dense_full_year\trade_month=2026-03\symbol=BAJAJ-AUTO\part-00000.parquet,2026-03,900,1800,1788950249,1788952949,1784020475,1791485457,1,16305649,33
P325_SYNTH_EVENT_042_20260909,2026-09-09T16:22:29+05:30,synthetic_calendar_rbi_policy_like,BANKBEES,raw_synthetic_l2_dense_full_year\trade_month=2026-03\symbol=BANKBEES\part-00000.parquet,2026-03,900,1800,1788950249,1788952949,1784020475,1791487957,1,16313583,33
P325_SYNTH_EVENT_042_20260909,2026-09-09T16:22:29+05:30,synthetic_calendar_rbi_policy_like,BHARTIARTL,raw_synthetic_l2_dense_full_year\trade_month=2026-03\symbol=BHARTIARTL\part-00000.parquet,2026-03,900,1800,1788950249,1788952949,1784020475,1791489957,1,16315566,33
P325_SYNTH_EVENT_042_20260909,2026-09-09T16:22:29+05:30,synthetic_calendar_rbi_policy_like,BPCL,raw_synthetic_l2_dense_full_year\trade_month=2026-09\symbol=BPCL\part-00000.parquet,2026-09,900,1800,1788950249,1788952949,1784020475,1791493457,1,16335400,33
P325_SYNTH_EVENT_042_20260909,2026-09-09T16:22:29+05:30,synthetic_calendar_rbi_policy_like,BRITANNIA,raw_synthetic_l2_dense_full_year\trade_month=2026-09\symbol=BRITANNIA\part-00000.parquet,2026-09,900,1800,1788950249,1788952949,1784020475,1791484457,1,16329450,33
P325_SYNTH_EVENT_042_20260909,2026-09-09T16:22:29+05:30,synthetic_calendar_rbi_policy_like,CIPLA,raw_synthetic_l2_dense_full_year\trade_month=2026-03\symbol=CIPLA\part-00000.parquet,2026-03,900,1800,1788950249,1788952949,1784020264,1791506457,1,16327466,33
P325_SYNTH_EVENT_042_20260909,2026-09-09T16:22:29+05:30,synthetic_calendar_rbi_policy_like,DRREDDY,raw_synthetic_l2_dense_full_year\trade_month=2026-06\symbol=DRREDDY\part-00000.parquet,2026-06,900,1800,1788950249,1788952949,1784020475,1791492457,1,16293748,33
P325_SYNTH_EVENT_042_20260909,2026-09-09T16:22:29+05:30,synthetic_calendar_rbi_policy_like,GOLDBEES,raw_synthetic_l2_dense_full_year\trade_month=2026-06\symbol=GOLDBEES\part-00000.parquet,2026-06,900,1800,1788950249,1788952949,1784020475,1791489957,1,16301682,33
P325_SYNTH_EVENT_042_20260909,2026-09-09T16:22:29+05:30,synthetic_calendar_rbi_policy_like,HCLTECH,raw_synthetic_l2_dense_full_year\trade_month=2026-06\symbol=HCLTECH\part-00000.parquet,2026-06,900,1800,1788950249,1788952949,1784020475,1791494457,1,16309616,33
P325_SYNTH_EVENT_042_20260909,2026-09-09T16:22:29+05:30,synthetic_calendar_rbi_policy_like,HDFCBANK,raw_synthetic_l2_dense_full_year\trade_month=2026-03\symbol=HDFCBANK\part-00000.parquet,2026-03,900,1800,1788950249,1788952949,1784020475,1791478957,1,16303665,33
P325_SYNTH_EVENT_042_20260909,2026-09-09T16:22:29+05:30,synthetic_calendar_rbi_policy_like,HINDUNILVR,raw_synthetic_l2_dense_full_year\trade_month=2026-06\symbol=HINDUNILVR\part-00000.parquet,2026-06,900,1800,1788950249,1788952949,1784020475,1791483457,1,16315566,33
P325_SYNTH_EVENT_042_20260909,2026-09-09T16:22:29+05:30,synthetic_calendar_rbi_policy_like,ICICIBANK,raw_synthetic_l2_dense_full_year\trade_month=2026-06\symbol=ICICIBANK\part-00000.parquet,2026-06,900,1800,1788950249,1788952949,1784020475,1791481457,1,16325483,33
P325_SYNTH_EVENT_042_20260909,2026-09-09T16:22:29+05:30,synthetic_calendar_rbi_policy_like,INFY,raw_synthetic_l2_dense_full_year\trade_month=2026-09\symbol=INFY\part-00000.parquet,2026-09,900,1800,1788950249,1788952949,1784020475,1791479957,1,16309616,33
P325_SYNTH_EVENT_042_20260909,2026-09-09T16:22:29+05:30,synthetic_calendar_rbi_policy_like,ITBEES,raw_synthetic_l2_dense_full_year\trade_month=2026-03\symbol=ITBEES\part-00000.parquet,2026-03,900,1800,1788950249,1788952949,1784020475,1791482006,1,16283831,33
P325_SYNTH_EVENT_042_20260909,2026-09-09T16:22:29+05:30,synthetic_calendar_rbi_policy_like,ITC,raw_synthetic_l2_dense_full_year\trade_month=2026-06\symbol=ITC\part-00000.parquet,2026-06,900,1800,1788950249,1788952949,1784020475,1791488957,1,16323500,33
P325_SYNTH_EVENT_042_20260909,2026-09-09T16:22:29+05:30,synthetic_calendar_rbi_policy_like,JUNIORBEES,raw_synthetic_l2_dense_full_year\trade_month=2026-06\symbol=JUNIORBEES\part-00000.parquet,2026-06,900,1800,1788950249,1788952949,1784020475,1791500957,1,16301682,33
P325_SYNTH_EVENT_042_20260909,2026-09-09T16:22:29+05:30,synthetic_calendar_rbi_policy_like,KOTAKBANK,raw_synthetic_l2_dense_full_year\trade_month=2026-06\symbol=KOTAKBANK\part-00000.parquet,2026-06,900,1800,1788950249,1788952949,1784020475,1791483207,1,16317549,33
P325_SYNTH_EVENT_042_20260909,2026-09-09T16:22:29+05:30,synthetic_calendar_rbi_policy_like,LT,raw_synthetic_l2_dense_full_year\trade_month=2026-09\symbol=LT\part-00000.parquet,2026-09,900,1800,1788950249,1788952949,1784020475,1791478957,1,16321516,33
P325_SYNTH_EVENT_042_20260909,2026-09-09T16:22:29+05:30,synthetic_calendar_rbi_policy_like,M&M,raw_synthetic_l2_dense_full_year\trade_month=2026-09\symbol=M&M\part-00000.parquet,2026-09,900,1800,1788950249,1788952949,1784020475,1791482457,1,16307632,33
P325_SYNTH_EVENT_042_20260909,2026-09-09T16:22:29+05:30,synthetic_calendar_rbi_policy_like,MARUTI,raw_synthetic_l2_dense_full_year\trade_month=2026-03\symbol=MARUTI\part-00000.parquet,2026-03,900,1800,1788950249,1788952949,1784020475,1791495457,1,16313583,33
P325_SYNTH_EVENT_042_20260909,2026-09-09T16:22:29+05:30,synthetic_calendar_rbi_policy_like,NESTLEIND,raw_synthetic_l2_dense_full_year\trade_month=2026-06\symbol=NESTLEIND\part-00000.parquet,2026-06,900,1800,1788950249,1788952949,1784020475,1791481957,1,16331433,33
P325_SYNTH_EVENT_042_20260909,2026-09-09T16:22:29+05:30,synthetic_calendar_rbi_policy_like,NIFTYBEES,raw_synthetic_l2_dense_full_year\trade_month=2026-06\symbol=NIFTYBEES\part-00000.parquet,2026-06,900,1800,1788950249,1788952949,1784020475,1791483457,1,16331433,33
P325_SYNTH_EVENT_042_20260909,2026-09-09T16:22:29+05:30,synthetic_calendar_rbi_policy_like,ONGC,raw_synthetic_l2_dense_full_year\trade_month=2026-09\symbol=ONGC\part-00000.parquet,2026-09,900,1800,1788950249,1788952949,1784020475,1791480957,1,16313583,33
P325_SYNTH_EVENT_042_20260909,2026-09-09T16:22:29+05:30,synthetic_calendar_rbi_policy_like,RELIANCE,raw_synthetic_l2_dense_full_year\trade_month=2026-03\symbol=RELIANCE\part-00000.parquet,2026-03,900,1800,1788950249,1788952949,1784020475,1791482957,1,16309616,33
P325_SYNTH_EVENT_042_20260909,2026-09-09T16:22:29+05:30,synthetic_calendar_rbi_policy_like,SBIN,raw_synthetic_l2_dense_full_year\trade_month=2026-06\symbol=SBIN\part-00000.parquet,2026-06,900,1800,1788950249,1788952949,1784020475,1791494457,1,16285815,33
P325_SYNTH_EVENT_042_20260909,2026-09-09T16:22:29+05:30,synthetic_calendar_rbi_policy_like,SUNPHARMA,raw_synthetic_l2_dense_full_year\trade_month=2026-03\symbol=SUNPHARMA\part-00000.parquet,2026-03,900,1800,1788950249,1788952949,1784020375,1791486707,1,16303665,33
P325_SYNTH_EVENT_042_20260909,2026-09-09T16:22:29+05:30,synthetic_calendar_rbi_policy_like,TCS,raw_synthetic_l2_dense_full_year\trade_month=2026-09\symbol=TCS\part-00000.parquet,2026-09,900,1800,1788950249,1788952949,1784020475,1791498957,1,16327466,33
P325_SYNTH_EVENT_042_20260909,2026-09-09T16:22:29+05:30,synthetic_calendar_rbi_policy_like,TECHM,raw_synthetic_l2_dense_full_year\trade_month=2026-09\symbol=TECHM\part-00000.parquet,2026-09,900,1800,1788950249,1788952949,1784020475,1791482457,1,16291765,33
P325_SYNTH_EVENT_042_20260909,2026-09-09T16:22:29+05:30,synthetic_calendar_rbi_policy_like,ULTRACEMCO,raw_synthetic_l2_dense_full_year\trade_month=2026-06\symbol=ULTRACEMCO\part-00000.parquet,2026-06,900,1800,1788950249,1788952949,1784020475,1791495457,1,16319533,33
P325_SYNTH_EVENT_042_20260909,2026-09-09T16:22:29+05:30,synthetic_calendar_rbi_policy_like,WIPRO,raw_synthetic_l2_dense_full_year\trade_month=2026-03\symbol=WIPRO\part-00000.parquet,2026-03,900,1800,1788950249,1788952949,1784020475,1791485457,1,16319533,33
P325_SYNTH_EVENT_043_20260910,2026-09-10T19:22:29+05:30,synthetic_calendar_rbi_policy_like,ADANIPORTS,raw_synthetic_l2_dense_full_year\trade_month=2026-06\symbol=ADANIPORTS\part-00000.parquet,2026-06,900,1800,1789047449,1789050149,1784020475,1791482707,1,16301682,33
P325_SYNTH_EVENT_043_20260910,2026-09-10T19:22:29+05:30,synthetic_calendar_rbi_policy_like,AXISBANK,raw_synthetic_l2_dense_full_year\trade_month=2026-09\symbol=AXISBANK\part-00000.parquet,2026-09,900,1800,1789047449,1789050149,1784020475,1791489457,1,16315566,33
P325_SYNTH_EVENT_043_20260910,2026-09-10T19:22:29+05:30,synthetic_calendar_rbi_policy_like,BAJAJ-AUTO,raw_synthetic_l2_dense_full_year\trade_month=2026-03\symbol=BAJAJ-AUTO\part-00000.parquet,2026-03,900,1800,1789047449,1789050149,1784020475,1791485457,1,16305649,33
P325_SYNTH_EVENT_043_20260910,2026-09-10T19:22:29+05:30,synthetic_calendar_rbi_policy_like,BANKBEES,raw_synthetic_l2_dense_full_year\trade_month=2026-03\symbol=BANKBEES\part-00000.parquet,2026-03,900,1800,1789047449,1789050149,1784020475,1791487957,1,16313583,33
P325_SYNTH_EVENT_043_20260910,2026-09-10T19:22:29+05:30,synthetic_calendar_rbi_policy_like,BHARTIARTL,raw_synthetic_l2_dense_full_year\trade_month=2026-03\symbol=BHARTIARTL\part-00000.parquet,2026-03,900,1800,1789047449,1789050149,1784020475,1791489957,1,16315566,33
P325_SYNTH_EVENT_043_20260910,2026-09-10T19:22:29+05:30,synthetic_calendar_rbi_policy_like,BPCL,raw_synthetic_l2_dense_full_year\trade_month=2026-09\symbol=BPCL\part-00000.parquet,2026-09,900,1800,1789047449,1789050149,1784020475,1791493457,1,16335400,33
P325_SYNTH_EVENT_043_20260910,2026-09-10T19:22:29+05:30,synthetic_calendar_rbi_policy_like,BRITANNIA,raw_synthetic_l2_dense_full_year\trade_month=2026-09\symbol=BRITANNIA\part-00000.parquet,2026-09,900,1800,1789047449,1789050149,1784020475,1791484457,1,16329450,33
P325_SYNTH_EVENT_043_20260910,2026-09-10T19:22:29+05:30,synthetic_calendar_rbi_policy_like,CIPLA,raw_synthetic_l2_dense_full_year\trade_month=2026-03\symbol=CIPLA\part-00000.parquet,2026-03,900,1800,1789047449,1789050149,1784020264,1791506457,1,16327466,33
P325_SYNTH_EVENT_043_20260910,2026-09-10T19:22:29+05:30,synthetic_calendar_rbi_policy_like,DRREDDY,raw_synthetic_l2_dense_full_year\trade_month=2026-06\symbol=DRREDDY\part-00000.parquet,2026-06,900,1800,1789047449,1789050149,1784020475,1791492457,1,16293748,33
P325_SYNTH_EVENT_043_20260910,2026-09-10T19:22:29+05:30,synthetic_calendar_rbi_policy_like,GOLDBEES,raw_synthetic_l2_dense_full_year\trade_month=2026-06\symbol=GOLDBEES\part-00000.parquet,2026-06,900,1800,1789047449,1789050149,1784020475,1791489957,1,16301682,33
P325_SYNTH_EVENT_043_20260910,2026-09-10T19:22:29+05:30,synthetic_calendar_rbi_policy_like,HCLTECH,raw_synthetic_l2_dense_full_year\trade_month=2026-06\symbol=HCLTECH\part-00000.parquet,2026-06,900,1800,1789047449,1789050149,1784020475,1791494457,1,16309616,33
P325_SYNTH_EVENT_043_20260910,2026-09-10T19:22:29+05:30,synthetic_calendar_rbi_policy_like,HDFCBANK,raw_synthetic_l2_dense_full_year\trade_month=2026-03\symbol=HDFCBANK\part-00000.parquet,2026-03,900,1800,1789047449,1789050149,1784020475,1791478957,1,16303665,33
P325_SYNTH_EVENT_043_20260910,2026-09-10T19:22:29+05:30,synthetic_calendar_rbi_policy_like,HINDUNILVR,raw_synthetic_l2_dense_full_year\trade_month=2026-06\symbol=HINDUNILVR\part-00000.parquet,2026-06,900,1800,1789047449,1789050149,1784020475,1791483457,1,16315566,33
P325_SYNTH_EVENT_043_20260910,2026-09-10T19:22:29+05:30,synthetic_calendar_rbi_policy_like,ICICIBANK,raw_synthetic_l2_dense_full_year\trade_month=2026-06\symbol=ICICIBANK\part-00000.parquet,2026-06,900,1800,1789047449,1789050149,1784020475,1791481457,1,16325483,33
P325_SYNTH_EVENT_043_20260910,2026-09-10T19:22:29+05:30,synthetic_calendar_rbi_policy_like,INFY,raw_synthetic_l2_dense_full_year\trade_month=2026-09\symbol=INFY\part-00000.parquet,2026-09,900,1800,1789047449,1789050149,1784020475,1791479957,1,16309616,33
P325_SYNTH_EVENT_043_20260910,2026-09-10T19:22:29+05:30,synthetic_calendar_rbi_policy_like,ITBEES,raw_synthetic_l2_dense_full_year\trade_month=2026-03\symbol=ITBEES\part-00000.parquet,2026-03,900,1800,1789047449,1789050149,1784020475,1791482006,1,16283831,33
P325_SYNTH_EVENT_043_20260910,2026-09-10T19:22:29+05:30,synthetic_calendar_rbi_policy_like,ITC,raw_synthetic_l2_dense_full_year\trade_month=2026-06\symbol=ITC\part-00000.parquet,2026-06,900,1800,1789047449,1789050149,1784020475,1791488957,1,16323500,33
P325_SYNTH_EVENT_043_20260910,2026-09-10T19:22:29+05:30,synthetic_calendar_rbi_policy_like,JUNIORBEES,raw_synthetic_l2_dense_full_year\trade_month=2026-06\symbol=JUNIORBEES\part-00000.parquet,2026-06,900,1800,1789047449,1789050149,1784020475,1791500957,1,16301682,33
P325_SYNTH_EVENT_043_20260910,2026-09-10T19:22:29+05:30,synthetic_calendar_rbi_policy_like,KOTAKBANK,raw_synthetic_l2_dense_full_year\trade_month=2026-06\symbol=KOTAKBANK\part-00000.parquet,2026-06,900,1800,1789047449,1789050149,1784020475,1791483207,1,16317549,33
P325_SYNTH_EVENT_043_20260910,2026-09-10T19:22:29+05:30,synthetic_calendar_rbi_policy_like,LT,raw_synthetic_l2_dense_full_year\trade_month=2026-09\symbol=LT\part-00000.parquet,2026-09,900,1800,1789047449,1789050149,1784020475,1791478957,1,16321516,33
P325_SYNTH_EVENT_043_20260910,2026-09-10T19:22:29+05:30,synthetic_calendar_rbi_policy_like,M&M,raw_synthetic_l2_dense_full_year\trade_month=2026-09\symbol=M&M\part-00000.parquet,2026-09,900,1800,1789047449,1789050149,1784020475,1791482457,1,16307632,33
P325_SYNTH_EVENT_043_20260910,2026-09-10T19:22:29+05:30,synthetic_calendar_rbi_policy_like,MARUTI,raw_synthetic_l2_dense_full_year\trade_month=2026-03\symbol=MARUTI\part-00000.parquet,2026-03,900,1800,1789047449,1789050149,1784020475,1791495457,1,16313583,33
P325_SYNTH_EVENT_043_20260910,2026-09-10T19:22:29+05:30,synthetic_calendar_rbi_policy_like,NESTLEIND,raw_synthetic_l2_dense_full_year\trade_month=2026-06\symbol=NESTLEIND\part-00000.parquet,2026-06,900,1800,1789047449,1789050149,1784020475,1791481957,1,16331433,33
P325_SYNTH_EVENT_043_20260910,2026-09-10T19:22:29+05:30,synthetic_calendar_rbi_policy_like,NIFTYBEES,raw_synthetic_l2_dense_full_year\trade_month=2026-06\symbol=NIFTYBEES\part-00000.parquet,2026-06,900,1800,1789047449,1789050149,1784020475,1791483457,1,16331433,33
P325_SYNTH_EVENT_043_20260910,2026-09-10T19:22:29+05:30,synthetic_calendar_rbi_policy_like,ONGC,raw_synthetic_l2_dense_full_year\trade_month=2026-09\symbol=ONGC\part-00000.parquet,2026-09,900,1800,1789047449,1789050149,1784020475,1791480957,1,16313583,33
P325_SYNTH_EVENT_043_20260910,2026-09-10T19:22:29+05:30,synthetic_calendar_rbi_policy_like,RELIANCE,raw_synthetic_l2_dense_full_year\trade_month=2026-03\symbol=RELIANCE\part-00000.parquet,2026-03,900,1800,1789047449,1789050149,1784020475,1791482957,1,16309616,33
P325_SYNTH_EVENT_043_20260910,2026-09-10T19:22:29+05:30,synthetic_calendar_rbi_policy_like,SBIN,raw_synthetic_l2_dense_full_year\trade_month=2026-06\symbol=SBIN\part-00000.parquet,2026-06,900,1800,1789047449,1789050149,1784020475,1791494457,1,16285815,33
P325_SYNTH_EVENT_043_20260910,2026-09-10T19:22:29+05:30,synthetic_calendar_rbi_policy_like,SUNPHARMA,raw_synthetic_l2_dense_full_year\trade_month=2026-03\symbol=SUNPHARMA\part-00000.parquet,2026-03,900,1800,1789047449,1789050149,1784020375,1791486707,1,16303665,33
P325_SYNTH_EVENT_043_20260910,2026-09-10T19:22:29+05:30,synthetic_calendar_rbi_policy_like,TCS,raw_synthetic_l2_dense_full_year\trade_month=2026-09\symbol=TCS\part-00000.parquet,2026-09,900,1800,1789047449,1789050149,1784020475,1791498957,1,16327466,33
P325_SYNTH_EVENT_043_20260910,2026-09-10T19:22:29+05:30,synthetic_calendar_rbi_policy_like,TECHM,raw_synthetic_l2_dense_full_year\trade_month=2026-09\symbol=TECHM\part-00000.parquet,2026-09,900,1800,1789047449,1789050149,1784020475,1791482457,1,16291765,33
P325_SYNTH_EVENT_043_20260910,2026-09-10T19:22:29+05:30,synthetic_calendar_rbi_policy_like,ULTRACEMCO,raw_synthetic_l2_dense_full_year\trade_month=2026-06\symbol=ULTRACEMCO\part-00000.parquet,2026-06,900,1800,1789047449,1789050149,1784020475,1791495457,1,16319533,33
P325_SYNTH_EVENT_043_20260910,2026-09-10T19:22:29+05:30,synthetic_calendar_rbi_policy_like,WIPRO,raw_synthetic_l2_dense_full_year\trade_month=2026-03\symbol=WIPRO\part-00000.parquet,2026-03,900,1800,1789047449,1789050149,1784020475,1791485457,1,16319533,33
P325_SYNTH_EVENT_044_20260911,2026-09-11T17:07:29+05:30,synthetic_calendar_rbi_policy_like,ADANIPORTS,raw_synthetic_l2_dense_full_year\trade_month=2026-06\symbol=ADANIPORTS\part-00000.parquet,2026-06,900,1800,1789125749,1789128449,1784020475,1791482707,1,16301682,33
P325_SYNTH_EVENT_044_20260911,2026-09-11T17:07:29+05:30,synthetic_calendar_rbi_policy_like,AXISBANK,raw_synthetic_l2_dense_full_year\trade_month=2026-09\symbol=AXISBANK\part-00000.parquet,2026-09,900,1800,1789125749,1789128449,1784020475,1791489457,1,16315566,33
P325_SYNTH_EVENT_044_20260911,2026-09-11T17:07:29+05:30,synthetic_calendar_rbi_policy_like,BAJAJ-AUTO,raw_synthetic_l2_dense_full_year\trade_month=2026-03\symbol=BAJAJ-AUTO\part-00000.parquet,2026-03,900,1800,1789125749,1789128449,1784020475,1791485457,1,16305649,33
P325_SYNTH_EVENT_044_20260911,2026-09-11T17:07:29+05:30,synthetic_calendar_rbi_policy_like,BANKBEES,raw_synthetic_l2_dense_full_year\trade_month=2026-03\symbol=BANKBEES\part-00000.parquet,2026-03,900,1800,1789125749,1789128449,1784020475,1791487957,1,16313583,33
P325_SYNTH_EVENT_044_20260911,2026-09-11T17:07:29+05:30,synthetic_calendar_rbi_policy_like,BHARTIARTL,raw_synthetic_l2_dense_full_year\trade_month=2026-03\symbol=BHARTIARTL\part-00000.parquet,2026-03,900,1800,1789125749,1789128449,1784020475,1791489957,1,16315566,33
P325_SYNTH_EVENT_044_20260911,2026-09-11T17:07:29+05:30,synthetic_calendar_rbi_policy_like,BPCL,raw_synthetic_l2_dense_full_year\trade_month=2026-09\symbol=BPCL\part-00000.parquet,2026-09,900,1800,1789125749,1789128449,1784020475,1791493457,1,16335400,33
P325_SYNTH_EVENT_044_20260911,2026-09-11T17:07:29+05:30,synthetic_calendar_rbi_policy_like,BRITANNIA,raw_synthetic_l2_dense_full_year\trade_month=2026-09\symbol=BRITANNIA\part-00000.parquet,2026-09,900,1800,1789125749,1789128449,1784020475,1791484457,1,16329450,33
P325_SYNTH_EVENT_044_20260911,2026-09-11T17:07:29+05:30,synthetic_calendar_rbi_policy_like,CIPLA,raw_synthetic_l2_dense_full_year\trade_month=2026-03\symbol=CIPLA\part-00000.parquet,2026-03,900,1800,1789125749,1789128449,1784020264,1791506457,1,16327466,33
P325_SYNTH_EVENT_044_20260911,2026-09-11T17:07:29+05:30,synthetic_calendar_rbi_policy_like,DRREDDY,raw_synthetic_l2_dense_full_year\trade_month=2026-06\symbol=DRREDDY\part-00000.parquet,2026-06,900,1800,1789125749,1789128449,1784020475,1791492457,1,16293748,33
P325_SYNTH_EVENT_044_20260911,2026-09-11T17:07:29+05:30,synthetic_calendar_rbi_policy_like,GOLDBEES,raw_synthetic_l2_dense_full_year\trade_month=2026-06\symbol=GOLDBEES\part-00000.parquet,2026-06,900,1800,1789125749,1789128449,1784020475,1791489957,1,16301682,33
P325_SYNTH_EVENT_044_20260911,2026-09-11T17:07:29+05:30,synthetic_calendar_rbi_policy_like,HCLTECH,raw_synthetic_l2_dense_full_year\trade_month=2026-06\symbol=HCLTECH\part-00000.parquet,2026-06,900,1800,1789125749,1789128449,1784020475,1791494457,1,16309616,33
P325_SYNTH_EVENT_044_20260911,2026-09-11T17:07:29+05:30,synthetic_calendar_rbi_policy_like,HDFCBANK,raw_synthetic_l2_dense_full_year\trade_month=2026-03\symbol=HDFCBANK\part-00000.parquet,2026-03,900,1800,1789125749,1789128449,1784020475,1791478957,1,16303665,33
P325_SYNTH_EVENT_044_20260911,2026-09-11T17:07:29+05:30,synthetic_calendar_rbi_policy_like,HINDUNILVR,raw_synthetic_l2_dense_full_year\trade_month=2026-06\symbol=HINDUNILVR\part-00000.parquet,2026-06,900,1800,1789125749,1789128449,1784020475,1791483457,1,16315566,33
P325_SYNTH_EVENT_044_20260911,2026-09-11T17:07:29+05:30,synthetic_calendar_rbi_policy_like,ICICIBANK,raw_synthetic_l2_dense_full_year\trade_month=2026-06\symbol=ICICIBANK\part-00000.parquet,2026-06,900,1800,1789125749,1789128449,1784020475,1791481457,1,16325483,33
P325_SYNTH_EVENT_044_20260911,2026-09-11T17:07:29+05:30,synthetic_calendar_rbi_policy_like,INFY,raw_synthetic_l2_dense_full_year\trade_month=2026-09\symbol=INFY\part-00000.parquet,2026-09,900,1800,1789125749,1789128449,1784020475,1791479957,1,16309616,33
P325_SYNTH_EVENT_044_20260911,2026-09-11T17:07:29+05:30,synthetic_calendar_rbi_policy_like,ITBEES,raw_synthetic_l2_dense_full_year\trade_month=2026-03\symbol=ITBEES\part-00000.parquet,2026-03,900,1800,1789125749,1789128449,1784020475,1791482006,1,16283831,33
P325_SYNTH_EVENT_044_20260911,2026-09-11T17:07:29+05:30,synthetic_calendar_rbi_policy_like,ITC,raw_synthetic_l2_dense_full_year\trade_month=2026-06\symbol=ITC\part-00000.parquet,2026-06,900,1800,1789125749,1789128449,1784020475,1791488957,1,16323500,33
P325_SYNTH_EVENT_044_20260911,2026-09-11T17:07:29+05:30,synthetic_calendar_rbi_policy_like,JUNIORBEES,raw_synthetic_l2_dense_full_year\trade_month=2026-06\symbol=JUNIORBEES\part-00000.parquet,2026-06,900,1800,1789125749,1789128449,1784020475,1791500957,1,16301682,33
P325_SYNTH_EVENT_044_20260911,2026-09-11T17:07:29+05:30,synthetic_calendar_rbi_policy_like,KOTAKBANK,raw_synthetic_l2_dense_full_year\trade_month=2026-06\symbol=KOTAKBANK\part-00000.parquet,2026-06,900,1800,1789125749,1789128449,1784020475,1791483207,1,16317549,33
P325_SYNTH_EVENT_044_20260911,2026-09-11T17:07:29+05:30,synthetic_calendar_rbi_policy_like,LT,raw_synthetic_l2_dense_full_year\trade_month=2026-09\symbol=LT\part-00000.parquet,2026-09,900,1800,1789125749,1789128449,1784020475,1791478957,1,16321516,33
P325_SYNTH_EVENT_044_20260911,2026-09-11T17:07:29+05:30,synthetic_calendar_rbi_policy_like,M&M,raw_synthetic_l2_dense_full_year\trade_month=2026-09\symbol=M&M\part-00000.parquet,2026-09,900,1800,1789125749,1789128449,1784020475,1791482457,1,16307632,33
P325_SYNTH_EVENT_044_20260911,2026-09-11T17:07:29+05:30,synthetic_calendar_rbi_policy_like,MARUTI,raw_synthetic_l2_dense_full_year\trade_month=2026-03\symbol=MARUTI\part-00000.parquet,2026-03,900,1800,1789125749,1789128449,1784020475,1791495457,1,16313583,33
P325_SYNTH_EVENT_044_20260911,2026-09-11T17:07:29+05:30,synthetic_calendar_rbi_policy_like,NESTLEIND,raw_synthetic_l2_dense_full_year\trade_month=2026-06\symbol=NESTLEIND\part-00000.parquet,2026-06,900,1800,1789125749,1789128449,1784020475,1791481957,1,16331433,33
P325_SYNTH_EVENT_044_20260911,2026-09-11T17:07:29+05:30,synthetic_calendar_rbi_policy_like,NIFTYBEES,raw_synthetic_l2_dense_full_year\trade_month=2026-06\symbol=NIFTYBEES\part-00000.parquet,2026-06,900,1800,1789125749,1789128449,1784020475,1791483457,1,16331433,33
P325_SYNTH_EVENT_044_20260911,2026-09-11T17:07:29+05:30,synthetic_calendar_rbi_policy_like,ONGC,raw_synthetic_l2_dense_full_year\trade_month=2026-09\symbol=ONGC\part-00000.parquet,2026-09,900,1800,1789125749,1789128449,1784020475,1791480957,1,16313583,33
P325_SYNTH_EVENT_044_20260911,2026-09-11T17:07:29+05:30,synthetic_calendar_rbi_policy_like,RELIANCE,raw_synthetic_l2_dense_full_year\trade_month=2026-03\symbol=RELIANCE\part-00000.parquet,2026-03,900,1800,1789125749,1789128449,1784020475,1791482957,1,16309616,33
P325_SYNTH_EVENT_044_20260911,2026-09-11T17:07:29+05:30,synthetic_calendar_rbi_policy_like,SBIN,raw_synthetic_l2_dense_full_year\trade_month=2026-06\symbol=SBIN\part-00000.parquet,2026-06,900,1800,1789125749,1789128449,1784020475,1791494457,1,16285815,33
P325_SYNTH_EVENT_044_20260911,2026-09-11T17:07:29+05:30,synthetic_calendar_rbi_policy_like,SUNPHARMA,raw_synthetic_l2_dense_full_year\trade_month=2026-03\symbol=SUNPHARMA\part-00000.parquet,2026-03,900,1800,1789125749,1789128449,1784020375,1791486707,1,16303665,33
P325_SYNTH_EVENT_044_20260911,2026-09-11T17:07:29+05:30,synthetic_calendar_rbi_policy_like,TCS,raw_synthetic_l2_dense_full_year\trade_month=2026-09\symbol=TCS\part-00000.parquet,2026-09,900,1800,1789125749,1789128449,1784020475,1791498957,1,16327466,33
P325_SYNTH_EVENT_044_20260911,2026-09-11T17:07:29+05:30,synthetic_calendar_rbi_policy_like,TECHM,raw_synthetic_l2_dense_full_year\trade_month=2026-09\symbol=TECHM\part-00000.parquet,2026-09,900,1800,1789125749,1789128449,1784020475,1791482457,1,16291765,33
P325_SYNTH_EVENT_044_20260911,2026-09-11T17:07:29+05:30,synthetic_calendar_rbi_policy_like,ULTRACEMCO,raw_synthetic_l2_dense_full_year\trade_month=2026-06\symbol=ULTRACEMCO\part-00000.parquet,2026-06,900,1800,1789125749,1789128449,1784020475,1791495457,1,16319533,33
P325_SYNTH_EVENT_044_20260911,2026-09-11T17:07:29+05:30,synthetic_calendar_rbi_policy_like,WIPRO,raw_synthetic_l2_dense_full_year\trade_month=2026-03\symbol=WIPRO\part-00000.parquet,2026-03,900,1800,1789125749,1789128449,1784020475,1791485457,1,16319533,33
P325_SYNTH_EVENT_045_20260914,2026-09-14T19:22:29+05:30,synthetic_calendar_rbi_policy_like,ADANIPORTS,raw_synthetic_l2_dense_full_year\trade_month=2026-06\symbol=ADANIPORTS\part-00000.parquet,2026-06,900,1800,1789393049,1789395749,1784020475,1791482707,1,16301682,33
P325_SYNTH_EVENT_045_20260914,2026-09-14T19:22:29+05:30,synthetic_calendar_rbi_policy_like,AXISBANK,raw_synthetic_l2_dense_full_year\trade_month=2026-09\symbol=AXISBANK\part-00000.parquet,2026-09,900,1800,1789393049,1789395749,1784020475,1791489457,1,16315566,33
P325_SYNTH_EVENT_045_20260914,2026-09-14T19:22:29+05:30,synthetic_calendar_rbi_policy_like,BAJAJ-AUTO,raw_synthetic_l2_dense_full_year\trade_month=2026-03\symbol=BAJAJ-AUTO\part-00000.parquet,2026-03,900,1800,1789393049,1789395749,1784020475,1791485457,1,16305649,33
P325_SYNTH_EVENT_045_20260914,2026-09-14T19:22:29+05:30,synthetic_calendar_rbi_policy_like,BANKBEES,raw_synthetic_l2_dense_full_year\trade_month=2026-03\symbol=BANKBEES\part-00000.parquet,2026-03,900,1800,1789393049,1789395749,1784020475,1791487957,1,16313583,33
P325_SYNTH_EVENT_045_20260914,2026-09-14T19:22:29+05:30,synthetic_calendar_rbi_policy_like,BHARTIARTL,raw_synthetic_l2_dense_full_year\trade_month=2026-03\symbol=BHARTIARTL\part-00000.parquet,2026-03,900,1800,1789393049,1789395749,1784020475,1791489957,1,16315566,33
P325_SYNTH_EVENT_045_20260914,2026-09-14T19:22:29+05:30,synthetic_calendar_rbi_policy_like,BPCL,raw_synthetic_l2_dense_full_year\trade_month=2026-09\symbol=BPCL\part-00000.parquet,2026-09,900,1800,1789393049,1789395749,1784020475,1791493457,1,16335400,33
P325_SYNTH_EVENT_045_20260914,2026-09-14T19:22:29+05:30,synthetic_calendar_rbi_policy_like,BRITANNIA,raw_synthetic_l2_dense_full_year\trade_month=2026-09\symbol=BRITANNIA\part-00000.parquet,2026-09,900,1800,1789393049,1789395749,1784020475,1791484457,1,16329450,33
P325_SYNTH_EVENT_045_20260914,2026-09-14T19:22:29+05:30,synthetic_calendar_rbi_policy_like,CIPLA,raw_synthetic_l2_dense_full_year\trade_month=2026-03\symbol=CIPLA\part-00000.parquet,2026-03,900,1800,1789393049,1789395749,1784020264,1791506457,1,16327466,33
P325_SYNTH_EVENT_045_20260914,2026-09-14T19:22:29+05:30,synthetic_calendar_rbi_policy_like,DRREDDY,raw_synthetic_l2_dense_full_year\trade_month=2026-06\symbol=DRREDDY\part-00000.parquet,2026-06,900,1800,1789393049,1789395749,1784020475,1791492457,1,16293748,33
P325_SYNTH_EVENT_045_20260914,2026-09-14T19:22:29+05:30,synthetic_calendar_rbi_policy_like,GOLDBEES,raw_synthetic_l2_dense_full_year\trade_month=2026-06\symbol=GOLDBEES\part-00000.parquet,2026-06,900,1800,1789393049,1789395749,1784020475,1791489957,1,16301682,33
P325_SYNTH_EVENT_045_20260914,2026-09-14T19:22:29+05:30,synthetic_calendar_rbi_policy_like,HCLTECH,raw_synthetic_l2_dense_full_year\trade_month=2026-06\symbol=HCLTECH\part-00000.parquet,2026-06,900,1800,1789393049,1789395749,1784020475,1791494457,1,16309616,33
P325_SYNTH_EVENT_045_20260914,2026-09-14T19:22:29+05:30,synthetic_calendar_rbi_policy_like,HDFCBANK,raw_synthetic_l2_dense_full_year\trade_month=2026-03\symbol=HDFCBANK\part-00000.parquet,2026-03,900,1800,1789393049,1789395749,1784020475,1791478957,1,16303665,33
P325_SYNTH_EVENT_045_20260914,2026-09-14T19:22:29+05:30,synthetic_calendar_rbi_policy_like,HINDUNILVR,raw_synthetic_l2_dense_full_year\trade_month=2026-06\symbol=HINDUNILVR\part-00000.parquet,2026-06,900,1800,1789393049,1789395749,1784020475,1791483457,1,16315566,33
P325_SYNTH_EVENT_045_20260914,2026-09-14T19:22:29+05:30,synthetic_calendar_rbi_policy_like,ICICIBANK,raw_synthetic_l2_dense_full_year\trade_month=2026-06\symbol=ICICIBANK\part-00000.parquet,2026-06,900,1800,1789393049,1789395749,1784020475,1791481457,1,16325483,33
P325_SYNTH_EVENT_045_20260914,2026-09-14T19:22:29+05:30,synthetic_calendar_rbi_policy_like,INFY,raw_synthetic_l2_dense_full_year\trade_month=2026-09\symbol=INFY\part-00000.parquet,2026-09,900,1800,1789393049,1789395749,1784020475,1791479957,1,16309616,33
P325_SYNTH_EVENT_045_20260914,2026-09-14T19:22:29+05:30,synthetic_calendar_rbi_policy_like,ITBEES,raw_synthetic_l2_dense_full_year\trade_month=2026-03\symbol=ITBEES\part-00000.parquet,2026-03,900,1800,1789393049,1789395749,1784020475,1791482006,1,16283831,33
P325_SYNTH_EVENT_045_20260914,2026-09-14T19:22:29+05:30,synthetic_calendar_rbi_policy_like,ITC,raw_synthetic_l2_dense_full_year\trade_month=2026-06\symbol=ITC\part-00000.parquet,2026-06,900,1800,1789393049,1789395749,1784020475,1791488957,1,16323500,33
P325_SYNTH_EVENT_045_20260914,2026-09-14T19:22:29+05:30,synthetic_calendar_rbi_policy_like,JUNIORBEES,raw_synthetic_l2_dense_full_year\trade_month=2026-06\symbol=JUNIORBEES\part-00000.parquet,2026-06,900,1800,1789393049,1789395749,1784020475,1791500957,1,16301682,33
P325_SYNTH_EVENT_045_20260914,2026-09-14T19:22:29+05:30,synthetic_calendar_rbi_policy_like,KOTAKBANK,raw_synthetic_l2_dense_full_year\trade_month=2026-06\symbol=KOTAKBANK\part-00000.parquet,2026-06,900,1800,1789393049,1789395749,1784020475,1791483207,1,16317549,33
P325_SYNTH_EVENT_045_20260914,2026-09-14T19:22:29+05:30,synthetic_calendar_rbi_policy_like,LT,raw_synthetic_l2_dense_full_year\trade_month=2026-09\symbol=LT\part-00000.parquet,2026-09,900,1800,1789393049,1789395749,1784020475,1791478957,1,16321516,33
P325_SYNTH_EVENT_045_20260914,2026-09-14T19:22:29+05:30,synthetic_calendar_rbi_policy_like,M&M,raw_synthetic_l2_dense_full_year\trade_month=2026-09\symbol=M&M\part-00000.parquet,2026-09,900,1800,1789393049,1789395749,1784020475,1791482457,1,16307632,33
P325_SYNTH_EVENT_045_20260914,2026-09-14T19:22:29+05:30,synthetic_calendar_rbi_policy_like,MARUTI,raw_synthetic_l2_dense_full_year\trade_month=2026-03\symbol=MARUTI\part-00000.parquet,2026-03,900,1800,1789393049,1789395749,1784020475,1791495457,1,16313583,33
P325_SYNTH_EVENT_045_20260914,2026-09-14T19:22:29+05:30,synthetic_calendar_rbi_policy_like,NESTLEIND,raw_synthetic_l2_dense_full_year\trade_month=2026-06\symbol=NESTLEIND\part-00000.parquet,2026-06,900,1800,1789393049,1789395749,1784020475,1791481957,1,16331433,33
P325_SYNTH_EVENT_045_20260914,2026-09-14T19:22:29+05:30,synthetic_calendar_rbi_policy_like,NIFTYBEES,raw_synthetic_l2_dense_full_year\trade_month=2026-06\symbol=NIFTYBEES\part-00000.parquet,2026-06,900,1800,1789393049,1789395749,1784020475,1791483457,1,16331433,33
P325_SYNTH_EVENT_045_20260914,2026-09-14T19:22:29+05:30,synthetic_calendar_rbi_policy_like,ONGC,raw_synthetic_l2_dense_full_year\trade_month=2026-09\symbol=ONGC\part-00000.parquet,2026-09,900,1800,1789393049,1789395749,1784020475,1791480957,1,16313583,33
P325_SYNTH_EVENT_045_20260914,2026-09-14T19:22:29+05:30,synthetic_calendar_rbi_policy_like,RELIANCE,raw_synthetic_l2_dense_full_year\trade_month=2026-03\symbol=RELIANCE\part-00000.parquet,2026-03,900,1800,1789393049,1789395749,1784020475,1791482957,1,16309616,33
P325_SYNTH_EVENT_045_20260914,2026-09-14T19:22:29+05:30,synthetic_calendar_rbi_policy_like,SBIN,raw_synthetic_l2_dense_full_year\trade_month=2026-06\symbol=SBIN\part-00000.parquet,2026-06,900,1800,1789393049,1789395749,1784020475,1791494457,1,16285815,33
P325_SYNTH_EVENT_045_20260914,2026-09-14T19:22:29+05:30,synthetic_calendar_rbi_policy_like,SUNPHARMA,raw_synthetic_l2_dense_full_year\trade_month=2026-03\symbol=SUNPHARMA\part-00000.parquet,2026-03,900,1800,1789393049,1789395749,1784020375,1791486707,1,16303665,33
P325_SYNTH_EVENT_045_20260914,2026-09-14T19:22:29+05:30,synthetic_calendar_rbi_policy_like,TCS,raw_synthetic_l2_dense_full_year\trade_month=2026-09\symbol=TCS\part-00000.parquet,2026-09,900,1800,1789393049,1789395749,1784020475,1791498957,1,16327466,33
P325_SYNTH_EVENT_045_20260914,2026-09-14T19:22:29+05:30,synthetic_calendar_rbi_policy_like,TECHM,raw_synthetic_l2_dense_full_year\trade_month=2026-09\symbol=TECHM\part-00000.parquet,2026-09,900,1800,1789393049,1789395749,1784020475,1791482457,1,16291765,33
P325_SYNTH_EVENT_045_20260914,2026-09-14T19:22:29+05:30,synthetic_calendar_rbi_policy_like,ULTRACEMCO,raw_synthetic_l2_dense_full_year\trade_month=2026-06\symbol=ULTRACEMCO\part-00000.parquet,2026-06,900,1800,1789393049,1789395749,1784020475,1791495457,1,16319533,33
P325_SYNTH_EVENT_045_20260914,2026-09-14T19:22:29+05:30,synthetic_calendar_rbi_policy_like,WIPRO,raw_synthetic_l2_dense_full_year\trade_month=2026-03\symbol=WIPRO\part-00000.parquet,2026-03,900,1800,1789393049,1789395749,1784020475,1791485457,1,16319533,33
P325_SYNTH_EVENT_046_20260915,2026-09-15T18:37:29+05:30,synthetic_calendar_rbi_policy_like,ADANIPORTS,raw_synthetic_l2_dense_full_year\trade_month=2026-06\symbol=ADANIPORTS\part-00000.parquet,2026-06,900,1800,1789476749,1789479449,1784020475,1791482707,1,16301682,33
P325_SYNTH_EVENT_046_20260915,2026-09-15T18:37:29+05:30,synthetic_calendar_rbi_policy_like,AXISBANK,raw_synthetic_l2_dense_full_year\trade_month=2026-09\symbol=AXISBANK\part-00000.parquet,2026-09,900,1800,1789476749,1789479449,1784020475,1791489457,1,16315566,33
P325_SYNTH_EVENT_046_20260915,2026-09-15T18:37:29+05:30,synthetic_calendar_rbi_policy_like,BAJAJ-AUTO,raw_synthetic_l2_dense_full_year\trade_month=2026-03\symbol=BAJAJ-AUTO\part-00000.parquet,2026-03,900,1800,1789476749,1789479449,1784020475,1791485457,1,16305649,33
P325_SYNTH_EVENT_046_20260915,2026-09-15T18:37:29+05:30,synthetic_calendar_rbi_policy_like,BANKBEES,raw_synthetic_l2_dense_full_year\trade_month=2026-03\symbol=BANKBEES\part-00000.parquet,2026-03,900,1800,1789476749,1789479449,1784020475,1791487957,1,16313583,33
P325_SYNTH_EVENT_046_20260915,2026-09-15T18:37:29+05:30,synthetic_calendar_rbi_policy_like,BHARTIARTL,raw_synthetic_l2_dense_full_year\trade_month=2026-03\symbol=BHARTIARTL\part-00000.parquet,2026-03,900,1800,1789476749,1789479449,1784020475,1791489957,1,16315566,33
P325_SYNTH_EVENT_046_20260915,2026-09-15T18:37:29+05:30,synthetic_calendar_rbi_policy_like,BPCL,raw_synthetic_l2_dense_full_year\trade_month=2026-09\symbol=BPCL\part-00000.parquet,2026-09,900,1800,1789476749,1789479449,1784020475,1791493457,1,16335400,33
P325_SYNTH_EVENT_046_20260915,2026-09-15T18:37:29+05:30,synthetic_calendar_rbi_policy_like,BRITANNIA,raw_synthetic_l2_dense_full_year\trade_month=2026-09\symbol=BRITANNIA\part-00000.parquet,2026-09,900,1800,1789476749,1789479449,1784020475,1791484457,1,16329450,33
P325_SYNTH_EVENT_046_20260915,2026-09-15T18:37:29+05:30,synthetic_calendar_rbi_policy_like,CIPLA,raw_synthetic_l2_dense_full_year\trade_month=2026-03\symbol=CIPLA\part-00000.parquet,2026-03,900,1800,1789476749,1789479449,1784020264,1791506457,1,16327466,33
P325_SYNTH_EVENT_046_20260915,2026-09-15T18:37:29+05:30,synthetic_calendar_rbi_policy_like,DRREDDY,raw_synthetic_l2_dense_full_year\trade_month=2026-06\symbol=DRREDDY\part-00000.parquet,2026-06,900,1800,1789476749,1789479449,1784020475,1791492457,1,16293748,33
P325_SYNTH_EVENT_046_20260915,2026-09-15T18:37:29+05:30,synthetic_calendar_rbi_policy_like,GOLDBEES,raw_synthetic_l2_dense_full_year\trade_month=2026-06\symbol=GOLDBEES\part-00000.parquet,2026-06,900,1800,1789476749,1789479449,1784020475,1791489957,1,16301682,33
P325_SYNTH_EVENT_046_20260915,2026-09-15T18:37:29+05:30,synthetic_calendar_rbi_policy_like,HCLTECH,raw_synthetic_l2_dense_full_year\trade_month=2026-06\symbol=HCLTECH\part-00000.parquet,2026-06,900,1800,1789476749,1789479449,1784020475,1791494457,1,16309616,33
P325_SYNTH_EVENT_046_20260915,2026-09-15T18:37:29+05:30,synthetic_calendar_rbi_policy_like,HDFCBANK,raw_synthetic_l2_dense_full_year\trade_month=2026-03\symbol=HDFCBANK\part-00000.parquet,2026-03,900,1800,1789476749,1789479449,1784020475,1791478957,1,16303665,33
P325_SYNTH_EVENT_046_20260915,2026-09-15T18:37:29+05:30,synthetic_calendar_rbi_policy_like,HINDUNILVR,raw_synthetic_l2_dense_full_year\trade_month=2026-06\symbol=HINDUNILVR\part-00000.parquet,2026-06,900,1800,1789476749,1789479449,1784020475,1791483457,1,16315566,33
P325_SYNTH_EVENT_046_20260915,2026-09-15T18:37:29+05:30,synthetic_calendar_rbi_policy_like,ICICIBANK,raw_synthetic_l2_dense_full_year\trade_month=2026-06\symbol=ICICIBANK\part-00000.parquet,2026-06,900,1800,1789476749,1789479449,1784020475,1791481457,1,16325483,33
P325_SYNTH_EVENT_046_20260915,2026-09-15T18:37:29+05:30,synthetic_calendar_rbi_policy_like,INFY,raw_synthetic_l2_dense_full_year\trade_month=2026-09\symbol=INFY\part-00000.parquet,2026-09,900,1800,1789476749,1789479449,1784020475,1791479957,1,16309616,33
P325_SYNTH_EVENT_046_20260915,2026-09-15T18:37:29+05:30,synthetic_calendar_rbi_policy_like,ITBEES,raw_synthetic_l2_dense_full_year\trade_month=2026-03\symbol=ITBEES\part-00000.parquet,2026-03,900,1800,1789476749,1789479449,1784020475,1791482006,1,16283831,33
P325_SYNTH_EVENT_046_20260915,2026-09-15T18:37:29+05:30,synthetic_calendar_rbi_policy_like,ITC,raw_synthetic_l2_dense_full_year\trade_month=2026-06\symbol=ITC\part-00000.parquet,2026-06,900,1800,1789476749,1789479449,1784020475,1791488957,1,16323500,33
P325_SYNTH_EVENT_046_20260915,2026-09-15T18:37:29+05:30,synthetic_calendar_rbi_policy_like,JUNIORBEES,raw_synthetic_l2_dense_full_year\trade_month=2026-06\symbol=JUNIORBEES\part-00000.parquet,2026-06,900,1800,1789476749,1789479449,1784020475,1791500957,1,16301682,33
P325_SYNTH_EVENT_046_20260915,2026-09-15T18:37:29+05:30,synthetic_calendar_rbi_policy_like,KOTAKBANK,raw_synthetic_l2_dense_full_year\trade_month=2026-06\symbol=KOTAKBANK\part-00000.parquet,2026-06,900,1800,1789476749,1789479449,1784020475,1791483207,1,16317549,33
P325_SYNTH_EVENT_046_20260915,2026-09-15T18:37:29+05:30,synthetic_calendar_rbi_policy_like,LT,raw_synthetic_l2_dense_full_year\trade_month=2026-09\symbol=LT\part-00000.parquet,2026-09,900,1800,1789476749,1789479449,1784020475,1791478957,1,16321516,33
P325_SYNTH_EVENT_046_20260915,2026-09-15T18:37:29+05:30,synthetic_calendar_rbi_policy_like,M&M,raw_synthetic_l2_dense_full_year\trade_month=2026-09\symbol=M&M\part-00000.parquet,2026-09,900,1800,1789476749,1789479449,1784020475,1791482457,1,16307632,33
P325_SYNTH_EVENT_046_20260915,2026-09-15T18:37:29+05:30,synthetic_calendar_rbi_policy_like,MARUTI,raw_synthetic_l2_dense_full_year\trade_month=2026-03\symbol=MARUTI\part-00000.parquet,2026-03,900,1800,1789476749,1789479449,1784020475,1791495457,1,16313583,33
P325_SYNTH_EVENT_046_20260915,2026-09-15T18:37:29+05:30,synthetic_calendar_rbi_policy_like,NESTLEIND,raw_synthetic_l2_dense_full_year\trade_month=2026-06\symbol=NESTLEIND\part-00000.parquet,2026-06,900,1800,1789476749,1789479449,1784020475,1791481957,1,16331433,33
P325_SYNTH_EVENT_046_20260915,2026-09-15T18:37:29+05:30,synthetic_calendar_rbi_policy_like,NIFTYBEES,raw_synthetic_l2_dense_full_year\trade_month=2026-06\symbol=NIFTYBEES\part-00000.parquet,2026-06,900,1800,1789476749,1789479449,1784020475,1791483457,1,16331433,33
P325_SYNTH_EVENT_046_20260915,2026-09-15T18:37:29+05:30,synthetic_calendar_rbi_policy_like,ONGC,raw_synthetic_l2_dense_full_year\trade_month=2026-09\symbol=ONGC\part-00000.parquet,2026-09,900,1800,1789476749,1789479449,1784020475,1791480957,1,16313583,33
P325_SYNTH_EVENT_046_20260915,2026-09-15T18:37:29+05:30,synthetic_calendar_rbi_policy_like,RELIANCE,raw_synthetic_l2_dense_full_year\trade_month=2026-03\symbol=RELIANCE\part-00000.parquet,2026-03,900,1800,1789476749,1789479449,1784020475,1791482957,1,16309616,33
P325_SYNTH_EVENT_046_20260915,2026-09-15T18:37:29+05:30,synthetic_calendar_rbi_policy_like,SBIN,raw_synthetic_l2_dense_full_year\trade_month=2026-06\symbol=SBIN\part-00000.parquet,2026-06,900,1800,1789476749,1789479449,1784020475,1791494457,1,16285815,33
P325_SYNTH_EVENT_046_20260915,2026-09-15T18:37:29+05:30,synthetic_calendar_rbi_policy_like,SUNPHARMA,raw_synthetic_l2_dense_full_year\trade_month=2026-03\symbol=SUNPHARMA\part-00000.parquet,2026-03,900,1800,1789476749,1789479449,1784020375,1791486707,1,16303665,33
P325_SYNTH_EVENT_046_20260915,2026-09-15T18:37:29+05:30,synthetic_calendar_rbi_policy_like,TCS,raw_synthetic_l2_dense_full_year\trade_month=2026-09\symbol=TCS\part-00000.parquet,2026-09,900,1800,1789476749,1789479449,1784020475,1791498957,1,16327466,33
P325_SYNTH_EVENT_046_20260915,2026-09-15T18:37:29+05:30,synthetic_calendar_rbi_policy_like,TECHM,raw_synthetic_l2_dense_full_year\trade_month=2026-09\symbol=TECHM\part-00000.parquet,2026-09,900,1800,1789476749,1789479449,1784020475,1791482457,1,16291765,33
P325_SYNTH_EVENT_046_20260915,2026-09-15T18:37:29+05:30,synthetic_calendar_rbi_policy_like,ULTRACEMCO,raw_synthetic_l2_dense_full_year\trade_month=2026-06\symbol=ULTRACEMCO\part-00000.parquet,2026-06,900,1800,1789476749,1789479449,1784020475,1791495457,1,16319533,33
P325_SYNTH_EVENT_046_20260915,2026-09-15T18:37:29+05:30,synthetic_calendar_rbi_policy_like,WIPRO,raw_synthetic_l2_dense_full_year\trade_month=2026-03\symbol=WIPRO\part-00000.parquet,2026-03,900,1800,1789476749,1789479449,1784020475,1791485457,1,16319533,33
P325_SYNTH_EVENT_047_20260916,2026-09-16T16:22:29+05:30,synthetic_calendar_rbi_policy_like,ADANIPORTS,raw_synthetic_l2_dense_full_year\trade_month=2026-06\symbol=ADANIPORTS\part-00000.parquet,2026-06,900,1800,1789555049,1789557749,1784020475,1791482707,1,16301682,33
P325_SYNTH_EVENT_047_20260916,2026-09-16T16:22:29+05:30,synthetic_calendar_rbi_policy_like,AXISBANK,raw_synthetic_l2_dense_full_year\trade_month=2026-09\symbol=AXISBANK\part-00000.parquet,2026-09,900,1800,1789555049,1789557749,1784020475,1791489457,1,16315566,33
P325_SYNTH_EVENT_047_20260916,2026-09-16T16:22:29+05:30,synthetic_calendar_rbi_policy_like,BAJAJ-AUTO,raw_synthetic_l2_dense_full_year\trade_month=2026-03\symbol=BAJAJ-AUTO\part-00000.parquet,2026-03,900,1800,1789555049,1789557749,1784020475,1791485457,1,16305649,33
P325_SYNTH_EVENT_047_20260916,2026-09-16T16:22:29+05:30,synthetic_calendar_rbi_policy_like,BANKBEES,raw_synthetic_l2_dense_full_year\trade_month=2026-03\symbol=BANKBEES\part-00000.parquet,2026-03,900,1800,1789555049,1789557749,1784020475,1791487957,1,16313583,33
P325_SYNTH_EVENT_047_20260916,2026-09-16T16:22:29+05:30,synthetic_calendar_rbi_policy_like,BHARTIARTL,raw_synthetic_l2_dense_full_year\trade_month=2026-03\symbol=BHARTIARTL\part-00000.parquet,2026-03,900,1800,1789555049,1789557749,1784020475,1791489957,1,16315566,33
P325_SYNTH_EVENT_047_20260916,2026-09-16T16:22:29+05:30,synthetic_calendar_rbi_policy_like,BPCL,raw_synthetic_l2_dense_full_year\trade_month=2026-09\symbol=BPCL\part-00000.parquet,2026-09,900,1800,1789555049,1789557749,1784020475,1791493457,1,16335400,33
P325_SYNTH_EVENT_047_20260916,2026-09-16T16:22:29+05:30,synthetic_calendar_rbi_policy_like,BRITANNIA,raw_synthetic_l2_dense_full_year\trade_month=2026-09\symbol=BRITANNIA\part-00000.parquet,2026-09,900,1800,1789555049,1789557749,1784020475,1791484457,1,16329450,33
P325_SYNTH_EVENT_047_20260916,2026-09-16T16:22:29+05:30,synthetic_calendar_rbi_policy_like,CIPLA,raw_synthetic_l2_dense_full_year\trade_month=2026-03\symbol=CIPLA\part-00000.parquet,2026-03,900,1800,1789555049,1789557749,1784020264,1791506457,1,16327466,33
P325_SYNTH_EVENT_047_20260916,2026-09-16T16:22:29+05:30,synthetic_calendar_rbi_policy_like,DRREDDY,raw_synthetic_l2_dense_full_year\trade_month=2026-06\symbol=DRREDDY\part-00000.parquet,2026-06,900,1800,1789555049,1789557749,1784020475,1791492457,1,16293748,33
P325_SYNTH_EVENT_047_20260916,2026-09-16T16:22:29+05:30,synthetic_calendar_rbi_policy_like,GOLDBEES,raw_synthetic_l2_dense_full_year\trade_month=2026-06\symbol=GOLDBEES\part-00000.parquet,2026-06,900,1800,1789555049,1789557749,1784020475,1791489957,1,16301682,33
P325_SYNTH_EVENT_047_20260916,2026-09-16T16:22:29+05:30,synthetic_calendar_rbi_policy_like,HCLTECH,raw_synthetic_l2_dense_full_year\trade_month=2026-06\symbol=HCLTECH\part-00000.parquet,2026-06,900,1800,1789555049,1789557749,1784020475,1791494457,1,16309616,33
P325_SYNTH_EVENT_047_20260916,2026-09-16T16:22:29+05:30,synthetic_calendar_rbi_policy_like,HDFCBANK,raw_synthetic_l2_dense_full_year\trade_month=2026-03\symbol=HDFCBANK\part-00000.parquet,2026-03,900,1800,1789555049,1789557749,1784020475,1791478957,1,16303665,33
P325_SYNTH_EVENT_047_20260916,2026-09-16T16:22:29+05:30,synthetic_calendar_rbi_policy_like,HINDUNILVR,raw_synthetic_l2_dense_full_year\trade_month=2026-06\symbol=HINDUNILVR\part-00000.parquet,2026-06,900,1800,1789555049,1789557749,1784020475,1791483457,1,16315566,33
P325_SYNTH_EVENT_047_20260916,2026-09-16T16:22:29+05:30,synthetic_calendar_rbi_policy_like,ICICIBANK,raw_synthetic_l2_dense_full_year\trade_month=2026-06\symbol=ICICIBANK\part-00000.parquet,2026-06,900,1800,1789555049,1789557749,1784020475,1791481457,1,16325483,33
P325_SYNTH_EVENT_047_20260916,2026-09-16T16:22:29+05:30,synthetic_calendar_rbi_policy_like,INFY,raw_synthetic_l2_dense_full_year\trade_month=2026-09\symbol=INFY\part-00000.parquet,2026-09,900,1800,1789555049,1789557749,1784020475,1791479957,1,16309616,33
P325_SYNTH_EVENT_047_20260916,2026-09-16T16:22:29+05:30,synthetic_calendar_rbi_policy_like,ITBEES,raw_synthetic_l2_dense_full_year\trade_month=2026-03\symbol=ITBEES\part-00000.parquet,2026-03,900,1800,1789555049,1789557749,1784020475,1791482006,1,16283831,33
P325_SYNTH_EVENT_047_20260916,2026-09-16T16:22:29+05:30,synthetic_calendar_rbi_policy_like,ITC,raw_synthetic_l2_dense_full_year\trade_month=2026-06\symbol=ITC\part-00000.parquet,2026-06,900,1800,1789555049,1789557749,1784020475,1791488957,1,16323500,33
P325_SYNTH_EVENT_047_20260916,2026-09-16T16:22:29+05:30,synthetic_calendar_rbi_policy_like,JUNIORBEES,raw_synthetic_l2_dense_full_year\trade_month=2026-06\symbol=JUNIORBEES\part-00000.parquet,2026-06,900,1800,1789555049,1789557749,1784020475,1791500957,1,16301682,33
P325_SYNTH_EVENT_047_20260916,2026-09-16T16:22:29+05:30,synthetic_calendar_rbi_policy_like,KOTAKBANK,raw_synthetic_l2_dense_full_year\trade_month=2026-06\symbol=KOTAKBANK\part-00000.parquet,2026-06,900,1800,1789555049,1789557749,1784020475,1791483207,1,16317549,33
P325_SYNTH_EVENT_047_20260916,2026-09-16T16:22:29+05:30,synthetic_calendar_rbi_policy_like,LT,raw_synthetic_l2_dense_full_year\trade_month=2026-09\symbol=LT\part-00000.parquet,2026-09,900,1800,1789555049,1789557749,1784020475,1791478957,1,16321516,33
P325_SYNTH_EVENT_047_20260916,2026-09-16T16:22:29+05:30,synthetic_calendar_rbi_policy_like,M&M,raw_synthetic_l2_dense_full_year\trade_month=2026-09\symbol=M&M\part-00000.parquet,2026-09,900,1800,1789555049,1789557749,1784020475,1791482457,1,16307632,33
P325_SYNTH_EVENT_047_20260916,2026-09-16T16:22:29+05:30,synthetic_calendar_rbi_policy_like,MARUTI,raw_synthetic_l2_dense_full_year\trade_month=2026-03\symbol=MARUTI\part-00000.parquet,2026-03,900,1800,1789555049,1789557749,1784020475,1791495457,1,16313583,33
P325_SYNTH_EVENT_047_20260916,2026-09-16T16:22:29+05:30,synthetic_calendar_rbi_policy_like,NESTLEIND,raw_synthetic_l2_dense_full_year\trade_month=2026-06\symbol=NESTLEIND\part-00000.parquet,2026-06,900,1800,1789555049,1789557749,1784020475,1791481957,1,16331433,33
P325_SYNTH_EVENT_047_20260916,2026-09-16T16:22:29+05:30,synthetic_calendar_rbi_policy_like,NIFTYBEES,raw_synthetic_l2_dense_full_year\trade_month=2026-06\symbol=NIFTYBEES\part-00000.parquet,2026-06,900,1800,1789555049,1789557749,1784020475,1791483457,1,16331433,33
P325_SYNTH_EVENT_047_20260916,2026-09-16T16:22:29+05:30,synthetic_calendar_rbi_policy_like,ONGC,raw_synthetic_l2_dense_full_year\trade_month=2026-09\symbol=ONGC\part-00000.parquet,2026-09,900,1800,1789555049,1789557749,1784020475,1791480957,1,16313583,33
P325_SYNTH_EVENT_047_20260916,2026-09-16T16:22:29+05:30,synthetic_calendar_rbi_policy_like,RELIANCE,raw_synthetic_l2_dense_full_year\trade_month=2026-03\symbol=RELIANCE\part-00000.parquet,2026-03,900,1800,1789555049,1789557749,1784020475,1791482957,1,16309616,33
P325_SYNTH_EVENT_047_20260916,2026-09-16T16:22:29+05:30,synthetic_calendar_rbi_policy_like,SBIN,raw_synthetic_l2_dense_full_year\trade_month=2026-06\symbol=SBIN\part-00000.parquet,2026-06,900,1800,1789555049,1789557749,1784020475,1791494457,1,16285815,33
P325_SYNTH_EVENT_047_20260916,2026-09-16T16:22:29+05:30,synthetic_calendar_rbi_policy_like,SUNPHARMA,raw_synthetic_l2_dense_full_year\trade_month=2026-03\symbol=SUNPHARMA\part-00000.parquet,2026-03,900,1800,1789555049,1789557749,1784020375,1791486707,1,16303665,33
P325_SYNTH_EVENT_047_20260916,2026-09-16T16:22:29+05:30,synthetic_calendar_rbi_policy_like,TCS,raw_synthetic_l2_dense_full_year\trade_month=2026-09\symbol=TCS\part-00000.parquet,2026-09,900,1800,1789555049,1789557749,1784020475,1791498957,1,16327466,33
P325_SYNTH_EVENT_047_20260916,2026-09-16T16:22:29+05:30,synthetic_calendar_rbi_policy_like,TECHM,raw_synthetic_l2_dense_full_year\trade_month=2026-09\symbol=TECHM\part-00000.parquet,2026-09,900,1800,1789555049,1789557749,1784020475,1791482457,1,16291765,33
P325_SYNTH_EVENT_047_20260916,2026-09-16T16:22:29+05:30,synthetic_calendar_rbi_policy_like,ULTRACEMCO,raw_synthetic_l2_dense_full_year\trade_month=2026-06\symbol=ULTRACEMCO\part-00000.parquet,2026-06,900,1800,1789555049,1789557749,1784020475,1791495457,1,16319533,33
P325_SYNTH_EVENT_047_20260916,2026-09-16T16:22:29+05:30,synthetic_calendar_rbi_policy_like,WIPRO,raw_synthetic_l2_dense_full_year\trade_month=2026-03\symbol=WIPRO\part-00000.parquet,2026-03,900,1800,1789555049,1789557749,1784020475,1791485457,1,16319533,33
P325_SYNTH_EVENT_048_20260917,2026-09-17T19:22:29+05:30,synthetic_calendar_rbi_policy_like,ADANIPORTS,raw_synthetic_l2_dense_full_year\trade_month=2026-06\symbol=ADANIPORTS\part-00000.parquet,2026-06,900,1800,1789652249,1789654949,1784020475,1791482707,1,16301682,33
P325_SYNTH_EVENT_048_20260917,2026-09-17T19:22:29+05:30,synthetic_calendar_rbi_policy_like,AXISBANK,raw_synthetic_l2_dense_full_year\trade_month=2026-09\symbol=AXISBANK\part-00000.parquet,2026-09,900,1800,1789652249,1789654949,1784020475,1791489457,1,16315566,33
P325_SYNTH_EVENT_048_20260917,2026-09-17T19:22:29+05:30,synthetic_calendar_rbi_policy_like,BAJAJ-AUTO,raw_synthetic_l2_dense_full_year\trade_month=2026-03\symbol=BAJAJ-AUTO\part-00000.parquet,2026-03,900,1800,1789652249,1789654949,1784020475,1791485457,1,16305649,33
P325_SYNTH_EVENT_048_20260917,2026-09-17T19:22:29+05:30,synthetic_calendar_rbi_policy_like,BANKBEES,raw_synthetic_l2_dense_full_year\trade_month=2026-03\symbol=BANKBEES\part-00000.parquet,2026-03,900,1800,1789652249,1789654949,1784020475,1791487957,1,16313583,33
P325_SYNTH_EVENT_048_20260917,2026-09-17T19:22:29+05:30,synthetic_calendar_rbi_policy_like,BHARTIARTL,raw_synthetic_l2_dense_full_year\trade_month=2026-03\symbol=BHARTIARTL\part-00000.parquet,2026-03,900,1800,1789652249,1789654949,1784020475,1791489957,1,16315566,33
P325_SYNTH_EVENT_048_20260917,2026-09-17T19:22:29+05:30,synthetic_calendar_rbi_policy_like,BPCL,raw_synthetic_l2_dense_full_year\trade_month=2026-09\symbol=BPCL\part-00000.parquet,2026-09,900,1800,1789652249,1789654949,1784020475,1791493457,1,16335400,33
P325_SYNTH_EVENT_048_20260917,2026-09-17T19:22:29+05:30,synthetic_calendar_rbi_policy_like,BRITANNIA,raw_synthetic_l2_dense_full_year\trade_month=2026-09\symbol=BRITANNIA\part-00000.parquet,2026-09,900,1800,1789652249,1789654949,1784020475,1791484457,1,16329450,33
P325_SYNTH_EVENT_048_20260917,2026-09-17T19:22:29+05:30,synthetic_calendar_rbi_policy_like,CIPLA,raw_synthetic_l2_dense_full_year\trade_month=2026-03\symbol=CIPLA\part-00000.parquet,2026-03,900,1800,1789652249,1789654949,1784020264,1791506457,1,16327466,33
P325_SYNTH_EVENT_048_20260917,2026-09-17T19:22:29+05:30,synthetic_calendar_rbi_policy_like,DRREDDY,raw_synthetic_l2_dense_full_year\trade_month=2026-06\symbol=DRREDDY\part-00000.parquet,2026-06,900,1800,1789652249,1789654949,1784020475,1791492457,1,16293748,33
P325_SYNTH_EVENT_048_20260917,2026-09-17T19:22:29+05:30,synthetic_calendar_rbi_policy_like,GOLDBEES,raw_synthetic_l2_dense_full_year\trade_month=2026-06\symbol=GOLDBEES\part-00000.parquet,2026-06,900,1800,1789652249,1789654949,1784020475,1791489957,1,16301682,33
P325_SYNTH_EVENT_048_20260917,2026-09-17T19:22:29+05:30,synthetic_calendar_rbi_policy_like,HCLTECH,raw_synthetic_l2_dense_full_year\trade_month=2026-06\symbol=HCLTECH\part-00000.parquet,2026-06,900,1800,1789652249,1789654949,1784020475,1791494457,1,16309616,33
P325_SYNTH_EVENT_048_20260917,2026-09-17T19:22:29+05:30,synthetic_calendar_rbi_policy_like,HDFCBANK,raw_synthetic_l2_dense_full_year\trade_month=2026-03\symbol=HDFCBANK\part-00000.parquet,2026-03,900,1800,1789652249,1789654949,1784020475,1791478957,1,16303665,33
P325_SYNTH_EVENT_048_20260917,2026-09-17T19:22:29+05:30,synthetic_calendar_rbi_policy_like,HINDUNILVR,raw_synthetic_l2_dense_full_year\trade_month=2026-06\symbol=HINDUNILVR\part-00000.parquet,2026-06,900,1800,1789652249,1789654949,1784020475,1791483457,1,16315566,33
P325_SYNTH_EVENT_048_20260917,2026-09-17T19:22:29+05:30,synthetic_calendar_rbi_policy_like,ICICIBANK,raw_synthetic_l2_dense_full_year\trade_month=2026-06\symbol=ICICIBANK\part-00000.parquet,2026-06,900,1800,1789652249,1789654949,1784020475,1791481457,1,16325483,33
P325_SYNTH_EVENT_048_20260917,2026-09-17T19:22:29+05:30,synthetic_calendar_rbi_policy_like,INFY,raw_synthetic_l2_dense_full_year\trade_month=2026-09\symbol=INFY\part-00000.parquet,2026-09,900,1800,1789652249,1789654949,1784020475,1791479957,1,16309616,33
P325_SYNTH_EVENT_048_20260917,2026-09-17T19:22:29+05:30,synthetic_calendar_rbi_policy_like,ITBEES,raw_synthetic_l2_dense_full_year\trade_month=2026-03\symbol=ITBEES\part-00000.parquet,2026-03,900,1800,1789652249,1789654949,1784020475,1791482006,1,16283831,33
P325_SYNTH_EVENT_048_20260917,2026-09-17T19:22:29+05:30,synthetic_calendar_rbi_policy_like,ITC,raw_synthetic_l2_dense_full_year\trade_month=2026-06\symbol=ITC\part-00000.parquet,2026-06,900,1800,1789652249,1789654949,1784020475,1791488957,1,16323500,33
P325_SYNTH_EVENT_048_20260917,2026-09-17T19:22:29+05:30,synthetic_calendar_rbi_policy_like,JUNIORBEES,raw_synthetic_l2_dense_full_year\trade_month=2026-06\symbol=JUNIORBEES\part-00000.parquet,2026-06,900,1800,1789652249,1789654949,1784020475,1791500957,1,16301682,33
P325_SYNTH_EVENT_048_20260917,2026-09-17T19:22:29+05:30,synthetic_calendar_rbi_policy_like,KOTAKBANK,raw_synthetic_l2_dense_full_year\trade_month=2026-06\symbol=KOTAKBANK\part-00000.parquet,2026-06,900,1800,1789652249,1789654949,1784020475,1791483207,1,16317549,33
P325_SYNTH_EVENT_048_20260917,2026-09-17T19:22:29+05:30,synthetic_calendar_rbi_policy_like,LT,raw_synthetic_l2_dense_full_year\trade_month=2026-09\symbol=LT\part-00000.parquet,2026-09,900,1800,1789652249,1789654949,1784020475,1791478957,1,16321516,33
P325_SYNTH_EVENT_048_20260917,2026-09-17T19:22:29+05:30,synthetic_calendar_rbi_policy_like,M&M,raw_synthetic_l2_dense_full_year\trade_month=2026-09\symbol=M&M\part-00000.parquet,2026-09,900,1800,1789652249,1789654949,1784020475,1791482457,1,16307632,33
P325_SYNTH_EVENT_048_20260917,2026-09-17T19:22:29+05:30,synthetic_calendar_rbi_policy_like,MARUTI,raw_synthetic_l2_dense_full_year\trade_month=2026-03\symbol=MARUTI\part-00000.parquet,2026-03,900,1800,1789652249,1789654949,1784020475,1791495457,1,16313583,33
P325_SYNTH_EVENT_048_20260917,2026-09-17T19:22:29+05:30,synthetic_calendar_rbi_policy_like,NESTLEIND,raw_synthetic_l2_dense_full_year\trade_month=2026-06\symbol=NESTLEIND\part-00000.parquet,2026-06,900,1800,1789652249,1789654949,1784020475,1791481957,1,16331433,33
P325_SYNTH_EVENT_048_20260917,2026-09-17T19:22:29+05:30,synthetic_calendar_rbi_policy_like,NIFTYBEES,raw_synthetic_l2_dense_full_year\trade_month=2026-06\symbol=NIFTYBEES\part-00000.parquet,2026-06,900,1800,1789652249,1789654949,1784020475,1791483457,1,16331433,33
P325_SYNTH_EVENT_048_20260917,2026-09-17T19:22:29+05:30,synthetic_calendar_rbi_policy_like,ONGC,raw_synthetic_l2_dense_full_year\trade_month=2026-09\symbol=ONGC\part-00000.parquet,2026-09,900,1800,1789652249,1789654949,1784020475,1791480957,1,16313583,33
P325_SYNTH_EVENT_048_20260917,2026-09-17T19:22:29+05:30,synthetic_calendar_rbi_policy_like,RELIANCE,raw_synthetic_l2_dense_full_year\trade_month=2026-03\symbol=RELIANCE\part-00000.parquet,2026-03,900,1800,1789652249,1789654949,1784020475,1791482957,1,16309616,33
P325_SYNTH_EVENT_048_20260917,2026-09-17T19:22:29+05:30,synthetic_calendar_rbi_policy_like,SBIN,raw_synthetic_l2_dense_full_year\trade_month=2026-06\symbol=SBIN\part-00000.parquet,2026-06,900,1800,1789652249,1789654949,1784020475,1791494457,1,16285815,33
P325_SYNTH_EVENT_048_20260917,2026-09-17T19:22:29+05:30,synthetic_calendar_rbi_policy_like,SUNPHARMA,raw_synthetic_l2_dense_full_year\trade_month=2026-03\symbol=SUNPHARMA\part-00000.parquet,2026-03,900,1800,1789652249,1789654949,1784020375,1791486707,1,16303665,33
P325_SYNTH_EVENT_048_20260917,2026-09-17T19:22:29+05:30,synthetic_calendar_rbi_policy_like,TCS,raw_synthetic_l2_dense_full_year\trade_month=2026-09\symbol=TCS\part-00000.parquet,2026-09,900,1800,1789652249,1789654949,1784020475,1791498957,1,16327466,33
P325_SYNTH_EVENT_048_20260917,2026-09-17T19:22:29+05:30,synthetic_calendar_rbi_policy_like,TECHM,raw_synthetic_l2_dense_full_year\trade_month=2026-09\symbol=TECHM\part-00000.parquet,2026-09,900,1800,1789652249,1789654949,1784020475,1791482457,1,16291765,33
P325_SYNTH_EVENT_048_20260917,2026-09-17T19:22:29+05:30,synthetic_calendar_rbi_policy_like,ULTRACEMCO,raw_synthetic_l2_dense_full_year\trade_month=2026-06\symbol=ULTRACEMCO\part-00000.parquet,2026-06,900,1800,1789652249,1789654949,1784020475,1791495457,1,16319533,33
P325_SYNTH_EVENT_048_20260917,2026-09-17T19:22:29+05:30,synthetic_calendar_rbi_policy_like,WIPRO,raw_synthetic_l2_dense_full_year\trade_month=2026-03\symbol=WIPRO\part-00000.parquet,2026-03,900,1800,1789652249,1789654949,1784020475,1791485457,1,16319533,33
P325_SYNTH_EVENT_049_20260918,2026-09-18T17:07:29+05:30,synthetic_calendar_rbi_policy_like,ADANIPORTS,raw_synthetic_l2_dense_full_year\trade_month=2026-06\symbol=ADANIPORTS\part-00000.parquet,2026-06,900,1800,1789730549,1789733249,1784020475,1791482707,1,16301682,33
P325_SYNTH_EVENT_049_20260918,2026-09-18T17:07:29+05:30,synthetic_calendar_rbi_policy_like,AXISBANK,raw_synthetic_l2_dense_full_year\trade_month=2026-09\symbol=AXISBANK\part-00000.parquet,2026-09,900,1800,1789730549,1789733249,1784020475,1791489457,1,16315566,33
P325_SYNTH_EVENT_049_20260918,2026-09-18T17:07:29+05:30,synthetic_calendar_rbi_policy_like,BAJAJ-AUTO,raw_synthetic_l2_dense_full_year\trade_month=2026-03\symbol=BAJAJ-AUTO\part-00000.parquet,2026-03,900,1800,1789730549,1789733249,1784020475,1791485457,1,16305649,33
P325_SYNTH_EVENT_049_20260918,2026-09-18T17:07:29+05:30,synthetic_calendar_rbi_policy_like,BANKBEES,raw_synthetic_l2_dense_full_year\trade_month=2026-03\symbol=BANKBEES\part-00000.parquet,2026-03,900,1800,1789730549,1789733249,1784020475,1791487957,1,16313583,33
P325_SYNTH_EVENT_049_20260918,2026-09-18T17:07:29+05:30,synthetic_calendar_rbi_policy_like,BHARTIARTL,raw_synthetic_l2_dense_full_year\trade_month=2026-03\symbol=BHARTIARTL\part-00000.parquet,2026-03,900,1800,1789730549,1789733249,1784020475,1791489957,1,16315566,33
P325_SYNTH_EVENT_049_20260918,2026-09-18T17:07:29+05:30,synthetic_calendar_rbi_policy_like,BPCL,raw_synthetic_l2_dense_full_year\trade_month=2026-09\symbol=BPCL\part-00000.parquet,2026-09,900,1800,1789730549,1789733249,1784020475,1791493457,1,16335400,33
P325_SYNTH_EVENT_049_20260918,2026-09-18T17:07:29+05:30,synthetic_calendar_rbi_policy_like,BRITANNIA,raw_synthetic_l2_dense_full_year\trade_month=2026-09\symbol=BRITANNIA\part-00000.parquet,2026-09,900,1800,1789730549,1789733249,1784020475,1791484457,1,16329450,33
P325_SYNTH_EVENT_049_20260918,2026-09-18T17:07:29+05:30,synthetic_calendar_rbi_policy_like,CIPLA,raw_synthetic_l2_dense_full_year\trade_month=2026-03\symbol=CIPLA\part-00000.parquet,2026-03,900,1800,1789730549,1789733249,1784020264,1791506457,1,16327466,33
P325_SYNTH_EVENT_049_20260918,2026-09-18T17:07:29+05:30,synthetic_calendar_rbi_policy_like,DRREDDY,raw_synthetic_l2_dense_full_year\trade_month=2026-06\symbol=DRREDDY\part-00000.parquet,2026-06,900,1800,1789730549,1789733249,1784020475,1791492457,1,16293748,33
P325_SYNTH_EVENT_049_20260918,2026-09-18T17:07:29+05:30,synthetic_calendar_rbi_policy_like,GOLDBEES,raw_synthetic_l2_dense_full_year\trade_month=2026-06\symbol=GOLDBEES\part-00000.parquet,2026-06,900,1800,1789730549,1789733249,1784020475,1791489957,1,16301682,33
P325_SYNTH_EVENT_049_20260918,2026-09-18T17:07:29+05:30,synthetic_calendar_rbi_policy_like,HCLTECH,raw_synthetic_l2_dense_full_year\trade_month=2026-06\symbol=HCLTECH\part-00000.parquet,2026-06,900,1800,1789730549,1789733249,1784020475,1791494457,1,16309616,33
P325_SYNTH_EVENT_049_20260918,2026-09-18T17:07:29+05:30,synthetic_calendar_rbi_policy_like,HDFCBANK,raw_synthetic_l2_dense_full_year\trade_month=2026-03\symbol=HDFCBANK\part-00000.parquet,2026-03,900,1800,1789730549,1789733249,1784020475,1791478957,1,16303665,33
P325_SYNTH_EVENT_049_20260918,2026-09-18T17:07:29+05:30,synthetic_calendar_rbi_policy_like,HINDUNILVR,raw_synthetic_l2_dense_full_year\trade_month=2026-06\symbol=HINDUNILVR\part-00000.parquet,2026-06,900,1800,1789730549,1789733249,1784020475,1791483457,1,16315566,33
P325_SYNTH_EVENT_049_20260918,2026-09-18T17:07:29+05:30,synthetic_calendar_rbi_policy_like,ICICIBANK,raw_synthetic_l2_dense_full_year\trade_month=2026-06\symbol=ICICIBANK\part-00000.parquet,2026-06,900,1800,1789730549,1789733249,1784020475,1791481457,1,16325483,33
P325_SYNTH_EVENT_049_20260918,2026-09-18T17:07:29+05:30,synthetic_calendar_rbi_policy_like,INFY,raw_synthetic_l2_dense_full_year\trade_month=2026-09\symbol=INFY\part-00000.parquet,2026-09,900,1800,1789730549,1789733249,1784020475,1791479957,1,16309616,33
P325_SYNTH_EVENT_049_20260918,2026-09-18T17:07:29+05:30,synthetic_calendar_rbi_policy_like,ITBEES,raw_synthetic_l2_dense_full_year\trade_month=2026-03\symbol=ITBEES\part-00000.parquet,2026-03,900,1800,1789730549,1789733249,1784020475,1791482006,1,16283831,33
P325_SYNTH_EVENT_049_20260918,2026-09-18T17:07:29+05:30,synthetic_calendar_rbi_policy_like,ITC,raw_synthetic_l2_dense_full_year\trade_month=2026-06\symbol=ITC\part-00000.parquet,2026-06,900,1800,1789730549,1789733249,1784020475,1791488957,1,16323500,33
P325_SYNTH_EVENT_049_20260918,2026-09-18T17:07:29+05:30,synthetic_calendar_rbi_policy_like,JUNIORBEES,raw_synthetic_l2_dense_full_year\trade_month=2026-06\symbol=JUNIORBEES\part-00000.parquet,2026-06,900,1800,1789730549,1789733249,1784020475,1791500957,1,16301682,33
P325_SYNTH_EVENT_049_20260918,2026-09-18T17:07:29+05:30,synthetic_calendar_rbi_policy_like,KOTAKBANK,raw_synthetic_l2_dense_full_year\trade_month=2026-06\symbol=KOTAKBANK\part-00000.parquet,2026-06,900,1800,1789730549,1789733249,1784020475,1791483207,1,16317549,33
P325_SYNTH_EVENT_049_20260918,2026-09-18T17:07:29+05:30,synthetic_calendar_rbi_policy_like,LT,raw_synthetic_l2_dense_full_year\trade_month=2026-09\symbol=LT\part-00000.parquet,2026-09,900,1800,1789730549,1789733249,1784020475,1791478957,1,16321516,33
P325_SYNTH_EVENT_049_20260918,2026-09-18T17:07:29+05:30,synthetic_calendar_rbi_policy_like,M&M,raw_synthetic_l2_dense_full_year\trade_month=2026-09\symbol=M&M\part-00000.parquet,2026-09,900,1800,1789730549,1789733249,1784020475,1791482457,1,16307632,33
P325_SYNTH_EVENT_049_20260918,2026-09-18T17:07:29+05:30,synthetic_calendar_rbi_policy_like,MARUTI,raw_synthetic_l2_dense_full_year\trade_month=2026-03\symbol=MARUTI\part-00000.parquet,2026-03,900,1800,1789730549,1789733249,1784020475,1791495457,1,16313583,33
P325_SYNTH_EVENT_049_20260918,2026-09-18T17:07:29+05:30,synthetic_calendar_rbi_policy_like,NESTLEIND,raw_synthetic_l2_dense_full_year\trade_month=2026-06\symbol=NESTLEIND\part-00000.parquet,2026-06,900,1800,1789730549,1789733249,1784020475,1791481957,1,16331433,33
P325_SYNTH_EVENT_049_20260918,2026-09-18T17:07:29+05:30,synthetic_calendar_rbi_policy_like,NIFTYBEES,raw_synthetic_l2_dense_full_year\trade_month=2026-06\symbol=NIFTYBEES\part-00000.parquet,2026-06,900,1800,1789730549,1789733249,1784020475,1791483457,1,16331433,33
P325_SYNTH_EVENT_049_20260918,2026-09-18T17:07:29+05:30,synthetic_calendar_rbi_policy_like,ONGC,raw_synthetic_l2_dense_full_year\trade_month=2026-09\symbol=ONGC\part-00000.parquet,2026-09,900,1800,1789730549,1789733249,1784020475,1791480957,1,16313583,33
P325_SYNTH_EVENT_049_20260918,2026-09-18T17:07:29+05:30,synthetic_calendar_rbi_policy_like,RELIANCE,raw_synthetic_l2_dense_full_year\trade_month=2026-03\symbol=RELIANCE\part-00000.parquet,2026-03,900,1800,1789730549,1789733249,1784020475,1791482957,1,16309616,33
P325_SYNTH_EVENT_049_20260918,2026-09-18T17:07:29+05:30,synthetic_calendar_rbi_policy_like,SBIN,raw_synthetic_l2_dense_full_year\trade_month=2026-06\symbol=SBIN\part-00000.parquet,2026-06,900,1800,1789730549,1789733249,1784020475,1791494457,1,16285815,33
P325_SYNTH_EVENT_049_20260918,2026-09-18T17:07:29+05:30,synthetic_calendar_rbi_policy_like,SUNPHARMA,raw_synthetic_l2_dense_full_year\trade_month=2026-03\symbol=SUNPHARMA\part-00000.parquet,2026-03,900,1800,1789730549,1789733249,1784020375,1791486707,1,16303665,33
P325_SYNTH_EVENT_049_20260918,2026-09-18T17:07:29+05:30,synthetic_calendar_rbi_policy_like,TCS,raw_synthetic_l2_dense_full_year\trade_month=2026-09\symbol=TCS\part-00000.parquet,2026-09,900,1800,1789730549,1789733249,1784020475,1791498957,1,16327466,33
P325_SYNTH_EVENT_049_20260918,2026-09-18T17:07:29+05:30,synthetic_calendar_rbi_policy_like,TECHM,raw_synthetic_l2_dense_full_year\trade_month=2026-09\symbol=TECHM\part-00000.parquet,2026-09,900,1800,1789730549,1789733249,1784020475,1791482457,1,16291765,33
P325_SYNTH_EVENT_049_20260918,2026-09-18T17:07:29+05:30,synthetic_calendar_rbi_policy_like,ULTRACEMCO,raw_synthetic_l2_dense_full_year\trade_month=2026-06\symbol=ULTRACEMCO\part-00000.parquet,2026-06,900,1800,1789730549,1789733249,1784020475,1791495457,1,16319533,33
P325_SYNTH_EVENT_049_20260918,2026-09-18T17:07:29+05:30,synthetic_calendar_rbi_policy_like,WIPRO,raw_synthetic_l2_dense_full_year\trade_month=2026-03\symbol=WIPRO\part-00000.parquet,2026-03,900,1800,1789730549,1789733249,1784020475,1791485457,1,16319533,33
P325_SYNTH_EVENT_050_20260921,2026-09-21T17:07:29+05:30,synthetic_calendar_rbi_policy_like,ADANIPORTS,raw_synthetic_l2_dense_full_year\trade_month=2026-06\symbol=ADANIPORTS\part-00000.parquet,2026-06,900,1800,1789989749,1789992449,1784020475,1791482707,1,16301682,33
P325_SYNTH_EVENT_050_20260921,2026-09-21T17:07:29+05:30,synthetic_calendar_rbi_policy_like,AXISBANK,raw_synthetic_l2_dense_full_year\trade_month=2026-09\symbol=AXISBANK\part-00000.parquet,2026-09,900,1800,1789989749,1789992449,1784020475,1791489457,1,16315566,33
P325_SYNTH_EVENT_050_20260921,2026-09-21T17:07:29+05:30,synthetic_calendar_rbi_policy_like,BAJAJ-AUTO,raw_synthetic_l2_dense_full_year\trade_month=2026-03\symbol=BAJAJ-AUTO\part-00000.parquet,2026-03,900,1800,1789989749,1789992449,1784020475,1791485457,1,16305649,33
P325_SYNTH_EVENT_050_20260921,2026-09-21T17:07:29+05:30,synthetic_calendar_rbi_policy_like,BANKBEES,raw_synthetic_l2_dense_full_year\trade_month=2026-03\symbol=BANKBEES\part-00000.parquet,2026-03,900,1800,1789989749,1789992449,1784020475,1791487957,1,16313583,33
P325_SYNTH_EVENT_050_20260921,2026-09-21T17:07:29+05:30,synthetic_calendar_rbi_policy_like,BHARTIARTL,raw_synthetic_l2_dense_full_year\trade_month=2026-03\symbol=BHARTIARTL\part-00000.parquet,2026-03,900,1800,1789989749,1789992449,1784020475,1791489957,1,16315566,33
P325_SYNTH_EVENT_050_20260921,2026-09-21T17:07:29+05:30,synthetic_calendar_rbi_policy_like,BPCL,raw_synthetic_l2_dense_full_year\trade_month=2026-09\symbol=BPCL\part-00000.parquet,2026-09,900,1800,1789989749,1789992449,1784020475,1791493457,1,16335400,33
P325_SYNTH_EVENT_050_20260921,2026-09-21T17:07:29+05:30,synthetic_calendar_rbi_policy_like,BRITANNIA,raw_synthetic_l2_dense_full_year\trade_month=2026-09\symbol=BRITANNIA\part-00000.parquet,2026-09,900,1800,1789989749,1789992449,1784020475,1791484457,1,16329450,33
P325_SYNTH_EVENT_050_20260921,2026-09-21T17:07:29+05:30,synthetic_calendar_rbi_policy_like,CIPLA,raw_synthetic_l2_dense_full_year\trade_month=2026-03\symbol=CIPLA\part-00000.parquet,2026-03,900,1800,1789989749,1789992449,1784020264,1791506457,1,16327466,33
P325_SYNTH_EVENT_050_20260921,2026-09-21T17:07:29+05:30,synthetic_calendar_rbi_policy_like,DRREDDY,raw_synthetic_l2_dense_full_year\trade_month=2026-06\symbol=DRREDDY\part-00000.parquet,2026-06,900,1800,1789989749,1789992449,1784020475,1791492457,1,16293748,33
P325_SYNTH_EVENT_050_20260921,2026-09-21T17:07:29+05:30,synthetic_calendar_rbi_policy_like,GOLDBEES,raw_synthetic_l2_dense_full_year\trade_month=2026-06\symbol=GOLDBEES\part-00000.parquet,2026-06,900,1800,1789989749,1789992449,1784020475,1791489957,1,16301682,33
P325_SYNTH_EVENT_050_20260921,2026-09-21T17:07:29+05:30,synthetic_calendar_rbi_policy_like,HCLTECH,raw_synthetic_l2_dense_full_year\trade_month=2026-06\symbol=HCLTECH\part-00000.parquet,2026-06,900,1800,1789989749,1789992449,1784020475,1791494457,1,16309616,33
P325_SYNTH_EVENT_050_20260921,2026-09-21T17:07:29+05:30,synthetic_calendar_rbi_policy_like,HDFCBANK,raw_synthetic_l2_dense_full_year\trade_month=2026-03\symbol=HDFCBANK\part-00000.parquet,2026-03,900,1800,1789989749,1789992449,1784020475,1791478957,1,16303665,33
P325_SYNTH_EVENT_050_20260921,2026-09-21T17:07:29+05:30,synthetic_calendar_rbi_policy_like,HINDUNILVR,raw_synthetic_l2_dense_full_year\trade_month=2026-06\symbol=HINDUNILVR\part-00000.parquet,2026-06,900,1800,1789989749,1789992449,1784020475,1791483457,1,16315566,33
P325_SYNTH_EVENT_050_20260921,2026-09-21T17:07:29+05:30,synthetic_calendar_rbi_policy_like,ICICIBANK,raw_synthetic_l2_dense_full_year\trade_month=2026-06\symbol=ICICIBANK\part-00000.parquet,2026-06,900,1800,1789989749,1789992449,1784020475,1791481457,1,16325483,33
P325_SYNTH_EVENT_050_20260921,2026-09-21T17:07:29+05:30,synthetic_calendar_rbi_policy_like,INFY,raw_synthetic_l2_dense_full_year\trade_month=2026-09\symbol=INFY\part-00000.parquet,2026-09,900,1800,1789989749,1789992449,1784020475,1791479957,1,16309616,33
P325_SYNTH_EVENT_050_20260921,2026-09-21T17:07:29+05:30,synthetic_calendar_rbi_policy_like,ITBEES,raw_synthetic_l2_dense_full_year\trade_month=2026-03\symbol=ITBEES\part-00000.parquet,2026-03,900,1800,1789989749,1789992449,1784020475,1791482006,1,16283831,33
P325_SYNTH_EVENT_050_20260921,2026-09-21T17:07:29+05:30,synthetic_calendar_rbi_policy_like,ITC,raw_synthetic_l2_dense_full_year\trade_month=2026-06\symbol=ITC\part-00000.parquet,2026-06,900,1800,1789989749,1789992449,1784020475,1791488957,1,16323500,33
P325_SYNTH_EVENT_050_20260921,2026-09-21T17:07:29+05:30,synthetic_calendar_rbi_policy_like,JUNIORBEES,raw_synthetic_l2_dense_full_year\trade_month=2026-06\symbol=JUNIORBEES\part-00000.parquet,2026-06,900,1800,1789989749,1789992449,1784020475,1791500957,1,16301682,33
P325_SYNTH_EVENT_050_20260921,2026-09-21T17:07:29+05:30,synthetic_calendar_rbi_policy_like,KOTAKBANK,raw_synthetic_l2_dense_full_year\trade_month=2026-06\symbol=KOTAKBANK\part-00000.parquet,2026-06,900,1800,1789989749,1789992449,1784020475,1791483207,1,16317549,33
P325_SYNTH_EVENT_050_20260921,2026-09-21T17:07:29+05:30,synthetic_calendar_rbi_policy_like,LT,raw_synthetic_l2_dense_full_year\trade_month=2026-09\symbol=LT\part-00000.parquet,2026-09,900,1800,1789989749,1789992449,1784020475,1791478957,1,16321516,33
P325_SYNTH_EVENT_050_20260921,2026-09-21T17:07:29+05:30,synthetic_calendar_rbi_policy_like,M&M,raw_synthetic_l2_dense_full_year\trade_month=2026-09\symbol=M&M\part-00000.parquet,2026-09,900,1800,1789989749,1789992449,1784020475,1791482457,1,16307632,33
P325_SYNTH_EVENT_050_20260921,2026-09-21T17:07:29+05:30,synthetic_calendar_rbi_policy_like,MARUTI,raw_synthetic_l2_dense_full_year\trade_month=2026-03\symbol=MARUTI\part-00000.parquet,2026-03,900,1800,1789989749,1789992449,1784020475,1791495457,1,16313583,33
P325_SYNTH_EVENT_050_20260921,2026-09-21T17:07:29+05:30,synthetic_calendar_rbi_policy_like,NESTLEIND,raw_synthetic_l2_dense_full_year\trade_month=2026-06\symbol=NESTLEIND\part-00000.parquet,2026-06,900,1800,1789989749,1789992449,1784020475,1791481957,1,16331433,33
P325_SYNTH_EVENT_050_20260921,2026-09-21T17:07:29+05:30,synthetic_calendar_rbi_policy_like,NIFTYBEES,raw_synthetic_l2_dense_full_year\trade_month=2026-06\symbol=NIFTYBEES\part-00000.parquet,2026-06,900,1800,1789989749,1789992449,1784020475,1791483457,1,16331433,33
P325_SYNTH_EVENT_050_20260921,2026-09-21T17:07:29+05:30,synthetic_calendar_rbi_policy_like,ONGC,raw_synthetic_l2_dense_full_year\trade_month=2026-09\symbol=ONGC\part-00000.parquet,2026-09,900,1800,1789989749,1789992449,1784020475,1791480957,1,16313583,33
P325_SYNTH_EVENT_050_20260921,2026-09-21T17:07:29+05:30,synthetic_calendar_rbi_policy_like,RELIANCE,raw_synthetic_l2_dense_full_year\trade_month=2026-03\symbol=RELIANCE\part-00000.parquet,2026-03,900,1800,1789989749,1789992449,1784020475,1791482957,1,16309616,33
P325_SYNTH_EVENT_050_20260921,2026-09-21T17:07:29+05:30,synthetic_calendar_rbi_policy_like,SBIN,raw_synthetic_l2_dense_full_year\trade_month=2026-06\symbol=SBIN\part-00000.parquet,2026-06,900,1800,1789989749,1789992449,1784020475,1791494457,1,16285815,33
P325_SYNTH_EVENT_050_20260921,2026-09-21T17:07:29+05:30,synthetic_calendar_rbi_policy_like,SUNPHARMA,raw_synthetic_l2_dense_full_year\trade_month=2026-03\symbol=SUNPHARMA\part-00000.parquet,2026-03,900,1800,1789989749,1789992449,1784020375,1791486707,1,16303665,33
P325_SYNTH_EVENT_050_20260921,2026-09-21T17:07:29+05:30,synthetic_calendar_rbi_policy_like,TCS,raw_synthetic_l2_dense_full_year\trade_month=2026-09\symbol=TCS\part-00000.parquet,2026-09,900,1800,1789989749,1789992449,1784020475,1791498957,1,16327466,33
P325_SYNTH_EVENT_050_20260921,2026-09-21T17:07:29+05:30,synthetic_calendar_rbi_policy_like,TECHM,raw_synthetic_l2_dense_full_year\trade_month=2026-09\symbol=TECHM\part-00000.parquet,2026-09,900,1800,1789989749,1789992449,1784020475,1791482457,1,16291765,33
P325_SYNTH_EVENT_050_20260921,2026-09-21T17:07:29+05:30,synthetic_calendar_rbi_policy_like,ULTRACEMCO,raw_synthetic_l2_dense_full_year\trade_month=2026-06\symbol=ULTRACEMCO\part-00000.parquet,2026-06,900,1800,1789989749,1789992449,1784020475,1791495457,1,16319533,33
P325_SYNTH_EVENT_050_20260921,2026-09-21T17:07:29+05:30,synthetic_calendar_rbi_policy_like,WIPRO,raw_synthetic_l2_dense_full_year\trade_month=2026-03\symbol=WIPRO\part-00000.parquet,2026-03,900,1800,1789989749,1789992449,1784020475,1791485457,1,16319533,33
