bin_feature,edges
abs_ret_bin,-inf;2.17661928437e-06;4.40364258755e-06;6.49209042081e-06;8.6932514709e-06;1.08660323673e-05;1.37660444829e-05;1.88126074576e-05;inf
micro_bin,-inf;-2.31245541861e-06;1.34942256286e-06;5.95159921455e-06;6.95395515859e-06;1.62760256115e-05;2.59973188966e-05;5.93016702603e-05;inf
abs_micro_bin,-inf;1.3519704389e-06;3.62559671277e-06;5.97279878857e-06;6.95395515859e-06;1.62760256115e-05;2.59973188966e-05;5.93016702603e-05;inf
imb_bin,-inf;-0.0286975717439;0.0183246073298;0.0355329949239;0.0897755610973;0.112244897959;0.236406619385;0.339759036145;inf
spread_bin,-inf;1.51906425642;1.5762925599;1.62813415826;2.19937317864;2.78590332916;2.92411910912;3.62778886269;inf
depth_bin,-inf;140543.575;502372.9;554337.4;618419.4;742756.45;829800.1;2304330;inf
