query_id,raw_elapsed_ms,compact_elapsed_ms,speedup_ratio
total_rows,14424.418599999626,25.22520000638906,571.8257376094618
hdfcbank_rows,16980.14269999112,55.41700001049321,306.40674696890716
distinct_symbols,23022.295600007055,121.33049999829382,189.74862545139763
distinct_feed_profiles,25045.41920000338,135.53440000396222,184.79012855239114
distinct_trade_dates,21177.986599999713,124.51320000400301,170.08627679088528
l1_l5_complete_rows,90192.19729999895,1565.6731000053696,57.60602088628183
sample_microstructure_agg,16847.94619999593,833.4495000017341,20.21471750833239
