profile_id,elapsed_seconds,source_rows,dense_rows,bytes
P98_LEGACY_DEFAULT,6.7456810000003316,94110,752880,19821724
P98_TIMING_VOL_MODERATE,6.744740900001489,94110,752880,24738733
P98_FULL_BOOK_REBALANCE_BASE,6.699657400000433,94110,752880,24738733
