scenario_id,pair_id,leg_a,leg_b,trade_date,entry_ts_ms,exit_ts_ms,entry_zscore,exit_zscore,side_a,side_b,exit_reason,entry_price_a,entry_price_b,exit_price_a,exit_price_b,quantity_a,quantity_b,gross_pnl_inr,cost100_inr,cost200_inr,net_pnl_inr,net_pnl_cost100_inr,hold_ms,forward_time_pass
P422_PRIMARY_PAIR_SPREAD_REALISM_RETEST,HDFCBANK_ICICIBANK,HDFCBANK,ICICIBANK,2026-07-17,1784260231200.0,1784260254131.0,1.9928961284397266,0.24627284448778594,short,long,convergence,813.15,1428.4,812.45,1427.8,61,35,21.69999999999709,104.9267323116,209.8534646232,-188.15346462320292,-83.22673231160292,22931.0,True
P422_PRIMARY_PAIR_SPREAD_REALISM_RETEST,HDFCBANK_ICICIBANK,HDFCBANK,ICICIBANK,2026-07-17,1784260566700.0,1784260601818.0,2.3928216299900638,0.3235741952127445,short,long,convergence,813.5,1428.0,813.65,1429.1,61,35,29.349999999998545,104.97784503789998,209.95569007579996,-180.60569007580142,-75.62784503790144,35118.0,True
P422_PRIMARY_PAIR_SPREAD_REALISM_RETEST,HDFCBANK_ICICIBANK,HDFCBANK,ICICIBANK,2026-07-17,1784260874950.0,1784260895875.0,1.771362846637984,0.08265978274241174,short,long,convergence,812.25,1428.8,812.25,1429.2,61,34,13.60000000000582,103.76367919900001,207.52735839800002,-193.9273583979942,-90.16367919899419,20925.0,True
P422_PRIMARY_PAIR_SPREAD_REALISM_RETEST,HDFCBANK_ICICIBANK,HDFCBANK,ICICIBANK,2026-07-17,1784260996947.0,1784261086947.0,2.606620927723382,0.3344290927938216,short,long,convergence,813.5,1429.3,813.55,1429.4,61,34,0.3500000000130967,103.83676686509999,207.67353373019998,-207.32353373018688,-103.48676686508689,90000.0,True
P422_PRIMARY_PAIR_SPREAD_REALISM_RETEST,HDFCBANK_ICICIBANK,HDFCBANK,ICICIBANK,2026-07-17,1784261185447.0,1784261263947.0,2.2816555660836606,-0.24902917880951633,short,long,convergence,813.8,1427.9,813.95,1428.5,61,35,11.849999999991269,104.9830250505,209.966050101,-198.11605010100874,-93.13302505050873,78500.0,True
P422_PRIMARY_PAIR_SPREAD_REALISM_RETEST,HDFCBANK_ICICIBANK,HDFCBANK,ICICIBANK,2026-07-17,1784261326947.0,1784261375591.0,-2.1268484462388604,-0.31001882588016166,long,short,convergence,814.1,1429.7,814.45,1430.2,61,34,4.350000000005821,103.8904743789,207.7809487578,-203.43094875779417,-99.54047437889417,48644.0,True
P422_PRIMARY_PAIR_SPREAD_REALISM_RETEST,HDFCBANK_ICICIBANK,HDFCBANK,ICICIBANK,2026-07-17,1784261796104.0,1784261800949.0,1.963355461693752,3.6007859869904637,short,long,stop_zscore,816.1,1430.1,816.85,1429.5,61,34,-66.14999999999418,103.99646590809999,207.99293181619998,-274.14293181619416,-170.14646590809417,4845.0,True
P422_PRIMARY_PAIR_SPREAD_REALISM_RETEST,HDFCBANK_ICICIBANK,HDFCBANK,ICICIBANK,2026-07-17,1784262204200.0,1784262305199.0,2.898642540259091,0.3064391996524452,short,long,convergence,816.15,1428.9,816.2,1428.6,61,34,-13.250000000014552,103.95178056009999,207.90356112019998,-221.15356112021453,-117.20178056011454,100999.0,True
P422_PRIMARY_PAIR_SPREAD_REALISM_RETEST,HDFCBANK_ICICIBANK,HDFCBANK,ICICIBANK,2026-07-20,1784519652110.0,1784519715860.0,2.4788228170286746,0.2741920492118392,short,long,convergence,782.25,1454.7,781.95,1454.7,63,34,18.89999999999418,104.2503521652,208.5007043304,-189.60070433040582,-85.35035216520582,63750.0,True
P422_PRIMARY_PAIR_SPREAD_REALISM_RETEST,HDFCBANK_ICICIBANK,HDFCBANK,ICICIBANK,2026-07-20,1784519767861.0,1784519814610.0,-2.1922900173524527,-0.31934242435909826,long,short,convergence,780.6,1454.9,781.15,1454.8,64,34,38.60000000000582,104.8261778108,209.6523556216,-171.0523556215942,-66.22617781079418,46749.0,True
P422_PRIMARY_PAIR_SPREAD_REALISM_RETEST,HDFCBANK_ICICIBANK,HDFCBANK,ICICIBANK,2026-07-20,1784519946111.0,1784520059611.0,-2.0627320464529495,-0.1732182688111505,long,short,convergence,778.45,1453.0,778.45,1454.0,64,34,-34.0,104.6638103176,209.3276206352,-243.3276206352,-138.6638103176,113500.0,True
P422_PRIMARY_PAIR_SPREAD_REALISM_RETEST,HDFCBANK_ICICIBANK,HDFCBANK,ICICIBANK,2026-07-20,1784520111387.0,1784520201608.0,2.2365173223215313,0.08782381179826286,short,long,convergence,779.0,1452.7,778.75,1451.6,64,34,-21.40000000000873,104.6484217332,209.2968434664,-230.69684346640872,-126.04842173320873,90221.0,True
P422_PRIMARY_PAIR_SPREAD_REALISM_RETEST,HDFCBANK_ICICIBANK,HDFCBANK,ICICIBANK,2026-07-20,1784520330860.0,1784520399800.0,1.938397380840052,0.2769617372928751,short,long,convergence,780.5,1452.0,781.15,1453.3,64,34,2.599999999998545,104.76331847479997,209.52663694959995,-206.9266369496014,-102.16331847480143,68940.0,True
P422_PRIMARY_PAIR_SPREAD_REALISM_RETEST,HDFCBANK_ICICIBANK,HDFCBANK,ICICIBANK,2026-07-20,1784520474111.0,1784520474361.0,3.7322438696262195,3.628313530147292,short,long,stop_zscore,781.2,1451.2,781.4,1450.6,64,34,-33.200000000004366,105.7402026456,211.4804052912,-244.68040529120435,-138.94020264560436,250.0,True
P422_PRIMARY_PAIR_SPREAD_REALISM_RETEST,HDFCBANK_ICICIBANK,HDFCBANK,ICICIBANK,2026-07-20,1784520662363.0,1784520814443.0,2.282617806786858,0.1835091706446124,short,long,convergence,780.45,1444.3,782.5,1444.7,64,34,-117.59999999999127,105.5737042488,211.1474084976,-328.74740849759127,-223.17370424879127,152080.0,True
P422_PRIMARY_PAIR_SPREAD_REALISM_RETEST,HDFCBANK_ICICIBANK,HDFCBANK,ICICIBANK,2026-07-20,1784520928795.0,1784520942878.0,-2.550655537762079,-0.32421022820380935,long,short,convergence,781.5,1445.2,781.35,1443.5,63,34,48.35000000000582,103.9293170421,207.8586340842,-159.50863408419417,-55.579317042094175,14083.0,True
P422_PRIMARY_PAIR_SPREAD_REALISM_RETEST,HDFCBANK_ICICIBANK,HDFCBANK,ICICIBANK,2026-07-20,1784520978362.0,1784521069151.0,1.787975661848921,0.2909869426307155,short,long,convergence,781.55,1441.5,782.05,1442.1,63,34,-11.10000000000582,103.87894067519997,207.75788135039994,-218.85788135040576,-114.97894067520579,90789.0,True
P422_PRIMARY_PAIR_SPREAD_REALISM_RETEST,HDFCBANK_ICICIBANK,HDFCBANK,ICICIBANK,2026-07-20,1784521202864.0,1784521412614.0,-2.0654350801454293,-0.024479060431125264,long,short,convergence,782.75,1444.2,782.75,1447.3,63,34,-105.39999999999418,104.03816262499998,208.07632524999997,-313.47632524999415,-209.43816262499416,209750.0,True
P422_PRIMARY_PAIR_SPREAD_REALISM_RETEST,HDFCBANK_ICICIBANK,HDFCBANK,ICICIBANK,2026-07-20,1784521483362.0,1784521504781.0,-1.878939677582558,0.15529691355913938,long,short,convergence,782.55,1447.7,782.75,1448.0,63,34,2.400000000008731,104.08945968619997,208.17891937239995,-205.77891937239121,-101.68945968619124,21419.0,True
P422_PRIMARY_PAIR_SPREAD_REALISM_RETEST,HDFCBANK_ICICIBANK,HDFCBANK,ICICIBANK,2026-07-20,1784521532815.0,1784521533363.0,-2.989198714387085,-3.5795952162220774,long,short,stop_zscore,782.8,1449.6,782.5,1450.0,63,34,-32.5,104.1438726218,208.2877452436,-240.7877452436,-136.6438726218,548.0,True
P422_PRIMARY_PAIR_SPREAD_REALISM_RETEST,HDFCBANK_ICICIBANK,HDFCBANK,ICICIBANK,2026-07-21,1784605852343.0,1784605959302.0,-2.144863708291694,-0.2172522225761702,long,short,convergence,770.3,1469.9,770.2,1471.3,64,34,-53.99999999998545,105.71011547679998,211.42023095359997,-265.4202309535854,-159.71011547678543,106959.0,True
P422_PRIMARY_PAIR_SPREAD_REALISM_RETEST,HDFCBANK_ICICIBANK,HDFCBANK,ICICIBANK,2026-07-21,1784606003594.0,1784606030593.0,1.9150114606499629,0.3151880192673758,short,long,convergence,770.2,1470.2,769.85,1470.3,64,34,25.799999999995634,104.68754152119999,209.37508304239998,-183.57508304240434,-78.88754152120435,26999.0,True
P422_PRIMARY_PAIR_SPREAD_REALISM_RETEST,HDFCBANK_ICICIBANK,HDFCBANK,ICICIBANK,2026-07-21,1784606151763.0,1784606174343.0,2.186505569762985,0.31890778938025593,short,long,convergence,769.5,1469.0,769.3,1468.9,64,34,9.400000000008731,104.61934875079999,209.23869750159997,-199.83869750159124,-95.21934875079126,22580.0,True
P422_PRIMARY_PAIR_SPREAD_REALISM_RETEST,HDFCBANK_ICICIBANK,HDFCBANK,ICICIBANK,2026-07-21,1784606197343.0,1784606280844.0,2.3584344419872965,0.32731360496117806,short,long,convergence,770.45,1469.8,771.25,1471.2,64,34,-3.599999999991269,104.7378078968,209.4756157936,-213.07561579359128,-108.33780789679128,83501.0,True
P422_PRIMARY_PAIR_SPREAD_REALISM_RETEST,HDFCBANK_ICICIBANK,HDFCBANK,ICICIBANK,2026-07-21,1784606394844.0,1784606403844.0,-1.8180339509600238,-0.2205833861135372,long,short,convergence,770.85,1470.6,770.95,1470.6,64,33,6.400000000001455,103.54770112880001,207.09540225760003,-200.69540225759857,-97.14770112879856,9000.0,True
P422_PRIMARY_PAIR_SPREAD_REALISM_RETEST,HDFCBANK_ICICIBANK,HDFCBANK,ICICIBANK,2026-07-21,1784606515843.0,1784606557843.0,2.6294751032229615,0.283437128875655,short,long,convergence,770.6,1467.5,770.65,1468.1,64,34,17.19999999999709,104.65117526239999,209.30235052479998,-192.1023505248029,-87.4511752624029,42000.0,True
P422_PRIMARY_PAIR_SPREAD_REALISM_RETEST,HDFCBANK_ICICIBANK,HDFCBANK,ICICIBANK,2026-07-21,1784606745843.0,1784606966346.0,2.0435296760873474,0.7269812259691218,short,long,max_hold,769.5,1465.6,770.2,1462.1,64,34,-163.8000000000029,104.5044141356,209.0088282712,-372.8088282712029,-268.3044141356029,220503.0,True
P422_PRIMARY_PAIR_SPREAD_REALISM_RETEST,HDFCBANK_ICICIBANK,HDFCBANK,ICICIBANK,2026-07-21,1784607046864.0,1784607144382.0,-1.7500765917266616,-0.009647462101403152,long,short,convergence,770.15,1462.8,769.4,1462.4,64,34,-34.40000000000873,104.46402712799998,208.92805425599997,-243.3280542560087,-138.86402712800873,97518.0,True
P422_PRIMARY_PAIR_SPREAD_REALISM_RETEST,HDFCBANK_ICICIBANK,HDFCBANK,ICICIBANK,2026-07-21,1784607554343.0,1784607589343.0,2.7895311407340415,0.2163174669205078,short,long,convergence,769.15,1461.3,768.95,1461.8,65,34,30.0,105.02142233139999,210.04284466279998,-180.04284466279998,-75.02142233139999,35000.0,True
P422_PRIMARY_PAIR_SPREAD_REALISM_RETEST,HDFCBANK_ICICIBANK,HDFCBANK,ICICIBANK,2026-07-21,1784607941093.0,1784607976093.0,1.9833442059804607,-0.2400925441494474,short,long,convergence,768.95,1460.4,768.9,1460.5,65,34,6.649999999994179,104.98476931510001,209.96953863020002,-203.31953863020584,-98.33476931510583,35000.0,True
P422_PRIMARY_PAIR_SPREAD_REALISM_RETEST,HDFCBANK_ICICIBANK,HDFCBANK,ICICIBANK,2026-07-22,1784692290407.0,1784692337658.0,3.1471660127100405,0.34548552411321054,short,long,convergence,757.15,1453.7,756.45,1453.3,66,34,32.59999999999127,104.76685125359998,209.53370250719996,-176.9337025072087,-72.16685125360871,47251.0,True
P422_PRIMARY_PAIR_SPREAD_REALISM_RETEST,HDFCBANK_ICICIBANK,HDFCBANK,ICICIBANK,2026-07-22,1784692667115.0,1784692668115.0,3.5799241919065135,3.4101962472984177,short,long,stop_zscore,755.65,1450.8,755.8,1450.2,66,34,-30.29999999998836,104.62721891819999,209.25443783639997,-239.55443783638833,-134.92721891818834,1000.0,True
P422_PRIMARY_PAIR_SPREAD_REALISM_RETEST,HDFCBANK_ICICIBANK,HDFCBANK,ICICIBANK,2026-07-22,1784692831671.0,1784692876366.0,-1.8130903544579104,-0.3458123401422417,long,short,convergence,754.7,1450.3,754.25,1449.6,66,34,-5.900000000001455,104.54459634379998,209.08919268759996,-214.98919268760142,-110.44459634380144,44695.0,True
P422_PRIMARY_PAIR_SPREAD_REALISM_RETEST,HDFCBANK_ICICIBANK,HDFCBANK,ICICIBANK,2026-07-22,1784693187781.0,1784693247366.0,2.780273429557524,0.34820810764406773,short,long,convergence,753.9,1444.9,753.85,1445.3,66,34,16.89999999999418,104.3780342898,208.7560685796,-191.85606857960582,-87.47803428980582,59585.0,True
P422_PRIMARY_PAIR_SPREAD_REALISM_RETEST,HDFCBANK_ICICIBANK,HDFCBANK,ICICIBANK,2026-07-22,1784693318462.0,1784693340616.0,-2.40358291107962,-0.27349333637305223,long,short,convergence,754.2,1446.2,754.25,1446.2,66,34,3.2999999999956344,104.4274134158,208.8548268316,-205.55482683160437,-101.12741341580437,22154.0,True
P422_PRIMARY_PAIR_SPREAD_REALISM_RETEST,HDFCBANK_ICICIBANK,HDFCBANK,ICICIBANK,2026-07-22,1784693419480.0,1784693455115.0,-2.6531050485815615,-0.08423702996410004,long,short,convergence,753.6,1445.7,753.7,1445.5,66,34,13.400000000008731,104.37983433559998,208.75966867119996,-195.35966867119123,-90.97983433559125,35635.0,True
P422_PRIMARY_PAIR_SPREAD_REALISM_RETEST,HDFCBANK_ICICIBANK,HDFCBANK,ICICIBANK,2026-07-22,1784693706407.0,1784693845908.0,-2.099344968396205,0.21061315652249965,long,short,convergence,754.05,1448.0,753.3,1446.9,66,34,-12.10000000000582,104.4326838502,208.8653677004,-220.9653677004058,-116.53268385020581,139501.0,True
P422_PRIMARY_PAIR_SPREAD_REALISM_RETEST,HDFCBANK_ICICIBANK,HDFCBANK,ICICIBANK,2026-07-22,1784694140658.0,1784694159584.0,-1.871227217307751,-3.448681354065471,long,short,stop_zscore,753.45,1447.6,753.25,1448.3,66,34,-37.000000000007276,104.42944033679998,208.85888067359997,-245.85888067360725,-141.42944033680726,18926.0,True
P422_PRIMARY_PAIR_SPREAD_REALISM_RETEST,HDFCBANK_ICICIBANK,HDFCBANK,ICICIBANK,2026-07-22,1784694166907.0,1784694229432.0,-2.0767161280774156,-0.26070334515081156,long,short,convergence,753.4,1448.0,753.55,1448.8,66,34,-17.30000000000291,104.44828655939999,208.89657311879998,-226.1965731188029,-121.7482865594029,62525.0,True
P422_PRIMARY_PAIR_SPREAD_REALISM_RETEST,HDFCBANK_ICICIBANK,HDFCBANK,ICICIBANK,2026-07-22,1784694386407.0,1784694388407.0,2.492341461720803,3.33516333742449,short,long,stop_zscore,754.4,1448.2,754.8,1448.0,66,34,-33.19999999999709,104.50058566800001,209.00117133600003,-242.20117133599712,-137.7005856679971,2000.0,True
P422_PRIMARY_PAIR_SPREAD_REALISM_RETEST,HDFCBANK_ICICIBANK,HDFCBANK,ICICIBANK,2026-07-23,1784778673476.0,1784778759476.0,-1.8520901900303703,-0.2878379920193532,long,short,convergence,748.5,1443.5,748.8,1444.4,66,34,-10.800000000010186,104.0663706224,208.1327412448,-218.9327412448102,-114.86637062241019,86000.0,True
P422_PRIMARY_PAIR_SPREAD_REALISM_RETEST,HDFCBANK_ICICIBANK,HDFCBANK,ICICIBANK,2026-07-23,1784778811225.0,1784779012475.0,2.6916145407912477,0.19210002392498043,short,long,convergence,749.15,1443.5,748.2,1441.3,66,34,-12.10000000000582,104.02489606980001,208.04979213960002,-220.14979213960584,-116.12489606980583,201250.0,True
P422_PRIMARY_PAIR_SPREAD_REALISM_RETEST,HDFCBANK_ICICIBANK,HDFCBANK,ICICIBANK,2026-07-23,1784779090726.0,1784779119476.0,-1.7856460087106576,-0.11318929998179691,long,short,convergence,747.0,1440.6,747.25,1440.3,66,34,26.69999999999709,103.88727396659999,207.77454793319998,-181.0745479332029,-77.1872739666029,28750.0,True
P422_PRIMARY_PAIR_SPREAD_REALISM_RETEST,HDFCBANK_ICICIBANK,HDFCBANK,ICICIBANK,2026-07-23,1784779313615.0,1784779334976.0,-2.916237526889164,-0.041721477507963844,long,short,convergence,745.95,1441.1,745.95,1439.9,67,34,40.79999999998836,104.43172778779999,208.86345557559997,-168.0634555756116,-63.63172778781163,21361.0,True
P422_PRIMARY_PAIR_SPREAD_REALISM_RETEST,HDFCBANK_ICICIBANK,HDFCBANK,ICICIBANK,2026-07-23,1784779485975.0,1784779501475.0,2.5278785048723464,0.09002076881312941,short,long,convergence,746.3,1439.8,745.95,1439.2,66,34,2.6999999999970896,103.807734547,207.615469094,-204.9154690940029,-101.1077345470029,15500.0,True
P422_PRIMARY_PAIR_SPREAD_REALISM_RETEST,HDFCBANK_ICICIBANK,HDFCBANK,ICICIBANK,2026-07-23,1784779517975.0,1784779518975.0,-3.664174690532308,-3.5534904946364305,long,short,stop_zscore,745.25,1439.7,745.2,1439.9,67,34,-10.150000000001455,104.3736647693,208.7473295386,-218.89732953860147,-114.52366476930146,1000.0,True
P422_PRIMARY_PAIR_SPREAD_REALISM_RETEST,HDFCBANK_ICICIBANK,HDFCBANK,ICICIBANK,2026-07-23,1784779555781.0,1784779584427.0,-2.0632363842438846,-0.27924143511972627,long,short,convergence,745.25,1439.7,745.2,1439.2,67,34,13.650000000001455,104.36363530649999,208.72727061299997,-195.07727061299852,-90.71363530649853,28646.0,True
P422_PRIMARY_PAIR_SPREAD_REALISM_RETEST,HDFCBANK_ICICIBANK,HDFCBANK,ICICIBANK,2026-07-23,1784779650475.0,1784779661726.0,-1.8759882468594795,-0.30656114905041315,long,short,convergence,744.95,1439.4,745.0,1439.4,67,34,3.349999999998545,104.3487934251,208.6975868502,-205.34758685020145,-100.99879342510145,11251.0,True
P422_PRIMARY_PAIR_SPREAD_REALISM_RETEST,HDFCBANK_ICICIBANK,HDFCBANK,ICICIBANK,2026-07-23,1784779759476.0,1784779784313.0,2.5440564207670526,0.25704389724013044,short,long,convergence,745.8,1439.7,745.95,1440.4,67,34,13.75,104.4156131339,208.8312262678,-195.0812262678,-90.6656131339,24837.0,True
P422_PRIMARY_PAIR_SPREAD_REALISM_RETEST,HDFCBANK_ICICIBANK,HDFCBANK,ICICIBANK,2026-07-23,1784779806976.0,1784779812594.0,1.8349898532642979,-0.12602644514237407,short,long,convergence,746.1,1440.4,746.05,1440.5,67,34,6.75,104.4376640579,208.8753281158,-202.1253281158,-97.6876640579,5618.0,True
P422_PRIMARY_PAIR_SPREAD_REALISM_RETEST,HDFCBANK_ICICIBANK,HDFCBANK,ICICIBANK,2026-07-23,1784779855227.0,1784779861477.0,-3.199224022114152,-3.638579913962314,long,short,stop_zscore,745.3,1440.6,745.1,1441.3,67,34,-37.19999999999709,104.40449000839999,208.80898001679998,-246.00898001679707,-141.60449000839708,6250.0,True
P422_PRIMARY_PAIR_SPREAD_REALISM_RETEST,HDFCBANK_ICICIBANK,HDFCBANK,ICICIBANK,2026-07-23,1784779883416.0,1784780010923.0,-2.717178164962552,-0.17916199236640368,long,short,convergence,745.2,1441.5,745.7,1443.2,67,34,-24.30000000000291,104.45660096060001,208.91320192120003,-233.21320192120294,-128.75660096060292,127507.0,True
P422_PRIMARY_PAIR_SPREAD_REALISM_RETEST,HDFCBANK_AXISBANK,HDFCBANK,AXISBANK,2026-07-17,1784260170912.0,1784260270450.0,1.910840019059529,0.1309712994490424,short,long,convergence,812.65,1311.8,812.35,1311.0,61,38,-12.099999999998545,104.7901992084,209.5803984168,-221.68039841679854,-116.89019920839854,99538.0,True
P422_PRIMARY_PAIR_SPREAD_REALISM_RETEST,HDFCBANK_AXISBANK,HDFCBANK,AXISBANK,2026-07-17,1784260324450.0,1784260364969.0,2.6188980181449035,-0.20710390529013079,short,long,convergence,813.15,1309.5,812.65,1310.8,61,38,79.90000000000146,104.7700432512,209.5400865024,-129.64008650239853,-24.87004325119854,40519.0,True
P422_PRIMARY_PAIR_SPREAD_REALISM_RETEST,HDFCBANK_AXISBANK,HDFCBANK,AXISBANK,2026-07-17,1784260636701.0,1784260798719.0,-2.652311528013408,-0.30261520444864404,long,short,convergence,812.5,1311.9,813.15,1312.7,61,38,9.250000000007276,104.8337911267,209.6675822534,-200.41758225339274,-95.58379112669273,162018.0,True
P422_PRIMARY_PAIR_SPREAD_REALISM_RETEST,HDFCBANK_AXISBANK,HDFCBANK,AXISBANK,2026-07-17,1784260877700.0,1784260980797.0,-2.399279110865499,-0.3449280705317552,long,short,convergence,812.3,1315.5,813.0,1317.3,61,38,-25.69999999999709,105.95227471819999,211.90454943639998,-237.60454943639706,-131.65227471819708,103097.0,True
P422_PRIMARY_PAIR_SPREAD_REALISM_RETEST,HDFCBANK_AXISBANK,HDFCBANK,AXISBANK,2026-07-17,1784261072447.0,1784261219947.0,-1.8331058292592395,-0.15154705429735377,long,short,convergence,814.1,1319.2,814.0,1320.1,61,37,-39.39999999999418,104.04964928919999,208.09929857839998,-247.49929857839416,-143.44964928919416,147500.0,True
P422_PRIMARY_PAIR_SPREAD_REALISM_RETEST,HDFCBANK_AXISBANK,HDFCBANK,AXISBANK,2026-07-17,1784261269697.0,1784261270947.0,-3.413863038087025,-3.4918308500171333,long,short,stop_zscore,813.9,1322.6,813.8,1323.0,61,37,-20.90000000000873,104.1341887214,208.2683774428,-229.16837744280872,-125.03418872140873,1250.0,True
P422_PRIMARY_PAIR_SPREAD_REALISM_RETEST,HDFCBANK_AXISBANK,HDFCBANK,AXISBANK,2026-07-17,1784261478200.0,1784261565200.0,2.018949191759566,0.3114783416376964,short,long,convergence,814.3,1321.7,814.5,1321.4,61,37,-23.30000000000291,104.12390200899999,208.24780401799998,-231.5478040180029,-127.4239020090029,87000.0,True
P422_PRIMARY_PAIR_SPREAD_REALISM_RETEST,HDFCBANK_AXISBANK,HDFCBANK,AXISBANK,2026-07-17,1784261798699.0,1784261800949.0,3.2441865121476696,3.4343860364499763,short,long,stop_zscore,816.35,1320.0,816.85,1319.9,61,37,-34.19999999999709,104.18502640899999,208.37005281799998,-242.57005281799707,-138.38502640899708,2250.0,True
P422_PRIMARY_PAIR_SPREAD_REALISM_RETEST,HDFCBANK_AXISBANK,HDFCBANK,AXISBANK,2026-07-17,1784261826200.0,1784261897699.0,1.927204309156736,0.24903397659226584,short,long,convergence,816.4,1319.1,816.3,1319.8,61,37,32.000000000007276,104.15660100399998,208.31320200799996,-176.3132020079927,-72.1566010039927,71499.0,True
P422_PRIMARY_PAIR_SPREAD_REALISM_RETEST,HDFCBANK_AXISBANK,HDFCBANK,AXISBANK,2026-07-17,1784261992057.0,1784262054205.0,-1.9412883637242788,-0.19714480670469833,long,short,convergence,816.2,1320.1,815.95,1319.6,61,37,3.25,104.1554269503,208.3108539006,-205.0608539006,-100.9054269503,62148.0,True
P422_PRIMARY_PAIR_SPREAD_REALISM_RETEST,HDFCBANK_AXISBANK,HDFCBANK,AXISBANK,2026-07-17,1784262252199.0,1784262279200.0,2.077044863813478,0.026740878182717875,short,long,convergence,816.5,1317.7,816.55,1318.7,61,37,33.950000000004366,104.1276559671,208.2553119342,-174.30531193419563,-70.17765596709563,27001.0,True
P422_PRIMARY_PAIR_SPREAD_REALISM_RETEST,HDFCBANK_AXISBANK,HDFCBANK,AXISBANK,2026-07-20,1784519522610.0,1784519594861.0,1.8976484614334044,0.10385321125276066,short,long,convergence,781.0,1266.3,781.2,1265.8,64,39,-32.30000000000291,104.7666461762,209.5332923524,-241.8332923524029,-137.0666461762029,72251.0,True
P422_PRIMARY_PAIR_SPREAD_REALISM_RETEST,HDFCBANK_AXISBANK,HDFCBANK,AXISBANK,2026-07-20,1784520111385.0,1784520169257.0,2.4821328637082734,0.1768792275230568,short,long,convergence,779.0,1260.7,778.9,1261.1,64,39,21.999999999992724,104.4907354548,208.9814709096,-186.98147090960728,-82.49073545480728,57872.0,True
P422_PRIMARY_PAIR_SPREAD_REALISM_RETEST,HDFCBANK_AXISBANK,HDFCBANK,AXISBANK,2026-07-20,1784520299374.0,1784520442860.0,2.116069442750443,0.23975162227310295,short,long,convergence,779.95,1260.0,781.25,1258.3,64,39,-149.5,104.523666483,209.047332966,-358.547332966,-254.023666483,143486.0,True
P422_PRIMARY_PAIR_SPREAD_REALISM_RETEST,HDFCBANK_AXISBANK,HDFCBANK,AXISBANK,2026-07-20,1784520730612.0,1784520746112.0,-2.06843337484717,-3.2683657910910373,long,short,stop_zscore,780.75,1258.0,780.55,1259.8,64,39,-83.0,104.51734506439999,209.03469012879998,-292.0346901288,-187.5173450644,15500.0,True
P422_PRIMARY_PAIR_SPREAD_REALISM_RETEST,HDFCBANK_AXISBANK,HDFCBANK,AXISBANK,2026-07-20,1784520757416.0,1784520771671.0,-2.1204829429894563,-0.11924442459442021,long,short,convergence,781.4,1260.4,782.05,1259.7,63,39,68.25,103.97205693749999,207.94411387499997,-139.69411387499997,-35.722056937499985,14255.0,True
P422_PRIMARY_PAIR_SPREAD_REALISM_RETEST,HDFCBANK_AXISBANK,HDFCBANK,AXISBANK,2026-07-20,1784520824113.0,1784520885484.0,1.9777783043789936,0.1597418925760418,short,long,convergence,782.75,1258.7,782.4,1258.3,63,39,6.44999999999709,103.9673755347,207.9347510694,-201.4847510694029,-97.51737553470291,61371.0,True
P422_PRIMARY_PAIR_SPREAD_REALISM_RETEST,HDFCBANK_AXISBANK,HDFCBANK,AXISBANK,2026-07-20,1784521051363.0,1784521055337.0,2.1278158231582514,3.329713383339319,short,long,stop_zscore,782.3,1257.2,782.35,1256.5,63,39,-30.45000000001164,103.90282279350001,207.80564558700001,-238.25564558701166,-134.35282279351165,3974.0,True
P422_PRIMARY_PAIR_SPREAD_REALISM_RETEST,HDFCBANK_AXISBANK,HDFCBANK,AXISBANK,2026-07-20,1784521118863.0,1784521328613.0,2.6703196876742066,0.9472048290158072,short,long,max_hold,782.2,1256.1,782.15,1250.5,63,39,-215.24999999998545,103.78537989869999,207.57075979739997,-422.82075979738545,-319.03537989868545,209750.0,True
P422_PRIMARY_PAIR_SPREAD_REALISM_RETEST,HDFCBANK_AXISBANK,HDFCBANK,AXISBANK,2026-07-20,1784521399614.0,1784521428613.0,1.977930126690559,0.09726407066420227,short,long,convergence,783.0,1249.4,782.25,1249.4,63,40,47.25,104.6963842265,209.392768453,-162.142768453,-57.4463842265,28999.0,True
P422_PRIMARY_PAIR_SPREAD_REALISM_RETEST,HDFCBANK_AXISBANK,HDFCBANK,AXISBANK,2026-07-20,1784521570613.0,1784521654865.0,-1.7702149240325733,-1.7325633830062352,long,short,max_hold,782.65,1254.2,782.5,1255.1,63,39,-44.54999999998836,103.84609681289999,207.69219362579997,-252.24219362578833,-148.39609681288835,84252.0,True
P422_PRIMARY_PAIR_SPREAD_REALISM_RETEST,HDFCBANK_AXISBANK,HDFCBANK,AXISBANK,2026-07-21,1784605995843.0,1784605996594.0,4.0452793287965765,3.907415011732374,short,long,stop_zscore,770.25,1252.0,770.4,1251.8,64,39,-17.400000000001455,103.7573572188,207.5147144376,-224.91471443760145,-121.15735721880145,751.0,True
P422_PRIMARY_PAIR_SPREAD_REALISM_RETEST,HDFCBANK_AXISBANK,HDFCBANK,AXISBANK,2026-07-21,1784606019594.0,1784606049594.0,1.865958507887675,0.17663963301399194,short,long,convergence,770.25,1251.9,768.85,1250.6,64,39,38.8999999999869,103.69559245939999,207.39118491879998,-168.49118491881308,-64.79559245941309,30000.0,True
P422_PRIMARY_PAIR_SPREAD_REALISM_RETEST,HDFCBANK_AXISBANK,HDFCBANK,AXISBANK,2026-07-21,1784606120343.0,1784606293093.0,1.9193271977746746,0.2578705679349439,short,long,convergence,769.0,1248.5,771.25,1248.5,65,40,-146.25,106.28186972749998,212.56373945499996,-358.81373945499996,-252.53186972749998,172750.0,True
P422_PRIMARY_PAIR_SPREAD_REALISM_RETEST,HDFCBANK_AXISBANK,HDFCBANK,AXISBANK,2026-07-21,1784606360844.0,1784606363843.0,3.1775742888462246,3.5453637166597227,short,long,stop_zscore,771.3,1247.9,771.35,1247.5,64,40,-19.200000000004366,104.69041111359999,209.38082222719999,-228.58082222720435,-123.89041111360436,2999.0,True
P422_PRIMARY_PAIR_SPREAD_REALISM_RETEST,HDFCBANK_AXISBANK,HDFCBANK,AXISBANK,2026-07-21,1784606387218.0,1784606403844.0,2.353189812580707,0.1399197437688429,short,long,convergence,771.05,1247.5,771.0,1247.6,64,40,7.19999999999709,104.6695322512,209.3390645024,-202.1390645024029,-97.4695322512029,16626.0,True
P422_PRIMARY_PAIR_SPREAD_REALISM_RETEST,HDFCBANK_AXISBANK,HDFCBANK,AXISBANK,2026-07-21,1784606478593.0,1784606495094.0,-1.9216848257855277,0.0756543944626536,long,short,convergence,770.05,1247.3,770.5,1247.3,64,40,28.80000000000291,104.62206515519999,209.24413031039998,-180.44413031039707,-75.82206515519708,16501.0,True
P422_PRIMARY_PAIR_SPREAD_REALISM_RETEST,HDFCBANK_AXISBANK,HDFCBANK,AXISBANK,2026-07-21,1784606746093.0,1784606761094.0,1.8612603734598263,0.11145756001985621,short,long,convergence,769.5,1244.8,769.4,1245.1,64,40,18.400000000001455,104.5029003536,209.0058007072,-190.60580070719854,-86.10290035359854,15001.0,True
P422_PRIMARY_PAIR_SPREAD_REALISM_RETEST,HDFCBANK_AXISBANK,HDFCBANK,AXISBANK,2026-07-21,1784606771843.0,1784606783437.0,-1.9086761798032783,-0.11680968245066052,long,short,convergence,769.45,1246.1,769.35,1245.5,64,40,17.599999999998545,104.52794696319998,209.05589392639996,-191.45589392640142,-86.92794696320144,11594.0,True
P422_PRIMARY_PAIR_SPREAD_REALISM_RETEST,HDFCBANK_AXISBANK,HDFCBANK,AXISBANK,2026-07-21,1784606864343.0,1784607018808.0,-2.3660190532351395,-3.3656625909258477,long,short,stop_zscore,770.5,1248.6,770.15,1251.0,64,40,-118.40000000000146,104.70815535359998,209.41631070719995,-327.8163107072014,-223.10815535360143,154465.0,True
P422_PRIMARY_PAIR_SPREAD_REALISM_RETEST,HDFCBANK_AXISBANK,HDFCBANK,AXISBANK,2026-07-21,1784607019343.0,1784607074862.0,-2.8660573640642526,-3.3486242254631,long,short,stop_zscore,770.2,1250.4,769.8,1251.8,64,39,-80.19999999999709,103.7160329948,207.4320659896,-287.6320659895971,-183.9160329947971,55519.0,True
P422_PRIMARY_PAIR_SPREAD_REALISM_RETEST,HDFCBANK_AXISBANK,HDFCBANK,AXISBANK,2026-07-21,1784607074862.0,1784607233345.0,-3.2591986960626285,-0.34843903419397454,long,short,convergence,769.85,1251.7,769.0,1253.8,64,39,-136.29999999999563,103.73926746539999,207.47853493079998,-343.7785349307956,-240.03926746539562,158483.0,True
P422_PRIMARY_PAIR_SPREAD_REALISM_RETEST,HDFCBANK_AXISBANK,HDFCBANK,AXISBANK,2026-07-21,1784607343344.0,1784607359344.0,-1.7802629926651306,-4.66509353952306,long,short,stop_zscore,768.45,1254.3,768.05,1256.5,65,39,-111.80000000000291,104.38622344219999,208.77244688439998,-320.5724468844029,-216.1862234422029,16000.0,True
P422_PRIMARY_PAIR_SPREAD_REALISM_RETEST,HDFCBANK_AXISBANK,HDFCBANK,AXISBANK,2026-07-22,1784692348408.0,1784692447158.0,-2.017480571956835,-0.3389206062770525,long,short,convergence,756.4,1244.5,755.45,1243.8,66,40,-34.69999999999709,105.00296662459999,210.00593324919998,-244.70593324919707,-139.70296662459708,98750.0,True
P422_PRIMARY_PAIR_SPREAD_REALISM_RETEST,HDFCBANK_AXISBANK,HDFCBANK,AXISBANK,2026-07-22,1784692680365.0,1784692717808.0,2.5913919869656943,0.24719408240962096,short,long,convergence,755.7,1241.8,755.1,1241.6,66,40,31.60000000000582,104.89415261279999,209.78830522559997,-178.18830522559415,-73.29415261279416,37443.0,True
P422_PRIMARY_PAIR_SPREAD_REALISM_RETEST,HDFCBANK_AXISBANK,HDFCBANK,AXISBANK,2026-07-22,1784693006366.0,1784693036865.0,-2.338549772223446,-0.21019728252683936,long,short,convergence,754.3,1240.7,754.55,1240.6,66,40,20.5,104.8078765566,209.6157531132,-189.1157531132,-84.3078765566,30499.0,True
P422_PRIMARY_PAIR_SPREAD_REALISM_RETEST,HDFCBANK_AXISBANK,HDFCBANK,AXISBANK,2026-07-22,1784693145023.0,1784693148117.0,-2.0408370132867275,-4.733447681680214,long,short,stop_zscore,753.9,1240.2,753.75,1241.5,66,40,-61.900000000001455,104.7834276974,209.5668553948,-271.4668553948014,-166.68342769740144,3094.0,True
P422_PRIMARY_PAIR_SPREAD_REALISM_RETEST,HDFCBANK_AXISBANK,HDFCBANK,AXISBANK,2026-07-22,1784693384116.0,1784693473616.0,-2.8648604159396354,-0.30246188996696216,long,short,convergence,753.55,1240.9,753.5,1240.9,66,40,-3.2999999999956344,104.7680806438,209.5361612876,-212.83616128759564,-108.06808064379564,89500.0,True
P422_PRIMARY_PAIR_SPREAD_REALISM_RETEST,HDFCBANK_AXISBANK,HDFCBANK,AXISBANK,2026-07-22,1784693533115.0,1784693796908.0,1.7577662090893948,-0.0008694441184883485,short,long,convergence,753.7,1239.9,753.85,1240.5,66,40,14.10000000000582,104.75847230579998,209.51694461159997,-195.41694461159415,-90.65847230579416,263793.0,True
P422_PRIMARY_PAIR_SPREAD_REALISM_RETEST,HDFCBANK_AXISBANK,HDFCBANK,AXISBANK,2026-07-22,1784693886158.0,1784693908094.0,2.424853858750138,-0.012742202442730279,short,long,convergence,753.3,1239.7,753.5,1240.2,66,40,6.799999999995634,104.73033658879999,209.46067317759997,-202.66067317760434,-97.93033658880435,21936.0,True
P422_PRIMARY_PAIR_SPREAD_REALISM_RETEST,HDFCBANK_AXISBANK,HDFCBANK,AXISBANK,2026-07-22,1784693943908.0,1784693971408.0,2.5661109598122156,0.26088813559001284,short,long,convergence,753.6,1239.4,753.6,1239.9,66,40,20.0,104.73111396319999,209.46222792639998,-189.46222792639998,-84.73111396319999,27500.0,True
P422_PRIMARY_PAIR_SPREAD_REALISM_RETEST,HDFCBANK_AXISBANK,HDFCBANK,AXISBANK,2026-07-22,1784694033522.0,1784694173637.0,-2.1015598954722736,-4.465378559418977,long,short,stop_zscore,753.7,1241.8,753.3,1243.3,66,40,-86.40000000000873,104.821631596,209.643263192,-296.04326319200874,-191.22163159600873,140115.0,True
P422_PRIMARY_PAIR_SPREAD_REALISM_RETEST,HDFCBANK_AXISBANK,HDFCBANK,AXISBANK,2026-07-22,1784694201513.0,1784694222157.0,-1.803043770387358,-0.30417075849508296,long,short,convergence,753.5,1243.2,753.75,1243.1,66,40,20.5,104.84624128299998,209.69248256599997,-189.19248256599997,-84.34624128299998,20644.0,True
P422_PRIMARY_PAIR_SPREAD_REALISM_RETEST,HDFCBANK_AXISBANK,HDFCBANK,AXISBANK,2026-07-23,1784778529199.0,1784778717976.0,-2.4555313388896822,-0.2843080897348258,long,short,convergence,747.5,1230.6,748.75,1235.9,66,40,-129.5,104.23156697499999,208.46313394999999,-337.96313395,-233.731566975,188777.0,True
P422_PRIMARY_PAIR_SPREAD_REALISM_RETEST,HDFCBANK_AXISBANK,HDFCBANK,AXISBANK,2026-07-23,1784778756226.0,1784778808951.0,-1.987953089316158,-0.27136109006571996,long,short,convergence,748.95,1237.3,749.2,1237.2,66,40,20.5,104.41033020739998,208.82066041479996,-188.32066041479996,-83.91033020739998,52725.0,True
P422_PRIMARY_PAIR_SPREAD_REALISM_RETEST,HDFCBANK_AXISBANK,HDFCBANK,AXISBANK,2026-07-23,1784778884225.0,1784779214768.0,-3.303131761544644,-0.31351628527917635,long,short,convergence,748.85,1237.9,746.85,1235.7,66,40,-44.0,104.3309512412,208.6619024824,-252.6619024824,-148.3309512412,330543.0,True
P422_PRIMARY_PAIR_SPREAD_REALISM_RETEST,HDFCBANK_AXISBANK,HDFCBANK,AXISBANK,2026-07-23,1784779320726.0,1784779322976.0,-2.0549314178281866,-3.565945846736384,long,short,stop_zscore,745.95,1235.0,745.5,1235.1,67,40,-34.150000000001455,104.7660439969,209.5320879938,-243.68208799380145,-138.91604399690146,2250.0,True
P422_PRIMARY_PAIR_SPREAD_REALISM_RETEST,HDFCBANK_AXISBANK,HDFCBANK,AXISBANK,2026-07-23,1784779346976.0,1784779390725.0,-2.6820300444356455,0.06127778468512927,long,short,convergence,745.85,1235.6,745.85,1234.8,67,40,32.0,104.7767359194,209.5534718388,-177.5534718388,-72.7767359194,43749.0,True
P422_PRIMARY_PAIR_SPREAD_REALISM_RETEST,HDFCBANK_AXISBANK,HDFCBANK,AXISBANK,2026-07-23,1784779485725.0,1784779487976.0,3.319626166665775,3.4071307390706522,short,long,stop_zscore,746.3,1233.3,746.45,1233.2,66,40,-13.900000000008731,104.13595318899999,208.27190637799998,-222.1719063780087,-118.03595318900872,2251.0,True
P422_PRIMARY_PAIR_SPREAD_REALISM_RETEST,HDFCBANK_AXISBANK,HDFCBANK,AXISBANK,2026-07-23,1784779830726.0,1784779912146.0,-1.8839548472429726,-0.34787145913060474,long,short,convergence,745.95,1230.7,745.2,1230.3,67,40,-34.25,104.6099449523,209.2198899046,-243.4698899046,-138.8599449523,81420.0,True
P422_PRIMARY_PAIR_SPREAD_REALISM_RETEST,HDFCBANK_AXISBANK,HDFCBANK,AXISBANK,2026-07-23,1784780387477.0,1784780560475.0,-2.338914310013738,-0.3227430370706301,long,short,convergence,746.3,1232.1,746.1,1233.9,66,40,-85.19999999999709,104.1195065904,208.2390131808,-293.4390131807971,-189.31950659039708,172998.0,True
P422_PRIMARY_PAIR_SPREAD_REALISM_RETEST,HDFCBANK_AXISBANK,HDFCBANK,AXISBANK,2026-07-23,1784780822226.0,1784780825477.0,2.140433463457213,2.0666549047077836,short,long,max_hold,746.8,1234.8,747.05,1234.7,66,40,-20.5,104.21432598459998,208.42865196919996,-228.92865196919996,-124.71432598459998,3251.0,True
P422_PRIMARY_PAIR_SPREAD_REALISM_RETEST,INFY_TCS,INFY,TCS,2026-07-17,1784260583700.0,1784260591700.0,-1.7919583802943488,-0.1925388882373949,long,short,convergence,1106.9,2241.7,1106.5,2240.7,45,22,3.999999999992724,104.55603041479998,209.11206082959995,-205.11206082960723,-100.55603041480725,8000.0,True
P422_PRIMARY_PAIR_SPREAD_REALISM_RETEST,INFY_TCS,INFY,TCS,2026-07-17,1784260701700.0,1784260751700.0,2.340912707254436,0.3320777820556916,short,long,convergence,1104.5,2232.9,1106.0,2236.1,45,22,2.8999999999941792,104.38320244299999,208.76640488599998,-205.8664048860058,-101.48320244300581,50000.0,True
P422_PRIMARY_PAIR_SPREAD_REALISM_RETEST,INFY_TCS,INFY,TCS,2026-07-17,1784261369947.0,1784261378697.0,-2.545241831618759,-4.386456258702097,long,short,stop_zscore,1107.0,2238.2,1104.9,2237.7,45,22,-83.49999999999272,104.47179445179998,208.94358890359996,-292.4435889035927,-187.9717944517927,8750.0,True
P422_PRIMARY_PAIR_SPREAD_REALISM_RETEST,INFY_TCS,INFY,TCS,2026-07-17,1784261649950.0,1784261658200.0,-2.795894884145326,-4.389549744827695,long,short,stop_zscore,1104.3,2236.8,1104.6,2239.6,45,22,-48.099999999998545,104.4208691078,208.8417382156,-256.94173821559855,-152.52086910779855,8250.0,True
P422_PRIMARY_PAIR_SPREAD_REALISM_RETEST,INFY_TCS,INFY,TCS,2026-07-17,1784262235199.0,1784262243200.0,-2.0382340991094225,-0.16584052521366432,long,short,convergence,1100.0,2233.4,1100.0,2233.3,45,22,2.1999999999970896,104.1706219644,208.3412439288,-206.1412439288029,-101.97062196440291,8001.0,True
P422_PRIMARY_PAIR_SPREAD_REALISM_RETEST,INFY_TCS,INFY,TCS,2026-07-20,1784519473861.0,1784519480861.0,2.8179497889583014,3.3869429958238912,short,long,stop_zscore,1100.5,2272.3,1101.7,2271.8,45,22,-65.0,104.90389229520001,209.80778459040002,-274.80778459040005,-169.90389229520002,7000.0,True
P422_PRIMARY_PAIR_SPREAD_REALISM_RETEST,INFY_TCS,INFY,TCS,2026-07-20,1784519783861.0,1784519795421.0,-3.377977764327814,-3.785621845991528,long,short,stop_zscore,1094.9,2259.0,1093.4,2258.0,45,22,-45.5,104.407093585,208.81418717,-254.31418717,-149.90709358499998,11560.0,True
P422_PRIMARY_PAIR_SPREAD_REALISM_RETEST,INFY_TCS,INFY,TCS,2026-07-20,1784519809902.0,1784519824501.0,-1.8076167038838449,-0.3491728242511228,long,short,convergence,1093.8,2256.7,1094.2,2256.6,45,22,20.19999999999709,104.3675401556,208.7350803112,-188.5350803112029,-84.16754015560291,14599.0,True
P422_PRIMARY_PAIR_SPREAD_REALISM_RETEST,INFY_TCS,INFY,TCS,2026-07-20,1784520044862.0,1784520101860.0,-1.937686343909856,-0.2705254062325248,long,short,convergence,1098.3,2263.9,1097.3,2262.4,45,22,-12.0,104.6232461236,209.2464922472,-221.2464922472,-116.6232461236,56998.0,True
P422_PRIMARY_PAIR_SPREAD_REALISM_RETEST,INFY_TCS,INFY,TCS,2026-07-20,1784520157860.0,1784520256298.0,-2.453503935983834,-0.2897239453743919,long,short,convergence,1094.8,2259.5,1094.1,2258.4,45,22,-7.300000000010186,104.42554038579999,208.85108077159998,-216.15108077161017,-111.72554038581018,98438.0,True
P422_PRIMARY_PAIR_SPREAD_REALISM_RETEST,INFY_TCS,INFY,TCS,2026-07-20,1784520489111.0,1784520501361.0,2.82448637553205,0.13131366211397588,short,long,convergence,1096.6,2259.6,1096.2,2261.1,45,22,50.999999999992724,104.52102474839998,209.04204949679996,-158.04204949680724,-53.52102474840726,12250.0,True
P422_PRIMARY_PAIR_SPREAD_REALISM_RETEST,INFY_TCS,INFY,TCS,2026-07-20,1784520538112.0,1784520625113.0,2.6054931233125598,0.2744076016007941,short,long,convergence,1094.4,2253.2,1094.6,2252.2,45,22,-30.999999999985448,104.3159630628,208.6319261256,-239.63192612558544,-135.31596306278544,87001.0,True
P422_PRIMARY_PAIR_SPREAD_REALISM_RETEST,INFY_TCS,INFY,TCS,2026-07-21,1784606253343.0,1784606290207.0,-2.321089671626135,-0.30901835174543163,long,short,convergence,1092.3,2254.5,1092.0,2253.0,45,22,19.5,104.24802665099999,208.49605330199998,-188.99605330199998,-84.74802665099999,36864.0,True
P422_PRIMARY_PAIR_SPREAD_REALISM_RETEST,INFY_TCS,INFY,TCS,2026-07-21,1784606710356.0,1784606752093.0,-2.3904823447727983,-0.16114709885783698,long,short,convergence,1090.4,2253.3,1090.0,2252.1,45,22,8.400000000001455,104.1580929408,208.3161858816,-199.91618588159855,-95.75809294079855,41737.0,True
P422_PRIMARY_PAIR_SPREAD_REALISM_RETEST,INFY_TCS,INFY,TCS,2026-07-21,1784607220343.0,1784607221343.0,-3.54543371700395,-4.766267099421527,long,short,stop_zscore,1084.8,2243.0,1084.1,2243.4,46,22,-41.0,104.6600951012,209.3201902024,-250.3201902024,-145.6600951012,1000.0,True
P422_PRIMARY_PAIR_SPREAD_REALISM_RETEST,INFY_TCS,INFY,TCS,2026-07-21,1784607486343.0,1784607574094.0,-2.47433336745412,-0.027857578436701738,long,short,convergence,1078.9,2239.5,1077.5,2236.5,46,22,1.5999999999985448,104.33278695839999,208.66557391679999,-207.06557391680144,-102.73278695840145,87751.0,True
P422_PRIMARY_PAIR_SPREAD_REALISM_RETEST,INFY_TCS,INFY,TCS,2026-07-21,1784607770593.0,1784607873343.0,2.0132752175019006,0.34656023553094994,short,long,convergence,1080.5,2239.9,1081.9,2241.7,46,22,-24.800000000010186,104.49542023359999,208.99084046719997,-233.79084046721016,-129.29542023361017,102750.0,True
P422_PRIMARY_PAIR_SPREAD_REALISM_RETEST,INFY_TCS,INFY,TCS,2026-07-22,1784692302342.0,1784692390158.0,1.834935828204554,3.479464842522848,short,long,stop_zscore,1064.7,2210.7,1065.4,2208.6,46,22,-78.39999999999418,103.33536613519999,206.67073227039998,-285.07073227039416,-181.73536613519417,87816.0,True
P422_PRIMARY_PAIR_SPREAD_REALISM_RETEST,INFY_TCS,INFY,TCS,2026-07-22,1784692392158.0,1784692782615.0,3.1627975318362704,0.3020796536787109,short,long,convergence,1065.0,2209.0,1066.8,2212.2,46,22,-12.400000000001455,103.38314485519999,206.76628971039997,-219.16628971040143,-115.78314485520144,390457.0,True
P422_PRIMARY_PAIR_SPREAD_REALISM_RETEST,INFY_TCS,INFY,TCS,2026-07-22,1784693187771.0,1784693297116.0,-2.1909347595954407,-0.30812352366104595,long,short,convergence,1064.0,2211.6,1064.9,2213.1,46,22,8.400000000001455,103.35991155679999,206.71982311359997,-198.31982311359852,-94.95991155679853,109345.0,True
P422_PRIMARY_PAIR_SPREAD_REALISM_RETEST,INFY_TCS,INFY,TCS,2026-07-22,1784693493650.0,1784693753668.0,2.5166058458586154,0.2576461207302213,short,long,convergence,1066.2,2213.4,1066.0,2213.1,46,22,2.599999999998545,103.43778466520001,206.87556933040003,-204.27556933040148,-100.83778466520147,260018.0,True
P422_PRIMARY_PAIR_SPREAD_REALISM_RETEST,INFY_TCS,INFY,TCS,2026-07-22,1784693838658.0,1784693880230.0,-2.1137484748047224,0.00785790009892038,long,short,convergence,1064.1,2211.1,1063.8,2209.4,46,22,23.59999999999127,103.30343696639999,206.60687393279997,-183.0068739328087,-79.70343696640872,41572.0,True
P422_PRIMARY_PAIR_SPREAD_REALISM_RETEST,INFY_TCS,INFY,TCS,2026-07-22,1784693993908.0,1784694075907.0,2.0541808606993244,0.33955581477740276,short,long,convergence,1064.5,2208.8,1065.0,2210.7,46,22,18.79999999998836,103.324479516,206.648959032,-187.84895903201163,-84.52447951601164,81999.0,True
P422_PRIMARY_PAIR_SPREAD_REALISM_RETEST,INFY_TCS,INFY,TCS,2026-07-23,1784778646226.0,1784778678476.0,-1.9101234472261182,-0.23051656685192246,long,short,convergence,1039.5,2198.7,1041.0,2201.0,48,22,21.39999999999418,103.92242630439999,207.84485260879998,-186.4448526088058,-82.52242630440581,32250.0,True
P422_PRIMARY_PAIR_SPREAD_REALISM_RETEST,INFY_TCS,INFY,TCS,2026-07-23,1784780030727.0,1784780069478.0,-2.1804469014001335,-0.23173619821239094,long,short,convergence,1041.7,2205.5,1042.2,2205.8,47,22,16.89999999999418,103.24562461139999,206.49124922279998,-189.5912492228058,-86.34562461140581,38751.0,True
P422_PRIMARY_PAIR_SPREAD_REALISM_RETEST,INFY_TCS,INFY,TCS,2026-07-23,1784780180477.0,1784780194979.0,2.417850598346954,0.2865792365658567,short,long,convergence,1044.2,2208.0,1044.5,2209.9,47,22,27.700000000004366,103.3961579562,206.7923159124,-179.09231591239563,-75.69615795619563,14502.0,True
P422_PRIMARY_PAIR_SPREAD_REALISM_RETEST,RELIANCE_ONGC,RELIANCE,ONGC,2026-07-17,1784262180200.0,1784262215005.0,2.166068235551774,0.2007366903990099,short,long,convergence,1321.3,247.08,1321.4,247.16,37,202,12.459999999991851,104.31229563028,208.62459126056,-196.16459126056816,-91.85229563028815,34805.0,True
P422_PRIMARY_PAIR_SPREAD_REALISM_RETEST,RELIANCE_ONGC,RELIANCE,ONGC,2026-07-20,1784520928794.0,1784520934363.0,1.9947653092575304,-0.1846656007527023,short,long,convergence,1335.1,250.79,1334.3,250.72,37,199,15.669999999998254,104.69910941574,209.39821883148,-193.72821883148174,-89.02910941574174,5569.0,True
P422_PRIMARY_PAIR_SPREAD_REALISM_RETEST,RELIANCE_ONGC,RELIANCE,ONGC,2026-07-20,1784520962362.0,1784520973362.0,-1.8312697091026622,-4.007265095955539,long,short,stop_zscore,1334.2,250.9,1334.2,251.28,37,199,-75.62000000000262,104.73962785571999,209.47925571143998,-285.0992557114426,-180.3596278557226,11000.0,True
P422_PRIMARY_PAIR_SPREAD_REALISM_RETEST,RELIANCE_ONGC,RELIANCE,ONGC,2026-07-21,1784605835593.0,1784605897594.0,-2.5100398877934467,-0.33253645581381663,long,short,convergence,1317.2,251.32,1316.6,250.86,37,198,68.8799999999901,104.01309042944,208.02618085888,-139.1461808588899,-35.133090429449894,62001.0,True
P422_PRIMARY_PAIR_SPREAD_REALISM_RETEST,RELIANCE_ONGC,RELIANCE,ONGC,2026-07-21,1784606809843.0,1784607037093.0,1.837091869692864,0.16897088612658512,short,long,convergence,1316.2,251.04,1318.1,250.87,37,199,-104.12999999999738,104.20545686114,208.41091372228,-312.54091372227737,-208.33545686113737,227250.0,True
P422_PRIMARY_PAIR_SPREAD_REALISM_RETEST,RELIANCE_ONGC,RELIANCE,ONGC,2026-07-21,1784607869843.0,1784607874343.0,-2.059000434049608,-4.289952042556314,long,short,stop_zscore,1317.9,251.23,1317.8,251.5,37,199,-57.43000000000757,105.29212552301999,210.58425104603998,-268.01425104604755,-162.72212552302756,4500.0,True
P422_PRIMARY_PAIR_SPREAD_REALISM_RETEST,RELIANCE_ONGC,RELIANCE,ONGC,2026-07-22,1784692310408.0,1784692402095.0,-2.1947165735823413,-0.06364901687796291,long,short,convergence,1300.4,252.13,1299.6,251.9,38,198,15.139999999984866,104.71116730364,209.42233460728,-194.28233460729513,-89.57116730365513,91687.0,True
P422_PRIMARY_PAIR_SPREAD_REALISM_RETEST,RELIANCE_ONGC,RELIANCE,ONGC,2026-07-22,1784693338616.0,1784693391617.0,2.9695901098454685,-0.06552841125128785,short,long,convergence,1295.8,251.89,1297.2,252.23,38,198,14.120000000009895,104.61032076255998,209.22064152511996,-195.10064152511006,-90.49032076255008,53001.0,True
P422_PRIMARY_PAIR_SPREAD_REALISM_RETEST,RELIANCE_ONGC,RELIANCE,ONGC,2026-07-22,1784694138907.0,1784694285791.0,2.3607037385090934,0.334486472863988,short,long,convergence,1297.0,251.74,1296.3,251.66,38,198,10.759999999994761,104.55706695159999,209.11413390319998,-198.35413390320522,-93.79706695160523,146884.0,True
P422_SIDE_FLIP_CONTROL,HDFCBANK_ICICIBANK,HDFCBANK,ICICIBANK,2026-07-17,1784260231200.0,1784260254131.0,1.9928961284397266,0.24627284448778594,long,short,convergence,813.2,1427.9,812.25,1428.0,61,35,-61.450000000004366,104.91999368369999,209.83998736739997,-271.28998736740436,-166.36999368370437,22931.0,True
P422_SIDE_FLIP_CONTROL,HDFCBANK_ICICIBANK,HDFCBANK,ICICIBANK,2026-07-17,1784260634700.0,1784260780450.0,-2.0691941376286214,-0.3206234247578662,short,long,convergence,812.45,1429.9,813.2,1430.8,61,34,-15.150000000008731,103.8299279007,207.6598558014,-222.80985580140873,-118.97992790070873,145750.0,True
P422_SIDE_FLIP_CONTROL,HDFCBANK_ICICIBANK,HDFCBANK,ICICIBANK,2026-07-17,1784260854261.0,1784260895875.0,1.816076197980834,0.08265978274241174,long,short,convergence,812.35,1428.9,812.1,1429.5,61,34,-35.64999999999418,103.7687055323,207.5374110646,-243.1874110645942,-139.41870553229418,41614.0,True
P422_SIDE_FLIP_CONTROL,HDFCBANK_ICICIBANK,HDFCBANK,ICICIBANK,2026-07-17,1784260966022.0,1784261086947.0,1.7939299917439042,0.3344290927938216,long,short,convergence,812.9,1429.5,813.5,1429.6,61,34,33.200000000004366,103.82568723879999,207.65137447759997,-174.4513744775956,-70.62568723879562,120925.0,True
P422_SIDE_FLIP_CONTROL,HDFCBANK_ICICIBANK,HDFCBANK,ICICIBANK,2026-07-17,1784261185447.0,1784261263947.0,2.2816555660836606,-0.24902917880951633,long,short,convergence,813.9,1427.8,813.85,1429.0,61,35,-45.05000000000291,104.98956823449998,209.97913646899997,-255.02913646900288,-150.0395682345029,78500.0,True
P422_SIDE_FLIP_CONTROL,HDFCBANK_ICICIBANK,HDFCBANK,ICICIBANK,2026-07-17,1784261326947.0,1784261375591.0,-2.1268484462388604,-0.31001882588016166,short,long,convergence,814.05,1430.0,814.6,1430.1,61,34,-30.15000000000873,103.89623451629998,207.79246903259997,-237.9424690326087,-134.04623451630872,48644.0,True
P422_SIDE_FLIP_CONTROL,HDFCBANK_ICICIBANK,HDFCBANK,ICICIBANK,2026-07-17,1784261796104.0,1784261898700.0,1.963355461693752,0.3366451312963264,long,short,convergence,816.15,1429.9,816.15,1429.6,61,34,10.200000000011642,103.9778248798,207.9556497596,-197.75564975958835,-93.77782487978835,102596.0,True
P422_SIDE_FLIP_CONTROL,HDFCBANK_ICICIBANK,HDFCBANK,ICICIBANK,2026-07-17,1784262131297.0,1784262138199.0,-1.8186500786136048,-0.07836176537222171,short,long,convergence,815.4,1428.7,815.85,1428.5,61,34,-34.25,103.92068037629998,207.84136075259997,-242.09136075259997,-138.17068037629997,6902.0,True
P422_SIDE_FLIP_CONTROL,HDFCBANK_ICICIBANK,HDFCBANK,ICICIBANK,2026-07-20,1784519652110.0,1784519715860.0,2.4788228170286746,0.2741920492118392,long,short,convergence,782.4,1454.2,781.6,1455.3,63,34,-87.79999999998836,104.24821372999997,208.49642745999995,-296.2964274599883,-192.04821372998833,63750.0,True
P422_SIDE_FLIP_CONTROL,HDFCBANK_ICICIBANK,HDFCBANK,ICICIBANK,2026-07-20,1784519767861.0,1784519814610.0,-2.1922900173524527,-0.31934242435909826,short,long,convergence,780.4,1455.0,781.2,1454.5,64,34,-68.20000000000437,104.82111475239999,209.64222950479999,-277.8422295048043,-173.02111475240434,46749.0,True
P422_SIDE_FLIP_CONTROL,HDFCBANK_ICICIBANK,HDFCBANK,ICICIBANK,2026-07-20,1784519946111.0,1784520059611.0,-2.0627320464529495,-0.1732182688111505,short,long,convergence,778.4,1453.5,778.7,1453.7,64,34,-12.400000000001455,104.6714518752,209.3429037504,-221.74290375040147,-117.07145187520146,113500.0,True
P422_SIDE_FLIP_CONTROL,HDFCBANK_ICICIBANK,HDFCBANK,ICICIBANK,2026-07-20,1784520111387.0,1784520201608.0,2.2365173223215313,0.08782381179826286,long,short,convergence,779.3,1452.5,778.7,1452.2,64,34,-28.19999999999709,104.6605533508,209.3211067016,-237.5211067015971,-132.8605533507971,90221.0,True
P422_SIDE_FLIP_CONTROL,HDFCBANK_ICICIBANK,HDFCBANK,ICICIBANK,2026-07-20,1784520330860.0,1784520399800.0,1.938397380840052,0.2769617372928751,long,short,convergence,780.6,1451.8,781.1,1453.8,64,34,-36.0,104.7693433152,209.5386866304,-245.5386866304,-140.7693433152,68940.0,True
P422_SIDE_FLIP_CONTROL,HDFCBANK_ICICIBANK,HDFCBANK,ICICIBANK,2026-07-20,1784520474111.0,1784520687363.0,3.7322438696262195,2.186890064552417,long,short,max_hold,781.45,1450.6,780.25,1443.4,63,34,169.19999999998254,103.97129453859998,207.94258907719995,-38.74258907721742,65.22870546138256,213252.0,True
P422_SIDE_FLIP_CONTROL,HDFCBANK_ICICIBANK,HDFCBANK,ICICIBANK,2026-07-20,1784520687862.0,1784520814443.0,2.2704032619493413,0.1835091706446124,long,short,convergence,780.35,1443.0,782.4,1445.1,64,34,59.80000000000291,105.55340522839998,211.10681045679996,-151.30681045679705,-45.75340522839707,126581.0,True
P422_SIDE_FLIP_CONTROL,HDFCBANK_ICICIBANK,HDFCBANK,ICICIBANK,2026-07-20,1784520928795.0,1784520942878.0,-2.550655537762079,-0.32421022820380935,short,long,convergence,781.4,1445.6,781.5,1443.3,63,34,-84.5,103.93535353179999,207.87070706359998,-292.3707070636,-188.4353535318,14083.0,True
P422_SIDE_FLIP_CONTROL,HDFCBANK_ICICIBANK,HDFCBANK,ICICIBANK,2026-07-20,1784520978362.0,1784521069151.0,1.787975661848921,0.2909869426307155,long,short,convergence,781.8,1441.0,782.0,1442.3,63,34,-31.59999999999127,103.88022354959999,207.76044709919998,-239.36044709919125,-135.48022354959124,90789.0,True
P422_SIDE_FLIP_CONTROL,HDFCBANK_ICICIBANK,HDFCBANK,ICICIBANK,2026-07-20,1784521202864.0,1784521412614.0,-2.0654350801454293,-0.024479060431125264,short,long,convergence,782.5,1444.5,782.8,1447.2,63,34,72.90000000000873,104.03313097019999,208.06626194039998,-135.16626194039125,-31.13313097019126,209750.0,True
P422_SIDE_FLIP_CONTROL,HDFCBANK_ICICIBANK,HDFCBANK,ICICIBANK,2026-07-20,1784521483362.0,1784521504781.0,-1.878939677582558,0.15529691355913938,short,long,convergence,782.5,1448.0,782.95,1447.9,63,34,-31.75,104.09657603369999,208.19315206739998,-239.94315206739998,-135.8465760337,21419.0,True
P422_SIDE_FLIP_CONTROL,HDFCBANK_ICICIBANK,HDFCBANK,ICICIBANK,2026-07-20,1784521532815.0,1784521654865.0,-2.989198714387085,-1.4753601735411521,short,long,max_hold,782.7,1450.0,782.6,1453.6,63,34,128.6999999999971,104.19672583779999,208.39345167559998,-79.69345167560289,24.5032741621971,122050.0,True
P422_SIDE_FLIP_CONTROL,HDFCBANK_ICICIBANK,HDFCBANK,ICICIBANK,2026-07-21,1784605852343.0,1784605959302.0,-2.144863708291694,-0.2172522225761702,short,long,convergence,770.25,1470.2,770.25,1471.0,64,34,27.19999999999709,105.70889747679999,211.41779495359998,-184.2177949536029,-78.5088974768029,106959.0,True
P422_SIDE_FLIP_CONTROL,HDFCBANK_ICICIBANK,HDFCBANK,ICICIBANK,2026-07-21,1784606003594.0,1784606030593.0,1.9150114606499629,0.3151880192673758,long,short,convergence,770.25,1470.1,769.75,1470.6,64,34,-49.0,104.69012658279998,209.38025316559995,-258.3802531655999,-153.69012658279996,26999.0,True
P422_SIDE_FLIP_CONTROL,HDFCBANK_ICICIBANK,HDFCBANK,ICICIBANK,2026-07-21,1784606151763.0,1784606174343.0,2.186505569762985,0.31890778938025593,long,short,convergence,769.8,1468.9,769.1,1469.2,64,34,-54.999999999992724,104.62567931000001,209.25135862000002,-264.25135861999274,-159.62567930999273,22580.0,True
P422_SIDE_FLIP_CONTROL,HDFCBANK_ICICIBANK,HDFCBANK,ICICIBANK,2026-07-21,1784606197343.0,1784606280844.0,2.3584344419872965,0.32731360496117806,long,short,convergence,770.5,1469.6,771.15,1471.4,64,34,-19.600000000013097,104.7367473976,209.4734947952,-229.0734947952131,-124.3367473976131,83501.0,True
P422_SIDE_FLIP_CONTROL,HDFCBANK_ICICIBANK,HDFCBANK,ICICIBANK,2026-07-21,1784606394844.0,1784606403844.0,-1.8180339509600238,-0.2205833861135372,short,long,convergence,770.8,1470.8,771.0,1470.5,64,33,-22.700000000004366,103.54947876860001,207.09895753720002,-229.7989575372044,-126.24947876860438,9000.0,True
P422_SIDE_FLIP_CONTROL,HDFCBANK_ICICIBANK,HDFCBANK,ICICIBANK,2026-07-21,1784606515843.0,1784606557843.0,2.6294751032229615,0.283437128875655,long,short,convergence,770.75,1467.4,770.6,1468.6,64,34,-50.3999999999869,104.66031738239998,209.32063476479996,-259.72063476478684,-155.06031738238687,42000.0,True
P422_SIDE_FLIP_CONTROL,HDFCBANK_ICICIBANK,HDFCBANK,ICICIBANK,2026-07-21,1784606745843.0,1784606966346.0,2.0435296760873474,0.7269812259691218,long,short,max_hold,769.55,1465.0,770.15,1462.3,64,34,130.20000000000437,104.49447701399998,208.98895402799997,-78.7889540279956,25.705522986004382,220503.0,True
P422_SIDE_FLIP_CONTROL,HDFCBANK_ICICIBANK,HDFCBANK,ICICIBANK,2026-07-21,1784607046864.0,1784607144382.0,-1.7500765917266616,-0.009647462101403152,short,long,convergence,770.1,1463.2,769.5,1462.0,64,34,-2.400000000001455,104.46484762719999,208.92969525439997,-211.32969525440143,-106.86484762720144,97518.0,True
P422_SIDE_FLIP_CONTROL,HDFCBANK_ICICIBANK,HDFCBANK,ICICIBANK,2026-07-21,1784607554343.0,1784607589343.0,2.7895311407340415,0.2163174669205078,long,short,convergence,769.3,1461.1,768.8,1461.9,64,34,-59.20000000001164,104.39628548239999,208.79257096479998,-267.99257096481165,-163.59628548241164,35000.0,True
P422_SIDE_FLIP_CONTROL,HDFCBANK_ICICIBANK,HDFCBANK,ICICIBANK,2026-07-21,1784607941093.0,1784607976093.0,1.9833442059804607,-0.2400925441494474,long,short,convergence,769.0,1460.2,768.6,1460.8,65,34,-46.39999999999418,104.98034274799997,209.96068549599994,-256.3606854959941,-151.38034274799415,35000.0,True
P422_SIDE_FLIP_CONTROL,HDFCBANK_ICICIBANK,HDFCBANK,ICICIBANK,2026-07-22,1784692290407.0,1784692337658.0,3.1471660127100405,0.34548552411321054,long,short,convergence,757.35,1453.1,756.4,1453.4,66,34,-72.90000000000873,104.76554827099999,209.53109654199997,-282.43109654200873,-177.66554827100873,47251.0,True
P422_SIDE_FLIP_CONTROL,HDFCBANK_ICICIBANK,HDFCBANK,ICICIBANK,2026-07-22,1784692703612.0,1784692717812.0,1.8445903550854592,0.31010553705242416,long,short,convergence,756.05,1450.9,754.8,1450.6,66,34,-72.29999999998836,104.6186641426,209.2373282852,-281.5373282851883,-176.91866414258834,14200.0,True
P422_SIDE_FLIP_CONTROL,HDFCBANK_ICICIBANK,HDFCBANK,ICICIBANK,2026-07-22,1784693043814.0,1784693072540.0,1.9722450498237012,0.26482942410510885,long,short,convergence,754.6,1447.8,754.25,1448.5,66,34,-46.900000000001455,104.49278496979998,208.98556993959997,-255.88556993960142,-151.39278496980143,28726.0,True
P422_SIDE_FLIP_CONTROL,HDFCBANK_ICICIBANK,HDFCBANK,ICICIBANK,2026-07-22,1784693145023.0,1784693162366.0,-1.8258783959667415,4.427039878242692,short,long,stop_zscore,753.75,1448.0,753.95,1445.0,66,34,-115.20000000000437,104.41736450120001,208.83472900240002,-324.0347290024044,-219.61736450120438,17343.0,True
P422_SIDE_FLIP_CONTROL,HDFCBANK_ICICIBANK,HDFCBANK,ICICIBANK,2026-07-22,1784693169366.0,1784693247366.0,2.4170926596703137,0.34820810764406773,long,short,convergence,753.9,1445.2,753.8,1445.4,66,34,-13.400000000008731,104.3826747716,208.7653495432,-222.16534954320872,-117.78267477160873,78000.0,True
P422_SIDE_FLIP_CONTROL,HDFCBANK_ICICIBANK,HDFCBANK,ICICIBANK,2026-07-22,1784693691657.0,1784693845908.0,-2.931359077222481,0.21061315652249965,short,long,convergence,754.0,1448.3,753.45,1446.7,66,34,-18.099999999998545,104.43683791019998,208.87367582039997,-226.9736758203985,-122.53683791019853,154251.0,True
P422_SIDE_FLIP_CONTROL,HDFCBANK_ICICIBANK,HDFCBANK,ICICIBANK,2026-07-22,1784694140658.0,1784694229432.0,-1.871227217307751,-0.26070334515081156,short,long,convergence,753.25,1448.1,753.8,1448.3,66,34,-29.499999999992724,104.4456247174,208.8912494348,-238.3912494347927,-133.94562471739272,88774.0,True
P422_SIDE_FLIP_CONTROL,HDFCBANK_ICICIBANK,HDFCBANK,ICICIBANK,2026-07-22,1784694386407.0,1784694450157.0,2.492341461720803,1.1884556611247494,long,short,max_hold,754.5,1448.0,754.55,1448.3,66,34,-6.900000000001455,104.497549529,208.995099058,-215.89509905800145,-111.39754952900145,63750.0,True
P422_SIDE_FLIP_CONTROL,HDFCBANK_ICICIBANK,HDFCBANK,ICICIBANK,2026-07-23,1784778673476.0,1784778759476.0,-1.8520901900303703,-0.2878379920193532,short,long,convergence,748.35,1444.0,748.9,1444.0,66,34,-36.30000000000291,104.06679376299999,208.13358752599999,-244.4335875260029,-140.3667937630029,86000.0,True
P422_SIDE_FLIP_CONTROL,HDFCBANK_ICICIBANK,HDFCBANK,ICICIBANK,2026-07-23,1784778811225.0,1784779012475.0,2.6916145407912477,0.19210002392498043,long,short,convergence,749.2,1443.3,748.1,1441.6,66,34,-14.80000000000291,104.02497721040001,208.04995442080002,-222.84995442080293,-118.82497721040292,201250.0,True
P422_SIDE_FLIP_CONTROL,HDFCBANK_ICICIBANK,HDFCBANK,ICICIBANK,2026-07-23,1784779090726.0,1784779119476.0,-1.7856460087106576,-0.11318929998179691,short,long,convergence,746.8,1441.0,747.3,1440.0,66,34,-67.0,103.88603782759998,207.77207565519996,-274.77207565519996,-170.88603782759998,28750.0,True
P422_SIDE_FLIP_CONTROL,HDFCBANK_ICICIBANK,HDFCBANK,ICICIBANK,2026-07-23,1784779313615.0,1784779334976.0,-2.916237526889164,-0.041721477507963844,short,long,convergence,745.8,1441.4,746.0,1439.7,67,34,-71.20000000000437,104.43206664799999,208.86413329599998,-280.06413329600434,-175.63206664800435,21361.0,True
P422_SIDE_FLIP_CONTROL,HDFCBANK_ICICIBANK,HDFCBANK,ICICIBANK,2026-07-23,1784779485975.0,1784779501475.0,2.5278785048723464,0.09002076881312941,long,short,convergence,746.35,1439.6,745.9,1439.8,66,34,-36.5,103.81384966859997,207.62769933719994,-244.12769933719994,-140.31384966859997,15500.0,True
P422_SIDE_FLIP_CONTROL,HDFCBANK_ICICIBANK,HDFCBANK,ICICIBANK,2026-07-23,1784779827227.0,1784780010923.0,-1.9596874054179605,-0.17916199236640368,short,long,convergence,745.8,1441.3,745.75,1443.1,67,34,64.54999999999563,104.4688218507,208.9376437014,-144.38764370140436,-39.91882185070436,183696.0,True
P422_SIDE_FLIP_CONTROL,HDFCBANK_ICICIBANK,HDFCBANK,ICICIBANK,2026-07-23,1784780197227.0,1784780246477.0,1.7693506621098016,0.28165673267725627,long,short,convergence,746.75,1442.8,746.25,1442.9,66,34,-36.40000000000873,103.92101743079999,207.84203486159998,-244.24203486160872,-140.32101743080872,49250.0,True
P422_SIDE_FLIP_CONTROL,HDFCBANK_ICICIBANK,HDFCBANK,ICICIBANK,2026-07-23,1784780422227.0,1784780532321.0,-2.2205575983779386,-0.34996297506452245,short,long,convergence,746.25,1443.7,746.25,1444.0,67,34,10.19999999999709,104.5411035958,209.0822071916,-198.8822071916029,-94.3411035958029,110094.0,True
P422_SIDE_FLIP_CONTROL,HDFCBANK_ICICIBANK,HDFCBANK,ICICIBANK,2026-07-23,1784780632727.0,1784780824476.0,2.0299638811807643,1.5876309931875647,long,short,max_hold,746.5,1444.3,746.85,1443.7,66,34,43.499999999992724,103.96098785859999,207.92197571719998,-164.42197571720726,-60.46098785860727,191749.0,True
P422_SIDE_FLIP_CONTROL,HDFCBANK_AXISBANK,HDFCBANK,AXISBANK,2026-07-17,1784260170912.0,1784260270450.0,1.910840019059529,0.1309712994490424,long,short,convergence,812.7,1311.6,812.25,1311.3,61,38,-16.050000000010186,104.7905632629,209.5811265258,-225.63112652581017,-120.84056326291018,99538.0,True
P422_SIDE_FLIP_CONTROL,HDFCBANK_AXISBANK,HDFCBANK,AXISBANK,2026-07-17,1784260324450.0,1784260364969.0,2.6188980181449035,-0.20710390529013079,long,short,convergence,813.35,1309.4,812.5,1311.3,61,38,-124.04999999999563,104.78051941070001,209.56103882140002,-333.61103882139565,-228.83051941069564,40519.0,True
P422_SIDE_FLIP_CONTROL,HDFCBANK_AXISBANK,HDFCBANK,AXISBANK,2026-07-17,1784260636701.0,1784260798719.0,-2.652311528013408,-0.30261520444864404,short,long,convergence,812.3,1312.0,813.4,1312.6,61,38,-44.300000000010186,104.83583391500001,209.67166783000002,-253.9716678300102,-149.1358339150102,162018.0,True
P422_SIDE_FLIP_CONTROL,HDFCBANK_AXISBANK,HDFCBANK,AXISBANK,2026-07-17,1784260846951.0,1784260980797.0,-2.167965591121554,-0.3449280705317552,short,long,convergence,812.4,1314.0,813.2,1317.0,61,38,65.19999999999709,104.9305502776,209.8611005552,-144.66110055520292,-39.730550277602916,133846.0,True
P422_SIDE_FLIP_CONTROL,HDFCBANK_AXISBANK,HDFCBANK,AXISBANK,2026-07-17,1784261072447.0,1784261219947.0,-1.8331058292592395,-0.15154705429735377,short,long,convergence,814.05,1319.5,814.05,1319.6,61,37,3.6999999999970896,104.0459953848,208.0919907696,-204.3919907696029,-100.3459953848029,147500.0,True
P422_SIDE_FLIP_CONTROL,HDFCBANK_AXISBANK,HDFCBANK,AXISBANK,2026-07-17,1784261502447.0,1784261565200.0,2.7174737295678297,0.3114783416376964,long,short,convergence,814.7,1320.9,814.45,1321.5,61,37,-37.44999999999709,104.1222651117,208.2445302234,-245.6945302233971,-141.5722651116971,62753.0,True
P422_SIDE_FLIP_CONTROL,HDFCBANK_AXISBANK,HDFCBANK,AXISBANK,2026-07-17,1784261978454.0,1784262054205.0,-1.9809574843407816,-0.19714480670469833,short,long,convergence,816.15,1320.3,816.0,1319.5,61,37,-20.44999999999709,104.1572861525,208.314572305,-228.7645723049971,-124.6072861524971,75751.0,True
P422_SIDE_FLIP_CONTROL,HDFCBANK_AXISBANK,HDFCBANK,AXISBANK,2026-07-20,1784519522610.0,1784519594861.0,1.8976484614334044,0.10385321125276066,long,short,convergence,781.25,1266.2,781.05,1266.2,64,39,-12.80000000000291,104.7737096248,209.5474192496,-222.34741924960292,-117.57370962480292,72251.0,True
P422_SIDE_FLIP_CONTROL,HDFCBANK_AXISBANK,HDFCBANK,AXISBANK,2026-07-20,1784520111385.0,1784520169257.0,2.4821328637082734,0.1768792275230568,long,short,convergence,779.3,1260.5,778.85,1261.4,64,39,-63.900000000001455,104.50011143420001,209.00022286840002,-272.90022286840144,-168.40011143420145,57872.0,True
P422_SIDE_FLIP_CONTROL,HDFCBANK_AXISBANK,HDFCBANK,AXISBANK,2026-07-20,1784520299374.0,1784520442860.0,2.116069442750443,0.23975162227310295,long,short,convergence,780.2,1259.9,781.15,1258.4,64,39,119.29999999999563,104.5235359806,209.0470719612,-89.74707196120437,14.776464019395632,143486.0,True
P422_SIDE_FLIP_CONTROL,HDFCBANK_AXISBANK,HDFCBANK,AXISBANK,2026-07-20,1784520730612.0,1784520771671.0,-2.06843337484717,-0.11924442459442021,short,long,convergence,780.7,1258.4,782.1,1259.4,64,39,-50.599999999998545,105.5558740404,211.1117480808,-261.71174808079854,-156.15587404039854,41059.0,True
P422_SIDE_FLIP_CONTROL,HDFCBANK_AXISBANK,HDFCBANK,AXISBANK,2026-07-20,1784520838363.0,1784520885484.0,1.7516861967699602,0.1597418925760418,long,short,convergence,782.95,1258.1,782.2,1258.8,63,39,-74.55000000000291,103.9670055513,207.9340111026,-282.48401110260295,-178.51700555130293,47121.0,True
P422_SIDE_FLIP_CONTROL,HDFCBANK_AXISBANK,HDFCBANK,AXISBANK,2026-07-20,1784521051363.0,1784521062364.0,2.1278158231582514,-0.27154973504221175,long,short,convergence,782.4,1257.1,782.05,1257.9,63,39,-53.25000000001455,103.91864886209999,207.83729772419997,-261.0872977242145,-157.16864886211454,11001.0,True
P422_SIDE_FLIP_CONTROL,HDFCBANK_AXISBANK,HDFCBANK,AXISBANK,2026-07-20,1784521141113.0,1784521352613.0,1.935223714027161,1.9132125611082522,long,short,max_hold,782.6,1255.8,782.4,1249.8,63,39,221.39999999999418,103.77962264039999,207.55924528079998,13.840754719194194,117.62037735959419,211500.0,True
P422_SIDE_FLIP_CONTROL,HDFCBANK_AXISBANK,HDFCBANK,AXISBANK,2026-07-20,1784521399614.0,1784521428613.0,1.977930126690559,0.09726407066420227,long,short,convergence,783.05,1249.3,782.15,1249.5,63,40,-64.69999999999709,104.6967832976,209.3935665952,-274.0935665951971,-169.3967832975971,28999.0,True
P422_SIDE_FLIP_CONTROL,HDFCBANK_AXISBANK,HDFCBANK,AXISBANK,2026-07-20,1784521523613.0,1784521654865.0,-2.1177908062809743,-1.7325633830062352,short,long,max_hold,782.75,1253.7,782.6,1255.0,63,39,60.14999999999418,103.8401371281,207.6802742562,-147.53027425620581,-43.69013712810582,131252.0,True
P422_SIDE_FLIP_CONTROL,HDFCBANK_AXISBANK,HDFCBANK,AXISBANK,2026-07-21,1784605727344.0,1784605793486.0,2.19346716168989,0.32162691941854465,long,short,convergence,771.05,1252.6,771.65,1256.3,64,39,-105.90000000000146,103.89283933939998,207.78567867879997,-313.6856786788014,-209.79283933940144,66142.0,True
P422_SIDE_FLIP_CONTROL,HDFCBANK_AXISBANK,HDFCBANK,AXISBANK,2026-07-21,1784605986899.0,1784606049594.0,2.0916044633081254,0.17663963301399194,long,short,convergence,769.8,1252.8,768.6,1250.9,64,39,-2.7000000000043656,103.6970292714,207.3940585428,-210.09405854280436,-106.39702927140436,62695.0,True
P422_SIDE_FLIP_CONTROL,HDFCBANK_AXISBANK,HDFCBANK,AXISBANK,2026-07-21,1784606355093.0,1784606403844.0,2.2239701801288994,0.1399197437688429,long,short,convergence,771.3,1248.0,770.95,1247.9,64,40,-18.39999999999418,104.68812324000001,209.37624648000002,-227.7762464799942,-123.08812323999419,48751.0,True
P422_SIDE_FLIP_CONTROL,HDFCBANK_AXISBANK,HDFCBANK,AXISBANK,2026-07-21,1784606476093.0,1784606495094.0,-2.8380193288600215,0.0756543944626536,short,long,convergence,769.8,1247.5,770.55,1247.1,64,40,-64.0,104.61825515839999,209.23651031679998,-273.2365103168,-168.6182551584,19001.0,True
P422_SIDE_FLIP_CONTROL,HDFCBANK_AXISBANK,HDFCBANK,AXISBANK,2026-07-21,1784606863585.0,1784607102573.0,-2.9297796059068073,-2.2990102395580814,short,long,max_hold,770.35,1248.8,769.45,1251.5,64,40,165.59999999999854,105.6931662352,211.3863324704,-45.78633247040145,59.90683376479855,238988.0,True
P422_SIDE_FLIP_CONTROL,HDFCBANK_AXISBANK,HDFCBANK,AXISBANK,2026-07-21,1784607102574.0,1784607233345.0,-2.26852961286055,-0.34843903419397454,short,long,convergence,769.4,1251.8,769.15,1253.3,64,39,74.5,103.7219625366,207.4439250732,-132.9439250732,-29.221962536600003,130771.0,True
P422_SIDE_FLIP_CONTROL,HDFCBANK_AXISBANK,HDFCBANK,AXISBANK,2026-07-21,1784607343344.0,1784607522343.0,-1.7802629926651306,-0.349971052505443,short,long,convergence,768.4,1254.5,768.4,1260.7,65,39,241.8000000000029,104.4585836288,208.9171672576,32.88283274240291,137.3414163712029,178999.0,True
P422_SIDE_FLIP_CONTROL,HDFCBANK_AXISBANK,HDFCBANK,AXISBANK,2026-07-21,1784607771343.0,1784607825935.0,1.8790091181722997,0.34939139880086095,long,short,convergence,769.15,1260.3,769.2,1261.3,65,39,-35.75,104.60513122089999,209.21026244179998,-244.96026244179998,-140.35513122089998,54592.0,True
P422_SIDE_FLIP_CONTROL,HDFCBANK_AXISBANK,HDFCBANK,AXISBANK,2026-07-21,1784607882332.0,1784607943093.0,2.174703760481251,0.2724821373529369,long,short,convergence,768.85,1257.6,768.9,1258.4,65,39,-27.95000000001164,104.50040531649998,209.00081063299996,-236.9508106330116,-132.45040531651162,60761.0,True
P422_SIDE_FLIP_CONTROL,HDFCBANK_AXISBANK,HDFCBANK,AXISBANK,2026-07-22,1784692348408.0,1784692447158.0,-2.017480571956835,-0.3389206062770525,short,long,convergence,756.15,1244.7,755.55,1243.5,66,40,-8.39999999999418,104.99692308119998,209.99384616239996,-218.39384616239414,-113.39692308119416,98750.0,True
P422_SIDE_FLIP_CONTROL,HDFCBANK_AXISBANK,HDFCBANK,AXISBANK,2026-07-22,1784693001487.0,1784693036865.0,-2.3785379844438728,-0.21019728252683936,short,long,convergence,754.2,1240.9,754.6,1240.3,66,40,-50.39999999999418,104.80597329279999,209.61194658559998,-260.01194658559416,-155.20597329279417,35378.0,True
P422_SIDE_FLIP_CONTROL,HDFCBANK_AXISBANK,HDFCBANK,AXISBANK,2026-07-22,1784693145023.0,1784693251366.0,-2.0408370132867275,-0.04653534860548179,short,long,convergence,753.75,1240.5,754.1,1240.5,66,40,-23.099999999998545,104.77683088859999,209.55366177719998,-232.65366177719852,-127.87683088859853,106343.0,True
P422_SIDE_FLIP_CONTROL,HDFCBANK_AXISBANK,HDFCBANK,AXISBANK,2026-07-22,1784693381616.0,1784693473616.0,-2.3974721263123677,-0.30246188996696216,short,long,convergence,753.5,1241.0,753.55,1240.4,66,40,-27.299999999995634,104.76193814779998,209.52387629559996,-236.8238762955956,-132.06193814779562,92000.0,True
P422_SIDE_FLIP_CONTROL,HDFCBANK_AXISBANK,HDFCBANK,AXISBANK,2026-07-22,1784693886908.0,1784693908094.0,2.3866845086956463,-0.012742202442730279,long,short,convergence,753.45,1239.6,753.45,1240.3,66,40,-28.0,104.73354086839998,209.46708173679997,-237.46708173679997,-132.73354086839998,21186.0,True
P422_SIDE_FLIP_CONTROL,HDFCBANK_AXISBANK,HDFCBANK,AXISBANK,2026-07-22,1784694001159.0,1784694222157.0,-2.093500040432041,-0.30417075849508296,short,long,convergence,753.6,1241.3,753.8,1243.0,66,40,54.80000000000291,104.8172377224,209.6344754448,-154.83447544479708,-50.017237722397084,220998.0,True
P422_SIDE_FLIP_CONTROL,HDFCBANK_AXISBANK,HDFCBANK,AXISBANK,2026-07-23,1784778529199.0,1784778717976.0,-2.4555313388896822,-0.2843080897348258,short,long,convergence,747.45,1230.9,748.9,1235.8,66,40,100.30000000000291,104.2340535026,208.4681070052,-108.1681070051971,-3.934053502597095,188777.0,True
P422_SIDE_FLIP_CONTROL,HDFCBANK_AXISBANK,HDFCBANK,AXISBANK,2026-07-23,1784778756226.0,1784778808951.0,-1.987953089316158,-0.27136109006571996,short,long,convergence,748.8,1237.4,749.25,1237.1,66,40,-41.700000000004366,104.40858092779997,208.81716185559995,-250.51716185560431,-146.10858092780433,52725.0,True
P422_SIDE_FLIP_CONTROL,HDFCBANK_AXISBANK,HDFCBANK,AXISBANK,2026-07-23,1784778884225.0,1784779214768.0,-3.303131761544644,-0.31351628527917635,short,long,convergence,748.75,1238.1,746.9,1235.6,66,40,22.099999999998545,104.3302442254,208.6604884508,-186.56048845080144,-82.23024422540145,330543.0,True
P422_SIDE_FLIP_CONTROL,HDFCBANK_AXISBANK,HDFCBANK,AXISBANK,2026-07-23,1784779285255.0,1784779306476.0,-2.536826962781487,0.016976876799320917,short,long,convergence,746.9,1236.8,746.05,1234.4,66,40,-39.89999999999418,104.21811207619999,208.43622415239997,-248.33622415239415,-144.11811207619417,21221.0,True
P422_SIDE_FLIP_CONTROL,HDFCBANK_AXISBANK,HDFCBANK,AXISBANK,2026-07-23,1784779320726.0,1784779390725.0,-2.0549314178281866,0.06127778468512927,short,long,convergence,745.9,1235.1,745.9,1234.5,67,40,-24.0,104.7672938476,209.5345876952,-233.5345876952,-128.7672938476,69999.0,True
P422_SIDE_FLIP_CONTROL,HDFCBANK_AXISBANK,HDFCBANK,AXISBANK,2026-07-23,1784779830726.0,1784779912146.0,-1.8839548472429726,-0.34787145913060474,short,long,convergence,745.9,1230.8,745.4,1230.0,67,40,1.5,104.61024183459999,209.22048366919998,-207.72048366919998,-103.11024183459999,81420.0,True
P422_SIDE_FLIP_CONTROL,HDFCBANK_AXISBANK,HDFCBANK,AXISBANK,2026-07-23,1784780387477.0,1784780560475.0,-2.338914310013738,-0.3227430370706301,short,long,convergence,746.2,1232.2,746.15,1233.7,67,40,63.35000000000582,104.7208115707,209.4416231414,-146.09162314139417,-41.37081157069417,172998.0,True
P422_SIDE_FLIP_CONTROL,HDFCBANK_AXISBANK,HDFCBANK,AXISBANK,2026-07-23,1784780822226.0,1784780825477.0,2.140433463457213,2.0666549047077836,long,short,max_hold,747.05,1234.7,746.8,1234.8,66,40,-20.5,104.21432598459998,208.42865196919996,-228.92865196919996,-124.71432598459998,3251.0,True
P422_SIDE_FLIP_CONTROL,INFY_TCS,INFY,TCS,2026-07-17,1784260583700.0,1784260591700.0,-1.7919583802943488,-0.1925388882373949,short,long,convergence,1106.5,2242.5,1106.7,2240.0,45,22,-64.0,104.55428685400001,209.10857370800002,-273.108573708,-168.554286854,8000.0,True
P422_SIDE_FLIP_CONTROL,INFY_TCS,INFY,TCS,2026-07-17,1784260728593.0,1784260751700.0,1.8702523338763408,0.3320777820556916,long,short,convergence,1106.0,2234.7,1105.8,2236.5,45,22,-48.60000000000582,104.4274197444,208.8548394888,-257.4548394888058,-153.02741974440582,23107.0,True
P422_SIDE_FLIP_CONTROL,INFY_TCS,INFY,TCS,2026-07-17,1784261158447.0,1784261304314.0,3.272859614614491,0.3025426517011637,long,short,convergence,1104.5,2234.9,1107.2,2238.0,45,22,53.30000000000291,104.4392620018,208.8785240036,-155.5785240035971,-51.13926200179709,145867.0,True
P422_SIDE_FLIP_CONTROL,INFY_TCS,INFY,TCS,2026-07-17,1784261757200.0,1784261796105.0,-2.328018109646061,-0.3399442704616112,short,long,convergence,1102.6,2238.9,1102.1,2234.2,45,22,-80.90000000000873,104.31504529819999,208.63009059639998,-289.53009059640874,-185.21504529820874,38905.0,True
P422_SIDE_FLIP_CONTROL,INFY_TCS,INFY,TCS,2026-07-20,1784519473861.0,1784519622111.0,2.8179497889583014,-0.20193228780630126,long,short,convergence,1100.8,2271.9,1099.0,2267.3,45,22,20.19999999999709,104.81491188039999,209.62982376079998,-189.4298237608029,-84.6149118804029,148250.0,True
P422_SIDE_FLIP_CONTROL,INFY_TCS,INFY,TCS,2026-07-20,1784519803360.0,1784519824501.0,-2.405148797686178,-0.3491728242511228,short,long,convergence,1093.4,2257.4,1094.4,2256.1,45,22,-73.60000000000582,104.367077688,208.734155376,-282.3341553760058,-177.96707768800582,21141.0,True
P422_SIDE_FLIP_CONTROL,INFY_TCS,INFY,TCS,2026-07-20,1784519933861.0,1784519954610.0,2.1572952671720835,0.26788464240944365,long,short,convergence,1098.9,2261.2,1098.3,2263.7,45,22,-82.00000000000728,104.6410400508,209.2820801016,-291.2820801016073,-186.64104005080728,20749.0,True
P422_SIDE_FLIP_CONTROL,INFY_TCS,INFY,TCS,2026-07-20,1784520145360.0,1784520256298.0,-2.997199541289428,-0.2897239453743919,short,long,convergence,1094.8,2260.5,1094.6,2258.0,45,22,-45.999999999992724,104.44062957999999,208.88125915999998,-254.8812591599927,-150.44062957999273,110938.0,True
P422_SIDE_FLIP_CONTROL,INFY_TCS,INFY,TCS,2026-07-20,1784520489111.0,1784520501361.0,2.82448637553205,0.13131366211397588,long,short,convergence,1097.0,2258.7,1096.1,2261.4,45,22,-99.90000000001601,104.5234101702,209.0468203404,-308.946820340416,-204.42341017021602,12250.0,True
P422_SIDE_FLIP_CONTROL,INFY_TCS,INFY,TCS,2026-07-20,1784520538112.0,1784520625113.0,2.6054931233125598,0.2744076016007941,long,short,convergence,1094.8,2252.6,1094.1,2252.9,45,22,-38.1000000000131,104.31513482899999,208.63026965799997,-246.73026965801307,-142.41513482901308,87001.0,True
P422_SIDE_FLIP_CONTROL,INFY_TCS,INFY,TCS,2026-07-21,1784606710356.0,1784606752093.0,-2.3904823447727983,-0.16114709885783698,short,long,convergence,1090.0,2253.7,1090.3,2252.0,45,22,-50.89999999999418,104.15983589339999,208.31967178679997,-259.21967178679415,-155.05983589339417,41737.0,True
P422_SIDE_FLIP_CONTROL,INFY_TCS,INFY,TCS,2026-07-21,1784607220343.0,1784607326843.0,-3.54543371700395,-0.21500938543326073,short,long,convergence,1084.3,2243.6,1084.2,2243.0,46,22,-8.60000000000582,104.65391941719997,209.30783883439994,-217.90783883440577,-113.2539194172058,106500.0,True
P422_SIDE_FLIP_CONTROL,INFY_TCS,INFY,TCS,2026-07-21,1784607467343.0,1784607574094.0,-2.044185817246605,-0.027857578436701738,short,long,convergence,1080.7,2240.6,1077.7,2236.0,46,22,36.80000000000291,104.3750128696,208.7500257392,-171.9500257391971,-67.57501286959709,106751.0,True
P422_SIDE_FLIP_CONTROL,INFY_TCS,INFY,TCS,2026-07-21,1784607770593.0,1784607873343.0,2.0132752175019006,0.34656023553094994,long,short,convergence,1080.6,2239.5,1081.5,2242.5,46,22,-24.599999999998545,104.4933852036,208.9867704072,-233.58677040719854,-129.09338520359853,102750.0,True
P422_SIDE_FLIP_CONTROL,INFY_TCS,INFY,TCS,2026-07-22,1784692392158.0,1784692782615.0,3.1627975318362704,0.3020796536787109,long,short,convergence,1065.4,2208.7,1066.6,2212.7,46,22,-32.80000000000291,103.38897797679999,206.77795595359999,-239.5779559536029,-136.1889779768029,390457.0,True
P422_SIDE_FLIP_CONTROL,INFY_TCS,INFY,TCS,2026-07-22,1784693101168.0,1784693297116.0,-3.3547760052671562,-0.30812352366104595,short,long,convergence,1065.0,2212.7,1065.0,2212.5,46,22,-4.399999999994179,103.3851381664,206.7702763328,-211.17027633279417,-107.78513816639418,195948.0,True
P422_SIDE_FLIP_CONTROL,INFY_TCS,INFY,TCS,2026-07-22,1784693367616.0,1784693753668.0,1.9048106078330327,0.2576461207302213,long,short,convergence,1065.1,2210.9,1065.6,2213.3,46,22,-29.80000000000291,103.38966450759999,206.77932901519998,-236.5793290152029,-133.1896645076029,386052.0,True
P422_SIDE_FLIP_CONTROL,INFY_TCS,INFY,TCS,2026-07-22,1784693838658.0,1784693880230.0,-2.1137484748047224,0.00785790009892038,short,long,convergence,1063.5,2211.6,1064.0,2209.1,47,22,-78.5,104.16390754739999,208.32781509479997,-286.8278150948,-182.6639075474,41572.0,True
P422_SIDE_FLIP_CONTROL,INFY_TCS,INFY,TCS,2026-07-22,1784693993908.0,1784694075907.0,2.0541808606993244,0.33955581477740276,long,short,convergence,1064.6,2208.1,1064.9,2211.2,46,22,-54.39999999999418,103.32378932959999,206.64757865919998,-261.0475786591942,-157.72378932959418,81999.0,True
P422_SIDE_FLIP_CONTROL,INFY_TCS,INFY,TCS,2026-07-23,1784778646226.0,1784778678476.0,-1.9101234472261182,-0.23051656685192246,short,long,convergence,1039.1,2199.6,1041.3,2200.6,48,22,-83.59999999999854,103.9265210216,207.8530420432,-291.45304204319854,-187.52652102159854,32250.0,True
P422_SIDE_FLIP_CONTROL,RELIANCE_ONGC,RELIANCE,ONGC,2026-07-20,1784520928794.0,1784520934363.0,1.9947653092575304,-0.1846656007527023,long,short,convergence,1335.2,250.71,1334.0,250.79,37,199,-60.31999999999971,104.69643311339999,209.39286622679998,-269.7128662267997,-165.0164331133997,5569.0,True
P422_SIDE_FLIP_CONTROL,RELIANCE_ONGC,RELIANCE,ONGC,2026-07-22,1784692310408.0,1784692402095.0,-2.1947165735823413,-0.06364901687796291,short,long,convergence,1300.2,252.2,1299.8,251.84,38,198,-56.080000000001746,104.71304028751999,209.42608057503998,-265.5060805750417,-160.79304028752173,91687.0,True
P422_SIDE_FLIP_CONTROL,RELIANCE_ONGC,RELIANCE,ONGC,2026-07-22,1784693781973.0,1784693841158.0,2.0805864048735767,0.20959587061381937,long,short,convergence,1295.4,251.8,1295.0,252.0,38,198,-54.80000000000291,104.54545176559999,209.09090353119998,-263.89090353120287,-159.3454517656029,59185.0,True
P422_SIDE_FLIP_CONTROL,RELIANCE_ONGC,RELIANCE,ONGC,2026-07-22,1784694134907.0,1784694285791.0,2.4971179064557387,0.334486472863988,long,short,convergence,1297.3,251.72,1296.1,251.69,38,198,-39.66000000001077,104.56017227827999,209.12034455655998,-248.78034455657075,-144.22017227829076,150884.0,True
P422_L2_L5_REMOVED_CONTROL,HDFCBANK_ICICIBANK,HDFCBANK,ICICIBANK,2026-07-17,1784260231200.0,1784260254131.0,1.9928961284397266,0.24627284448778594,short,long,convergence,813.15,1428.4,812.45,1427.8,61,35,21.69999999999709,104.9267323116,209.8534646232,-188.15346462320292,-83.22673231160292,22931.0,True
P422_L2_L5_REMOVED_CONTROL,HDFCBANK_ICICIBANK,HDFCBANK,ICICIBANK,2026-07-17,1784260566700.0,1784260601818.0,2.3928216299900638,0.3235741952127445,short,long,convergence,813.5,1428.0,813.65,1429.1,61,35,29.349999999998545,104.97784503789998,209.95569007579996,-180.60569007580142,-75.62784503790144,35118.0,True
P422_L2_L5_REMOVED_CONTROL,HDFCBANK_ICICIBANK,HDFCBANK,ICICIBANK,2026-07-17,1784260634700.0,1784260780450.0,-2.0691941376286214,-0.3206234247578662,long,short,convergence,812.65,1429.5,812.95,1431.2,61,34,-39.5,103.8290536124,207.6581072248,-247.1581072248,-143.3290536124,145750.0,True
P422_L2_L5_REMOVED_CONTROL,HDFCBANK_ICICIBANK,HDFCBANK,ICICIBANK,2026-07-17,1784260854261.0,1784260895875.0,1.816076197980834,0.08265978274241174,short,long,convergence,812.3,1429.2,812.25,1429.2,61,34,3.0499999999956344,103.77060410890002,207.54120821780003,-204.4912082178044,-100.72060410890438,41614.0,True
P422_L2_L5_REMOVED_CONTROL,HDFCBANK_ICICIBANK,HDFCBANK,ICICIBANK,2026-07-17,1784260966022.0,1784261086947.0,1.7939299917439042,0.3344290927938216,short,long,convergence,812.75,1429.6,813.55,1429.4,61,34,-55.59999999998399,103.8231583818,207.6463167636,-263.246316763584,-159.423158381784,120925.0,True
P422_L2_L5_REMOVED_CONTROL,HDFCBANK_ICICIBANK,HDFCBANK,ICICIBANK,2026-07-17,1784261185447.0,1784261263947.0,2.2816555660836606,-0.24902917880951633,short,long,convergence,813.8,1427.9,813.95,1428.5,61,35,11.849999999991269,104.9830250505,209.966050101,-198.11605010100874,-93.13302505050873,78500.0,True
P422_L2_L5_REMOVED_CONTROL,HDFCBANK_ICICIBANK,HDFCBANK,ICICIBANK,2026-07-17,1784261326947.0,1784261375591.0,-2.1268484462388604,-0.31001882588016166,long,short,convergence,814.1,1429.7,814.45,1430.2,61,34,4.350000000005821,103.8904743789,207.7809487578,-203.43094875779417,-99.54047437889417,48644.0,True
P422_L2_L5_REMOVED_CONTROL,HDFCBANK_ICICIBANK,HDFCBANK,ICICIBANK,2026-07-17,1784261516699.0,1784261563700.0,2.5821281773072404,0.31588518965896867,short,long,convergence,815.05,1429.8,814.5,1429.0,61,34,6.349999999998545,103.90003556049999,207.80007112099997,-201.45007112100143,-97.55003556050144,47001.0,True
P422_L2_L5_REMOVED_CONTROL,HDFCBANK_ICICIBANK,HDFCBANK,ICICIBANK,2026-07-17,1784261633699.0,1784261657450.0,1.8460902625897635,0.12028850241250309,short,long,convergence,814.8,1428.5,814.8,1429.4,61,35,31.5,106.04992953259998,212.09985906519995,-180.59985906519995,-74.54992953259998,23751.0,True
P422_L2_L5_REMOVED_CONTROL,HDFCBANK_ICICIBANK,HDFCBANK,ICICIBANK,2026-07-17,1784261743699.0,1784261800949.0,2.3432522450294546,3.6007859869904637,short,long,stop_zscore,815.6,1429.3,816.85,1429.5,61,34,-69.44999999999709,103.97306578189998,207.94613156379995,-277.39613156379704,-173.42306578189707,57250.0,True
P422_L2_L5_REMOVED_CONTROL,HDFCBANK_ICICIBANK,HDFCBANK,ICICIBANK,2026-07-17,1784261801450.0,1784261801949.0,3.496338117612845,3.507760032573429,short,long,stop_zscore,816.65,1429.7,816.85,1429.5,61,34,-19.0,104.0038664578,208.0077329156,-227.0077329156,-123.0038664578,499.0,True
P422_L2_L5_REMOVED_CONTROL,HDFCBANK_ICICIBANK,HDFCBANK,ICICIBANK,2026-07-17,1784262005968.0,1784262047623.0,-2.087840253271211,-0.20168741014189842,long,short,convergence,815.95,1429.4,815.95,1429.0,61,34,13.60000000000582,103.95265798900002,207.90531597800003,-194.3053159779942,-90.3526579889942,41655.0,True
P422_L2_L5_REMOVED_CONTROL,HDFCBANK_ICICIBANK,HDFCBANK,ICICIBANK,2026-07-20,1784519652110.0,1784519715860.0,2.4788228170286746,0.2741920492118392,short,long,convergence,782.25,1454.7,781.95,1454.7,63,34,18.89999999999418,104.2503521652,208.5007043304,-189.60070433040582,-85.35035216520582,63750.0,True
P422_L2_L5_REMOVED_CONTROL,HDFCBANK_ICICIBANK,HDFCBANK,ICICIBANK,2026-07-20,1784519767861.0,1784519814610.0,-2.1922900173524527,-0.31934242435909826,long,short,convergence,780.6,1454.9,781.15,1454.8,64,34,38.60000000000582,104.8261778108,209.6523556216,-171.0523556215942,-66.22617781079418,46749.0,True
P422_L2_L5_REMOVED_CONTROL,HDFCBANK_ICICIBANK,HDFCBANK,ICICIBANK,2026-07-20,1784519946111.0,1784520059611.0,-2.0627320464529495,-0.1732182688111505,long,short,convergence,778.45,1453.0,778.45,1454.0,64,34,-34.0,104.6638103176,209.3276206352,-243.3276206352,-138.6638103176,113500.0,True
P422_L2_L5_REMOVED_CONTROL,HDFCBANK_ICICIBANK,HDFCBANK,ICICIBANK,2026-07-20,1784520111387.0,1784520201608.0,2.2365173223215313,0.08782381179826286,short,long,convergence,779.0,1452.7,778.75,1451.6,64,34,-21.40000000000873,104.6484217332,209.2968434664,-230.69684346640872,-126.04842173320873,90221.0,True
P422_L2_L5_REMOVED_CONTROL,HDFCBANK_ICICIBANK,HDFCBANK,ICICIBANK,2026-07-20,1784520330860.0,1784520399800.0,1.938397380840052,0.2769617372928751,short,long,convergence,780.5,1452.0,781.15,1453.3,64,34,2.599999999998545,104.76331847479997,209.52663694959995,-206.9266369496014,-102.16331847480143,68940.0,True
P422_L2_L5_REMOVED_CONTROL,HDFCBANK_ICICIBANK,HDFCBANK,ICICIBANK,2026-07-20,1784520474111.0,1784520474361.0,3.7322438696262195,3.628313530147292,short,long,stop_zscore,781.2,1451.2,781.4,1450.6,64,34,-33.200000000004366,105.7402026456,211.4804052912,-244.68040529120435,-138.94020264560436,250.0,True
P422_L2_L5_REMOVED_CONTROL,HDFCBANK_ICICIBANK,HDFCBANK,ICICIBANK,2026-07-20,1784520662363.0,1784520814443.0,2.282617806786858,0.1835091706446124,short,long,convergence,780.45,1444.3,782.5,1444.7,64,34,-117.59999999999127,105.5737042488,211.1474084976,-328.74740849759127,-223.17370424879127,152080.0,True
P422_L2_L5_REMOVED_CONTROL,HDFCBANK_ICICIBANK,HDFCBANK,ICICIBANK,2026-07-20,1784520928795.0,1784520942878.0,-2.550655537762079,-0.32421022820380935,long,short,convergence,781.5,1445.2,781.35,1443.5,63,34,48.35000000000582,103.9293170421,207.8586340842,-159.50863408419417,-55.579317042094175,14083.0,True
P422_L2_L5_REMOVED_CONTROL,HDFCBANK_ICICIBANK,HDFCBANK,ICICIBANK,2026-07-20,1784520978362.0,1784521069151.0,1.787975661848921,0.2909869426307155,short,long,convergence,781.55,1441.5,782.05,1442.1,63,34,-11.10000000000582,103.87894067519997,207.75788135039994,-218.85788135040576,-114.97894067520579,90789.0,True
P422_L2_L5_REMOVED_CONTROL,HDFCBANK_ICICIBANK,HDFCBANK,ICICIBANK,2026-07-20,1784521202864.0,1784521412614.0,-2.0654350801454293,-0.024479060431125264,long,short,convergence,782.75,1444.2,782.75,1447.3,63,34,-105.39999999999418,104.03816262499998,208.07632524999997,-313.47632524999415,-209.43816262499416,209750.0,True
P422_L2_L5_REMOVED_CONTROL,HDFCBANK_ICICIBANK,HDFCBANK,ICICIBANK,2026-07-20,1784521483362.0,1784521504781.0,-1.878939677582558,0.15529691355913938,long,short,convergence,782.55,1447.7,782.75,1448.0,63,34,2.400000000008731,104.08945968619997,208.17891937239995,-205.77891937239121,-101.68945968619124,21419.0,True
P422_L2_L5_REMOVED_CONTROL,HDFCBANK_ICICIBANK,HDFCBANK,ICICIBANK,2026-07-20,1784521532815.0,1784521533363.0,-2.989198714387085,-3.5795952162220774,long,short,stop_zscore,782.8,1449.6,782.5,1450.0,63,34,-32.5,104.1438726218,208.2877452436,-240.7877452436,-136.6438726218,548.0,True
P422_L2_L5_REMOVED_CONTROL,HDFCBANK_ICICIBANK,HDFCBANK,ICICIBANK,2026-07-21,1784605852343.0,1784605959302.0,-2.144863708291694,-0.2172522225761702,long,short,convergence,770.3,1469.9,770.2,1471.3,64,34,-53.99999999998545,105.71011547679998,211.42023095359997,-265.4202309535854,-159.71011547678543,106959.0,True
P422_L2_L5_REMOVED_CONTROL,HDFCBANK_ICICIBANK,HDFCBANK,ICICIBANK,2026-07-21,1784606003594.0,1784606030593.0,1.9150114606499629,0.3151880192673758,short,long,convergence,770.2,1470.2,769.85,1470.3,64,34,25.799999999995634,104.68754152119999,209.37508304239998,-183.57508304240434,-78.88754152120435,26999.0,True
P422_L2_L5_REMOVED_CONTROL,HDFCBANK_ICICIBANK,HDFCBANK,ICICIBANK,2026-07-21,1784606151763.0,1784606174343.0,2.186505569762985,0.31890778938025593,short,long,convergence,769.5,1469.0,769.3,1468.9,64,34,9.400000000008731,104.61934875079999,209.23869750159997,-199.83869750159124,-95.21934875079126,22580.0,True
P422_L2_L5_REMOVED_CONTROL,HDFCBANK_ICICIBANK,HDFCBANK,ICICIBANK,2026-07-21,1784606197343.0,1784606280844.0,2.3584344419872965,0.32731360496117806,short,long,convergence,770.45,1469.8,771.25,1471.2,64,34,-3.599999999991269,104.7378078968,209.4756157936,-213.07561579359128,-108.33780789679128,83501.0,True
P422_L2_L5_REMOVED_CONTROL,HDFCBANK_ICICIBANK,HDFCBANK,ICICIBANK,2026-07-21,1784606394844.0,1784606403844.0,-1.8180339509600238,-0.2205833861135372,long,short,convergence,770.85,1470.6,770.95,1470.6,64,33,6.400000000001455,103.54770112880001,207.09540225760003,-200.69540225759857,-97.14770112879856,9000.0,True
P422_L2_L5_REMOVED_CONTROL,HDFCBANK_ICICIBANK,HDFCBANK,ICICIBANK,2026-07-21,1784606515843.0,1784606557843.0,2.6294751032229615,0.283437128875655,short,long,convergence,770.6,1467.5,770.65,1468.1,64,34,17.19999999999709,104.65117526239999,209.30235052479998,-192.1023505248029,-87.4511752624029,42000.0,True
P422_L2_L5_REMOVED_CONTROL,HDFCBANK_ICICIBANK,HDFCBANK,ICICIBANK,2026-07-21,1784606745843.0,1784606966346.0,2.0435296760873474,0.7269812259691218,short,long,max_hold,769.5,1465.6,770.2,1462.1,64,34,-163.8000000000029,104.5044141356,209.0088282712,-372.8088282712029,-268.3044141356029,220503.0,True
P422_L2_L5_REMOVED_CONTROL,HDFCBANK_ICICIBANK,HDFCBANK,ICICIBANK,2026-07-21,1784607046864.0,1784607144382.0,-1.7500765917266616,-0.009647462101403152,long,short,convergence,770.15,1462.8,769.4,1462.4,64,34,-34.40000000000873,104.46402712799998,208.92805425599997,-243.3280542560087,-138.86402712800873,97518.0,True
P422_L2_L5_REMOVED_CONTROL,HDFCBANK_ICICIBANK,HDFCBANK,ICICIBANK,2026-07-21,1784607554343.0,1784607589343.0,2.7895311407340415,0.2163174669205078,short,long,convergence,769.15,1461.3,768.95,1461.8,65,34,30.0,105.02142233139999,210.04284466279998,-180.04284466279998,-75.02142233139999,35000.0,True
P422_L2_L5_REMOVED_CONTROL,HDFCBANK_ICICIBANK,HDFCBANK,ICICIBANK,2026-07-21,1784607941093.0,1784607976093.0,1.9833442059804607,-0.2400925441494474,short,long,convergence,768.95,1460.4,768.9,1460.5,65,34,6.649999999994179,104.98476931510001,209.96953863020002,-203.31953863020584,-98.33476931510583,35000.0,True
P422_L2_L5_REMOVED_CONTROL,HDFCBANK_ICICIBANK,HDFCBANK,ICICIBANK,2026-07-22,1784692290407.0,1784692337658.0,3.1471660127100405,0.34548552411321054,short,long,convergence,757.15,1453.7,756.45,1453.3,66,34,32.59999999999127,104.76685125359998,209.53370250719996,-176.9337025072087,-72.16685125360871,47251.0,True
P422_L2_L5_REMOVED_CONTROL,HDFCBANK_ICICIBANK,HDFCBANK,ICICIBANK,2026-07-22,1784692667115.0,1784692668115.0,3.5799241919065135,3.4101962472984177,short,long,stop_zscore,755.65,1450.8,755.8,1450.2,66,34,-30.29999999998836,104.62721891819999,209.25443783639997,-239.55443783638833,-134.92721891818834,1000.0,True
P422_L2_L5_REMOVED_CONTROL,HDFCBANK_ICICIBANK,HDFCBANK,ICICIBANK,2026-07-22,1784692703612.0,1784692717812.0,1.8445903550854592,0.31010553705242416,short,long,convergence,755.9,1451.0,754.95,1450.2,66,34,35.5,104.6129018014,209.2258036028,-173.7258036028,-69.1129018014,14200.0,True
P422_L2_L5_REMOVED_CONTROL,HDFCBANK_ICICIBANK,HDFCBANK,ICICIBANK,2026-07-22,1784692831671.0,1784692876366.0,-1.8130903544579104,-0.3458123401422417,long,short,convergence,754.7,1450.3,754.25,1449.6,66,34,-5.900000000001455,104.54459634379998,209.08919268759996,-214.98919268760142,-110.44459634380144,44695.0,True
P422_L2_L5_REMOVED_CONTROL,HDFCBANK_ICICIBANK,HDFCBANK,ICICIBANK,2026-07-22,1784693163366.0,1784693164367.0,4.702979547232428,4.851906346138284,short,long,stop_zscore,753.9,1445.2,753.95,1444.4,66,34,-30.5,104.37313688699999,208.74627377399997,-239.24627377399997,-134.873136887,1001.0,True
P422_L2_L5_REMOVED_CONTROL,HDFCBANK_ICICIBANK,HDFCBANK,ICICIBANK,2026-07-22,1784693187781.0,1784693247366.0,2.780273429557524,0.34820810764406773,short,long,convergence,753.9,1444.9,753.85,1445.3,66,34,16.89999999999418,104.3780342898,208.7560685796,-191.85606857960582,-87.47803428980582,59585.0,True
P422_L2_L5_REMOVED_CONTROL,HDFCBANK_ICICIBANK,HDFCBANK,ICICIBANK,2026-07-22,1784693318462.0,1784693340616.0,-2.40358291107962,-0.27349333637305223,long,short,convergence,754.2,1446.2,754.25,1446.2,66,34,3.2999999999956344,104.4274134158,208.8548268316,-205.55482683160437,-101.12741341580437,22154.0,True
P422_L2_L5_REMOVED_CONTROL,HDFCBANK_ICICIBANK,HDFCBANK,ICICIBANK,2026-07-22,1784693419480.0,1784693455115.0,-2.6531050485815615,-0.08423702996410004,long,short,convergence,753.6,1445.7,753.7,1445.5,66,34,13.400000000008731,104.37983433559998,208.75966867119996,-195.35966867119123,-90.97983433559125,35635.0,True
P422_L2_L5_REMOVED_CONTROL,HDFCBANK_ICICIBANK,HDFCBANK,ICICIBANK,2026-07-22,1784693706407.0,1784693845908.0,-2.099344968396205,0.21061315652249965,long,short,convergence,754.05,1448.0,753.3,1446.9,66,34,-12.10000000000582,104.4326838502,208.8653677004,-220.9653677004058,-116.53268385020581,139501.0,True
P422_L2_L5_REMOVED_CONTROL,HDFCBANK_ICICIBANK,HDFCBANK,ICICIBANK,2026-07-22,1784694140658.0,1784694159584.0,-1.871227217307751,-3.448681354065471,long,short,stop_zscore,753.45,1447.6,753.25,1448.3,66,34,-37.000000000007276,104.42944033679998,208.85888067359997,-245.85888067360725,-141.42944033680726,18926.0,True
P422_L2_L5_REMOVED_CONTROL,HDFCBANK_ICICIBANK,HDFCBANK,ICICIBANK,2026-07-22,1784694166907.0,1784694229432.0,-2.0767161280774156,-0.26070334515081156,long,short,convergence,753.4,1448.0,753.55,1448.8,66,34,-17.30000000000291,104.44828655939999,208.89657311879998,-226.1965731188029,-121.7482865594029,62525.0,True
P422_L2_L5_REMOVED_CONTROL,HDFCBANK_ICICIBANK,HDFCBANK,ICICIBANK,2026-07-23,1784778673476.0,1784778759476.0,-1.8520901900303703,-0.2878379920193532,long,short,convergence,748.5,1443.5,748.8,1444.4,66,34,-10.800000000010186,104.0663706224,208.1327412448,-218.9327412448102,-114.86637062241019,86000.0,True
P422_L2_L5_REMOVED_CONTROL,HDFCBANK_ICICIBANK,HDFCBANK,ICICIBANK,2026-07-23,1784778811225.0,1784779012475.0,2.6916145407912477,0.19210002392498043,short,long,convergence,749.15,1443.5,748.2,1441.3,66,34,-12.10000000000582,104.02489606980001,208.04979213960002,-220.14979213960584,-116.12489606980583,201250.0,True
P422_L2_L5_REMOVED_CONTROL,HDFCBANK_ICICIBANK,HDFCBANK,ICICIBANK,2026-07-23,1784779090726.0,1784779119476.0,-1.7856460087106576,-0.11318929998179691,long,short,convergence,747.0,1440.6,747.25,1440.3,66,34,26.69999999999709,103.88727396659999,207.77454793319998,-181.0745479332029,-77.1872739666029,28750.0,True
P422_L2_L5_REMOVED_CONTROL,HDFCBANK_ICICIBANK,HDFCBANK,ICICIBANK,2026-07-23,1784779313615.0,1784779334976.0,-2.916237526889164,-0.041721477507963844,long,short,convergence,745.95,1441.1,745.95,1439.9,67,34,40.79999999998836,104.43172778779999,208.86345557559997,-168.0634555756116,-63.63172778781163,21361.0,True
P422_L2_L5_REMOVED_CONTROL,HDFCBANK_ICICIBANK,HDFCBANK,ICICIBANK,2026-07-23,1784779485975.0,1784779501475.0,2.5278785048723464,0.09002076881312941,short,long,convergence,746.3,1439.8,745.95,1439.2,66,34,2.6999999999970896,103.807734547,207.615469094,-204.9154690940029,-101.1077345470029,15500.0,True
P422_L2_L5_REMOVED_CONTROL,HDFCBANK_ICICIBANK,HDFCBANK,ICICIBANK,2026-07-23,1784779517975.0,1784779518975.0,-3.664174690532308,-3.5534904946364305,long,short,stop_zscore,745.25,1439.7,745.2,1439.9,67,34,-10.150000000001455,104.3736647693,208.7473295386,-218.89732953860147,-114.52366476930146,1000.0,True
P422_L2_L5_REMOVED_CONTROL,HDFCBANK_ICICIBANK,HDFCBANK,ICICIBANK,2026-07-23,1784779555781.0,1784779584427.0,-2.0632363842438846,-0.27924143511972627,long,short,convergence,745.25,1439.7,745.2,1439.2,67,34,13.650000000001455,104.36363530649999,208.72727061299997,-195.07727061299852,-90.71363530649853,28646.0,True
P422_L2_L5_REMOVED_CONTROL,HDFCBANK_ICICIBANK,HDFCBANK,ICICIBANK,2026-07-23,1784779650475.0,1784779661726.0,-1.8759882468594795,-0.30656114905041315,long,short,convergence,744.95,1439.4,745.0,1439.4,67,34,3.349999999998545,104.3487934251,208.6975868502,-205.34758685020145,-100.99879342510145,11251.0,True
P422_L2_L5_REMOVED_CONTROL,HDFCBANK_ICICIBANK,HDFCBANK,ICICIBANK,2026-07-23,1784779759476.0,1784779784313.0,2.5440564207670526,0.25704389724013044,short,long,convergence,745.8,1439.7,745.95,1440.4,67,34,13.75,104.4156131339,208.8312262678,-195.0812262678,-90.6656131339,24837.0,True
P422_L2_L5_REMOVED_CONTROL,HDFCBANK_ICICIBANK,HDFCBANK,ICICIBANK,2026-07-23,1784779806976.0,1784779812594.0,1.8349898532642979,-0.12602644514237407,short,long,convergence,746.1,1440.4,746.05,1440.5,67,34,6.75,104.4376640579,208.8753281158,-202.1253281158,-97.6876640579,5618.0,True
P422_L2_L5_REMOVED_CONTROL,HDFCBANK_ICICIBANK,HDFCBANK,ICICIBANK,2026-07-23,1784779855227.0,1784779861477.0,-3.199224022114152,-3.638579913962314,long,short,stop_zscore,745.3,1440.6,745.1,1441.3,67,34,-37.19999999999709,104.40449000839999,208.80898001679998,-246.00898001679707,-141.60449000839708,6250.0,True
P422_L2_L5_REMOVED_CONTROL,HDFCBANK_ICICIBANK,HDFCBANK,ICICIBANK,2026-07-23,1784779883416.0,1784780010923.0,-2.717178164962552,-0.17916199236640368,long,short,convergence,745.2,1441.5,745.7,1443.2,67,34,-24.30000000000291,104.45660096060001,208.91320192120003,-233.21320192120294,-128.75660096060292,127507.0,True
P422_L2_L5_REMOVED_CONTROL,HDFCBANK_AXISBANK,HDFCBANK,AXISBANK,2026-07-17,1784260170912.0,1784260270450.0,1.910840019059529,0.1309712994490424,short,long,convergence,812.65,1311.8,812.35,1311.0,61,38,-12.099999999998545,104.7901992084,209.5803984168,-221.68039841679854,-116.89019920839854,99538.0,True
P422_L2_L5_REMOVED_CONTROL,HDFCBANK_AXISBANK,HDFCBANK,AXISBANK,2026-07-17,1784260324450.0,1784260364969.0,2.6188980181449035,-0.20710390529013079,short,long,convergence,813.15,1309.5,812.65,1310.8,61,38,79.90000000000146,104.7700432512,209.5400865024,-129.64008650239853,-24.87004325119854,40519.0,True
P422_L2_L5_REMOVED_CONTROL,HDFCBANK_AXISBANK,HDFCBANK,AXISBANK,2026-07-17,1784260636701.0,1784260798719.0,-2.652311528013408,-0.30261520444864404,long,short,convergence,812.5,1311.9,813.15,1312.7,61,38,9.250000000007276,104.8337911267,209.6675822534,-200.41758225339274,-95.58379112669273,162018.0,True
P422_L2_L5_REMOVED_CONTROL,HDFCBANK_AXISBANK,HDFCBANK,AXISBANK,2026-07-17,1784260846951.0,1784260868205.0,-2.167965591121554,-3.9845444032965194,long,short,stop_zscore,812.45,1313.7,812.25,1316.0,61,38,-99.60000000000582,104.8906341318,209.7812682636,-309.3812682636058,-204.49063413180582,21254.0,True
P422_L2_L5_REMOVED_CONTROL,HDFCBANK_AXISBANK,HDFCBANK,AXISBANK,2026-07-17,1784260877700.0,1784260980797.0,-2.399279110865499,-0.3449280705317552,long,short,convergence,812.3,1315.5,813.0,1317.3,61,38,-25.69999999999709,105.95227471819999,211.90454943639998,-237.60454943639706,-131.65227471819708,103097.0,True
P422_L2_L5_REMOVED_CONTROL,HDFCBANK_AXISBANK,HDFCBANK,AXISBANK,2026-07-17,1784261072447.0,1784261219947.0,-1.8331058292592395,-0.15154705429735377,long,short,convergence,814.1,1319.2,814.0,1320.1,61,37,-39.39999999999418,104.04964928919999,208.09929857839998,-247.49929857839416,-143.44964928919416,147500.0,True
P422_L2_L5_REMOVED_CONTROL,HDFCBANK_AXISBANK,HDFCBANK,AXISBANK,2026-07-17,1784261269697.0,1784261270947.0,-3.413863038087025,-3.4918308500171333,long,short,stop_zscore,813.9,1322.6,813.8,1323.0,61,37,-20.90000000000873,104.1341887214,208.2683774428,-229.16837744280872,-125.03418872140873,1250.0,True
P422_L2_L5_REMOVED_CONTROL,HDFCBANK_AXISBANK,HDFCBANK,AXISBANK,2026-07-17,1784261478200.0,1784261565200.0,2.018949191759566,0.3114783416376964,short,long,convergence,814.3,1321.7,814.5,1321.4,61,37,-23.30000000000291,104.12390200899999,208.24780401799998,-231.5478040180029,-127.4239020090029,87000.0,True
P422_L2_L5_REMOVED_CONTROL,HDFCBANK_AXISBANK,HDFCBANK,AXISBANK,2026-07-17,1784261798699.0,1784261800949.0,3.2441865121476696,3.4343860364499763,short,long,stop_zscore,816.35,1320.0,816.85,1319.9,61,37,-34.19999999999709,104.18502640899999,208.37005281799998,-242.57005281799707,-138.38502640899708,2250.0,True
P422_L2_L5_REMOVED_CONTROL,HDFCBANK_AXISBANK,HDFCBANK,AXISBANK,2026-07-17,1784261826200.0,1784261897699.0,1.927204309156736,0.24903397659226584,short,long,convergence,816.4,1319.1,816.3,1319.8,61,37,32.000000000007276,104.15660100399998,208.31320200799996,-176.3132020079927,-72.1566010039927,71499.0,True
P422_L2_L5_REMOVED_CONTROL,HDFCBANK_AXISBANK,HDFCBANK,AXISBANK,2026-07-17,1784261992057.0,1784262054205.0,-1.9412883637242788,-0.19714480670469833,long,short,convergence,816.2,1320.1,815.95,1319.6,61,37,3.25,104.1554269503,208.3108539006,-205.0608539006,-100.9054269503,62148.0,True
P422_L2_L5_REMOVED_CONTROL,HDFCBANK_AXISBANK,HDFCBANK,AXISBANK,2026-07-17,1784262252199.0,1784262279200.0,2.077044863813478,0.026740878182717875,short,long,convergence,816.5,1317.7,816.55,1318.7,61,37,33.950000000004366,104.1276559671,208.2553119342,-174.30531193419563,-70.17765596709563,27001.0,True
P422_L2_L5_REMOVED_CONTROL,HDFCBANK_AXISBANK,HDFCBANK,AXISBANK,2026-07-20,1784519522610.0,1784519594861.0,1.8976484614334044,0.10385321125276066,short,long,convergence,781.0,1266.3,781.2,1265.8,64,39,-32.30000000000291,104.7666461762,209.5332923524,-241.8332923524029,-137.0666461762029,72251.0,True
P422_L2_L5_REMOVED_CONTROL,HDFCBANK_AXISBANK,HDFCBANK,AXISBANK,2026-07-20,1784520111385.0,1784520169257.0,2.4821328637082734,0.1768792275230568,short,long,convergence,779.0,1260.7,778.9,1261.1,64,39,21.999999999992724,104.4907354548,208.9814709096,-186.98147090960728,-82.49073545480728,57872.0,True
P422_L2_L5_REMOVED_CONTROL,HDFCBANK_AXISBANK,HDFCBANK,AXISBANK,2026-07-20,1784520299374.0,1784520442860.0,2.116069442750443,0.23975162227310295,short,long,convergence,779.95,1260.0,781.25,1258.3,64,39,-149.5,104.523666483,209.047332966,-358.547332966,-254.023666483,143486.0,True
P422_L2_L5_REMOVED_CONTROL,HDFCBANK_AXISBANK,HDFCBANK,AXISBANK,2026-07-20,1784520730612.0,1784520746112.0,-2.06843337484717,-3.2683657910910373,long,short,stop_zscore,780.75,1258.0,780.55,1259.8,64,39,-83.0,104.51734506439999,209.03469012879998,-292.0346901288,-187.5173450644,15500.0,True
P422_L2_L5_REMOVED_CONTROL,HDFCBANK_AXISBANK,HDFCBANK,AXISBANK,2026-07-20,1784520757416.0,1784520771671.0,-2.1204829429894563,-0.11924442459442021,long,short,convergence,781.4,1260.4,782.05,1259.7,63,39,68.25,103.97205693749999,207.94411387499997,-139.69411387499997,-35.722056937499985,14255.0,True
P422_L2_L5_REMOVED_CONTROL,HDFCBANK_AXISBANK,HDFCBANK,AXISBANK,2026-07-20,1784520824113.0,1784520885484.0,1.9777783043789936,0.1597418925760418,short,long,convergence,782.75,1258.7,782.4,1258.3,63,39,6.44999999999709,103.9673755347,207.9347510694,-201.4847510694029,-97.51737553470291,61371.0,True
P422_L2_L5_REMOVED_CONTROL,HDFCBANK_AXISBANK,HDFCBANK,AXISBANK,2026-07-20,1784521051363.0,1784521055337.0,2.1278158231582514,3.329713383339319,short,long,stop_zscore,782.3,1257.2,782.35,1256.5,63,39,-30.45000000001164,103.90282279350001,207.80564558700001,-238.25564558701166,-134.35282279351165,3974.0,True
P422_L2_L5_REMOVED_CONTROL,HDFCBANK_AXISBANK,HDFCBANK,AXISBANK,2026-07-20,1784521118863.0,1784521328613.0,2.6703196876742066,0.9472048290158072,short,long,max_hold,782.2,1256.1,782.15,1250.5,63,39,-215.24999999998545,103.78537989869999,207.57075979739997,-422.82075979738545,-319.03537989868545,209750.0,True
P422_L2_L5_REMOVED_CONTROL,HDFCBANK_AXISBANK,HDFCBANK,AXISBANK,2026-07-20,1784521399614.0,1784521428613.0,1.977930126690559,0.09726407066420227,short,long,convergence,783.0,1249.4,782.25,1249.4,63,40,47.25,104.6963842265,209.392768453,-162.142768453,-57.4463842265,28999.0,True
P422_L2_L5_REMOVED_CONTROL,HDFCBANK_AXISBANK,HDFCBANK,AXISBANK,2026-07-20,1784521523613.0,1784521654865.0,-2.1177908062809743,-1.7325633830062352,long,short,max_hold,782.85,1253.6,782.5,1255.1,63,39,-80.55000000000291,103.8422476281,207.6844952562,-288.2344952562029,-184.3922476281029,131252.0,True
P422_L2_L5_REMOVED_CONTROL,HDFCBANK_AXISBANK,HDFCBANK,AXISBANK,2026-07-21,1784605727344.0,1784605793486.0,2.19346716168989,0.32162691941854465,short,long,convergence,770.85,1253.0,771.7,1256.0,64,39,62.599999999998545,103.8879953252,207.7759906504,-145.17599065040145,-41.28799532520145,66142.0,True
P422_L2_L5_REMOVED_CONTROL,HDFCBANK_AXISBANK,HDFCBANK,AXISBANK,2026-07-21,1784605842344.0,1784605890488.0,-2.4240193808171955,-0.2820869615098612,long,short,convergence,770.3,1255.5,770.6,1255.2,64,39,30.900000000001455,103.87249906939999,207.74499813879999,-176.84499813879853,-72.97249906939854,48144.0,True
P422_L2_L5_REMOVED_CONTROL,HDFCBANK_AXISBANK,HDFCBANK,AXISBANK,2026-07-21,1784606008128.0,1784606049594.0,2.38356158729695,0.17663963301399194,short,long,convergence,770.25,1252.0,768.85,1250.6,64,39,34.999999999992724,103.69723594279999,207.39447188559998,-172.39447188560726,-68.69723594280727,41466.0,True
P422_L2_L5_REMOVED_CONTROL,HDFCBANK_AXISBANK,HDFCBANK,AXISBANK,2026-07-21,1784606120343.0,1784606293093.0,1.9193271977746746,0.2578705679349439,short,long,convergence,769.0,1248.5,771.25,1248.5,65,40,-146.25,106.28186972749998,212.56373945499996,-358.81373945499996,-252.53186972749998,172750.0,True
P422_L2_L5_REMOVED_CONTROL,HDFCBANK_AXISBANK,HDFCBANK,AXISBANK,2026-07-21,1784606360844.0,1784606363843.0,3.1775742888462246,3.5453637166597227,short,long,stop_zscore,771.3,1247.9,771.35,1247.5,64,40,-19.200000000004366,104.69041111359999,209.38082222719999,-228.58082222720435,-123.89041111360436,2999.0,True
P422_L2_L5_REMOVED_CONTROL,HDFCBANK_AXISBANK,HDFCBANK,AXISBANK,2026-07-21,1784606387218.0,1784606403844.0,2.353189812580707,0.1399197437688429,short,long,convergence,771.05,1247.5,771.0,1247.6,64,40,7.19999999999709,104.6695322512,209.3390645024,-202.1390645024029,-97.4695322512029,16626.0,True
P422_L2_L5_REMOVED_CONTROL,HDFCBANK_AXISBANK,HDFCBANK,AXISBANK,2026-07-21,1784606478593.0,1784606495094.0,-1.9216848257855277,0.0756543944626536,long,short,convergence,770.05,1247.3,770.5,1247.3,64,40,28.80000000000291,104.62206515519999,209.24413031039998,-180.44413031039707,-75.82206515519708,16501.0,True
P422_L2_L5_REMOVED_CONTROL,HDFCBANK_AXISBANK,HDFCBANK,AXISBANK,2026-07-21,1784606746093.0,1784606761094.0,1.8612603734598263,0.11145756001985621,short,long,convergence,769.5,1244.8,769.4,1245.1,64,40,18.400000000001455,104.5029003536,209.0058007072,-190.60580070719854,-86.10290035359854,15001.0,True
P422_L2_L5_REMOVED_CONTROL,HDFCBANK_AXISBANK,HDFCBANK,AXISBANK,2026-07-21,1784606771843.0,1784606783437.0,-1.9086761798032783,-0.11680968245066052,long,short,convergence,769.45,1246.1,769.35,1245.5,64,40,17.599999999998545,104.52794696319998,209.05589392639996,-191.45589392640142,-86.92794696320144,11594.0,True
P422_L2_L5_REMOVED_CONTROL,HDFCBANK_AXISBANK,HDFCBANK,AXISBANK,2026-07-21,1784606864343.0,1784607018808.0,-2.3660190532351395,-3.3656625909258477,long,short,stop_zscore,770.5,1248.6,770.15,1251.0,64,40,-118.40000000000146,104.70815535359998,209.41631070719995,-327.8163107072014,-223.10815535360143,154465.0,True
P422_L2_L5_REMOVED_CONTROL,HDFCBANK_AXISBANK,HDFCBANK,AXISBANK,2026-07-21,1784607019343.0,1784607074862.0,-2.8660573640642526,-3.3486242254631,long,short,stop_zscore,770.2,1250.4,769.8,1251.8,64,39,-80.19999999999709,103.7160329948,207.4320659896,-287.6320659895971,-183.9160329947971,55519.0,True
P422_L2_L5_REMOVED_CONTROL,HDFCBANK_AXISBANK,HDFCBANK,AXISBANK,2026-07-21,1784607074862.0,1784607233345.0,-3.2591986960626285,-0.34843903419397454,long,short,convergence,769.85,1251.7,769.0,1253.8,64,39,-136.29999999999563,103.73926746539999,207.47853493079998,-343.7785349307956,-240.03926746539562,158483.0,True
P422_L2_L5_REMOVED_CONTROL,HDFCBANK_AXISBANK,HDFCBANK,AXISBANK,2026-07-22,1784692348408.0,1784692447158.0,-2.017480571956835,-0.3389206062770525,long,short,convergence,756.4,1244.5,755.45,1243.8,66,40,-34.69999999999709,105.00296662459999,210.00593324919998,-244.70593324919707,-139.70296662459708,98750.0,True
P422_L2_L5_REMOVED_CONTROL,HDFCBANK_AXISBANK,HDFCBANK,AXISBANK,2026-07-22,1784692680365.0,1784692717808.0,2.5913919869656943,0.24719408240962096,short,long,convergence,755.7,1241.8,755.1,1241.6,66,40,31.60000000000582,104.89415261279999,209.78830522559997,-178.18830522559415,-73.29415261279416,37443.0,True
P422_L2_L5_REMOVED_CONTROL,HDFCBANK_AXISBANK,HDFCBANK,AXISBANK,2026-07-22,1784693006366.0,1784693036865.0,-2.338549772223446,-0.21019728252683936,long,short,convergence,754.3,1240.7,754.55,1240.6,66,40,20.5,104.8078765566,209.6157531132,-189.1157531132,-84.3078765566,30499.0,True
P422_L2_L5_REMOVED_CONTROL,HDFCBANK_AXISBANK,HDFCBANK,AXISBANK,2026-07-22,1784693145023.0,1784693148117.0,-2.0408370132867275,-4.733447681680214,long,short,stop_zscore,753.9,1240.2,753.75,1241.5,66,40,-61.900000000001455,104.7834276974,209.5668553948,-271.4668553948014,-166.68342769740144,3094.0,True
P422_L2_L5_REMOVED_CONTROL,HDFCBANK_AXISBANK,HDFCBANK,AXISBANK,2026-07-22,1784693384116.0,1784693473616.0,-2.8648604159396354,-0.30246188996696216,long,short,convergence,753.55,1240.9,753.5,1240.9,66,40,-3.2999999999956344,104.7680806438,209.5361612876,-212.83616128759564,-108.06808064379564,89500.0,True
P422_L2_L5_REMOVED_CONTROL,HDFCBANK_AXISBANK,HDFCBANK,AXISBANK,2026-07-22,1784693533115.0,1784693796908.0,1.7577662090893948,-0.0008694441184883485,short,long,convergence,753.7,1239.9,753.85,1240.5,66,40,14.10000000000582,104.75847230579998,209.51694461159997,-195.41694461159415,-90.65847230579416,263793.0,True
P422_L2_L5_REMOVED_CONTROL,HDFCBANK_AXISBANK,HDFCBANK,AXISBANK,2026-07-22,1784693886158.0,1784693908094.0,2.424853858750138,-0.012742202442730279,short,long,convergence,753.3,1239.7,753.5,1240.2,66,40,6.799999999995634,104.73033658879999,209.46067317759997,-202.66067317760434,-97.93033658880435,21936.0,True
P422_L2_L5_REMOVED_CONTROL,HDFCBANK_AXISBANK,HDFCBANK,AXISBANK,2026-07-22,1784693943908.0,1784693971408.0,2.5661109598122156,0.26088813559001284,short,long,convergence,753.6,1239.4,753.6,1239.9,66,40,20.0,104.73111396319999,209.46222792639998,-189.46222792639998,-84.73111396319999,27500.0,True
P422_L2_L5_REMOVED_CONTROL,HDFCBANK_AXISBANK,HDFCBANK,AXISBANK,2026-07-22,1784694000908.0,1784694173637.0,-1.9595998247029423,-4.465378559418977,long,short,stop_zscore,753.7,1241.2,753.3,1243.3,66,40,-110.40000000000873,104.812237852,209.624475704,-320.02447570400875,-215.21223785200874,172729.0,True
P422_L2_L5_REMOVED_CONTROL,HDFCBANK_AXISBANK,HDFCBANK,AXISBANK,2026-07-22,1784694201513.0,1784694222157.0,-1.803043770387358,-0.30417075849508296,long,short,convergence,753.5,1243.2,753.75,1243.1,66,40,20.5,104.84624128299998,209.69248256599997,-189.19248256599997,-84.34624128299998,20644.0,True
P422_L2_L5_REMOVED_CONTROL,HDFCBANK_AXISBANK,HDFCBANK,AXISBANK,2026-07-23,1784778529199.0,1784778717976.0,-2.4555313388896822,-0.2843080897348258,long,short,convergence,747.5,1230.6,748.75,1235.9,66,40,-129.5,104.23156697499999,208.46313394999999,-337.96313395,-233.731566975,188777.0,True
P422_L2_L5_REMOVED_CONTROL,HDFCBANK_AXISBANK,HDFCBANK,AXISBANK,2026-07-23,1784778756226.0,1784778808951.0,-1.987953089316158,-0.27136109006571996,long,short,convergence,748.95,1237.3,749.2,1237.2,66,40,20.5,104.41033020739998,208.82066041479996,-188.32066041479996,-83.91033020739998,52725.0,True
P422_L2_L5_REMOVED_CONTROL,HDFCBANK_AXISBANK,HDFCBANK,AXISBANK,2026-07-23,1784778884225.0,1784779214768.0,-3.303131761544644,-0.31351628527917635,long,short,convergence,748.85,1237.9,746.85,1235.7,66,40,-44.0,104.3309512412,208.6619024824,-252.6619024824,-148.3309512412,330543.0,True
P422_L2_L5_REMOVED_CONTROL,HDFCBANK_AXISBANK,HDFCBANK,AXISBANK,2026-07-23,1784779285255.0,1784779291976.0,-2.536826962781487,-3.259423208344852,long,short,stop_zscore,746.95,1236.7,746.65,1236.8,66,40,-23.80000000000291,104.27269474559999,208.54538949119998,-232.3453894912029,-128.07269474560292,6721.0,True
P422_L2_L5_REMOVED_CONTROL,HDFCBANK_AXISBANK,HDFCBANK,AXISBANK,2026-07-23,1784779320726.0,1784779322976.0,-2.0549314178281866,-3.565945846736384,long,short,stop_zscore,745.95,1235.0,745.5,1235.1,67,40,-34.150000000001455,104.7660439969,209.5320879938,-243.68208799380145,-138.91604399690146,2250.0,True
P422_L2_L5_REMOVED_CONTROL,HDFCBANK_AXISBANK,HDFCBANK,AXISBANK,2026-07-23,1784779346976.0,1784779390725.0,-2.6820300444356455,0.06127778468512927,long,short,convergence,745.85,1235.6,745.85,1234.8,67,40,32.0,104.7767359194,209.5534718388,-177.5534718388,-72.7767359194,43749.0,True
P422_L2_L5_REMOVED_CONTROL,HDFCBANK_AXISBANK,HDFCBANK,AXISBANK,2026-07-23,1784779485725.0,1784779487976.0,3.319626166665775,3.4071307390706522,short,long,stop_zscore,746.3,1233.3,746.45,1233.2,66,40,-13.900000000008731,104.13595318899999,208.27190637799998,-222.1719063780087,-118.03595318900872,2251.0,True
P422_L2_L5_REMOVED_CONTROL,HDFCBANK_AXISBANK,HDFCBANK,AXISBANK,2026-07-23,1784779619225.0,1784779734976.0,2.0559977704134944,0.2515598909278535,short,long,convergence,745.2,1229.8,745.5,1228.9,67,40,-56.099999999998545,104.56063020939999,209.12126041879998,-265.2212604187985,-160.66063020939853,115751.0,True
P422_L2_L5_REMOVED_CONTROL,HDFCBANK_AXISBANK,HDFCBANK,AXISBANK,2026-07-23,1784779856227.0,1784779912146.0,-2.4909218905912365,-0.34787145913060474,long,short,convergence,745.4,1230.4,745.2,1230.3,67,40,-9.39999999999418,104.58971926919997,209.17943853839995,-218.57943853839413,-113.98971926919415,55919.0,True
P422_L2_L5_REMOVED_CONTROL,HDFCBANK_AXISBANK,HDFCBANK,AXISBANK,2026-07-23,1784780387477.0,1784780560475.0,-2.338914310013738,-0.3227430370706301,long,short,convergence,746.3,1232.1,746.1,1233.9,66,40,-85.19999999999709,104.1195065904,208.2390131808,-293.4390131807971,-189.31950659039708,172998.0,True
P422_L2_L5_REMOVED_CONTROL,HDFCBANK_AXISBANK,HDFCBANK,AXISBANK,2026-07-23,1784780822226.0,1784780825477.0,2.140433463457213,2.0666549047077836,short,long,max_hold,746.8,1234.8,747.05,1234.7,66,40,-20.5,104.21432598459998,208.42865196919996,-228.92865196919996,-124.71432598459998,3251.0,True
P422_L2_L5_REMOVED_CONTROL,INFY_TCS,INFY,TCS,2026-07-17,1784260456450.0,1784260485700.0,-3.056866069767093,-0.10793184250026838,long,short,convergence,1110.4,2248.3,1111.2,2248.8,45,22,24.999999999992724,104.8371109292,209.6742218584,-184.67422185840726,-79.83711092920727,29250.0,True
P422_L2_L5_REMOVED_CONTROL,INFY_TCS,INFY,TCS,2026-07-17,1784260561700.0,1784260573729.0,-1.9223947689607237,-0.20171632022855523,long,short,convergence,1108.9,2245.4,1108.3,2244.0,45,22,3.7999999999956344,104.68811536479998,209.37623072959997,-205.57623072960433,-100.88811536480435,12029.0,True
P422_L2_L5_REMOVED_CONTROL,INFY_TCS,INFY,TCS,2026-07-17,1784260704700.0,1784260751700.0,2.4872816813169556,0.3320777820556916,short,long,convergence,1104.5,2232.7,1106.0,2236.1,45,22,7.30000000000291,104.38134825659998,208.76269651319996,-201.46269651319705,-97.08134825659707,47000.0,True
P422_L2_L5_REMOVED_CONTROL,INFY_TCS,INFY,TCS,2026-07-17,1784260847700.0,1784260876200.0,-2.4347103616791537,-0.27355695359578847,long,short,convergence,1104.0,2236.6,1103.0,2232.9,45,22,36.39999999999418,104.323161464,208.646322928,-172.2463229280058,-67.92316146400582,28500.0,True
P422_L2_L5_REMOVED_CONTROL,INFY_TCS,INFY,TCS,2026-07-17,1784261185948.0,1784261304314.0,2.1415094105736516,0.3025426517011637,short,long,convergence,1105.1,2236.0,1107.5,2237.6,45,22,-72.80000000001019,104.46387159719998,208.92774319439997,-281.72774319441015,-177.26387159721017,118366.0,True
P422_L2_L5_REMOVED_CONTROL,INFY_TCS,INFY,TCS,2026-07-17,1784261375592.0,1784261378697.0,-2.3662430056684727,-4.386456258702097,long,short,stop_zscore,1106.8,2238.0,1104.9,2237.7,45,22,-78.8999999999869,104.46627961140001,208.93255922280002,-287.8325592227869,-183.36627961138691,3105.0,True
P422_L2_L5_REMOVED_CONTROL,INFY_TCS,INFY,TCS,2026-07-17,1784261396697.0,1784261520949.0,-2.1754736126105634,-0.31974538771622246,long,short,convergence,1104.4,2236.0,1105.1,2238.2,45,22,-16.90000000000873,104.41170401939999,208.82340803879998,-225.7234080388087,-121.31170401940872,124252.0,True
P422_L2_L5_REMOVED_CONTROL,INFY_TCS,INFY,TCS,2026-07-17,1784261672199.0,1784261796105.0,-2.4695391109486207,-0.3399442704616112,long,short,convergence,1104.5,2237.8,1101.8,2234.7,45,22,-53.29999999998836,104.33852797099999,208.67705594199998,-261.97705594198834,-157.63852797098835,123906.0,True
P422_L2_L5_REMOVED_CONTROL,INFY_TCS,INFY,TCS,2026-07-17,1784261978205.0,1784262050955.0,-1.757378020073812,-0.17552189067728263,long,short,convergence,1098.6,2229.6,1099.3,2231.9,45,22,-19.099999999998545,104.08604325099999,208.17208650199998,-227.27208650199853,-123.18604325099854,72750.0,True
P422_L2_L5_REMOVED_CONTROL,INFY_TCS,INFY,TCS,2026-07-17,1784262303199.0,1784262326320.0,-2.321023212462907,-0.06339043109153193,long,short,convergence,1101.6,2237.3,1102.7,2239.0,45,22,12.100000000013097,104.3349459726,208.6698919452,-196.5698919451869,-92.2349459725869,23121.0,True
P422_L2_L5_REMOVED_CONTROL,INFY_TCS,INFY,TCS,2026-07-20,1784519473861.0,1784519480861.0,2.8179497889583014,3.3869429958238912,short,long,stop_zscore,1100.5,2272.3,1101.7,2271.8,45,22,-65.0,104.90389229520001,209.80778459040002,-274.80778459040005,-169.90389229520002,7000.0,True
P422_L2_L5_REMOVED_CONTROL,INFY_TCS,INFY,TCS,2026-07-20,1784519498360.0,1784519622111.0,2.0697286336950955,-0.20193228780630126,short,long,convergence,1101.9,2274.1,1099.4,2267.0,45,21,-36.599999999998545,103.01465376959999,206.02930753919998,-242.62930753919852,-139.61465376959853,123751.0,True
P422_L2_L5_REMOVED_CONTROL,INFY_TCS,INFY,TCS,2026-07-20,1784519780998.0,1784519783861.0,-2.088207183689927,-3.377977764327814,long,short,stop_zscore,1095.6,2259.0,1094.7,2259.3,45,22,-47.099999999998545,104.45531733659999,208.91063467319998,-256.0106346731985,-151.55531733659853,2863.0,True
P422_L2_L5_REMOVED_CONTROL,INFY_TCS,INFY,TCS,2026-07-20,1784519803360.0,1784519824501.0,-2.405148797686178,-0.3491728242511228,long,short,convergence,1093.7,2256.9,1094.2,2256.6,45,22,29.10000000000582,104.36736601499999,208.73473202999998,-179.63473202999415,-75.26736601499417,21141.0,True
P422_L2_L5_REMOVED_CONTROL,INFY_TCS,INFY,TCS,2026-07-20,1784519877861.0,1784519954610.0,2.155206916469194,0.26788464240944365,short,long,convergence,1096.9,2259.6,1098.5,2263.1,45,22,5.000000000007276,104.58714611439999,209.17429222879997,-204.1742922287927,-99.58714611439271,76749.0,True
P422_L2_L5_REMOVED_CONTROL,INFY_TCS,INFY,TCS,2026-07-20,1784520141860.0,1784520147610.0,-3.302123933065436,-3.2562821562698976,long,short,stop_zscore,1095.1,2259.4,1094.7,2260.4,45,22,-39.999999999992724,104.45947809959999,208.91895619919998,-248.9189561991927,-144.45947809959273,5750.0,True
P422_L2_L5_REMOVED_CONTROL,INFY_TCS,INFY,TCS,2026-07-20,1784520169861.0,1784520256298.0,-2.2920542255197427,-0.2897239453743919,long,short,convergence,1094.9,2260.2,1094.1,2258.4,45,22,3.599999999976717,104.4334643652,208.8669287304,-205.26692873042327,-100.83346436522328,86437.0,True
P422_L2_L5_REMOVED_CONTROL,INFY_TCS,INFY,TCS,2026-07-20,1784520489111.0,1784520501361.0,2.82448637553205,0.13131366211397588,short,long,convergence,1096.6,2259.6,1096.2,2261.1,45,22,50.999999999992724,104.52102474839998,209.04204949679996,-158.04204949680724,-53.52102474840726,12250.0,True
P422_L2_L5_REMOVED_CONTROL,INFY_TCS,INFY,TCS,2026-07-20,1784520538112.0,1784520625113.0,2.6054931233125598,0.2744076016007941,short,long,convergence,1094.4,2253.2,1094.6,2252.2,45,22,-30.999999999985448,104.3159630628,208.6319261256,-239.63192612558544,-135.31596306278544,87001.0,True
P422_L2_L5_REMOVED_CONTROL,INFY_TCS,INFY,TCS,2026-07-20,1784520721363.0,1784520729521.0,-2.7020837048584325,-3.4447262842376585,long,short,stop_zscore,1097.8,2261.3,1096.8,2262.2,45,22,-64.79999999998836,104.580715244,209.161430488,-273.96143048798837,-169.38071524398836,8158.0,True
P422_L2_L5_REMOVED_CONTROL,INFY_TCS,INFY,TCS,2026-07-20,1784520748612.0,1784520871296.0,-1.8063322498999046,0.19974672378800196,long,short,convergence,1096.3,2259.5,1096.3,2262.3,45,22,-61.60000000000582,104.52889111959999,209.05778223919998,-270.6577822392058,-166.1288911196058,122684.0,True
P422_L2_L5_REMOVED_CONTROL,INFY_TCS,INFY,TCS,2026-07-20,1784520990363.0,1784520999074.0,-1.803381322890401,-3.2860572258960903,long,short,stop_zscore,1096.2,2263.2,1095.4,2263.3,45,22,-38.200000000004366,104.55227423,209.10454846,-247.30454846000436,-142.75227423000436,8711.0,True
P422_L2_L5_REMOVED_CONTROL,INFY_TCS,INFY,TCS,2026-07-21,1784605810344.0,1784605969343.0,1.9906029437331139,3.5395094511169067,short,long,stop_zscore,1084.1,2250.5,1088.2,2252.1,46,22,-153.40000000000873,104.87018609799998,209.74037219599995,-363.1403721960087,-258.2701860980087,158999.0,True
P422_L2_L5_REMOVED_CONTROL,INFY_TCS,INFY,TCS,2026-07-21,1784605972914.0,1784605976594.0,3.4441850924373694,3.3057667405265345,short,long,stop_zscore,1087.8,2252.7,1088.2,2252.4,45,22,-24.59999999999127,104.0754372732,208.1508745464,-232.75087454639126,-128.67543727319128,3680.0,True
P422_L2_L5_REMOVED_CONTROL,INFY_TCS,INFY,TCS,2026-07-21,1784606044593.0,1784606212593.0,2.665410052060688,0.08836073494654434,short,long,convergence,1090.7,2252.6,1093.4,2253.9,45,22,-92.90000000000146,104.23711406499999,208.47422812999997,-301.3742281300014,-197.13711406500144,168000.0,True
P422_L2_L5_REMOVED_CONTROL,INFY_TCS,INFY,TCS,2026-07-21,1784606405843.0,1784606447343.0,1.8671606151814606,0.2556483958327482,short,long,convergence,1093.1,2252.5,1093.5,2253.3,45,22,-0.4000000000014552,104.27518858759998,208.55037717519997,-208.95037717520142,-104.67518858760144,41500.0,True
P422_L2_L5_REMOVED_CONTROL,INFY_TCS,INFY,TCS,2026-07-21,1784606473593.0,1784606682516.0,-1.901318224315392,0.09397216495858843,long,short,convergence,1091.6,2251.4,1090.5,2251.7,45,22,-56.09999999998399,104.16958635619999,208.33917271239997,-264.439172712384,-160.269586356184,208923.0,True
P422_L2_L5_REMOVED_CONTROL,INFY_TCS,INFY,TCS,2026-07-21,1784606701593.0,1784606752093.0,-2.403775784164998,-0.16114709885783698,long,short,convergence,1090.6,2253.2,1090.0,2252.1,45,22,-2.7999999999956344,104.16102450159998,208.32204900319996,-211.1220490031956,-106.96102450159562,50500.0,True
P422_L2_L5_REMOVED_CONTROL,INFY_TCS,INFY,TCS,2026-07-21,1784607220343.0,1784607221343.0,-3.54543371700395,-4.766267099421527,long,short,stop_zscore,1084.8,2243.0,1084.1,2243.4,46,22,-41.0,104.6600951012,209.3201902024,-250.3201902024,-145.6600951012,1000.0,True
P422_L2_L5_REMOVED_CONTROL,INFY_TCS,INFY,TCS,2026-07-21,1784607371344.0,1784607382343.0,1.8959619240996965,-0.03507041725326026,short,long,convergence,1084.2,2243.0,1084.5,2244.1,46,22,10.400000000001455,104.66184381839997,209.32368763679995,-198.9236876367985,-94.26184381839852,10999.0,True
P422_L2_L5_REMOVED_CONTROL,INFY_TCS,INFY,TCS,2026-07-21,1784607463430.0,1784607477312.0,-2.38606665852774,-4.182925858170186,long,short,stop_zscore,1080.7,2240.0,1078.6,2240.5,46,22,-107.60000000000582,104.42887371279998,208.85774742559997,-316.4577474256058,-212.02887371280582,13882.0,True
P422_L2_L5_REMOVED_CONTROL,INFY_TCS,INFY,TCS,2026-07-21,1784607486343.0,1784607574094.0,-2.47433336745412,-0.027857578436701738,long,short,convergence,1078.9,2239.5,1077.5,2236.5,46,22,1.5999999999985448,104.33278695839999,208.66557391679999,-207.06557391680144,-102.73278695840145,87751.0,True
P422_L2_L5_REMOVED_CONTROL,INFY_TCS,INFY,TCS,2026-07-21,1784607629818.0,1784607662093.0,-1.962245688686625,-0.1839686228690954,long,short,convergence,1078.2,2240.0,1078.0,2239.5,46,22,1.7999999999956344,104.36033828520002,208.72067657040003,-206.9206765704044,-102.56033828520438,32275.0,True
P422_L2_L5_REMOVED_CONTROL,INFY_TCS,INFY,TCS,2026-07-21,1784607750093.0,1784607873343.0,2.052258997335407,0.34656023553094994,short,long,convergence,1080.2,2240.5,1081.9,2241.7,46,22,-51.80000000000291,104.49558139000001,208.99116278000002,-260.79116278000294,-156.29558139000292,123250.0,True
P422_L2_L5_REMOVED_CONTROL,INFY_TCS,INFY,TCS,2026-07-22,1784692168158.0,1784692225407.0,2.4413378905544363,0.3437182677561984,short,long,convergence,1063.8,2210.0,1063.6,2209.8,47,22,5.000000000007276,104.15269810039999,208.30539620079998,-203.3053962007927,-99.15269810039271,57249.0,True
P422_L2_L5_REMOVED_CONTROL,INFY_TCS,INFY,TCS,2026-07-22,1784692317407.0,1784692390158.0,2.9842735854290456,3.479464842522848,short,long,stop_zscore,1064.1,2208.3,1065.4,2208.6,46,22,-53.20000000001164,103.30231309279999,206.60462618559998,-259.8046261856116,-156.50231309281162,72751.0,True
P422_L2_L5_REMOVED_CONTROL,INFY_TCS,INFY,TCS,2026-07-22,1784692397158.0,1784692782615.0,1.8433925881807987,0.3020796536787109,short,long,convergence,1065.1,2210.0,1066.8,2212.2,46,22,-29.80000000000291,103.39421625479997,206.78843250959994,-236.58843250960285,-133.19421625480288,385457.0,True
P422_L2_L5_REMOVED_CONTROL,INFY_TCS,INFY,TCS,2026-07-22,1784693187771.0,1784693297116.0,-2.1909347595954407,-0.30812352366104595,long,short,convergence,1064.0,2211.6,1064.9,2213.1,46,22,8.400000000001455,103.35991155679999,206.71982311359997,-198.31982311359852,-94.95991155679853,109345.0,True
P422_L2_L5_REMOVED_CONTROL,INFY_TCS,INFY,TCS,2026-07-22,1784693367616.0,1784693753668.0,1.9048106078330327,0.2576461207302213,short,long,convergence,1065.0,2211.6,1066.0,2213.1,46,22,-13.0,103.3994913764,206.7989827528,-219.7989827528,-116.3994913764,386052.0,True
P422_L2_L5_REMOVED_CONTROL,INFY_TCS,INFY,TCS,2026-07-22,1784693838658.0,1784693880230.0,-2.1137484748047224,0.00785790009892038,long,short,convergence,1064.1,2211.1,1063.8,2209.4,46,22,23.59999999999127,103.30343696639999,206.60687393279997,-183.0068739328087,-79.70343696640872,41572.0,True
P422_L2_L5_REMOVED_CONTROL,INFY_TCS,INFY,TCS,2026-07-22,1784693993908.0,1784694075907.0,2.0541808606993244,0.33955581477740276,short,long,convergence,1064.5,2208.8,1065.0,2210.7,46,22,18.79999999998836,103.324479516,206.648959032,-187.84895903201163,-84.52447951601164,81999.0,True
P422_L2_L5_REMOVED_CONTROL,INFY_TCS,INFY,TCS,2026-07-22,1784694403157.0,1784694449657.0,-2.108774599561823,-2.222795659806779,long,short,max_hold,1063.6,2210.0,1062.9,2209.9,47,22,-30.69999999999709,104.13693671979999,208.27387343959998,-238.97387343959707,-134.83693671979708,46500.0,True
P422_L2_L5_REMOVED_CONTROL,INFY_TCS,INFY,TCS,2026-07-23,1784778626706.0,1784778678476.0,-2.301328091407184,-0.23051656685192246,long,short,convergence,1039.8,2199.2,1041.0,2201.0,48,22,18.0,103.9328000168,207.8656000336,-189.8656000336,-85.9328000168,51770.0,True
P422_L2_L5_REMOVED_CONTROL,INFY_TCS,INFY,TCS,2026-07-23,1784778934368.0,1784779007726.0,-2.349193162247966,-0.18347652259296343,long,short,convergence,1038.4,2199.5,1039.4,2200.7,48,22,21.60000000000582,103.8742235528,207.7484471056,-186.1484471055942,-82.27422355279418,73358.0,True
P422_L2_L5_REMOVED_CONTROL,INFY_TCS,INFY,TCS,2026-07-23,1784779046093.0,1784779105476.0,-2.3931489678460522,-4.255987728105875,long,short,stop_zscore,1036.9,2199.6,1034.0,2199.9,48,22,-145.8000000000102,103.73587423320001,207.47174846640002,-353.2717484664102,-249.5358742332102,59383.0,True
P422_L2_L5_REMOVED_CONTROL,INFY_TCS,INFY,TCS,2026-07-23,1784779105726.0,1784779109728.0,-4.095527172656734,-4.298835229783357,long,short,stop_zscore,1034.3,2199.2,1033.7,2199.9,48,22,-44.19999999999709,103.67420214519998,207.34840429039997,-251.54840429039706,-147.87420214519707,4002.0,True
P422_L2_L5_REMOVED_CONTROL,INFY_TCS,INFY,TCS,2026-07-23,1784779137726.0,1784779162726.0,-1.95808035522256,0.01063508929188089,long,short,convergence,1033.1,2196.2,1035.2,2197.3,48,22,76.59999999999854,103.62817317240001,207.25634634480002,-130.65634634480148,-27.028173172401466,25000.0,True
P422_L2_L5_REMOVED_CONTROL,INFY_TCS,INFY,TCS,2026-07-23,1784779356140.0,1784779403976.0,-2.2159846771384366,-0.2057482679505681,long,short,convergence,1034.3,2195.9,1035.6,2196.7,48,22,44.800000000010186,103.65181531439998,207.30363062879997,-162.50363062878978,-58.851815314389796,47836.0,True
P422_L2_L5_REMOVED_CONTROL,INFY_TCS,INFY,TCS,2026-07-23,1784779606975.0,1784779669739.0,1.9953129761806012,0.017740462068380102,short,long,convergence,1038.9,2198.0,1039.8,2200.4,48,22,9.600000000013097,103.8758666144,207.7517332288,-198.1517332287869,-94.2758666143869,62764.0,True
P422_L2_L5_REMOVED_CONTROL,INFY_TCS,INFY,TCS,2026-07-23,1784779698000.0,1784779735976.0,2.766048287494188,0.002844954899863983,short,long,convergence,1042.3,2202.0,1042.9,2205.1,47,22,39.999999999992724,103.23255760359999,206.46511520719997,-166.46511520720725,-63.23255760360726,37976.0,True
P422_L2_L5_REMOVED_CONTROL,INFY_TCS,INFY,TCS,2026-07-23,1784779971228.0,1784780069478.0,-2.906485004545734,-0.23173619821239094,long,short,convergence,1042.4,2205.8,1042.2,2205.8,47,22,-9.400000000001455,103.2620721484,206.5241442968,-215.92414429680144,-112.66207214840145,98250.0,True
P422_L2_L5_REMOVED_CONTROL,INFY_TCS,INFY,TCS,2026-07-23,1784780180477.0,1784780194979.0,2.417850598346954,0.2865792365658567,short,long,convergence,1044.2,2208.0,1044.5,2209.9,47,22,27.700000000004366,103.3961579562,206.7923159124,-179.09231591239563,-75.69615795619563,14502.0,True
P422_L2_L5_REMOVED_CONTROL,INFY_TCS,INFY,TCS,2026-07-23,1784780463977.0,1784780466978.0,-2.1069077713198445,-3.3466864919204222,long,short,stop_zscore,1045.7,2213.1,1045.2,2213.9,47,22,-41.10000000000582,103.5205748178,207.0411496356,-248.1411496356058,-144.62057481780582,3001.0,True
P422_L2_L5_REMOVED_CONTROL,INFY_TCS,INFY,TCS,2026-07-23,1784780490553.0,1784780532321.0,-2.6976662284822632,0.014166737228450254,long,short,convergence,1044.3,2211.4,1044.1,2210.9,47,22,1.5999999999985448,103.4301592324,206.8603184648,-205.26031846480146,-101.83015923240146,41768.0,True
P422_L2_L5_REMOVED_CONTROL,RELIANCE_ONGC,RELIANCE,ONGC,2026-07-17,1784260281676.0,1784260343450.0,2.0028581413187148,0.3120511562971492,short,long,convergence,1310.7,247.13,1311.1,247.21,38,202,0.9599999999991269,105.07191902247999,210.14383804495998,-209.18383804496085,-104.11191902248086,61774.0,True
P422_L2_L5_REMOVED_CONTROL,RELIANCE_ONGC,RELIANCE,ONGC,2026-07-17,1784260533700.0,1784260576700.0,-1.8255936072969126,-0.3385670818311752,long,short,convergence,1309.7,247.35,1310.6,247.45,38,202,14.0,105.086321526,210.172643052,-196.172643052,-91.086321526,43000.0,True
P422_L2_L5_REMOVED_CONTROL,RELIANCE_ONGC,RELIANCE,ONGC,2026-07-17,1784260756616.0,1784260909820.0,1.9977428259329166,-0.24098708334882393,short,long,convergence,1310.9,247.19,1309.2,247.04,38,202,34.300000000010186,105.03613475355999,210.07226950711998,-175.7722695071098,-70.7361347535498,153204.0,True
P422_L2_L5_REMOVED_CONTROL,RELIANCE_ONGC,RELIANCE,ONGC,2026-07-17,1784261530379.0,1784261636201.0,2.8309936121028842,0.12079553627361339,short,long,convergence,1314.3,247.1,1316.9,247.37,38,202,-44.26000000000204,105.22843776724,210.45687553448,-254.71687553448203,-149.48843776724203,105822.0,True
P422_L2_L5_REMOVED_CONTROL,RELIANCE_ONGC,RELIANCE,ONGC,2026-07-17,1784261829450.0,1784262005966.0,2.2961362801955447,0.15714201308761,short,long,convergence,1318.5,247.18,1321.5,247.22,37,202,-102.91999999999825,104.2865614128,208.5731228256,-311.4931228255982,-207.20656141279824,176516.0,True
P422_L2_L5_REMOVED_CONTROL,RELIANCE_ONGC,RELIANCE,ONGC,2026-07-17,1784262187037.0,1784262215005.0,2.5113887453102484,0.2007366903990099,short,long,convergence,1321.6,247.07,1321.4,247.16,37,202,25.57999999999447,104.31578899676,208.63157799352,-183.05157799352554,-78.73578899676554,27968.0,True
P422_L2_L5_REMOVED_CONTROL,RELIANCE_ONGC,RELIANCE,ONGC,2026-07-17,1784262237949.0,1784262278200.0,-2.0470736408053893,-0.08427533652783238,long,short,convergence,1320.9,247.23,1321.5,247.32,37,202,4.019999999996799,104.3333602674,208.6667205348,-204.6467205348032,-100.3133602674032,40251.0,True
P422_L2_L5_REMOVED_CONTROL,RELIANCE_ONGC,RELIANCE,ONGC,2026-07-17,1784262350199.0,1784262406450.0,2.2192496931374865,1.3204699114212475,short,long,max_hold,1323.4,247.25,1322.9,247.17,37,202,2.3399999999965075,104.38135763163999,208.76271526327997,-206.42271526328346,-102.04135763164348,56251.0,True
P422_L2_L5_REMOVED_CONTROL,RELIANCE_ONGC,RELIANCE,ONGC,2026-07-20,1784519321702.0,1784519479995.0,-2.617809810303246,-0.033709183926223824,long,short,convergence,1334.0,251.14,1330.1,250.95,37,199,-106.48999999999796,104.66815297966,209.33630595932,-315.82630595931795,-211.15815297965796,158293.0,True
P422_L2_L5_REMOVED_CONTROL,RELIANCE_ONGC,RELIANCE,ONGC,2026-07-20,1784519668610.0,1784519766861.0,3.024340418092646,0.30628146228189224,short,long,convergence,1336.6,251.75,1337.5,252.06,37,198,28.07999999999447,104.75085788848,209.50171577696,-181.42171577696553,-76.67085788848553,98251.0,True
P422_L2_L5_REMOVED_CONTROL,RELIANCE_ONGC,RELIANCE,ONGC,2026-07-20,1784519818861.0,1784519883360.0,2.695245324472721,0.25431487229991706,short,long,convergence,1345.0,252.2,1343.8,252.22,37,198,48.36000000000058,105.02068362856,210.04136725712,-161.6813672571194,-56.66068362855941,64499.0,True
P422_L2_L5_REMOVED_CONTROL,RELIANCE_ONGC,RELIANCE,ONGC,2026-07-20,1784520096129.0,1784520132859.0,2.070387244169972,0.30156987259151125,short,long,convergence,1339.7,251.37,1338.8,251.36,37,198,31.320000000006985,104.73006632624,209.46013265248,-178.14013265247303,-73.41006632623302,36730.0,True
P422_L2_L5_REMOVED_CONTROL,RELIANCE_ONGC,RELIANCE,ONGC,2026-07-20,1784520520112.0,1784520535862.0,1.7855206184480867,-0.21270702625390545,short,long,convergence,1335.4,250.6,1335.2,250.6,37,199,7.400000000001455,104.69220670599998,209.38441341199996,-201.9844134119985,-97.29220670599852,15750.0,True
P422_L2_L5_REMOVED_CONTROL,RELIANCE_ONGC,RELIANCE,ONGC,2026-07-20,1784520631362.0,1784520653363.0,-1.853163708530943,-0.34417508711340167,long,short,convergence,1335.7,250.83,1336.5,250.98,37,199,-0.24999999999272404,104.76571431554,209.53142863108,-209.7814286310727,-105.01571431553272,22001.0,True
P422_L2_L5_REMOVED_CONTROL,RELIANCE_ONGC,RELIANCE,ONGC,2026-07-20,1784520733363.0,1784520800134.0,-1.9055090159275554,-0.27972886641708905,long,short,convergence,1334.5,250.8,1334.5,250.71,37,199,17.910000000003492,104.69306100694001,209.38612201388003,-191.47612201387653,-86.78306100693652,66771.0,True
P422_L2_L5_REMOVED_CONTROL,RELIANCE_ONGC,RELIANCE,ONGC,2026-07-20,1784520956856.0,1784520973362.0,-2.0308942134840406,-4.007265095955539,long,short,stop_zscore,1334.0,250.9,1334.2,251.28,37,199,-68.22000000000116,104.73650945131999,209.47301890263998,-277.69301890264114,-172.95650945132115,16506.0,True
P422_L2_L5_REMOVED_CONTROL,RELIANCE_ONGC,RELIANCE,ONGC,2026-07-20,1784520987362.0,1784520987862.0,-3.8875215887886676,-3.7630212189890093,long,short,stop_zscore,1334.1,251.52,1334.0,251.56,37,198,-11.619999999995343,104.60248933323999,209.20497866647997,-220.82497866647532,-116.22248933323533,500.0,True
P422_L2_L5_REMOVED_CONTROL,RELIANCE_ONGC,RELIANCE,ONGC,2026-07-20,1784521118364.0,1784521196364.0,-2.099169655967952,-0.3336754684409757,long,short,convergence,1330.5,250.94,1329.9,250.81,37,199,3.6699999999982538,104.5833661683,209.1667323366,-205.49673233660175,-100.91336616830175,78000.0,True
P422_L2_L5_REMOVED_CONTROL,RELIANCE_ONGC,RELIANCE,ONGC,2026-07-20,1784521322256.0,1784521324613.0,-1.7643487477691657,-0.04586310390306047,long,short,convergence,1328.7,250.78,1328.8,250.67,37,199,25.590000000003783,104.5151675663,209.0303351326,-183.4403351325962,-78.92516756629621,2357.0,True
P422_L2_L5_REMOVED_CONTROL,RELIANCE_ONGC,RELIANCE,ONGC,2026-07-20,1784521350746.0,1784521364728.0,1.754888500339773,-0.019963948949442086,short,long,convergence,1329.3,250.58,1328.8,250.52,37,199,6.559999999997672,104.49616905159999,208.99233810319998,-202.4323381032023,-97.93616905160232,13982.0,True
P422_L2_L5_REMOVED_CONTROL,RELIANCE_ONGC,RELIANCE,ONGC,2026-07-21,1784605835593.0,1784605897594.0,-2.5100398877934467,-0.33253645581381663,long,short,convergence,1317.2,251.32,1316.6,250.86,37,198,68.8799999999901,104.01309042944,208.02618085888,-139.1461808588899,-35.133090429449894,62001.0,True
P422_L2_L5_REMOVED_CONTROL,RELIANCE_ONGC,RELIANCE,ONGC,2026-07-21,1784606458844.0,1784606459843.0,-3.504497805503911,-3.3395174865206685,long,short,stop_zscore,1315.1,250.72,1315.0,250.82,38,199,-23.69999999999709,105.18005966556,210.36011933112,-234.06011933111708,-128.8800596655571,999.0,True
P422_L2_L5_REMOVED_CONTROL,RELIANCE_ONGC,RELIANCE,ONGC,2026-07-21,1784606492343.0,1784606677343.0,-1.8409369131292799,-0.12263106363197723,long,short,convergence,1315.1,250.79,1314.6,251.17,38,199,-94.61999999999534,105.20891350783998,210.41782701567996,-305.0378270156753,-199.82891350783532,185000.0,True
P422_L2_L5_REMOVED_CONTROL,RELIANCE_ONGC,RELIANCE,ONGC,2026-07-21,1784606738175.0,1784607037093.0,1.8520999450071416,0.16897088612658512,short,long,convergence,1315.0,251.09,1318.1,250.87,38,199,-161.58000000000175,106.26242556304001,212.52485112608002,-374.10485112608177,-267.84242556304173,298918.0,True
P422_L2_L5_REMOVED_CONTROL,RELIANCE_ONGC,RELIANCE,ONGC,2026-07-21,1784607358093.0,1784607365849.0,-2.7346152248101556,-3.4628321808094498,long,short,stop_zscore,1318.1,251.07,1317.8,251.09,37,199,-15.080000000001746,104.24839904484,208.49679808968,-223.57679808968174,-119.32839904484175,7756.0,True
P422_L2_L5_REMOVED_CONTROL,RELIANCE_ONGC,RELIANCE,ONGC,2026-07-21,1784607421684.0,1784607486343.0,-2.5118266670776235,-0.34614971225726027,long,short,convergence,1316.8,251.08,1317.1,251.04,37,199,19.060000000004948,104.21457790907999,208.42915581815998,-189.36915581815504,-85.15457790907504,64659.0,True
P422_L2_L5_REMOVED_CONTROL,RELIANCE_ONGC,RELIANCE,ONGC,2026-07-21,1784607657968.0,1784607700489.0,2.0048215422856535,0.2467658501048875,short,long,convergence,1318.2,250.87,1317.8,250.93,37,199,26.74000000000524,104.2201605212,208.4403210424,-181.70032104239476,-77.48016052119476,42521.0,True
P422_L2_L5_REMOVED_CONTROL,RELIANCE_ONGC,RELIANCE,ONGC,2026-07-21,1784607812010.0,1784607874343.0,-1.8446598712320563,-4.289952042556314,long,short,stop_zscore,1317.8,251.1,1317.8,251.5,37,199,-79.59999999999854,105.28044064759999,210.56088129519998,-290.1608812951985,-184.88044064759853,62333.0,True
P422_L2_L5_REMOVED_CONTROL,RELIANCE_ONGC,RELIANCE,ONGC,2026-07-21,1784607875343.0,1784607876343.0,-4.225904404496543,-3.9734464686715274,long,short,stop_zscore,1317.9,251.43,1317.8,251.5,37,198,-17.560000000004948,104.10330866223998,208.20661732447996,-225.7666173244849,-121.66330866224493,1000.0,True
P422_L2_L5_REMOVED_CONTROL,RELIANCE_ONGC,RELIANCE,ONGC,2026-07-22,1784692310408.0,1784692402095.0,-2.1947165735823413,-0.06364901687796291,long,short,convergence,1300.4,252.13,1299.6,251.9,38,198,15.139999999984866,104.71116730364,209.42233460728,-194.28233460729513,-89.57116730365513,91687.0,True
P422_L2_L5_REMOVED_CONTROL,RELIANCE_ONGC,RELIANCE,ONGC,2026-07-22,1784692944515.0,1784693029602.0,-2.3590455398069023,-0.31400734998398866,long,short,convergence,1295.0,251.85,1295.1,251.86,38,198,1.819999999985157,104.53272728227999,209.06545456455999,-207.24545456457483,-102.71272728229484,85087.0,True
P422_L2_L5_REMOVED_CONTROL,RELIANCE_ONGC,RELIANCE,ONGC,2026-07-22,1784693303967.0,1784693318460.0,1.960250415587227,3.332263102347852,short,long,stop_zscore,1294.9,251.9,1295.5,251.82,38,198,-38.63999999999942,104.53877189456,209.07754378912,-247.71754378911942,-143.17877189455942,14493.0,True
P422_L2_L5_REMOVED_CONTROL,RELIANCE_ONGC,RELIANCE,ONGC,2026-07-22,1784693343366.0,1784693391617.0,2.6630265537871347,-0.06552841125128785,short,long,convergence,1295.7,251.89,1297.2,252.23,38,198,10.320000000006985,104.60883341975999,209.21766683951998,-198.897666839513,-94.288833419753,48251.0,True
P422_L2_L5_REMOVED_CONTROL,RELIANCE_ONGC,RELIANCE,ONGC,2026-07-22,1784693769658.0,1784693841158.0,2.431508442613489,0.20959587061381937,short,long,convergence,1295.2,251.82,1295.3,251.93,38,198,17.979999999995925,104.54188098899999,209.08376197799998,-191.10376197800406,-86.56188098900407,71500.0,True
P422_L2_L5_REMOVED_CONTROL,RELIANCE_ONGC,RELIANCE,ONGC,2026-07-22,1784694134907.0,1784694285791.0,2.4971179064557387,0.334486472863988,short,long,convergence,1297.0,251.76,1296.3,251.66,38,198,6.80000000000291,104.55873571935999,209.11747143871997,-202.31747143871706,-97.75873571935708,150884.0,True
P422_L2_L5_REMOVED_CONTROL,RELIANCE_ONGC,RELIANCE,ONGC,2026-07-23,1784779627069.0,1784779764227.0,-1.9421253931124791,-0.1948162485703379,long,short,convergence,1280.7,253.18,1281.0,253.1,39,197,27.459999999999127,105.13588810475999,210.27177620951997,-182.81177620952084,-77.67588810476086,137158.0,True
P422_L2_L5_REMOVED_CONTROL,RELIANCE_ONGC,RELIANCE,ONGC,2026-07-23,1784779899227.0,1784780018728.0,1.760074879769906,0.16136530595069765,short,long,convergence,1281.9,253.0,1281.0,252.95,39,197,25.25,105.12852060149999,210.25704120299997,-185.00704120299997,-79.87852060149999,119501.0,True
P422_L2_L5_REMOVED_CONTROL,RELIANCE_ONGC,RELIANCE,ONGC,2026-07-23,1784780773707.0,1784780778477.0,2.2574842347197897,4.194754950425434,short,long,stop_zscore,1283.1,253.11,1283.3,252.75,38,197,-78.52000000001135,104.13534563372,208.27069126744,-286.79069126745134,-182.65534563373134,4770.0,True
P422_L2_L5_REMOVED_CONTROL,RELIANCE_ONGC,RELIANCE,ONGC,2026-07-23,1784780807477.0,1784780825477.0,2.2526173613080602,1.5662450913851824,short,long,max_hold,1283.6,252.9,1283.7,252.84,38,197,-15.62000000000262,104.13869378108,208.27738756216,-223.8973875621626,-119.75869378108261,18000.0,True
P422_SINGLE_LEG_PROXY_CONTROL,HDFCBANK_ICICIBANK,HDFCBANK,ICICIBANK,2026-07-17,1784260231200.0,1784260254131.0,1.9928961284397266,0.24627284448778594,short,long,convergence,813.15,1428.4,812.45,1427.8,61,35,10.849999999998545,104.9267323116,209.8534646232,-94.07673231160146,-41.61336615580146,22931.0,True
P422_SINGLE_LEG_PROXY_CONTROL,HDFCBANK_ICICIBANK,HDFCBANK,ICICIBANK,2026-07-17,1784260566700.0,1784260601818.0,2.3928216299900638,0.3235741952127445,short,long,convergence,813.5,1428.0,813.65,1429.1,61,35,14.674999999999272,104.97784503789998,209.95569007579996,-90.30284503790071,-37.81392251895072,35118.0,True
P422_SINGLE_LEG_PROXY_CONTROL,HDFCBANK_ICICIBANK,HDFCBANK,ICICIBANK,2026-07-17,1784260874950.0,1784260895875.0,1.771362846637984,0.08265978274241174,short,long,convergence,812.25,1428.8,812.25,1429.2,61,34,6.80000000000291,103.76367919900001,207.52735839800002,-96.9636791989971,-45.081839599497094,20925.0,True
P422_SINGLE_LEG_PROXY_CONTROL,HDFCBANK_ICICIBANK,HDFCBANK,ICICIBANK,2026-07-17,1784260996947.0,1784261086947.0,2.606620927723382,0.3344290927938216,short,long,convergence,813.5,1429.3,813.55,1429.4,61,34,0.17500000000654836,103.83676686509999,207.67353373019998,-103.66176686509344,-51.743383432543446,90000.0,True
P422_SINGLE_LEG_PROXY_CONTROL,HDFCBANK_ICICIBANK,HDFCBANK,ICICIBANK,2026-07-17,1784261185447.0,1784261263947.0,2.2816555660836606,-0.24902917880951633,short,long,convergence,813.8,1427.9,813.95,1428.5,61,35,5.924999999995634,104.9830250505,209.966050101,-99.05802505050437,-46.56651252525437,78500.0,True
P422_SINGLE_LEG_PROXY_CONTROL,HDFCBANK_ICICIBANK,HDFCBANK,ICICIBANK,2026-07-17,1784261326947.0,1784261375591.0,-2.1268484462388604,-0.31001882588016166,long,short,convergence,814.1,1429.7,814.45,1430.2,61,34,2.1750000000029104,103.8904743789,207.7809487578,-101.71547437889708,-49.77023718944709,48644.0,True
P422_SINGLE_LEG_PROXY_CONTROL,HDFCBANK_ICICIBANK,HDFCBANK,ICICIBANK,2026-07-17,1784261796104.0,1784261800949.0,1.963355461693752,3.6007859869904637,short,long,stop_zscore,816.1,1430.1,816.85,1429.5,61,34,-33.07499999999709,103.99646590809999,207.99293181619998,-137.07146590809708,-85.07323295404709,4845.0,True
P422_SINGLE_LEG_PROXY_CONTROL,HDFCBANK_ICICIBANK,HDFCBANK,ICICIBANK,2026-07-17,1784262204200.0,1784262305199.0,2.898642540259091,0.3064391996524452,short,long,convergence,816.15,1428.9,816.2,1428.6,61,34,-6.625000000007276,103.95178056009999,207.90356112019998,-110.57678056010727,-58.60089028005727,100999.0,True
P422_SINGLE_LEG_PROXY_CONTROL,HDFCBANK_ICICIBANK,HDFCBANK,ICICIBANK,2026-07-20,1784519652110.0,1784519715860.0,2.4788228170286746,0.2741920492118392,short,long,convergence,782.25,1454.7,781.95,1454.7,63,34,9.44999999999709,104.2503521652,208.5007043304,-94.80035216520291,-42.67517608260291,63750.0,True
P422_SINGLE_LEG_PROXY_CONTROL,HDFCBANK_ICICIBANK,HDFCBANK,ICICIBANK,2026-07-20,1784519767861.0,1784519814610.0,-2.1922900173524527,-0.31934242435909826,long,short,convergence,780.6,1454.9,781.15,1454.8,64,34,19.30000000000291,104.8261778108,209.6523556216,-85.5261778107971,-33.11308890539709,46749.0,True
P422_SINGLE_LEG_PROXY_CONTROL,HDFCBANK_ICICIBANK,HDFCBANK,ICICIBANK,2026-07-20,1784519946111.0,1784520059611.0,-2.0627320464529495,-0.1732182688111505,long,short,convergence,778.45,1453.0,778.45,1454.0,64,34,-17.0,104.6638103176,209.3276206352,-121.6638103176,-69.3319051588,113500.0,True
P422_SINGLE_LEG_PROXY_CONTROL,HDFCBANK_ICICIBANK,HDFCBANK,ICICIBANK,2026-07-20,1784520111387.0,1784520201608.0,2.2365173223215313,0.08782381179826286,short,long,convergence,779.0,1452.7,778.75,1451.6,64,34,-10.700000000004366,104.6484217332,209.2968434664,-115.34842173320436,-63.02421086660436,90221.0,True
P422_SINGLE_LEG_PROXY_CONTROL,HDFCBANK_ICICIBANK,HDFCBANK,ICICIBANK,2026-07-20,1784520330860.0,1784520399800.0,1.938397380840052,0.2769617372928751,short,long,convergence,780.5,1452.0,781.15,1453.3,64,34,1.2999999999992724,104.76331847479997,209.52663694959995,-103.4633184748007,-51.081659237400714,68940.0,True
P422_SINGLE_LEG_PROXY_CONTROL,HDFCBANK_ICICIBANK,HDFCBANK,ICICIBANK,2026-07-20,1784520474111.0,1784520474361.0,3.7322438696262195,3.628313530147292,short,long,stop_zscore,781.2,1451.2,781.4,1450.6,64,34,-16.600000000002183,105.7402026456,211.4804052912,-122.34020264560218,-69.47010132280218,250.0,True
P422_SINGLE_LEG_PROXY_CONTROL,HDFCBANK_ICICIBANK,HDFCBANK,ICICIBANK,2026-07-20,1784520662363.0,1784520814443.0,2.282617806786858,0.1835091706446124,short,long,convergence,780.45,1444.3,782.5,1444.7,64,34,-58.799999999995634,105.5737042488,211.1474084976,-164.37370424879563,-111.58685212439563,152080.0,True
P422_SINGLE_LEG_PROXY_CONTROL,HDFCBANK_ICICIBANK,HDFCBANK,ICICIBANK,2026-07-20,1784520928795.0,1784520942878.0,-2.550655537762079,-0.32421022820380935,long,short,convergence,781.5,1445.2,781.35,1443.5,63,34,24.17500000000291,103.9293170421,207.8586340842,-79.75431704209709,-27.789658521047087,14083.0,True
P422_SINGLE_LEG_PROXY_CONTROL,HDFCBANK_ICICIBANK,HDFCBANK,ICICIBANK,2026-07-20,1784520978362.0,1784521069151.0,1.787975661848921,0.2909869426307155,short,long,convergence,781.55,1441.5,782.05,1442.1,63,34,-5.55000000000291,103.87894067519997,207.75788135039994,-109.42894067520288,-57.489470337602896,90789.0,True
P422_SINGLE_LEG_PROXY_CONTROL,HDFCBANK_ICICIBANK,HDFCBANK,ICICIBANK,2026-07-20,1784521202864.0,1784521412614.0,-2.0654350801454293,-0.024479060431125264,long,short,convergence,782.75,1444.2,782.75,1447.3,63,34,-52.69999999999709,104.03816262499998,208.07632524999997,-156.73816262499707,-104.71908131249708,209750.0,True
P422_SINGLE_LEG_PROXY_CONTROL,HDFCBANK_ICICIBANK,HDFCBANK,ICICIBANK,2026-07-20,1784521483362.0,1784521504781.0,-1.878939677582558,0.15529691355913938,long,short,convergence,782.55,1447.7,782.75,1448.0,63,34,1.2000000000043656,104.08945968619997,208.17891937239995,-102.88945968619561,-50.84472984309562,21419.0,True
P422_SINGLE_LEG_PROXY_CONTROL,HDFCBANK_ICICIBANK,HDFCBANK,ICICIBANK,2026-07-20,1784521532815.0,1784521533363.0,-2.989198714387085,-3.5795952162220774,long,short,stop_zscore,782.8,1449.6,782.5,1450.0,63,34,-16.25,104.1438726218,208.2877452436,-120.3938726218,-68.3219363109,548.0,True
P422_SINGLE_LEG_PROXY_CONTROL,HDFCBANK_ICICIBANK,HDFCBANK,ICICIBANK,2026-07-21,1784605852343.0,1784605959302.0,-2.144863708291694,-0.2172522225761702,long,short,convergence,770.3,1469.9,770.2,1471.3,64,34,-26.999999999992724,105.71011547679998,211.42023095359997,-132.7101154767927,-79.85505773839272,106959.0,True
P422_SINGLE_LEG_PROXY_CONTROL,HDFCBANK_ICICIBANK,HDFCBANK,ICICIBANK,2026-07-21,1784606003594.0,1784606030593.0,1.9150114606499629,0.3151880192673758,short,long,convergence,770.2,1470.2,769.85,1470.3,64,34,12.899999999997817,104.68754152119999,209.37508304239998,-91.78754152120217,-39.44377076060218,26999.0,True
P422_SINGLE_LEG_PROXY_CONTROL,HDFCBANK_ICICIBANK,HDFCBANK,ICICIBANK,2026-07-21,1784606151763.0,1784606174343.0,2.186505569762985,0.31890778938025593,short,long,convergence,769.5,1469.0,769.3,1468.9,64,34,4.700000000004366,104.61934875079999,209.23869750159997,-99.91934875079562,-47.60967437539563,22580.0,True
P422_SINGLE_LEG_PROXY_CONTROL,HDFCBANK_ICICIBANK,HDFCBANK,ICICIBANK,2026-07-21,1784606197343.0,1784606280844.0,2.3584344419872965,0.32731360496117806,short,long,convergence,770.45,1469.8,771.25,1471.2,64,34,-1.7999999999956344,104.7378078968,209.4756157936,-106.53780789679564,-54.16890394839564,83501.0,True
P422_SINGLE_LEG_PROXY_CONTROL,HDFCBANK_ICICIBANK,HDFCBANK,ICICIBANK,2026-07-21,1784606394844.0,1784606403844.0,-1.8180339509600238,-0.2205833861135372,long,short,convergence,770.85,1470.6,770.95,1470.6,64,33,3.2000000000007276,103.54770112880001,207.09540225760003,-100.34770112879929,-48.57385056439928,9000.0,True
P422_SINGLE_LEG_PROXY_CONTROL,HDFCBANK_ICICIBANK,HDFCBANK,ICICIBANK,2026-07-21,1784606515843.0,1784606557843.0,2.6294751032229615,0.283437128875655,short,long,convergence,770.6,1467.5,770.65,1468.1,64,34,8.599999999998545,104.65117526239999,209.30235052479998,-96.05117526240144,-43.72558763120145,42000.0,True
P422_SINGLE_LEG_PROXY_CONTROL,HDFCBANK_ICICIBANK,HDFCBANK,ICICIBANK,2026-07-21,1784606745843.0,1784606966346.0,2.0435296760873474,0.7269812259691218,short,long,max_hold,769.5,1465.6,770.2,1462.1,64,34,-81.90000000000146,104.5044141356,209.0088282712,-186.40441413560146,-134.15220706780144,220503.0,True
P422_SINGLE_LEG_PROXY_CONTROL,HDFCBANK_ICICIBANK,HDFCBANK,ICICIBANK,2026-07-21,1784607046864.0,1784607144382.0,-1.7500765917266616,-0.009647462101403152,long,short,convergence,770.15,1462.8,769.4,1462.4,64,34,-17.200000000004366,104.46402712799998,208.92805425599997,-121.66402712800435,-69.43201356400436,97518.0,True
P422_SINGLE_LEG_PROXY_CONTROL,HDFCBANK_ICICIBANK,HDFCBANK,ICICIBANK,2026-07-21,1784607554343.0,1784607589343.0,2.7895311407340415,0.2163174669205078,short,long,convergence,769.15,1461.3,768.95,1461.8,65,34,15.0,105.02142233139999,210.04284466279998,-90.02142233139999,-37.510711165699995,35000.0,True
P422_SINGLE_LEG_PROXY_CONTROL,HDFCBANK_ICICIBANK,HDFCBANK,ICICIBANK,2026-07-21,1784607941093.0,1784607976093.0,1.9833442059804607,-0.2400925441494474,short,long,convergence,768.95,1460.4,768.9,1460.5,65,34,3.3249999999970896,104.98476931510001,209.96953863020002,-101.65976931510292,-49.167384657552915,35000.0,True
P422_SINGLE_LEG_PROXY_CONTROL,HDFCBANK_ICICIBANK,HDFCBANK,ICICIBANK,2026-07-22,1784692290407.0,1784692337658.0,3.1471660127100405,0.34548552411321054,short,long,convergence,757.15,1453.7,756.45,1453.3,66,34,16.299999999995634,104.76685125359998,209.53370250719996,-88.46685125360435,-36.083425626804356,47251.0,True
P422_SINGLE_LEG_PROXY_CONTROL,HDFCBANK_ICICIBANK,HDFCBANK,ICICIBANK,2026-07-22,1784692667115.0,1784692668115.0,3.5799241919065135,3.4101962472984177,short,long,stop_zscore,755.65,1450.8,755.8,1450.2,66,34,-15.14999999999418,104.62721891819999,209.25443783639997,-119.77721891819417,-67.46360945909417,1000.0,True
P422_SINGLE_LEG_PROXY_CONTROL,HDFCBANK_ICICIBANK,HDFCBANK,ICICIBANK,2026-07-22,1784692831671.0,1784692876366.0,-1.8130903544579104,-0.3458123401422417,long,short,convergence,754.7,1450.3,754.25,1449.6,66,34,-2.9500000000007276,104.54459634379998,209.08919268759996,-107.49459634380071,-55.22229817190072,44695.0,True
P422_SINGLE_LEG_PROXY_CONTROL,HDFCBANK_ICICIBANK,HDFCBANK,ICICIBANK,2026-07-22,1784693187781.0,1784693247366.0,2.780273429557524,0.34820810764406773,short,long,convergence,753.9,1444.9,753.85,1445.3,66,34,8.44999999999709,104.3780342898,208.7560685796,-95.92803428980291,-43.73901714490291,59585.0,True
P422_SINGLE_LEG_PROXY_CONTROL,HDFCBANK_ICICIBANK,HDFCBANK,ICICIBANK,2026-07-22,1784693318462.0,1784693340616.0,-2.40358291107962,-0.27349333637305223,long,short,convergence,754.2,1446.2,754.25,1446.2,66,34,1.6499999999978172,104.4274134158,208.8548268316,-102.77741341580219,-50.563706707902185,22154.0,True
P422_SINGLE_LEG_PROXY_CONTROL,HDFCBANK_ICICIBANK,HDFCBANK,ICICIBANK,2026-07-22,1784693419480.0,1784693455115.0,-2.6531050485815615,-0.08423702996410004,long,short,convergence,753.6,1445.7,753.7,1445.5,66,34,6.700000000004366,104.37983433559998,208.75966867119996,-97.67983433559561,-45.489917167795625,35635.0,True
P422_SINGLE_LEG_PROXY_CONTROL,HDFCBANK_ICICIBANK,HDFCBANK,ICICIBANK,2026-07-22,1784693706407.0,1784693845908.0,-2.099344968396205,0.21061315652249965,long,short,convergence,754.05,1448.0,753.3,1446.9,66,34,-6.05000000000291,104.4326838502,208.8653677004,-110.4826838502029,-58.26634192510291,139501.0,True
P422_SINGLE_LEG_PROXY_CONTROL,HDFCBANK_ICICIBANK,HDFCBANK,ICICIBANK,2026-07-22,1784694140658.0,1784694159584.0,-1.871227217307751,-3.448681354065471,long,short,stop_zscore,753.45,1447.6,753.25,1448.3,66,34,-18.500000000003638,104.42944033679998,208.85888067359997,-122.92944033680362,-70.71472016840363,18926.0,True
P422_SINGLE_LEG_PROXY_CONTROL,HDFCBANK_ICICIBANK,HDFCBANK,ICICIBANK,2026-07-22,1784694166907.0,1784694229432.0,-2.0767161280774156,-0.26070334515081156,long,short,convergence,753.4,1448.0,753.55,1448.8,66,34,-8.650000000001455,104.44828655939999,208.89657311879998,-113.09828655940144,-60.87414327970145,62525.0,True
P422_SINGLE_LEG_PROXY_CONTROL,HDFCBANK_ICICIBANK,HDFCBANK,ICICIBANK,2026-07-22,1784694386407.0,1784694388407.0,2.492341461720803,3.33516333742449,short,long,stop_zscore,754.4,1448.2,754.8,1448.0,66,34,-16.599999999998545,104.50058566800001,209.00117133600003,-121.10058566799856,-68.85029283399855,2000.0,True
P422_SINGLE_LEG_PROXY_CONTROL,HDFCBANK_ICICIBANK,HDFCBANK,ICICIBANK,2026-07-23,1784778673476.0,1784778759476.0,-1.8520901900303703,-0.2878379920193532,long,short,convergence,748.5,1443.5,748.8,1444.4,66,34,-5.400000000005093,104.0663706224,208.1327412448,-109.4663706224051,-57.433185311205094,86000.0,True
P422_SINGLE_LEG_PROXY_CONTROL,HDFCBANK_ICICIBANK,HDFCBANK,ICICIBANK,2026-07-23,1784778811225.0,1784779012475.0,2.6916145407912477,0.19210002392498043,short,long,convergence,749.15,1443.5,748.2,1441.3,66,34,-6.05000000000291,104.02489606980001,208.04979213960002,-110.07489606980292,-58.062448034902914,201250.0,True
P422_SINGLE_LEG_PROXY_CONTROL,HDFCBANK_ICICIBANK,HDFCBANK,ICICIBANK,2026-07-23,1784779090726.0,1784779119476.0,-1.7856460087106576,-0.11318929998179691,long,short,convergence,747.0,1440.6,747.25,1440.3,66,34,13.349999999998545,103.88727396659999,207.77454793319998,-90.53727396660145,-38.59363698330145,28750.0,True
P422_SINGLE_LEG_PROXY_CONTROL,HDFCBANK_ICICIBANK,HDFCBANK,ICICIBANK,2026-07-23,1784779313615.0,1784779334976.0,-2.916237526889164,-0.041721477507963844,long,short,convergence,745.95,1441.1,745.95,1439.9,67,34,20.39999999999418,104.43172778779999,208.86345557559997,-84.0317277878058,-31.815863893905814,21361.0,True
P422_SINGLE_LEG_PROXY_CONTROL,HDFCBANK_ICICIBANK,HDFCBANK,ICICIBANK,2026-07-23,1784779485975.0,1784779501475.0,2.5278785048723464,0.09002076881312941,short,long,convergence,746.3,1439.8,745.95,1439.2,66,34,1.3499999999985448,103.807734547,207.615469094,-102.45773454700145,-50.55386727350145,15500.0,True
P422_SINGLE_LEG_PROXY_CONTROL,HDFCBANK_ICICIBANK,HDFCBANK,ICICIBANK,2026-07-23,1784779517975.0,1784779518975.0,-3.664174690532308,-3.5534904946364305,long,short,stop_zscore,745.25,1439.7,745.2,1439.9,67,34,-5.075000000000728,104.3736647693,208.7473295386,-109.44866476930073,-57.26183238465073,1000.0,True
P422_SINGLE_LEG_PROXY_CONTROL,HDFCBANK_ICICIBANK,HDFCBANK,ICICIBANK,2026-07-23,1784779555781.0,1784779584427.0,-2.0632363842438846,-0.27924143511972627,long,short,convergence,745.25,1439.7,745.2,1439.2,67,34,6.825000000000728,104.36363530649999,208.72727061299997,-97.53863530649926,-45.356817653249266,28646.0,True
P422_SINGLE_LEG_PROXY_CONTROL,HDFCBANK_ICICIBANK,HDFCBANK,ICICIBANK,2026-07-23,1784779650475.0,1784779661726.0,-1.8759882468594795,-0.30656114905041315,long,short,convergence,744.95,1439.4,745.0,1439.4,67,34,1.6749999999992724,104.3487934251,208.6975868502,-102.67379342510073,-50.49939671255073,11251.0,True
P422_SINGLE_LEG_PROXY_CONTROL,HDFCBANK_ICICIBANK,HDFCBANK,ICICIBANK,2026-07-23,1784779759476.0,1784779784313.0,2.5440564207670526,0.25704389724013044,short,long,convergence,745.8,1439.7,745.95,1440.4,67,34,6.875,104.4156131339,208.8312262678,-97.5406131339,-45.33280656695,24837.0,True
P422_SINGLE_LEG_PROXY_CONTROL,HDFCBANK_ICICIBANK,HDFCBANK,ICICIBANK,2026-07-23,1784779806976.0,1784779812594.0,1.8349898532642979,-0.12602644514237407,short,long,convergence,746.1,1440.4,746.05,1440.5,67,34,3.375,104.4376640579,208.8753281158,-101.0626640579,-48.84383202895,5618.0,True
P422_SINGLE_LEG_PROXY_CONTROL,HDFCBANK_ICICIBANK,HDFCBANK,ICICIBANK,2026-07-23,1784779855227.0,1784779861477.0,-3.199224022114152,-3.638579913962314,long,short,stop_zscore,745.3,1440.6,745.1,1441.3,67,34,-18.599999999998545,104.40449000839999,208.80898001679998,-123.00449000839853,-70.80224500419854,6250.0,True
P422_SINGLE_LEG_PROXY_CONTROL,HDFCBANK_ICICIBANK,HDFCBANK,ICICIBANK,2026-07-23,1784779883416.0,1784780010923.0,-2.717178164962552,-0.17916199236640368,long,short,convergence,745.2,1441.5,745.7,1443.2,67,34,-12.150000000001455,104.45660096060001,208.91320192120003,-116.60660096060147,-64.37830048030146,127507.0,True
P422_SINGLE_LEG_PROXY_CONTROL,HDFCBANK_AXISBANK,HDFCBANK,AXISBANK,2026-07-17,1784260170912.0,1784260270450.0,1.910840019059529,0.1309712994490424,short,long,convergence,812.65,1311.8,812.35,1311.0,61,38,-6.049999999999272,104.7901992084,209.5803984168,-110.84019920839927,-58.44509960419927,99538.0,True
P422_SINGLE_LEG_PROXY_CONTROL,HDFCBANK_AXISBANK,HDFCBANK,AXISBANK,2026-07-17,1784260324450.0,1784260364969.0,2.6188980181449035,-0.20710390529013079,short,long,convergence,813.15,1309.5,812.65,1310.8,61,38,39.95000000000073,104.7700432512,209.5400865024,-64.82004325119927,-12.43502162559927,40519.0,True
P422_SINGLE_LEG_PROXY_CONTROL,HDFCBANK_AXISBANK,HDFCBANK,AXISBANK,2026-07-17,1784260636701.0,1784260798719.0,-2.652311528013408,-0.30261520444864404,long,short,convergence,812.5,1311.9,813.15,1312.7,61,38,4.625000000003638,104.8337911267,209.6675822534,-100.20879112669637,-47.791895563346365,162018.0,True
P422_SINGLE_LEG_PROXY_CONTROL,HDFCBANK_AXISBANK,HDFCBANK,AXISBANK,2026-07-17,1784260877700.0,1784260980797.0,-2.399279110865499,-0.3449280705317552,long,short,convergence,812.3,1315.5,813.0,1317.3,61,38,-12.849999999998545,105.95227471819999,211.90454943639998,-118.80227471819853,-65.82613735909854,103097.0,True
P422_SINGLE_LEG_PROXY_CONTROL,HDFCBANK_AXISBANK,HDFCBANK,AXISBANK,2026-07-17,1784261072447.0,1784261219947.0,-1.8331058292592395,-0.15154705429735377,long,short,convergence,814.1,1319.2,814.0,1320.1,61,37,-19.69999999999709,104.04964928919999,208.09929857839998,-123.74964928919708,-71.72482464459708,147500.0,True
P422_SINGLE_LEG_PROXY_CONTROL,HDFCBANK_AXISBANK,HDFCBANK,AXISBANK,2026-07-17,1784261269697.0,1784261270947.0,-3.413863038087025,-3.4918308500171333,long,short,stop_zscore,813.9,1322.6,813.8,1323.0,61,37,-10.450000000004366,104.1341887214,208.2683774428,-114.58418872140436,-62.51709436070436,1250.0,True
P422_SINGLE_LEG_PROXY_CONTROL,HDFCBANK_AXISBANK,HDFCBANK,AXISBANK,2026-07-17,1784261478200.0,1784261565200.0,2.018949191759566,0.3114783416376964,short,long,convergence,814.3,1321.7,814.5,1321.4,61,37,-11.650000000001455,104.12390200899999,208.24780401799998,-115.77390200900145,-63.71195100450145,87000.0,True
P422_SINGLE_LEG_PROXY_CONTROL,HDFCBANK_AXISBANK,HDFCBANK,AXISBANK,2026-07-17,1784261798699.0,1784261800949.0,3.2441865121476696,3.4343860364499763,short,long,stop_zscore,816.35,1320.0,816.85,1319.9,61,37,-17.099999999998545,104.18502640899999,208.37005281799998,-121.28502640899853,-69.19251320449854,2250.0,True
P422_SINGLE_LEG_PROXY_CONTROL,HDFCBANK_AXISBANK,HDFCBANK,AXISBANK,2026-07-17,1784261826200.0,1784261897699.0,1.927204309156736,0.24903397659226584,short,long,convergence,816.4,1319.1,816.3,1319.8,61,37,16.000000000003638,104.15660100399998,208.31320200799996,-88.15660100399634,-36.07830050199635,71499.0,True
P422_SINGLE_LEG_PROXY_CONTROL,HDFCBANK_AXISBANK,HDFCBANK,AXISBANK,2026-07-17,1784261992057.0,1784262054205.0,-1.9412883637242788,-0.19714480670469833,long,short,convergence,816.2,1320.1,815.95,1319.6,61,37,1.625,104.1554269503,208.3108539006,-102.5304269503,-50.45271347515,62148.0,True
P422_SINGLE_LEG_PROXY_CONTROL,HDFCBANK_AXISBANK,HDFCBANK,AXISBANK,2026-07-17,1784262252199.0,1784262279200.0,2.077044863813478,0.026740878182717875,short,long,convergence,816.5,1317.7,816.55,1318.7,61,37,16.975000000002183,104.1276559671,208.2553119342,-87.15265596709781,-35.088827983547816,27001.0,True
P422_SINGLE_LEG_PROXY_CONTROL,HDFCBANK_AXISBANK,HDFCBANK,AXISBANK,2026-07-20,1784519522610.0,1784519594861.0,1.8976484614334044,0.10385321125276066,short,long,convergence,781.0,1266.3,781.2,1265.8,64,39,-16.150000000001455,104.7666461762,209.5332923524,-120.91664617620145,-68.53332308810145,72251.0,True
P422_SINGLE_LEG_PROXY_CONTROL,HDFCBANK_AXISBANK,HDFCBANK,AXISBANK,2026-07-20,1784520111385.0,1784520169257.0,2.4821328637082734,0.1768792275230568,short,long,convergence,779.0,1260.7,778.9,1261.1,64,39,10.999999999996362,104.4907354548,208.9814709096,-93.49073545480364,-41.24536772740364,57872.0,True
P422_SINGLE_LEG_PROXY_CONTROL,HDFCBANK_AXISBANK,HDFCBANK,AXISBANK,2026-07-20,1784520299374.0,1784520442860.0,2.116069442750443,0.23975162227310295,short,long,convergence,779.95,1260.0,781.25,1258.3,64,39,-74.75,104.523666483,209.047332966,-179.273666483,-127.0118332415,143486.0,True
P422_SINGLE_LEG_PROXY_CONTROL,HDFCBANK_AXISBANK,HDFCBANK,AXISBANK,2026-07-20,1784520730612.0,1784520746112.0,-2.06843337484717,-3.2683657910910373,long,short,stop_zscore,780.75,1258.0,780.55,1259.8,64,39,-41.5,104.51734506439999,209.03469012879998,-146.0173450644,-93.7586725322,15500.0,True
P422_SINGLE_LEG_PROXY_CONTROL,HDFCBANK_AXISBANK,HDFCBANK,AXISBANK,2026-07-20,1784520757416.0,1784520771671.0,-2.1204829429894563,-0.11924442459442021,long,short,convergence,781.4,1260.4,782.05,1259.7,63,39,34.125,103.97205693749999,207.94411387499997,-69.84705693749999,-17.861028468749993,14255.0,True
P422_SINGLE_LEG_PROXY_CONTROL,HDFCBANK_AXISBANK,HDFCBANK,AXISBANK,2026-07-20,1784520824113.0,1784520885484.0,1.9777783043789936,0.1597418925760418,short,long,convergence,782.75,1258.7,782.4,1258.3,63,39,3.224999999998545,103.9673755347,207.9347510694,-100.74237553470145,-48.758687767351454,61371.0,True
P422_SINGLE_LEG_PROXY_CONTROL,HDFCBANK_AXISBANK,HDFCBANK,AXISBANK,2026-07-20,1784521051363.0,1784521055337.0,2.1278158231582514,3.329713383339319,short,long,stop_zscore,782.3,1257.2,782.35,1256.5,63,39,-15.22500000000582,103.90282279350001,207.80564558700001,-119.12782279350583,-67.17641139675582,3974.0,True
P422_SINGLE_LEG_PROXY_CONTROL,HDFCBANK_AXISBANK,HDFCBANK,AXISBANK,2026-07-20,1784521118863.0,1784521328613.0,2.6703196876742066,0.9472048290158072,short,long,max_hold,782.2,1256.1,782.15,1250.5,63,39,-107.62499999999272,103.78537989869999,207.57075979739997,-211.41037989869272,-159.51768994934272,209750.0,True
P422_SINGLE_LEG_PROXY_CONTROL,HDFCBANK_AXISBANK,HDFCBANK,AXISBANK,2026-07-20,1784521399614.0,1784521428613.0,1.977930126690559,0.09726407066420227,short,long,convergence,783.0,1249.4,782.25,1249.4,63,40,23.625,104.6963842265,209.392768453,-81.0713842265,-28.72319211325,28999.0,True
P422_SINGLE_LEG_PROXY_CONTROL,HDFCBANK_AXISBANK,HDFCBANK,AXISBANK,2026-07-20,1784521570613.0,1784521654865.0,-1.7702149240325733,-1.7325633830062352,long,short,max_hold,782.65,1254.2,782.5,1255.1,63,39,-22.27499999999418,103.84609681289999,207.69219362579997,-126.12109681289417,-74.19804840644417,84252.0,True
P422_SINGLE_LEG_PROXY_CONTROL,HDFCBANK_AXISBANK,HDFCBANK,AXISBANK,2026-07-21,1784605995843.0,1784605996594.0,4.0452793287965765,3.907415011732374,short,long,stop_zscore,770.25,1252.0,770.4,1251.8,64,39,-8.700000000000728,103.7573572188,207.5147144376,-112.45735721880072,-60.578678609400725,751.0,True
P422_SINGLE_LEG_PROXY_CONTROL,HDFCBANK_AXISBANK,HDFCBANK,AXISBANK,2026-07-21,1784606019594.0,1784606049594.0,1.865958507887675,0.17663963301399194,short,long,convergence,770.25,1251.9,768.85,1250.6,64,39,19.44999999999345,103.69559245939999,207.39118491879998,-84.24559245940654,-32.39779622970654,30000.0,True
P422_SINGLE_LEG_PROXY_CONTROL,HDFCBANK_AXISBANK,HDFCBANK,AXISBANK,2026-07-21,1784606120343.0,1784606293093.0,1.9193271977746746,0.2578705679349439,short,long,convergence,769.0,1248.5,771.25,1248.5,65,40,-73.125,106.28186972749998,212.56373945499996,-179.40686972749998,-126.26593486374999,172750.0,True
P422_SINGLE_LEG_PROXY_CONTROL,HDFCBANK_AXISBANK,HDFCBANK,AXISBANK,2026-07-21,1784606360844.0,1784606363843.0,3.1775742888462246,3.5453637166597227,short,long,stop_zscore,771.3,1247.9,771.35,1247.5,64,40,-9.600000000002183,104.69041111359999,209.38082222719999,-114.29041111360218,-61.94520555680218,2999.0,True
P422_SINGLE_LEG_PROXY_CONTROL,HDFCBANK_AXISBANK,HDFCBANK,AXISBANK,2026-07-21,1784606387218.0,1784606403844.0,2.353189812580707,0.1399197437688429,short,long,convergence,771.05,1247.5,771.0,1247.6,64,40,3.599999999998545,104.6695322512,209.3390645024,-101.06953225120145,-48.73476612560145,16626.0,True
P422_SINGLE_LEG_PROXY_CONTROL,HDFCBANK_AXISBANK,HDFCBANK,AXISBANK,2026-07-21,1784606478593.0,1784606495094.0,-1.9216848257855277,0.0756543944626536,long,short,convergence,770.05,1247.3,770.5,1247.3,64,40,14.400000000001455,104.62206515519999,209.24413031039998,-90.22206515519854,-37.91103257759854,16501.0,True
P422_SINGLE_LEG_PROXY_CONTROL,HDFCBANK_AXISBANK,HDFCBANK,AXISBANK,2026-07-21,1784606746093.0,1784606761094.0,1.8612603734598263,0.11145756001985621,short,long,convergence,769.5,1244.8,769.4,1245.1,64,40,9.200000000000728,104.5029003536,209.0058007072,-95.30290035359927,-43.05145017679927,15001.0,True
P422_SINGLE_LEG_PROXY_CONTROL,HDFCBANK_AXISBANK,HDFCBANK,AXISBANK,2026-07-21,1784606771843.0,1784606783437.0,-1.9086761798032783,-0.11680968245066052,long,short,convergence,769.45,1246.1,769.35,1245.5,64,40,8.799999999999272,104.52794696319998,209.05589392639996,-95.72794696320071,-43.46397348160072,11594.0,True
P422_SINGLE_LEG_PROXY_CONTROL,HDFCBANK_AXISBANK,HDFCBANK,AXISBANK,2026-07-21,1784606864343.0,1784607018808.0,-2.3660190532351395,-3.3656625909258477,long,short,stop_zscore,770.5,1248.6,770.15,1251.0,64,40,-59.20000000000073,104.70815535359998,209.41631070719995,-163.9081553536007,-111.55407767680072,154465.0,True
P422_SINGLE_LEG_PROXY_CONTROL,HDFCBANK_AXISBANK,HDFCBANK,AXISBANK,2026-07-21,1784607019343.0,1784607074862.0,-2.8660573640642526,-3.3486242254631,long,short,stop_zscore,770.2,1250.4,769.8,1251.8,64,39,-40.099999999998545,103.7160329948,207.4320659896,-143.81603299479855,-91.95801649739855,55519.0,True
P422_SINGLE_LEG_PROXY_CONTROL,HDFCBANK_AXISBANK,HDFCBANK,AXISBANK,2026-07-21,1784607074862.0,1784607233345.0,-3.2591986960626285,-0.34843903419397454,long,short,convergence,769.85,1251.7,769.0,1253.8,64,39,-68.14999999999782,103.73926746539999,207.47853493079998,-171.8892674653978,-120.01963373269781,158483.0,True
P422_SINGLE_LEG_PROXY_CONTROL,HDFCBANK_AXISBANK,HDFCBANK,AXISBANK,2026-07-21,1784607343344.0,1784607359344.0,-1.7802629926651306,-4.66509353952306,long,short,stop_zscore,768.45,1254.3,768.05,1256.5,65,39,-55.900000000001455,104.38622344219999,208.77244688439998,-160.28622344220145,-108.09311172110145,16000.0,True
P422_SINGLE_LEG_PROXY_CONTROL,HDFCBANK_AXISBANK,HDFCBANK,AXISBANK,2026-07-22,1784692348408.0,1784692447158.0,-2.017480571956835,-0.3389206062770525,long,short,convergence,756.4,1244.5,755.45,1243.8,66,40,-17.349999999998545,105.00296662459999,210.00593324919998,-122.35296662459854,-69.85148331229854,98750.0,True
P422_SINGLE_LEG_PROXY_CONTROL,HDFCBANK_AXISBANK,HDFCBANK,AXISBANK,2026-07-22,1784692680365.0,1784692717808.0,2.5913919869656943,0.24719408240962096,short,long,convergence,755.7,1241.8,755.1,1241.6,66,40,15.80000000000291,104.89415261279999,209.78830522559997,-89.09415261279707,-36.64707630639708,37443.0,True
P422_SINGLE_LEG_PROXY_CONTROL,HDFCBANK_AXISBANK,HDFCBANK,AXISBANK,2026-07-22,1784693006366.0,1784693036865.0,-2.338549772223446,-0.21019728252683936,long,short,convergence,754.3,1240.7,754.55,1240.6,66,40,10.25,104.8078765566,209.6157531132,-94.5578765566,-42.1539382783,30499.0,True
P422_SINGLE_LEG_PROXY_CONTROL,HDFCBANK_AXISBANK,HDFCBANK,AXISBANK,2026-07-22,1784693145023.0,1784693148117.0,-2.0408370132867275,-4.733447681680214,long,short,stop_zscore,753.9,1240.2,753.75,1241.5,66,40,-30.950000000000728,104.7834276974,209.5668553948,-135.7334276974007,-83.34171384870072,3094.0,True
P422_SINGLE_LEG_PROXY_CONTROL,HDFCBANK_AXISBANK,HDFCBANK,AXISBANK,2026-07-22,1784693384116.0,1784693473616.0,-2.8648604159396354,-0.30246188996696216,long,short,convergence,753.55,1240.9,753.5,1240.9,66,40,-1.6499999999978172,104.7680806438,209.5361612876,-106.41808064379782,-54.03404032189782,89500.0,True
P422_SINGLE_LEG_PROXY_CONTROL,HDFCBANK_AXISBANK,HDFCBANK,AXISBANK,2026-07-22,1784693533115.0,1784693796908.0,1.7577662090893948,-0.0008694441184883485,short,long,convergence,753.7,1239.9,753.85,1240.5,66,40,7.05000000000291,104.75847230579998,209.51694461159997,-97.70847230579707,-45.32923615289708,263793.0,True
P422_SINGLE_LEG_PROXY_CONTROL,HDFCBANK_AXISBANK,HDFCBANK,AXISBANK,2026-07-22,1784693886158.0,1784693908094.0,2.424853858750138,-0.012742202442730279,short,long,convergence,753.3,1239.7,753.5,1240.2,66,40,3.399999999997817,104.73033658879999,209.46067317759997,-101.33033658880217,-48.965168294402176,21936.0,True
P422_SINGLE_LEG_PROXY_CONTROL,HDFCBANK_AXISBANK,HDFCBANK,AXISBANK,2026-07-22,1784693943908.0,1784693971408.0,2.5661109598122156,0.26088813559001284,short,long,convergence,753.6,1239.4,753.6,1239.9,66,40,10.0,104.73111396319999,209.46222792639998,-94.73111396319999,-42.365556981599994,27500.0,True
P422_SINGLE_LEG_PROXY_CONTROL,HDFCBANK_AXISBANK,HDFCBANK,AXISBANK,2026-07-22,1784694033522.0,1784694173637.0,-2.1015598954722736,-4.465378559418977,long,short,stop_zscore,753.7,1241.8,753.3,1243.3,66,40,-43.200000000004366,104.821631596,209.643263192,-148.02163159600437,-95.61081579800437,140115.0,True
P422_SINGLE_LEG_PROXY_CONTROL,HDFCBANK_AXISBANK,HDFCBANK,AXISBANK,2026-07-22,1784694201513.0,1784694222157.0,-1.803043770387358,-0.30417075849508296,long,short,convergence,753.5,1243.2,753.75,1243.1,66,40,10.25,104.84624128299998,209.69248256599997,-94.59624128299998,-42.17312064149999,20644.0,True
P422_SINGLE_LEG_PROXY_CONTROL,HDFCBANK_AXISBANK,HDFCBANK,AXISBANK,2026-07-23,1784778529199.0,1784778717976.0,-2.4555313388896822,-0.2843080897348258,long,short,convergence,747.5,1230.6,748.75,1235.9,66,40,-64.75,104.23156697499999,208.46313394999999,-168.981566975,-116.8657834875,188777.0,True
P422_SINGLE_LEG_PROXY_CONTROL,HDFCBANK_AXISBANK,HDFCBANK,AXISBANK,2026-07-23,1784778756226.0,1784778808951.0,-1.987953089316158,-0.27136109006571996,long,short,convergence,748.95,1237.3,749.2,1237.2,66,40,10.25,104.41033020739998,208.82066041479996,-94.16033020739998,-41.95516510369999,52725.0,True
P422_SINGLE_LEG_PROXY_CONTROL,HDFCBANK_AXISBANK,HDFCBANK,AXISBANK,2026-07-23,1784778884225.0,1784779214768.0,-3.303131761544644,-0.31351628527917635,long,short,convergence,748.85,1237.9,746.85,1235.7,66,40,-22.0,104.3309512412,208.6619024824,-126.3309512412,-74.1654756206,330543.0,True
P422_SINGLE_LEG_PROXY_CONTROL,HDFCBANK_AXISBANK,HDFCBANK,AXISBANK,2026-07-23,1784779320726.0,1784779322976.0,-2.0549314178281866,-3.565945846736384,long,short,stop_zscore,745.95,1235.0,745.5,1235.1,67,40,-17.075000000000728,104.7660439969,209.5320879938,-121.84104399690072,-69.45802199845073,2250.0,True
P422_SINGLE_LEG_PROXY_CONTROL,HDFCBANK_AXISBANK,HDFCBANK,AXISBANK,2026-07-23,1784779346976.0,1784779390725.0,-2.6820300444356455,0.06127778468512927,long,short,convergence,745.85,1235.6,745.85,1234.8,67,40,16.0,104.7767359194,209.5534718388,-88.7767359194,-36.3883679597,43749.0,True
P422_SINGLE_LEG_PROXY_CONTROL,HDFCBANK_AXISBANK,HDFCBANK,AXISBANK,2026-07-23,1784779485725.0,1784779487976.0,3.319626166665775,3.4071307390706522,short,long,stop_zscore,746.3,1233.3,746.45,1233.2,66,40,-6.950000000004366,104.13595318899999,208.27190637799998,-111.08595318900436,-59.01797659450436,2251.0,True
P422_SINGLE_LEG_PROXY_CONTROL,HDFCBANK_AXISBANK,HDFCBANK,AXISBANK,2026-07-23,1784779830726.0,1784779912146.0,-1.8839548472429726,-0.34787145913060474,long,short,convergence,745.95,1230.7,745.2,1230.3,67,40,-17.125,104.6099449523,209.2198899046,-121.7349449523,-69.42997247615,81420.0,True
P422_SINGLE_LEG_PROXY_CONTROL,HDFCBANK_AXISBANK,HDFCBANK,AXISBANK,2026-07-23,1784780387477.0,1784780560475.0,-2.338914310013738,-0.3227430370706301,long,short,convergence,746.3,1232.1,746.1,1233.9,66,40,-42.599999999998545,104.1195065904,208.2390131808,-146.71950659039854,-94.65975329519854,172998.0,True
P422_SINGLE_LEG_PROXY_CONTROL,HDFCBANK_AXISBANK,HDFCBANK,AXISBANK,2026-07-23,1784780822226.0,1784780825477.0,2.140433463457213,2.0666549047077836,short,long,max_hold,746.8,1234.8,747.05,1234.7,66,40,-10.25,104.21432598459998,208.42865196919996,-114.46432598459998,-62.35716299229999,3251.0,True
P422_SINGLE_LEG_PROXY_CONTROL,INFY_TCS,INFY,TCS,2026-07-17,1784260583700.0,1784260591700.0,-1.7919583802943488,-0.1925388882373949,long,short,convergence,1106.9,2241.7,1106.5,2240.7,45,22,1.999999999996362,104.55603041479998,209.11206082959995,-102.55603041480362,-50.27801520740363,8000.0,True
P422_SINGLE_LEG_PROXY_CONTROL,INFY_TCS,INFY,TCS,2026-07-17,1784260701700.0,1784260751700.0,2.340912707254436,0.3320777820556916,short,long,convergence,1104.5,2232.9,1106.0,2236.1,45,22,1.4499999999970896,104.38320244299999,208.76640488599998,-102.9332024430029,-50.741601221502904,50000.0,True
P422_SINGLE_LEG_PROXY_CONTROL,INFY_TCS,INFY,TCS,2026-07-17,1784261369947.0,1784261378697.0,-2.545241831618759,-4.386456258702097,long,short,stop_zscore,1107.0,2238.2,1104.9,2237.7,45,22,-41.74999999999636,104.47179445179998,208.94358890359996,-146.22179445179634,-93.98589722589635,8750.0,True
P422_SINGLE_LEG_PROXY_CONTROL,INFY_TCS,INFY,TCS,2026-07-17,1784261649950.0,1784261658200.0,-2.795894884145326,-4.389549744827695,long,short,stop_zscore,1104.3,2236.8,1104.6,2239.6,45,22,-24.049999999999272,104.4208691078,208.8417382156,-128.47086910779927,-76.26043455389927,8250.0,True
P422_SINGLE_LEG_PROXY_CONTROL,INFY_TCS,INFY,TCS,2026-07-17,1784262235199.0,1784262243200.0,-2.0382340991094225,-0.16584052521366432,long,short,convergence,1100.0,2233.4,1100.0,2233.3,45,22,1.0999999999985448,104.1706219644,208.3412439288,-103.07062196440145,-50.985310982201455,8001.0,True
P422_SINGLE_LEG_PROXY_CONTROL,INFY_TCS,INFY,TCS,2026-07-20,1784519473861.0,1784519480861.0,2.8179497889583014,3.3869429958238912,short,long,stop_zscore,1100.5,2272.3,1101.7,2271.8,45,22,-32.5,104.90389229520001,209.80778459040002,-137.40389229520002,-84.95194614760001,7000.0,True
P422_SINGLE_LEG_PROXY_CONTROL,INFY_TCS,INFY,TCS,2026-07-20,1784519783861.0,1784519795421.0,-3.377977764327814,-3.785621845991528,long,short,stop_zscore,1094.9,2259.0,1093.4,2258.0,45,22,-22.75,104.407093585,208.81418717,-127.157093585,-74.95354679249999,11560.0,True
P422_SINGLE_LEG_PROXY_CONTROL,INFY_TCS,INFY,TCS,2026-07-20,1784519809902.0,1784519824501.0,-1.8076167038838449,-0.3491728242511228,long,short,convergence,1093.8,2256.7,1094.2,2256.6,45,22,10.099999999998545,104.3675401556,208.7350803112,-94.26754015560145,-42.083770077801454,14599.0,True
P422_SINGLE_LEG_PROXY_CONTROL,INFY_TCS,INFY,TCS,2026-07-20,1784520044862.0,1784520101860.0,-1.937686343909856,-0.2705254062325248,long,short,convergence,1098.3,2263.9,1097.3,2262.4,45,22,-6.0,104.6232461236,209.2464922472,-110.6232461236,-58.3116230618,56998.0,True
P422_SINGLE_LEG_PROXY_CONTROL,INFY_TCS,INFY,TCS,2026-07-20,1784520157860.0,1784520256298.0,-2.453503935983834,-0.2897239453743919,long,short,convergence,1094.8,2259.5,1094.1,2258.4,45,22,-3.650000000005093,104.42554038579999,208.85108077159998,-108.07554038580508,-55.86277019290509,98438.0,True
P422_SINGLE_LEG_PROXY_CONTROL,INFY_TCS,INFY,TCS,2026-07-20,1784520489111.0,1784520501361.0,2.82448637553205,0.13131366211397588,short,long,convergence,1096.6,2259.6,1096.2,2261.1,45,22,25.499999999996362,104.52102474839998,209.04204949679996,-79.02102474840362,-26.76051237420363,12250.0,True
P422_SINGLE_LEG_PROXY_CONTROL,INFY_TCS,INFY,TCS,2026-07-20,1784520538112.0,1784520625113.0,2.6054931233125598,0.2744076016007941,short,long,convergence,1094.4,2253.2,1094.6,2252.2,45,22,-15.499999999992724,104.3159630628,208.6319261256,-119.81596306279272,-67.65798153139272,87001.0,True
P422_SINGLE_LEG_PROXY_CONTROL,INFY_TCS,INFY,TCS,2026-07-21,1784606253343.0,1784606290207.0,-2.321089671626135,-0.30901835174543163,long,short,convergence,1092.3,2254.5,1092.0,2253.0,45,22,9.75,104.24802665099999,208.49605330199998,-94.49802665099999,-42.374013325499995,36864.0,True
P422_SINGLE_LEG_PROXY_CONTROL,INFY_TCS,INFY,TCS,2026-07-21,1784606710356.0,1784606752093.0,-2.3904823447727983,-0.16114709885783698,long,short,convergence,1090.4,2253.3,1090.0,2252.1,45,22,4.200000000000728,104.1580929408,208.3161858816,-99.95809294079928,-47.879046470399274,41737.0,True
P422_SINGLE_LEG_PROXY_CONTROL,INFY_TCS,INFY,TCS,2026-07-21,1784607220343.0,1784607221343.0,-3.54543371700395,-4.766267099421527,long,short,stop_zscore,1084.8,2243.0,1084.1,2243.4,46,22,-20.5,104.6600951012,209.3201902024,-125.1600951012,-72.8300475506,1000.0,True
P422_SINGLE_LEG_PROXY_CONTROL,INFY_TCS,INFY,TCS,2026-07-21,1784607486343.0,1784607574094.0,-2.47433336745412,-0.027857578436701738,long,short,convergence,1078.9,2239.5,1077.5,2236.5,46,22,0.7999999999992724,104.33278695839999,208.66557391679999,-103.53278695840072,-51.366393479200724,87751.0,True
P422_SINGLE_LEG_PROXY_CONTROL,INFY_TCS,INFY,TCS,2026-07-21,1784607770593.0,1784607873343.0,2.0132752175019006,0.34656023553094994,short,long,convergence,1080.5,2239.9,1081.9,2241.7,46,22,-12.400000000005093,104.49542023359999,208.99084046719997,-116.89542023360508,-64.64771011680509,102750.0,True
P422_SINGLE_LEG_PROXY_CONTROL,INFY_TCS,INFY,TCS,2026-07-22,1784692302342.0,1784692390158.0,1.834935828204554,3.479464842522848,short,long,stop_zscore,1064.7,2210.7,1065.4,2208.6,46,22,-39.19999999999709,103.33536613519999,206.67073227039998,-142.53536613519708,-90.86768306759708,87816.0,True
P422_SINGLE_LEG_PROXY_CONTROL,INFY_TCS,INFY,TCS,2026-07-22,1784692392158.0,1784692782615.0,3.1627975318362704,0.3020796536787109,short,long,convergence,1065.0,2209.0,1066.8,2212.2,46,22,-6.200000000000728,103.38314485519999,206.76628971039997,-109.58314485520071,-57.89157242760072,390457.0,True
P422_SINGLE_LEG_PROXY_CONTROL,INFY_TCS,INFY,TCS,2026-07-22,1784693187771.0,1784693297116.0,-2.1909347595954407,-0.30812352366104595,long,short,convergence,1064.0,2211.6,1064.9,2213.1,46,22,4.200000000000728,103.35991155679999,206.71982311359997,-99.15991155679926,-47.479955778399265,109345.0,True
P422_SINGLE_LEG_PROXY_CONTROL,INFY_TCS,INFY,TCS,2026-07-22,1784693493650.0,1784693753668.0,2.5166058458586154,0.2576461207302213,short,long,convergence,1066.2,2213.4,1066.0,2213.1,46,22,1.2999999999992724,103.43778466520001,206.87556933040003,-102.13778466520074,-50.418892332600734,260018.0,True
P422_SINGLE_LEG_PROXY_CONTROL,INFY_TCS,INFY,TCS,2026-07-22,1784693838658.0,1784693880230.0,-2.1137484748047224,0.00785790009892038,long,short,convergence,1064.1,2211.1,1063.8,2209.4,46,22,11.799999999995634,103.30343696639999,206.60687393279997,-91.50343696640435,-39.85171848320436,41572.0,True
P422_SINGLE_LEG_PROXY_CONTROL,INFY_TCS,INFY,TCS,2026-07-22,1784693993908.0,1784694075907.0,2.0541808606993244,0.33955581477740276,short,long,convergence,1064.5,2208.8,1065.0,2210.7,46,22,9.39999999999418,103.324479516,206.648959032,-93.92447951600582,-42.26223975800582,81999.0,True
P422_SINGLE_LEG_PROXY_CONTROL,INFY_TCS,INFY,TCS,2026-07-23,1784778646226.0,1784778678476.0,-1.9101234472261182,-0.23051656685192246,long,short,convergence,1039.5,2198.7,1041.0,2201.0,48,22,10.69999999999709,103.92242630439999,207.84485260879998,-93.2224263044029,-41.261213152202906,32250.0,True
P422_SINGLE_LEG_PROXY_CONTROL,INFY_TCS,INFY,TCS,2026-07-23,1784780030727.0,1784780069478.0,-2.1804469014001335,-0.23173619821239094,long,short,convergence,1041.7,2205.5,1042.2,2205.8,47,22,8.44999999999709,103.24562461139999,206.49124922279998,-94.7956246114029,-43.172812305702905,38751.0,True
P422_SINGLE_LEG_PROXY_CONTROL,INFY_TCS,INFY,TCS,2026-07-23,1784780180477.0,1784780194979.0,2.417850598346954,0.2865792365658567,short,long,convergence,1044.2,2208.0,1044.5,2209.9,47,22,13.850000000002183,103.3961579562,206.7923159124,-89.54615795619782,-37.84807897809782,14502.0,True
P422_SINGLE_LEG_PROXY_CONTROL,RELIANCE_ONGC,RELIANCE,ONGC,2026-07-17,1784262180200.0,1784262215005.0,2.166068235551774,0.2007366903990099,short,long,convergence,1321.3,247.08,1321.4,247.16,37,202,6.2299999999959255,104.31229563028,208.62459126056,-98.08229563028408,-45.92614781514408,34805.0,True
P422_SINGLE_LEG_PROXY_CONTROL,RELIANCE_ONGC,RELIANCE,ONGC,2026-07-20,1784520928794.0,1784520934363.0,1.9947653092575304,-0.1846656007527023,short,long,convergence,1335.1,250.79,1334.3,250.72,37,199,7.834999999999127,104.69910941574,209.39821883148,-96.86410941574087,-44.51455470787087,5569.0,True
P422_SINGLE_LEG_PROXY_CONTROL,RELIANCE_ONGC,RELIANCE,ONGC,2026-07-20,1784520962362.0,1784520973362.0,-1.8312697091026622,-4.007265095955539,long,short,stop_zscore,1334.2,250.9,1334.2,251.28,37,199,-37.81000000000131,104.73962785571999,209.47925571143998,-142.5496278557213,-90.1798139278613,11000.0,True
P422_SINGLE_LEG_PROXY_CONTROL,RELIANCE_ONGC,RELIANCE,ONGC,2026-07-21,1784605835593.0,1784605897594.0,-2.5100398877934467,-0.33253645581381663,long,short,convergence,1317.2,251.32,1316.6,250.86,37,198,34.43999999999505,104.01309042944,208.02618085888,-69.57309042944495,-17.566545214724947,62001.0,True
P422_SINGLE_LEG_PROXY_CONTROL,RELIANCE_ONGC,RELIANCE,ONGC,2026-07-21,1784606809843.0,1784607037093.0,1.837091869692864,0.16897088612658512,short,long,convergence,1316.2,251.04,1318.1,250.87,37,199,-52.06499999999869,104.20545686114,208.41091372228,-156.27045686113868,-104.16772843056869,227250.0,True
P422_SINGLE_LEG_PROXY_CONTROL,RELIANCE_ONGC,RELIANCE,ONGC,2026-07-21,1784607869843.0,1784607874343.0,-2.059000434049608,-4.289952042556314,long,short,stop_zscore,1317.9,251.23,1317.8,251.5,37,199,-28.715000000003783,105.29212552301999,210.58425104603998,-134.00712552302377,-81.36106276151378,4500.0,True
P422_SINGLE_LEG_PROXY_CONTROL,RELIANCE_ONGC,RELIANCE,ONGC,2026-07-22,1784692310408.0,1784692402095.0,-2.1947165735823413,-0.06364901687796291,long,short,convergence,1300.4,252.13,1299.6,251.9,38,198,7.569999999992433,104.71116730364,209.42233460728,-97.14116730364756,-44.785583651827565,91687.0,True
P422_SINGLE_LEG_PROXY_CONTROL,RELIANCE_ONGC,RELIANCE,ONGC,2026-07-22,1784693338616.0,1784693391617.0,2.9695901098454685,-0.06552841125128785,short,long,convergence,1295.8,251.89,1297.2,252.23,38,198,7.060000000004948,104.61032076255998,209.22064152511996,-97.55032076255503,-45.24516038127504,53001.0,True
P422_SINGLE_LEG_PROXY_CONTROL,RELIANCE_ONGC,RELIANCE,ONGC,2026-07-22,1784694138907.0,1784694285791.0,2.3607037385090934,0.334486472863988,short,long,convergence,1297.0,251.74,1296.3,251.66,38,198,5.379999999997381,104.55706695159999,209.11413390319998,-99.17706695160261,-46.898533475802616,146884.0,True
