feature_name,seed_runs,mean_abs_correlation_importance,std_abs_correlation_importance,mean_rank,rank_std,top3_frequency,coefficient_of_variation,metric_scope
momentum_3,12,0.2064376511669532,0.01443640221478339,1.0,0.0,1.0,0.06993105246633607,seed_sampled_feature_target_association_proxy_not_model_importance
local_volatility_6,12,0.025767485856214373,0.013169045865910332,2.5,1.7320508075688772,0.9166666666666666,0.511072207020707,seed_sampled_feature_target_association_proxy_not_model_importance
event_intensity_proxy,12,0.008650643704619217,0.00528294711559107,4.083333333333333,1.729862492345632,0.5833333333333334,0.6106998850004787,seed_sampled_feature_target_association_proxy_not_model_importance
spread_ticks,12,0.006449626049544521,0.004460977323701991,5.166666666666667,2.1248885888797826,0.16666666666666666,0.6916644917757719,seed_sampled_feature_target_association_proxy_not_model_importance
mlofi_qty,12,0.005491890359512666,0.0036117582237129744,5.25,1.9598237397554636,0.16666666666666666,0.6576530096703298,seed_sampled_feature_target_association_proxy_not_model_importance
l5_imbalance,12,0.0033250661147720528,0.0016480516931577675,5.75,1.6583123951776997,0.08333333333333333,0.4956447890873738,seed_sampled_feature_target_association_proxy_not_model_importance
l1_imbalance,12,0.0031935658555345115,0.001635139378112819,6.333333333333333,1.497472618255253,0.08333333333333333,0.5120105399671313,seed_sampled_feature_target_association_proxy_not_model_importance
book_slope_l5,12,0.002362875232951304,0.0013420514376323747,6.833333333333333,1.696699112626596,0.0,0.5679738899950765,seed_sampled_feature_target_association_proxy_not_model_importance
book_convexity_l5,12,0.0011926770152132558,0.0009437656469474542,8.083333333333334,1.1645001528813148,0.0,0.791300272336266,seed_sampled_feature_target_association_proxy_not_model_importance
