feature_name,seed_runs,mean_abs_correlation_importance,std_abs_correlation_importance,mean_rank,rank_std,top3_frequency,coefficient_of_variation,metric_scope
momentum_3,12,0.20708508399961653,0.006081927153641489,1.0,0.0,1.0,0.02936921885524479,seed_sampled_feature_target_association_proxy_not_model_importance
local_volatility_6,12,0.028328393143000064,0.015143404154967725,2.0833333333333335,0.288675134594813,1.0,0.5345662946191374,seed_sampled_feature_target_association_proxy_not_model_importance
event_intensity_proxy,12,0.011465054340538886,0.006592670457033332,3.9166666666666665,1.8319554050414562,0.6666666666666666,0.5750230449168077,seed_sampled_feature_target_association_proxy_not_model_importance
spread_ticks,12,0.007366968837196171,0.004539686440659219,4.916666666666667,1.729862492345632,0.16666666666666666,0.6162217515755096,seed_sampled_feature_target_association_proxy_not_model_importance
mlofi_qty,12,0.005371827569385725,0.0020719093266555835,5.666666666666667,2.059714602177749,0.16666666666666666,0.38569914985050585,seed_sampled_feature_target_association_proxy_not_model_importance
l5_imbalance,12,0.0038668831829958912,0.00260783220806751,6.333333333333333,1.7232808737106584,0.0,0.6744016006315132,seed_sampled_feature_target_association_proxy_not_model_importance
l1_imbalance,12,0.003795021841618468,0.0026025772959342983,6.75,1.3568010505999362,0.0,0.685787171866282,seed_sampled_feature_target_association_proxy_not_model_importance
book_convexity_l5,12,0.003387950055464358,0.0024705141802664815,7.166666666666667,1.6422453217986943,0.0,0.7292061983859053,seed_sampled_feature_target_association_proxy_not_model_importance
book_slope_l5,12,0.002532155600369983,0.0016965450771259491,7.166666666666667,1.8006732747570398,0.0,0.6700003257612054,seed_sampled_feature_target_association_proxy_not_model_importance
