strategy_id,rows_evaluated,brier_score_proxy,baseline_brier_score_proxy,brier_skill_score_proxy,mean_predicted_up_probability,observed_up_fraction,metric_scope
S01,2228988,0.2548240367377484,0.2498747675909979,-0.019806998499550827,0.50019730927219,0.48880927129262247,ternary_signal_probability_proxy_not_calibrated_model
S02,2228988,0.26837336046672283,0.2498747675909979,-0.0740314560532337,0.5000884706422823,0.48880927129262247,ternary_signal_probability_proxy_not_calibrated_model
S03,2228988,0.25663863600880743,0.2498747675909979,-0.027069033352262423,0.50055792135265,0.48880927129262247,ternary_signal_probability_proxy_not_calibrated_model
S04,2228988,0.25904737037615266,0.2498747675909979,-0.03670879966627424,0.4997208598700398,0.48880927129262247,ternary_signal_probability_proxy_not_calibrated_model
S05,2228988,0.25941822925919744,0.2498747675909979,-0.03819297866770031,0.5272663648256515,0.48880927129262247,ternary_signal_probability_proxy_not_calibrated_model
S06,2228988,0.2505711650309468,0.2498747675909979,-0.0027869858435997878,0.50000672951133,0.48880927129262247,ternary_signal_probability_proxy_not_calibrated_model
S07,2228988,0.25369692434414176,0.2498747675909979,-0.015296289377245519,0.4951814007074063,0.48880927129262247,ternary_signal_probability_proxy_not_calibrated_model
S08,2228988,0.25764748845664504,0.2498747675909979,-0.031106465613085665,0.5004498902641014,0.48880927129262247,ternary_signal_probability_proxy_not_calibrated_model
S09,2228988,0.2619303648112954,0.2498747675909979,-0.04824655701143241,0.5274966935667667,0.48880927129262247,ternary_signal_probability_proxy_not_calibrated_model
