strategy_id,rows_evaluated,brier_score_proxy,baseline_brier_score_proxy,brier_skill_score_proxy,mean_predicted_up_probability,observed_up_fraction,metric_scope
S01,2228799,0.25485305314656026,0.2498751627799151,-0.019921509249919308,0.5002055815710613,0.4888269422231435,ternary_signal_probability_proxy_not_calibrated_model
S02,2228799,0.26827344682046256,0.2498751627799151,-0.07362990317189828,0.5001525485250129,0.4888269422231435,ternary_signal_probability_proxy_not_calibrated_model
S03,2228799,0.25669619826642043,0.2498751627799151,-0.027297773058433852,0.5005882091655641,0.4888269422231435,ternary_signal_probability_proxy_not_calibrated_model
S04,2228799,0.2590590851844424,0.2498751627799151,-0.03675404270818342,0.49971240116313764,0.4888269422231435,ternary_signal_probability_proxy_not_calibrated_model
S05,2228799,0.2594342468746619,0.2498751627799151,-0.03825543918971344,0.5272725355673615,0.4888269422231435,ternary_signal_probability_proxy_not_calibrated_model
S06,2228799,0.25056629601861796,0.2498751627799151,-0.0027659141109259004,0.49999991026557356,0.4888269422231435,ternary_signal_probability_proxy_not_calibrated_model
S07,2228799,0.2536854646829974,0.2498751627799151,-0.015248822094568699,0.4951847609407579,0.4888269422231435,ternary_signal_probability_proxy_not_calibrated_model
S08,2228799,0.2574383019733945,0.2498751627799151,-0.030267670901492842,0.4999801686917484,0.4888269422231435,ternary_signal_probability_proxy_not_calibrated_model
S09,2228799,0.26190908646315797,0.2498751627799151,-0.048159743246839276,0.527493282256498,0.4888269422231435,ternary_signal_probability_proxy_not_calibrated_model
