source_id,symbol,announcement_time_ist,announcement_date,market_session,diagnostic_trade_date,diagnostic_start_rule,diagnostic_real_l2_available,description,text,attachment_url,seq_id,no_lookahead_rule_applied
NSE_CORPORATE_ANNOUNCEMENTS,AXISBANK,27-Jul-2026 19:43:35,2026-07-27,post_close,,market_open_next_available_unseen_real_l2_day,0,Analysts/Institutional Investor Meet/Con. Call Updates,Axis Bank Limited has informed the Exchange about Schedule of meet,https://nsearchives.nseindia.com/corporate/AXISBANK1_27072026194328_SEAdvanceSigned.pdf,106712537,1
NSE_CORPORATE_ANNOUNCEMENTS,BAJAJ-AUTO,27-Jul-2026 16:43:48,2026-07-27,post_close,,market_open_next_available_unseen_real_l2_day,0,Analysts/Institutional Investor Meet/Con. Call Updates,Bajaj Auto Limited has informed the Exchange about Transcript,https://nsearchives.nseindia.com/corporate/lkwalimbe_bajajauto_co_in_27072026164331_Transcript_of_Earning_Conference_Call_Q1_FY27.pdf,106711969,1
NSE_CORPORATE_ANNOUNCEMENTS,CIPLA,27-Jul-2026 17:15:27,2026-07-27,post_close,,market_open_next_available_unseen_real_l2_day,0,Analysts/Institutional Investor Meet/Con. Call Updates,Cipla Limited has informed the Exchange about Transcript,https://nsearchives.nseindia.com/corporate/CIPLA_27072026171448_SEIntimationEarningscalltranscriptQ1FY27.pdf,106712042,1
NSE_CORPORATE_ANNOUNCEMENTS,CIPLA,27-Jul-2026 22:55:09,2026-07-27,post_close,,market_open_next_available_unseen_real_l2_day,0,Updates,Cipla Limited has informed the Exchange regarding 'Cipla Receives U.S. FDA Approval for Generic Advair Diskus®'.,https://nsearchives.nseindia.com/corporate/CIPLA_27072026225403_FinalGAdvairLaunchSEIntimationSigned.pdf,106712776,1
NSE_CORPORATE_ANNOUNCEMENTS,HCLTECH,27-Jul-2026 16:55:00,2026-07-27,post_close,,market_open_next_available_unseen_real_l2_day,0,Updates,"HCL Technologies Limited has informed the Exchange regarding 'Release    Economist Enterprise research, supported by HCLTech, confirms confidence in AI is high for the Telecom, Media, Semiconductor and Technology (TMT) industry, but business impact is still limited '.",https://nsearchives.nseindia.com/corporate/HCLTECH_27072026165440_Release27July2026.pdf,106711997,1
NSE_CORPORATE_ANNOUNCEMENTS,HDFCBANK,27-Jul-2026 15:56:07,2026-07-27,post_close,,market_open_next_available_unseen_real_l2_day,0,Updates,HDFC Bank Limited has informed the Exchange regarding conclusion of internal review pertaining to Maharashtra State Road Development Corporation arrangement,https://nsearchives.nseindia.com/corporate/HDFCBANK_27072026153754_SEintimationMSRDC.pdf,106711895,1
NSE_CORPORATE_ANNOUNCEMENTS,SBIN,27-Jul-2026 17:56:00,2026-07-27,post_close,,market_open_next_available_unseen_real_l2_day,0,Analysts/Institutional Investor Meet/Con. Call Updates,SBIN: State Bank of India has informed the Exchange about Interaction with Analysts / Institutional Investors on 07.08.2026,https://nsearchives.nseindia.com/corporate/SBIN_27072026175551_BSE_NSE_InvestorMeetModalities_27072026.pdf,106712210,1
NSE_CORPORATE_ANNOUNCEMENTS,SUNPHARMA,27-Jul-2026 16:00:19,2026-07-27,post_close,,market_open_next_available_unseen_real_l2_day,0,General Updates,Sun Pharmaceutical Industries Limited has informed the Exchange about Update on Nidlegy,https://nsearchives.nseindia.com/corporate/SUNSEC_27072026155851_SEintimationPRforPhillogenupdateonnidlegy.pdf,106711902,1
NSE_CORPORATE_ANNOUNCEMENTS,WIPRO,27-Jul-2026 15:45:04,2026-07-27,post_close,,market_open_next_available_unseen_real_l2_day,0,Press Release,"Wipro Limited has informed the Exchange regarding a press release dated July 27, 2026, titled ""Wipro partners with Databricks to Enable Enterprises to Modernize Data and Deploy AI at Scale"".",https://nsearchives.nseindia.com/corporate/Cslogin_27072026154444_PressRelease27072026.pdf,106711883,1
NSE_CORPORATE_ANNOUNCEMENTS,CIPLA,08-Jul-2026 13:37:12,2026-07-08,regular_session,2026-07-08,first_real_tick_after_announcement,1,Analysts/Institutional Investor Meet/Con. Call Updates,Cipla Limited has informed the Exchange about Schedule of meet,https://nsearchives.nseindia.com/corporate/CIPLA_08072026133654_EarningscallJuly2026signed.pdf,106690396,1
NSE_CORPORATE_ANNOUNCEMENTS,LT,08-Jul-2026 12:29:03,2026-07-08,regular_session,2026-07-08,first_real_tick_after_announcement,1,Press Release,"Larsen & Toubro Limited has informed the Exchange regarding a press release dated July 08, 2026, titled ""L&T Vyoma and Fortanix Partner to Deliver Confidential Computing with NVIDIA Technology"".",https://nsearchives.nseindia.com/corporate/PAM_08072026122809_PressRelease08072026.pdf,106690276,1
NSE_CORPORATE_ANNOUNCEMENTS,SBIN,08-Jul-2026 15:25:29,2026-07-08,regular_session,2026-07-08,first_real_tick_after_announcement,1,Credit Rating,State Bank Of India has informed the Exchange about Credit Rating,https://nsearchives.nseindia.com/corporate/SBIN_08072026152442_BSE_NSE_RatingCare_08072026.pdf,106690529,1
NSE_CORPORATE_ANNOUNCEMENTS,BHARTIARTL,09-Jul-2026 13:38:41,2026-07-09,regular_session,2026-07-09,first_real_tick_after_announcement,1,Copy of Newspaper Publication,"Bharti Airtel Limited has informed the Exchange about Newspaper advertisement in respect of 31st Annual General Meeting of the Company, to be held on August 03, 2026",https://nsearchives.nseindia.com/corporate/BHARTIARTL_09072026133814_StxAdvertisementJuly09.pdf,106691845,1
NSE_CORPORATE_ANNOUNCEMENTS,DRREDDY,09-Jul-2026 09:18:50,2026-07-09,regular_session,2026-07-09,first_real_tick_after_announcement,1,General Updates,"Disclosure under Regulation 30 of SEBI (LODR) Regulations, 2015",https://nsearchives.nseindia.com/corporate/DRREDDY_09072026091837_SE_intimation_09072026.pdf,106691390,1
NSE_CORPORATE_ANNOUNCEMENTS,DRREDDY,09-Jul-2026 09:38:43,2026-07-09,regular_session,2026-07-09,first_real_tick_after_announcement,1,Analysts/Institutional Investor Meet/Con. Call Updates,Dr. Reddy's Laboratories Limited has informed the Exchange about Conference Call,https://nsearchives.nseindia.com/corporate/DRREDDY_09072026093818_SE_intimation_09072026.pdf,106691463,1
NSE_CORPORATE_ANNOUNCEMENTS,RELIANCE,08-Jul-2026 19:08:15,2026-07-08,post_close,2026-07-09,market_open_next_available_unseen_real_l2_day,1,Other Restructuring,"This is to inform that REC US Holdings, Inc., a step-down wholly owned subsidiary of the Company, had voluntarily filed a certificate of dissolution with the Secretary of State of Delaware on July 6, 2026 and has been dissolved effective the said date. Accordingly, REC US Holdings, Inc. has ceased to be a subsidiary of the Company with effect from the aforesaid date.REC US Holdings, Inc. was a non-operating company and had Nil turnover in the calendar year 2025. Net worth of REC US Holdings, Inc. as on December 31, 2025 was Rs. 0.0009 crore, contributing 0.0000001% to the consolidated net worth of the Company for the financial year 2025-26.",https://nsearchives.nseindia.com/corporate/kavinavora_08072026190741_SE_08072026.pdf,106691045,1
NSE_CORPORATE_ANNOUNCEMENTS,SBIN,08-Jul-2026 20:27:40,2026-07-08,post_close,2026-07-09,market_open_next_available_unseen_real_l2_day,1,General Updates,State Bank of India has informed the Exchange about Update on IPO of SBI Funds Management Limited,https://nsearchives.nseindia.com/corporate/SBIN_08072026202646_BSE_NSE_SBIFML_08072026.pdf,106691111,1
NSE_CORPORATE_ANNOUNCEMENTS,SBIN,08-Jul-2026 23:59:50,2026-07-08,post_close,2026-07-09,market_open_next_available_unseen_real_l2_day,1,General Updates,State Bank Of India has informed the Exchange about Update on IPO of SBI Funds Management Limited,https://nsearchives.nseindia.com/corporate/SBIN_08072026235933_BSE_NSE_SBIMF2.pdf,106691289,1
NSE_CORPORATE_ANNOUNCEMENTS,ADANIPORTS,09-Jul-2026 21:51:40,2026-07-09,post_close,2026-07-10,market_open_next_available_unseen_real_l2_day,1,Updates,Adani Ports and Special Economic Zone Limited has informed the Exchange regarding 'Newspaper publication - Second 100 Days Campaign-  Saksham Niveshak    for KYC and other related updation and shareholder engagement to prevent transfer of Unpaid / Unclaimed dividends to Investor Education and Protection Fund ( IEPF ).'.,https://nsearchives.nseindia.com/corporate/rkbhagia_09072026215129_SEIntimationNewspaper.pdf,106692702,1
NSE_CORPORATE_ANNOUNCEMENTS,BAJAJ-AUTO,10-Jul-2026 11:05:02,2026-07-10,regular_session,2026-07-10,first_real_tick_after_announcement,1,Analysts/Institutional Investor Meet/Con. Call Updates,Bajaj Auto Limited has informed the Exchange about Schedule of meet,https://nsearchives.nseindia.com/corporate/lkwalimbe_bajajauto_co_in_10072026110445_SE_-_Q1_FY27.pdf,106693161,1
NSE_CORPORATE_ANNOUNCEMENTS,BHARTIARTL,10-Jul-2026 10:02:55,2026-07-10,regular_session,2026-07-10,first_real_tick_after_announcement,1,Record Date,Bharti Airtel Limited has informed the Exchange that Record date for the purpose of Dividend  is 24-Jul-2026.,https://nsearchives.nseindia.com/corporate/BHARTIARTL_10072026100101_BAL-_Record_Date_Intimation.pdf,106693009,1
NSE_CORPORATE_ANNOUNCEMENTS,DRREDDY,10-Jul-2026 08:51:29,2026-07-10,pre_open_or_overnight,2026-07-10,market_open_same_day,1,Analysts/Institutional Investor Meet/Con. Call Updates,Dr. Reddy's Laboratories Limited has informed the Exchange about Link of Recording,https://nsearchives.nseindia.com/corporate/DRREDDY_10072026085000_SE_Intimation_conferencecall_recordings.pdf,106692956,1
NSE_CORPORATE_ANNOUNCEMENTS,HCLTECH,09-Jul-2026 17:02:22,2026-07-09,post_close,2026-07-10,market_open_next_available_unseen_real_l2_day,1,Updates,Release    HCLFoundation and UP government to collaborate for sustainable cities .,https://nsearchives.nseindia.com/corporate/HCLTECH_09072026170154_Release9July2026.pdf,106692256,1
NSE_CORPORATE_ANNOUNCEMENTS,HDFCBANK,09-Jul-2026 17:09:34,2026-07-09,post_close,2026-07-10,market_open_next_available_unseen_real_l2_day,1,Analysts/Institutional Investor Meet/Con. Call Updates,HDFC Bank Limited has informed the Exchange about Schedule of meet,https://nsearchives.nseindia.com/corporate/HDFCBANK_09072026170732_SEintimationEarningsCall18jul2026.pdf,106692277,1
NSE_CORPORATE_ANNOUNCEMENTS,ICICIBANK,10-Jul-2026 10:32:30,2026-07-10,regular_session,2026-07-10,first_real_tick_after_announcement,1,ESOP/ESOS/ESPS,ICICI Bank Limited has informed the Exchange regarding Allotment of 152760  Shares.,https://nsearchives.nseindia.com/corporate/ICICIBANK1_10072026103215_Lettertoexchange.pdf,106693061,1
NSE_CORPORATE_ANNOUNCEMENTS,KOTAKBANK,09-Jul-2026 19:37:41,2026-07-09,post_close,2026-07-10,market_open_next_available_unseen_real_l2_day,1,General Updates,Kotak Mahindra Bank Limited has informed the Exchange about General Updates,https://nsearchives.nseindia.com/corporate/KOTAK_09072026193725_SEIntimationlettertoshareholdersforKYC.pdf,106692598,1
NSE_CORPORATE_ANNOUNCEMENTS,KOTAKBANK,09-Jul-2026 20:20:33,2026-07-09,post_close,2026-07-10,market_open_next_available_unseen_real_l2_day,1,General Updates,Kotak Mahindra Bank Limited has informed the Exchange about General Updates,https://nsearchives.nseindia.com/corporate/KOTAK_09072026202024_SEIntimation.pdf,106692658,1
NSE_CORPORATE_ANNOUNCEMENTS,M&M,09-Jul-2026 16:05:27,2026-07-09,post_close,2026-07-10,market_open_next_available_unseen_real_l2_day,1,General Updates,"M&M: Mahindra & Mahindra Limited has informed the Exchange about Production, Sales and Export figures for the month of June 2026",https://nsearchives.nseindia.com/corporate/NishaMandhana_09072026160508_MonthlyReportJune2026.pdf,106692090,1
NSE_CORPORATE_ANNOUNCEMENTS,M&M,10-Jul-2026 13:21:18,2026-07-10,regular_session,2026-07-10,first_real_tick_after_announcement,1,Analysts/Institutional Investor Meet/Con. Call Updates,Mahindra & Mahindra Limited has informed the Exchange about Schedule of Meet,https://nsearchives.nseindia.com/corporate/AmitDodani_10072026131950_UpcomingAnalystMeet30072026.pdf,106693381,1
NSE_CORPORATE_ANNOUNCEMENTS,ONGC,09-Jul-2026 21:22:07,2026-07-09,post_close,2026-07-10,market_open_next_available_unseen_real_l2_day,1,Outcome of Board Meeting,Oil & Natural Gas Corporation Limited has informed the Exchange regarding in-principle approval of Board for the development of 1.75 MMT capacity Strategic Petroleum Reserves as a project of national importance.,https://nsearchives.nseindia.com/corporate/ONGC_09072026212136_outcome09072026SD.pdf,106692689,1
NSE_CORPORATE_ANNOUNCEMENTS,SBIN,09-Jul-2026 23:03:55,2026-07-09,post_close,2026-07-10,market_open_next_available_unseen_real_l2_day,1,General Updates,State Bank of India has informed the Exchange about Update on IPO of SBI Funds Management Limited,https://nsearchives.nseindia.com/corporate/SBIN_09072026230311_merged.pdf,106692841,1
NSE_CORPORATE_ANNOUNCEMENTS,TCS,09-Jul-2026 15:52:21,2026-07-09,post_close,2026-07-10,market_open_next_available_unseen_real_l2_day,1,Outcome of Board Meeting,"Tata Consultancy Services Limited has submitted to the Exchange, the financial results for the period ended Jun 30, 2026.",https://nsearchives.nseindia.com/corporate/TCS_CORPCS_09072026155158_Post_BM_SE_Lettersigned.pdf,106692052,1
NSE_CORPORATE_ANNOUNCEMENTS,TCS,09-Jul-2026 15:54:18,2026-07-09,post_close,2026-07-10,market_open_next_available_unseen_real_l2_day,1,Dividend,"Tata Consultancy Services Limited has informed the Exchange that Board of Directors at its meeting held on July 9, 2026, declared Interim Dividend of Rs. 12 per equity share.",https://nsearchives.nseindia.com/corporate/TCS_CORPCS_09072026155359_Post_BM_SE_Lettersigned.pdf,106692059,1
NSE_CORPORATE_ANNOUNCEMENTS,TCS,09-Jul-2026 15:56:06,2026-07-09,post_close,2026-07-10,market_open_next_available_unseen_real_l2_day,1,Press Release,"Tata Consultancy Services Limited has informed the Exchange regarding a press release dated July 9, 2026, titled ""TCS begins FY27 with continued growth; wins multiple AI transformation deals"".",https://nsearchives.nseindia.com/corporate/TCS_CORPCS_09072026155553_Press_release_signed.pdf,106692063,1
NSE_CORPORATE_ANNOUNCEMENTS,TCS,09-Jul-2026 15:57:25,2026-07-09,post_close,2026-07-10,market_open_next_available_unseen_real_l2_day,1,General Updates,Tata Consultancy Services Limited has informed the Exchange about Date of Payment of Dividend.,https://nsearchives.nseindia.com/corporate/TCS_CORPCS_09072026155713_Post_BM_SE_Lettersigned.pdf,106692067,1
NSE_CORPORATE_ANNOUNCEMENTS,TCS,09-Jul-2026 22:27:13,2026-07-09,post_close,2026-07-10,market_open_next_available_unseen_real_l2_day,1,Analysts/Institutional Investor Meet/Con. Call Updates,Tata Consultancy Services Limited has informed the Exchange about Link of Recording,https://nsearchives.nseindia.com/corporate/TCS_CORPCS_09072026222607_SEInt09072026_signed_v1.pdf,106692731,1
NSE_CORPORATE_ANNOUNCEMENTS,DRREDDY,13-Jul-2026 14:35:09,2026-07-13,regular_session,2026-07-13,first_real_tick_after_announcement,1,Press Release,"Dr. Reddy's Laboratories Limited has informed the Exchange regarding a press release dated July 13, 2026, titled ""Intimation of Earnings call"".",https://nsearchives.nseindia.com/corporate/DRREDDY_13072026143423_SE_Intimation_Earning_call_Notification_13072026.pdf,106695517,1
NSE_CORPORATE_ANNOUNCEMENTS,HDFCBANK,10-Jul-2026 23:50:18,2026-07-10,post_close,2026-07-13,market_open_next_available_unseen_real_l2_day,1,Shareholders meeting,"HDFC Bank Limited has informed the Exchange regarding Notice of Annual General Meeting to be held on August 05, 2026",https://nsearchives.nseindia.com/corporate/HDFCBANK3_10072026234853_Final_IAR.pdf,106694495,1
NSE_CORPORATE_ANNOUNCEMENTS,INFY,13-Jul-2026 14:47:47,2026-07-13,regular_session,2026-07-13,first_real_tick_after_announcement,1,General Updates,Infosys Limited has informed the Exchange about retirement of Independent Director,https://nsearchives.nseindia.com/corporate/Infosys_13072026144727_SE_letterforMGRetirement.pdf,106695528,1
NSE_CORPORATE_ANNOUNCEMENTS,KOTAKBANK,10-Jul-2026 17:20:48,2026-07-10,post_close,2026-07-13,market_open_next_available_unseen_real_l2_day,1,Shareholders meeting,"Kotak Mahindra Bank Limited has informed the Exchange regarding Notice of Annual General Meeting to be held on August 01, 2026",https://nsearchives.nseindia.com/corporate/KOTAK_10072026171906_SEIntimationNoticeAnnualReport2026.pdf,106693798,1
NSE_CORPORATE_ANNOUNCEMENTS,KOTAKBANK,10-Jul-2026 17:24:32,2026-07-10,post_close,2026-07-13,market_open_next_available_unseen_real_l2_day,1,General Updates,Kotak Mahindra Bank Limited has informed the Exchange about Integrated Annual Report 2025-26 and Notice of Annual General Meeting.,https://nsearchives.nseindia.com/corporate/KOTAK_10072026172356_SEIntimationNoticeAnnualReport2026.pdf,106693806,1
NSE_CORPORATE_ANNOUNCEMENTS,KOTAKBANK,10-Jul-2026 17:30:05,2026-07-10,post_close,2026-07-13,market_open_next_available_unseen_real_l2_day,1,General Updates,Kotak Mahindra Bank Limited has informed the Exchange about Business Responsibility and Sustainability Report.,https://nsearchives.nseindia.com/corporate/KOTAK_10072026172921_SEIntimationNoticeAnnualReport2026.pdf,106693819,1
NSE_CORPORATE_ANNOUNCEMENTS,MARUTI,10-Jul-2026 15:53:31,2026-07-10,post_close,2026-07-13,market_open_next_available_unseen_real_l2_day,1,General Updates,Maruti Suzuki India Limited has informed the Exchange about Communication on deduction of Tax at Source,https://nsearchives.nseindia.com/corporate/MARUTIASHISH_10072026155210_STxIntimation_TDSCommunication_10July2026.pdf,106693600,1
NSE_CORPORATE_ANNOUNCEMENTS,RELIANCE,10-Jul-2026 17:46:25,2026-07-10,post_close,2026-07-13,market_open_next_available_unseen_real_l2_day,1,Analysts/Institutional Investor Meet/Con. Call Updates,"A meeting of the Board of Directors of the Company is scheduled to be held on Friday, July 17, 2026, inter alia, to consider and approve the standalone and consolidated unaudited financial results of the Company for the quarter ended June 30, 2026. The Company will hold an analyst meet, post the Board Meeting to discuss the financial results for the quarter ended June 30, 2026.",https://nsearchives.nseindia.com/corporate/kavinavora_10072026174616_SE_10072026.pdf,106693860,1
NSE_CORPORATE_ANNOUNCEMENTS,SBIN,10-Jul-2026 22:26:10,2026-07-10,post_close,2026-07-13,market_open_next_available_unseen_real_l2_day,1,General Updates,State Bank of India has informed the Exchange about Update on IPO of SBI Funds Management Limited,https://nsearchives.nseindia.com/corporate/SBIN_10072026222453_BSE_NSE_10072026.pdf,106694291,1
NSE_CORPORATE_ANNOUNCEMENTS,TCS,10-Jul-2026 18:53:25,2026-07-10,post_close,2026-07-13,market_open_next_available_unseen_real_l2_day,1,Copy of Newspaper Publication,Tata Consultancy Services Limited has informed the Exchange about Copy of Newspaper Publication,https://nsearchives.nseindia.com/corporate/TCS_CORPCS_10072026185218_SE_letter_signed.pdf,106694050,1
NSE_CORPORATE_ANNOUNCEMENTS,TCS,13-Jul-2026 11:30:11,2026-07-13,regular_session,2026-07-13,first_real_tick_after_announcement,1,Updates,"Tata Consultancy Services Limited has informed the Exchange regarding 'Press Release - TCS and ABB sign multi-million, multi-year deal to transform global network operations with AI'.",https://nsearchives.nseindia.com/corporate/TCS_CORPCS_13072026112136_PR_13July26_signed.pdf,106695270,1
NSE_CORPORATE_ANNOUNCEMENTS,WIPRO,10-Jul-2026 15:46:57,2026-07-10,post_close,2026-07-13,market_open_next_available_unseen_real_l2_day,1,Copy of Newspaper Publication,"Wipro Limited has informed the Exchange about Newspaper Advertisement - Regulation 30 of SEBI (Listing Obligations and Disclosure Requirements) Regulations, 2015",https://nsearchives.nseindia.com/corporate/Cslogin_10072026154641_Reg30NewspaperAd.pdf,106693588,1
NSE_CORPORATE_ANNOUNCEMENTS,BHARTIARTL,14-Jul-2026 11:58:18,2026-07-14,regular_session,2026-07-14,first_real_tick_after_announcement,1,Press Release,"Bharti Airtel Limited has informed the Exchange regarding a press release dated July 14, 2026, titled ""Airtel strengthens network readiness across Odisha ahead of Puri Rath Yatra"".",https://nsearchives.nseindia.com/corporate/BHARTIARTL_14072026115640_PressReleasedtjuly14.pdf,106696754,1
NSE_CORPORATE_ANNOUNCEMENTS,CIPLA,13-Jul-2026 18:29:03,2026-07-13,post_close,2026-07-14,market_open_next_available_unseen_real_l2_day,1,"Certificate under SEBI (Depositories and Participants) Regulations, 2018","Cipla Limited has informed the Exchange about Certificate under SEBI (Depositories and Participants) Regulations, 2018",https://nsearchives.nseindia.com/corporate/CIPLA_13072026182840_Certificate_74_5__June2026_signed.pdf,106695963,1
NSE_CORPORATE_ANNOUNCEMENTS,HCLTECH,13-Jul-2026 17:41:00,2026-07-13,post_close,2026-07-14,market_open_next_available_unseen_real_l2_day,1,Outcome of Board Meeting,"HCL Technologies Limited has submitted to the Exchange, the financial results for the period ended Jun 30, 2026.",https://nsearchives.nseindia.com/corporate/HCLTECH_13072026174034_FinancialResults13July26.pdf,106695829,1
NSE_CORPORATE_ANNOUNCEMENTS,HCLTECH,13-Jul-2026 17:46:28,2026-07-13,post_close,2026-07-14,market_open_next_available_unseen_real_l2_day,1,Press Release,"HCL Technologies Limited has informed the Exchange regarding a press release dated July 13, 2026, titled ""Investor Release Q1 FY 2027"".",https://nsearchives.nseindia.com/corporate/HCLTECH_13072026174615_InvestorRelease.pdf,106695847,1
NSE_CORPORATE_ANNOUNCEMENTS,HCLTECH,13-Jul-2026 17:49:49,2026-07-13,post_close,2026-07-14,market_open_next_available_unseen_real_l2_day,1,General Updates,"HCL Technologies Limited has informed the Exchange about Consolidated Financial Statements   IFRS for three months period ended June 30, 2026.",https://nsearchives.nseindia.com/corporate/HCLTECH_13072026174902_IFRS_Financials.pdf,106695856,1
NSE_CORPORATE_ANNOUNCEMENTS,HCLTECH,13-Jul-2026 17:53:19,2026-07-13,post_close,2026-07-14,market_open_next_available_unseen_real_l2_day,1,Dividend,"HCL Technologies Limited has informed the Exchange that Board of Directors at its meeting held on July 13, 2026, declared Interim Dividend of Rs. 12 per equity share.",https://nsearchives.nseindia.com/corporate/HCLTECH_13072026175239_FinancialResults13July26.pdf,106695864,1
NSE_CORPORATE_ANNOUNCEMENTS,HCLTECH,13-Jul-2026 17:55:38,2026-07-13,post_close,2026-07-14,market_open_next_available_unseen_real_l2_day,1,Record Date,HCL Technologies Limited has informed the Exchange that Record date for the purpose of Dividend  is 17-Jul-2026.,https://nsearchives.nseindia.com/corporate/HCLTECH_13072026175522_FinancialResults13July26.pdf,106695871,1
NSE_CORPORATE_ANNOUNCEMENTS,HCLTECH,13-Jul-2026 18:20:56,2026-07-13,post_close,2026-07-14,market_open_next_available_unseen_real_l2_day,1,General Updates,"HCL Technologies Limited has informed the Exchange about Disclosure under Regulation 30 of the SEBI (Listing Obligations and Disclosures Requirements) Regulations 2015 and Release - HCLTech launches full-stack AI offering, powered by new AI data center investment.",https://nsearchives.nseindia.com/corporate/HCLTECH_13072026182027_AIdatacentre.pdf,106695928,1
NSE_CORPORATE_ANNOUNCEMENTS,HCLTECH,13-Jul-2026 18:34:52,2026-07-13,post_close,2026-07-14,market_open_next_available_unseen_real_l2_day,1,Change in Director(s),HCL Technologies Limited has informed the Exchange regarding Change in Director(s) of the company.,https://nsearchives.nseindia.com/corporate/HCLTECH_13072026183415_AppointmentOfDirectorJacobCDahl.pdf,106695980,1
NSE_CORPORATE_ANNOUNCEMENTS,HCLTECH,13-Jul-2026 18:39:10,2026-07-13,post_close,2026-07-14,market_open_next_available_unseen_real_l2_day,1,Updates,HCL Technologies Limited has informed the Exchange regarding 'Release - HCLTech appoints Jacob Dahl as Independent Director'.,https://nsearchives.nseindia.com/corporate/HCLTECH_13072026183856_AppointmentOfDirectorJacobCDahl.pdf,106695992,1
NSE_CORPORATE_ANNOUNCEMENTS,HCLTECH,13-Jul-2026 18:42:59,2026-07-13,post_close,2026-07-14,market_open_next_available_unseen_real_l2_day,1,Updates,"HCL Technologies Limited has informed the Exchange regarding 'Release - HCLTech launches full-stack AI offering, powered by new AI data center investment'.",https://nsearchives.nseindia.com/corporate/HCLTECH_13072026184141_AIdatacentre.pdf,106696002,1
NSE_CORPORATE_ANNOUNCEMENTS,HCLTECH,13-Jul-2026 18:47:42,2026-07-13,post_close,2026-07-14,market_open_next_available_unseen_real_l2_day,1,Updates,HCL Technologies Limited has informed the Exchange regarding 'Reconstitution of Board Committees of the Company'.,https://nsearchives.nseindia.com/corporate/HCLTECH_13072026184725_ReconstitutionOfCommittees.pdf,106696014,1
NSE_CORPORATE_ANNOUNCEMENTS,HCLTECH,13-Jul-2026 21:38:18,2026-07-13,post_close,2026-07-14,market_open_next_available_unseen_real_l2_day,1,Updates,HCL Technologies Limited has informed the Exchange regarding 'Grant of Restricted Stock Units ( RSUs )'.,https://nsearchives.nseindia.com/corporate/HCLTECH_13072026213804_IntimationRSU.pdf,106696210,1
NSE_CORPORATE_ANNOUNCEMENTS,HCLTECH,13-Jul-2026 23:11:05,2026-07-13,post_close,2026-07-14,market_open_next_available_unseen_real_l2_day,1,Analysts/Institutional Investor Meet/Con. Call Updates,"HCL Technologies Limited has informed the Exchange about the Audio recording of the Conference Call held on July 13, 2026.",https://nsearchives.nseindia.com/corporate/HCLTECH_13072026230738_Audio_Conference_Call.pdf,106696346,1
NSE_CORPORATE_ANNOUNCEMENTS,ICICIBANK,14-Jul-2026 11:04:53,2026-07-14,regular_session,2026-07-14,first_real_tick_after_announcement,1,ESOP/ESOS/ESPS,ICICI Bank Limited has informed the Exchange regarding Allotment of 151181  Shares.,https://nsearchives.nseindia.com/corporate/ICICIBANK1_14072026110344_Letter_to_stock_exchange.pdf,106696630,1
NSE_CORPORATE_ANNOUNCEMENTS,KOTAKBANK,14-Jul-2026 11:22:48,2026-07-14,regular_session,2026-07-14,first_real_tick_after_announcement,1,Analysts/Institutional Investor Meet/Con. Call Updates,Kotak Mahindra Bank Limited has informed the Exchange about Schedule of meet,https://nsearchives.nseindia.com/corporate/KMBLTAB_14072026112232_EarningscallintimationQ1FY27.pdf,106696676,1
NSE_CORPORATE_ANNOUNCEMENTS,KOTAKBANK,14-Jul-2026 13:02:56,2026-07-14,regular_session,2026-07-14,first_real_tick_after_announcement,1,ESOP/ESOS/ESPS,Kotak Mahindra Bank Limited has informed the Exchange regarding Allotment of 661620  Shares.,https://nsearchives.nseindia.com/corporate/KMBLTAB_14072026125805_SEIntESOPAllotment14072026.pdf,106696863,1
NSE_CORPORATE_ANNOUNCEMENTS,M&M,13-Jul-2026 19:00:26,2026-07-13,post_close,2026-07-14,market_open_next_available_unseen_real_l2_day,1,Copy of Newspaper Publication,Mahindra & Mahindra Limited has informed the Exchange about Copy of Newspaper Publication about Saksham Niveshak Campaign and Special Window for re-lodgement of transfer request of physical shares,https://nsearchives.nseindia.com/corporate/Deepak_13072026190017_SE_INTIMATION_-_SAKSHAM_NIVESHAK_AND_SPECIAL_WINDOW.pdf,106696043,1
NSE_CORPORATE_ANNOUNCEMENTS,M&M,13-Jul-2026 19:11:01,2026-07-13,post_close,2026-07-14,market_open_next_available_unseen_real_l2_day,1,Updates,Mahindra & Mahindra Limited has informed the Exchange regarding 'Newspaper Publication regarding notice of loss of Share Certificate(s).'.,https://nsearchives.nseindia.com/corporate/Deepak_13072026191010_SE_INTIMATION_LOST_OF_SHARE_CERTIFICATE_2026_2.pdf,106696059,1
NSE_CORPORATE_ANNOUNCEMENTS,M&M,13-Jul-2026 19:20:00,2026-07-13,post_close,2026-07-14,market_open_next_available_unseen_real_l2_day,1,Updates,Mahindra & Mahindra Limited has informed the Exchange regarding 'Transfer of Equity Shares by Mahindra & Mahindra Employees  Stock Option Trust to the Stock Option Grantees'.,https://nsearchives.nseindia.com/corporate/Deepak_13072026191949_Employeeslist13072026.pdf,106696068,1
NSE_CORPORATE_ANNOUNCEMENTS,M&M,13-Jul-2026 19:48:10,2026-07-13,post_close,2026-07-14,market_open_next_available_unseen_real_l2_day,1,Updates,"Mahindra & Mahindra Limited has informed the Exchange regarding 'Certificate under Regulation 74(5) of SEBI (Depositories and Participants) Regulations, 2018 for the period from 1st April 2026 to 30th June 2026.'",https://nsearchives.nseindia.com/corporate/Deepak_13072026194800_SEIntimationRegulation74_5_.pdf,106696128,1
NSE_CORPORATE_ANNOUNCEMENTS,SBIN,13-Jul-2026 17:06:47,2026-07-13,post_close,2026-07-14,market_open_next_available_unseen_real_l2_day,1,General Updates,State Bank of India has informed the Exchange about Raising of Senior Unsecured Bond,https://nsearchives.nseindia.com/corporate/SBIN_13072026170623_BSE_NSE_RegS_Issuance_13072026.pdf,106695773,1
NSE_CORPORATE_ANNOUNCEMENTS,TCS,14-Jul-2026 11:30:30,2026-07-14,regular_session,2026-07-14,first_real_tick_after_announcement,1,Updates,Tata Consultancy Services Limited has informed the Exchange regarding 'TCS Becomes Technology and Innovation Partner to New York s New Terminal One at JFK Airport'.,https://nsearchives.nseindia.com/corporate/TCS_CORPCS_14072026112942_Ltr_14July26signed.pdf,106696698,1
NSE_CORPORATE_ANNOUNCEMENTS,TCS,14-Jul-2026 14:24:37,2026-07-14,regular_session,2026-07-14,first_real_tick_after_announcement,1,Updates,Tata Consultancy Services Limited has informed the Exchange regarding 'TCS named India s most valuable IT Services brand;7 out of 10 Indians use technology built by TCS every day'.,https://nsearchives.nseindia.com/corporate/TCS_CORPCS_14072026142042_Ltr_14July26230pmsigned.pdf,106696979,1
NSE_CORPORATE_ANNOUNCEMENTS,AXISBANK,14-Jul-2026 16:39:47,2026-07-14,post_close,2026-07-15,market_open_next_available_unseen_real_l2_day,1,General Updates,Axis Bank Limited has informed the Exchange about General Updates,https://nsearchives.nseindia.com/corporate/AXISBANK1_14072026163318_SEintimationFSigned.pdf,106697208,1
NSE_CORPORATE_ANNOUNCEMENTS,AXISBANK,14-Jul-2026 21:54:56,2026-07-14,post_close,2026-07-15,market_open_next_available_unseen_real_l2_day,1,ESOP/ESOS/ESPS,Axis Bank Limited has informed the Exchange regarding Allotment of 50993  Shares.,https://nsearchives.nseindia.com/corporate/AXISBANK1_14072026215427_SE14072026.pdf,106697779,1
NSE_CORPORATE_ANNOUNCEMENTS,AXISBANK,14-Jul-2026 23:12:30,2026-07-14,post_close,2026-07-15,market_open_next_available_unseen_real_l2_day,1,General Updates,Axis Bank Limited has informed the Exchange about General Updates,https://nsearchives.nseindia.com/corporate/AXISBANK1_14072026231050_AllotmentSigned.pdf,106697899,1
NSE_CORPORATE_ANNOUNCEMENTS,AXISBANK,14-Jul-2026 23:43:06,2026-07-14,post_close,2026-07-15,market_open_next_available_unseen_real_l2_day,1,General Updates,Axis Bank Limited has informed the Exchange about General Updates,https://nsearchives.nseindia.com/corporate/AXISBANK1_14072026234122_FinalListingSigned.pdf,106697950,1
NSE_CORPORATE_ANNOUNCEMENTS,BAJAJ-AUTO,14-Jul-2026 17:06:39,2026-07-14,post_close,2026-07-15,market_open_next_available_unseen_real_l2_day,1,General Updates,Bajaj Auto Limited has informed the Exchange about newspaper advertisement for local transport arrangements for the 19th AGM of the Company scheduled on 21 July 2026.,https://nsearchives.nseindia.com/corporate/lkwalimbe_bajajauto_co_in_14072026170627_Transport_Arrangement_BAL_AGM_FY25.pdf,106697273,1
NSE_CORPORATE_ANNOUNCEMENTS,BHARTIARTL,14-Jul-2026 17:26:34,2026-07-14,post_close,2026-07-15,market_open_next_available_unseen_real_l2_day,1,"Certificate under SEBI (Depositories and Participants) Regulations, 2018","Bharti Airtel Limited has informed the Exchange about Certificate under Regulation 74(5) of SEBI (Depositories and Participants) Regulations, 2018 for the period from April 01, 2026 to June 30, 2026",https://nsearchives.nseindia.com/corporate/BHARTIARTL_14072026172509_StxReg74July14.pdf,106697323,1
NSE_CORPORATE_ANNOUNCEMENTS,HCLTECH,14-Jul-2026 17:09:10,2026-07-14,post_close,2026-07-15,market_open_next_available_unseen_real_l2_day,1,Updates,HCL Technologies Limited has informed the Exchange regarding Release    HCLTech ranked among the top 5 Global Store Services Providers by Everest Group .,https://nsearchives.nseindia.com/corporate/HCLTECH_14072026170302_Release14July2026.pdf,106697280,1
NSE_CORPORATE_ANNOUNCEMENTS,HINDUNILVR,14-Jul-2026 21:10:36,2026-07-14,post_close,2026-07-15,market_open_next_available_unseen_real_l2_day,1,Copy of Newspaper Publication,"Announcement under Regulation 30 of the SEBI (Listing Obligations and Disclosure Requirements) Regulations, 2015",https://nsearchives.nseindia.com/corporate/HINDUNILVR_14072026211018_SEIntimationNewspaperADsigned.pdf,106697752,1
NSE_CORPORATE_ANNOUNCEMENTS,ICICIBANK,14-Jul-2026 17:16:57,2026-07-14,post_close,2026-07-15,market_open_next_available_unseen_real_l2_day,1,Analysts/Institutional Investor Meet/Con. Call Updates,"ICICI Bank Limited has informed the Exchange about Earnings call on financial results for the quarter ended June 30, 2026.",https://nsearchives.nseindia.com/corporate/ICICI2022_14072026171127_BSENSE.pdf,106697294,1
NSE_CORPORATE_ANNOUNCEMENTS,ICICIBANK,14-Jul-2026 17:24:51,2026-07-14,post_close,2026-07-15,market_open_next_available_unseen_real_l2_day,1,General Updates,"ICICI Bank Limited has informed the Exchange about Call with media on financial results for the quarter ended June 30, 2026",https://nsearchives.nseindia.com/corporate/ICICI2022_14072026172254_BSENSE.pdf,106697317,1
NSE_CORPORATE_ANNOUNCEMENTS,INFY,14-Jul-2026 20:54:14,2026-07-14,post_close,2026-07-15,market_open_next_available_unseen_real_l2_day,1,Updates,Infosys Limited has informed the Exchange regarding 'Investor Conference'.,https://nsearchives.nseindia.com/corporate/Infosys_14072026205359_PR_14072026.pdf,106697740,1
NSE_CORPORATE_ANNOUNCEMENTS,MARUTI,14-Jul-2026 19:32:54,2026-07-14,post_close,2026-07-15,market_open_next_available_unseen_real_l2_day,1,Press Release,"Maruti Suzuki India Limited has informed the Exchange regarding a press release dated July 14, 2026, titled ""A New Era of Supremacy and Excitement with The New Brezza: Bookings Now Open"".",https://nsearchives.nseindia.com/corporate/MARUTIASHISH_14072026193002_StxIntimation_Brezza_14July2026.pdf,106697620,1
NSE_CORPORATE_ANNOUNCEMENTS,MARUTI,15-Jul-2026 12:29:23,2026-07-15,regular_session,2026-07-15,first_real_tick_after_announcement,1,Copy of Newspaper Publication,Maruti Suzuki India Limited has informed the Exchange about Copy of Newspaper Publication,https://nsearchives.nseindia.com/corporate/MARUTI_15072026122833_Stock_intmation_NP_15072026.pdf,106698349,1
NSE_CORPORATE_ANNOUNCEMENTS,SBIN,14-Jul-2026 18:02:49,2026-07-14,post_close,2026-07-15,market_open_next_available_unseen_real_l2_day,1,Credit Rating,State Bank Of India has informed the Exchange about Credit Rating,https://nsearchives.nseindia.com/corporate/SBIN_14072026180240_BSE_NSE_Moodys_14072026.pdf,106697426,1
NSE_CORPORATE_ANNOUNCEMENTS,SUNPHARMA,14-Jul-2026 18:29:25,2026-07-14,post_close,2026-07-15,market_open_next_available_unseen_real_l2_day,1,Analysts/Institutional Investor Meet/Con. Call Updates,Sun Pharmaceutical Industries Limited has informed the Exchange about Schedule of meet,https://nsearchives.nseindia.com/corporate/SUNPHARMA456_14072026182847_IntimationSE20260714_Q1FY27_Earnings_Call_signed.pdf,106697486,1
NSE_CORPORATE_ANNOUNCEMENTS,SUNPHARMA,15-Jul-2026 08:40:33,2026-07-15,pre_open_or_overnight,2026-07-15,market_open_same_day,1,Press Release,"Sun Pharmaceutical Industries Limited has informed the Exchange regarding a press release dated July 15, 2026, titled ""Sun Pharma receives approval to manufacture and market generic semaglutide in South Africa"".",https://nsearchives.nseindia.com/corporate/SUNPHARMA123_15072026083753_SEIntimationPRSemaglutidesigned.pdf,106697990,1
NSE_CORPORATE_ANNOUNCEMENTS,TCS,15-Jul-2026 11:30:12,2026-07-15,regular_session,2026-07-15,first_real_tick_after_announcement,1,Updates,Tata Consultancy Services Limited has informed the Exchange regarding 'Press Release - TCS Launches Industrial AI Solutions Lab in Bengaluru Powered by NVIDIA'.,https://nsearchives.nseindia.com/corporate/TCS_CORPCS_15072026112317_PR_15July26_signed.pdf,106698208,1
NSE_CORPORATE_ANNOUNCEMENTS,ULTRACEMCO,14-Jul-2026 16:39:20,2026-07-14,post_close,2026-07-15,market_open_next_available_unseen_real_l2_day,1,"Certificate under SEBI (Depositories and Participants) Regulations, 2018","UltraTech Cement Limited has informed the Exchange about Certificate under SEBI (Depositories and Participants) Regulations, 2018",https://nsearchives.nseindia.com/corporate/ULTRACEMCO_14072026163912_74_5_.pdf,106697207,1
NSE_CORPORATE_ANNOUNCEMENTS,ULTRACEMCO,15-Jul-2026 15:12:15,2026-07-15,regular_session,2026-07-15,first_real_tick_after_announcement,1,Copy of Newspaper Publication,UltraTech Cement Limited has informed the Exchange about Copy of Newspaper Publication,https://nsearchives.nseindia.com/corporate/ULTRACEMCO_15072026151204_seintimation.pdf,106698570,1
NSE_CORPORATE_ANNOUNCEMENTS,WIPRO,14-Jul-2026 15:36:00,2026-07-14,post_close,2026-07-15,market_open_next_available_unseen_real_l2_day,1,Copy of Newspaper Publication,"Wipro Limited has informed the Exchange about Newspaper Advertisement - Regulation 30 of SEBI (Listing Obligations and Disclosure Requirements) Regulations, 2015",https://nsearchives.nseindia.com/corporate/Wipro_Secretarial_14072026153513_Reg30NewspaperAd.pdf,106697074,1
NSE_CORPORATE_ANNOUNCEMENTS,BAJAJ-AUTO,16-Jul-2026 10:33:45,2026-07-16,regular_session,2026-07-16,first_real_tick_after_announcement,1,General Updates,"Bajaj Auto Limited has informed the Exchange about ad hoc announcement made by Bajaj Mobility AG (formerly PIERER Mobility AG), a step-down subsidiary of Bajaj Auto Limited titled - Preliminary figures for Q2 / 2026.",https://nsearchives.nseindia.com/corporate/lkwalimbe_bajajauto_co_in_16072026103314_1_Final_SE_BMAG_Preliminary_Results_16_July_26.pdf,106699726,1
NSE_CORPORATE_ANNOUNCEMENTS,BAJAJ-AUTO,16-Jul-2026 12:57:44,2026-07-16,regular_session,2026-07-16,first_real_tick_after_announcement,1,Copy of Newspaper Publication,Bajaj Auto Limited has informed the Exchange about Copy of Newspaper Publication,https://nsearchives.nseindia.com/corporate/lkwalimbe_bajajauto_co_in_16072026125732_Newspaper_Advertisement_-_Post_Buyback.pdf,106699933,1
NSE_CORPORATE_ANNOUNCEMENTS,DRREDDY,15-Jul-2026 16:25:09,2026-07-15,post_close,2026-07-16,market_open_next_available_unseen_real_l2_day,1,General Updates,Dr. Reddy's Laboratories Limited has informed the Exchange about Conference call Transcript,https://nsearchives.nseindia.com/corporate/DRREDDY_15072026162459_SE_Intimation_Conferencecall_Transcript.pdf,106698720,1
NSE_CORPORATE_ANNOUNCEMENTS,HCLTECH,15-Jul-2026 22:34:19,2026-07-15,post_close,2026-07-16,market_open_next_available_unseen_real_l2_day,1,Analysts/Institutional Investor Meet/Con. Call Updates,HCL Technologies Limited has informed the Exchange about Transcript,https://nsearchives.nseindia.com/corporate/HCLTECH_15072026223403_TranscriptEarningsCall.pdf,106699373,1
NSE_CORPORATE_ANNOUNCEMENTS,HDFCBANK,15-Jul-2026 17:00:18,2026-07-15,post_close,2026-07-16,market_open_next_available_unseen_real_l2_day,1,Appointment,HDFC Bank Limited has informed the Exchange regarding receipt of approval from the Reserve Bank of India for appointment of Mr. Rajiv Kumar as Part-time Chairman of the Bank,https://nsearchives.nseindia.com/corporate/HDFCBANK_15072026165458_SEIntimation_RBI_approval_appointment_of_PTC.pdf,106698807,1
NSE_CORPORATE_ANNOUNCEMENTS,HDFCBANK,16-Jul-2026 11:06:07,2026-07-16,regular_session,2026-07-16,first_real_tick_after_announcement,1,"Certificate under SEBI (Depositories and Participants) Regulations, 2018","HDFC Bank Limited has informed the Exchange about Certificate under SEBI (Depositories and Participants) Regulations, 2018",https://nsearchives.nseindia.com/corporate/HDFCBANK_16072026110220_Reg74_5_30062026.pdf,106699773,1
NSE_CORPORATE_ANNOUNCEMENTS,HINDUNILVR,15-Jul-2026 19:03:06,2026-07-15,post_close,2026-07-16,market_open_next_available_unseen_real_l2_day,1,"Certificate under SEBI (Depositories and Participants) Regulations, 2018","Certificate under Regulation 74(5) of the SEBI (Depositories and Participants) Regulations, 2018 for the quarter ended 30th June 2026",https://nsearchives.nseindia.com/corporate/HINDUNILVR_15072026190254_Regulation74_5_Intimationsigned.pdf,106699154,1
NSE_CORPORATE_ANNOUNCEMENTS,ICICIBANK,16-Jul-2026 15:08:02,2026-07-16,regular_session,2026-07-16,first_real_tick_after_announcement,1,ESOP/ESOS/ESPS,ICICI Bank Limited has informed the Exchange regarding Allotment of 94547  Shares.,https://nsearchives.nseindia.com/corporate/ICICIBANK1_16072026150753_LETTER_TO_STOCK_EXCHNAGE1.pdf,106700095,1
NSE_CORPORATE_ANNOUNCEMENTS,NESTLEIND,15-Jul-2026 17:09:23,2026-07-15,post_close,2026-07-16,market_open_next_available_unseen_real_l2_day,1,Action(s) taken or orders passed,"Nestle India Limited has informed the Exchange Intimation regarding receipt of an Order from Superintendent of Taxes Charge-IV, Agartala Kar Bhavan, Palace Compound, West Tripura District, Tripura",https://nsearchives.nseindia.com/corporate/NESTLEIND1_15072026170846_STXIntimationVATOrder15072026signed.pdf,106698830,1
NSE_CORPORATE_ANNOUNCEMENTS,SBIN,15-Jul-2026 20:24:55,2026-07-15,post_close,2026-07-16,market_open_next_available_unseen_real_l2_day,1,Appointment,"State Bank Of India has informed the Exchange regarding Appointment of Mr. Sunil Ramgopal Agrawal as Chief Financial Officer (Designate) w.e.f. July 15, 2026.",https://nsearchives.nseindia.com/corporate/SBIN_15072026202434_BSE_NSE_CFO_15072026.pdf,106699268,1
NSE_CORPORATE_ANNOUNCEMENTS,TCS,15-Jul-2026 19:37:13,2026-07-15,post_close,2026-07-16,market_open_next_available_unseen_real_l2_day,1,Analysts/Institutional Investor Meet/Con. Call Updates,Tata Consultancy Services Limited has informed the Exchange about Transcript,https://nsearchives.nseindia.com/corporate/TCS_CORPCS_15072026193646_SEInt15072026_Signed.pdf,106699212,1
NSE_CORPORATE_ANNOUNCEMENTS,TCS,16-Jul-2026 11:30:08,2026-07-16,regular_session,2026-07-16,first_real_tick_after_announcement,1,Updates,Tata Consultancy Services Limited has informed the Exchange regarding 'Press Release - TCS and Google Cloud launch Gemini Experience Center in Kolkata'.,https://nsearchives.nseindia.com/corporate/TCS_CORPCS_16072026112154_PR_16July26_signed.pdf,106699790,1
NSE_CORPORATE_ANNOUNCEMENTS,ULTRACEMCO,15-Jul-2026 19:07:06,2026-07-15,post_close,2026-07-16,market_open_next_available_unseen_real_l2_day,1,Rumour Verification - Regulation 30(11),UltraTech Cement Limited has informed the Exchange about Rumour Verification - Regulation 30(11),https://nsearchives.nseindia.com/corporate/ULTRACEMCO_15072026190658_MPM15072026.pdf,106699163,1
NSE_CORPORATE_ANNOUNCEMENTS,WIPRO,15-Jul-2026 18:53:51,2026-07-15,post_close,2026-07-16,market_open_next_available_unseen_real_l2_day,1,Updates,"Wipro Limited has informed the Exchange regarding Allotment of 40,896 equity shares under ADS Restricted Stock Unit Plan 2004, 1,69,299 equity shares under the Restricted Stock Unit Plan 2007 and    44,748  (including ADSs and RSUs) equity shares under Employee Stock Options, Performance Stock Unit and Restricted Stock Unit Scheme 2024 on July 15, 2026, pursuant to exercise of ESOPs.",https://nsearchives.nseindia.com/corporate/Wipro_Secretarial_15072026185318_SE.pdf,106699128,1
NSE_CORPORATE_ANNOUNCEMENTS,WIPRO,15-Jul-2026 20:36:36,2026-07-15,post_close,2026-07-16,market_open_next_available_unseen_real_l2_day,1,Shareholders meeting,"Wipro Limited has informed the Exchange regarding Proceedings of Annual General Meeting held on July 15, 2026",https://nsearchives.nseindia.com/corporate/Cslogin_15072026203624_SEIntimationProceedingsofAGM.pdf,106699287,1
NSE_CORPORATE_ANNOUNCEMENTS,ADANIPORTS,16-Jul-2026 17:19:19,2026-07-16,post_close,2026-07-17,market_open_next_available_unseen_real_l2_day,1,Credit Rating,Adani Ports and Special Economic Zone Limited has informed the Exchange about Credit Rating,https://nsearchives.nseindia.com/corporate/rkbhagia_16072026171903_SEINTIMATION.pdf,106700313,1
NSE_CORPORATE_ANNOUNCEMENTS,BPCL,17-Jul-2026 14:13:29,2026-07-17,regular_session,2026-07-17,first_real_tick_after_announcement,1,Analysts/Institutional Investor Meet/Con. Call Updates,Bharat Petroleum Corporation Limited has informed the Exchange about Schedule of meet,https://nsearchives.nseindia.com/corporate/BPCL26_17072026141133_stexconcall17072026s.pdf,106701384,1
NSE_CORPORATE_ANNOUNCEMENTS,BRITANNIA,16-Jul-2026 23:55:26,2026-07-16,post_close,2026-07-17,market_open_next_available_unseen_real_l2_day,1,Shareholders meeting,"Britannia Industries Limited has informed the Exchange regarding Notice of Annual General Meeting to be held on August 07, 2026",https://nsearchives.nseindia.com/corporate/BRITANNIA1_16072026235434_Intimation_Signed.pdf,106700936,1
NSE_CORPORATE_ANNOUNCEMENTS,BRITANNIA,17-Jul-2026 00:04:13,2026-07-17,pre_open_or_overnight,2026-07-17,market_open_same_day,1,Updates,Britannia Industries Limited has informed the Exchange regarding 'Annual Report for FY 2025-26 and Notice of the 107th AGM'.,https://nsearchives.nseindia.com/corporate/BRITANNIA1_17072026000322_Intimation_Signed.pdf,106700938,1
NSE_CORPORATE_ANNOUNCEMENTS,BRITANNIA,17-Jul-2026 02:41:00,2026-07-17,pre_open_or_overnight,2026-07-17,market_open_same_day,1,General Updates,"Communication to the Shareholders describing the brief provisions of the Income Tax Act, 2025 and the documents required for Deduction of Tax at Source (TDS) on Final Dividend for the financial year ended 31 March 2026.",https://nsearchives.nseindia.com/corporate/BRITANNIA1_17072026024017_Intimation_Signed.pdf,106700956,1
NSE_CORPORATE_ANNOUNCEMENTS,HCLTECH,16-Jul-2026 15:48:23,2026-07-16,post_close,2026-07-17,market_open_next_available_unseen_real_l2_day,1,Press Release,"HCL Technologies Limited has informed the Exchange regarding a press release dated July 16, 2026, titled ""Release - HCLTech and Guardian Sign New Expanded Partnership for AI-powered Modernization Across Technology and Operations"" along with a disclosure in terms of Regulation 30(4) of the SEBI (Listing Obligations and Disclosures Requirements) Regulations 2015 regarding acquisition of stake in Guardian India Operations Private Limited i",https://nsearchives.nseindia.com/corporate/HCLTECH_16072026154616_Intimation-StockExchanges-Guardian.pdf,106700150,1
NSE_CORPORATE_ANNOUNCEMENTS,HCLTECH,16-Jul-2026 15:55:58,2026-07-16,post_close,2026-07-17,market_open_next_available_unseen_real_l2_day,1,Acquisition,"Release   ""HCLTech and Guardian Sign New Expanded Partnership for AI-powered Modernization Across Technology and Operations"" along with a disclosure in terms of Regulation 30(4) of the SEBI (Listing Obligations and Disclosures Requirements) Regulations 2015 regarding acquisition of stake in Guardian India Operations Private Limited",https://nsearchives.nseindia.com/corporate/HCLTECH_16072026155440_Intimation-StockExchanges-Guardian.pdf,106700164,1
NSE_CORPORATE_ANNOUNCEMENTS,ONGC,16-Jul-2026 15:32:22,2026-07-16,post_close,2026-07-17,market_open_next_available_unseen_real_l2_day,1,Credit Rating- Revision,Oil & Natural Gas Corporation Limited has informed the Exchange about Credit Rating- Revision,https://nsearchives.nseindia.com/corporate/ONGC_16072026153206_creditrating16072026.pdf,106700128,1
NSE_CORPORATE_ANNOUNCEMENTS,SBIN,16-Jul-2026 22:52:22,2026-07-16,post_close,2026-07-17,market_open_next_available_unseen_real_l2_day,1,General Updates,State Bank of India has informed the Exchange about Update on IPO of SBI Funds Management Limited,https://nsearchives.nseindia.com/corporate/SBIN_16072026225141_BSE_NSE_SBIFunds_16072026.pdf,106700879,1
NSE_CORPORATE_ANNOUNCEMENTS,SBIN,17-Jul-2026 10:23:45,2026-07-17,regular_session,2026-07-17,first_real_tick_after_announcement,1,General Updates,State Bank of India has informed the Exchange about Update on IPO of SBI Funds Management Limited,https://nsearchives.nseindia.com/corporate/SBIN_17072026102320_BSE_NSE_SBIFunds_17072026.pdf,106701118,1
NSE_CORPORATE_ANNOUNCEMENTS,TECHM,16-Jul-2026 16:05:12,2026-07-16,post_close,2026-07-17,market_open_next_available_unseen_real_l2_day,1,Outcome of Board Meeting,"Tech Mahindra Limited has submitted to the Exchange, the financial results for the period ended Jun 30, 2026.",https://nsearchives.nseindia.com/corporate/TECHM_16072026160242_Intimation-OutcomeQ1FY26_S.pdf,106700185,1
NSE_CORPORATE_ANNOUNCEMENTS,TECHM,16-Jul-2026 16:07:34,2026-07-16,post_close,2026-07-17,market_open_next_available_unseen_real_l2_day,1,Outcome of Board Meeting,"Tech Mahindra Limited has informed the Exchange regarding Outcome of Board Meeting held on July 16, 2026.",https://nsearchives.nseindia.com/corporate/TECHM_16072026160640_Intimation-OutcomeQ1FY26_S.pdf,106700192,1
NSE_CORPORATE_ANNOUNCEMENTS,TECHM,16-Jul-2026 16:09:29,2026-07-16,post_close,2026-07-17,market_open_next_available_unseen_real_l2_day,1,Press Release,"Tech Mahindra Limited has informed the Exchange regarding a press release dated July 16, 2026, titled ""Press Release"".",https://nsearchives.nseindia.com/corporate/TECHM_16072026160902_Intimation-OutcomeQ1FY26_S.pdf,106700196,1
NSE_CORPORATE_ANNOUNCEMENTS,TECHM,16-Jul-2026 16:11:14,2026-07-16,post_close,2026-07-17,market_open_next_available_unseen_real_l2_day,1,Investor Presentation,Tech Mahindra Limited has informed the Exchange about Investor Presentation,https://nsearchives.nseindia.com/corporate/TECHM_16072026161042_Intimation-OutcomeQ1FY26_S.pdf,106700200,1
NSE_CORPORATE_ANNOUNCEMENTS,TECHM,16-Jul-2026 19:45:23,2026-07-16,post_close,2026-07-17,market_open_next_available_unseen_real_l2_day,1,Acquisition,Tech Mahindra Limited has informed the Exchange about Acquisition,https://nsearchives.nseindia.com/corporate/TECHM_16072026194441_SE_intimation_Project_Gulf_deadline_extension_S.pdf,106700609,1
NSE_CORPORATE_ANNOUNCEMENTS,TECHM,16-Jul-2026 20:37:17,2026-07-16,post_close,2026-07-17,market_open_next_available_unseen_real_l2_day,1,Analysts/Institutional Investor Meet/Con. Call Updates,Tech Mahindra Limited has informed the Exchange about Link of Recording,https://nsearchives.nseindia.com/corporate/TECHM_16072026203648_AudioRecordingEarningsMeet_S.pdf,106700674,1
NSE_CORPORATE_ANNOUNCEMENTS,TECHM,17-Jul-2026 13:57:27,2026-07-17,regular_session,2026-07-17,first_real_tick_after_announcement,1,Copy of Newspaper Publication,Tech Mahindra Limited has informed the Exchange about Copy of Newspaper Publication,https://nsearchives.nseindia.com/corporate/TECHM_17072026135714_SEintimationnewpaperadvFR_Q1FY27_.pdf,106701371,1
NSE_CORPORATE_ANNOUNCEMENTS,WIPRO,16-Jul-2026 15:49:54,2026-07-16,post_close,2026-07-17,market_open_next_available_unseen_real_l2_day,1,Outcome of Board Meeting,"Wipro Limited has submitted to the Exchange, the financial results for the period ended Jun 30, 2026.",https://nsearchives.nseindia.com/corporate/Cslogin_16072026154829_Reg33Financials.pdf,106700151,1
NSE_CORPORATE_ANNOUNCEMENTS,WIPRO,16-Jul-2026 15:52:41,2026-07-16,post_close,2026-07-17,market_open_next_available_unseen_real_l2_day,1,Dividend,"Wipro Limited has informed the Exchange that Board of Directors at its meeting held on July 16, 2026, declared Interim Dividend of Rs. 2 per equity share.",https://nsearchives.nseindia.com/corporate/Cslogin_16072026155216_OutcomeofBM.pdf,106700155,1
NSE_CORPORATE_ANNOUNCEMENTS,WIPRO,16-Jul-2026 15:55:25,2026-07-16,post_close,2026-07-17,market_open_next_available_unseen_real_l2_day,1,Press Release,"Wipro Limited has informed the Exchange regarding a press release dated July 16, 2026, titled ""Wipro announces results for the Quarter ended June 30, 2026"".",https://nsearchives.nseindia.com/corporate/Cslogin_16072026155512_PressRelease.pdf,106700161,1
NSE_CORPORATE_ANNOUNCEMENTS,WIPRO,16-Jul-2026 15:58:02,2026-07-16,post_close,2026-07-17,market_open_next_available_unseen_real_l2_day,1,Record Date,Wipro Limited has informed the Exchange that Record date for the purpose of Dividend  is 27-Jul-2026.,https://nsearchives.nseindia.com/corporate/Cslogin_16072026155723_OutcomeofBM.pdf,106700170,1
NSE_CORPORATE_ANNOUNCEMENTS,WIPRO,16-Jul-2026 17:19:37,2026-07-16,post_close,2026-07-17,market_open_next_available_unseen_real_l2_day,1,Shareholders meeting,"Wipro Limited has submitted the Exchange a copy Srutinizers report of  Annual General Meeting held on July 15, 2026",https://nsearchives.nseindia.com/corporate/Cslogin_16072026171922_SEIntimationScrutinizerReport160072026.pdf,106700314,1
NSE_CORPORATE_ANNOUNCEMENTS,WIPRO,16-Jul-2026 20:27:05,2026-07-16,post_close,2026-07-17,market_open_next_available_unseen_real_l2_day,1,Updates,"Wipro Limited has informed the Exchange regarding 'Auditor's Report on financial statements for the quarter ended June 30, 2026 withUDIN'.",https://nsearchives.nseindia.com/corporate/Wipro_Secretarial_16072026202648_UDINFinancials.pdf,106700663,1
NSE_CORPORATE_ANNOUNCEMENTS,WIPRO,16-Jul-2026 20:59:03,2026-07-16,post_close,2026-07-17,market_open_next_available_unseen_real_l2_day,1,Analysts/Institutional Investor Meet/Con. Call Updates,"Wipro Limited has informed the Exchange  that the audio and video recording of the earnings press conference held on July 16, 2026 is available on the Company s website at https://www.wipro.com/newsroom/press-releases/2026/wipro-press-conference-q1-fy-2026-2027/",https://nsearchives.nseindia.com/corporate/Wipro_Secretarial_16072026205822_SEIntimatioAudioVideolink.pdf,106700695,1
NSE_CORPORATE_ANNOUNCEMENTS,AXISBANK,20-Jul-2026 15:19:45,2026-07-20,regular_session,2026-07-20,first_real_tick_after_announcement,1,Copy of Newspaper Publication,Axis Bank Limited has informed the Exchange about Copy of Newspaper Publication,https://nsearchives.nseindia.com/corporate/AXISBANK1_20072026151927_Newspaper_PublicationSigned.pdf,106703402,1
NSE_CORPORATE_ANNOUNCEMENTS,BAJAJ-AUTO,17-Jul-2026 16:27:40,2026-07-17,post_close,2026-07-20,market_open_next_available_unseen_real_l2_day,1,"Certificate under SEBI (Depositories and Participants) Regulations, 2018","Bajaj Auto Limited has informed the Exchange about Certificate under SEBI (Depositories and Participants) Regulations, 2018",https://nsearchives.nseindia.com/corporate/lkwalimbe_bajajauto_co_in_17072026162642_74_5___002_.pdf,106701591,1
NSE_CORPORATE_ANNOUNCEMENTS,BHARTIARTL,17-Jul-2026 16:13:26,2026-07-17,post_close,2026-07-20,market_open_next_available_unseen_real_l2_day,1,Action(s) taken or orders passed,Bharti Airtel Limited has informed the Exchange about Action(s) taken or orders passed.,https://nsearchives.nseindia.com/corporate/BHARTIARTL_17072026161117_Reg30DoTJuly17AP.pdf,106701559,1
NSE_CORPORATE_ANNOUNCEMENTS,BHARTIARTL,17-Jul-2026 19:31:45,2026-07-17,post_close,2026-07-20,market_open_next_available_unseen_real_l2_day,1,Action(s) taken or orders passed,Bharti Airtel Limited has informed the Exchange about Action(s) taken or orders passed.,https://nsearchives.nseindia.com/corporate/BHARTIARTL_17072026193135_Reg30DoTJuly17UPE.pdf,106702038,1
NSE_CORPORATE_ANNOUNCEMENTS,BRITANNIA,17-Jul-2026 16:58:52,2026-07-17,post_close,2026-07-20,market_open_next_available_unseen_real_l2_day,1,Copy of Newspaper Publication,Britannia Industries Limited has informed the Exchange about Copy of Newspaper Publication,https://nsearchives.nseindia.com/corporate/BRITANNIA1_17072026165838_SEIntimation_signed.pdf,106701684,1
NSE_CORPORATE_ANNOUNCEMENTS,HCLTECH,17-Jul-2026 18:51:06,2026-07-17,post_close,2026-07-20,market_open_next_available_unseen_real_l2_day,1,Updates,"Release: ""HCLTech expands India footprint with Global Technology Center in GIFT City.""",https://nsearchives.nseindia.com/corporate/HCLTECH_17072026185033_Release17July2026.pdf,106701955,1
NSE_CORPORATE_ANNOUNCEMENTS,HCLTECH,20-Jul-2026 13:16:48,2026-07-20,regular_session,2026-07-20,first_real_tick_after_announcement,1,Updates,HCL Technologies Limited has informed the Exchange regarding Release:  HCLTech named a Customers  Choice in 2026 Gartner® Peer Insights  Voice of the Customer for Outsourced Digital Workplace Services .,https://nsearchives.nseindia.com/corporate/HCLTECH_20072026131626_Release20July2026.pdf,106703288,1
NSE_CORPORATE_ANNOUNCEMENTS,ITC,20-Jul-2026 14:44:43,2026-07-20,regular_session,2026-07-20,first_real_tick_after_announcement,1,Copy of Newspaper Publication,ITC Limited has informed the Exchange about Copy of Newspaper Publication,https://nsearchives.nseindia.com/corporate/ITC_20072026144416_SELetter.pdf,106703368,1
NSE_CORPORATE_ANNOUNCEMENTS,LT,17-Jul-2026 17:00:01,2026-07-17,post_close,2026-07-20,market_open_next_available_unseen_real_l2_day,1,Analysts/Institutional Investor Meet/Con. Call Updates,Larsen & Toubro Limited has informed the Exchange about Schedule of meet,https://nsearchives.nseindia.com/corporate/PAM_17072026165939_Intimation17072026.pdf,106701686,1
NSE_CORPORATE_ANNOUNCEMENTS,LT,20-Jul-2026 09:09:48,2026-07-20,pre_open_or_overnight,2026-07-20,market_open_same_day,1,Bagging/Receiving of orders/contracts,Larsen & Toubro Limited has informed the Exchange about Bagging/Receiving of orders/contracts,https://nsearchives.nseindia.com/corporate/PAM_20072026090928_PressRelease20072026.pdf,106702971,1
NSE_CORPORATE_ANNOUNCEMENTS,ONGC,17-Jul-2026 18:35:05,2026-07-17,post_close,2026-07-20,market_open_next_available_unseen_real_l2_day,1,Press Release,"Oil & Natural Gas Corporation Limited has informed the Exchange regarding a press release dated July 17, 2026, titled ""Hon ble Lieutenant Governor of Ladakh Marks ONGC s Landmark Completion of Two Deep Geothermal Wells at Puga"".",https://nsearchives.nseindia.com/corporate/ONGC_17072026183328_PressRelease17072026.pdf,106701922,1
NSE_CORPORATE_ANNOUNCEMENTS,RELIANCE,17-Jul-2026 19:07:44,2026-07-17,post_close,2026-07-20,market_open_next_available_unseen_real_l2_day,1,Outcome of Board Meeting,"Please find attached Consolidated and Standalone unaudited financial results for the quarter ended June 30, 2026.",https://nsearchives.nseindia.com/corporate/kavinavora_17072026190726_SE_FR_1.pdf,106701986,1
NSE_CORPORATE_ANNOUNCEMENTS,RELIANCE,17-Jul-2026 19:19:47,2026-07-17,post_close,2026-07-20,market_open_next_available_unseen_real_l2_day,1,Press Release,"In continuation of our letter of today''s date on the Consolidated and Standalone Unaudited Financial Results for the quarter ended June 30, 2026, we attach a copy of media release being issued by the Company",https://nsearchives.nseindia.com/corporate/kavinavora_17072026191923_SE_MR_1.pdf,106702014,1
NSE_CORPORATE_ANNOUNCEMENTS,RELIANCE,17-Jul-2026 19:23:12,2026-07-17,post_close,2026-07-20,market_open_next_available_unseen_real_l2_day,1,Investor Presentation,Reliance Industries Limited has informed the Exchange about Investor Presentation,https://nsearchives.nseindia.com/corporate/kavinavora_17072026192250_SE_Presentation_1.pdf,106702019,1
NSE_CORPORATE_ANNOUNCEMENTS,ULTRACEMCO,20-Jul-2026 14:22:16,2026-07-20,regular_session,2026-07-20,first_real_tick_after_announcement,1,Outcome of Board Meeting,"UltraTech Cement Limited has submitted to the Exchange, the financial results for the period ended June 30, 2026.",https://nsearchives.nseindia.com/corporate/ULTRACEMCO1_20072026142206_Outcome_of_BM.pdf,106703342,1
NSE_CORPORATE_ANNOUNCEMENTS,ULTRACEMCO,20-Jul-2026 14:26:28,2026-07-20,regular_session,2026-07-20,first_real_tick_after_announcement,1,Investor Presentation,UltraTech Cement Limited has informed the Exchange about Investor Presentation,https://nsearchives.nseindia.com/corporate/ULTRACEMCO1_20072026142500_SEinvestorpresentation.pdf,106703346,1
NSE_CORPORATE_ANNOUNCEMENTS,ULTRACEMCO,20-Jul-2026 14:28:05,2026-07-20,regular_session,2026-07-20,first_real_tick_after_announcement,1,Press Release,"UltraTech Cement Limited has informed the Exchange regarding a press release dated July 20, 2026, titled ""Quarter ended 30th June, 2026"".",https://nsearchives.nseindia.com/corporate/ULTRACEMCO1_20072026142756_Outcome_of_BM.pdf,106703351,1
NSE_CORPORATE_ANNOUNCEMENTS,ULTRACEMCO,20-Jul-2026 14:42:09,2026-07-20,regular_session,2026-07-20,first_real_tick_after_announcement,1,Appointment,"UltraTech Cement Limited has informed the Exchange regarding re-appointment of  Mr. Vivek Agrawal as Whole-time Director and Chief Marketing Officer of the company w.e.f. January 01, 2027.",https://nsearchives.nseindia.com/corporate/ULTRACEMCO1_20072026144153_SEIntimation_WTD_re-appointment.pdf,106703362,1
NSE_CORPORATE_ANNOUNCEMENTS,WIPRO,17-Jul-2026 16:12:41,2026-07-17,post_close,2026-07-20,market_open_next_available_unseen_real_l2_day,1,Copy of Newspaper Publication,"Wipro Limited has informed the Exchange about Newspaper Advertisement - Regulation 47 of SEBI (Listing Obligations and Disclosure Requirements) Regulations, 2015",https://nsearchives.nseindia.com/corporate/Cslogin_17072026161225_Reg47NewspaperAd.pdf,106701555,1
NSE_CORPORATE_ANNOUNCEMENTS,WIPRO,17-Jul-2026 16:30:50,2026-07-17,post_close,2026-07-20,market_open_next_available_unseen_real_l2_day,1,Analysts/Institutional Investor Meet/Con. Call Updates,"Wipro Limited has informed the Exchange about Transcript of the Analyst / Institutional Investor Meeting held on July 16, 2026.",https://nsearchives.nseindia.com/corporate/Cslogin_17072026162727_SEIntimation17072026.pdf,106701598,1
NSE_CORPORATE_ANNOUNCEMENTS,BAJAJ-AUTO,20-Jul-2026 18:11:07,2026-07-20,post_close,2026-07-21,market_open_next_available_unseen_real_l2_day,1,Reply to Clarification- Financial results,"The Exchange had sought clarification from Bajaj Auto Limited for the quarter ended 31-Mar-2025 with respect to Regulation 33 of the SEBI (Listing Obligations and Disclosure Requirements) Regulations, 2015. On basis of above the Company was required to clarify the following:   -1. The company has not submitted the Statement of Impact of Audit Qualifications in case of modified opinion(s) The response of the Company is enclosed.",https://nsearchives.nseindia.com/corporate/lkwalimbe_bajajauto_co_in_27062025144213_NSE_clarification_Audit_Qualification_27_June_2025.pdf,106703749,1
NSE_CORPORATE_ANNOUNCEMENTS,BAJAJ-AUTO,21-Jul-2026 12:43:08,2026-07-21,regular_session,2026-07-21,first_real_tick_after_announcement,1,Outcome of Board Meeting,"Bajaj Auto Limited has submitted to the Exchange, the financial results for the period ended Jun 30, 2026.",https://nsearchives.nseindia.com/corporate/lkwalimbe_bajajauto_co_in_21072026124211_SE_FR.pdf,106704742,1
NSE_CORPORATE_ANNOUNCEMENTS,BAJAJ-AUTO,21-Jul-2026 12:52:47,2026-07-21,regular_session,2026-07-21,first_real_tick_after_announcement,1,General Updates,Bajaj Auto Limited has informed the Exchange about seventh grant of Stock Options pursuant to Bajaj Auto Employee Stock Option Scheme 2019,https://nsearchives.nseindia.com/corporate/lkwalimbe_bajajauto_co_in_21072026125221_SE_ESOP.pdf,106704751,1
NSE_CORPORATE_ANNOUNCEMENTS,HCLTECH,20-Jul-2026 19:55:14,2026-07-20,post_close,2026-07-21,market_open_next_available_unseen_real_l2_day,1,Shareholders meeting,"HCL Technologies Limited has informed the Exchange regarding Notice of Annual General Meeting to be held on August 12, 2026",https://nsearchives.nseindia.com/corporate/HCLTECH_20072026195435_HCLTechAGMNoticeandAnnualReport2026.pdf,106704006,1
NSE_CORPORATE_ANNOUNCEMENTS,HCLTECH,20-Jul-2026 20:23:26,2026-07-20,post_close,2026-07-21,market_open_next_available_unseen_real_l2_day,1,Updates,HCL Technologies Limited has informed the Exchange regarding 'Business Responsibility and Sustainability Report (FY 2025-26)'.,https://nsearchives.nseindia.com/corporate/HCLTECH_20072026202247_HCLTechAGMNoticeandAnnualReport2026.pdf,106704043,1
NSE_CORPORATE_ANNOUNCEMENTS,HCLTECH,20-Jul-2026 20:31:15,2026-07-20,post_close,2026-07-21,market_open_next_available_unseen_real_l2_day,1,Updates,HCL Technologies Limited has informed the Exchange regarding 'Business Responsibility and Sustainability Report (FY 2025-26)'.,https://nsearchives.nseindia.com/corporate/HCLTECH_20072026203041_BRSR_Letter_and_clarification.pdf,106704052,1
NSE_CORPORATE_ANNOUNCEMENTS,HCLTECH,21-Jul-2026 13:37:56,2026-07-21,regular_session,2026-07-21,first_real_tick_after_announcement,1,Updates,HCL Technologies Limited has informed the Exchange regarding Release:  HCLTech report exposes widening AI divide with only 18% of enterprises seeing revenue impact despite near-universal adoption .,https://nsearchives.nseindia.com/corporate/HCLTECH_21072026133732_Release21July2026.pdf,106704810,1
NSE_CORPORATE_ANNOUNCEMENTS,HDFCBANK,21-Jul-2026 13:50:17,2026-07-21,regular_session,2026-07-21,first_real_tick_after_announcement,1,ESOP/ESOS/ESPS,HDFC Bank Limited has informed the Exchange regarding Allotment of 3815292  Shares.,https://nsearchives.nseindia.com/corporate/HDFCBANK_21072026134737_SELetterESOP21072026.pdf,106704818,1
NSE_CORPORATE_ANNOUNCEMENTS,ICICIBANK,20-Jul-2026 16:12:11,2026-07-20,post_close,2026-07-21,market_open_next_available_unseen_real_l2_day,1,ESOP/ESOS/ESPS,ICICI Bank Limited has informed the Exchange regarding Allotment of 279055  Shares.,https://nsearchives.nseindia.com/corporate/ICICIBANK1_20072026161153_Lettertoexchange.pdf,106703492,1
NSE_CORPORATE_ANNOUNCEMENTS,ICICIBANK,20-Jul-2026 17:39:28,2026-07-20,post_close,2026-07-21,market_open_next_available_unseen_real_l2_day,1,Updates,"ICICI Bank Limited has informed the Exchange regarding 'Filing of Annual Report in Form 20-F for the year ended March 31, 2026'.",https://nsearchives.nseindia.com/corporate/ICICI2022_20072026173908_NSEBSE_20072026.pdf,106703685,1
NSE_CORPORATE_ANNOUNCEMENTS,ICICIBANK,20-Jul-2026 18:30:36,2026-07-20,post_close,2026-07-21,market_open_next_available_unseen_real_l2_day,1,Copy of Newspaper Publication,ICICI Bank Limited has informed the Exchange regarding Notice of Annual General Meeting - Newspaper Publication,https://nsearchives.nseindia.com/corporate/ICICI2022_20072026182740_BSENSE_NP_20072026.pdf,106703830,1
NSE_CORPORATE_ANNOUNCEMENTS,MARUTI,21-Jul-2026 15:11:00,2026-07-21,regular_session,2026-07-21,first_real_tick_after_announcement,1,General Updates,Maruti Suzuki India Limited has informed the Exchange about Advance intimation regarding price increase,https://nsearchives.nseindia.com/corporate/MARUTIASHISH_21072026150928_StxIntimation_PriceIncrease_21July2026.pdf,106704908,1
NSE_CORPORATE_ANNOUNCEMENTS,RELIANCE,21-Jul-2026 12:14:45,2026-07-21,regular_session,2026-07-21,first_real_tick_after_announcement,1,Shareholders meeting,"The Postal Ballot Notice dated July 17, 2026, along with the explanatory statement, seeking approval of the members of the Company, by way of remote e-voting process, is attached.",https://nsearchives.nseindia.com/corporate/kavinavora_21072026121432_PB_Notice_21072026.pdf,106704707,1
NSE_CORPORATE_ANNOUNCEMENTS,TECHM,20-Jul-2026 17:02:10,2026-07-20,post_close,2026-07-21,market_open_next_available_unseen_real_l2_day,1,General Updates,"Tech Mahindra Limited has informed the Exchange about Notice to Shareholders regarding Scheme of Merger between Zen3 Infosolutions Private Limited, Tech Mahindra Enterprise Services Limited, Begig Private Limited and Tech Mahindra Limited",https://nsearchives.nseindia.com/corporate/TECHM_20072026170100_SE_Intimation_F_S.pdf,106703602,1
NSE_CORPORATE_ANNOUNCEMENTS,TECHM,21-Jul-2026 13:14:22,2026-07-21,regular_session,2026-07-21,first_real_tick_after_announcement,1,Allotment of Securities,"Tech Mahindra Limited has informed the Exchange regarding allotment of 26848 securities pursuant to ESOP/ESPS at its meeting held on July 21, 2026",https://nsearchives.nseindia.com/corporate/Apekshakhemka_21072026131412_Signed_-_ESOP_allotment_Intimation.pdf,106704782,1
NSE_CORPORATE_ANNOUNCEMENTS,ULTRACEMCO,20-Jul-2026 18:59:18,2026-07-20,post_close,2026-07-21,market_open_next_available_unseen_real_l2_day,1,Options to purchase securities,UltraTech Cement Limited has informed the Exchange about Options to purchase securities,https://nsearchives.nseindia.com/corporate/ULTRACEMCO_20072026185858_SEIntimation.pdf,106703906,1
NSE_CORPORATE_ANNOUNCEMENTS,ULTRACEMCO,20-Jul-2026 19:09:30,2026-07-20,post_close,2026-07-21,market_open_next_available_unseen_real_l2_day,1,Record Date,UltraTech Cement Limited has informed the Exchange that Record date for the purpose of Dividend  is 30-Jul-2026.,https://nsearchives.nseindia.com/corporate/ULTRACEMCO1_20072026190851_AGM_and_Record_date.pdf,106703926,1
NSE_CORPORATE_ANNOUNCEMENTS,ULTRACEMCO,20-Jul-2026 19:13:53,2026-07-20,post_close,2026-07-21,market_open_next_available_unseen_real_l2_day,1,Updates,UltraTech Cement Limited has informed the Exchange regarding 'Annual General Meeting and Record Date Intimation'.,https://nsearchives.nseindia.com/corporate/ULTRACEMCO1_20072026191339_AGM_and_Record_date.pdf,106703936,1
NSE_CORPORATE_ANNOUNCEMENTS,ULTRACEMCO,20-Jul-2026 19:26:49,2026-07-20,post_close,2026-07-21,market_open_next_available_unseen_real_l2_day,1,Updates,UltraTech Cement Limited has informed the Exchange regarding 'Prior intimation regarding issue of Non-Convertible Debentures of UltraTech Cement Limited'.,https://nsearchives.nseindia.com/corporate/ULTRACEMCO1_20072026192640_Prior_Intimation_NCD.pdf,106703961,1
NSE_CORPORATE_ANNOUNCEMENTS,ULTRACEMCO,20-Jul-2026 19:55:20,2026-07-20,post_close,2026-07-21,market_open_next_available_unseen_real_l2_day,1,Analysts/Institutional Investor Meet/Con. Call Updates,UltraTech Cement Limited has informed the Exchange about Link of Recording,https://nsearchives.nseindia.com/corporate/ULTRACEMCO1_20072026195510_Covering_Letter_-_Earnings_call_-_audio.pdf,106704007,1
NSE_CORPORATE_ANNOUNCEMENTS,ULTRACEMCO,21-Jul-2026 12:29:48,2026-07-21,regular_session,2026-07-21,first_real_tick_after_announcement,1,Copy of Newspaper Publication,UltraTech Cement Limited has informed the Exchange about Copy of Newspaper Publication,https://nsearchives.nseindia.com/corporate/ULTRACEMCO1_21072026122937_SE_Letter_Newspaper.pdf,106704719,1
NSE_CORPORATE_ANNOUNCEMENTS,AXISBANK,21-Jul-2026 16:44:03,2026-07-21,post_close,2026-07-22,market_open_next_available_unseen_real_l2_day,1,ESOP/ESOS/ESPS,Axis Bank Limited has informed the Exchange regarding Allotment of 116524  Shares.,https://nsearchives.nseindia.com/corporate/AXISBANK1_21072026164341_SE21072026.pdf,106705112,1
NSE_CORPORATE_ANNOUNCEMENTS,BAJAJ-AUTO,21-Jul-2026 19:01:27,2026-07-21,post_close,2026-07-22,market_open_next_available_unseen_real_l2_day,1,Shareholders meeting,"Bajaj Auto Limited has informed the Exchange regarding summary of proceedings of the 19th Annual General Meeting held on July 21, 2026",https://nsearchives.nseindia.com/corporate/lkwalimbe_bajajauto_co_in_21072026190115_SE_Proceedings_AGM.pdf,106705514,1
NSE_CORPORATE_ANNOUNCEMENTS,BAJAJ-AUTO,21-Jul-2026 20:34:04,2026-07-21,post_close,2026-07-22,market_open_next_available_unseen_real_l2_day,1,Analysts/Institutional Investor Meet/Con. Call Updates,Bajaj Auto Limited has informed the Exchange about Link of Recording,https://nsearchives.nseindia.com/corporate/lkwalimbe_bajajauto_co_in_21072026203347_SE_-_Q1_FY27_Recording.pdf,106705680,1
NSE_CORPORATE_ANNOUNCEMENTS,BPCL,22-Jul-2026 14:40:48,2026-07-22,regular_session,2026-07-22,first_real_tick_after_announcement,1,Outcome of Board Meeting,"Bharat Petroleum Corporation Limited has submitted to the Exchange, the financial results for the period ended Jun 30, 2026.",https://nsearchives.nseindia.com/corporate/BPCL26_22072026143713_stexfinresults220726s.pdf,106706416,1
NSE_CORPORATE_ANNOUNCEMENTS,HCLTECH,21-Jul-2026 18:21:08,2026-07-21,post_close,2026-07-22,market_open_next_available_unseen_real_l2_day,1,Copy of Newspaper Publication,HCL Technologies Limited has informed the Exchange about Copy of Newspaper Publication,https://nsearchives.nseindia.com/corporate/HCLTECH_21072026182052_Stock_Exchange_Intimation_PostAGM_NP_Ad.pdf,106705416,1
NSE_CORPORATE_ANNOUNCEMENTS,ICICIBANK,21-Jul-2026 23:20:36,2026-07-21,post_close,2026-07-22,market_open_next_available_unseen_real_l2_day,1,General Updates,"ICICI Bank Limited has informed the Exchange about Disclosure under Regulation 30 read with Para A of Schedule III and Regulation 46(2) of the Securities and Exchange Board of India (Listing Obligations and Disclosure Requirements) Regulations, 2015.",https://nsearchives.nseindia.com/corporate/ICICI2022_21072026231248_NSEBSE_21072026.pdf,106705817,1
NSE_CORPORATE_ANNOUNCEMENTS,ICICIBANK,22-Jul-2026 06:46:32,2026-07-22,pre_open_or_overnight,2026-07-22,market_open_same_day,1,Investor Presentation,ICICI Bank Limited has informed the Exchange about Investor Presentation,https://nsearchives.nseindia.com/corporate/ICICI2022_22072026064344_NSEBSE_22072026.pdf,106705946,1
NSE_CORPORATE_ANNOUNCEMENTS,INFY,21-Jul-2026 15:36:37,2026-07-21,post_close,2026-07-22,market_open_next_available_unseen_real_l2_day,1,Updates,Infosys Limited has informed the Exchange regarding 'Disclosure Under Regulation 30 Of SEBI LODR Regulations'.,https://nsearchives.nseindia.com/corporate/Infosys_21072026153557_SE_filing_Reg_30_disclosure.pdf,106704970,1
NSE_CORPORATE_ANNOUNCEMENTS,INFY,22-Jul-2026 12:20:46,2026-07-22,regular_session,2026-07-22,first_real_tick_after_announcement,1,Updates,"Infosys Limited has informed the Exchange regarding 'Hon ble Prime Minister of India Shri Narendra Modi Inaugurates Advanced Mother and Child Centre at PGIMER, Chandigarh, Supported by Infosys Foundation'.",https://nsearchives.nseindia.com/corporate/Infosys_22072026122014_PR_22072026.pdf,106706256,1
NSE_CORPORATE_ANNOUNCEMENTS,NESTLEIND,22-Jul-2026 11:11:18,2026-07-22,regular_session,2026-07-22,first_real_tick_after_announcement,1,Outcome of Board Meeting,"Nestle India Limited has submitted to the Exchange, the Unaudited Financial Results (standalone and consolidated) for the first quarter ended 30th June 2026",https://nsearchives.nseindia.com/corporate/NESTLEIND1_22072026111047_BSENSEUFRs30062026signed.pdf,106706181,1
NSE_CORPORATE_ANNOUNCEMENTS,NESTLEIND,22-Jul-2026 11:18:41,2026-07-22,regular_session,2026-07-22,first_real_tick_after_announcement,1,Press Release,"Nestle India Limited has informed the Exchange regarding a press release dated July 22, 2026, titled ""Nestlé India delivered robust 25.4% sales growth led by strong volume growth - All four product groups recorded strong double-digit growth"".",https://nsearchives.nseindia.com/corporate/NESTLEIND1_22072026111812_BSENSEUFRs30062026signed.pdf,106706184,1
NSE_CORPORATE_ANNOUNCEMENTS,SBIN,21-Jul-2026 16:12:21,2026-07-21,post_close,2026-07-22,market_open_next_available_unseen_real_l2_day,1,Press Release,"State Bank of India has informed the Exchange regarding a press release dated July 21, 2026, titled ""Listing of SBI Funds Management Limited"".",https://nsearchives.nseindia.com/corporate/SBIN_21072026161210_BSE_NSE_PressRelease_21072026.pdf,106705034,1
NSE_CORPORATE_ANNOUNCEMENTS,TECHM,21-Jul-2026 20:56:40,2026-07-21,post_close,2026-07-22,market_open_next_available_unseen_real_l2_day,1,General Updates,Tech Mahindra Limited has informed the Exchange about General Updates,https://nsearchives.nseindia.com/corporate/Apekshakhemka_21072026205630_Signed_-_SE_intimation_ESG_rating_crisil.pdf,106705690,1
NSE_CORPORATE_ANNOUNCEMENTS,TECHM,22-Jul-2026 12:10:54,2026-07-22,regular_session,2026-07-22,first_real_tick_after_announcement,1,Analysts/Institutional Investor Meet/Con. Call Updates,Tech Mahindra Limited has informed the Exchange about Transcript,https://nsearchives.nseindia.com/corporate/Apekshakhemka_22072026121038_Signed_SEintimationtranscript.pdf,106706236,1
NSE_CORPORATE_ANNOUNCEMENTS,WIPRO,21-Jul-2026 19:23:03,2026-07-21,post_close,2026-07-22,market_open_next_available_unseen_real_l2_day,1,General Updates,"Wipro Limited has informed the Exchange about Intimation under Regulation 30 of SEBI (Listing Obligations and Disclosure Requirements) Regulations, 2015",https://nsearchives.nseindia.com/corporate/Cslogin_21072026191548_Reg30SEIntimation21072026.pdf,106705563,1
NSE_CORPORATE_ANNOUNCEMENTS,BAJAJ-AUTO,22-Jul-2026 20:31:27,2026-07-22,post_close,2026-07-23,market_open_next_available_unseen_real_l2_day,1,Shareholders meeting,"Bajaj Auto Limited has submitted the Exchange a copy Srutinizers report of  19th Annual General Meeting held on July 21, 2026. Further, the company has informed the Exchange regarding voting results.",https://nsearchives.nseindia.com/corporate/lkwalimbe_bajajauto_co_in_22072026203113_SE_Intimation_AGM_VR_Signed.pdf,106707142,1
NSE_CORPORATE_ANNOUNCEMENTS,BHARTIARTL,22-Jul-2026 16:13:11,2026-07-22,post_close,2026-07-23,market_open_next_available_unseen_real_l2_day,1,Action(s) taken or orders passed,Bharti Airtel Limited has informed the Exchange about Action(s) taken or orders passed,https://nsearchives.nseindia.com/corporate/BHARTIARTL_22072026160914_BhartiAirtelReg30disclosure.pdf,106706585,1
NSE_CORPORATE_ANNOUNCEMENTS,BPCL,22-Jul-2026 20:46:39,2026-07-22,post_close,2026-07-23,market_open_next_available_unseen_real_l2_day,1,Investor Presentation,Bharat Petroleum Corporation Limited has informed the Exchange about Investor Presentation,https://nsearchives.nseindia.com/corporate/BPCL22_22072026204629_stexinvestorhandouts22726s.pdf,106707155,1
NSE_CORPORATE_ANNOUNCEMENTS,CIPLA,23-Jul-2026 12:00:06,2026-07-23,regular_session,2026-07-23,first_real_tick_after_announcement,1,Outcome of Board Meeting,"Cipla Limited has submitted to the Exchange, the financial results for the period ended June 30, 2026.",https://nsearchives.nseindia.com/corporate/CIPLA_23072026115824_SEIntimationFinancialresultsQ1FY27F.pdf,106707724,1
NSE_CORPORATE_ANNOUNCEMENTS,CIPLA,23-Jul-2026 12:39:45,2026-07-23,regular_session,2026-07-23,first_real_tick_after_announcement,1,Investor Presentation,Cipla Limited has informed the Exchange about Investor Presentation,https://nsearchives.nseindia.com/corporate/CIPLA_23072026123853_SEItimationInvestorPresentationsigned.pdf,106707778,1
NSE_CORPORATE_ANNOUNCEMENTS,CIPLA,23-Jul-2026 12:43:36,2026-07-23,regular_session,2026-07-23,first_real_tick_after_announcement,1,Press Release,"Cipla Limited has informed the Exchange regarding a press release dated July 23, 2026, titled 'Q1 FY27 Results'",https://nsearchives.nseindia.com/corporate/CIPLA_23072026124248_SEIntimationPressReleasesigned.pdf,106707785,1
NSE_CORPORATE_ANNOUNCEMENTS,CIPLA,23-Jul-2026 13:14:03,2026-07-23,regular_session,2026-07-23,first_real_tick_after_announcement,1,Outcome of Board Meeting,"Cipla Limited has informed the Exchange regarding Outcome of Board Meeting held on July 23, 2026.",https://nsearchives.nseindia.com/corporate/CIPLA_23072026131318_SEIntimationChangeinSMPsigned.pdf,106707873,1
NSE_CORPORATE_ANNOUNCEMENTS,CIPLA,23-Jul-2026 13:17:47,2026-07-23,regular_session,2026-07-23,first_real_tick_after_announcement,1,Change in Management,Cipla Limited has informed the Exchange about change in management.,https://nsearchives.nseindia.com/corporate/CIPLA_23072026131707_SEIntimationChangeinSMPReportingsigned.pdf,106707879,1
NSE_CORPORATE_ANNOUNCEMENTS,CIPLA,23-Jul-2026 13:24:24,2026-07-23,regular_session,2026-07-23,first_real_tick_after_announcement,1,Updates,Cipla Limited has informed the Exchange regarding 'Grant Of Stock Options and  Employee Stock Appreciation Rights'.,https://nsearchives.nseindia.com/corporate/CIPLA_23072026132406_GrantofSharesBasedincentivesigned.pdf,106707884,1
NSE_CORPORATE_ANNOUNCEMENTS,CIPLA,23-Jul-2026 13:31:00,2026-07-23,regular_session,2026-07-23,first_real_tick_after_announcement,1,Updates,Cipla Limited has informed the Exchange that the Board has approved the changes in the Key Managerial Personnels (KMPs) and Officers authorised under Regulation 30(5) of the SEBI Listing Regulations.,https://nsearchives.nseindia.com/corporate/CIPLA_23072026133041_Reg30_5__BM23072026signed.pdf,106707896,1
NSE_CORPORATE_ANNOUNCEMENTS,DRREDDY,22-Jul-2026 16:18:02,2026-07-22,post_close,2026-07-23,market_open_next_available_unseen_real_l2_day,1,Outcome of Board Meeting,"Dr. Reddy's Laboratories Limited has submitted to the Exchange, the financial results for the period ended Jun 30, 2026.",https://nsearchives.nseindia.com/corporate/DRREDDY_22072026161515_SE_Intimation_Outcome_results_22072026_1.pdf,106706597,1
NSE_CORPORATE_ANNOUNCEMENTS,DRREDDY,22-Jul-2026 16:21:28,2026-07-22,post_close,2026-07-23,market_open_next_available_unseen_real_l2_day,1,Change in Management,Dr. Reddy's Laboratories Limited has informed the Exchange about change in Management,https://nsearchives.nseindia.com/corporate/DRREDDY_22072026162110_SE_intimation_Reg30_change_in_mgt_auditor_22072026_1.pdf,106706606,1
NSE_CORPORATE_ANNOUNCEMENTS,DRREDDY,22-Jul-2026 16:44:07,2026-07-22,post_close,2026-07-23,market_open_next_available_unseen_real_l2_day,1,General Updates,Dr. Reddy's Laboratories Limited has informed the Exchange about allotment of Employee Stock Options,https://nsearchives.nseindia.com/corporate/DRREDDY_22072026164348_SE_intimation_ESOP_grants_final_with_annexure.pdf,106706646,1
NSE_CORPORATE_ANNOUNCEMENTS,DRREDDY,22-Jul-2026 16:48:23,2026-07-22,post_close,2026-07-23,market_open_next_available_unseen_real_l2_day,1,Investor Presentation,Dr. Reddy's Laboratories Limited has informed the Exchange about Investor Presentation,https://nsearchives.nseindia.com/corporate/DRREDDY_22072026164806_SEintimation_Investor_presentation_22072026.pdf,106706656,1
NSE_CORPORATE_ANNOUNCEMENTS,DRREDDY,23-Jul-2026 08:09:46,2026-07-23,pre_open_or_overnight,2026-07-23,market_open_same_day,1,Press Release,"Dr. Reddy's Laboratories Limited has informed the Exchange regarding a press release dated July 23, 2026, titled ""Intimation of Earnings call recording"".",https://nsearchives.nseindia.com/corporate/DRREDDY_23072026080937_SE_Intimation_Earnings_call_recordings_23062026.pdf,106707432,1
NSE_CORPORATE_ANNOUNCEMENTS,HCLTECH,22-Jul-2026 18:57:42,2026-07-22,post_close,2026-07-23,market_open_next_available_unseen_real_l2_day,1,Updates,HCL Technologies Limited has informed the Exchange regarding 'Release:  TIM Brasil partners with HCLTech to transform customer experience with South America s first cross-platform eSIM transfer capability '.,https://nsearchives.nseindia.com/corporate/HCLTECH_22072026185707_Release22July2026.pdf,106706995,1
NSE_CORPORATE_ANNOUNCEMENTS,HINDUNILVR,22-Jul-2026 20:03:51,2026-07-22,post_close,2026-07-23,market_open_next_available_unseen_real_l2_day,1,Analysts/Institutional Investor Meet/Con. Call Updates,"Intimation of Earnings Conference Call for the quarter ended 30th June, 2026",https://nsearchives.nseindia.com/corporate/HINDUNILVR_22072026200316_28072026EarningConferenceCallIntimationsigned.pdf,106707122,1
NSE_CORPORATE_ANNOUNCEMENTS,M&M,22-Jul-2026 17:48:35,2026-07-22,post_close,2026-07-23,market_open_next_available_unseen_real_l2_day,1,Updates,Mahindra & Mahindra Limited has informed the Exchange regarding ''Transfer of Equity Shares by Mahindra & Mahindra Employees Stock Option Trust to the Stock Option Grantees'.'.,https://nsearchives.nseindia.com/corporate/Deepak_22072026174658_Employeeslist22072026.pdf,106706794,1
NSE_CORPORATE_ANNOUNCEMENTS,RELIANCE,22-Jul-2026 16:09:43,2026-07-22,post_close,2026-07-23,market_open_next_available_unseen_real_l2_day,1,Copy of Newspaper Publication,"Newspaper clippings - Postal Ballot Notice and other related informationThe newspaper clippings of the advertisement on the captioned subject published today i.e., July 22, 2026 in the newspapers viz. The Times of India (English) and Maharashtra Times (Marathi) are enclosed for information and records.",https://nsearchives.nseindia.com/corporate/PVIVINMA_22072026160927_SENPClipping.pdf,106706565,1
NSE_CORPORATE_ANNOUNCEMENTS,TCS,22-Jul-2026 16:33:09,2026-07-22,post_close,2026-07-23,market_open_next_available_unseen_real_l2_day,1,Updates,Tata Consultancy Services Limited has informed the Exchange regarding 'Press Release - TCS study reveals Physical AI is now mainstream as manufacturers scale AI implementation'.,https://nsearchives.nseindia.com/corporate/TCS_CORPCS_22072026163254_PR_22July26_signed.pdf,106706625,1
NSE_CORPORATE_ANNOUNCEMENTS,ULTRACEMCO,22-Jul-2026 19:07:08,2026-07-22,post_close,2026-07-23,market_open_next_available_unseen_real_l2_day,1,Copy of Newspaper Publication,UltraTech Cement Limited has informed the Exchange about Copy of Newspaper Publication regarding the 26th Annual General Meeting of the Company,https://nsearchives.nseindia.com/corporate/ULTRACEMCO_22072026190702_SE_Intimation22072026.pdf,106707026,1
NSE_CORPORATE_ANNOUNCEMENTS,ULTRACEMCO,23-Jul-2026 11:07:37,2026-07-23,regular_session,2026-07-23,first_real_tick_after_announcement,1,Committee Meeting Updates,"UltraTech Cement Limited has informed the Exchange regarding Outcome of Finance Committee Meeting held on July 23, 2026.",https://nsearchives.nseindia.com/corporate/ULTRACEMCO1_23072026110010_Post_Intimation_NCD.pdf,106707640,1
NSE_CORPORATE_ANNOUNCEMENTS,ULTRACEMCO,23-Jul-2026 13:50:54,2026-07-23,regular_session,2026-07-23,first_real_tick_after_announcement,1,Copy of Newspaper Publication,UltraTech Cement Limited has informed the Exchange about Copy of Newspaper Publication,https://nsearchives.nseindia.com/corporate/ULTRACEMCO_23072026135046_SEIntimation23072026.pdf,106707915,1
NSE_CORPORATE_ANNOUNCEMENTS,WIPRO,22-Jul-2026 19:11:57,2026-07-22,post_close,2026-07-23,market_open_next_available_unseen_real_l2_day,1,General Updates,"Wipro Limited has informed the Exchange about Intimation under Regulation 30 of SEBI (Listing Obligations and Disclosure Requirements) Regulations, 2015",https://nsearchives.nseindia.com/corporate/Wipro_Secretarial_22072026191054_Reg30SEIntimation22072026.pdf,106707035,1
NSE_CORPORATE_ANNOUNCEMENTS,ADANIPORTS,24-Jul-2026 12:59:27,2026-07-24,regular_session,2026-07-24,first_real_tick_after_announcement,1,Updates,Adani Ports and Special Economic Zone Limited has informed the Exchange regarding 'Inaugural Taskforce on Nature-related Financial Disclosures (TNFD) Report for FY2025-26.'.,https://nsearchives.nseindia.com/corporate/rkbhagia_24072026125913_SEINTIMATIOn.pdf,106709467,1
NSE_CORPORATE_ANNOUNCEMENTS,BAJAJ-AUTO,24-Jul-2026 11:41:51,2026-07-24,regular_session,2026-07-24,first_real_tick_after_announcement,1,Updates,Bajaj Auto Limited has informed the Exchange regarding 'Reconciliation of share capital audit report for the quarter ended 30 June 2026'.,https://nsearchives.nseindia.com/corporate/lkwalimbe_bajajauto_co_in_24072026114140_Reg_76_signed.pdf,106709307,1
NSE_CORPORATE_ANNOUNCEMENTS,BAJAJ-AUTO,24-Jul-2026 15:26:28,2026-07-24,regular_session,2026-07-24,first_real_tick_after_announcement,1,Closure of Buy Back,"Bajaj Auto Limited has informed the Exchange regarding completion of extinguishment of 46,94,000 shares & Closure of Buy Back with effect from July 24, 2026",https://nsearchives.nseindia.com/corporate/lkwalimbe_bajajauto_co_in_24072026152616_Extinguishment_completion_filing_SE.pdf,106709710,1
NSE_CORPORATE_ANNOUNCEMENTS,BHARTIARTL,24-Jul-2026 13:04:06,2026-07-24,regular_session,2026-07-24,first_real_tick_after_announcement,1,Action(s) taken or orders passed,Bharti Airtel Limited has informed the Exchange about Action(s) taken or orders passed,https://nsearchives.nseindia.com/corporate/BHARTIARTL_24072026130051_BhartiAirtelReg30.pdf,106709474,1
NSE_CORPORATE_ANNOUNCEMENTS,BPCL,23-Jul-2026 16:59:09,2026-07-23,post_close,2026-07-24,market_open_next_available_unseen_real_l2_day,1,Analysts/Institutional Investor Meet/Con. Call Updates,Bharat Petroleum Corporation Limited has informed the Exchange about Link of Recording,https://nsearchives.nseindia.com/corporate/BPCL26_23072026165840_1stexaudiorecording23726s.pdf,106708242,1
NSE_CORPORATE_ANNOUNCEMENTS,CIPLA,23-Jul-2026 19:28:07,2026-07-23,post_close,2026-07-24,market_open_next_available_unseen_real_l2_day,1,Analysts/Institutional Investor Meet/Con. Call Updates,Cipla Limited has informed the Exchange about Link of Recording,https://nsearchives.nseindia.com/corporate/CIPLA_23072026192748_Earnings_call_audio_CoveringSigned.pdf,106708657,1
NSE_CORPORATE_ANNOUNCEMENTS,DRREDDY,23-Jul-2026 20:52:04,2026-07-23,post_close,2026-07-24,market_open_next_available_unseen_real_l2_day,1,Copy of Newspaper Publication,Dr. Reddy's Laboratories Limited has informed the Exchange about Copy of Newspaper Publication,https://nsearchives.nseindia.com/corporate/DRREDDY_23072026205157_SEintimation_newspaperpublication_23072026.pdf,106708749,1
NSE_CORPORATE_ANNOUNCEMENTS,DRREDDY,23-Jul-2026 21:13:36,2026-07-23,post_close,2026-07-24,market_open_next_available_unseen_real_l2_day,1,Shareholders meeting,"Dr. Reddy's Laboratories Limited has informed the Exchange regarding Proceedings of Annual General Meeting held on July 23, 2026. Further, the company has submitted the Exchange a copy of Srutinizers report along with voting results.",https://nsearchives.nseindia.com/corporate/DRREDDY_23072026211307_SE_Itimation_AGM_outcome_signed.pdf,106708761,1
NSE_CORPORATE_ANNOUNCEMENTS,DRREDDY,23-Jul-2026 21:18:07,2026-07-23,post_close,2026-07-24,market_open_next_available_unseen_real_l2_day,1,Change in Director(s),Dr. Reddy's Laboratories Limited has informed the Exchange regarding Change in Director(s) of the company.,https://nsearchives.nseindia.com/corporate/DRREDDY_23072026211751_SEintimation_Regulation_30_Director_and_Stat_Auditor_signed.pdf,106708768,1
NSE_CORPORATE_ANNOUNCEMENTS,DRREDDY,23-Jul-2026 21:20:01,2026-07-23,post_close,2026-07-24,market_open_next_available_unseen_real_l2_day,1,Change in Auditors,Dr. Reddy's Laboratories Limited has informed the Exchange regarding Change in Auditors of the company.,https://nsearchives.nseindia.com/corporate/DRREDDY_23072026211951_SEintimation_Regulation_30_Director_and_Stat_Auditor_signed.pdf,106708771,1
NSE_CORPORATE_ANNOUNCEMENTS,HCLTECH,24-Jul-2026 12:09:08,2026-07-24,regular_session,2026-07-24,first_real_tick_after_announcement,1,Updates,HCL Technologies Limited has informed the Exchange regarding 'Sub: Release:  HCLTech announces AI Data Center in Bhubaneswar in partnership with Sarvam and Government of Odisha Ref.: Disclosure under Regulation 30 of the SEBI (Listing Obligations and Disclosures Requirements) Regulations 2015'.,https://nsearchives.nseindia.com/corporate/HCLTECH_24072026120803_ReleaseRegulation30.pdf,106709352,1
NSE_CORPORATE_ANNOUNCEMENTS,HCLTECH,24-Jul-2026 12:13:18,2026-07-24,regular_session,2026-07-24,first_real_tick_after_announcement,1,Updates,'Release:  HCLTech to establish Global Technology Center in Bhubaneswar '.,https://nsearchives.nseindia.com/corporate/HCLTECH_24072026121306_Release24July2026.pdf,106709397,1
NSE_CORPORATE_ANNOUNCEMENTS,ICICIBANK,23-Jul-2026 18:05:02,2026-07-23,post_close,2026-07-24,market_open_next_available_unseen_real_l2_day,1,Analysts/Institutional Investor Meet/Con. Call Updates,"ICICI Bank Limited has informed the Exchange about the transcripts of the call with media and of earnings call with the analysts and investors on the financial results for the quarter ended June 30, 2026.",https://nsearchives.nseindia.com/corporate/ICICI2022_23072026180406_NSEBSE_23072026.pdf,106708461,1
NSE_CORPORATE_ANNOUNCEMENTS,ICICIBANK,23-Jul-2026 18:56:18,2026-07-23,post_close,2026-07-24,market_open_next_available_unseen_real_l2_day,1,Analysts/Institutional Investor Meet/Con. Call Updates,"ICICI Bank Limited has informed the Exchange about the transcripts of the call with media and of earnings call with the analysts and investors on the financial results for the quarter ended June 30, 2026.",https://nsearchives.nseindia.com/corporate/ICICI2022_23072026185521_NSEBSE.pdf,106708594,1
NSE_CORPORATE_ANNOUNCEMENTS,ICICIBANK,24-Jul-2026 08:40:20,2026-07-24,pre_open_or_overnight,2026-07-24,market_open_same_day,1,General Updates,"ICICI Bank Limited has informed the Exchange about Disclosure under Regulation 30 of the Securities and Exchange Board of India (Listing Obligations and Disclosure Requirements) Regulations, 2015 - This is to inform you that ICICI Bank Limited (Bank), acting through its IFSC Banking Unit, has today at 1:33 a.m. IST priced USD 1 billion Senior Unsecured Fixed Rate Notes (Notes) under the USD 7.5 billion Global Medium Term Note Programmme of the Bank. Details of the pricing of the Notes are provided in the disclosure.",https://nsearchives.nseindia.com/corporate/ICICI2022_24072026083842_NSEBSE_24072026.pdf,106709049,1
NSE_CORPORATE_ANNOUNCEMENTS,ICICIBANK,24-Jul-2026 11:42:16,2026-07-24,regular_session,2026-07-24,first_real_tick_after_announcement,1,ESOP/ESOS/ESPS,ICICI Bank Limited has informed the Exchange regarding Allotment of 122549  Shares.,https://nsearchives.nseindia.com/corporate/ICICIBANK1_24072026114122_Lettertoexchange.pdf,106709308,1
NSE_CORPORATE_ANNOUNCEMENTS,INFY,23-Jul-2026 16:20:26,2026-07-23,post_close,2026-07-24,market_open_next_available_unseen_real_l2_day,1,Outcome of Board Meeting,"Infosys Limited has submitted to the Exchange, the financial results for the period ended Jun 30, 2026.",https://nsearchives.nseindia.com/corporate/Infosys_23072026161911_Outcome23072026V1_1.pdf,106708149,1
NSE_CORPORATE_ANNOUNCEMENTS,INFY,23-Jul-2026 16:43:21,2026-07-23,post_close,2026-07-24,market_open_next_available_unseen_real_l2_day,1,Updates,"Infosys Limited has informed the Exchange regarding 'Appointed of Ashiss Kumar Dash as the Chief Executive Officer Designate effective July 23, 2026'.",https://nsearchives.nseindia.com/corporate/Infosys_23072026164257_Outcome23072026V1_1.pdf,106708206,1
NSE_CORPORATE_ANNOUNCEMENTS,INFY,23-Jul-2026 21:04:09,2026-07-23,post_close,2026-07-24,market_open_next_available_unseen_real_l2_day,1,Updates,"Infosys Limited has informed the Exchange regarding 'Report Of Auditors On Financial Statements For The Quarter Ended June 30, 2026 With UDIN'.",https://nsearchives.nseindia.com/corporate/Infosys_23072026210352_SE_filing_Auditors_report_with_UDIN-July_2026.pdf,106708755,1
NSE_CORPORATE_ANNOUNCEMENTS,ITC,23-Jul-2026 18:03:26,2026-07-23,post_close,2026-07-24,market_open_next_available_unseen_real_l2_day,1,Shareholders meeting,"ITC Limited has informed the Exchange regarding Proceedings of  Annual General Meeting held on July 23, 2026. Further, the company has informed the Exchange regarding voting results.",https://nsearchives.nseindia.com/corporate/ITC_23072026180304_SE_VotingResults_.pdf,106708449,1
NSE_CORPORATE_ANNOUNCEMENTS,ITC,23-Jul-2026 18:13:25,2026-07-23,post_close,2026-07-24,market_open_next_available_unseen_real_l2_day,1,General Updates,ITC Limited has informed the address delivered by the Chairman at the 115th Annual General Meeting of the Company on the theme    ITC: Partnering India in its Defining Decade .,https://nsearchives.nseindia.com/corporate/ITC_23072026181315_SE_chairmanspeech_.pdf,106708490,1
NSE_CORPORATE_ANNOUNCEMENTS,ITC,23-Jul-2026 18:21:35,2026-07-23,post_close,2026-07-24,market_open_next_available_unseen_real_l2_day,1,Change in Director(s),ITC Limited has informed the Exchange regarding Change in Director(s) of the company.,https://nsearchives.nseindia.com/corporate/ITC_23072026182127_SE_Director_.pdf,106708509,1
NSE_CORPORATE_ANNOUNCEMENTS,ITC,23-Jul-2026 20:42:12,2026-07-23,post_close,2026-07-24,market_open_next_available_unseen_real_l2_day,1,Credit Rating- New,ITC Limited has informed the Exchange about Intimation of ESG rating assigned by Crisil ESG Ratings & Analytics Limited,https://nsearchives.nseindia.com/corporate/ITC_23072026204201_SE_ESG_.pdf,106708738,1
NSE_CORPORATE_ANNOUNCEMENTS,KOTAKBANK,24-Jul-2026 15:01:10,2026-07-24,regular_session,2026-07-24,first_real_tick_after_announcement,1,Copy of Newspaper Publication,Newspaper Clipping - Special Window for Transfer and Dematerialisation of Physical Securities of the Bank,https://nsearchives.nseindia.com/corporate/KMBLTAB_24072026150042_SEIntimationNewspaperpublicationrelodgementoftransferrequestsJuly_2026.pdf,106709676,1
NSE_CORPORATE_ANNOUNCEMENTS,LT,24-Jul-2026 09:24:53,2026-07-24,regular_session,2026-07-24,first_real_tick_after_announcement,1,Bagging/Receiving of orders/contracts,Larsen & Toubro Limited has informed the Exchange about Bagging/Receiving of orders/contracts,https://nsearchives.nseindia.com/corporate/PAM_24072026092018_PressRelease24072026.pdf,106709077,1
NSE_CORPORATE_ANNOUNCEMENTS,NESTLEIND,23-Jul-2026 18:26:02,2026-07-23,post_close,2026-07-24,market_open_next_available_unseen_real_l2_day,1,Analysts/Institutional Investor Meet/Con. Call Updates,Nestle India Limited has informed the Exchange about the Intimation of an analyst/ institutional investors meet (virtual) schedule for 4th August 2026 at 2PM (IST),https://nsearchives.nseindia.com/corporate/NESTLEIND1_23072026182359_AnalystsMeet4Aug2026signed.pdf,106708516,1
NSE_CORPORATE_ANNOUNCEMENTS,SUNPHARMA,24-Jul-2026 08:50:46,2026-07-24,pre_open_or_overnight,2026-07-24,market_open_same_day,1,Press Release,"Sun Pharmaceutical Industries Limited has informed the Exchange regarding a press release dated July 24, 2026, titled ""Sun Pharma Notes Organon Shareholder Approval for Proposed Acquisition"".",https://nsearchives.nseindia.com/corporate/SUNSEC_24072026085009_SEintimationPRforOrganonSHapproval.pdf,106709050,1
NSE_CORPORATE_ANNOUNCEMENTS,ULTRACEMCO,23-Jul-2026 18:40:56,2026-07-23,post_close,2026-07-24,market_open_next_available_unseen_real_l2_day,1,Analysts/Institutional Investor Meet/Con. Call Updates,UltraTech Cement Limited has informed the Exchange about Transcript,https://nsearchives.nseindia.com/corporate/ULTRACEMCO1_23072026184045_SE_Letter_-_Transcript.pdf,106708557,1
NSE_CORPORATE_ANNOUNCEMENTS,ULTRACEMCO,23-Jul-2026 18:45:39,2026-07-23,post_close,2026-07-24,market_open_next_available_unseen_real_l2_day,1,Credit Rating,UltraTech Cement Limited has informed the Exchange about Credit Rating,https://nsearchives.nseindia.com/corporate/ULTRACEMCO1_23072026184530_Credit_Rating_SE_Letter.pdf,106708565,1
NSE_CORPORATE_ANNOUNCEMENTS,ULTRACEMCO,24-Jul-2026 12:08:00,2026-07-24,regular_session,2026-07-24,first_real_tick_after_announcement,1,Shareholders meeting,"UltraTech Cement Limited has informed the Exchange regarding Notice of Annual General Meeting to be held on August 17, 2026",https://nsearchives.nseindia.com/corporate/ULTRACEMCO1_24072026120727_AGM_Notice_and_AR2026_SE_Intimation.pdf,106709347,1
NSE_CORPORATE_ANNOUNCEMENTS,ULTRACEMCO,24-Jul-2026 15:10:48,2026-07-24,regular_session,2026-07-24,first_real_tick_after_announcement,1,Credit Rating,UltraTech Cement Limited has informed the Exchange about Credit Rating,https://nsearchives.nseindia.com/corporate/ULTRACEMCO1_24072026151035_Credit_Rating_CARE_Ratings_Limited.pdf,106709686,1
NSE_CORPORATE_ANNOUNCEMENTS,AXISBANK,24-Jul-2026 21:34:22,2026-07-24,post_close,2026-07-27,market_open_next_available_unseen_real_l2_day,1,Analysts/Institutional Investor Meet/Con. Call Updates,Axis Bank Limited has informed the Exchange about Transcript,https://nsearchives.nseindia.com/corporate/AXISBANK1_24072026213407_SEIntimationQ1FY27EarningsCallTranscriptSigned.pdf,106710529,1
NSE_CORPORATE_ANNOUNCEMENTS,BHARTIARTL,24-Jul-2026 20:21:13,2026-07-24,post_close,2026-07-27,market_open_next_available_unseen_real_l2_day,1,Updates,"Bharti Airtel Limited has informed the Exchange regarding 'Update on conversion of partly Paid-up equity shares Into Fully Paid-Up Equity Shares, Upon Receipt Of First And Final Call.'.",https://nsearchives.nseindia.com/corporate/BHARTIARTL_24072026202051_STX_Intimation_-_Call_Money.pdf,106710468,1
NSE_CORPORATE_ANNOUNCEMENTS,CIPLA,24-Jul-2026 15:55:05,2026-07-24,post_close,2026-07-27,market_open_next_available_unseen_real_l2_day,1,Copy of Newspaper Publication,"Cipla Limited has informed the Exchange about Copy of Newspaper Publication of the unaudited financial results for the quarter ended 30th June, 2026.",https://nsearchives.nseindia.com/corporate/CIPLA_24072026155237_SEIntimationNewspaperFRsigned.pdf,106709761,1
NSE_CORPORATE_ANNOUNCEMENTS,HDFCBANK,24-Jul-2026 15:52:03,2026-07-24,post_close,2026-07-27,market_open_next_available_unseen_real_l2_day,1,Analysts/Institutional Investor Meet/Con. Call Updates,HDFC Bank Limited has informed the Exchange about Transcript,https://nsearchives.nseindia.com/corporate/HDFCBANK_24072026154746_SEintimationTranscriptofearningscall18jul2026.pdf,106709751,1
NSE_CORPORATE_ANNOUNCEMENTS,HDFCBANK,24-Jul-2026 19:06:34,2026-07-24,post_close,2026-07-27,market_open_next_available_unseen_real_l2_day,1,General Updates,"HDFC Bank Limited has informed the Exchange regarding intimation under Regulation 30 of the SEBI (Listing Obligations and Disclosure Requirements) Regulations, 2015- Exercise of call option on US$ 1,000,000,000 3.7% Additional Tier 1 Notes  issued by HDFC Bank Limited",https://nsearchives.nseindia.com/corporate/HDFCBANK_24072026190350_SE_Intimation_call_option.pdf,106710326,1
NSE_CORPORATE_ANNOUNCEMENTS,ICICIBANK,24-Jul-2026 18:08:06,2026-07-24,post_close,2026-07-27,market_open_next_available_unseen_real_l2_day,1,Credit Rating- New,"ICICI Bank Limited has informed the Exchange about Credit Rating - In continuation to the disclosure made by ICICI Bank Limited (Bank) earlier in the day, please note that Moodys Ratings and S&P Global Ratings have vide letters dated July 24, 2026, assigned Baa3 and BBB rating respectively to the USD denominated Senior Unsecured Fixed Rate Notes issued by ICICI Bank Limited, acting through its IFSC Banking Unit, under the Bank s Global Medium Term Note Programme.",https://nsearchives.nseindia.com/corporate/ICICI2022_24072026180510_NSEBSE_24072026.pdf,106710140,1
NSE_CORPORATE_ANNOUNCEMENTS,INFY,24-Jul-2026 19:30:41,2026-07-24,post_close,2026-07-27,market_open_next_available_unseen_real_l2_day,1,Copy of Newspaper Publication,Infosys Limited has informed the Exchange about Copy of Newspaper Publication,https://nsearchives.nseindia.com/corporate/Infosys_24072026193029_Financials_newspaper_ad_SE_filing__1_.pdf,106710378,1
NSE_CORPORATE_ANNOUNCEMENTS,KOTAKBANK,24-Jul-2026 18:19:21,2026-07-24,post_close,2026-07-27,market_open_next_available_unseen_real_l2_day,1,Analysts/Institutional Investor Meet/Con. Call Updates,Kotak Mahindra Bank Limited has informed the Exchange about Transcript,https://nsearchives.nseindia.com/corporate/KOTAK_24072026181759_Transcript.pdf,106710179,1
NSE_CORPORATE_ANNOUNCEMENTS,LT,27-Jul-2026 12:30:55,2026-07-27,regular_session,2026-07-27,first_real_tick_after_announcement,1,Updates,"Larsen & Toubro Limited has informed the Exchange regarding 'Disclosure under Regulation 30 of the SEBI (Listing Obligations and Disclosure Requirements) Regulations, 2015 (SEBI LODR)   ESG Credit Rating'.",https://nsearchives.nseindia.com/corporate/PAM_27072026123028_SESESGRating27072026.pdf,106711580,1
NSE_CORPORATE_ANNOUNCEMENTS,LT,27-Jul-2026 14:47:02,2026-07-27,regular_session,2026-07-27,first_real_tick_after_announcement,1,Bagging/Receiving of orders/contracts,Larsen & Toubro Limited has informed the Exchange about Bagging/Receiving of orders/contracts,https://nsearchives.nseindia.com/corporate/PAM_27072026144648_PressRelease27072026.pdf,106711795,1
NSE_CORPORATE_ANNOUNCEMENTS,MARUTI,24-Jul-2026 20:37:33,2026-07-24,post_close,2026-07-27,market_open_next_available_unseen_real_l2_day,1,Press Release,"Maruti Suzuki India Limited has informed the Exchange regarding a press release dated July 24, 2026, titled ""Maruti Suzuki Launches New Brezza Turbo Boosterjet with Powerpacked Performance"".",https://nsearchives.nseindia.com/corporate/MARUTIASHISH_24072026203435_STxIntimation_BrezzaTurbo_24July2026.pdf,106710482,1
NSE_CORPORATE_ANNOUNCEMENTS,NESTLEIND,24-Jul-2026 18:00:54,2026-07-24,post_close,2026-07-27,market_open_next_available_unseen_real_l2_day,1,Updates,Nestle India Limited has informed the Exchange regarding 'Newspaper advertisement   Public Notice regarding loss of share certificate(s)'.,https://nsearchives.nseindia.com/corporate/NESTLEIND1_24072026180000_NewspaperAdvt24072026signed.pdf,106710115,1
NSE_CORPORATE_ANNOUNCEMENTS,SBIN,24-Jul-2026 19:50:39,2026-07-24,post_close,2026-07-27,market_open_next_available_unseen_real_l2_day,1,Credit Rating- New,State Bank Of India has informed the Exchange about Credit Rating- New,https://nsearchives.nseindia.com/corporate/SBIN1_24072026195024_SE_disclosure_RATINGS_24072026dsc.pdf,106710417,1
NSE_CORPORATE_ANNOUNCEMENTS,TCS,27-Jul-2026 15:05:32,2026-07-27,regular_session,2026-07-27,first_real_tick_after_announcement,1,Analysts/Institutional Investor Meet/Con. Call Updates,Tata Consultancy Services Limited has informed the Exchange about Schedule of meet,https://nsearchives.nseindia.com/corporate/TCS_CORPCS_27072026150450_SEIntimation.pdf,106711829,1
NSE_CORPORATE_ANNOUNCEMENTS,TECHM,24-Jul-2026 18:06:16,2026-07-24,post_close,2026-07-27,market_open_next_available_unseen_real_l2_day,1,Analysts/Institutional Investor Meet/Con. Call Updates,Tech Mahindra Limited has informed the Exchange about Schedule of meet,https://nsearchives.nseindia.com/corporate/Apekshakhemka_24072026180551_SE_Intimationinvestorconference_S.pdf,106710136,1
NSE_CORPORATE_ANNOUNCEMENTS,ULTRACEMCO,24-Jul-2026 18:15:17,2026-07-24,post_close,2026-07-27,market_open_next_available_unseen_real_l2_day,1,Record Date,UltraTech Cement Limited has informed the Exchange that Record date for the purpose of Dividend  is 30-Jul-2026.,https://nsearchives.nseindia.com/corporate/ULTRACEMCO_24072026181449_AGM_and_Record_date.pdf,106710163,1
