cell_component,component_match_rows,component_match_fraction,cumulative_match_rows,cumulative_match_fraction
abs_ret_bin=5,750805,0.12716316086761012,750805,0.12716316086761012
micro_bin=1,287671,0.04872257596838895,49768,0.008429160953988346
imb_bin=2,25792,0.004368367612226077,0,0.0
spread_bin=0,1646687,0.2788978814467169,0,0.0
depth_bin=2,424570,0.07190903524824852,0,0.0
