split,bar_events,bars,oracle_trades,oracle_trade_fraction,oracle_net_pnl_inr
discovery,1000,1966,555,0.2822990844354018,108195.34074538984
discovery,5000,384,260,0.6770833333333334,72873.6097863128
discovery,10000,184,148,0.8043478260869565,56471.35734062621
validation,1000,1946,588,0.302158273381295,114985.99452606308
validation,5000,382,268,0.7015706806282722,78224.82962551517
validation,10000,184,149,0.8097826086956522,60112.45600392725
