profile_id,elapsed_seconds,source_rows,dense_rows,bytes
P98_LEGACY_DEFAULT,5.647358700000041,94110,752880,19821724
P98_TIMING_VOL_MODERATE,5.741567800003395,94110,752880,24437739
P98_FULL_BOOK_REBALANCE_BASE,5.988152899997658,94110,752880,24437739
