canonical_work_order_id,panel,symbol,announcement_time_ist,market_session,diagnostic_trade_date,diagnostic_start_rule,description,decision_delay_seconds,horizon_seconds,status,start_ms,start_tick_ms,decision_ms,exit_ms,forced_exit,start_mid,decision_mid,exit_mid,impulse_bps,impulse_side_sign,start_top5_qty,decision_top5_qty,replenishment_ratio,decision_top5_qty_imbalance,decision_l2_l5_qty_imbalance,decision_top5_order_imbalance,entry_long_price,exit_long_price,entry_short_price,exit_short_price
P341_2026-07-08_CIPLA_106690396,existing_phase341,CIPLA,08-Jul-2026 13:37:12,regular_session,2026-07-08,first_real_tick_after_announcement,Analysts/Institutional Investor Meet/Con. Call Updates,60,900,ready,1783498032000,1783498032499,1783498092502,1783498997027,0,1445.8,1446.2,1437.65,2.7666343892660876,1.0,401.0,422.0,0.05236907730673317,0.13270142180094788,-0.014084507042253521,-0.10526315789473684,1446.5,1437.3,1445.9,1438.0
P341_2026-07-08_CIPLA_106690396,existing_phase341,CIPLA,08-Jul-2026 13:37:12,regular_session,2026-07-08,first_real_tick_after_announcement,Analysts/Institutional Investor Meet/Con. Call Updates,120,900,ready,1783498032000,1783498032499,1783498152808,1783499053498,0,1445.8,1446.6999999999998,1437.0,6.224927375846339,1.0,401.0,557.0,0.38902743142144636,0.1813285457809695,0.19101123595505617,-0.058823529411764705,1446.8,1436.7,1446.6,1437.3
P341_2026-07-08_LT_106690276,existing_phase341,LT,08-Jul-2026 12:29:03,regular_session,2026-07-08,first_real_tick_after_announcement,Press Release,60,900,ready,1783493943000,1783496075001,1783496135750,1783497035993,0,3977.3,3977.0,3971.95,-0.7542805420767402,-1.0,790.0,457.0,-0.4215189873417722,0.028446389496717725,0.056074766355140186,-0.4074074074074074,3977.6,3971.9,3976.4,3972.0
P341_2026-07-08_LT_106690276,existing_phase341,LT,08-Jul-2026 12:29:03,regular_session,2026-07-08,first_real_tick_after_announcement,Press Release,120,900,ready,1783493943000,1783496075001,1783496195024,1783497095393,0,3977.3,3978.45,3970.85,2.891408744624836,1.0,790.0,373.0,-0.5278481012658228,0.28150134048257375,0.28957528957528955,-0.2857142857142857,3978.5,3970.5,3978.4,3971.2
P341_2026-07-08_SBIN_106690529,existing_phase341,SBIN,08-Jul-2026 15:25:29,regular_session,2026-07-08,first_real_tick_after_announcement,Credit Rating,60,900,ready,1783504529000,1783504532045,1783504592749,1783504799991,1,1017.95,1017.95,1019.25,0.0,0.0,9632.0,4820.0,-0.4995847176079734,0.33443983402489624,0.4529616724738676,0.36666666666666664,1018.0,1018.6,1017.9,1019.9
P341_2026-07-08_SBIN_106690529,existing_phase341,SBIN,08-Jul-2026 15:25:29,regular_session,2026-07-08,first_real_tick_after_announcement,Credit Rating,120,900,ready,1783504529000,1783504532045,1783504654585,1783504799991,1,1017.95,1018.8499999999999,1019.25,8.841298688539354,1.0,9632.0,12856.0,0.3347176079734219,0.16303671437461106,0.2959317585301837,0.1388888888888889,1018.9,1018.6,1018.8,1019.9
P341_2026-07-09_BHARTIARTL_106691845,existing_phase341,BHARTIARTL,09-Jul-2026 13:38:41,regular_session,2026-07-09,first_real_tick_after_announcement,Copy of Newspaper Publication,60,900,ready,1783584521000,1783584521479,1783584585210,1783585488150,0,1931.3,1930.3,1935.4499999999998,-5.177859472893906,-1.0,737.0,2885.0,2.914518317503392,0.021837088388214906,0.01579140653690782,0.40298507462686567,1930.6,1935.3,1930.0,1935.6
P341_2026-07-09_BHARTIARTL_106691845,existing_phase341,BHARTIARTL,09-Jul-2026 13:38:41,regular_session,2026-07-09,first_real_tick_after_announcement,Copy of Newspaper Publication,120,900,ready,1783584521000,1783584521479,1783584643989,1783585545928,0,1931.3,1929.85,1935.5,-7.507896235696399,-1.0,737.0,1666.0,1.2605156037991858,-0.23769507803121248,-0.3355048859934853,-0.2777777777777778,1929.9,1935.3,1929.8,1935.7
P341_2026-07-09_DRREDDY_106691390,existing_phase341,DRREDDY,09-Jul-2026 09:18:50,regular_session,2026-07-09,first_real_tick_after_announcement,General Updates,60,900,ready,1783568930000,1783578354989,1783578414990,1783579315486,0,1269.25,1270.5,1274.4,9.848335631278314,1.0,1151.0,1158.0,0.006081668114682885,-0.29533678756476683,-0.2708333333333333,-0.3877551020408163,1270.9,1274.2,1270.1,1274.6
P341_2026-07-09_DRREDDY_106691390,existing_phase341,DRREDDY,09-Jul-2026 09:18:50,regular_session,2026-07-09,first_real_tick_after_announcement,General Updates,120,900,ready,1783568930000,1783578354989,1783578475240,1783579375486,0,1269.25,1272.1,1274.6,22.45420523931384,1.0,1151.0,1049.0,-0.08861859252823631,-0.06959008579599618,-0.03761061946902655,0.15384615384615385,1272.3,1274.4,1271.9,1274.8
P341_2026-07-09_DRREDDY_106691463,existing_phase341,DRREDDY,09-Jul-2026 09:38:43,regular_session,2026-07-09,first_real_tick_after_announcement,Analysts/Institutional Investor Meet/Con. Call Updates,60,900,ready,1783570123000,1783578354989,1783578414990,1783579315486,0,1269.25,1270.5,1274.4,9.848335631278314,1.0,1151.0,1158.0,0.006081668114682885,-0.29533678756476683,-0.2708333333333333,-0.3877551020408163,1270.9,1274.2,1270.1,1274.6
P341_2026-07-09_DRREDDY_106691463,existing_phase341,DRREDDY,09-Jul-2026 09:38:43,regular_session,2026-07-09,first_real_tick_after_announcement,Analysts/Institutional Investor Meet/Con. Call Updates,120,900,ready,1783570123000,1783578354989,1783578475240,1783579375486,0,1269.25,1272.1,1274.6,22.45420523931384,1.0,1151.0,1049.0,-0.08861859252823631,-0.06959008579599618,-0.03761061946902655,0.15384615384615385,1272.3,1274.4,1271.9,1274.8
P341_2026-07-09_RELIANCE_106691045,existing_phase341,RELIANCE,08-Jul-2026 19:08:15,post_close,2026-07-09,market_open_next_available_real_l2_day,Other Restructuring,60,900,ready,1783568700000,1783578354989,1783578415241,1783579315737,0,1288.6,1288.85,1290.6999999999998,1.9400900201769364,1.0,17098.0,4762.0,-0.7214878933208563,0.4246115077698446,0.4757239277160897,-0.16279069767441862,1288.9,1290.6,1288.8,1290.8
P341_2026-07-09_RELIANCE_106691045,existing_phase341,RELIANCE,08-Jul-2026 19:08:15,post_close,2026-07-09,market_open_next_available_real_l2_day,Other Restructuring,120,900,ready,1783568700000,1783578354989,1783578474989,1783579375235,0,1288.6,1289.1,1290.55,3.880180040353873,1.0,17098.0,6924.0,-0.5950403555971459,0.9061236279607163,0.9123852472217748,0.7142857142857143,1289.2,1290.5,1289.0,1290.6
P341_2026-07-09_SBIN_106691111,existing_phase341,SBIN,08-Jul-2026 20:27:40,post_close,2026-07-09,market_open_next_available_real_l2_day,General Updates,60,900,ready,1783568700000,1783578354989,1783578415241,1783579316486,0,1025.85,1026.15,1024.85,2.9244041526556703,1.0,8706.0,7143.0,-0.17953135768435563,-0.4484110317793644,-0.40372046254399196,-0.3473684210526316,1026.3,1024.8,1026.0,1024.9
P341_2026-07-09_SBIN_106691111,existing_phase341,SBIN,08-Jul-2026 20:27:40,post_close,2026-07-09,market_open_next_available_real_l2_day,General Updates,120,900,ready,1783568700000,1783578354989,1783578474989,1783579375235,0,1025.85,1026.1,1025.0,2.437003460544914,1.0,8706.0,5164.0,-0.40684585343441304,0.4632068164213788,0.4473684210526316,0.42168674698795183,1026.2,1024.9,1026.0,1025.1
P341_2026-07-09_SBIN_106691289,existing_phase341,SBIN,08-Jul-2026 23:59:50,post_close,2026-07-09,market_open_next_available_real_l2_day,General Updates,60,900,ready,1783568700000,1783578354989,1783578415241,1783579316486,0,1025.85,1026.15,1024.85,2.9244041526556703,1.0,8706.0,7143.0,-0.17953135768435563,-0.4484110317793644,-0.40372046254399196,-0.3473684210526316,1026.3,1024.8,1026.0,1024.9
P341_2026-07-09_SBIN_106691289,existing_phase341,SBIN,08-Jul-2026 23:59:50,post_close,2026-07-09,market_open_next_available_real_l2_day,General Updates,120,900,ready,1783568700000,1783578354989,1783578474989,1783579375235,0,1025.85,1026.1,1025.0,2.437003460544914,1.0,8706.0,5164.0,-0.40684585343441304,0.4632068164213788,0.4473684210526316,0.42168674698795183,1026.2,1024.9,1026.0,1025.1
P341_2026-07-10_ADANIPORTS_106692702,existing_phase341,ADANIPORTS,09-Jul-2026 21:51:40,post_close,2026-07-10,market_open_next_available_real_l2_day,Updates,60,900,ready,1783655100000,1783655104834,1783655165413,1783656068867,0,1801.15,1816.45,1816.65,84.94572911750801,1.0,925.0,809.0,-0.1254054054054054,-0.18665018541409148,-0.38193343898573695,0.18518518518518517,1817.0,1816.6,1815.9,1816.7
P341_2026-07-10_ADANIPORTS_106692702,existing_phase341,ADANIPORTS,09-Jul-2026 21:51:40,post_close,2026-07-10,market_open_next_available_real_l2_day,Updates,120,900,ready,1783655100000,1783655104834,1783655228901,1783656129411,0,1801.15,1813.8000000000002,1815.8,70.23290675401877,1.0,925.0,395.0,-0.572972972972973,-0.4582278481012658,-0.3872053872053872,-0.1111111111111111,1814.2,1815.6,1813.4,1816.0
P341_2026-07-10_BAJAJ-AUTO_106693161,existing_phase341,BAJAJ-AUTO,10-Jul-2026 11:05:02,regular_session,2026-07-10,first_real_tick_after_announcement,Analysts/Institutional Investor Meet/Con. Call Updates,60,900,ready,1783661702000,1783661702665,1783661766714,1783662669232,0,10198.25,10194.5,10163.25,-3.677101463486382,-1.0,227.0,192.0,-0.15418502202643172,0.041666666666666664,-0.3983739837398374,-0.4375,10196.0,10161.5,10193.0,10165.0
P341_2026-07-10_BAJAJ-AUTO_106693161,existing_phase341,BAJAJ-AUTO,10-Jul-2026 11:05:02,regular_session,2026-07-10,first_real_tick_after_announcement,Analysts/Institutional Investor Meet/Con. Call Updates,120,900,ready,1783661702000,1783661702665,1783661822939,1783662726556,0,10198.25,10192.5,10163.25,-5.638222244012453,-1.0,227.0,190.0,-0.16299559471365638,0.631578947368421,0.6949152542372882,0.0,10194.5,10161.5,10190.5,10165.0
P341_2026-07-10_BHARTIARTL_106693009,existing_phase341,BHARTIARTL,10-Jul-2026 10:02:55,regular_session,2026-07-10,first_real_tick_after_announcement,Record Date,60,900,ready,1783657975000,1783657977665,1783658039790,1783658942163,0,1914.5,1915.1999999999998,1914.9499999999998,3.656307129797953,1.0,6382.0,3843.0,-0.3978376684424945,-0.36247723132969034,-0.4261529480443666,-0.22033898305084745,1915.6,1914.6,1914.8,1915.3
P341_2026-07-10_BHARTIARTL_106693009,existing_phase341,BHARTIARTL,10-Jul-2026 10:02:55,regular_session,2026-07-10,first_real_tick_after_announcement,Record Date,120,900,ready,1783657975000,1783657977665,1783658098165,1783659001980,0,1914.5,1914.5,1914.5,0.0,0.0,6382.0,5843.0,-0.08445628329677217,0.3999657710080438,0.4054704971615345,-0.14285714285714285,1914.6,1914.3,1914.4,1914.7
P341_2026-07-10_DRREDDY_106692956,existing_phase341,DRREDDY,10-Jul-2026 08:51:29,pre_open_or_overnight,2026-07-10,market_open_same_day,Analysts/Institutional Investor Meet/Con. Call Updates,60,900,ready,1783655100000,1783655104834,1783655165163,1783656068864,0,1240.45,1232.25,1240.75,-66.10504252489052,-1.0,1421.0,725.0,-0.4897959183673469,-0.006896551724137931,0.383399209486166,-0.2,1232.5,1240.5,1232.0,1241.0
P341_2026-07-10_DRREDDY_106692956,existing_phase341,DRREDDY,10-Jul-2026 08:51:29,pre_open_or_overnight,2026-07-10,market_open_same_day,Analysts/Institutional Investor Meet/Con. Call Updates,120,900,ready,1783655100000,1783655104834,1783655225163,1783656125661,0,1240.45,1229.0,1240.75,-92.30521181829212,-1.0,1421.0,478.0,-0.6636171710063336,0.45188284518828453,0.44844124700239807,0.4,1229.2,1240.6,1228.8,1240.9
P341_2026-07-10_HCLTECH_106692256,existing_phase341,HCLTECH,09-Jul-2026 17:02:22,post_close,2026-07-10,market_open_next_available_real_l2_day,Updates,60,900,ready,1783655100000,1783655104833,1783655165663,1783656068865,0,1182.5,1186.1,1172.55,30.44397463002037,1.0,826.0,1464.0,0.7723970944309927,0.4685792349726776,0.358148893360161,-0.35714285714285715,1186.4,1172.3,1185.8,1172.8
P341_2026-07-10_HCLTECH_106692256,existing_phase341,HCLTECH,09-Jul-2026 17:02:22,post_close,2026-07-10,market_open_next_available_real_l2_day,Updates,120,900,ready,1783655100000,1783655104833,1783655228901,1783656128911,0,1182.5,1188.65,1171.5500000000002,52.008456659620215,1.0,826.0,1700.0,1.0581113801452784,0.4435294117647059,0.2948237059264816,0.10344827586206896,1188.9,1171.4,1188.4,1171.7
P341_2026-07-10_HDFCBANK_106692277,existing_phase341,HDFCBANK,09-Jul-2026 17:09:34,post_close,2026-07-10,market_open_next_available_real_l2_day,Analysts/Institutional Investor Meet/Con. Call Updates,60,900,ready,1783655100000,1783655104834,1783655165163,1783656068864,0,824.5,822.5,823.925,-24.25712553062462,-1.0,1736.0,6069.0,2.495967741935484,0.04893722194760257,-0.11293260473588343,-0.02702702702702703,822.65,823.9,822.35,823.95
P341_2026-07-10_HDFCBANK_106692277,existing_phase341,HDFCBANK,09-Jul-2026 17:09:34,post_close,2026-07-10,market_open_next_available_real_l2_day,Analysts/Institutional Investor Meet/Con. Call Updates,120,900,ready,1783655100000,1783655104834,1783655228901,1783656130661,0,824.5,823.325,823.4,-14.251061249241413,-1.0,1736.0,35423.0,19.40495391705069,-0.04762442480874009,-0.06000059201373472,0.06451612903225806,823.45,823.3,823.2,823.5
P341_2026-07-10_ICICIBANK_106693061,existing_phase341,ICICIBANK,10-Jul-2026 10:32:30,regular_session,2026-07-10,first_real_tick_after_announcement,ESOP/ESOS/ESPS,60,900,ready,1783659750000,1783659754919,1783659815706,1783660715706,0,1401.55,1401.15,1402.8,-2.8539830901492174,-1.0,8181.0,4443.0,-0.45691235790245693,-0.4175106909745667,-0.11017543859649123,0.02857142857142857,1401.3,1402.6,1401.0,1403.0
P341_2026-07-10_ICICIBANK_106693061,existing_phase341,ICICIBANK,10-Jul-2026 10:32:30,regular_session,2026-07-10,first_real_tick_after_announcement,ESOP/ESOS/ESPS,120,900,ready,1783659750000,1783659754919,1783659875456,1783660781438,0,1401.55,1400.95,1402.8000000000002,-4.280974635224638,-1.0,8181.0,8050.0,-0.016012712382349345,0.0009937888198757764,0.1375325050563421,0.08108108108108109,1401.0,1402.7,1400.9,1402.9
P341_2026-07-10_KOTAKBANK_106692598,existing_phase341,KOTAKBANK,09-Jul-2026 19:37:41,post_close,2026-07-10,market_open_next_available_real_l2_day,General Updates,60,900,ready,1783655100000,1783655100663,1783655162663,1783656063411,0,377.875,378.475,380.225,15.878266622560973,1.0,5888.0,12223.0,1.0759171195652173,-0.035915896261147016,-0.08630509068605975,0.07142857142857142,378.55,380.2,378.4,380.25
P341_2026-07-10_KOTAKBANK_106692598,existing_phase341,KOTAKBANK,09-Jul-2026 19:37:41,post_close,2026-07-10,market_open_next_available_real_l2_day,General Updates,120,900,ready,1783655100000,1783655100663,1783655224413,1783656125661,0,377.875,378.7,380.15,21.832616606020206,1.0,5888.0,8467.0,0.43800951086956524,-0.0379118932325499,0.018329938900203666,-0.1506849315068493,378.75,380.1,378.65,380.2
P341_2026-07-10_KOTAKBANK_106692658,existing_phase341,KOTAKBANK,09-Jul-2026 20:20:33,post_close,2026-07-10,market_open_next_available_real_l2_day,General Updates,60,900,ready,1783655100000,1783655100663,1783655162663,1783656063411,0,377.875,378.475,380.225,15.878266622560973,1.0,5888.0,12223.0,1.0759171195652173,-0.035915896261147016,-0.08630509068605975,0.07142857142857142,378.55,380.2,378.4,380.25
P341_2026-07-10_KOTAKBANK_106692658,existing_phase341,KOTAKBANK,09-Jul-2026 20:20:33,post_close,2026-07-10,market_open_next_available_real_l2_day,General Updates,120,900,ready,1783655100000,1783655100663,1783655224413,1783656125661,0,377.875,378.7,380.15,21.832616606020206,1.0,5888.0,8467.0,0.43800951086956524,-0.0379118932325499,0.018329938900203666,-0.1506849315068493,378.75,380.1,378.65,380.2
P341_2026-07-10_M&M_106692090,existing_phase341,M&M,09-Jul-2026 16:05:27,post_close,2026-07-10,market_open_next_available_real_l2_day,General Updates,60,900,ready,1783655100000,1783655104833,1783655165413,1783656068867,0,3116.3,3114.9,3117.05,-4.49250713987771,-1.0,124.0,823.0,5.637096774193548,0.3511543134872418,0.6779661016949152,0.0,3115.0,3116.9,3114.8,3117.2
P341_2026-07-10_M&M_106692090,existing_phase341,M&M,09-Jul-2026 16:05:27,post_close,2026-07-10,market_open_next_available_real_l2_day,General Updates,120,900,ready,1783655100000,1783655104833,1783655228901,1783656129911,0,3116.3,3119.7,3118.15,10.910374482558279,1.0,124.0,592.0,3.774193548387097,0.21621621621621623,0.06224066390041494,-0.15789473684210525,3119.9,3117.5,3119.5,3118.8
P341_2026-07-10_M&M_106693381,existing_phase341,M&M,10-Jul-2026 13:21:18,regular_session,2026-07-10,first_real_tick_after_announcement,Analysts/Institutional Investor Meet/Con. Call Updates,60,900,ready,1783669878000,1783669878594,1783669938955,1783670840735,0,3120.95,3121.5,3125.8500000000004,1.7622839199608515,1.0,479.0,1714.0,2.578288100208768,-0.9253208868144691,-0.9414990859232175,-0.25,3121.8,3125.8,3121.2,3125.9
P341_2026-07-10_M&M_106693381,existing_phase341,M&M,10-Jul-2026 13:21:18,regular_session,2026-07-10,first_real_tick_after_announcement,Analysts/Institutional Investor Meet/Con. Call Updates,120,900,ready,1783669878000,1783669878594,1783669998705,1783670899205,0,3120.95,3121.35,3125.35,1.2816610326986686,1.0,479.0,913.0,0.906054279749478,-0.2946330777656079,-0.446064139941691,0.2727272727272727,3121.5,3125.2,3121.2,3125.5
P341_2026-07-10_ONGC_106692689,existing_phase341,ONGC,09-Jul-2026 21:22:07,post_close,2026-07-10,market_open_next_available_real_l2_day,Outcome of Board Meeting,60,900,ready,1783655100000,1783655104833,1783655165663,1783656068866,0,243.845,243.84,244.225,-0.20504828887184287,-1.0,2924.0,16076.0,4.497948016415869,0.04142821597412292,0.04684470573519295,0.0,243.87,244.2,243.81,244.25
P341_2026-07-10_ONGC_106692689,existing_phase341,ONGC,09-Jul-2026 21:22:07,post_close,2026-07-10,market_open_next_available_real_l2_day,Outcome of Board Meeting,120,900,ready,1783655100000,1783655104833,1783655230413,1783656130911,0,243.845,244.31,243.915,19.06949086509887,1.0,2924.0,23234.0,6.9459644322845415,-0.7436515451493501,-0.7818480792947518,0.16666666666666666,244.35,243.88,244.27,243.95
P341_2026-07-10_SBIN_106692841,existing_phase341,SBIN,09-Jul-2026 23:03:55,post_close,2026-07-10,market_open_next_available_real_l2_day,General Updates,60,900,ready,1783655100000,1783655100663,1783655161163,1783656064161,0,1029.35,1030.8,1029.75,14.086559479283487,1.0,6103.0,7295.0,0.19531378010814354,-0.10788211103495544,0.23669646658152405,0.12280701754385964,1031.0,1029.6,1030.6,1029.9
P341_2026-07-10_SBIN_106692841,existing_phase341,SBIN,09-Jul-2026 23:03:55,post_close,2026-07-10,market_open_next_available_real_l2_day,General Updates,120,900,ready,1783655100000,1783655100663,1783655220663,1783656124316,0,1029.35,1030.9,1029.4,15.05804633992502,1.0,6103.0,10154.0,0.6637719154514173,-0.132164664171755,0.015107830700034599,0.0,1031.0,1029.2,1030.8,1029.6
P341_2026-07-10_TCS_106692052,existing_phase341,TCS,09-Jul-2026 15:52:21,post_close,2026-07-10,market_open_next_available_real_l2_day,Outcome of Board Meeting,60,900,ready,1783655100000,1783655104834,1783655165163,1783656068864,0,2115.3,2122.3500000000004,2084.8,33.328605871508444,1.0,1058.0,720.0,-0.31947069943289225,-0.4527777777777778,-0.48295454545454547,-0.125,2122.8,2084.6,2121.9,2085.0
P341_2026-07-10_TCS_106692052,existing_phase341,TCS,09-Jul-2026 15:52:21,post_close,2026-07-10,market_open_next_available_real_l2_day,Outcome of Board Meeting,120,900,ready,1783655100000,1783655104834,1783655225163,1783656125411,0,2115.3,2123.0,2078.55,36.401456058241465,1.0,1058.0,1063.0,0.004725897920604915,0.5540921919096896,0.572429906542056,0.3333333333333333,2123.5,2078.2,2122.5,2078.9
P341_2026-07-10_TCS_106692059,existing_phase341,TCS,09-Jul-2026 15:54:18,post_close,2026-07-10,market_open_next_available_real_l2_day,Dividend,60,900,ready,1783655100000,1783655104834,1783655165163,1783656068864,0,2115.3,2122.3500000000004,2084.8,33.328605871508444,1.0,1058.0,720.0,-0.31947069943289225,-0.4527777777777778,-0.48295454545454547,-0.125,2122.8,2084.6,2121.9,2085.0
P341_2026-07-10_TCS_106692059,existing_phase341,TCS,09-Jul-2026 15:54:18,post_close,2026-07-10,market_open_next_available_real_l2_day,Dividend,120,900,ready,1783655100000,1783655104834,1783655225163,1783656125411,0,2115.3,2123.0,2078.55,36.401456058241465,1.0,1058.0,1063.0,0.004725897920604915,0.5540921919096896,0.572429906542056,0.3333333333333333,2123.5,2078.2,2122.5,2078.9
P341_2026-07-10_TCS_106692063,existing_phase341,TCS,09-Jul-2026 15:56:06,post_close,2026-07-10,market_open_next_available_real_l2_day,Press Release,60,900,ready,1783655100000,1783655104834,1783655165163,1783656068864,0,2115.3,2122.3500000000004,2084.8,33.328605871508444,1.0,1058.0,720.0,-0.31947069943289225,-0.4527777777777778,-0.48295454545454547,-0.125,2122.8,2084.6,2121.9,2085.0
P341_2026-07-10_TCS_106692063,existing_phase341,TCS,09-Jul-2026 15:56:06,post_close,2026-07-10,market_open_next_available_real_l2_day,Press Release,120,900,ready,1783655100000,1783655104834,1783655225163,1783656125411,0,2115.3,2123.0,2078.55,36.401456058241465,1.0,1058.0,1063.0,0.004725897920604915,0.5540921919096896,0.572429906542056,0.3333333333333333,2123.5,2078.2,2122.5,2078.9
P341_2026-07-10_TCS_106692067,existing_phase341,TCS,09-Jul-2026 15:57:25,post_close,2026-07-10,market_open_next_available_real_l2_day,General Updates,60,900,ready,1783655100000,1783655104834,1783655165163,1783656068864,0,2115.3,2122.3500000000004,2084.8,33.328605871508444,1.0,1058.0,720.0,-0.31947069943289225,-0.4527777777777778,-0.48295454545454547,-0.125,2122.8,2084.6,2121.9,2085.0
P341_2026-07-10_TCS_106692067,existing_phase341,TCS,09-Jul-2026 15:57:25,post_close,2026-07-10,market_open_next_available_real_l2_day,General Updates,120,900,ready,1783655100000,1783655104834,1783655225163,1783656125411,0,2115.3,2123.0,2078.55,36.401456058241465,1.0,1058.0,1063.0,0.004725897920604915,0.5540921919096896,0.572429906542056,0.3333333333333333,2123.5,2078.2,2122.5,2078.9
P341_2026-07-10_TCS_106692731,existing_phase341,TCS,09-Jul-2026 22:27:13,post_close,2026-07-10,market_open_next_available_real_l2_day,Analysts/Institutional Investor Meet/Con. Call Updates,60,900,ready,1783655100000,1783655104834,1783655165163,1783656068864,0,2115.3,2122.3500000000004,2084.8,33.328605871508444,1.0,1058.0,720.0,-0.31947069943289225,-0.4527777777777778,-0.48295454545454547,-0.125,2122.8,2084.6,2121.9,2085.0
P341_2026-07-10_TCS_106692731,existing_phase341,TCS,09-Jul-2026 22:27:13,post_close,2026-07-10,market_open_next_available_real_l2_day,Analysts/Institutional Investor Meet/Con. Call Updates,120,900,ready,1783655100000,1783655104834,1783655225163,1783656125411,0,2115.3,2123.0,2078.55,36.401456058241465,1.0,1058.0,1063.0,0.004725897920604915,0.5540921919096896,0.572429906542056,0.3333333333333333,2123.5,2078.2,2122.5,2078.9
P341_2026-07-13_DRREDDY_106695517,existing_phase341,DRREDDY,13-Jul-2026 14:35:09,regular_session,2026-07-13,first_real_tick_after_announcement,Press Release,60,900,ready,1783933509000,1783933511706,1783933574720,1783934476218,0,1232.5,1232.65,1232.45,1.2170385395544905,1.0,2777.0,6187.0,1.2279438242707958,-0.5028285113948602,-0.5127133402995472,-0.16883116883116883,1233.0,1232.2,1232.3,1232.7
P341_2026-07-13_DRREDDY_106695517,existing_phase341,DRREDDY,13-Jul-2026 14:35:09,regular_session,2026-07-13,first_real_tick_after_announcement,Press Release,120,900,ready,1783933509000,1783933511706,1783933634658,1783934536218,0,1232.5,1232.55,1233.15,0.4056795131842152,1.0,2777.0,4390.0,0.5808426359380626,-0.009111617312072893,-0.023872679045092837,0.2571428571428571,1232.8,1233.1,1232.3,1233.2
P341_2026-07-13_HDFCBANK_106694495,existing_phase341,HDFCBANK,10-Jul-2026 23:50:18,post_close,2026-07-13,market_open_next_available_real_l2_day,Shareholders meeting,60,900,ready,1783914300000,1783914305195,1783914365710,1783915267961,0,817.25,814.9,812.075,-28.754970939125396,-1.0,34197.0,5431.0,-0.841184899260169,-0.3087829129073835,-0.307415133699981,-0.42105263157894735,815.0,812.0,814.8,812.15
P341_2026-07-13_HDFCBANK_106694495,existing_phase341,HDFCBANK,10-Jul-2026 23:50:18,post_close,2026-07-13,market_open_next_available_real_l2_day,Shareholders meeting,120,900,ready,1783914300000,1783914305195,1783914425959,1783915325960,0,817.25,815.9,812.25,-16.518813092689175,-1.0,34197.0,3308.0,-0.9032663683948884,-0.11487303506650544,-0.07211063549555483,-0.07692307692307693,816.05,812.1,815.75,812.4
P341_2026-07-13_INFY_106695528,existing_phase341,INFY,13-Jul-2026 14:47:47,regular_session,2026-07-13,first_real_tick_after_announcement,General Updates,60,900,ready,1783934267000,1783934269382,1783934329967,1783935230468,0,1102.8,1103.45,1104.95,5.894087776569559,1.0,8369.0,8894.0,0.06273150914087705,-0.8349449066786597,-0.8132151029748284,-0.6,1103.5,1104.9,1103.4,1105.0
P341_2026-07-13_INFY_106695528,existing_phase341,INFY,13-Jul-2026 14:47:47,regular_session,2026-07-13,first_real_tick_after_announcement,General Updates,120,900,ready,1783934267000,1783934269382,1783934390218,1783935290218,0,1102.8,1103.55,1104.35,6.800870511425463,1.0,8369.0,8588.0,0.02616800095590871,-0.4175593851886353,-0.47182126270867325,-0.1590909090909091,1103.6,1104.2,1103.5,1104.5
P341_2026-07-13_KOTAKBANK_106693798,existing_phase341,KOTAKBANK,10-Jul-2026 17:20:48,post_close,2026-07-13,market_open_next_available_real_l2_day,Shareholders meeting,60,900,ready,1783914300000,1783914305195,1783914367460,1783915274269,0,375.6,376.17499999999995,377.1,15.30883919062651,1.0,1796.0,6934.0,2.8608017817371936,0.44505336025382175,0.5866643987072632,0.12,376.2,377.0,376.15,377.2
P341_2026-07-13_KOTAKBANK_106693798,existing_phase341,KOTAKBANK,10-Jul-2026 17:20:48,post_close,2026-07-13,market_open_next_available_real_l2_day,Shareholders meeting,120,900,ready,1783914300000,1783914305195,1783914426209,1783915326210,0,375.6,375.725,376.8,3.3280085197018106,1.0,1796.0,9750.0,4.428730512249444,0.16533333333333333,0.1909699719161806,0.12727272727272726,375.8,376.75,375.65,376.85
P341_2026-07-13_KOTAKBANK_106693806,existing_phase341,KOTAKBANK,10-Jul-2026 17:24:32,post_close,2026-07-13,market_open_next_available_real_l2_day,General Updates,60,900,ready,1783914300000,1783914305195,1783914367460,1783915274269,0,375.6,376.17499999999995,377.1,15.30883919062651,1.0,1796.0,6934.0,2.8608017817371936,0.44505336025382175,0.5866643987072632,0.12,376.2,377.0,376.15,377.2
P341_2026-07-13_KOTAKBANK_106693806,existing_phase341,KOTAKBANK,10-Jul-2026 17:24:32,post_close,2026-07-13,market_open_next_available_real_l2_day,General Updates,120,900,ready,1783914300000,1783914305195,1783914426209,1783915326210,0,375.6,375.725,376.8,3.3280085197018106,1.0,1796.0,9750.0,4.428730512249444,0.16533333333333333,0.1909699719161806,0.12727272727272726,375.8,376.75,375.65,376.85
P341_2026-07-13_KOTAKBANK_106693819,existing_phase341,KOTAKBANK,10-Jul-2026 17:30:05,post_close,2026-07-13,market_open_next_available_real_l2_day,General Updates,60,900,ready,1783914300000,1783914305195,1783914367460,1783915274269,0,375.6,376.17499999999995,377.1,15.30883919062651,1.0,1796.0,6934.0,2.8608017817371936,0.44505336025382175,0.5866643987072632,0.12,376.2,377.0,376.15,377.2
P341_2026-07-13_KOTAKBANK_106693819,existing_phase341,KOTAKBANK,10-Jul-2026 17:30:05,post_close,2026-07-13,market_open_next_available_real_l2_day,General Updates,120,900,ready,1783914300000,1783914305195,1783914426209,1783915326210,0,375.6,375.725,376.8,3.3280085197018106,1.0,1796.0,9750.0,4.428730512249444,0.16533333333333333,0.1909699719161806,0.12727272727272726,375.8,376.75,375.65,376.85
P341_2026-07-13_MARUTI_106693600,existing_phase341,MARUTI,10-Jul-2026 15:53:31,post_close,2026-07-13,market_open_next_available_real_l2_day,General Updates,60,900,ready,1783914300000,1783914300712,1783914361438,1783915261960,0,13691.5,13567.0,13617.5,-90.93233027790964,-1.0,107.0,131.0,0.22429906542056074,0.1297709923664122,0.06666666666666667,0.52,13570.0,13615.0,13564.0,13620.0
P341_2026-07-13_MARUTI_106693600,existing_phase341,MARUTI,10-Jul-2026 15:53:31,post_close,2026-07-13,market_open_next_available_real_l2_day,General Updates,120,900,ready,1783914300000,1783914300712,1783914420715,1783915321960,0,13691.5,13652.5,13612.0,-28.484826352116276,-1.0,107.0,203.0,0.897196261682243,-0.1625615763546798,-0.20441988950276244,0.15384615384615385,13655.0,13610.0,13650.0,13614.0
P341_2026-07-13_RELIANCE_106693860,existing_phase341,RELIANCE,10-Jul-2026 17:46:25,post_close,2026-07-13,market_open_next_available_real_l2_day,Analysts/Institutional Investor Meet/Con. Call Updates,60,900,ready,1783914300000,1783914305196,1783914365960,1783915265961,0,1299.9,1300.65,1304.35,5.7696745903531035,1.0,4617.0,10083.0,1.183885640025991,0.457701081027472,0.48159446817164936,0.3424657534246575,1300.8,1304.3,1300.5,1304.4
P341_2026-07-13_RELIANCE_106693860,existing_phase341,RELIANCE,10-Jul-2026 17:46:25,post_close,2026-07-13,market_open_next_available_real_l2_day,Analysts/Institutional Investor Meet/Con. Call Updates,120,900,ready,1783914300000,1783914305196,1783914431474,1783915331960,0,1299.9,1302.6,1303.75,20.770828525269774,1.0,4617.0,10124.0,1.1927658652804851,-0.1696957724219676,0.021313506815365552,0.34375,1302.8,1303.6,1302.4,1303.9
P341_2026-07-13_SBIN_106694291,existing_phase341,SBIN,10-Jul-2026 22:26:10,post_close,2026-07-13,market_open_next_available_real_l2_day,General Updates,60,900,ready,1783914300000,1783914300712,1783914361438,1783915264461,0,1023.55,1025.4499999999998,1027.75,18.562845000242916,1.0,3739.0,13159.0,2.5193902112864404,0.3323200851128505,0.32006220839813376,0.04,1025.6,1027.6,1025.3,1027.9
P341_2026-07-13_SBIN_106694291,existing_phase341,SBIN,10-Jul-2026 22:26:10,post_close,2026-07-13,market_open_next_available_real_l2_day,General Updates,120,900,ready,1783914300000,1783914300712,1783914421209,1783915322961,0,1023.55,1026.55,1028.65,29.30975526354355,1.0,3739.0,8716.0,1.3311045734153517,0.2122533272143185,0.20167966406718657,-0.17647058823529413,1026.8,1028.5,1026.3,1028.8
P341_2026-07-13_TCS_106694050,existing_phase341,TCS,10-Jul-2026 18:53:25,post_close,2026-07-13,market_open_next_available_real_l2_day,Copy of Newspaper Publication,60,900,ready,1783914300000,1783914305195,1783914365710,1783915265961,0,2072.8999999999996,2090.2,2098.1000000000004,83.45795745091507,1.0,2812.0,1398.0,-0.5028449502133713,0.5450643776824035,-0.005291005291005291,0.0,2090.4,2097.8,2090.0,2098.4
P341_2026-07-13_TCS_106694050,existing_phase341,TCS,10-Jul-2026 18:53:25,post_close,2026-07-13,market_open_next_available_real_l2_day,Copy of Newspaper Publication,120,900,ready,1783914300000,1783914305195,1783914425709,1783915325710,0,2072.8999999999996,2096.15,2095.65,112.1617058227626,1.0,2812.0,1265.0,-0.5501422475106685,0.27430830039525694,0.2894308943089431,0.12,2096.5,2095.4,2095.8,2095.9
P341_2026-07-13_TCS_106695270,existing_phase341,TCS,13-Jul-2026 11:30:11,regular_session,2026-07-13,first_real_tick_after_announcement,Updates,60,900,ready,1783922411000,1783922414847,1783922475206,1783923375599,0,2159.3,2163.0,2161.2,17.13518269809576,1.0,1115.0,1338.0,0.2,-0.06726457399103139,-0.16549295774647887,-0.125,2163.4,2161.0,2162.6,2161.4
P341_2026-07-13_TCS_106695270,existing_phase341,TCS,13-Jul-2026 11:30:11,regular_session,2026-07-13,first_real_tick_after_announcement,Updates,120,900,ready,1783922411000,1783922414847,1783922535457,1783923435958,0,2159.3,2161.65,2161.55,10.883156578520394,1.0,1115.0,2966.0,1.6600896860986547,0.6156439649359406,0.6646098003629765,0.32142857142857145,2162.0,2161.4,2161.3,2161.7
P341_2026-07-13_WIPRO_106693588,existing_phase341,WIPRO,10-Jul-2026 15:46:57,post_close,2026-07-13,market_open_next_available_real_l2_day,Copy of Newspaper Publication,60,900,ready,1783914300000,1783914305195,1783914365210,1783915267961,0,174.45499999999998,175.55,174.775,62.76690263965076,1.0,4085.0,5606.0,0.3723378212974296,0.4070638601498395,0.42184386886433617,0.35714285714285715,175.58,174.75,175.52,174.8
P341_2026-07-13_WIPRO_106693588,existing_phase341,WIPRO,10-Jul-2026 15:46:57,post_close,2026-07-13,market_open_next_available_real_l2_day,Copy of Newspaper Publication,120,900,ready,1783914300000,1783914305195,1783914431474,1783915331710,0,174.45499999999998,175.53,174.745,61.62047519417713,1.0,4085.0,18218.0,3.4597307221542226,0.036227906466132394,-0.9531604731748118,-0.5555555555555556,175.56,174.71,175.5,174.78
P341_2026-07-14_BHARTIARTL_106696754,existing_phase341,BHARTIARTL,14-Jul-2026 11:58:18,regular_session,2026-07-14,first_real_tick_after_announcement,Press Release,60,900,ready,1784010498000,1784010498095,1784010558344,1784011458344,0,1933.95,1934.95,1936.55,5.17076449753096,1.0,2693.0,2327.0,-0.13590790939472708,-0.2874946282767512,-0.3881278538812785,-0.43478260869565216,1935.0,1936.5,1934.9,1936.6
P341_2026-07-14_BHARTIARTL_106696754,existing_phase341,BHARTIARTL,14-Jul-2026 11:58:18,regular_session,2026-07-14,first_real_tick_after_announcement,Press Release,120,900,ready,1784010498000,1784010498095,1784010618844,1784011520346,0,1933.95,1935.75,1935.75,9.307376095555492,1.0,2693.0,3738.0,0.38804307463795024,0.4451578384162654,0.559748427672956,0.19148936170212766,1936.0,1935.7,1935.5,1935.8
P341_2026-07-14_CIPLA_106695963,existing_phase341,CIPLA,13-Jul-2026 18:29:03,post_close,2026-07-14,market_open_next_available_real_l2_day,"Certificate under SEBI (Depositories and Participants) Regulations, 2018",60,900,ready,1784000700000,1784000705449,1784000767052,1784001676195,0,1427.3,1428.65,1447.5,9.458417992013848,1.0,495.0,256.0,-0.48282828282828283,0.359375,0.35864978902953587,0.3333333333333333,1428.9,1447.3,1428.4,1447.7
P341_2026-07-14_CIPLA_106695963,existing_phase341,CIPLA,13-Jul-2026 18:29:03,post_close,2026-07-14,market_open_next_available_real_l2_day,"Certificate under SEBI (Depositories and Participants) Regulations, 2018",120,900,ready,1784000700000,1784000705449,1784000828052,1784001728552,0,1427.3,1431.35,1447.4499999999998,28.37525397603836,1.0,495.0,1798.0,2.632323232323232,-0.7953281423804227,-0.8197573656845754,0.09090909090909091,1431.8,1447.3,1430.9,1447.6
P341_2026-07-14_HCLTECH_106695829,existing_phase341,HCLTECH,13-Jul-2026 17:41:00,post_close,2026-07-14,market_open_next_available_real_l2_day,Outcome of Board Meeting,60,900,ready,1784000700000,1784000700551,1784000762623,1784001663553,0,1199.8,1186.5,1198.05,-110.85180863477208,-1.0,32326.0,2423.0,-0.9250448555342449,-0.1341312422616591,-0.20035149384885764,0.24324324324324326,1186.9,1198.0,1186.1,1198.1
P341_2026-07-14_HCLTECH_106695829,existing_phase341,HCLTECH,13-Jul-2026 17:41:00,post_close,2026-07-14,market_open_next_available_real_l2_day,Outcome of Board Meeting,120,900,ready,1784000700000,1784000700551,1784000821052,1784001721052,0,1199.8,1189.05,1195.65,-89.59826637772962,-1.0,32326.0,1920.0,-0.9406050856895378,-0.19895833333333332,-0.27586206896551724,-0.037037037037037035,1189.1,1195.4,1189.0,1195.9
P341_2026-07-14_HCLTECH_106695847,existing_phase341,HCLTECH,13-Jul-2026 17:46:28,post_close,2026-07-14,market_open_next_available_real_l2_day,Press Release,60,900,ready,1784000700000,1784000700551,1784000762623,1784001663553,0,1199.8,1186.5,1198.05,-110.85180863477208,-1.0,32326.0,2423.0,-0.9250448555342449,-0.1341312422616591,-0.20035149384885764,0.24324324324324326,1186.9,1198.0,1186.1,1198.1
P341_2026-07-14_HCLTECH_106695847,existing_phase341,HCLTECH,13-Jul-2026 17:46:28,post_close,2026-07-14,market_open_next_available_real_l2_day,Press Release,120,900,ready,1784000700000,1784000700551,1784000821052,1784001721052,0,1199.8,1189.05,1195.65,-89.59826637772962,-1.0,32326.0,1920.0,-0.9406050856895378,-0.19895833333333332,-0.27586206896551724,-0.037037037037037035,1189.1,1195.4,1189.0,1195.9
P341_2026-07-14_HCLTECH_106695856,existing_phase341,HCLTECH,13-Jul-2026 17:49:49,post_close,2026-07-14,market_open_next_available_real_l2_day,General Updates,60,900,ready,1784000700000,1784000700551,1784000762623,1784001663553,0,1199.8,1186.5,1198.05,-110.85180863477208,-1.0,32326.0,2423.0,-0.9250448555342449,-0.1341312422616591,-0.20035149384885764,0.24324324324324326,1186.9,1198.0,1186.1,1198.1
P341_2026-07-14_HCLTECH_106695856,existing_phase341,HCLTECH,13-Jul-2026 17:49:49,post_close,2026-07-14,market_open_next_available_real_l2_day,General Updates,120,900,ready,1784000700000,1784000700551,1784000821052,1784001721052,0,1199.8,1189.05,1195.65,-89.59826637772962,-1.0,32326.0,1920.0,-0.9406050856895378,-0.19895833333333332,-0.27586206896551724,-0.037037037037037035,1189.1,1195.4,1189.0,1195.9
P341_2026-07-14_HCLTECH_106695864,existing_phase341,HCLTECH,13-Jul-2026 17:53:19,post_close,2026-07-14,market_open_next_available_real_l2_day,Dividend,60,900,ready,1784000700000,1784000700551,1784000762623,1784001663553,0,1199.8,1186.5,1198.05,-110.85180863477208,-1.0,32326.0,2423.0,-0.9250448555342449,-0.1341312422616591,-0.20035149384885764,0.24324324324324326,1186.9,1198.0,1186.1,1198.1
P341_2026-07-14_HCLTECH_106695864,existing_phase341,HCLTECH,13-Jul-2026 17:53:19,post_close,2026-07-14,market_open_next_available_real_l2_day,Dividend,120,900,ready,1784000700000,1784000700551,1784000821052,1784001721052,0,1199.8,1189.05,1195.65,-89.59826637772962,-1.0,32326.0,1920.0,-0.9406050856895378,-0.19895833333333332,-0.27586206896551724,-0.037037037037037035,1189.1,1195.4,1189.0,1195.9
P341_2026-07-14_HCLTECH_106695871,existing_phase341,HCLTECH,13-Jul-2026 17:55:38,post_close,2026-07-14,market_open_next_available_real_l2_day,Record Date,60,900,ready,1784000700000,1784000700551,1784000762623,1784001663553,0,1199.8,1186.5,1198.05,-110.85180863477208,-1.0,32326.0,2423.0,-0.9250448555342449,-0.1341312422616591,-0.20035149384885764,0.24324324324324326,1186.9,1198.0,1186.1,1198.1
P341_2026-07-14_HCLTECH_106695871,existing_phase341,HCLTECH,13-Jul-2026 17:55:38,post_close,2026-07-14,market_open_next_available_real_l2_day,Record Date,120,900,ready,1784000700000,1784000700551,1784000821052,1784001721052,0,1199.8,1189.05,1195.65,-89.59826637772962,-1.0,32326.0,1920.0,-0.9406050856895378,-0.19895833333333332,-0.27586206896551724,-0.037037037037037035,1189.1,1195.4,1189.0,1195.9
P341_2026-07-14_HCLTECH_106695928,existing_phase341,HCLTECH,13-Jul-2026 18:20:56,post_close,2026-07-14,market_open_next_available_real_l2_day,General Updates,60,900,ready,1784000700000,1784000700551,1784000762623,1784001663553,0,1199.8,1186.5,1198.05,-110.85180863477208,-1.0,32326.0,2423.0,-0.9250448555342449,-0.1341312422616591,-0.20035149384885764,0.24324324324324326,1186.9,1198.0,1186.1,1198.1
P341_2026-07-14_HCLTECH_106695928,existing_phase341,HCLTECH,13-Jul-2026 18:20:56,post_close,2026-07-14,market_open_next_available_real_l2_day,General Updates,120,900,ready,1784000700000,1784000700551,1784000821052,1784001721052,0,1199.8,1189.05,1195.65,-89.59826637772962,-1.0,32326.0,1920.0,-0.9406050856895378,-0.19895833333333332,-0.27586206896551724,-0.037037037037037035,1189.1,1195.4,1189.0,1195.9
P341_2026-07-14_HCLTECH_106695980,existing_phase341,HCLTECH,13-Jul-2026 18:34:52,post_close,2026-07-14,market_open_next_available_real_l2_day,Change in Director(s),60,900,ready,1784000700000,1784000700551,1784000762623,1784001663553,0,1199.8,1186.5,1198.05,-110.85180863477208,-1.0,32326.0,2423.0,-0.9250448555342449,-0.1341312422616591,-0.20035149384885764,0.24324324324324326,1186.9,1198.0,1186.1,1198.1
P341_2026-07-14_HCLTECH_106695980,existing_phase341,HCLTECH,13-Jul-2026 18:34:52,post_close,2026-07-14,market_open_next_available_real_l2_day,Change in Director(s),120,900,ready,1784000700000,1784000700551,1784000821052,1784001721052,0,1199.8,1189.05,1195.65,-89.59826637772962,-1.0,32326.0,1920.0,-0.9406050856895378,-0.19895833333333332,-0.27586206896551724,-0.037037037037037035,1189.1,1195.4,1189.0,1195.9
P341_2026-07-14_HCLTECH_106695992,existing_phase341,HCLTECH,13-Jul-2026 18:39:10,post_close,2026-07-14,market_open_next_available_real_l2_day,Updates,60,900,ready,1784000700000,1784000700551,1784000762623,1784001663553,0,1199.8,1186.5,1198.05,-110.85180863477208,-1.0,32326.0,2423.0,-0.9250448555342449,-0.1341312422616591,-0.20035149384885764,0.24324324324324326,1186.9,1198.0,1186.1,1198.1
P341_2026-07-14_HCLTECH_106695992,existing_phase341,HCLTECH,13-Jul-2026 18:39:10,post_close,2026-07-14,market_open_next_available_real_l2_day,Updates,120,900,ready,1784000700000,1784000700551,1784000821052,1784001721052,0,1199.8,1189.05,1195.65,-89.59826637772962,-1.0,32326.0,1920.0,-0.9406050856895378,-0.19895833333333332,-0.27586206896551724,-0.037037037037037035,1189.1,1195.4,1189.0,1195.9
P341_2026-07-14_HCLTECH_106696002,existing_phase341,HCLTECH,13-Jul-2026 18:42:59,post_close,2026-07-14,market_open_next_available_real_l2_day,Updates,60,900,ready,1784000700000,1784000700551,1784000762623,1784001663553,0,1199.8,1186.5,1198.05,-110.85180863477208,-1.0,32326.0,2423.0,-0.9250448555342449,-0.1341312422616591,-0.20035149384885764,0.24324324324324326,1186.9,1198.0,1186.1,1198.1
P341_2026-07-14_HCLTECH_106696002,existing_phase341,HCLTECH,13-Jul-2026 18:42:59,post_close,2026-07-14,market_open_next_available_real_l2_day,Updates,120,900,ready,1784000700000,1784000700551,1784000821052,1784001721052,0,1199.8,1189.05,1195.65,-89.59826637772962,-1.0,32326.0,1920.0,-0.9406050856895378,-0.19895833333333332,-0.27586206896551724,-0.037037037037037035,1189.1,1195.4,1189.0,1195.9
P341_2026-07-14_HCLTECH_106696014,existing_phase341,HCLTECH,13-Jul-2026 18:47:42,post_close,2026-07-14,market_open_next_available_real_l2_day,Updates,60,900,ready,1784000700000,1784000700551,1784000762623,1784001663553,0,1199.8,1186.5,1198.05,-110.85180863477208,-1.0,32326.0,2423.0,-0.9250448555342449,-0.1341312422616591,-0.20035149384885764,0.24324324324324326,1186.9,1198.0,1186.1,1198.1
P341_2026-07-14_HCLTECH_106696014,existing_phase341,HCLTECH,13-Jul-2026 18:47:42,post_close,2026-07-14,market_open_next_available_real_l2_day,Updates,120,900,ready,1784000700000,1784000700551,1784000821052,1784001721052,0,1199.8,1189.05,1195.65,-89.59826637772962,-1.0,32326.0,1920.0,-0.9406050856895378,-0.19895833333333332,-0.27586206896551724,-0.037037037037037035,1189.1,1195.4,1189.0,1195.9
P341_2026-07-14_HCLTECH_106696210,existing_phase341,HCLTECH,13-Jul-2026 21:38:18,post_close,2026-07-14,market_open_next_available_real_l2_day,Updates,60,900,ready,1784000700000,1784000700551,1784000762623,1784001663553,0,1199.8,1186.5,1198.05,-110.85180863477208,-1.0,32326.0,2423.0,-0.9250448555342449,-0.1341312422616591,-0.20035149384885764,0.24324324324324326,1186.9,1198.0,1186.1,1198.1
P341_2026-07-14_HCLTECH_106696210,existing_phase341,HCLTECH,13-Jul-2026 21:38:18,post_close,2026-07-14,market_open_next_available_real_l2_day,Updates,120,900,ready,1784000700000,1784000700551,1784000821052,1784001721052,0,1199.8,1189.05,1195.65,-89.59826637772962,-1.0,32326.0,1920.0,-0.9406050856895378,-0.19895833333333332,-0.27586206896551724,-0.037037037037037035,1189.1,1195.4,1189.0,1195.9
P341_2026-07-14_HCLTECH_106696346,existing_phase341,HCLTECH,13-Jul-2026 23:11:05,post_close,2026-07-14,market_open_next_available_real_l2_day,Analysts/Institutional Investor Meet/Con. Call Updates,60,900,ready,1784000700000,1784000700551,1784000762623,1784001663553,0,1199.8,1186.5,1198.05,-110.85180863477208,-1.0,32326.0,2423.0,-0.9250448555342449,-0.1341312422616591,-0.20035149384885764,0.24324324324324326,1186.9,1198.0,1186.1,1198.1
P341_2026-07-14_HCLTECH_106696346,existing_phase341,HCLTECH,13-Jul-2026 23:11:05,post_close,2026-07-14,market_open_next_available_real_l2_day,Analysts/Institutional Investor Meet/Con. Call Updates,120,900,ready,1784000700000,1784000700551,1784000821052,1784001721052,0,1199.8,1189.05,1195.65,-89.59826637772962,-1.0,32326.0,1920.0,-0.9406050856895378,-0.19895833333333332,-0.27586206896551724,-0.037037037037037035,1189.1,1195.4,1189.0,1195.9
P341_2026-07-14_ICICIBANK_106696630,existing_phase341,ICICIBANK,14-Jul-2026 11:04:53,regular_session,2026-07-14,first_real_tick_after_announcement,ESOP/ESOS/ESPS,60,900,ready,1784007293000,1784007294094,1784007355247,1784008255843,0,1405.4499999999998,1406.5500000000002,1408.55,7.826674730515948,1.0,8761.0,7119.0,-0.18742152722291977,-0.011658940862480685,-0.3395312802634127,-0.08571428571428572,1406.7,1408.5,1406.4,1408.6
P341_2026-07-14_ICICIBANK_106696630,existing_phase341,ICICIBANK,14-Jul-2026 11:04:53,regular_session,2026-07-14,first_real_tick_after_announcement,ESOP/ESOS/ESPS,120,900,ready,1784007293000,1784007294094,1784007415051,1784008318336,0,1405.4499999999998,1406.15,1410.25,4.9806111921468075,1.0,8761.0,10014.0,0.14302020317315375,0.16536848412222888,-0.04418779814210394,0.07692307692307693,1406.3,1410.2,1406.0,1410.3
P341_2026-07-14_KOTAKBANK_106696676,existing_phase341,KOTAKBANK,14-Jul-2026 11:22:48,regular_session,2026-07-14,first_real_tick_after_announcement,Analysts/Institutional Investor Meet/Con. Call Updates,60,900,ready,1784008368000,1784008368094,1784008431568,1784009331844,0,378.625,378.675,379.1,1.3205678441732946,1.0,40523.0,40157.0,-0.009031907805443821,0.14973728117140225,0.15074224361720895,-0.007751937984496124,378.75,379.05,378.6,379.15
P341_2026-07-14_KOTAKBANK_106696676,existing_phase341,KOTAKBANK,14-Jul-2026 11:22:48,regular_session,2026-07-14,first_real_tick_after_announcement,Analysts/Institutional Investor Meet/Con. Call Updates,120,900,ready,1784008368000,1784008368094,1784008488343,1784009388344,0,378.625,378.575,378.92499999999995,-1.3205678441732946,-1.0,40523.0,37791.0,-0.0674185030723293,0.6257839168055886,0.5274662175094744,0.391304347826087,378.65,378.9,378.5,378.95
P341_2026-07-14_KOTAKBANK_106696863,existing_phase341,KOTAKBANK,14-Jul-2026 13:02:56,regular_session,2026-07-14,first_real_tick_after_announcement,ESOP/ESOS/ESPS,60,900,ready,1784014376000,1784014376094,1784014436094,1784015336844,0,376.575,376.675,377.275,2.6555135099255858,1.0,25436.0,27998.0,0.1007233841799025,0.28187727694835346,0.2666180226194819,0.4461538461538462,376.75,377.2,376.6,377.35
P341_2026-07-14_KOTAKBANK_106696863,existing_phase341,KOTAKBANK,14-Jul-2026 13:02:56,regular_session,2026-07-14,first_real_tick_after_announcement,ESOP/ESOS/ESPS,120,900,ready,1784014376000,1784014376094,1784014497594,1784015398845,0,376.575,376.8,377.325,5.974905397331813,1.0,25436.0,34114.0,0.3411699952822771,0.6042680424459166,0.5863718605293017,0.4957983193277311,376.85,377.25,376.75,377.4
P341_2026-07-14_M&M_106696043,existing_phase341,M&M,13-Jul-2026 19:00:26,post_close,2026-07-14,market_open_next_available_real_l2_day,Copy of Newspaper Publication,60,900,ready,1784000700000,1784000705449,1784000766052,1784001666301,0,3125.2,3117.45,3101.45,-24.798412901574302,-1.0,178.0,263.0,0.47752808988764045,-0.11787072243346007,0.014084507042253521,0.25,3117.9,3101.0,3117.0,3101.9
P341_2026-07-14_M&M_106696043,existing_phase341,M&M,13-Jul-2026 19:00:26,post_close,2026-07-14,market_open_next_available_real_l2_day,Copy of Newspaper Publication,120,900,ready,1784000700000,1784000705449,1784000825551,1784001725553,0,3125.2,3114.8999999999996,3098.15,-32.9578906949961,-1.0,178.0,559.0,2.140449438202247,0.33094812164579607,0.4574898785425101,-0.058823529411764705,3115.2,3098.0,3114.6,3098.3
P341_2026-07-14_M&M_106696059,existing_phase341,M&M,13-Jul-2026 19:11:01,post_close,2026-07-14,market_open_next_available_real_l2_day,Updates,60,900,ready,1784000700000,1784000705449,1784000766052,1784001666301,0,3125.2,3117.45,3101.45,-24.798412901574302,-1.0,178.0,263.0,0.47752808988764045,-0.11787072243346007,0.014084507042253521,0.25,3117.9,3101.0,3117.0,3101.9
P341_2026-07-14_M&M_106696059,existing_phase341,M&M,13-Jul-2026 19:11:01,post_close,2026-07-14,market_open_next_available_real_l2_day,Updates,120,900,ready,1784000700000,1784000705449,1784000825551,1784001725553,0,3125.2,3114.8999999999996,3098.15,-32.9578906949961,-1.0,178.0,559.0,2.140449438202247,0.33094812164579607,0.4574898785425101,-0.058823529411764705,3115.2,3098.0,3114.6,3098.3
P341_2026-07-14_M&M_106696068,existing_phase341,M&M,13-Jul-2026 19:20:00,post_close,2026-07-14,market_open_next_available_real_l2_day,Updates,60,900,ready,1784000700000,1784000705449,1784000766052,1784001666301,0,3125.2,3117.45,3101.45,-24.798412901574302,-1.0,178.0,263.0,0.47752808988764045,-0.11787072243346007,0.014084507042253521,0.25,3117.9,3101.0,3117.0,3101.9
P341_2026-07-14_M&M_106696068,existing_phase341,M&M,13-Jul-2026 19:20:00,post_close,2026-07-14,market_open_next_available_real_l2_day,Updates,120,900,ready,1784000700000,1784000705449,1784000825551,1784001725553,0,3125.2,3114.8999999999996,3098.15,-32.9578906949961,-1.0,178.0,559.0,2.140449438202247,0.33094812164579607,0.4574898785425101,-0.058823529411764705,3115.2,3098.0,3114.6,3098.3
P341_2026-07-14_M&M_106696128,existing_phase341,M&M,13-Jul-2026 19:48:10,post_close,2026-07-14,market_open_next_available_real_l2_day,Updates,60,900,ready,1784000700000,1784000705449,1784000766052,1784001666301,0,3125.2,3117.45,3101.45,-24.798412901574302,-1.0,178.0,263.0,0.47752808988764045,-0.11787072243346007,0.014084507042253521,0.25,3117.9,3101.0,3117.0,3101.9
P341_2026-07-14_M&M_106696128,existing_phase341,M&M,13-Jul-2026 19:48:10,post_close,2026-07-14,market_open_next_available_real_l2_day,Updates,120,900,ready,1784000700000,1784000705449,1784000825551,1784001725553,0,3125.2,3114.8999999999996,3098.15,-32.9578906949961,-1.0,178.0,559.0,2.140449438202247,0.33094812164579607,0.4574898785425101,-0.058823529411764705,3115.2,3098.0,3114.6,3098.3
P341_2026-07-14_SBIN_106695773,existing_phase341,SBIN,13-Jul-2026 17:06:47,post_close,2026-07-14,market_open_next_available_real_l2_day,General Updates,60,900,ready,1784000700000,1784000705449,1784000766802,1784001667552,0,1033.55,1030.5500000000002,1027.95,-29.026171931689547,-1.0,6139.0,9109.0,0.48379214855839714,0.7936107146777912,0.7941645771597903,0.48,1030.7,1027.9,1030.4,1028.0
P341_2026-07-14_SBIN_106695773,existing_phase341,SBIN,13-Jul-2026 17:06:47,post_close,2026-07-14,market_open_next_available_real_l2_day,General Updates,120,900,ready,1784000700000,1784000705449,1784000825802,1784001728552,0,1033.55,1029.75,1028.05,-36.7664844468091,-1.0,6139.0,4964.0,-0.19139925069229516,0.7421434327155519,0.7409350057012543,0.44680851063829785,1029.8,1028.0,1029.7,1028.1
P341_2026-07-14_TCS_106696698,existing_phase341,TCS,14-Jul-2026 11:30:30,regular_session,2026-07-14,first_real_tick_after_announcement,Updates,60,900,ready,1784008830000,1784008830344,1784008890594,1784009790844,0,2197.05,2198.05,2199.2,4.551557770647004,1.0,1863.0,1676.0,-0.10037573805689748,-0.5214797136038186,-0.5283842794759825,0.41935483870967744,2198.1,2199.0,2198.0,2199.4
P341_2026-07-14_TCS_106696698,existing_phase341,TCS,14-Jul-2026 11:30:30,regular_session,2026-07-14,first_real_tick_after_announcement,Updates,120,900,ready,1784008830000,1784008830344,1784008951554,1784009855705,0,2197.05,2198.3500000000004,2200.0,5.917025101841932,1.0,1863.0,835.0,-0.5517981749865808,-0.0658682634730539,0.0397456279809221,0.4375,2198.4,2199.9,2198.3,2200.1
P341_2026-07-14_TCS_106696979,existing_phase341,TCS,14-Jul-2026 14:24:37,regular_session,2026-07-14,first_real_tick_after_announcement,Updates,60,900,ready,1784019277000,1784019277094,1784019337095,1784020237881,0,2197.8,2197.95,2202.35,0.6825006824990271,1.0,3863.0,4336.0,0.12244369660885322,-0.3376383763837638,0.025927403270841642,-0.24,2198.0,2202.1,2197.9,2202.6
P341_2026-07-14_TCS_106696979,existing_phase341,TCS,14-Jul-2026 14:24:37,regular_session,2026-07-14,first_real_tick_after_announcement,Updates,120,900,ready,1784019277000,1784019277094,1784019397095,1784020297344,0,2197.8,2197.3999999999996,2203.9,-1.8200018200043027,-1.0,3863.0,3059.0,-0.20812839761843127,0.38084341288002616,0.487369985141159,0.3617021276595745,2197.7,2203.8,2197.1,2204.0
P341_2026-07-15_AXISBANK_106697208,existing_phase341,AXISBANK,14-Jul-2026 16:39:47,post_close,2026-07-15,market_open_next_available_real_l2_day,General Updates,60,900,ready,1784087100000,1784087105598,1784087165957,1784088066209,0,1326.85,1326.5500000000002,1344.15,-2.2609940837300915,-1.0,5093.0,2018.0,-0.6037698802277636,0.37165510406342916,0.31639977912755385,0.21212121212121213,1326.7,1343.9,1326.4,1344.4
P341_2026-07-15_AXISBANK_106697208,existing_phase341,AXISBANK,14-Jul-2026 16:39:47,post_close,2026-07-15,market_open_next_available_real_l2_day,General Updates,120,900,ready,1784087100000,1784087105598,1784087225707,1784088125709,0,1326.85,1328.75,1346.1,14.319629196970954,1.0,5093.0,3114.0,-0.3885725505595916,-0.15350032113037893,-0.0003795066413662239,-0.21052631578947367,1329.0,1345.8,1328.5,1346.4
P341_2026-07-15_AXISBANK_106697779,existing_phase341,AXISBANK,14-Jul-2026 21:54:56,post_close,2026-07-15,market_open_next_available_real_l2_day,ESOP/ESOS/ESPS,60,900,ready,1784087100000,1784087105598,1784087165957,1784088066209,0,1326.85,1326.5500000000002,1344.15,-2.2609940837300915,-1.0,5093.0,2018.0,-0.6037698802277636,0.37165510406342916,0.31639977912755385,0.21212121212121213,1326.7,1343.9,1326.4,1344.4
P341_2026-07-15_AXISBANK_106697779,existing_phase341,AXISBANK,14-Jul-2026 21:54:56,post_close,2026-07-15,market_open_next_available_real_l2_day,ESOP/ESOS/ESPS,120,900,ready,1784087100000,1784087105598,1784087225707,1784088125709,0,1326.85,1328.75,1346.1,14.319629196970954,1.0,5093.0,3114.0,-0.3885725505595916,-0.15350032113037893,-0.0003795066413662239,-0.21052631578947367,1329.0,1345.8,1328.5,1346.4
P341_2026-07-15_AXISBANK_106697899,existing_phase341,AXISBANK,14-Jul-2026 23:12:30,post_close,2026-07-15,market_open_next_available_real_l2_day,General Updates,60,900,ready,1784087100000,1784087105598,1784087165957,1784088066209,0,1326.85,1326.5500000000002,1344.15,-2.2609940837300915,-1.0,5093.0,2018.0,-0.6037698802277636,0.37165510406342916,0.31639977912755385,0.21212121212121213,1326.7,1343.9,1326.4,1344.4
P341_2026-07-15_AXISBANK_106697899,existing_phase341,AXISBANK,14-Jul-2026 23:12:30,post_close,2026-07-15,market_open_next_available_real_l2_day,General Updates,120,900,ready,1784087100000,1784087105598,1784087225707,1784088125709,0,1326.85,1328.75,1346.1,14.319629196970954,1.0,5093.0,3114.0,-0.3885725505595916,-0.15350032113037893,-0.0003795066413662239,-0.21052631578947367,1329.0,1345.8,1328.5,1346.4
P341_2026-07-15_AXISBANK_106697950,existing_phase341,AXISBANK,14-Jul-2026 23:43:06,post_close,2026-07-15,market_open_next_available_real_l2_day,General Updates,60,900,ready,1784087100000,1784087105598,1784087165957,1784088066209,0,1326.85,1326.5500000000002,1344.15,-2.2609940837300915,-1.0,5093.0,2018.0,-0.6037698802277636,0.37165510406342916,0.31639977912755385,0.21212121212121213,1326.7,1343.9,1326.4,1344.4
P341_2026-07-15_AXISBANK_106697950,existing_phase341,AXISBANK,14-Jul-2026 23:43:06,post_close,2026-07-15,market_open_next_available_real_l2_day,General Updates,120,900,ready,1784087100000,1784087105598,1784087225707,1784088125709,0,1326.85,1328.75,1346.1,14.319629196970954,1.0,5093.0,3114.0,-0.3885725505595916,-0.15350032113037893,-0.0003795066413662239,-0.21052631578947367,1329.0,1345.8,1328.5,1346.4
P341_2026-07-15_BAJAJ-AUTO_106697273,existing_phase341,BAJAJ-AUTO,14-Jul-2026 17:06:39,post_close,2026-07-15,market_open_next_available_real_l2_day,General Updates,60,900,ready,1784087100000,1784087105599,1784087165706,1784088065709,0,10204.25,10214.0,10343.25,9.554842345101305,1.0,243.0,313.0,0.2880658436213992,0.31629392971246006,0.2967032967032967,-0.09090909090909091,10217.0,10342.0,10211.0,10344.5
P341_2026-07-15_BAJAJ-AUTO_106697273,existing_phase341,BAJAJ-AUTO,14-Jul-2026 17:06:39,post_close,2026-07-15,market_open_next_available_real_l2_day,General Updates,120,900,ready,1784087100000,1784087105599,1784087228206,1784088128210,0,10204.25,10257.25,10347.0,51.93914300414043,1.0,243.0,108.0,-0.5555555555555556,0.3148148148148148,0.34782608695652173,0.2222222222222222,10259.5,10345.0,10255.0,10349.0
P341_2026-07-15_BHARTIARTL_106697323,existing_phase341,BHARTIARTL,14-Jul-2026 17:26:34,post_close,2026-07-15,market_open_next_available_real_l2_day,"Certificate under SEBI (Depositories and Participants) Regulations, 2018",60,900,ready,1784087100000,1784087105599,1784087165706,1784088070209,0,1945.55,1947.4,1942.15,9.508879237234389,1.0,1730.0,1991.0,0.1508670520231214,-0.2626820693119036,-0.21018354055654234,-0.037037037037037035,1947.6,1942.1,1947.2,1942.2
P341_2026-07-15_BHARTIARTL_106697323,existing_phase341,BHARTIARTL,14-Jul-2026 17:26:34,post_close,2026-07-15,market_open_next_available_real_l2_day,"Certificate under SEBI (Depositories and Participants) Regulations, 2018",120,900,ready,1784087100000,1784087105599,1784087225707,1784088127708,0,1945.55,1943.9,1940.15,-8.480892292667182,-1.0,1730.0,2747.0,0.5878612716763005,-0.44302875864579544,-0.41140215716486905,-0.23076923076923078,1944.0,1940.0,1943.8,1940.3
P341_2026-07-15_HCLTECH_106697280,existing_phase341,HCLTECH,14-Jul-2026 17:09:10,post_close,2026-07-15,market_open_next_available_real_l2_day,Updates,60,900,ready,1784087100000,1784087105599,1784087165706,1784088066209,0,1152.5,1149.85,1178.85,-22.9934924078099,-1.0,984.0,1006.0,0.022357723577235773,-0.6023856858846919,-0.6251287332646756,-0.5,1150.1,1178.7,1149.6,1179.0
P341_2026-07-15_HCLTECH_106697280,existing_phase341,HCLTECH,14-Jul-2026 17:09:10,post_close,2026-07-15,market_open_next_available_real_l2_day,Updates,120,900,ready,1784087100000,1784087105599,1784087225707,1784088125709,0,1152.5,1152.8,1178.35,2.603036876355354,1.0,984.0,2877.0,1.923780487804878,-0.4153632255822037,-0.4077782056218714,0.08333333333333333,1153.0,1178.2,1152.6,1178.5
P341_2026-07-15_HINDUNILVR_106697752,existing_phase341,HINDUNILVR,14-Jul-2026 21:10:36,post_close,2026-07-15,market_open_next_available_real_l2_day,Copy of Newspaper Publication,60,900,ready,1784087100000,1784087105600,1784087166956,1784088071467,0,2123.5,2124.4,2113.3,4.2382858488349,1.0,387.0,326.0,-0.15762273901808785,0.25153374233128833,0.10687022900763359,-0.07692307692307693,2125.0,2113.0,2123.8,2113.6
P341_2026-07-15_HINDUNILVR_106697752,existing_phase341,HINDUNILVR,14-Jul-2026 21:10:36,post_close,2026-07-15,market_open_next_available_real_l2_day,Copy of Newspaper Publication,120,900,ready,1784087100000,1784087105600,1784087228956,1784088129210,0,2123.5,2121.0,2114.55,-11.77301624676242,-1.0,387.0,1000.0,1.5839793281653747,0.448,0.4814004376367615,0.3968253968253968,2121.5,2114.3,2120.5,2114.8
P341_2026-07-15_ICICIBANK_106697294,existing_phase341,ICICIBANK,14-Jul-2026 17:16:57,post_close,2026-07-15,market_open_next_available_real_l2_day,Analysts/Institutional Investor Meet/Con. Call Updates,60,900,ready,1784087100000,1784087105598,1784087165957,1784088066209,0,1412.3,1418.55,1424.35,44.25405367131629,1.0,28259.0,4810.0,-0.8297887398704837,-0.24740124740124741,-0.28296920242168994,0.16363636363636364,1418.8,1424.3,1418.3,1424.4
P341_2026-07-15_ICICIBANK_106697294,existing_phase341,ICICIBANK,14-Jul-2026 17:16:57,post_close,2026-07-15,market_open_next_available_real_l2_day,Analysts/Institutional Investor Meet/Con. Call Updates,120,900,ready,1784087100000,1784087105598,1784087225707,1784088125709,0,1412.3,1419.15,1424.55,48.50244282376363,1.0,28259.0,7044.0,-0.7507342793446335,0.2345258375922771,0.1366120218579235,0.5081967213114754,1419.3,1424.5,1419.0,1424.6
P341_2026-07-15_ICICIBANK_106697317,existing_phase341,ICICIBANK,14-Jul-2026 17:24:51,post_close,2026-07-15,market_open_next_available_real_l2_day,General Updates,60,900,ready,1784087100000,1784087105598,1784087165957,1784088066209,0,1412.3,1418.55,1424.35,44.25405367131629,1.0,28259.0,4810.0,-0.8297887398704837,-0.24740124740124741,-0.28296920242168994,0.16363636363636364,1418.8,1424.3,1418.3,1424.4
P341_2026-07-15_ICICIBANK_106697317,existing_phase341,ICICIBANK,14-Jul-2026 17:24:51,post_close,2026-07-15,market_open_next_available_real_l2_day,General Updates,120,900,ready,1784087100000,1784087105598,1784087225707,1784088125709,0,1412.3,1419.15,1424.55,48.50244282376363,1.0,28259.0,7044.0,-0.7507342793446335,0.2345258375922771,0.1366120218579235,0.5081967213114754,1419.3,1424.5,1419.0,1424.6
P341_2026-07-15_INFY_106697740,existing_phase341,INFY,14-Jul-2026 20:54:14,post_close,2026-07-15,market_open_next_available_real_l2_day,Updates,60,900,ready,1784087100000,1784087100706,1784087163053,1784088063228,0,1079.1999999999998,1077.75,1087.4499999999998,-13.435878428463848,-1.0,9843.0,5549.0,-0.4362491110433811,-0.20562263470895656,-0.1783551474897441,-0.046153846153846156,1078.0,1087.3,1077.5,1087.6
P341_2026-07-15_INFY_106697740,existing_phase341,INFY,14-Jul-2026 20:54:14,post_close,2026-07-15,market_open_next_available_real_l2_day,Updates,120,900,ready,1784087100000,1784087100706,1784087220706,1784088121399,0,1079.1999999999998,1077.55,1083.5,-15.289103039287099,-1.0,9843.0,7529.0,-0.23509092756273495,0.2506308938770089,0.3106095501305082,0.36585365853658536,1077.8,1083.3,1077.3,1083.7
P341_2026-07-15_MARUTI_106697620,existing_phase341,MARUTI,14-Jul-2026 19:32:54,post_close,2026-07-15,market_open_next_available_real_l2_day,Press Release,60,900,ready,1784087100000,1784087105603,1784087165957,1784088066458,0,13532.0,13464.5,13529.0,-49.8817617499261,-1.0,107.0,144.0,0.34579439252336447,-0.013888888888888888,-0.09375,0.06666666666666667,13466.0,13527.0,13463.0,13531.0
P341_2026-07-15_MARUTI_106697620,existing_phase341,MARUTI,14-Jul-2026 19:32:54,post_close,2026-07-15,market_open_next_available_real_l2_day,Press Release,120,900,ready,1784087100000,1784087105603,1784087234648,1784088135808,0,13532.0,13489.0,13520.5,-31.776529707360332,-1.0,107.0,222.0,1.074766355140187,0.2882882882882883,0.2692307692307692,0.3333333333333333,13491.0,13520.0,13487.0,13521.0
P341_2026-07-15_MARUTI_106698349,existing_phase341,MARUTI,15-Jul-2026 12:29:23,regular_session,2026-07-15,first_real_tick_after_announcement,Copy of Newspaper Publication,60,900,ready,1784098763000,1784098763204,1784098825454,1784099726964,0,13585.5,13586.5,13567.5,0.736078907658901,1.0,392.0,389.0,-0.007653061224489796,0.11053984575835475,0.05982905982905983,-0.045454545454545456,13588.0,13567.0,13585.0,13568.0
P341_2026-07-15_MARUTI_106698349,existing_phase341,MARUTI,15-Jul-2026 12:29:23,regular_session,2026-07-15,first_real_tick_after_announcement,Copy of Newspaper Publication,120,900,ready,1784098763000,1784098763204,1784098888854,1784099790704,0,13585.5,13587.0,13565.5,1.1041183614883516,1.0,392.0,492.0,0.25510204081632654,-0.21138211382113822,-0.1889400921658986,-0.36666666666666664,13589.0,13564.0,13585.0,13567.0
P341_2026-07-15_SBIN_106697426,existing_phase341,SBIN,14-Jul-2026 18:02:49,post_close,2026-07-15,market_open_next_available_real_l2_day,Credit Rating,60,900,ready,1784087100000,1784087105599,1784087165706,1784088066209,0,1017.3,1017.0999999999999,1026.4,-1.9659884006688833,-1.0,2594.0,5813.0,1.240940632228219,-0.10682952004128678,-0.11355181576616474,0.09433962264150944,1017.3,1026.3,1016.9,1026.5
P341_2026-07-15_SBIN_106697426,existing_phase341,SBIN,14-Jul-2026 18:02:49,post_close,2026-07-15,market_open_next_available_real_l2_day,Credit Rating,120,900,ready,1784087100000,1784087105599,1784087225956,1784088126209,0,1017.3,1017.7,1028.45,3.9319768013377665,1.0,2594.0,8635.0,2.328835774865073,0.04782860451650261,0.07335236440362418,-0.11764705882352941,1017.9,1028.4,1017.5,1028.5
P341_2026-07-15_SUNPHARMA_106697486,existing_phase341,SUNPHARMA,14-Jul-2026 18:29:25,post_close,2026-07-15,market_open_next_available_real_l2_day,Analysts/Institutional Investor Meet/Con. Call Updates,60,900,ready,1784087100000,1784087105598,1784087165957,1784088071708,0,1952.7,1947.95,1948.05,-24.325293183796795,-1.0,2984.0,1028.0,-0.6554959785522788,0.30544747081712065,0.41254125412541254,0.1,1948.4,1947.6,1947.5,1948.5
P341_2026-07-15_SUNPHARMA_106697486,existing_phase341,SUNPHARMA,14-Jul-2026 18:29:25,post_close,2026-07-15,market_open_next_available_real_l2_day,Analysts/Institutional Investor Meet/Con. Call Updates,120,900,ready,1784087100000,1784087105598,1784087225707,1784088129210,0,1952.7,1950.05,1946.6999999999998,-13.570953039381834,-1.0,2984.0,1361.0,-0.5439008042895442,-0.22409992652461425,-0.28861154446177845,0.26666666666666666,1950.3,1946.3,1949.8,1947.1
P341_2026-07-15_SUNPHARMA_106697990,existing_phase341,SUNPHARMA,15-Jul-2026 08:40:33,pre_open_or_overnight,2026-07-15,market_open_same_day,Press Release,60,900,ready,1784087100000,1784087105598,1784087165957,1784088071708,0,1952.7,1947.95,1948.05,-24.325293183796795,-1.0,2984.0,1028.0,-0.6554959785522788,0.30544747081712065,0.41254125412541254,0.1,1948.4,1947.6,1947.5,1948.5
P341_2026-07-15_SUNPHARMA_106697990,existing_phase341,SUNPHARMA,15-Jul-2026 08:40:33,pre_open_or_overnight,2026-07-15,market_open_same_day,Press Release,120,900,ready,1784087100000,1784087105598,1784087225707,1784088129210,0,1952.7,1950.05,1946.6999999999998,-13.570953039381834,-1.0,2984.0,1361.0,-0.5439008042895442,-0.22409992652461425,-0.28861154446177845,0.26666666666666666,1950.3,1946.3,1949.8,1947.1
P341_2026-07-15_TCS_106698208,existing_phase341,TCS,15-Jul-2026 11:30:12,regular_session,2026-07-15,first_real_tick_after_announcement,Updates,60,900,ready,1784095212000,1784095212961,1784095272962,1784096173010,0,2188.05,2188.25,2191.25,0.9140558945171184,1.0,1445.0,1338.0,-0.07404844290657439,-0.19730941704035873,-0.19282511210762332,0.22727272727272727,2188.4,2191.2,2188.1,2191.3
P341_2026-07-15_TCS_106698208,existing_phase341,TCS,15-Jul-2026 11:30:12,regular_session,2026-07-15,first_real_tick_after_announcement,Updates,120,900,ready,1784095212000,1784095212961,1784095332962,1784096233703,0,2188.05,2188.05,2191.3,0.0,0.0,1445.0,1684.0,0.16539792387543253,0.08907363420427554,-0.026016260162601626,0.13333333333333333,2188.1,2191.2,2188.0,2191.4
P341_2026-07-15_ULTRACEMCO_106697207,existing_phase341,ULTRACEMCO,14-Jul-2026 16:39:20,post_close,2026-07-15,market_open_next_available_real_l2_day,"Certificate under SEBI (Depositories and Participants) Regulations, 2018",60,900,ready,1784087100000,1784087105601,1784087168456,1784088068709,0,11539.0,11544.0,11638.5,4.333131120547708,1.0,414.0,127.0,-0.6932367149758454,0.1968503937007874,0.1826086956521739,0.03225806451612903,11547.0,11636.0,11541.0,11641.0
P341_2026-07-15_ULTRACEMCO_106697207,existing_phase341,ULTRACEMCO,14-Jul-2026 16:39:20,post_close,2026-07-15,market_open_next_available_real_l2_day,"Certificate under SEBI (Depositories and Participants) Regulations, 2018",120,900,ready,1784087100000,1784087105601,1784087230456,1784088137959,0,11539.0,11572.5,11646.5,29.031978507669645,1.0,414.0,196.0,-0.5265700483091788,-0.15306122448979592,-0.11864406779661017,0.16129032258064516,11575.0,11644.0,11570.0,11649.0
P341_2026-07-15_ULTRACEMCO_106698570,existing_phase341,ULTRACEMCO,15-Jul-2026 15:12:15,regular_session,2026-07-15,first_real_tick_after_announcement,Copy of Newspaper Publication,60,900,ready,1784108535000,1784108535148,1784108599197,1784109500947,0,11811.5,11813.5,11830.5,1.6932650383101215,1.0,770.0,751.0,-0.024675324675324677,0.05193075898801598,0.6123711340206186,0.08,11815.0,11830.0,11812.0,11831.0
P341_2026-07-15_ULTRACEMCO_106698570,existing_phase341,ULTRACEMCO,15-Jul-2026 15:12:15,regular_session,2026-07-15,first_real_tick_after_announcement,Copy of Newspaper Publication,120,900,ready,1784108535000,1784108535148,1784108658447,1784109558447,0,11811.5,11811.5,11833.5,0.0,0.0,770.0,859.0,0.11558441558441558,-0.4807916181606519,-0.4946871310507674,0.16923076923076924,11814.0,11833.0,11809.0,11834.0
P341_2026-07-15_WIPRO_106697074,existing_phase341,WIPRO,14-Jul-2026 15:36:00,post_close,2026-07-15,market_open_next_available_real_l2_day,Copy of Newspaper Publication,60,900,ready,1784087100000,1784087105599,1784087165706,1784088065959,0,174.89499999999998,175.055,176.315,9.148346150548903,1.0,11379.0,4832.0,-0.5753581158274014,-0.25662251655629137,-0.13696156822285271,0.0,175.09,176.3,175.02,176.33
P341_2026-07-15_WIPRO_106697074,existing_phase341,WIPRO,14-Jul-2026 15:36:00,post_close,2026-07-15,market_open_next_available_real_l2_day,Copy of Newspaper Publication,120,900,ready,1784087100000,1784087105599,1784087225707,1784088128210,0,174.89499999999998,175.22,176.285,18.58257811830053,1.0,11379.0,21889.0,0.9236312505492574,0.7577778793001051,-0.3456126886671783,-0.2,175.24,176.28,175.2,176.29
P341_2026-07-16_BAJAJ-AUTO_106699726,existing_phase341,BAJAJ-AUTO,16-Jul-2026 10:33:45,regular_session,2026-07-16,first_real_tick_after_announcement,General Updates,60,900,ready,1784178225000,1784178225019,1784178289269,1784179191524,0,10303.5,10318.5,10321.25,14.558159848595137,1.0,218.0,145.0,-0.3348623853211009,-0.43448275862068964,-0.11392405063291139,-0.36,10320.5,10321.0,10316.5,10321.5
P341_2026-07-16_BAJAJ-AUTO_106699726,existing_phase341,BAJAJ-AUTO,16-Jul-2026 10:33:45,regular_session,2026-07-16,first_real_tick_after_announcement,General Updates,120,900,ready,1784178225000,1784178225019,1784178345019,1784179245358,0,10303.5,10321.75,10321.25,17.71242781579075,1.0,218.0,127.0,-0.41743119266055045,-0.2440944881889764,-0.3333333333333333,-0.2727272727272727,10323.0,10321.0,10320.5,10321.5
P341_2026-07-16_BAJAJ-AUTO_106699933,existing_phase341,BAJAJ-AUTO,16-Jul-2026 12:57:44,regular_session,2026-07-16,first_real_tick_after_announcement,Copy of Newspaper Publication,60,900,ready,1784186864000,1784186868028,1784186929002,1784187829810,0,10292.0,10292.25,10302.75,0.24290711232024872,1.0,300.0,364.0,0.21333333333333335,0.5439560439560439,0.5398230088495575,0.0,10293.0,10302.5,10291.5,10303.0
P341_2026-07-16_BAJAJ-AUTO_106699933,existing_phase341,BAJAJ-AUTO,16-Jul-2026 12:57:44,regular_session,2026-07-16,first_real_tick_after_announcement,Copy of Newspaper Publication,120,900,ready,1784186864000,1784186868028,1784186989252,1784187889504,0,10292.0,10297.0,10303.75,4.858142246404975,1.0,300.0,264.0,-0.12,-0.5833333333333334,-0.5984555984555985,-0.047619047619047616,10297.5,10303.0,10296.5,10304.5
P341_2026-07-16_DRREDDY_106698720,existing_phase341,DRREDDY,15-Jul-2026 16:25:09,post_close,2026-07-16,market_open_next_available_real_l2_day,General Updates,60,900,ready,1784173500000,1784173505258,1784173565765,1784174467335,0,1228.45,1232.9499999999998,1229.7,36.631527534696346,1.0,2718.0,2799.0,0.029801324503311258,0.7156127188281529,0.6544152744630072,0.25,1233.1,1229.5,1232.8,1229.9
P341_2026-07-16_DRREDDY_106698720,existing_phase341,DRREDDY,15-Jul-2026 16:25:09,post_close,2026-07-16,market_open_next_available_real_l2_day,General Updates,120,900,ready,1784173500000,1784173505258,1784173631118,1784174538573,0,1228.45,1232.8,1229.8,35.410476616874185,1.0,2718.0,1304.0,-0.5202354672553348,-0.16104294478527606,-0.21552436003303055,-0.13333333333333333,1233.1,1229.6,1232.5,1230.0
P341_2026-07-16_HCLTECH_106699373,existing_phase341,HCLTECH,15-Jul-2026 22:34:19,post_close,2026-07-16,market_open_next_available_real_l2_day,Analysts/Institutional Investor Meet/Con. Call Updates,60,900,ready,1784173500000,1784173505257,1784173565265,1784174467335,0,1175.1999999999998,1188.75,1195.6,115.29952348536575,1.0,3163.0,1336.0,-0.5776161871640847,0.1661676646706587,0.14574557708508845,0.23809523809523808,1189.0,1195.4,1188.5,1195.8
P341_2026-07-16_HCLTECH_106699373,existing_phase341,HCLTECH,15-Jul-2026 22:34:19,post_close,2026-07-16,market_open_next_available_real_l2_day,Analysts/Institutional Investor Meet/Con. Call Updates,120,900,ready,1784173500000,1784173505257,1784173625516,1784174526011,0,1175.1999999999998,1196.55,1195.55,181.6712049012946,1.0,3163.0,6298.0,0.9911476446411634,-0.19752302318196252,-0.22865554465161925,0.0196078431372549,1196.8,1195.3,1196.3,1195.8
P341_2026-07-16_HDFCBANK_106698807,existing_phase341,HDFCBANK,15-Jul-2026 17:00:18,post_close,2026-07-16,market_open_next_available_real_l2_day,Appointment,60,900,ready,1784173500000,1784173500766,1784173560778,1784174467335,0,814.975,813.85,814.075,-13.804104420380993,-1.0,50764.0,7000.0,-0.8621070049641478,0.48828571428571427,0.4813308150515763,0.07692307692307693,813.95,814.0,813.75,814.15
P341_2026-07-16_HDFCBANK_106698807,existing_phase341,HDFCBANK,15-Jul-2026 17:00:18,post_close,2026-07-16,market_open_next_available_real_l2_day,Appointment,120,900,ready,1784173500000,1784173500766,1784173621015,1784174524336,0,814.975,813.95,813.775,-12.577072916346848,-1.0,50764.0,12412.0,-0.7554960208021433,0.633580406058653,0.654049517415023,0.28205128205128205,814.05,813.75,813.85,813.8
P341_2026-07-16_HDFCBANK_106699773,existing_phase341,HDFCBANK,16-Jul-2026 11:06:07,regular_session,2026-07-16,first_real_tick_after_announcement,"Certificate under SEBI (Depositories and Participants) Regulations, 2018",60,900,ready,1784180167000,1784180170744,1784180231015,1784181131760,0,813.875,813.625,813.475,-3.071724773460298,-1.0,11425.0,12516.0,0.09549234135667396,0.31831255992329816,0.3382603752131893,0.25925925925925924,813.75,813.45,813.5,813.5
P341_2026-07-16_HDFCBANK_106699773,existing_phase341,HDFCBANK,16-Jul-2026 11:06:07,regular_session,2026-07-16,first_real_tick_after_announcement,"Certificate under SEBI (Depositories and Participants) Regulations, 2018",120,900,ready,1784180167000,1784180170744,1784180291265,1784181194854,0,813.875,814.175,813.2,3.6860697281517987,1.0,11425.0,12671.0,0.10905908096280087,-0.5490490095493646,-0.4866540846589377,-0.569620253164557,814.25,813.15,814.1,813.25
P341_2026-07-16_HINDUNILVR_106699154,existing_phase341,HINDUNILVR,15-Jul-2026 19:03:06,post_close,2026-07-16,market_open_next_available_real_l2_day,"Certificate under SEBI (Depositories and Participants) Regulations, 2018",60,900,ready,1784173500000,1784173505259,1784173565516,1784174467335,0,2102.55,2101.8,2118.55,-3.5670970963829634,-1.0,243.0,272.0,0.11934156378600823,-0.4338235294117647,0.18333333333333332,0.15789473684210525,2102.0,2118.4,2101.6,2118.7
P341_2026-07-16_HINDUNILVR_106699154,existing_phase341,HINDUNILVR,15-Jul-2026 19:03:06,post_close,2026-07-16,market_open_next_available_real_l2_day,"Certificate under SEBI (Depositories and Participants) Regulations, 2018",120,900,ready,1784173500000,1784173505259,1784173631118,1784174538573,0,2102.55,2107.25,2116.6,22.353808470665705,1.0,243.0,390.0,0.6049382716049383,0.3641025641025641,0.7207792207792207,-0.034482758620689655,2107.8,2116.0,2106.7,2117.2
P341_2026-07-16_ICICIBANK_106700095,existing_phase341,ICICIBANK,16-Jul-2026 15:08:02,regular_session,2026-07-16,first_real_tick_after_announcement,ESOP/ESOS/ESPS,60,900,ready,1784194682000,1784194682008,1784194742009,1784195643259,0,1417.4499999999998,1418.05,1418.15,4.232953543335825,1.0,17630.0,14259.0,-0.19120816789563244,-0.4059891998036328,-0.7915421534003441,-0.3125,1418.1,1418.1,1418.0,1418.2
P341_2026-07-16_ICICIBANK_106700095,existing_phase341,ICICIBANK,16-Jul-2026 15:08:02,regular_session,2026-07-16,first_real_tick_after_announcement,ESOP/ESOS/ESPS,120,900,ready,1784194682000,1784194682008,1784194804521,1784195705367,0,1417.4499999999998,1417.15,1418.15,-2.116476771665506,-1.0,17630.0,12905.0,-0.2680090754395916,-0.43820224719101125,-0.4386046511627907,0.15384615384615385,1417.2,1418.1,1417.1,1418.2
P341_2026-07-16_NESTLEIND_106698830,existing_phase341,NESTLEIND,15-Jul-2026 17:09:23,post_close,2026-07-16,market_open_next_available_real_l2_day,Action(s) taken or orders passed,60,900,ready,1784173500000,1784173505262,1784173565516,1784174467337,0,1427.65,1426.1999999999998,1433.95,-10.15655097538103,-1.0,488.0,370.0,-0.24180327868852458,-0.4756756756756757,-0.4295774647887324,0.2,1426.3,1433.9,1426.1,1434.0
P341_2026-07-16_NESTLEIND_106698830,existing_phase341,NESTLEIND,15-Jul-2026 17:09:23,post_close,2026-07-16,market_open_next_available_real_l2_day,Action(s) taken or orders passed,120,900,ready,1784173500000,1784173505262,1784173631117,1784174538574,0,1427.65,1431.4,1433.4,26.26694217770462,1.0,488.0,346.0,-0.29098360655737704,-0.44508670520231214,-0.43506493506493504,-0.08333333333333333,1431.5,1433.3,1431.3,1433.5
P341_2026-07-16_SBIN_106699268,existing_phase341,SBIN,15-Jul-2026 20:24:55,post_close,2026-07-16,market_open_next_available_real_l2_day,Appointment,60,900,ready,1784173500000,1784173500766,1784173560778,1784174461012,0,1030.1999999999998,1029.6,1029.35,-5.824111822946119,-1.0,2315.0,8696.0,2.7563714902807774,0.29944802207911686,0.19433488705629257,0.27058823529411763,1029.7,1029.2,1029.5,1029.5
P341_2026-07-16_SBIN_106699268,existing_phase341,SBIN,15-Jul-2026 20:24:55,post_close,2026-07-16,market_open_next_available_real_l2_day,Appointment,120,900,ready,1784173500000,1784173500766,1784173621015,1784174524340,0,1030.1999999999998,1029.4,1028.9,-7.765482430593354,-1.0,2315.0,12905.0,4.57451403887689,0.30693529639674544,0.34778394572209004,0.15555555555555556,1029.6,1028.8,1029.2,1029.0
P341_2026-07-16_TCS_106699212,existing_phase341,TCS,15-Jul-2026 19:37:13,post_close,2026-07-16,market_open_next_available_real_l2_day,Analysts/Institutional Investor Meet/Con. Call Updates,60,900,ready,1784173500000,1784173500766,1784173560779,1784174461012,0,2196.25,2203.75,2202.2,34.14911781445646,1.0,460.0,1620.0,2.5217391304347827,-0.8444444444444444,-0.8497713912475506,-0.3333333333333333,2204.0,2201.9,2203.5,2202.5
P341_2026-07-16_TCS_106699212,existing_phase341,TCS,15-Jul-2026 19:37:13,post_close,2026-07-16,market_open_next_available_real_l2_day,Analysts/Institutional Investor Meet/Con. Call Updates,120,900,ready,1784173500000,1784173500766,1784173621265,1784174524337,0,2196.25,2213.15,2202.45,76.94934547524231,1.0,460.0,846.0,0.8391304347826087,-0.2978723404255319,-0.050243111831442464,-0.15151515151515152,2213.3,2202.3,2213.0,2202.6
P341_2026-07-16_TCS_106699790,existing_phase341,TCS,16-Jul-2026 11:30:08,regular_session,2026-07-16,first_real_tick_after_announcement,Updates,60,900,ready,1784181608000,1784181608757,1784181669257,1784182570333,0,2216.75,2215.8,2215.8500000000004,-4.28555317469186,-1.0,946.0,1743.0,0.8424947145877378,-0.4159495123350545,-0.41460541813898705,0.2,2215.9,2215.8,2215.7,2215.9
P341_2026-07-16_TCS_106699790,existing_phase341,TCS,16-Jul-2026 11:30:08,regular_session,2026-07-16,first_real_tick_after_announcement,Updates,120,900,ready,1784181608000,1784181608757,1784181729756,1784182629758,0,2216.75,2216.2,2216.3,-2.481109732717636,-1.0,946.0,1596.0,0.6871035940803383,-0.2581453634085213,-0.2799479166666667,-0.3793103448275862,2216.5,2216.1,2215.9,2216.5
P341_2026-07-16_ULTRACEMCO_106699163,existing_phase341,ULTRACEMCO,15-Jul-2026 19:07:06,post_close,2026-07-16,market_open_next_available_real_l2_day,Rumour Verification - Regulation 30(11),60,900,ready,1784173500000,1784173507016,1784173567516,1784174468011,0,11854.5,11807.5,11810.0,-39.64739128600953,-1.0,130.0,284.0,1.1846153846153846,0.4154929577464789,0.4220532319391635,0.11627906976744186,11811.0,11808.0,11804.0,11812.0
P341_2026-07-16_ULTRACEMCO_106699163,existing_phase341,ULTRACEMCO,15-Jul-2026 19:07:06,post_close,2026-07-16,market_open_next_available_real_l2_day,Rumour Verification - Regulation 30(11),120,900,ready,1784173500000,1784173507016,1784173631121,1784174531761,0,11854.5,11814.5,11808.5,-33.74246066894428,-1.0,130.0,267.0,1.0538461538461539,-0.06367041198501873,-0.15151515151515152,0.21052631578947367,11817.0,11806.0,11812.0,11811.0
P341_2026-07-16_WIPRO_106699128,existing_phase341,WIPRO,15-Jul-2026 18:53:51,post_close,2026-07-16,market_open_next_available_real_l2_day,Updates,60,900,ready,1784173500000,1784173500766,1784173560779,1784174461012,0,175.505,176.225,177.035,41.02447223725814,1.0,2555.0,10064.0,2.9389432485322895,-0.303060413354531,-0.3770311813790075,0.2,176.29,177.03,176.16,177.04
P341_2026-07-16_WIPRO_106699128,existing_phase341,WIPRO,15-Jul-2026 18:53:51,post_close,2026-07-16,market_open_next_available_real_l2_day,Updates,120,900,ready,1784173500000,1784173500766,1784173621015,1784174524339,0,175.505,176.78500000000003,176.99,72.93239508846071,1.0,2555.0,6756.0,1.6442270058708415,-0.36441681468324455,-0.3560902255639098,0.03225806451612903,176.8,176.98,176.77,177.0
P341_2026-07-16_WIPRO_106699287,existing_phase341,WIPRO,15-Jul-2026 20:36:36,post_close,2026-07-16,market_open_next_available_real_l2_day,Shareholders meeting,60,900,ready,1784173500000,1784173500766,1784173560779,1784174461012,0,175.505,176.225,177.035,41.02447223725814,1.0,2555.0,10064.0,2.9389432485322895,-0.303060413354531,-0.3770311813790075,0.2,176.29,177.03,176.16,177.04
P341_2026-07-16_WIPRO_106699287,existing_phase341,WIPRO,15-Jul-2026 20:36:36,post_close,2026-07-16,market_open_next_available_real_l2_day,Shareholders meeting,120,900,ready,1784173500000,1784173500766,1784173621015,1784174524339,0,175.505,176.78500000000003,176.99,72.93239508846071,1.0,2555.0,6756.0,1.6442270058708415,-0.36441681468324455,-0.3560902255639098,0.03225806451612903,176.8,176.98,176.77,177.0
P359_2026-07-17_BPCL_106701384,unseen_phase359,BPCL,17-Jul-2026 14:13:29,regular_session,2026-07-17,first_real_tick_after_announcement,Analysts/Institutional Investor Meet/Con. Call Updates,60,900,ready,1784277809000,1784277815047,1784277875238,1784278775987,0,314.025,314.025,314.175,0.0,0.0,33181.0,37319.0,0.12470992435429915,-0.5174040033227042,-0.5958878269617707,-0.4956521739130435,314.05,314.1,314.0,314.25
P359_2026-07-17_BPCL_106701384,unseen_phase359,BPCL,17-Jul-2026 14:13:29,regular_session,2026-07-17,first_real_tick_after_announcement,Analysts/Institutional Investor Meet/Con. Call Updates,120,900,ready,1784277809000,1784277815047,1784277937237,1784278839421,0,314.025,314.225,314.7,6.368919672002086,1.0,33181.0,44138.0,0.3302191012929086,0.04476868004893742,0.10826125857441098,0.10294117647058823,314.25,314.65,314.2,314.75
P359_2026-07-17_BRITANNIA_106700938,unseen_phase359,BRITANNIA,17-Jul-2026 00:04:13,pre_open_or_overnight,2026-07-17,market_open_same_day,Updates,60,900,ready,1784259900000,1784259905012,1784259965950,1784260869200,0,5314.5,5307.0,5328.75,-14.112334180073384,-1.0,230.0,289.0,0.2565217391304348,0.38408304498269896,0.37184115523465705,-0.05555555555555555,5309.5,5327.5,5304.5,5330.0
P359_2026-07-17_BRITANNIA_106700938,unseen_phase359,BRITANNIA,17-Jul-2026 00:04:13,pre_open_or_overnight,2026-07-17,market_open_same_day,Updates,120,900,ready,1784259900000,1784259905012,1784260026201,1784260926700,0,5314.5,5314.5,5326.25,0.0,0.0,230.0,290.0,0.2608695652173913,-0.2620689655172414,-0.13692946058091288,0.0,5317.0,5325.0,5312.0,5327.5
P359_2026-07-17_BRITANNIA_106700956,unseen_phase359,BRITANNIA,17-Jul-2026 02:41:00,pre_open_or_overnight,2026-07-17,market_open_same_day,General Updates,60,900,ready,1784259900000,1784259905012,1784259965950,1784260869200,0,5314.5,5307.0,5328.75,-14.112334180073384,-1.0,230.0,289.0,0.2565217391304348,0.38408304498269896,0.37184115523465705,-0.05555555555555555,5309.5,5327.5,5304.5,5330.0
P359_2026-07-17_BRITANNIA_106700956,unseen_phase359,BRITANNIA,17-Jul-2026 02:41:00,pre_open_or_overnight,2026-07-17,market_open_same_day,General Updates,120,900,ready,1784259900000,1784259905012,1784260026201,1784260926700,0,5314.5,5314.5,5326.25,0.0,0.0,230.0,290.0,0.2608695652173913,-0.2620689655172414,-0.13692946058091288,0.0,5317.0,5325.0,5312.0,5327.5
P359_2026-07-17_SBIN_106701118,unseen_phase359,SBIN,17-Jul-2026 10:23:45,regular_session,2026-07-17,first_real_tick_after_announcement,General Updates,60,900,ready,1784264025000,1784264025212,1784264086212,1784264986949,0,1039.85,1039.75,1041.85,-0.9616771649748431,-1.0,13367.0,10221.0,-0.2353557267898556,0.2172977203796106,0.13586535267412247,0.029411764705882353,1039.9,1041.7,1039.6,1042.0
P359_2026-07-17_SBIN_106701118,unseen_phase359,SBIN,17-Jul-2026 10:23:45,regular_session,2026-07-17,first_real_tick_after_announcement,General Updates,120,900,ready,1784264025000,1784264025212,1784264147963,1784265048208,0,1039.85,1040.5,1041.25,6.2509015723430394,1.0,13367.0,4878.0,-0.635071444602379,0.46084460844608444,0.4409197360017032,0.5,1040.6,1041.1,1040.4,1041.4
P359_2026-07-17_TECHM_106701371,unseen_phase359,TECHM,17-Jul-2026 13:57:27,regular_session,2026-07-17,first_real_tick_after_announcement,Copy of Newspaper Publication,60,900,ready,1784276847000,1784276851336,1784276911738,1784277815050,0,1575.25,1573.85,1575.4,-8.887478178067552,-1.0,8313.0,1745.0,-0.7900878142668111,-0.2997134670487106,-0.3689095127610209,-0.3157894736842105,1574.0,1575.3,1573.7,1575.5
P359_2026-07-17_TECHM_106701371,unseen_phase359,TECHM,17-Jul-2026 13:57:27,regular_session,2026-07-17,first_real_tick_after_announcement,Copy of Newspaper Publication,120,900,ready,1784276847000,1784276851336,1784276971988,1784277872933,0,1575.25,1576.0,1575.75,4.7611490239644505,1.0,8313.0,1329.0,-0.8401299169974739,-0.6945071482317532,-0.7048192771084337,-0.5172413793103449,1576.3,1575.6,1575.7,1575.9
P359_2026-07-20_AXISBANK_106703402,unseen_phase359,AXISBANK,20-Jul-2026 15:19:45,regular_session,2026-07-20,first_real_tick_after_announcement,Copy of Newspaper Publication,60,900,ready,1784540985000,1784540985116,1784541046115,1784541600852,1,1257.35,1257.1,1257.05,-1.988308744581859,-1.0,7917.0,21804.0,1.7540735126942024,0.44505595303614015,0.17385960120185742,0.22916666666666666,1257.2,1257.0,1257.0,1257.1
P359_2026-07-20_AXISBANK_106703402,unseen_phase359,AXISBANK,20-Jul-2026 15:19:45,regular_session,2026-07-20,first_real_tick_after_announcement,Copy of Newspaper Publication,120,900,ready,1784540985000,1784540985116,1784541105116,1784541600852,1,1257.35,1257.15,1257.05,-1.5906469956640403,-1.0,7917.0,25005.0,2.1583933308071237,0.35604879024195163,0.3324980983489194,0.25984251968503935,1257.2,1257.0,1257.1,1257.1
P359_2026-07-20_BAJAJ-AUTO_106701591,unseen_phase359,BAJAJ-AUTO,17-Jul-2026 16:27:40,post_close,2026-07-20,market_open_next_available_unseen_real_l2_day,"Certificate under SEBI (Depositories and Participants) Regulations, 2018",60,900,ready,1784519100000,1784519105818,1784519167607,1784520068110,0,10425.75,10411.75,10449.0,-13.428290530657268,-1.0,45.0,76.0,0.6888888888888889,-0.39473684210526316,-0.5254237288135594,-0.047619047619047616,10415.5,10448.0,10408.0,10450.0
P359_2026-07-20_BAJAJ-AUTO_106701591,unseen_phase359,BAJAJ-AUTO,17-Jul-2026 16:27:40,post_close,2026-07-20,market_open_next_available_unseen_real_l2_day,"Certificate under SEBI (Depositories and Participants) Regulations, 2018",120,900,ready,1784519100000,1784519105818,1784519228106,1784520128109,0,10425.75,10427.0,10447.0,1.1989545116658273,1.0,45.0,89.0,0.9777777777777777,-0.43820224719101125,-0.38666666666666666,0.0,10428.0,10444.5,10426.0,10449.5
P359_2026-07-20_BHARTIARTL_106701559,unseen_phase359,BHARTIARTL,17-Jul-2026 16:13:26,post_close,2026-07-20,market_open_next_available_unseen_real_l2_day,Action(s) taken or orders passed,60,900,ready,1784519100000,1784519105818,1784519165857,1784520067432,0,1903.5,1920.65,1934.95,90.09718938797,1.0,858.0,715.0,-0.16666666666666666,0.33426573426573425,0.3228346456692913,0.07142857142857142,1921.1,1934.9,1920.2,1935.0
P359_2026-07-20_BHARTIARTL_106701559,unseen_phase359,BHARTIARTL,17-Jul-2026 16:13:26,post_close,2026-07-20,market_open_next_available_unseen_real_l2_day,Action(s) taken or orders passed,120,900,ready,1784519100000,1784519105818,1784519226607,1784520127860,0,1903.5,1927.8,1934.25,127.65957446808487,1.0,858.0,1430.0,0.6666666666666666,-0.5748251748251748,-0.3266078184110971,0.043478260869565216,1928.0,1934.1,1927.6,1934.4
P359_2026-07-20_BHARTIARTL_106702038,unseen_phase359,BHARTIARTL,17-Jul-2026 19:31:45,post_close,2026-07-20,market_open_next_available_unseen_real_l2_day,Action(s) taken or orders passed,60,900,ready,1784519100000,1784519105818,1784519165857,1784520067432,0,1903.5,1920.65,1934.95,90.09718938797,1.0,858.0,715.0,-0.16666666666666666,0.33426573426573425,0.3228346456692913,0.07142857142857142,1921.1,1934.9,1920.2,1935.0
P359_2026-07-20_BHARTIARTL_106702038,unseen_phase359,BHARTIARTL,17-Jul-2026 19:31:45,post_close,2026-07-20,market_open_next_available_unseen_real_l2_day,Action(s) taken or orders passed,120,900,ready,1784519100000,1784519105818,1784519226607,1784520127860,0,1903.5,1927.8,1934.25,127.65957446808487,1.0,858.0,1430.0,0.6666666666666666,-0.5748251748251748,-0.3266078184110971,0.043478260869565216,1928.0,1934.1,1927.6,1934.4
P359_2026-07-20_BRITANNIA_106701684,unseen_phase359,BRITANNIA,17-Jul-2026 16:58:52,post_close,2026-07-20,market_open_next_available_unseen_real_l2_day,Copy of Newspaper Publication,60,900,ready,1784519100000,1784519105819,1784519167607,1784520072861,0,5406.25,5414.75,5421.5,15.722543352601155,1.0,413.0,117.0,-0.7167070217917676,0.042735042735042736,0.04950495049504951,0.043478260869565216,5416.0,5420.0,5413.5,5423.0
P359_2026-07-20_BRITANNIA_106701684,unseen_phase359,BRITANNIA,17-Jul-2026 16:58:52,post_close,2026-07-20,market_open_next_available_unseen_real_l2_day,Copy of Newspaper Publication,120,900,ready,1784519100000,1784519105819,1784519226607,1784520127860,0,5406.25,5409.25,5430.75,5.5491329479768785,1.0,413.0,175.0,-0.576271186440678,-0.5657142857142857,-0.5515151515151515,-0.3333333333333333,5410.5,5429.5,5408.0,5432.0
P359_2026-07-20_HCLTECH_106701955,unseen_phase359,HCLTECH,17-Jul-2026 18:51:06,post_close,2026-07-20,market_open_next_available_unseen_real_l2_day,Updates,60,900,ready,1784519100000,1784519100857,1784519162805,1784520063110,0,1202.3,1213.6,1209.95,93.98652582550075,1.0,1703.0,1898.0,0.11450381679389313,0.21285563751317177,0.006028131279303416,-0.22580645161290322,1213.8,1209.9,1213.4,1210.0
P359_2026-07-20_HCLTECH_106701955,unseen_phase359,HCLTECH,17-Jul-2026 18:51:06,post_close,2026-07-20,market_open_next_available_unseen_real_l2_day,Updates,120,900,ready,1784519100000,1784519100857,1784519221356,1784520121359,0,1202.3,1207.65,1208.35,44.49804541295963,1.0,1703.0,1250.0,-0.266001174398121,-0.08,-0.08571428571428572,0.13513513513513514,1207.9,1208.3,1207.4,1208.4
P359_2026-07-20_HCLTECH_106703288,unseen_phase359,HCLTECH,20-Jul-2026 13:16:48,regular_session,2026-07-20,first_real_tick_after_announcement,Updates,60,900,ready,1784533608000,1784533610299,1784533670361,1784534572817,0,1215.85,1215.85,1218.85,0.0,0.0,3675.0,4743.0,0.29061224489795917,-0.4054395951929159,-0.32498668087373467,-0.24705882352941178,1216.1,1218.8,1215.6,1218.9
P359_2026-07-20_HCLTECH_106703288,unseen_phase359,HCLTECH,20-Jul-2026 13:16:48,regular_session,2026-07-20,first_real_tick_after_announcement,Updates,120,900,ready,1784533608000,1784533610299,1784533730362,1784534631872,0,1215.85,1215.85,1218.55,0.0,0.0,3675.0,4139.0,0.12625850340136055,0.154868325682532,0.17429193899782136,-0.2777777777777778,1216.1,1218.5,1215.6,1218.6
P359_2026-07-20_ITC_106703368,unseen_phase359,ITC,20-Jul-2026 14:44:43,regular_session,2026-07-20,first_real_tick_after_announcement,Copy of Newspaper Publication,60,900,ready,1784538883000,1784538883102,1784538943102,1784539844543,0,282.15,282.15,282.425,0.0,0.0,98489.0,85331.0,-0.13359867599427347,-0.35074005929849644,-0.34169209294281866,0.39344262295081966,282.2,282.35,282.1,282.5
P359_2026-07-20_ITC_106703368,unseen_phase359,ITC,20-Jul-2026 14:44:43,regular_session,2026-07-20,first_real_tick_after_announcement,Copy of Newspaper Publication,120,900,ready,1784538883000,1784538883102,1784539003102,1784539903603,0,282.15,282.15,282.57500000000005,0.0,0.0,98489.0,87520.0,-0.11137284366782077,-0.36565356489945156,-0.35289475572135737,0.43568464730290457,282.2,282.55,282.1,282.6
P359_2026-07-20_LT_106701686,unseen_phase359,LT,17-Jul-2026 17:00:01,post_close,2026-07-20,market_open_next_available_unseen_real_l2_day,Analysts/Institutional Investor Meet/Con. Call Updates,60,900,ready,1784519100000,1784519105818,1784519166107,1784520067432,0,3818.45,3819.05,3821.45,1.57131820503179,1.0,1054.0,400.0,-0.6204933586337761,0.06,0.09422492401215805,0.18181818181818182,3819.5,3821.1,3818.6,3821.8
P359_2026-07-20_LT_106701686,unseen_phase359,LT,17-Jul-2026 17:00:01,post_close,2026-07-20,market_open_next_available_unseen_real_l2_day,Analysts/Institutional Investor Meet/Con. Call Updates,120,900,ready,1784519100000,1784519105818,1784519226106,1784520128860,0,3818.45,3819.2,3823.4,1.9641477562885465,1.0,1054.0,426.0,-0.5958254269449715,-0.37089201877934275,-0.35626535626535627,-0.15789473684210525,3819.9,3822.9,3818.5,3823.9
P359_2026-07-20_LT_106702971,unseen_phase359,LT,20-Jul-2026 09:09:48,pre_open_or_overnight,2026-07-20,market_open_same_day,Bagging/Receiving of orders/contracts,60,900,ready,1784519100000,1784519105818,1784519166107,1784520067432,0,3818.45,3819.05,3821.45,1.57131820503179,1.0,1054.0,400.0,-0.6204933586337761,0.06,0.09422492401215805,0.18181818181818182,3819.5,3821.1,3818.6,3821.8
P359_2026-07-20_LT_106702971,unseen_phase359,LT,20-Jul-2026 09:09:48,pre_open_or_overnight,2026-07-20,market_open_same_day,Bagging/Receiving of orders/contracts,120,900,ready,1784519100000,1784519105818,1784519226106,1784520128860,0,3818.45,3819.2,3823.4,1.9641477562885465,1.0,1054.0,426.0,-0.5958254269449715,-0.37089201877934275,-0.35626535626535627,-0.15789473684210525,3819.9,3822.9,3818.5,3823.9
P359_2026-07-20_ONGC_106701922,unseen_phase359,ONGC,17-Jul-2026 18:35:05,post_close,2026-07-20,market_open_next_available_unseen_real_l2_day,Press Release,60,900,ready,1784519100000,1784519100857,1784519162805,1784520067433,0,248.47,250.09,251.215,65.19901799009959,1.0,5485.0,7411.0,0.35113947128532363,0.8526514640399406,0.8529209621993127,0.4166666666666667,250.13,251.16,250.05,251.27
P359_2026-07-20_ONGC_106701922,unseen_phase359,ONGC,17-Jul-2026 18:35:05,post_close,2026-07-20,market_open_next_available_unseen_real_l2_day,Press Release,120,900,ready,1784519100000,1784519100857,1784519221607,1784520125981,0,248.47,250.74,251.345,91.35911780094219,1.0,5485.0,4403.0,-0.19726526891522334,-0.4281171928230752,-0.43693906471421823,0.037037037037037035,250.78,251.3,250.7,251.39
P359_2026-07-20_RELIANCE_106701986,unseen_phase359,RELIANCE,17-Jul-2026 19:07:44,post_close,2026-07-20,market_open_next_available_unseen_real_l2_day,Outcome of Board Meeting,60,900,ready,1784519100000,1784519105819,1784519166107,1784520067432,0,1321.6999999999998,1338.7,1339.3,128.62222894756925,1.0,1515.0,7200.0,3.7524752475247523,-0.45055555555555554,-0.08353221957040573,-0.34328358208955223,1339.0,1339.0,1338.4,1339.6
P359_2026-07-20_RELIANCE_106701986,unseen_phase359,RELIANCE,17-Jul-2026 19:07:44,post_close,2026-07-20,market_open_next_available_unseen_real_l2_day,Outcome of Board Meeting,120,900,ready,1784519100000,1784519105819,1784519225857,1784520125981,0,1321.6999999999998,1341.8000000000002,1339.25,152.07687069683263,1.0,1515.0,8763.0,4.784158415841584,-0.3659705580280726,-0.4121469632591852,-0.3191489361702128,1341.9,1339.0,1341.7,1339.5
P359_2026-07-20_RELIANCE_106702014,unseen_phase359,RELIANCE,17-Jul-2026 19:19:47,post_close,2026-07-20,market_open_next_available_unseen_real_l2_day,Press Release,60,900,ready,1784519100000,1784519105819,1784519166107,1784520067432,0,1321.6999999999998,1338.7,1339.3,128.62222894756925,1.0,1515.0,7200.0,3.7524752475247523,-0.45055555555555554,-0.08353221957040573,-0.34328358208955223,1339.0,1339.0,1338.4,1339.6
P359_2026-07-20_RELIANCE_106702014,unseen_phase359,RELIANCE,17-Jul-2026 19:19:47,post_close,2026-07-20,market_open_next_available_unseen_real_l2_day,Press Release,120,900,ready,1784519100000,1784519105819,1784519225857,1784520125981,0,1321.6999999999998,1341.8000000000002,1339.25,152.07687069683263,1.0,1515.0,8763.0,4.784158415841584,-0.3659705580280726,-0.4121469632591852,-0.3191489361702128,1341.9,1339.0,1341.7,1339.5
P359_2026-07-20_RELIANCE_106702019,unseen_phase359,RELIANCE,17-Jul-2026 19:23:12,post_close,2026-07-20,market_open_next_available_unseen_real_l2_day,Investor Presentation,60,900,ready,1784519100000,1784519105819,1784519166107,1784520067432,0,1321.6999999999998,1338.7,1339.3,128.62222894756925,1.0,1515.0,7200.0,3.7524752475247523,-0.45055555555555554,-0.08353221957040573,-0.34328358208955223,1339.0,1339.0,1338.4,1339.6
P359_2026-07-20_RELIANCE_106702019,unseen_phase359,RELIANCE,17-Jul-2026 19:23:12,post_close,2026-07-20,market_open_next_available_unseen_real_l2_day,Investor Presentation,120,900,ready,1784519100000,1784519105819,1784519225857,1784520125981,0,1321.6999999999998,1341.8000000000002,1339.25,152.07687069683263,1.0,1515.0,8763.0,4.784158415841584,-0.3659705580280726,-0.4121469632591852,-0.3191489361702128,1341.9,1339.0,1341.7,1339.5
P359_2026-07-20_ULTRACEMCO_106703342,unseen_phase359,ULTRACEMCO,20-Jul-2026 14:22:16,regular_session,2026-07-20,first_real_tick_after_announcement,Outcome of Board Meeting,60,900,ready,1784537536000,1784537537933,1784537598855,1784538499105,0,11806.5,11900.5,11952.5,79.61716003896159,1.0,759.0,244.0,-0.6785243741765481,0.13114754098360656,0.1891891891891892,-0.2903225806451613,11904.0,11951.0,11897.0,11954.0
P359_2026-07-20_ULTRACEMCO_106703342,unseen_phase359,ULTRACEMCO,20-Jul-2026 14:22:16,regular_session,2026-07-20,first_real_tick_after_announcement,Outcome of Board Meeting,120,900,ready,1784537536000,1784537537933,1784537658605,1784538558856,0,11806.5,11917.5,11960.0,94.01600813111422,1.0,759.0,193.0,-0.7457180500658761,-0.06735751295336788,-0.10227272727272728,-0.16129032258064516,11921.0,11957.0,11914.0,11963.0
P359_2026-07-20_ULTRACEMCO_106703346,unseen_phase359,ULTRACEMCO,20-Jul-2026 14:26:28,regular_session,2026-07-20,first_real_tick_after_announcement,Investor Presentation,60,900,ready,1784537788000,1784537788118,1784537848869,1784538749852,0,11974.0,11983.0,11926.0,7.516285284783699,1.0,506.0,273.0,-0.46047430830039526,0.16483516483516483,0.2,-0.2,11986.0,11924.0,11980.0,11928.0
P359_2026-07-20_ULTRACEMCO_106703346,unseen_phase359,ULTRACEMCO,20-Jul-2026 14:26:28,regular_session,2026-07-20,first_real_tick_after_announcement,Investor Presentation,120,900,ready,1784537788000,1784537788118,1784537908777,1784538809102,0,11974.0,11979.5,11910.0,4.59328545181226,1.0,506.0,628.0,0.24110671936758893,0.2484076433121019,0.4749034749034749,0.4883720930232558,11980.0,11907.0,11979.0,11913.0
P359_2026-07-20_ULTRACEMCO_106703351,unseen_phase359,ULTRACEMCO,20-Jul-2026 14:28:05,regular_session,2026-07-20,first_real_tick_after_announcement,Press Release,60,900,ready,1784537885000,1784537885868,1784537946605,1784538846852,0,11973.5,11988.0,11908.5,12.11007641875809,1.0,518.0,220.0,-0.5752895752895753,-0.15454545454545454,-0.14553990610328638,-0.14285714285714285,11990.0,11906.0,11986.0,11911.0
P359_2026-07-20_ULTRACEMCO_106703351,unseen_phase359,ULTRACEMCO,20-Jul-2026 14:28:05,regular_session,2026-07-20,first_real_tick_after_announcement,Press Release,120,900,ready,1784537885000,1784537885868,1784538010809,1784538911102,0,11973.5,11972.5,11881.0,-0.8351776840522821,-1.0,518.0,172.0,-0.667953667953668,-0.12790697674418605,-0.033112582781456956,-0.2777777777777778,11975.0,11880.0,11970.0,11882.0
P359_2026-07-20_ULTRACEMCO_106703362,unseen_phase359,ULTRACEMCO,20-Jul-2026 14:42:09,regular_session,2026-07-20,first_real_tick_after_announcement,Appointment,60,900,ready,1784538729000,1784538729852,1784538790602,1784539690852,0,11927.0,11928.0,11915.0,0.8384338056510439,1.0,324.0,666.0,1.0555555555555556,0.18618618618618618,0.22906793048973143,0.2222222222222222,11930.0,11914.0,11926.0,11916.0
P359_2026-07-20_ULTRACEMCO_106703362,unseen_phase359,ULTRACEMCO,20-Jul-2026 14:42:09,regular_session,2026-07-20,first_real_tick_after_announcement,Appointment,120,900,ready,1784538729000,1784538729852,1784538849852,1784539750102,0,11927.0,11908.0,11914.5,-15.930242307369832,-1.0,324.0,294.0,-0.09259259259259259,0.2925170068027211,0.3527272727272727,0.37777777777777777,11910.0,11912.0,11906.0,11917.0
P359_2026-07-20_WIPRO_106701555,unseen_phase359,WIPRO,17-Jul-2026 16:12:41,post_close,2026-07-20,market_open_next_available_unseen_real_l2_day,Copy of Newspaper Publication,60,900,ready,1784519100000,1784519105818,1784519166357,1784520068110,0,176.525,177.58499999999998,176.345,60.04815181985406,1.0,7570.0,8027.0,0.06036988110964333,0.6471907312819235,0.5134641716111364,0.05263157894736842,177.6,176.31,177.57,176.38
P359_2026-07-20_WIPRO_106701555,unseen_phase359,WIPRO,17-Jul-2026 16:12:41,post_close,2026-07-20,market_open_next_available_unseen_real_l2_day,Copy of Newspaper Publication,120,900,ready,1784519100000,1784519105818,1784519226356,1784520126360,0,176.525,177.215,176.09,39.087947882736024,1.0,7570.0,8112.0,0.07159841479524438,0.3214990138067061,0.43720103867705346,0.3157894736842105,177.25,176.06,177.18,176.12
P359_2026-07-20_WIPRO_106701598,unseen_phase359,WIPRO,17-Jul-2026 16:30:50,post_close,2026-07-20,market_open_next_available_unseen_real_l2_day,Analysts/Institutional Investor Meet/Con. Call Updates,60,900,ready,1784519100000,1784519105818,1784519166357,1784520068110,0,176.525,177.58499999999998,176.345,60.04815181985406,1.0,7570.0,8027.0,0.06036988110964333,0.6471907312819235,0.5134641716111364,0.05263157894736842,177.6,176.31,177.57,176.38
P359_2026-07-20_WIPRO_106701598,unseen_phase359,WIPRO,17-Jul-2026 16:30:50,post_close,2026-07-20,market_open_next_available_unseen_real_l2_day,Analysts/Institutional Investor Meet/Con. Call Updates,120,900,ready,1784519100000,1784519105818,1784519226356,1784520126360,0,176.525,177.215,176.09,39.087947882736024,1.0,7570.0,8112.0,0.07159841479524438,0.3214990138067061,0.43720103867705346,0.3157894736842105,177.25,176.06,177.18,176.12
