feature,train_rows,train_abs_p75,train_abs_p90,train_abs_p95,train_mean
x_market_l5_ex_target,81818,0.049744696325966294,0.05544889554908161,0.061922367855769524,0.04269561586372191
x_sector_l5_ex_target,66476,0.30615712558530384,0.3872596841202421,0.6215265281268952,-0.0019029282196943757
x_symbol_vs_sector_l1,66476,0.3861296306359521,0.6831711583141453,1.31842640583052,5.210746490207727e-19
x_market_regime_intensity,81818,6.544386619547897,7.805425015524634,8.59647163055078,5.467205097868277
x_sector_regime_intensity,66476,36.173123616252106,54.13180942749577,77.69572082774951,27.876048211889746
taker_round_trip_cost_floor_bps,81818,11.984486879738368,13.152295272118337,13.863047265945543,11.20773893056634
