work_order_id,source_scenario_id,symbol,announcement_time_ist,market_session,diagnostic_trade_date,diagnostic_start_rule,description,status,horizon_seconds,start_ms,entry_ms,exit_ms,entry_delay_ms,holding_ms,forced_exit,entry_mid,exit_mid,mid_return_bps,entry_bid,entry_ask,exit_bid,exit_ask,entry_spread,exit_spread,entry_top5_qty_imbalance,exit_top5_qty_imbalance,entry_l2_l5_qty_imbalance,exit_l2_l5_qty_imbalance,entry_top5_order_imbalance,exit_top5_order_imbalance,quantity,buy_value_inr,sell_value_inr,gross_pnl_inr,zerodha_charges_1x_inr,zerodha_charges_2x_inr,net_pnl_inr,side_flip_net_pnl_inr,initial_capital_inr,fixed_notional_inr,max_concurrent_positions,cost_model_version,cost_profile,capacity_selected,proxy_symbol,lookback_seconds,proxy_entry_mid,proxy_lookback_mid,proxy_exit_mid,proxy_pre_return_bps,proxy_event_return_bps
P341_2026-07-08_CIPLA_106690396,P335_P334_LANE_D_HORIZON_AND_EXIT_MARGIN_SQ0p750_SPQ1p000_DSQ0p500_TOP2_H900_long_only_taker_entry_taker_exit_CAP250000_NOT100000_CONC2_zerodha_2x_all_in_cost_proxy,CIPLA,08-Jul-2026 13:37:12,regular_session,2026-07-08,first_real_tick_after_announcement,Analysts/Institutional Investor Meet/Con. Call Updates,filled,900,1783498032000,1783498032499,1783498932998,499,900499,0,1445.8,1439.15,-45.99529672153731,1445.6,1446.0,1439.0,1439.3,0.4000000000000909,0.2999999999999545,0.0074812967581047,0.4774972557628979,-0.031413612565445,0.5741758241758241,-0.2,-0.4210526315789473,69,99774.0,99291.0,-483.0,82.63944538999999,165.27889077999998,-648.27889078,317.72110922,250000.0,100000.0,2,zerodha_equity_intraday_nse_order_formula_v2_2026_07_14,zerodha_2x_all_in_cost_proxy,1,NIFTYBEES,300,275.13,275.16999999999996,273.92,-1.4536468365000665,-43.979209828080016
P341_2026-07-08_CIPLA_106690396,P335_P334_LANE_D_HORIZON_AND_EXIT_MARGIN_SQ0p750_SPQ1p000_DSQ0p500_TOP2_H900_long_only_taker_entry_taker_exit_CAP250000_NOT100000_CONC2_zerodha_2x_all_in_cost_proxy,CIPLA,08-Jul-2026 13:37:12,regular_session,2026-07-08,first_real_tick_after_announcement,Analysts/Institutional Investor Meet/Con. Call Updates,filled,900,1783498032000,1783498032499,1783498932998,499,900499,0,1445.8,1439.15,-45.99529672153731,1445.6,1446.0,1439.0,1439.3,0.4000000000000909,0.2999999999999545,0.0074812967581047,0.4774972557628979,-0.031413612565445,0.5741758241758241,-0.2,-0.4210526315789473,69,99774.0,99291.0,-483.0,82.63944538999999,165.27889077999998,-648.27889078,317.72110922,250000.0,100000.0,2,zerodha_equity_intraday_nse_order_formula_v2_2026_07_14,zerodha_2x_all_in_cost_proxy,1,NIFTYBEES,900,275.13,275.24,273.92,-3.996512134865071,-43.979209828080016
P341_2026-07-08_CIPLA_106690396,P335_P334_LANE_D_HORIZON_AND_EXIT_MARGIN_SQ0p750_SPQ1p000_DSQ0p500_TOP2_H900_long_only_taker_entry_taker_exit_CAP250000_NOT100000_CONC2_zerodha_2x_all_in_cost_proxy,CIPLA,08-Jul-2026 13:37:12,regular_session,2026-07-08,first_real_tick_after_announcement,Analysts/Institutional Investor Meet/Con. Call Updates,filled,900,1783498032000,1783498032499,1783498932998,499,900499,0,1445.8,1439.15,-45.99529672153731,1445.6,1446.0,1439.0,1439.3,0.4000000000000909,0.2999999999999545,0.0074812967581047,0.4774972557628979,-0.031413612565445,0.5741758241758241,-0.2,-0.4210526315789473,69,99774.0,99291.0,-483.0,82.63944538999999,165.27889077999998,-648.27889078,317.72110922,250000.0,100000.0,2,zerodha_equity_intraday_nse_order_formula_v2_2026_07_14,zerodha_2x_all_in_cost_proxy,1,BANKBEES,300,598.94,598.7950000000001,595.9,2.4215299058938378,-50.756336193943376
P341_2026-07-08_CIPLA_106690396,P335_P334_LANE_D_HORIZON_AND_EXIT_MARGIN_SQ0p750_SPQ1p000_DSQ0p500_TOP2_H900_long_only_taker_entry_taker_exit_CAP250000_NOT100000_CONC2_zerodha_2x_all_in_cost_proxy,CIPLA,08-Jul-2026 13:37:12,regular_session,2026-07-08,first_real_tick_after_announcement,Analysts/Institutional Investor Meet/Con. Call Updates,filled,900,1783498032000,1783498032499,1783498932998,499,900499,0,1445.8,1439.15,-45.99529672153731,1445.6,1446.0,1439.0,1439.3,0.4000000000000909,0.2999999999999545,0.0074812967581047,0.4774972557628979,-0.031413612565445,0.5741758241758241,-0.2,-0.4210526315789473,69,99774.0,99291.0,-483.0,82.63944538999999,165.27889077999998,-648.27889078,317.72110922,250000.0,100000.0,2,zerodha_equity_intraday_nse_order_formula_v2_2026_07_14,zerodha_2x_all_in_cost_proxy,1,BANKBEES,900,598.94,599.175,595.9,-3.922059498475683,-50.756336193943376
P341_2026-07-08_LT_106690276,P335_P334_LANE_D_HORIZON_AND_EXIT_MARGIN_SQ0p750_SPQ1p000_DSQ0p500_TOP2_H900_long_only_taker_entry_taker_exit_CAP250000_NOT100000_CONC2_zerodha_2x_all_in_cost_proxy,LT,08-Jul-2026 12:29:03,regular_session,2026-07-08,first_real_tick_after_announcement,Press Release,filled,900,1783493943000,1783496075001,1783496975243,2132001,900242,0,3977.3,3970.5,-17.097025620396202,3976.7,3977.9,3970.0,3971.0,1.2000000000002728,1.0,-0.4911392405063291,0.1572750210260723,-0.2705882352941176,0.1612903225806451,-0.1538461538461538,-0.1818181818181818,25,99447.5,99250.0,-197.5,82.61590368499999,165.23180736999998,-362.73180737,32.268192630000016,250000.0,100000.0,2,zerodha_equity_intraday_nse_order_formula_v2_2026_07_14,zerodha_2x_all_in_cost_proxy,1,NIFTYBEES,300,275.32000000000005,275.32000000000005,275.225,0.0,-3.4505302920251335
P341_2026-07-08_LT_106690276,P335_P334_LANE_D_HORIZON_AND_EXIT_MARGIN_SQ0p750_SPQ1p000_DSQ0p500_TOP2_H900_long_only_taker_entry_taker_exit_CAP250000_NOT100000_CONC2_zerodha_2x_all_in_cost_proxy,LT,08-Jul-2026 12:29:03,regular_session,2026-07-08,first_real_tick_after_announcement,Press Release,filled,900,1783493943000,1783496075001,1783496975243,2132001,900242,0,3977.3,3970.5,-17.097025620396202,3976.7,3977.9,3970.0,3971.0,1.2000000000002728,1.0,-0.4911392405063291,0.1572750210260723,-0.2705882352941176,0.1612903225806451,-0.1538461538461538,-0.1818181818181818,25,99447.5,99250.0,-197.5,82.61590368499999,165.23180736999998,-362.73180737,32.268192630000016,250000.0,100000.0,2,zerodha_equity_intraday_nse_order_formula_v2_2026_07_14,zerodha_2x_all_in_cost_proxy,1,NIFTYBEES,900,275.32000000000005,275.32000000000005,275.225,0.0,-3.4505302920251335
P341_2026-07-08_LT_106690276,P335_P334_LANE_D_HORIZON_AND_EXIT_MARGIN_SQ0p750_SPQ1p000_DSQ0p500_TOP2_H900_long_only_taker_entry_taker_exit_CAP250000_NOT100000_CONC2_zerodha_2x_all_in_cost_proxy,LT,08-Jul-2026 12:29:03,regular_session,2026-07-08,first_real_tick_after_announcement,Press Release,filled,900,1783493943000,1783496075001,1783496975243,2132001,900242,0,3977.3,3970.5,-17.097025620396202,3976.7,3977.9,3970.0,3971.0,1.2000000000002728,1.0,-0.4911392405063291,0.1572750210260723,-0.2705882352941176,0.1612903225806451,-0.1538461538461538,-0.1818181818181818,25,99447.5,99250.0,-197.5,82.61590368499999,165.23180736999998,-362.73180737,32.268192630000016,250000.0,100000.0,2,zerodha_equity_intraday_nse_order_formula_v2_2026_07_14,zerodha_2x_all_in_cost_proxy,1,BANKBEES,300,598.985,598.985,598.985,0.0,0.0
P341_2026-07-08_LT_106690276,P335_P334_LANE_D_HORIZON_AND_EXIT_MARGIN_SQ0p750_SPQ1p000_DSQ0p500_TOP2_H900_long_only_taker_entry_taker_exit_CAP250000_NOT100000_CONC2_zerodha_2x_all_in_cost_proxy,LT,08-Jul-2026 12:29:03,regular_session,2026-07-08,first_real_tick_after_announcement,Press Release,filled,900,1783493943000,1783496075001,1783496975243,2132001,900242,0,3977.3,3970.5,-17.097025620396202,3976.7,3977.9,3970.0,3971.0,1.2000000000002728,1.0,-0.4911392405063291,0.1572750210260723,-0.2705882352941176,0.1612903225806451,-0.1538461538461538,-0.1818181818181818,25,99447.5,99250.0,-197.5,82.61590368499999,165.23180736999998,-362.73180737,32.268192630000016,250000.0,100000.0,2,zerodha_equity_intraday_nse_order_formula_v2_2026_07_14,zerodha_2x_all_in_cost_proxy,1,BANKBEES,900,598.985,598.985,598.985,0.0,0.0
P341_2026-07-08_SBIN_106690529,P335_P334_LANE_D_HORIZON_AND_EXIT_MARGIN_SQ0p750_SPQ1p000_DSQ0p500_TOP2_H900_long_only_taker_entry_taker_exit_CAP250000_NOT100000_CONC2_zerodha_2x_all_in_cost_proxy,SBIN,08-Jul-2026 15:25:29,regular_session,2026-07-08,first_real_tick_after_announcement,Credit Rating,filled,900,1783504529000,1783504532045,1783504799991,3045,267946,1,1017.95,1019.25,12.770764772336111,1017.9,1018.0,1018.6,1019.9,0.1000000000000227,1.2999999999999543,-0.5168189368770764,-0.7058301928618932,-0.4862446138548226,-0.7413206262763785,0.2156862745098039,-0.0434782608695652,98,99764.0,99822.8,58.80000000000291,82.6586638408,165.3173276816,-106.5173276815971,-224.1173276816029,250000.0,100000.0,2,zerodha_equity_intraday_nse_order_formula_v2_2026_07_14,zerodha_2x_all_in_cost_proxy,1,NIFTYBEES,300,271.74,271.995,271.725,-9.375172337726667,-0.5519982336055218
P341_2026-07-08_SBIN_106690529,P335_P334_LANE_D_HORIZON_AND_EXIT_MARGIN_SQ0p750_SPQ1p000_DSQ0p500_TOP2_H900_long_only_taker_entry_taker_exit_CAP250000_NOT100000_CONC2_zerodha_2x_all_in_cost_proxy,SBIN,08-Jul-2026 15:25:29,regular_session,2026-07-08,first_real_tick_after_announcement,Credit Rating,filled,900,1783504529000,1783504532045,1783504799991,3045,267946,1,1017.95,1019.25,12.770764772336111,1017.9,1018.0,1018.6,1019.9,0.1000000000000227,1.2999999999999543,-0.5168189368770764,-0.7058301928618932,-0.4862446138548226,-0.7413206262763785,0.2156862745098039,-0.0434782608695652,98,99764.0,99822.8,58.80000000000291,82.6586638408,165.3173276816,-106.5173276815971,-224.1173276816029,250000.0,100000.0,2,zerodha_equity_intraday_nse_order_formula_v2_2026_07_14,zerodha_2x_all_in_cost_proxy,1,NIFTYBEES,900,271.74,271.505,271.725,8.655457542219303,-0.5519982336055218
P341_2026-07-08_SBIN_106690529,P335_P334_LANE_D_HORIZON_AND_EXIT_MARGIN_SQ0p750_SPQ1p000_DSQ0p500_TOP2_H900_long_only_taker_entry_taker_exit_CAP250000_NOT100000_CONC2_zerodha_2x_all_in_cost_proxy,SBIN,08-Jul-2026 15:25:29,regular_session,2026-07-08,first_real_tick_after_announcement,Credit Rating,filled,900,1783504529000,1783504532045,1783504799991,3045,267946,1,1017.95,1019.25,12.770764772336111,1017.9,1018.0,1018.6,1019.9,0.1000000000000227,1.2999999999999543,-0.5168189368770764,-0.7058301928618932,-0.4862446138548226,-0.7413206262763785,0.2156862745098039,-0.0434782608695652,98,99764.0,99822.8,58.80000000000291,82.6586638408,165.3173276816,-106.5173276815971,-224.1173276816029,250000.0,100000.0,2,zerodha_equity_intraday_nse_order_formula_v2_2026_07_14,zerodha_2x_all_in_cost_proxy,1,BANKBEES,300,588.1700000000001,587.9100000000001,588.45,4.4224456124242195,4.760528418654708
P341_2026-07-08_SBIN_106690529,P335_P334_LANE_D_HORIZON_AND_EXIT_MARGIN_SQ0p750_SPQ1p000_DSQ0p500_TOP2_H900_long_only_taker_entry_taker_exit_CAP250000_NOT100000_CONC2_zerodha_2x_all_in_cost_proxy,SBIN,08-Jul-2026 15:25:29,regular_session,2026-07-08,first_real_tick_after_announcement,Credit Rating,filled,900,1783504529000,1783504532045,1783504799991,3045,267946,1,1017.95,1019.25,12.770764772336111,1017.9,1018.0,1018.6,1019.9,0.1000000000000227,1.2999999999999543,-0.5168189368770764,-0.7058301928618932,-0.4862446138548226,-0.7413206262763785,0.2156862745098039,-0.0434782608695652,98,99764.0,99822.8,58.80000000000291,82.6586638408,165.3173276816,-106.5173276815971,-224.1173276816029,250000.0,100000.0,2,zerodha_equity_intraday_nse_order_formula_v2_2026_07_14,zerodha_2x_all_in_cost_proxy,1,BANKBEES,900,588.1700000000001,587.53,588.45,10.893060779877395,4.760528418654708
P341_2026-07-09_BHARTIARTL_106691845,P335_P334_LANE_D_HORIZON_AND_EXIT_MARGIN_SQ0p750_SPQ1p000_DSQ0p500_TOP2_H900_long_only_taker_entry_taker_exit_CAP250000_NOT100000_CONC2_zerodha_2x_all_in_cost_proxy,BHARTIARTL,09-Jul-2026 13:38:41,regular_session,2026-07-09,first_real_tick_after_announcement,Copy of Newspaper Publication,filled,900,1783584521000,1783584521479,1783585421727,479,900248,0,1931.3,1934.5,16.569150313260735,1931.1,1931.5,1934.4,1934.6,0.4000000000000909,0.1999999999998181,-0.0610583446404341,0.8458177278401997,-0.0359712230215827,0.8523137512307187,0.0833333333333333,0.5263157894736842,51,98506.5,98654.4,147.90000000000873,82.5301956254,165.0603912508,-17.160391250791264,-312.9603912508087,250000.0,100000.0,2,zerodha_equity_intraday_nse_order_formula_v2_2026_07_14,zerodha_2x_all_in_cost_proxy,1,NIFTYBEES,300,273.625,273.47,273.48,5.667897758436791,-5.299223389675367
P341_2026-07-09_BHARTIARTL_106691845,P335_P334_LANE_D_HORIZON_AND_EXIT_MARGIN_SQ0p750_SPQ1p000_DSQ0p500_TOP2_H900_long_only_taker_entry_taker_exit_CAP250000_NOT100000_CONC2_zerodha_2x_all_in_cost_proxy,BHARTIARTL,09-Jul-2026 13:38:41,regular_session,2026-07-09,first_real_tick_after_announcement,Copy of Newspaper Publication,filled,900,1783584521000,1783584521479,1783585421727,479,900248,0,1931.3,1934.5,16.569150313260735,1931.1,1931.5,1934.4,1934.6,0.4000000000000909,0.1999999999998181,-0.0610583446404341,0.8458177278401997,-0.0359712230215827,0.8523137512307187,0.0833333333333333,0.5263157894736842,51,98506.5,98654.4,147.90000000000873,82.5301956254,165.0603912508,-17.160391250791264,-312.9603912508087,250000.0,100000.0,2,zerodha_equity_intraday_nse_order_formula_v2_2026_07_14,zerodha_2x_all_in_cost_proxy,1,NIFTYBEES,900,273.625,273.37,273.48,9.328016973333408,-5.299223389675367
P341_2026-07-09_BHARTIARTL_106691845,P335_P334_LANE_D_HORIZON_AND_EXIT_MARGIN_SQ0p750_SPQ1p000_DSQ0p500_TOP2_H900_long_only_taker_entry_taker_exit_CAP250000_NOT100000_CONC2_zerodha_2x_all_in_cost_proxy,BHARTIARTL,09-Jul-2026 13:38:41,regular_session,2026-07-09,first_real_tick_after_announcement,Copy of Newspaper Publication,filled,900,1783584521000,1783584521479,1783585421727,479,900248,0,1931.3,1934.5,16.569150313260735,1931.1,1931.5,1934.4,1934.6,0.4000000000000909,0.1999999999998181,-0.0610583446404341,0.8458177278401997,-0.0359712230215827,0.8523137512307187,0.0833333333333333,0.5263157894736842,51,98506.5,98654.4,147.90000000000873,82.5301956254,165.0603912508,-17.160391250791264,-312.9603912508087,250000.0,100000.0,2,zerodha_equity_intraday_nse_order_formula_v2_2026_07_14,zerodha_2x_all_in_cost_proxy,1,BANKBEES,300,594.325,593.7349999999999,594.21,9.93709314761837,-1.9349682412828084
P341_2026-07-09_BHARTIARTL_106691845,P335_P334_LANE_D_HORIZON_AND_EXIT_MARGIN_SQ0p750_SPQ1p000_DSQ0p500_TOP2_H900_long_only_taker_entry_taker_exit_CAP250000_NOT100000_CONC2_zerodha_2x_all_in_cost_proxy,BHARTIARTL,09-Jul-2026 13:38:41,regular_session,2026-07-09,first_real_tick_after_announcement,Copy of Newspaper Publication,filled,900,1783584521000,1783584521479,1783585421727,479,900248,0,1931.3,1934.5,16.569150313260735,1931.1,1931.5,1934.4,1934.6,0.4000000000000909,0.1999999999998181,-0.0610583446404341,0.8458177278401997,-0.0359712230215827,0.8523137512307187,0.0833333333333333,0.5263157894736842,51,98506.5,98654.4,147.90000000000873,82.5301956254,165.0603912508,-17.160391250791264,-312.9603912508087,250000.0,100000.0,2,zerodha_equity_intraday_nse_order_formula_v2_2026_07_14,zerodha_2x_all_in_cost_proxy,1,BANKBEES,900,594.325,593.45,594.21,14.744291852726299,-1.9349682412828084
P341_2026-07-09_DRREDDY_106691390,P335_P334_LANE_D_HORIZON_AND_EXIT_MARGIN_SQ0p750_SPQ1p000_DSQ0p500_TOP2_H900_long_only_taker_entry_taker_exit_CAP250000_NOT100000_CONC2_zerodha_2x_all_in_cost_proxy,DRREDDY,09-Jul-2026 09:18:50,regular_session,2026-07-09,first_real_tick_after_announcement,General Updates,filled,900,1783568930000,1783578354989,1783579255736,9424989,900747,0,1269.25,1273.35,32.30254087059215,1269.0,1269.5,1273.2,1273.5,0.5,0.2999999999999545,-0.4926151172893136,-0.5204110762203825,-0.5253333333333333,-0.5292056074766355,-0.3103448275862069,-0.0384615384615384,78,99021.0,99309.6,288.6000000000058,82.58938442360001,165.17876884720002,123.4212311528058,-453.7787688472058,250000.0,100000.0,2,zerodha_equity_intraday_nse_order_formula_v2_2026_07_14,zerodha_2x_all_in_cost_proxy,1,NIFTYBEES,300,273.42999999999995,273.42999999999995,273.595,0.0,6.034451230665372
P341_2026-07-09_DRREDDY_106691390,P335_P334_LANE_D_HORIZON_AND_EXIT_MARGIN_SQ0p750_SPQ1p000_DSQ0p500_TOP2_H900_long_only_taker_entry_taker_exit_CAP250000_NOT100000_CONC2_zerodha_2x_all_in_cost_proxy,DRREDDY,09-Jul-2026 09:18:50,regular_session,2026-07-09,first_real_tick_after_announcement,General Updates,filled,900,1783568930000,1783578354989,1783579255736,9424989,900747,0,1269.25,1273.35,32.30254087059215,1269.0,1269.5,1273.2,1273.5,0.5,0.2999999999999545,-0.4926151172893136,-0.5204110762203825,-0.5253333333333333,-0.5292056074766355,-0.3103448275862069,-0.0384615384615384,78,99021.0,99309.6,288.6000000000058,82.58938442360001,165.17876884720002,123.4212311528058,-453.7787688472058,250000.0,100000.0,2,zerodha_equity_intraday_nse_order_formula_v2_2026_07_14,zerodha_2x_all_in_cost_proxy,1,NIFTYBEES,900,273.42999999999995,273.42999999999995,273.595,0.0,6.034451230665372
P341_2026-07-09_DRREDDY_106691390,P335_P334_LANE_D_HORIZON_AND_EXIT_MARGIN_SQ0p750_SPQ1p000_DSQ0p500_TOP2_H900_long_only_taker_entry_taker_exit_CAP250000_NOT100000_CONC2_zerodha_2x_all_in_cost_proxy,DRREDDY,09-Jul-2026 09:18:50,regular_session,2026-07-09,first_real_tick_after_announcement,General Updates,filled,900,1783568930000,1783578354989,1783579255736,9424989,900747,0,1269.25,1273.35,32.30254087059215,1269.0,1269.5,1273.2,1273.5,0.5,0.2999999999999545,-0.4926151172893136,-0.5204110762203825,-0.5253333333333333,-0.5292056074766355,-0.3103448275862069,-0.0384615384615384,78,99021.0,99309.6,288.6000000000058,82.58938442360001,165.17876884720002,123.4212311528058,-453.7787688472058,250000.0,100000.0,2,zerodha_equity_intraday_nse_order_formula_v2_2026_07_14,zerodha_2x_all_in_cost_proxy,1,BANKBEES,300,593.3050000000001,593.3050000000001,593.245,0.0,-1.0112842467202565
P341_2026-07-09_DRREDDY_106691390,P335_P334_LANE_D_HORIZON_AND_EXIT_MARGIN_SQ0p750_SPQ1p000_DSQ0p500_TOP2_H900_long_only_taker_entry_taker_exit_CAP250000_NOT100000_CONC2_zerodha_2x_all_in_cost_proxy,DRREDDY,09-Jul-2026 09:18:50,regular_session,2026-07-09,first_real_tick_after_announcement,General Updates,filled,900,1783568930000,1783578354989,1783579255736,9424989,900747,0,1269.25,1273.35,32.30254087059215,1269.0,1269.5,1273.2,1273.5,0.5,0.2999999999999545,-0.4926151172893136,-0.5204110762203825,-0.5253333333333333,-0.5292056074766355,-0.3103448275862069,-0.0384615384615384,78,99021.0,99309.6,288.6000000000058,82.58938442360001,165.17876884720002,123.4212311528058,-453.7787688472058,250000.0,100000.0,2,zerodha_equity_intraday_nse_order_formula_v2_2026_07_14,zerodha_2x_all_in_cost_proxy,1,BANKBEES,900,593.3050000000001,593.3050000000001,593.245,0.0,-1.0112842467202565
P341_2026-07-09_DRREDDY_106691463,P335_P334_LANE_D_HORIZON_AND_EXIT_MARGIN_SQ0p750_SPQ1p000_DSQ0p500_TOP2_H900_long_only_taker_entry_taker_exit_CAP250000_NOT100000_CONC2_zerodha_2x_all_in_cost_proxy,DRREDDY,09-Jul-2026 09:38:43,regular_session,2026-07-09,first_real_tick_after_announcement,Analysts/Institutional Investor Meet/Con. Call Updates,filled,900,1783570123000,1783578354989,1783579255736,8231989,900747,0,1269.25,1273.35,32.30254087059215,1269.0,1269.5,1273.2,1273.5,0.5,0.2999999999999545,-0.4926151172893136,-0.5204110762203825,-0.5253333333333333,-0.5292056074766355,-0.3103448275862069,-0.0384615384615384,78,99021.0,99309.6,288.6000000000058,82.58938442360001,165.17876884720002,123.4212311528058,-453.7787688472058,250000.0,100000.0,2,zerodha_equity_intraday_nse_order_formula_v2_2026_07_14,zerodha_2x_all_in_cost_proxy,1,NIFTYBEES,300,273.42999999999995,273.42999999999995,273.595,0.0,6.034451230665372
P341_2026-07-09_DRREDDY_106691463,P335_P334_LANE_D_HORIZON_AND_EXIT_MARGIN_SQ0p750_SPQ1p000_DSQ0p500_TOP2_H900_long_only_taker_entry_taker_exit_CAP250000_NOT100000_CONC2_zerodha_2x_all_in_cost_proxy,DRREDDY,09-Jul-2026 09:38:43,regular_session,2026-07-09,first_real_tick_after_announcement,Analysts/Institutional Investor Meet/Con. Call Updates,filled,900,1783570123000,1783578354989,1783579255736,8231989,900747,0,1269.25,1273.35,32.30254087059215,1269.0,1269.5,1273.2,1273.5,0.5,0.2999999999999545,-0.4926151172893136,-0.5204110762203825,-0.5253333333333333,-0.5292056074766355,-0.3103448275862069,-0.0384615384615384,78,99021.0,99309.6,288.6000000000058,82.58938442360001,165.17876884720002,123.4212311528058,-453.7787688472058,250000.0,100000.0,2,zerodha_equity_intraday_nse_order_formula_v2_2026_07_14,zerodha_2x_all_in_cost_proxy,1,NIFTYBEES,900,273.42999999999995,273.42999999999995,273.595,0.0,6.034451230665372
P341_2026-07-09_DRREDDY_106691463,P335_P334_LANE_D_HORIZON_AND_EXIT_MARGIN_SQ0p750_SPQ1p000_DSQ0p500_TOP2_H900_long_only_taker_entry_taker_exit_CAP250000_NOT100000_CONC2_zerodha_2x_all_in_cost_proxy,DRREDDY,09-Jul-2026 09:38:43,regular_session,2026-07-09,first_real_tick_after_announcement,Analysts/Institutional Investor Meet/Con. Call Updates,filled,900,1783570123000,1783578354989,1783579255736,8231989,900747,0,1269.25,1273.35,32.30254087059215,1269.0,1269.5,1273.2,1273.5,0.5,0.2999999999999545,-0.4926151172893136,-0.5204110762203825,-0.5253333333333333,-0.5292056074766355,-0.3103448275862069,-0.0384615384615384,78,99021.0,99309.6,288.6000000000058,82.58938442360001,165.17876884720002,123.4212311528058,-453.7787688472058,250000.0,100000.0,2,zerodha_equity_intraday_nse_order_formula_v2_2026_07_14,zerodha_2x_all_in_cost_proxy,1,BANKBEES,300,593.3050000000001,593.3050000000001,593.245,0.0,-1.0112842467202565
P341_2026-07-09_DRREDDY_106691463,P335_P334_LANE_D_HORIZON_AND_EXIT_MARGIN_SQ0p750_SPQ1p000_DSQ0p500_TOP2_H900_long_only_taker_entry_taker_exit_CAP250000_NOT100000_CONC2_zerodha_2x_all_in_cost_proxy,DRREDDY,09-Jul-2026 09:38:43,regular_session,2026-07-09,first_real_tick_after_announcement,Analysts/Institutional Investor Meet/Con. Call Updates,filled,900,1783570123000,1783578354989,1783579255736,8231989,900747,0,1269.25,1273.35,32.30254087059215,1269.0,1269.5,1273.2,1273.5,0.5,0.2999999999999545,-0.4926151172893136,-0.5204110762203825,-0.5253333333333333,-0.5292056074766355,-0.3103448275862069,-0.0384615384615384,78,99021.0,99309.6,288.6000000000058,82.58938442360001,165.17876884720002,123.4212311528058,-453.7787688472058,250000.0,100000.0,2,zerodha_equity_intraday_nse_order_formula_v2_2026_07_14,zerodha_2x_all_in_cost_proxy,1,BANKBEES,900,593.3050000000001,593.3050000000001,593.245,0.0,-1.0112842467202565
P341_2026-07-09_RELIANCE_106691045,P335_P334_LANE_D_HORIZON_AND_EXIT_MARGIN_SQ0p750_SPQ1p000_DSQ0p500_TOP2_H900_long_only_taker_entry_taker_exit_CAP250000_NOT100000_CONC2_zerodha_2x_all_in_cost_proxy,RELIANCE,08-Jul-2026 19:08:15,post_close,2026-07-09,market_open_next_available_real_l2_day,Other Restructuring,filled,900,1783568700000,1783578354989,1783579255736,9654989,900747,0,1288.6,1291.25,20.56495421387623,1288.5,1288.7,1291.1,1291.4,0.2000000000000454,0.3000000000001819,-0.4714001637618435,0.2489830508474576,-0.477136475843423,0.2811286809961178,0.2439024390243902,0.4,77,99229.9,99414.7,184.7999999999884,82.60739690759999,165.21479381519998,19.585206184788376,-350.01479381518834,250000.0,100000.0,2,zerodha_equity_intraday_nse_order_formula_v2_2026_07_14,zerodha_2x_all_in_cost_proxy,0,NIFTYBEES,300,273.42999999999995,273.42999999999995,273.595,0.0,6.034451230665372
P341_2026-07-09_RELIANCE_106691045,P335_P334_LANE_D_HORIZON_AND_EXIT_MARGIN_SQ0p750_SPQ1p000_DSQ0p500_TOP2_H900_long_only_taker_entry_taker_exit_CAP250000_NOT100000_CONC2_zerodha_2x_all_in_cost_proxy,RELIANCE,08-Jul-2026 19:08:15,post_close,2026-07-09,market_open_next_available_real_l2_day,Other Restructuring,filled,900,1783568700000,1783578354989,1783579255736,9654989,900747,0,1288.6,1291.25,20.56495421387623,1288.5,1288.7,1291.1,1291.4,0.2000000000000454,0.3000000000001819,-0.4714001637618435,0.2489830508474576,-0.477136475843423,0.2811286809961178,0.2439024390243902,0.4,77,99229.9,99414.7,184.7999999999884,82.60739690759999,165.21479381519998,19.585206184788376,-350.01479381518834,250000.0,100000.0,2,zerodha_equity_intraday_nse_order_formula_v2_2026_07_14,zerodha_2x_all_in_cost_proxy,0,NIFTYBEES,900,273.42999999999995,273.42999999999995,273.595,0.0,6.034451230665372
P341_2026-07-09_RELIANCE_106691045,P335_P334_LANE_D_HORIZON_AND_EXIT_MARGIN_SQ0p750_SPQ1p000_DSQ0p500_TOP2_H900_long_only_taker_entry_taker_exit_CAP250000_NOT100000_CONC2_zerodha_2x_all_in_cost_proxy,RELIANCE,08-Jul-2026 19:08:15,post_close,2026-07-09,market_open_next_available_real_l2_day,Other Restructuring,filled,900,1783568700000,1783578354989,1783579255736,9654989,900747,0,1288.6,1291.25,20.56495421387623,1288.5,1288.7,1291.1,1291.4,0.2000000000000454,0.3000000000001819,-0.4714001637618435,0.2489830508474576,-0.477136475843423,0.2811286809961178,0.2439024390243902,0.4,77,99229.9,99414.7,184.7999999999884,82.60739690759999,165.21479381519998,19.585206184788376,-350.01479381518834,250000.0,100000.0,2,zerodha_equity_intraday_nse_order_formula_v2_2026_07_14,zerodha_2x_all_in_cost_proxy,0,BANKBEES,300,593.3050000000001,593.3050000000001,593.245,0.0,-1.0112842467202565
P341_2026-07-09_RELIANCE_106691045,P335_P334_LANE_D_HORIZON_AND_EXIT_MARGIN_SQ0p750_SPQ1p000_DSQ0p500_TOP2_H900_long_only_taker_entry_taker_exit_CAP250000_NOT100000_CONC2_zerodha_2x_all_in_cost_proxy,RELIANCE,08-Jul-2026 19:08:15,post_close,2026-07-09,market_open_next_available_real_l2_day,Other Restructuring,filled,900,1783568700000,1783578354989,1783579255736,9654989,900747,0,1288.6,1291.25,20.56495421387623,1288.5,1288.7,1291.1,1291.4,0.2000000000000454,0.3000000000001819,-0.4714001637618435,0.2489830508474576,-0.477136475843423,0.2811286809961178,0.2439024390243902,0.4,77,99229.9,99414.7,184.7999999999884,82.60739690759999,165.21479381519998,19.585206184788376,-350.01479381518834,250000.0,100000.0,2,zerodha_equity_intraday_nse_order_formula_v2_2026_07_14,zerodha_2x_all_in_cost_proxy,0,BANKBEES,900,593.3050000000001,593.3050000000001,593.245,0.0,-1.0112842467202565
P341_2026-07-09_SBIN_106691111,P335_P334_LANE_D_HORIZON_AND_EXIT_MARGIN_SQ0p750_SPQ1p000_DSQ0p500_TOP2_H900_long_only_taker_entry_taker_exit_CAP250000_NOT100000_CONC2_zerodha_2x_all_in_cost_proxy,SBIN,08-Jul-2026 20:27:40,post_close,2026-07-09,market_open_next_available_real_l2_day,General Updates,filled,900,1783568700000,1783578354989,1783579255236,9654989,900247,0,1025.85,1025.45,-3.8992055368705327,1025.7,1026.0,1025.4,1025.5,0.2999999999999545,0.099999999999909,-0.4130484723179417,0.2873182126441112,-0.4351585014409221,0.3483054970001621,-0.2352941176470588,0.52046783625731,97,99522.0,99463.8,-58.19999999999709,82.6289228348,165.2578456696,-223.45784566959708,-107.0578456696029,250000.0,100000.0,2,zerodha_equity_intraday_nse_order_formula_v2_2026_07_14,zerodha_2x_all_in_cost_proxy,0,NIFTYBEES,300,273.42999999999995,273.42999999999995,273.595,0.0,6.034451230665372
P341_2026-07-09_SBIN_106691111,P335_P334_LANE_D_HORIZON_AND_EXIT_MARGIN_SQ0p750_SPQ1p000_DSQ0p500_TOP2_H900_long_only_taker_entry_taker_exit_CAP250000_NOT100000_CONC2_zerodha_2x_all_in_cost_proxy,SBIN,08-Jul-2026 20:27:40,post_close,2026-07-09,market_open_next_available_real_l2_day,General Updates,filled,900,1783568700000,1783578354989,1783579255236,9654989,900247,0,1025.85,1025.45,-3.8992055368705327,1025.7,1026.0,1025.4,1025.5,0.2999999999999545,0.099999999999909,-0.4130484723179417,0.2873182126441112,-0.4351585014409221,0.3483054970001621,-0.2352941176470588,0.52046783625731,97,99522.0,99463.8,-58.19999999999709,82.6289228348,165.2578456696,-223.45784566959708,-107.0578456696029,250000.0,100000.0,2,zerodha_equity_intraday_nse_order_formula_v2_2026_07_14,zerodha_2x_all_in_cost_proxy,0,NIFTYBEES,900,273.42999999999995,273.42999999999995,273.595,0.0,6.034451230665372
P341_2026-07-09_SBIN_106691111,P335_P334_LANE_D_HORIZON_AND_EXIT_MARGIN_SQ0p750_SPQ1p000_DSQ0p500_TOP2_H900_long_only_taker_entry_taker_exit_CAP250000_NOT100000_CONC2_zerodha_2x_all_in_cost_proxy,SBIN,08-Jul-2026 20:27:40,post_close,2026-07-09,market_open_next_available_real_l2_day,General Updates,filled,900,1783568700000,1783578354989,1783579255236,9654989,900247,0,1025.85,1025.45,-3.8992055368705327,1025.7,1026.0,1025.4,1025.5,0.2999999999999545,0.099999999999909,-0.4130484723179417,0.2873182126441112,-0.4351585014409221,0.3483054970001621,-0.2352941176470588,0.52046783625731,97,99522.0,99463.8,-58.19999999999709,82.6289228348,165.2578456696,-223.45784566959708,-107.0578456696029,250000.0,100000.0,2,zerodha_equity_intraday_nse_order_formula_v2_2026_07_14,zerodha_2x_all_in_cost_proxy,0,BANKBEES,300,593.3050000000001,593.3050000000001,593.245,0.0,-1.0112842467202565
P341_2026-07-09_SBIN_106691111,P335_P334_LANE_D_HORIZON_AND_EXIT_MARGIN_SQ0p750_SPQ1p000_DSQ0p500_TOP2_H900_long_only_taker_entry_taker_exit_CAP250000_NOT100000_CONC2_zerodha_2x_all_in_cost_proxy,SBIN,08-Jul-2026 20:27:40,post_close,2026-07-09,market_open_next_available_real_l2_day,General Updates,filled,900,1783568700000,1783578354989,1783579255236,9654989,900247,0,1025.85,1025.45,-3.8992055368705327,1025.7,1026.0,1025.4,1025.5,0.2999999999999545,0.099999999999909,-0.4130484723179417,0.2873182126441112,-0.4351585014409221,0.3483054970001621,-0.2352941176470588,0.52046783625731,97,99522.0,99463.8,-58.19999999999709,82.6289228348,165.2578456696,-223.45784566959708,-107.0578456696029,250000.0,100000.0,2,zerodha_equity_intraday_nse_order_formula_v2_2026_07_14,zerodha_2x_all_in_cost_proxy,0,BANKBEES,900,593.3050000000001,593.3050000000001,593.245,0.0,-1.0112842467202565
P341_2026-07-09_SBIN_106691289,P335_P334_LANE_D_HORIZON_AND_EXIT_MARGIN_SQ0p750_SPQ1p000_DSQ0p500_TOP2_H900_long_only_taker_entry_taker_exit_CAP250000_NOT100000_CONC2_zerodha_2x_all_in_cost_proxy,SBIN,08-Jul-2026 23:59:50,post_close,2026-07-09,market_open_next_available_real_l2_day,General Updates,filled,900,1783568700000,1783578354989,1783579255236,9654989,900247,0,1025.85,1025.45,-3.8992055368705327,1025.7,1026.0,1025.4,1025.5,0.2999999999999545,0.099999999999909,-0.4130484723179417,0.2873182126441112,-0.4351585014409221,0.3483054970001621,-0.2352941176470588,0.52046783625731,97,99522.0,99463.8,-58.19999999999709,82.6289228348,165.2578456696,-223.45784566959708,-107.0578456696029,250000.0,100000.0,2,zerodha_equity_intraday_nse_order_formula_v2_2026_07_14,zerodha_2x_all_in_cost_proxy,0,NIFTYBEES,300,273.42999999999995,273.42999999999995,273.595,0.0,6.034451230665372
P341_2026-07-09_SBIN_106691289,P335_P334_LANE_D_HORIZON_AND_EXIT_MARGIN_SQ0p750_SPQ1p000_DSQ0p500_TOP2_H900_long_only_taker_entry_taker_exit_CAP250000_NOT100000_CONC2_zerodha_2x_all_in_cost_proxy,SBIN,08-Jul-2026 23:59:50,post_close,2026-07-09,market_open_next_available_real_l2_day,General Updates,filled,900,1783568700000,1783578354989,1783579255236,9654989,900247,0,1025.85,1025.45,-3.8992055368705327,1025.7,1026.0,1025.4,1025.5,0.2999999999999545,0.099999999999909,-0.4130484723179417,0.2873182126441112,-0.4351585014409221,0.3483054970001621,-0.2352941176470588,0.52046783625731,97,99522.0,99463.8,-58.19999999999709,82.6289228348,165.2578456696,-223.45784566959708,-107.0578456696029,250000.0,100000.0,2,zerodha_equity_intraday_nse_order_formula_v2_2026_07_14,zerodha_2x_all_in_cost_proxy,0,NIFTYBEES,900,273.42999999999995,273.42999999999995,273.595,0.0,6.034451230665372
P341_2026-07-09_SBIN_106691289,P335_P334_LANE_D_HORIZON_AND_EXIT_MARGIN_SQ0p750_SPQ1p000_DSQ0p500_TOP2_H900_long_only_taker_entry_taker_exit_CAP250000_NOT100000_CONC2_zerodha_2x_all_in_cost_proxy,SBIN,08-Jul-2026 23:59:50,post_close,2026-07-09,market_open_next_available_real_l2_day,General Updates,filled,900,1783568700000,1783578354989,1783579255236,9654989,900247,0,1025.85,1025.45,-3.8992055368705327,1025.7,1026.0,1025.4,1025.5,0.2999999999999545,0.099999999999909,-0.4130484723179417,0.2873182126441112,-0.4351585014409221,0.3483054970001621,-0.2352941176470588,0.52046783625731,97,99522.0,99463.8,-58.19999999999709,82.6289228348,165.2578456696,-223.45784566959708,-107.0578456696029,250000.0,100000.0,2,zerodha_equity_intraday_nse_order_formula_v2_2026_07_14,zerodha_2x_all_in_cost_proxy,0,BANKBEES,300,593.3050000000001,593.3050000000001,593.245,0.0,-1.0112842467202565
P341_2026-07-09_SBIN_106691289,P335_P334_LANE_D_HORIZON_AND_EXIT_MARGIN_SQ0p750_SPQ1p000_DSQ0p500_TOP2_H900_long_only_taker_entry_taker_exit_CAP250000_NOT100000_CONC2_zerodha_2x_all_in_cost_proxy,SBIN,08-Jul-2026 23:59:50,post_close,2026-07-09,market_open_next_available_real_l2_day,General Updates,filled,900,1783568700000,1783578354989,1783579255236,9654989,900247,0,1025.85,1025.45,-3.8992055368705327,1025.7,1026.0,1025.4,1025.5,0.2999999999999545,0.099999999999909,-0.4130484723179417,0.2873182126441112,-0.4351585014409221,0.3483054970001621,-0.2352941176470588,0.52046783625731,97,99522.0,99463.8,-58.19999999999709,82.6289228348,165.2578456696,-223.45784566959708,-107.0578456696029,250000.0,100000.0,2,zerodha_equity_intraday_nse_order_formula_v2_2026_07_14,zerodha_2x_all_in_cost_proxy,0,BANKBEES,900,593.3050000000001,593.3050000000001,593.245,0.0,-1.0112842467202565
P341_2026-07-10_ADANIPORTS_106692702,P335_P334_LANE_D_HORIZON_AND_EXIT_MARGIN_SQ0p750_SPQ1p000_DSQ0p500_TOP2_H900_long_only_taker_entry_taker_exit_CAP250000_NOT100000_CONC2_zerodha_2x_all_in_cost_proxy,ADANIPORTS,09-Jul-2026 21:51:40,post_close,2026-07-10,market_open_next_available_real_l2_day,Updates,filled,900,1783655100000,1783655104834,1783656013163,4834,908329,0,1801.15,1816.45,84.94572911750674,1800.1,1802.2,1816.1,1816.8,2.1000000000001364,0.7000000000000455,0.8681081081081081,-0.4109221128021486,0.8563327032136105,0.174852652259332,0.5757575757575758,0.1666666666666666,55,99121.0,99885.5,764.5,82.61766713899999,165.23533427799998,599.264665722,-929.735334278,250000.0,100000.0,2,zerodha_equity_intraday_nse_order_formula_v2_2026_07_14,zerodha_2x_all_in_cost_proxy,0,NIFTYBEES,300,274.54,274.54,274.725,0.0,6.738544474393926
P341_2026-07-10_ADANIPORTS_106692702,P335_P334_LANE_D_HORIZON_AND_EXIT_MARGIN_SQ0p750_SPQ1p000_DSQ0p500_TOP2_H900_long_only_taker_entry_taker_exit_CAP250000_NOT100000_CONC2_zerodha_2x_all_in_cost_proxy,ADANIPORTS,09-Jul-2026 21:51:40,post_close,2026-07-10,market_open_next_available_real_l2_day,Updates,filled,900,1783655100000,1783655104834,1783656013163,4834,908329,0,1801.15,1816.45,84.94572911750674,1800.1,1802.2,1816.1,1816.8,2.1000000000001364,0.7000000000000455,0.8681081081081081,-0.4109221128021486,0.8563327032136105,0.174852652259332,0.5757575757575758,0.1666666666666666,55,99121.0,99885.5,764.5,82.61766713899999,165.23533427799998,599.264665722,-929.735334278,250000.0,100000.0,2,zerodha_equity_intraday_nse_order_formula_v2_2026_07_14,zerodha_2x_all_in_cost_proxy,0,NIFTYBEES,900,274.54,274.54,274.725,0.0,6.738544474393926
P341_2026-07-10_ADANIPORTS_106692702,P335_P334_LANE_D_HORIZON_AND_EXIT_MARGIN_SQ0p750_SPQ1p000_DSQ0p500_TOP2_H900_long_only_taker_entry_taker_exit_CAP250000_NOT100000_CONC2_zerodha_2x_all_in_cost_proxy,ADANIPORTS,09-Jul-2026 21:51:40,post_close,2026-07-10,market_open_next_available_real_l2_day,Updates,filled,900,1783655100000,1783655104834,1783656013163,4834,908329,0,1801.15,1816.45,84.94572911750674,1800.1,1802.2,1816.1,1816.8,2.1000000000001364,0.7000000000000455,0.8681081081081081,-0.4109221128021486,0.8563327032136105,0.174852652259332,0.5757575757575758,0.1666666666666666,55,99121.0,99885.5,764.5,82.61766713899999,165.23533427799998,599.264665722,-929.735334278,250000.0,100000.0,2,zerodha_equity_intraday_nse_order_formula_v2_2026_07_14,zerodha_2x_all_in_cost_proxy,0,BANKBEES,300,596.135,596.135,598.1700000000001,0.0,34.13656302683199
P341_2026-07-10_ADANIPORTS_106692702,P335_P334_LANE_D_HORIZON_AND_EXIT_MARGIN_SQ0p750_SPQ1p000_DSQ0p500_TOP2_H900_long_only_taker_entry_taker_exit_CAP250000_NOT100000_CONC2_zerodha_2x_all_in_cost_proxy,ADANIPORTS,09-Jul-2026 21:51:40,post_close,2026-07-10,market_open_next_available_real_l2_day,Updates,filled,900,1783655100000,1783655104834,1783656013163,4834,908329,0,1801.15,1816.45,84.94572911750674,1800.1,1802.2,1816.1,1816.8,2.1000000000001364,0.7000000000000455,0.8681081081081081,-0.4109221128021486,0.8563327032136105,0.174852652259332,0.5757575757575758,0.1666666666666666,55,99121.0,99885.5,764.5,82.61766713899999,165.23533427799998,599.264665722,-929.735334278,250000.0,100000.0,2,zerodha_equity_intraday_nse_order_formula_v2_2026_07_14,zerodha_2x_all_in_cost_proxy,0,BANKBEES,900,596.135,596.135,598.1700000000001,0.0,34.13656302683199
P341_2026-07-10_BAJAJ-AUTO_106693161,P335_P334_LANE_D_HORIZON_AND_EXIT_MARGIN_SQ0p750_SPQ1p000_DSQ0p500_TOP2_H900_long_only_taker_entry_taker_exit_CAP250000_NOT100000_CONC2_zerodha_2x_all_in_cost_proxy,BAJAJ-AUTO,10-Jul-2026 11:05:02,regular_session,2026-07-10,first_real_tick_after_announcement,Analysts/Institutional Investor Meet/Con. Call Updates,filled,900,1783661702000,1783661702665,1783662604665,665,902000,0,10198.25,10167.75,-29.90709190302258,10196.5,10200.0,10166.5,10169.0,3.5,2.5,-0.4713656387665198,0.2233009708737864,-0.5596330275229358,0.1333333333333333,-0.5454545454545454,-0.1818181818181818,9,91800.0,91498.5,-301.5,79.81046369100001,159.62092738200002,-461.120927382,141.87907261799998,250000.0,100000.0,2,zerodha_equity_intraday_nse_order_formula_v2_2026_07_14,zerodha_2x_all_in_cost_proxy,1,NIFTYBEES,300,275.03999999999996,275.04499999999996,274.77,-0.1817884346200227,-9.816753926701338
P341_2026-07-10_BAJAJ-AUTO_106693161,P335_P334_LANE_D_HORIZON_AND_EXIT_MARGIN_SQ0p750_SPQ1p000_DSQ0p500_TOP2_H900_long_only_taker_entry_taker_exit_CAP250000_NOT100000_CONC2_zerodha_2x_all_in_cost_proxy,BAJAJ-AUTO,10-Jul-2026 11:05:02,regular_session,2026-07-10,first_real_tick_after_announcement,Analysts/Institutional Investor Meet/Con. Call Updates,filled,900,1783661702000,1783661702665,1783662604665,665,902000,0,10198.25,10167.75,-29.90709190302258,10196.5,10200.0,10166.5,10169.0,3.5,2.5,-0.4713656387665198,0.2233009708737864,-0.5596330275229358,0.1333333333333333,-0.5454545454545454,-0.1818181818181818,9,91800.0,91498.5,-301.5,79.81046369100001,159.62092738200002,-461.120927382,141.87907261799998,250000.0,100000.0,2,zerodha_equity_intraday_nse_order_formula_v2_2026_07_14,zerodha_2x_all_in_cost_proxy,1,NIFTYBEES,900,275.03999999999996,275.08000000000004,274.77,-1.454122437112293,-9.816753926701338
P341_2026-07-10_BAJAJ-AUTO_106693161,P335_P334_LANE_D_HORIZON_AND_EXIT_MARGIN_SQ0p750_SPQ1p000_DSQ0p500_TOP2_H900_long_only_taker_entry_taker_exit_CAP250000_NOT100000_CONC2_zerodha_2x_all_in_cost_proxy,BAJAJ-AUTO,10-Jul-2026 11:05:02,regular_session,2026-07-10,first_real_tick_after_announcement,Analysts/Institutional Investor Meet/Con. Call Updates,filled,900,1783661702000,1783661702665,1783662604665,665,902000,0,10198.25,10167.75,-29.90709190302258,10196.5,10200.0,10166.5,10169.0,3.5,2.5,-0.4713656387665198,0.2233009708737864,-0.5596330275229358,0.1333333333333333,-0.5454545454545454,-0.1818181818181818,9,91800.0,91498.5,-301.5,79.81046369100001,159.62092738200002,-461.120927382,141.87907261799998,250000.0,100000.0,2,zerodha_equity_intraday_nse_order_formula_v2_2026_07_14,zerodha_2x_all_in_cost_proxy,1,BANKBEES,300,599.325,599.05,598.71,4.5906017861629955,-10.261544237266662
P341_2026-07-10_BAJAJ-AUTO_106693161,P335_P334_LANE_D_HORIZON_AND_EXIT_MARGIN_SQ0p750_SPQ1p000_DSQ0p500_TOP2_H900_long_only_taker_entry_taker_exit_CAP250000_NOT100000_CONC2_zerodha_2x_all_in_cost_proxy,BAJAJ-AUTO,10-Jul-2026 11:05:02,regular_session,2026-07-10,first_real_tick_after_announcement,Analysts/Institutional Investor Meet/Con. Call Updates,filled,900,1783661702000,1783661702665,1783662604665,665,902000,0,10198.25,10167.75,-29.90709190302258,10196.5,10200.0,10166.5,10169.0,3.5,2.5,-0.4713656387665198,0.2233009708737864,-0.5596330275229358,0.1333333333333333,-0.5454545454545454,-0.1818181818181818,9,91800.0,91498.5,-301.5,79.81046369100001,159.62092738200002,-461.120927382,141.87907261799998,250000.0,100000.0,2,zerodha_equity_intraday_nse_order_formula_v2_2026_07_14,zerodha_2x_all_in_cost_proxy,1,BANKBEES,900,599.325,599.05,598.71,4.5906017861629955,-10.261544237266662
P341_2026-07-10_BHARTIARTL_106693009,P335_P334_LANE_D_HORIZON_AND_EXIT_MARGIN_SQ0p750_SPQ1p000_DSQ0p500_TOP2_H900_long_only_taker_entry_taker_exit_CAP250000_NOT100000_CONC2_zerodha_2x_all_in_cost_proxy,BHARTIARTL,10-Jul-2026 10:02:55,regular_session,2026-07-10,first_real_tick_after_announcement,Record Date,filled,900,1783657975000,1783657977665,1783658879164,2665,901499,0,1914.5,1916.2,8.879603029511859,1914.2,1914.8,1916.0,1916.4,0.599999999999909,0.4000000000000909,-0.0028204324663115,0.6711240566662253,0.0480549199084668,0.6658438753471151,0.1320754716981132,0.40625,52,99569.6,99632.0,62.40000000000873,82.63842304960001,165.2768460992,-102.87684609919128,-227.67684609920877,250000.0,100000.0,2,zerodha_equity_intraday_nse_order_formula_v2_2026_07_14,zerodha_2x_all_in_cost_proxy,1,NIFTYBEES,300,275.245,275.16999999999996,275.27,2.725587818441788,0.9082817126548903
P341_2026-07-10_BHARTIARTL_106693009,P335_P334_LANE_D_HORIZON_AND_EXIT_MARGIN_SQ0p750_SPQ1p000_DSQ0p500_TOP2_H900_long_only_taker_entry_taker_exit_CAP250000_NOT100000_CONC2_zerodha_2x_all_in_cost_proxy,BHARTIARTL,10-Jul-2026 10:02:55,regular_session,2026-07-10,first_real_tick_after_announcement,Record Date,filled,900,1783657975000,1783657977665,1783658879164,2665,901499,0,1914.5,1916.2,8.879603029511859,1914.2,1914.8,1916.0,1916.4,0.599999999999909,0.4000000000000909,-0.0028204324663115,0.6711240566662253,0.0480549199084668,0.6658438753471151,0.1320754716981132,0.40625,52,99569.6,99632.0,62.40000000000873,82.63842304960001,165.2768460992,-102.87684609919128,-227.67684609920877,250000.0,100000.0,2,zerodha_equity_intraday_nse_order_formula_v2_2026_07_14,zerodha_2x_all_in_cost_proxy,1,NIFTYBEES,900,275.245,275.085,275.27,5.81638402675555,0.9082817126548903
P341_2026-07-10_BHARTIARTL_106693009,P335_P334_LANE_D_HORIZON_AND_EXIT_MARGIN_SQ0p750_SPQ1p000_DSQ0p500_TOP2_H900_long_only_taker_entry_taker_exit_CAP250000_NOT100000_CONC2_zerodha_2x_all_in_cost_proxy,BHARTIARTL,10-Jul-2026 10:02:55,regular_session,2026-07-10,first_real_tick_after_announcement,Record Date,filled,900,1783657975000,1783657977665,1783658879164,2665,901499,0,1914.5,1916.2,8.879603029511859,1914.2,1914.8,1916.0,1916.4,0.599999999999909,0.4000000000000909,-0.0028204324663115,0.6711240566662253,0.0480549199084668,0.6658438753471151,0.1320754716981132,0.40625,52,99569.6,99632.0,62.40000000000873,82.63842304960001,165.2768460992,-102.87684609919128,-227.67684609920877,250000.0,100000.0,2,zerodha_equity_intraday_nse_order_formula_v2_2026_07_14,zerodha_2x_all_in_cost_proxy,1,BANKBEES,300,598.55,598.53,598.69,0.33415200574760107,2.3389858825506593
P341_2026-07-10_BHARTIARTL_106693009,P335_P334_LANE_D_HORIZON_AND_EXIT_MARGIN_SQ0p750_SPQ1p000_DSQ0p500_TOP2_H900_long_only_taker_entry_taker_exit_CAP250000_NOT100000_CONC2_zerodha_2x_all_in_cost_proxy,BHARTIARTL,10-Jul-2026 10:02:55,regular_session,2026-07-10,first_real_tick_after_announcement,Record Date,filled,900,1783657975000,1783657977665,1783658879164,2665,901499,0,1914.5,1916.2,8.879603029511859,1914.2,1914.8,1916.0,1916.4,0.599999999999909,0.4000000000000909,-0.0028204324663115,0.6711240566662253,0.0480549199084668,0.6658438753471151,0.1320754716981132,0.40625,52,99569.6,99632.0,62.40000000000873,82.63842304960001,165.2768460992,-102.87684609919128,-227.67684609920877,250000.0,100000.0,2,zerodha_equity_intraday_nse_order_formula_v2_2026_07_14,zerodha_2x_all_in_cost_proxy,1,BANKBEES,900,598.55,598.955,598.69,-6.761776761193827,2.3389858825506593
P341_2026-07-10_DRREDDY_106692956,P335_P334_LANE_D_HORIZON_AND_EXIT_MARGIN_SQ0p750_SPQ1p000_DSQ0p500_TOP2_H900_long_only_taker_entry_taker_exit_CAP250000_NOT100000_CONC2_zerodha_2x_all_in_cost_proxy,DRREDDY,10-Jul-2026 08:51:29,pre_open_or_overnight,2026-07-10,market_open_same_day,Analysts/Institutional Investor Meet/Con. Call Updates,filled,900,1783655100000,1783655104834,1783656004913,4834,900079,0,1240.45,1239.8000000000002,-5.240033858679218,1239.2,1241.7,1239.7,1239.9,2.5,0.2000000000000454,-0.4679802955665024,-0.6671846671846672,-0.5323901712583767,-0.6676423629590208,-0.0769230769230769,-0.2608695652173913,80,99336.0,99176.0,-160.0,82.605619872,165.211239744,-325.211239744,-5.211239744000011,250000.0,100000.0,2,zerodha_equity_intraday_nse_order_formula_v2_2026_07_14,zerodha_2x_all_in_cost_proxy,0,NIFTYBEES,300,274.54,274.54,274.67,0.0,4.735193414437955
P341_2026-07-10_DRREDDY_106692956,P335_P334_LANE_D_HORIZON_AND_EXIT_MARGIN_SQ0p750_SPQ1p000_DSQ0p500_TOP2_H900_long_only_taker_entry_taker_exit_CAP250000_NOT100000_CONC2_zerodha_2x_all_in_cost_proxy,DRREDDY,10-Jul-2026 08:51:29,pre_open_or_overnight,2026-07-10,market_open_same_day,Analysts/Institutional Investor Meet/Con. Call Updates,filled,900,1783655100000,1783655104834,1783656004913,4834,900079,0,1240.45,1239.8000000000002,-5.240033858679218,1239.2,1241.7,1239.7,1239.9,2.5,0.2000000000000454,-0.4679802955665024,-0.6671846671846672,-0.5323901712583767,-0.6676423629590208,-0.0769230769230769,-0.2608695652173913,80,99336.0,99176.0,-160.0,82.605619872,165.211239744,-325.211239744,-5.211239744000011,250000.0,100000.0,2,zerodha_equity_intraday_nse_order_formula_v2_2026_07_14,zerodha_2x_all_in_cost_proxy,0,NIFTYBEES,900,274.54,274.54,274.67,0.0,4.735193414437955
P341_2026-07-10_DRREDDY_106692956,P335_P334_LANE_D_HORIZON_AND_EXIT_MARGIN_SQ0p750_SPQ1p000_DSQ0p500_TOP2_H900_long_only_taker_entry_taker_exit_CAP250000_NOT100000_CONC2_zerodha_2x_all_in_cost_proxy,DRREDDY,10-Jul-2026 08:51:29,pre_open_or_overnight,2026-07-10,market_open_same_day,Analysts/Institutional Investor Meet/Con. Call Updates,filled,900,1783655100000,1783655104834,1783656004913,4834,900079,0,1240.45,1239.8000000000002,-5.240033858679218,1239.2,1241.7,1239.7,1239.9,2.5,0.2000000000000454,-0.4679802955665024,-0.6671846671846672,-0.5323901712583767,-0.6676423629590208,-0.0769230769230769,-0.2608695652173913,80,99336.0,99176.0,-160.0,82.605619872,165.211239744,-325.211239744,-5.211239744000011,250000.0,100000.0,2,zerodha_equity_intraday_nse_order_formula_v2_2026_07_14,zerodha_2x_all_in_cost_proxy,0,BANKBEES,300,596.135,596.135,598.105,0.0,33.046205976834386
P341_2026-07-10_DRREDDY_106692956,P335_P334_LANE_D_HORIZON_AND_EXIT_MARGIN_SQ0p750_SPQ1p000_DSQ0p500_TOP2_H900_long_only_taker_entry_taker_exit_CAP250000_NOT100000_CONC2_zerodha_2x_all_in_cost_proxy,DRREDDY,10-Jul-2026 08:51:29,pre_open_or_overnight,2026-07-10,market_open_same_day,Analysts/Institutional Investor Meet/Con. Call Updates,filled,900,1783655100000,1783655104834,1783656004913,4834,900079,0,1240.45,1239.8000000000002,-5.240033858679218,1239.2,1241.7,1239.7,1239.9,2.5,0.2000000000000454,-0.4679802955665024,-0.6671846671846672,-0.5323901712583767,-0.6676423629590208,-0.0769230769230769,-0.2608695652173913,80,99336.0,99176.0,-160.0,82.605619872,165.211239744,-325.211239744,-5.211239744000011,250000.0,100000.0,2,zerodha_equity_intraday_nse_order_formula_v2_2026_07_14,zerodha_2x_all_in_cost_proxy,0,BANKBEES,900,596.135,596.135,598.105,0.0,33.046205976834386
P341_2026-07-10_HCLTECH_106692256,P335_P334_LANE_D_HORIZON_AND_EXIT_MARGIN_SQ0p750_SPQ1p000_DSQ0p500_TOP2_H900_long_only_taker_entry_taker_exit_CAP250000_NOT100000_CONC2_zerodha_2x_all_in_cost_proxy,HCLTECH,09-Jul-2026 17:02:22,post_close,2026-07-10,market_open_next_available_real_l2_day,Updates,filled,900,1783655100000,1783655104833,1783656005663,4833,900830,0,1182.5,1175.65,-57.9281183932339,1181.4,1183.6,1175.5,1175.8,2.199999999999818,0.2999999999999545,0.4818401937046004,0.4046822742474916,0.4723618090452261,0.4392803598200899,-0.0769230769230769,-0.1578947368421052,84,99422.4,98742.0,-680.3999999999942,82.5952095464,165.1904190928,-845.5904190927941,515.2095809071942,250000.0,100000.0,2,zerodha_equity_intraday_nse_order_formula_v2_2026_07_14,zerodha_2x_all_in_cost_proxy,0,NIFTYBEES,300,274.54,274.54,274.67,0.0,4.735193414437955
P341_2026-07-10_HCLTECH_106692256,P335_P334_LANE_D_HORIZON_AND_EXIT_MARGIN_SQ0p750_SPQ1p000_DSQ0p500_TOP2_H900_long_only_taker_entry_taker_exit_CAP250000_NOT100000_CONC2_zerodha_2x_all_in_cost_proxy,HCLTECH,09-Jul-2026 17:02:22,post_close,2026-07-10,market_open_next_available_real_l2_day,Updates,filled,900,1783655100000,1783655104833,1783656005663,4833,900830,0,1182.5,1175.65,-57.9281183932339,1181.4,1183.6,1175.5,1175.8,2.199999999999818,0.2999999999999545,0.4818401937046004,0.4046822742474916,0.4723618090452261,0.4392803598200899,-0.0769230769230769,-0.1578947368421052,84,99422.4,98742.0,-680.3999999999942,82.5952095464,165.1904190928,-845.5904190927941,515.2095809071942,250000.0,100000.0,2,zerodha_equity_intraday_nse_order_formula_v2_2026_07_14,zerodha_2x_all_in_cost_proxy,0,NIFTYBEES,900,274.54,274.54,274.67,0.0,4.735193414437955
P341_2026-07-10_HCLTECH_106692256,P335_P334_LANE_D_HORIZON_AND_EXIT_MARGIN_SQ0p750_SPQ1p000_DSQ0p500_TOP2_H900_long_only_taker_entry_taker_exit_CAP250000_NOT100000_CONC2_zerodha_2x_all_in_cost_proxy,HCLTECH,09-Jul-2026 17:02:22,post_close,2026-07-10,market_open_next_available_real_l2_day,Updates,filled,900,1783655100000,1783655104833,1783656005663,4833,900830,0,1182.5,1175.65,-57.9281183932339,1181.4,1183.6,1175.5,1175.8,2.199999999999818,0.2999999999999545,0.4818401937046004,0.4046822742474916,0.4723618090452261,0.4392803598200899,-0.0769230769230769,-0.1578947368421052,84,99422.4,98742.0,-680.3999999999942,82.5952095464,165.1904190928,-845.5904190927941,515.2095809071942,250000.0,100000.0,2,zerodha_equity_intraday_nse_order_formula_v2_2026_07_14,zerodha_2x_all_in_cost_proxy,0,BANKBEES,300,596.135,596.135,598.105,0.0,33.046205976834386
P341_2026-07-10_HCLTECH_106692256,P335_P334_LANE_D_HORIZON_AND_EXIT_MARGIN_SQ0p750_SPQ1p000_DSQ0p500_TOP2_H900_long_only_taker_entry_taker_exit_CAP250000_NOT100000_CONC2_zerodha_2x_all_in_cost_proxy,HCLTECH,09-Jul-2026 17:02:22,post_close,2026-07-10,market_open_next_available_real_l2_day,Updates,filled,900,1783655100000,1783655104833,1783656005663,4833,900830,0,1182.5,1175.65,-57.9281183932339,1181.4,1183.6,1175.5,1175.8,2.199999999999818,0.2999999999999545,0.4818401937046004,0.4046822742474916,0.4723618090452261,0.4392803598200899,-0.0769230769230769,-0.1578947368421052,84,99422.4,98742.0,-680.3999999999942,82.5952095464,165.1904190928,-845.5904190927941,515.2095809071942,250000.0,100000.0,2,zerodha_equity_intraday_nse_order_formula_v2_2026_07_14,zerodha_2x_all_in_cost_proxy,0,BANKBEES,900,596.135,596.135,598.105,0.0,33.046205976834386
P341_2026-07-10_HDFCBANK_106692277,P335_P334_LANE_D_HORIZON_AND_EXIT_MARGIN_SQ0p750_SPQ1p000_DSQ0p500_TOP2_H900_long_only_taker_entry_taker_exit_CAP250000_NOT100000_CONC2_zerodha_2x_all_in_cost_proxy,HDFCBANK,09-Jul-2026 17:09:34,post_close,2026-07-10,market_open_next_available_real_l2_day,Analysts/Institutional Investor Meet/Con. Call Updates,filled,900,1783655100000,1783655104834,1783656004913,4834,900079,0,824.5,823.875,-7.580351728320195,824.05,824.95,823.85,823.9,0.900000000000091,0.0499999999999545,0.5092165898617511,-0.3639300730250055,0.4010614101592115,-0.4103965251506235,0.0666666666666666,0.1025641025641025,121,99818.95,99685.85,-133.10000000000582,82.65724504880001,165.3144900976,-298.41449009760584,-32.214490097594194,250000.0,100000.0,2,zerodha_equity_intraday_nse_order_formula_v2_2026_07_14,zerodha_2x_all_in_cost_proxy,0,NIFTYBEES,300,274.54,274.54,274.67,0.0,4.735193414437955
P341_2026-07-10_HDFCBANK_106692277,P335_P334_LANE_D_HORIZON_AND_EXIT_MARGIN_SQ0p750_SPQ1p000_DSQ0p500_TOP2_H900_long_only_taker_entry_taker_exit_CAP250000_NOT100000_CONC2_zerodha_2x_all_in_cost_proxy,HDFCBANK,09-Jul-2026 17:09:34,post_close,2026-07-10,market_open_next_available_real_l2_day,Analysts/Institutional Investor Meet/Con. Call Updates,filled,900,1783655100000,1783655104834,1783656004913,4834,900079,0,824.5,823.875,-7.580351728320195,824.05,824.95,823.85,823.9,0.900000000000091,0.0499999999999545,0.5092165898617511,-0.3639300730250055,0.4010614101592115,-0.4103965251506235,0.0666666666666666,0.1025641025641025,121,99818.95,99685.85,-133.10000000000582,82.65724504880001,165.3144900976,-298.41449009760584,-32.214490097594194,250000.0,100000.0,2,zerodha_equity_intraday_nse_order_formula_v2_2026_07_14,zerodha_2x_all_in_cost_proxy,0,NIFTYBEES,900,274.54,274.54,274.67,0.0,4.735193414437955
P341_2026-07-10_HDFCBANK_106692277,P335_P334_LANE_D_HORIZON_AND_EXIT_MARGIN_SQ0p750_SPQ1p000_DSQ0p500_TOP2_H900_long_only_taker_entry_taker_exit_CAP250000_NOT100000_CONC2_zerodha_2x_all_in_cost_proxy,HDFCBANK,09-Jul-2026 17:09:34,post_close,2026-07-10,market_open_next_available_real_l2_day,Analysts/Institutional Investor Meet/Con. Call Updates,filled,900,1783655100000,1783655104834,1783656004913,4834,900079,0,824.5,823.875,-7.580351728320195,824.05,824.95,823.85,823.9,0.900000000000091,0.0499999999999545,0.5092165898617511,-0.3639300730250055,0.4010614101592115,-0.4103965251506235,0.0666666666666666,0.1025641025641025,121,99818.95,99685.85,-133.10000000000582,82.65724504880001,165.3144900976,-298.41449009760584,-32.214490097594194,250000.0,100000.0,2,zerodha_equity_intraday_nse_order_formula_v2_2026_07_14,zerodha_2x_all_in_cost_proxy,0,BANKBEES,300,596.135,596.135,598.105,0.0,33.046205976834386
P341_2026-07-10_HDFCBANK_106692277,P335_P334_LANE_D_HORIZON_AND_EXIT_MARGIN_SQ0p750_SPQ1p000_DSQ0p500_TOP2_H900_long_only_taker_entry_taker_exit_CAP250000_NOT100000_CONC2_zerodha_2x_all_in_cost_proxy,HDFCBANK,09-Jul-2026 17:09:34,post_close,2026-07-10,market_open_next_available_real_l2_day,Analysts/Institutional Investor Meet/Con. Call Updates,filled,900,1783655100000,1783655104834,1783656004913,4834,900079,0,824.5,823.875,-7.580351728320195,824.05,824.95,823.85,823.9,0.900000000000091,0.0499999999999545,0.5092165898617511,-0.3639300730250055,0.4010614101592115,-0.4103965251506235,0.0666666666666666,0.1025641025641025,121,99818.95,99685.85,-133.10000000000582,82.65724504880001,165.3144900976,-298.41449009760584,-32.214490097594194,250000.0,100000.0,2,zerodha_equity_intraday_nse_order_formula_v2_2026_07_14,zerodha_2x_all_in_cost_proxy,0,BANKBEES,900,596.135,596.135,598.105,0.0,33.046205976834386
P341_2026-07-10_ICICIBANK_106693061,P335_P334_LANE_D_HORIZON_AND_EXIT_MARGIN_SQ0p750_SPQ1p000_DSQ0p500_TOP2_H900_long_only_taker_entry_taker_exit_CAP250000_NOT100000_CONC2_zerodha_2x_all_in_cost_proxy,ICICIBANK,10-Jul-2026 10:32:30,regular_session,2026-07-10,first_real_tick_after_announcement,ESOP/ESOS/ESPS,filled,900,1783659750000,1783659754919,1783660658379,4919,903460,0,1401.55,1402.65,7.848453497913999,1401.5,1401.6,1402.6,1402.7,0.099999999999909,0.1000000000001364,-0.517662877398851,-0.3809663250366032,-0.4178112538768276,-0.0965842167255594,-0.3421052631578947,-0.3725490196078431,71,99513.6,99584.6,71.0,82.6328752692,165.2657505384,-94.2657505384,-236.2657505384,250000.0,100000.0,2,zerodha_equity_intraday_nse_order_formula_v2_2026_07_14,zerodha_2x_all_in_cost_proxy,1,NIFTYBEES,300,275.025,275.20000000000005,275.08000000000004,-6.359011627909972,1.9998181983482688
P341_2026-07-10_ICICIBANK_106693061,P335_P334_LANE_D_HORIZON_AND_EXIT_MARGIN_SQ0p750_SPQ1p000_DSQ0p500_TOP2_H900_long_only_taker_entry_taker_exit_CAP250000_NOT100000_CONC2_zerodha_2x_all_in_cost_proxy,ICICIBANK,10-Jul-2026 10:32:30,regular_session,2026-07-10,first_real_tick_after_announcement,ESOP/ESOS/ESPS,filled,900,1783659750000,1783659754919,1783660658379,4919,903460,0,1401.55,1402.65,7.848453497913999,1401.5,1401.6,1402.6,1402.7,0.099999999999909,0.1000000000001364,-0.517662877398851,-0.3809663250366032,-0.4178112538768276,-0.0965842167255594,-0.3421052631578947,-0.3725490196078431,71,99513.6,99584.6,71.0,82.6328752692,165.2657505384,-94.2657505384,-236.2657505384,250000.0,100000.0,2,zerodha_equity_intraday_nse_order_formula_v2_2026_07_14,zerodha_2x_all_in_cost_proxy,1,NIFTYBEES,900,275.025,275.245,275.08000000000004,-7.992879071373471,1.9998181983482688
P341_2026-07-10_ICICIBANK_106693061,P335_P334_LANE_D_HORIZON_AND_EXIT_MARGIN_SQ0p750_SPQ1p000_DSQ0p500_TOP2_H900_long_only_taker_entry_taker_exit_CAP250000_NOT100000_CONC2_zerodha_2x_all_in_cost_proxy,ICICIBANK,10-Jul-2026 10:32:30,regular_session,2026-07-10,first_real_tick_after_announcement,ESOP/ESOS/ESPS,filled,900,1783659750000,1783659754919,1783660658379,4919,903460,0,1401.55,1402.65,7.848453497913999,1401.5,1401.6,1402.6,1402.7,0.099999999999909,0.1000000000001364,-0.517662877398851,-0.3809663250366032,-0.4178112538768276,-0.0965842167255594,-0.3421052631578947,-0.3725490196078431,71,99513.6,99584.6,71.0,82.6328752692,165.2657505384,-94.2657505384,-236.2657505384,250000.0,100000.0,2,zerodha_equity_intraday_nse_order_formula_v2_2026_07_14,zerodha_2x_all_in_cost_proxy,1,BANKBEES,300,598.715,599.27,599.085,-9.261267875915191,6.179901956691047
P341_2026-07-10_ICICIBANK_106693061,P335_P334_LANE_D_HORIZON_AND_EXIT_MARGIN_SQ0p750_SPQ1p000_DSQ0p500_TOP2_H900_long_only_taker_entry_taker_exit_CAP250000_NOT100000_CONC2_zerodha_2x_all_in_cost_proxy,ICICIBANK,10-Jul-2026 10:32:30,regular_session,2026-07-10,first_real_tick_after_announcement,ESOP/ESOS/ESPS,filled,900,1783659750000,1783659754919,1783660658379,4919,903460,0,1401.55,1402.65,7.848453497913999,1401.5,1401.6,1402.6,1402.7,0.099999999999909,0.1000000000001364,-0.517662877398851,-0.3809663250366032,-0.4178112538768276,-0.0965842167255594,-0.3421052631578947,-0.3725490196078431,71,99513.6,99584.6,71.0,82.6328752692,165.2657505384,-94.2657505384,-236.2657505384,250000.0,100000.0,2,zerodha_equity_intraday_nse_order_formula_v2_2026_07_14,zerodha_2x_all_in_cost_proxy,1,BANKBEES,900,598.715,598.8299999999999,599.085,-1.9204114690296592,6.179901956691047
P341_2026-07-10_KOTAKBANK_106692598,P335_P334_LANE_D_HORIZON_AND_EXIT_MARGIN_SQ0p750_SPQ1p000_DSQ0p500_TOP2_H900_long_only_taker_entry_taker_exit_CAP250000_NOT100000_CONC2_zerodha_2x_all_in_cost_proxy,KOTAKBANK,09-Jul-2026 19:37:41,post_close,2026-07-10,market_open_next_available_real_l2_day,General Updates,filled,900,1783655100000,1783655100663,1783656000663,663,900000,0,377.875,380.15,60.20509427720747,377.75,378.0,380.1,380.2,0.25,0.0999999999999659,-0.5037364130434783,-0.0547838504478774,-0.50625,-0.0710302708443972,-0.1666666666666666,-0.1212121212121212,264,99792.0,100346.4,554.4000000000087,82.6801369904,165.3602739808,389.03972601920873,-719.7602739808087,250000.0,100000.0,2,zerodha_equity_intraday_nse_order_formula_v2_2026_07_14,zerodha_2x_all_in_cost_proxy,1,NIFTYBEES,300,274.54,274.54,274.67,0.0,4.735193414437955
P341_2026-07-10_KOTAKBANK_106692598,P335_P334_LANE_D_HORIZON_AND_EXIT_MARGIN_SQ0p750_SPQ1p000_DSQ0p500_TOP2_H900_long_only_taker_entry_taker_exit_CAP250000_NOT100000_CONC2_zerodha_2x_all_in_cost_proxy,KOTAKBANK,09-Jul-2026 19:37:41,post_close,2026-07-10,market_open_next_available_real_l2_day,General Updates,filled,900,1783655100000,1783655100663,1783656000663,663,900000,0,377.875,380.15,60.20509427720747,377.75,378.0,380.1,380.2,0.25,0.0999999999999659,-0.5037364130434783,-0.0547838504478774,-0.50625,-0.0710302708443972,-0.1666666666666666,-0.1212121212121212,264,99792.0,100346.4,554.4000000000087,82.6801369904,165.3602739808,389.03972601920873,-719.7602739808087,250000.0,100000.0,2,zerodha_equity_intraday_nse_order_formula_v2_2026_07_14,zerodha_2x_all_in_cost_proxy,1,NIFTYBEES,900,274.54,274.54,274.67,0.0,4.735193414437955
P341_2026-07-10_KOTAKBANK_106692598,P335_P334_LANE_D_HORIZON_AND_EXIT_MARGIN_SQ0p750_SPQ1p000_DSQ0p500_TOP2_H900_long_only_taker_entry_taker_exit_CAP250000_NOT100000_CONC2_zerodha_2x_all_in_cost_proxy,KOTAKBANK,09-Jul-2026 19:37:41,post_close,2026-07-10,market_open_next_available_real_l2_day,General Updates,filled,900,1783655100000,1783655100663,1783656000663,663,900000,0,377.875,380.15,60.20509427720747,377.75,378.0,380.1,380.2,0.25,0.0999999999999659,-0.5037364130434783,-0.0547838504478774,-0.50625,-0.0710302708443972,-0.1666666666666666,-0.1212121212121212,264,99792.0,100346.4,554.4000000000087,82.6801369904,165.3602739808,389.03972601920873,-719.7602739808087,250000.0,100000.0,2,zerodha_equity_intraday_nse_order_formula_v2_2026_07_14,zerodha_2x_all_in_cost_proxy,1,BANKBEES,300,596.135,596.135,598.005,0.0,31.36873359222303
P341_2026-07-10_KOTAKBANK_106692598,P335_P334_LANE_D_HORIZON_AND_EXIT_MARGIN_SQ0p750_SPQ1p000_DSQ0p500_TOP2_H900_long_only_taker_entry_taker_exit_CAP250000_NOT100000_CONC2_zerodha_2x_all_in_cost_proxy,KOTAKBANK,09-Jul-2026 19:37:41,post_close,2026-07-10,market_open_next_available_real_l2_day,General Updates,filled,900,1783655100000,1783655100663,1783656000663,663,900000,0,377.875,380.15,60.20509427720747,377.75,378.0,380.1,380.2,0.25,0.0999999999999659,-0.5037364130434783,-0.0547838504478774,-0.50625,-0.0710302708443972,-0.1666666666666666,-0.1212121212121212,264,99792.0,100346.4,554.4000000000087,82.6801369904,165.3602739808,389.03972601920873,-719.7602739808087,250000.0,100000.0,2,zerodha_equity_intraday_nse_order_formula_v2_2026_07_14,zerodha_2x_all_in_cost_proxy,1,BANKBEES,900,596.135,596.135,598.005,0.0,31.36873359222303
P341_2026-07-10_KOTAKBANK_106692658,P335_P334_LANE_D_HORIZON_AND_EXIT_MARGIN_SQ0p750_SPQ1p000_DSQ0p500_TOP2_H900_long_only_taker_entry_taker_exit_CAP250000_NOT100000_CONC2_zerodha_2x_all_in_cost_proxy,KOTAKBANK,09-Jul-2026 20:20:33,post_close,2026-07-10,market_open_next_available_real_l2_day,General Updates,filled,900,1783655100000,1783655100663,1783656000663,663,900000,0,377.875,380.15,60.20509427720747,377.75,378.0,380.1,380.2,0.25,0.0999999999999659,-0.5037364130434783,-0.0547838504478774,-0.50625,-0.0710302708443972,-0.1666666666666666,-0.1212121212121212,264,99792.0,100346.4,554.4000000000087,82.6801369904,165.3602739808,389.03972601920873,-719.7602739808087,250000.0,100000.0,2,zerodha_equity_intraday_nse_order_formula_v2_2026_07_14,zerodha_2x_all_in_cost_proxy,1,NIFTYBEES,300,274.54,274.54,274.67,0.0,4.735193414437955
P341_2026-07-10_KOTAKBANK_106692658,P335_P334_LANE_D_HORIZON_AND_EXIT_MARGIN_SQ0p750_SPQ1p000_DSQ0p500_TOP2_H900_long_only_taker_entry_taker_exit_CAP250000_NOT100000_CONC2_zerodha_2x_all_in_cost_proxy,KOTAKBANK,09-Jul-2026 20:20:33,post_close,2026-07-10,market_open_next_available_real_l2_day,General Updates,filled,900,1783655100000,1783655100663,1783656000663,663,900000,0,377.875,380.15,60.20509427720747,377.75,378.0,380.1,380.2,0.25,0.0999999999999659,-0.5037364130434783,-0.0547838504478774,-0.50625,-0.0710302708443972,-0.1666666666666666,-0.1212121212121212,264,99792.0,100346.4,554.4000000000087,82.6801369904,165.3602739808,389.03972601920873,-719.7602739808087,250000.0,100000.0,2,zerodha_equity_intraday_nse_order_formula_v2_2026_07_14,zerodha_2x_all_in_cost_proxy,1,NIFTYBEES,900,274.54,274.54,274.67,0.0,4.735193414437955
P341_2026-07-10_KOTAKBANK_106692658,P335_P334_LANE_D_HORIZON_AND_EXIT_MARGIN_SQ0p750_SPQ1p000_DSQ0p500_TOP2_H900_long_only_taker_entry_taker_exit_CAP250000_NOT100000_CONC2_zerodha_2x_all_in_cost_proxy,KOTAKBANK,09-Jul-2026 20:20:33,post_close,2026-07-10,market_open_next_available_real_l2_day,General Updates,filled,900,1783655100000,1783655100663,1783656000663,663,900000,0,377.875,380.15,60.20509427720747,377.75,378.0,380.1,380.2,0.25,0.0999999999999659,-0.5037364130434783,-0.0547838504478774,-0.50625,-0.0710302708443972,-0.1666666666666666,-0.1212121212121212,264,99792.0,100346.4,554.4000000000087,82.6801369904,165.3602739808,389.03972601920873,-719.7602739808087,250000.0,100000.0,2,zerodha_equity_intraday_nse_order_formula_v2_2026_07_14,zerodha_2x_all_in_cost_proxy,1,BANKBEES,300,596.135,596.135,598.005,0.0,31.36873359222303
P341_2026-07-10_KOTAKBANK_106692658,P335_P334_LANE_D_HORIZON_AND_EXIT_MARGIN_SQ0p750_SPQ1p000_DSQ0p500_TOP2_H900_long_only_taker_entry_taker_exit_CAP250000_NOT100000_CONC2_zerodha_2x_all_in_cost_proxy,KOTAKBANK,09-Jul-2026 20:20:33,post_close,2026-07-10,market_open_next_available_real_l2_day,General Updates,filled,900,1783655100000,1783655100663,1783656000663,663,900000,0,377.875,380.15,60.20509427720747,377.75,378.0,380.1,380.2,0.25,0.0999999999999659,-0.5037364130434783,-0.0547838504478774,-0.50625,-0.0710302708443972,-0.1666666666666666,-0.1212121212121212,264,99792.0,100346.4,554.4000000000087,82.6801369904,165.3602739808,389.03972601920873,-719.7602739808087,250000.0,100000.0,2,zerodha_equity_intraday_nse_order_formula_v2_2026_07_14,zerodha_2x_all_in_cost_proxy,1,BANKBEES,900,596.135,596.135,598.005,0.0,31.36873359222303
P341_2026-07-10_M&M_106692090,P335_P334_LANE_D_HORIZON_AND_EXIT_MARGIN_SQ0p750_SPQ1p000_DSQ0p500_TOP2_H900_long_only_taker_entry_taker_exit_CAP250000_NOT100000_CONC2_zerodha_2x_all_in_cost_proxy,M&M,09-Jul-2026 16:05:27,post_close,2026-07-10,market_open_next_available_real_l2_day,General Updates,filled,900,1783655100000,1783655104833,1783656007413,4833,902580,0,3116.3,3114.1,-7.059654076951104,3116.1,3116.5,3114.0,3114.2,0.4000000000000909,0.1999999999998181,0.0483870967741935,-0.2727272727272727,0.3118279569892473,-0.3681462140992167,-0.0909090909090909,-0.1034482758620689,32,99728.0,99648.0,-80.0,82.649698656,165.299397312,-245.299397312,-85.299397312,250000.0,100000.0,2,zerodha_equity_intraday_nse_order_formula_v2_2026_07_14,zerodha_2x_all_in_cost_proxy,0,NIFTYBEES,300,274.54,274.54,274.67,0.0,4.735193414437955
P341_2026-07-10_M&M_106692090,P335_P334_LANE_D_HORIZON_AND_EXIT_MARGIN_SQ0p750_SPQ1p000_DSQ0p500_TOP2_H900_long_only_taker_entry_taker_exit_CAP250000_NOT100000_CONC2_zerodha_2x_all_in_cost_proxy,M&M,09-Jul-2026 16:05:27,post_close,2026-07-10,market_open_next_available_real_l2_day,General Updates,filled,900,1783655100000,1783655104833,1783656007413,4833,902580,0,3116.3,3114.1,-7.059654076951104,3116.1,3116.5,3114.0,3114.2,0.4000000000000909,0.1999999999998181,0.0483870967741935,-0.2727272727272727,0.3118279569892473,-0.3681462140992167,-0.0909090909090909,-0.1034482758620689,32,99728.0,99648.0,-80.0,82.649698656,165.299397312,-245.299397312,-85.299397312,250000.0,100000.0,2,zerodha_equity_intraday_nse_order_formula_v2_2026_07_14,zerodha_2x_all_in_cost_proxy,0,NIFTYBEES,900,274.54,274.54,274.67,0.0,4.735193414437955
P341_2026-07-10_M&M_106692090,P335_P334_LANE_D_HORIZON_AND_EXIT_MARGIN_SQ0p750_SPQ1p000_DSQ0p500_TOP2_H900_long_only_taker_entry_taker_exit_CAP250000_NOT100000_CONC2_zerodha_2x_all_in_cost_proxy,M&M,09-Jul-2026 16:05:27,post_close,2026-07-10,market_open_next_available_real_l2_day,General Updates,filled,900,1783655100000,1783655104833,1783656007413,4833,902580,0,3116.3,3114.1,-7.059654076951104,3116.1,3116.5,3114.0,3114.2,0.4000000000000909,0.1999999999998181,0.0483870967741935,-0.2727272727272727,0.3118279569892473,-0.3681462140992167,-0.0909090909090909,-0.1034482758620689,32,99728.0,99648.0,-80.0,82.649698656,165.299397312,-245.299397312,-85.299397312,250000.0,100000.0,2,zerodha_equity_intraday_nse_order_formula_v2_2026_07_14,zerodha_2x_all_in_cost_proxy,0,BANKBEES,300,596.135,596.135,598.105,0.0,33.046205976834386
P341_2026-07-10_M&M_106692090,P335_P334_LANE_D_HORIZON_AND_EXIT_MARGIN_SQ0p750_SPQ1p000_DSQ0p500_TOP2_H900_long_only_taker_entry_taker_exit_CAP250000_NOT100000_CONC2_zerodha_2x_all_in_cost_proxy,M&M,09-Jul-2026 16:05:27,post_close,2026-07-10,market_open_next_available_real_l2_day,General Updates,filled,900,1783655100000,1783655104833,1783656007413,4833,902580,0,3116.3,3114.1,-7.059654076951104,3116.1,3116.5,3114.0,3114.2,0.4000000000000909,0.1999999999998181,0.0483870967741935,-0.2727272727272727,0.3118279569892473,-0.3681462140992167,-0.0909090909090909,-0.1034482758620689,32,99728.0,99648.0,-80.0,82.649698656,165.299397312,-245.299397312,-85.299397312,250000.0,100000.0,2,zerodha_equity_intraday_nse_order_formula_v2_2026_07_14,zerodha_2x_all_in_cost_proxy,0,BANKBEES,900,596.135,596.135,598.105,0.0,33.046205976834386
P341_2026-07-10_M&M_106693381,P335_P334_LANE_D_HORIZON_AND_EXIT_MARGIN_SQ0p750_SPQ1p000_DSQ0p500_TOP2_H900_long_only_taker_entry_taker_exit_CAP250000_NOT100000_CONC2_zerodha_2x_all_in_cost_proxy,M&M,10-Jul-2026 13:21:18,regular_session,2026-07-10,first_real_tick_after_announcement,Analysts/Institutional Investor Meet/Con. Call Updates,filled,900,1783669878000,1783669878594,1783670782614,594,904020,0,3120.95,3126.95,19.22491549047566,3120.9,3121.0,3126.9,3127.0,0.099999999999909,0.099999999999909,-0.837160751565762,-0.7309868007542426,-0.8035714285714286,-0.3478939157566302,-0.4,-0.4193548387096774,32,99872.0,100060.8,188.8000000000029,82.6748463168,165.3496926336,23.45030736640291,-354.1496926336029,250000.0,100000.0,2,zerodha_equity_intraday_nse_order_formula_v2_2026_07_14,zerodha_2x_all_in_cost_proxy,1,NIFTYBEES,300,274.79499999999996,274.93,274.975,-4.910340814027192,6.55033752433809
P341_2026-07-10_M&M_106693381,P335_P334_LANE_D_HORIZON_AND_EXIT_MARGIN_SQ0p750_SPQ1p000_DSQ0p500_TOP2_H900_long_only_taker_entry_taker_exit_CAP250000_NOT100000_CONC2_zerodha_2x_all_in_cost_proxy,M&M,10-Jul-2026 13:21:18,regular_session,2026-07-10,first_real_tick_after_announcement,Analysts/Institutional Investor Meet/Con. Call Updates,filled,900,1783669878000,1783669878594,1783670782614,594,904020,0,3120.95,3126.95,19.22491549047566,3120.9,3121.0,3126.9,3127.0,0.099999999999909,0.099999999999909,-0.837160751565762,-0.7309868007542426,-0.8035714285714286,-0.3478939157566302,-0.4,-0.4193548387096774,32,99872.0,100060.8,188.8000000000029,82.6748463168,165.3496926336,23.45030736640291,-354.1496926336029,250000.0,100000.0,2,zerodha_equity_intraday_nse_order_formula_v2_2026_07_14,zerodha_2x_all_in_cost_proxy,1,NIFTYBEES,900,274.79499999999996,275.0,274.975,-7.454545454547157,6.55033752433809
P341_2026-07-10_M&M_106693381,P335_P334_LANE_D_HORIZON_AND_EXIT_MARGIN_SQ0p750_SPQ1p000_DSQ0p500_TOP2_H900_long_only_taker_entry_taker_exit_CAP250000_NOT100000_CONC2_zerodha_2x_all_in_cost_proxy,M&M,10-Jul-2026 13:21:18,regular_session,2026-07-10,first_real_tick_after_announcement,Analysts/Institutional Investor Meet/Con. Call Updates,filled,900,1783669878000,1783669878594,1783670782614,594,904020,0,3120.95,3126.95,19.22491549047566,3120.9,3121.0,3126.9,3127.0,0.099999999999909,0.099999999999909,-0.837160751565762,-0.7309868007542426,-0.8035714285714286,-0.3478939157566302,-0.4,-0.4193548387096774,32,99872.0,100060.8,188.8000000000029,82.6748463168,165.3496926336,23.45030736640291,-354.1496926336029,250000.0,100000.0,2,zerodha_equity_intraday_nse_order_formula_v2_2026_07_14,zerodha_2x_all_in_cost_proxy,1,BANKBEES,300,599.8199999999999,600.335,599.935,-8.57854364646582,1.9172418392177093
P341_2026-07-10_M&M_106693381,P335_P334_LANE_D_HORIZON_AND_EXIT_MARGIN_SQ0p750_SPQ1p000_DSQ0p500_TOP2_H900_long_only_taker_entry_taker_exit_CAP250000_NOT100000_CONC2_zerodha_2x_all_in_cost_proxy,M&M,10-Jul-2026 13:21:18,regular_session,2026-07-10,first_real_tick_after_announcement,Analysts/Institutional Investor Meet/Con. Call Updates,filled,900,1783669878000,1783669878594,1783670782614,594,904020,0,3120.95,3126.95,19.22491549047566,3120.9,3121.0,3126.9,3127.0,0.099999999999909,0.099999999999909,-0.837160751565762,-0.7309868007542426,-0.8035714285714286,-0.3478939157566302,-0.4,-0.4193548387096774,32,99872.0,100060.8,188.8000000000029,82.6748463168,165.3496926336,23.45030736640291,-354.1496926336029,250000.0,100000.0,2,zerodha_equity_intraday_nse_order_formula_v2_2026_07_14,zerodha_2x_all_in_cost_proxy,1,BANKBEES,900,599.8199999999999,600.88,599.935,-17.640793502863296,1.9172418392177093
P341_2026-07-10_ONGC_106692689,P335_P334_LANE_D_HORIZON_AND_EXIT_MARGIN_SQ0p750_SPQ1p000_DSQ0p500_TOP2_H900_long_only_taker_entry_taker_exit_CAP250000_NOT100000_CONC2_zerodha_2x_all_in_cost_proxy,ONGC,09-Jul-2026 21:22:07,post_close,2026-07-10,market_open_next_available_real_l2_day,Outcome of Board Meeting,filled,900,1783655100000,1783655104833,1783656005663,4833,900830,0,243.845,244.485,26.24618097562037,243.69,244.0,244.45,244.52,0.3100000000000023,0.0700000000000216,-0.2455540355677154,-0.6671511627906976,-0.1663294212869283,-0.7396351575456053,0.2222222222222222,-0.0285714285714285,409,99796.0,99980.05,184.0499999999884,82.66670292629999,165.33340585259998,18.716594147388378,-349.38340585258834,250000.0,100000.0,2,zerodha_equity_intraday_nse_order_formula_v2_2026_07_14,zerodha_2x_all_in_cost_proxy,0,NIFTYBEES,300,274.54,274.54,274.67,0.0,4.735193414437955
P341_2026-07-10_ONGC_106692689,P335_P334_LANE_D_HORIZON_AND_EXIT_MARGIN_SQ0p750_SPQ1p000_DSQ0p500_TOP2_H900_long_only_taker_entry_taker_exit_CAP250000_NOT100000_CONC2_zerodha_2x_all_in_cost_proxy,ONGC,09-Jul-2026 21:22:07,post_close,2026-07-10,market_open_next_available_real_l2_day,Outcome of Board Meeting,filled,900,1783655100000,1783655104833,1783656005663,4833,900830,0,243.845,244.485,26.24618097562037,243.69,244.0,244.45,244.52,0.3100000000000023,0.0700000000000216,-0.2455540355677154,-0.6671511627906976,-0.1663294212869283,-0.7396351575456053,0.2222222222222222,-0.0285714285714285,409,99796.0,99980.05,184.0499999999884,82.66670292629999,165.33340585259998,18.716594147388378,-349.38340585258834,250000.0,100000.0,2,zerodha_equity_intraday_nse_order_formula_v2_2026_07_14,zerodha_2x_all_in_cost_proxy,0,NIFTYBEES,900,274.54,274.54,274.67,0.0,4.735193414437955
P341_2026-07-10_ONGC_106692689,P335_P334_LANE_D_HORIZON_AND_EXIT_MARGIN_SQ0p750_SPQ1p000_DSQ0p500_TOP2_H900_long_only_taker_entry_taker_exit_CAP250000_NOT100000_CONC2_zerodha_2x_all_in_cost_proxy,ONGC,09-Jul-2026 21:22:07,post_close,2026-07-10,market_open_next_available_real_l2_day,Outcome of Board Meeting,filled,900,1783655100000,1783655104833,1783656005663,4833,900830,0,243.845,244.485,26.24618097562037,243.69,244.0,244.45,244.52,0.3100000000000023,0.0700000000000216,-0.2455540355677154,-0.6671511627906976,-0.1663294212869283,-0.7396351575456053,0.2222222222222222,-0.0285714285714285,409,99796.0,99980.05,184.0499999999884,82.66670292629999,165.33340585259998,18.716594147388378,-349.38340585258834,250000.0,100000.0,2,zerodha_equity_intraday_nse_order_formula_v2_2026_07_14,zerodha_2x_all_in_cost_proxy,0,BANKBEES,300,596.135,596.135,598.105,0.0,33.046205976834386
P341_2026-07-10_ONGC_106692689,P335_P334_LANE_D_HORIZON_AND_EXIT_MARGIN_SQ0p750_SPQ1p000_DSQ0p500_TOP2_H900_long_only_taker_entry_taker_exit_CAP250000_NOT100000_CONC2_zerodha_2x_all_in_cost_proxy,ONGC,09-Jul-2026 21:22:07,post_close,2026-07-10,market_open_next_available_real_l2_day,Outcome of Board Meeting,filled,900,1783655100000,1783655104833,1783656005663,4833,900830,0,243.845,244.485,26.24618097562037,243.69,244.0,244.45,244.52,0.3100000000000023,0.0700000000000216,-0.2455540355677154,-0.6671511627906976,-0.1663294212869283,-0.7396351575456053,0.2222222222222222,-0.0285714285714285,409,99796.0,99980.05,184.0499999999884,82.66670292629999,165.33340585259998,18.716594147388378,-349.38340585258834,250000.0,100000.0,2,zerodha_equity_intraday_nse_order_formula_v2_2026_07_14,zerodha_2x_all_in_cost_proxy,0,BANKBEES,900,596.135,596.135,598.105,0.0,33.046205976834386
P341_2026-07-10_SBIN_106692841,P335_P334_LANE_D_HORIZON_AND_EXIT_MARGIN_SQ0p750_SPQ1p000_DSQ0p500_TOP2_H900_long_only_taker_entry_taker_exit_CAP250000_NOT100000_CONC2_zerodha_2x_all_in_cost_proxy,SBIN,09-Jul-2026 23:03:55,post_close,2026-07-10,market_open_next_available_real_l2_day,General Updates,filled,900,1783655100000,1783655100663,1783656001663,663,901000,0,1029.35,1029.5,1.4572302909611985,1029.2,1029.5,1029.4,1029.6,0.2999999999999545,0.1999999999998181,0.2020317876454203,0.2106287175496136,0.2216451666945887,0.2053956019043301,0.1428571428571428,0.238095238095238,97,99861.5,99851.8,-9.69999999999709,82.6663206998,165.3326413996,-175.03264139959708,-155.6326413996029,250000.0,100000.0,2,zerodha_equity_intraday_nse_order_formula_v2_2026_07_14,zerodha_2x_all_in_cost_proxy,0,NIFTYBEES,300,274.54,274.54,274.67,0.0,4.735193414437955
P341_2026-07-10_SBIN_106692841,P335_P334_LANE_D_HORIZON_AND_EXIT_MARGIN_SQ0p750_SPQ1p000_DSQ0p500_TOP2_H900_long_only_taker_entry_taker_exit_CAP250000_NOT100000_CONC2_zerodha_2x_all_in_cost_proxy,SBIN,09-Jul-2026 23:03:55,post_close,2026-07-10,market_open_next_available_real_l2_day,General Updates,filled,900,1783655100000,1783655100663,1783656001663,663,901000,0,1029.35,1029.5,1.4572302909611985,1029.2,1029.5,1029.4,1029.6,0.2999999999999545,0.1999999999998181,0.2020317876454203,0.2106287175496136,0.2216451666945887,0.2053956019043301,0.1428571428571428,0.238095238095238,97,99861.5,99851.8,-9.69999999999709,82.6663206998,165.3326413996,-175.03264139959708,-155.6326413996029,250000.0,100000.0,2,zerodha_equity_intraday_nse_order_formula_v2_2026_07_14,zerodha_2x_all_in_cost_proxy,0,NIFTYBEES,900,274.54,274.54,274.67,0.0,4.735193414437955
P341_2026-07-10_SBIN_106692841,P335_P334_LANE_D_HORIZON_AND_EXIT_MARGIN_SQ0p750_SPQ1p000_DSQ0p500_TOP2_H900_long_only_taker_entry_taker_exit_CAP250000_NOT100000_CONC2_zerodha_2x_all_in_cost_proxy,SBIN,09-Jul-2026 23:03:55,post_close,2026-07-10,market_open_next_available_real_l2_day,General Updates,filled,900,1783655100000,1783655100663,1783656001663,663,901000,0,1029.35,1029.5,1.4572302909611985,1029.2,1029.5,1029.4,1029.6,0.2999999999999545,0.1999999999998181,0.2020317876454203,0.2106287175496136,0.2216451666945887,0.2053956019043301,0.1428571428571428,0.238095238095238,97,99861.5,99851.8,-9.69999999999709,82.6663206998,165.3326413996,-175.03264139959708,-155.6326413996029,250000.0,100000.0,2,zerodha_equity_intraday_nse_order_formula_v2_2026_07_14,zerodha_2x_all_in_cost_proxy,0,BANKBEES,300,596.135,596.135,598.005,0.0,31.36873359222303
P341_2026-07-10_SBIN_106692841,P335_P334_LANE_D_HORIZON_AND_EXIT_MARGIN_SQ0p750_SPQ1p000_DSQ0p500_TOP2_H900_long_only_taker_entry_taker_exit_CAP250000_NOT100000_CONC2_zerodha_2x_all_in_cost_proxy,SBIN,09-Jul-2026 23:03:55,post_close,2026-07-10,market_open_next_available_real_l2_day,General Updates,filled,900,1783655100000,1783655100663,1783656001663,663,901000,0,1029.35,1029.5,1.4572302909611985,1029.2,1029.5,1029.4,1029.6,0.2999999999999545,0.1999999999998181,0.2020317876454203,0.2106287175496136,0.2216451666945887,0.2053956019043301,0.1428571428571428,0.238095238095238,97,99861.5,99851.8,-9.69999999999709,82.6663206998,165.3326413996,-175.03264139959708,-155.6326413996029,250000.0,100000.0,2,zerodha_equity_intraday_nse_order_formula_v2_2026_07_14,zerodha_2x_all_in_cost_proxy,0,BANKBEES,900,596.135,596.135,598.005,0.0,31.36873359222303
P341_2026-07-10_TCS_106692052,P335_P334_LANE_D_HORIZON_AND_EXIT_MARGIN_SQ0p750_SPQ1p000_DSQ0p500_TOP2_H900_long_only_taker_entry_taker_exit_CAP250000_NOT100000_CONC2_zerodha_2x_all_in_cost_proxy,TCS,09-Jul-2026 15:52:21,post_close,2026-07-10,market_open_next_available_real_l2_day,Outcome of Board Meeting,filled,900,1783655100000,1783655104834,1783656005663,4834,900829,0,2115.3,2088.8,-125.27773838226254,2113.7,2116.9,2088.5,2089.1,3.200000000000273,0.599999999999909,-0.7599243856332704,0.5300400534045394,-0.8729838709677419,0.5440115440115441,0.2307692307692307,0.52,47,99494.3,98159.5,-1334.800000000003,82.5782670428,165.1565340856,-1499.956534085603,1169.643465914403,250000.0,100000.0,2,zerodha_equity_intraday_nse_order_formula_v2_2026_07_14,zerodha_2x_all_in_cost_proxy,0,NIFTYBEES,300,274.54,274.54,274.67,0.0,4.735193414437955
P341_2026-07-10_TCS_106692052,P335_P334_LANE_D_HORIZON_AND_EXIT_MARGIN_SQ0p750_SPQ1p000_DSQ0p500_TOP2_H900_long_only_taker_entry_taker_exit_CAP250000_NOT100000_CONC2_zerodha_2x_all_in_cost_proxy,TCS,09-Jul-2026 15:52:21,post_close,2026-07-10,market_open_next_available_real_l2_day,Outcome of Board Meeting,filled,900,1783655100000,1783655104834,1783656005663,4834,900829,0,2115.3,2088.8,-125.27773838226254,2113.7,2116.9,2088.5,2089.1,3.200000000000273,0.599999999999909,-0.7599243856332704,0.5300400534045394,-0.8729838709677419,0.5440115440115441,0.2307692307692307,0.52,47,99494.3,98159.5,-1334.800000000003,82.5782670428,165.1565340856,-1499.956534085603,1169.643465914403,250000.0,100000.0,2,zerodha_equity_intraday_nse_order_formula_v2_2026_07_14,zerodha_2x_all_in_cost_proxy,0,NIFTYBEES,900,274.54,274.54,274.67,0.0,4.735193414437955
P341_2026-07-10_TCS_106692052,P335_P334_LANE_D_HORIZON_AND_EXIT_MARGIN_SQ0p750_SPQ1p000_DSQ0p500_TOP2_H900_long_only_taker_entry_taker_exit_CAP250000_NOT100000_CONC2_zerodha_2x_all_in_cost_proxy,TCS,09-Jul-2026 15:52:21,post_close,2026-07-10,market_open_next_available_real_l2_day,Outcome of Board Meeting,filled,900,1783655100000,1783655104834,1783656005663,4834,900829,0,2115.3,2088.8,-125.27773838226254,2113.7,2116.9,2088.5,2089.1,3.200000000000273,0.599999999999909,-0.7599243856332704,0.5300400534045394,-0.8729838709677419,0.5440115440115441,0.2307692307692307,0.52,47,99494.3,98159.5,-1334.800000000003,82.5782670428,165.1565340856,-1499.956534085603,1169.643465914403,250000.0,100000.0,2,zerodha_equity_intraday_nse_order_formula_v2_2026_07_14,zerodha_2x_all_in_cost_proxy,0,BANKBEES,300,596.135,596.135,598.105,0.0,33.046205976834386
P341_2026-07-10_TCS_106692052,P335_P334_LANE_D_HORIZON_AND_EXIT_MARGIN_SQ0p750_SPQ1p000_DSQ0p500_TOP2_H900_long_only_taker_entry_taker_exit_CAP250000_NOT100000_CONC2_zerodha_2x_all_in_cost_proxy,TCS,09-Jul-2026 15:52:21,post_close,2026-07-10,market_open_next_available_real_l2_day,Outcome of Board Meeting,filled,900,1783655100000,1783655104834,1783656005663,4834,900829,0,2115.3,2088.8,-125.27773838226254,2113.7,2116.9,2088.5,2089.1,3.200000000000273,0.599999999999909,-0.7599243856332704,0.5300400534045394,-0.8729838709677419,0.5440115440115441,0.2307692307692307,0.52,47,99494.3,98159.5,-1334.800000000003,82.5782670428,165.1565340856,-1499.956534085603,1169.643465914403,250000.0,100000.0,2,zerodha_equity_intraday_nse_order_formula_v2_2026_07_14,zerodha_2x_all_in_cost_proxy,0,BANKBEES,900,596.135,596.135,598.105,0.0,33.046205976834386
P341_2026-07-10_TCS_106692059,P335_P334_LANE_D_HORIZON_AND_EXIT_MARGIN_SQ0p750_SPQ1p000_DSQ0p500_TOP2_H900_long_only_taker_entry_taker_exit_CAP250000_NOT100000_CONC2_zerodha_2x_all_in_cost_proxy,TCS,09-Jul-2026 15:54:18,post_close,2026-07-10,market_open_next_available_real_l2_day,Dividend,filled,900,1783655100000,1783655104834,1783656005663,4834,900829,0,2115.3,2088.8,-125.27773838226254,2113.7,2116.9,2088.5,2089.1,3.200000000000273,0.599999999999909,-0.7599243856332704,0.5300400534045394,-0.8729838709677419,0.5440115440115441,0.2307692307692307,0.52,47,99494.3,98159.5,-1334.800000000003,82.5782670428,165.1565340856,-1499.956534085603,1169.643465914403,250000.0,100000.0,2,zerodha_equity_intraday_nse_order_formula_v2_2026_07_14,zerodha_2x_all_in_cost_proxy,0,NIFTYBEES,300,274.54,274.54,274.67,0.0,4.735193414437955
P341_2026-07-10_TCS_106692059,P335_P334_LANE_D_HORIZON_AND_EXIT_MARGIN_SQ0p750_SPQ1p000_DSQ0p500_TOP2_H900_long_only_taker_entry_taker_exit_CAP250000_NOT100000_CONC2_zerodha_2x_all_in_cost_proxy,TCS,09-Jul-2026 15:54:18,post_close,2026-07-10,market_open_next_available_real_l2_day,Dividend,filled,900,1783655100000,1783655104834,1783656005663,4834,900829,0,2115.3,2088.8,-125.27773838226254,2113.7,2116.9,2088.5,2089.1,3.200000000000273,0.599999999999909,-0.7599243856332704,0.5300400534045394,-0.8729838709677419,0.5440115440115441,0.2307692307692307,0.52,47,99494.3,98159.5,-1334.800000000003,82.5782670428,165.1565340856,-1499.956534085603,1169.643465914403,250000.0,100000.0,2,zerodha_equity_intraday_nse_order_formula_v2_2026_07_14,zerodha_2x_all_in_cost_proxy,0,NIFTYBEES,900,274.54,274.54,274.67,0.0,4.735193414437955
P341_2026-07-10_TCS_106692059,P335_P334_LANE_D_HORIZON_AND_EXIT_MARGIN_SQ0p750_SPQ1p000_DSQ0p500_TOP2_H900_long_only_taker_entry_taker_exit_CAP250000_NOT100000_CONC2_zerodha_2x_all_in_cost_proxy,TCS,09-Jul-2026 15:54:18,post_close,2026-07-10,market_open_next_available_real_l2_day,Dividend,filled,900,1783655100000,1783655104834,1783656005663,4834,900829,0,2115.3,2088.8,-125.27773838226254,2113.7,2116.9,2088.5,2089.1,3.200000000000273,0.599999999999909,-0.7599243856332704,0.5300400534045394,-0.8729838709677419,0.5440115440115441,0.2307692307692307,0.52,47,99494.3,98159.5,-1334.800000000003,82.5782670428,165.1565340856,-1499.956534085603,1169.643465914403,250000.0,100000.0,2,zerodha_equity_intraday_nse_order_formula_v2_2026_07_14,zerodha_2x_all_in_cost_proxy,0,BANKBEES,300,596.135,596.135,598.105,0.0,33.046205976834386
P341_2026-07-10_TCS_106692059,P335_P334_LANE_D_HORIZON_AND_EXIT_MARGIN_SQ0p750_SPQ1p000_DSQ0p500_TOP2_H900_long_only_taker_entry_taker_exit_CAP250000_NOT100000_CONC2_zerodha_2x_all_in_cost_proxy,TCS,09-Jul-2026 15:54:18,post_close,2026-07-10,market_open_next_available_real_l2_day,Dividend,filled,900,1783655100000,1783655104834,1783656005663,4834,900829,0,2115.3,2088.8,-125.27773838226254,2113.7,2116.9,2088.5,2089.1,3.200000000000273,0.599999999999909,-0.7599243856332704,0.5300400534045394,-0.8729838709677419,0.5440115440115441,0.2307692307692307,0.52,47,99494.3,98159.5,-1334.800000000003,82.5782670428,165.1565340856,-1499.956534085603,1169.643465914403,250000.0,100000.0,2,zerodha_equity_intraday_nse_order_formula_v2_2026_07_14,zerodha_2x_all_in_cost_proxy,0,BANKBEES,900,596.135,596.135,598.105,0.0,33.046205976834386
P341_2026-07-10_TCS_106692063,P335_P334_LANE_D_HORIZON_AND_EXIT_MARGIN_SQ0p750_SPQ1p000_DSQ0p500_TOP2_H900_long_only_taker_entry_taker_exit_CAP250000_NOT100000_CONC2_zerodha_2x_all_in_cost_proxy,TCS,09-Jul-2026 15:56:06,post_close,2026-07-10,market_open_next_available_real_l2_day,Press Release,filled,900,1783655100000,1783655104834,1783656005663,4834,900829,0,2115.3,2088.8,-125.27773838226254,2113.7,2116.9,2088.5,2089.1,3.200000000000273,0.599999999999909,-0.7599243856332704,0.5300400534045394,-0.8729838709677419,0.5440115440115441,0.2307692307692307,0.52,47,99494.3,98159.5,-1334.800000000003,82.5782670428,165.1565340856,-1499.956534085603,1169.643465914403,250000.0,100000.0,2,zerodha_equity_intraday_nse_order_formula_v2_2026_07_14,zerodha_2x_all_in_cost_proxy,0,NIFTYBEES,300,274.54,274.54,274.67,0.0,4.735193414437955
P341_2026-07-10_TCS_106692063,P335_P334_LANE_D_HORIZON_AND_EXIT_MARGIN_SQ0p750_SPQ1p000_DSQ0p500_TOP2_H900_long_only_taker_entry_taker_exit_CAP250000_NOT100000_CONC2_zerodha_2x_all_in_cost_proxy,TCS,09-Jul-2026 15:56:06,post_close,2026-07-10,market_open_next_available_real_l2_day,Press Release,filled,900,1783655100000,1783655104834,1783656005663,4834,900829,0,2115.3,2088.8,-125.27773838226254,2113.7,2116.9,2088.5,2089.1,3.200000000000273,0.599999999999909,-0.7599243856332704,0.5300400534045394,-0.8729838709677419,0.5440115440115441,0.2307692307692307,0.52,47,99494.3,98159.5,-1334.800000000003,82.5782670428,165.1565340856,-1499.956534085603,1169.643465914403,250000.0,100000.0,2,zerodha_equity_intraday_nse_order_formula_v2_2026_07_14,zerodha_2x_all_in_cost_proxy,0,NIFTYBEES,900,274.54,274.54,274.67,0.0,4.735193414437955
P341_2026-07-10_TCS_106692063,P335_P334_LANE_D_HORIZON_AND_EXIT_MARGIN_SQ0p750_SPQ1p000_DSQ0p500_TOP2_H900_long_only_taker_entry_taker_exit_CAP250000_NOT100000_CONC2_zerodha_2x_all_in_cost_proxy,TCS,09-Jul-2026 15:56:06,post_close,2026-07-10,market_open_next_available_real_l2_day,Press Release,filled,900,1783655100000,1783655104834,1783656005663,4834,900829,0,2115.3,2088.8,-125.27773838226254,2113.7,2116.9,2088.5,2089.1,3.200000000000273,0.599999999999909,-0.7599243856332704,0.5300400534045394,-0.8729838709677419,0.5440115440115441,0.2307692307692307,0.52,47,99494.3,98159.5,-1334.800000000003,82.5782670428,165.1565340856,-1499.956534085603,1169.643465914403,250000.0,100000.0,2,zerodha_equity_intraday_nse_order_formula_v2_2026_07_14,zerodha_2x_all_in_cost_proxy,0,BANKBEES,300,596.135,596.135,598.105,0.0,33.046205976834386
P341_2026-07-10_TCS_106692063,P335_P334_LANE_D_HORIZON_AND_EXIT_MARGIN_SQ0p750_SPQ1p000_DSQ0p500_TOP2_H900_long_only_taker_entry_taker_exit_CAP250000_NOT100000_CONC2_zerodha_2x_all_in_cost_proxy,TCS,09-Jul-2026 15:56:06,post_close,2026-07-10,market_open_next_available_real_l2_day,Press Release,filled,900,1783655100000,1783655104834,1783656005663,4834,900829,0,2115.3,2088.8,-125.27773838226254,2113.7,2116.9,2088.5,2089.1,3.200000000000273,0.599999999999909,-0.7599243856332704,0.5300400534045394,-0.8729838709677419,0.5440115440115441,0.2307692307692307,0.52,47,99494.3,98159.5,-1334.800000000003,82.5782670428,165.1565340856,-1499.956534085603,1169.643465914403,250000.0,100000.0,2,zerodha_equity_intraday_nse_order_formula_v2_2026_07_14,zerodha_2x_all_in_cost_proxy,0,BANKBEES,900,596.135,596.135,598.105,0.0,33.046205976834386
P341_2026-07-10_TCS_106692067,P335_P334_LANE_D_HORIZON_AND_EXIT_MARGIN_SQ0p750_SPQ1p000_DSQ0p500_TOP2_H900_long_only_taker_entry_taker_exit_CAP250000_NOT100000_CONC2_zerodha_2x_all_in_cost_proxy,TCS,09-Jul-2026 15:57:25,post_close,2026-07-10,market_open_next_available_real_l2_day,General Updates,filled,900,1783655100000,1783655104834,1783656005663,4834,900829,0,2115.3,2088.8,-125.27773838226254,2113.7,2116.9,2088.5,2089.1,3.200000000000273,0.599999999999909,-0.7599243856332704,0.5300400534045394,-0.8729838709677419,0.5440115440115441,0.2307692307692307,0.52,47,99494.3,98159.5,-1334.800000000003,82.5782670428,165.1565340856,-1499.956534085603,1169.643465914403,250000.0,100000.0,2,zerodha_equity_intraday_nse_order_formula_v2_2026_07_14,zerodha_2x_all_in_cost_proxy,0,NIFTYBEES,300,274.54,274.54,274.67,0.0,4.735193414437955
P341_2026-07-10_TCS_106692067,P335_P334_LANE_D_HORIZON_AND_EXIT_MARGIN_SQ0p750_SPQ1p000_DSQ0p500_TOP2_H900_long_only_taker_entry_taker_exit_CAP250000_NOT100000_CONC2_zerodha_2x_all_in_cost_proxy,TCS,09-Jul-2026 15:57:25,post_close,2026-07-10,market_open_next_available_real_l2_day,General Updates,filled,900,1783655100000,1783655104834,1783656005663,4834,900829,0,2115.3,2088.8,-125.27773838226254,2113.7,2116.9,2088.5,2089.1,3.200000000000273,0.599999999999909,-0.7599243856332704,0.5300400534045394,-0.8729838709677419,0.5440115440115441,0.2307692307692307,0.52,47,99494.3,98159.5,-1334.800000000003,82.5782670428,165.1565340856,-1499.956534085603,1169.643465914403,250000.0,100000.0,2,zerodha_equity_intraday_nse_order_formula_v2_2026_07_14,zerodha_2x_all_in_cost_proxy,0,NIFTYBEES,900,274.54,274.54,274.67,0.0,4.735193414437955
P341_2026-07-10_TCS_106692067,P335_P334_LANE_D_HORIZON_AND_EXIT_MARGIN_SQ0p750_SPQ1p000_DSQ0p500_TOP2_H900_long_only_taker_entry_taker_exit_CAP250000_NOT100000_CONC2_zerodha_2x_all_in_cost_proxy,TCS,09-Jul-2026 15:57:25,post_close,2026-07-10,market_open_next_available_real_l2_day,General Updates,filled,900,1783655100000,1783655104834,1783656005663,4834,900829,0,2115.3,2088.8,-125.27773838226254,2113.7,2116.9,2088.5,2089.1,3.200000000000273,0.599999999999909,-0.7599243856332704,0.5300400534045394,-0.8729838709677419,0.5440115440115441,0.2307692307692307,0.52,47,99494.3,98159.5,-1334.800000000003,82.5782670428,165.1565340856,-1499.956534085603,1169.643465914403,250000.0,100000.0,2,zerodha_equity_intraday_nse_order_formula_v2_2026_07_14,zerodha_2x_all_in_cost_proxy,0,BANKBEES,300,596.135,596.135,598.105,0.0,33.046205976834386
P341_2026-07-10_TCS_106692067,P335_P334_LANE_D_HORIZON_AND_EXIT_MARGIN_SQ0p750_SPQ1p000_DSQ0p500_TOP2_H900_long_only_taker_entry_taker_exit_CAP250000_NOT100000_CONC2_zerodha_2x_all_in_cost_proxy,TCS,09-Jul-2026 15:57:25,post_close,2026-07-10,market_open_next_available_real_l2_day,General Updates,filled,900,1783655100000,1783655104834,1783656005663,4834,900829,0,2115.3,2088.8,-125.27773838226254,2113.7,2116.9,2088.5,2089.1,3.200000000000273,0.599999999999909,-0.7599243856332704,0.5300400534045394,-0.8729838709677419,0.5440115440115441,0.2307692307692307,0.52,47,99494.3,98159.5,-1334.800000000003,82.5782670428,165.1565340856,-1499.956534085603,1169.643465914403,250000.0,100000.0,2,zerodha_equity_intraday_nse_order_formula_v2_2026_07_14,zerodha_2x_all_in_cost_proxy,0,BANKBEES,900,596.135,596.135,598.105,0.0,33.046205976834386
P341_2026-07-10_TCS_106692731,P335_P334_LANE_D_HORIZON_AND_EXIT_MARGIN_SQ0p750_SPQ1p000_DSQ0p500_TOP2_H900_long_only_taker_entry_taker_exit_CAP250000_NOT100000_CONC2_zerodha_2x_all_in_cost_proxy,TCS,09-Jul-2026 22:27:13,post_close,2026-07-10,market_open_next_available_real_l2_day,Analysts/Institutional Investor Meet/Con. Call Updates,filled,900,1783655100000,1783655104834,1783656005663,4834,900829,0,2115.3,2088.8,-125.27773838226254,2113.7,2116.9,2088.5,2089.1,3.200000000000273,0.599999999999909,-0.7599243856332704,0.5300400534045394,-0.8729838709677419,0.5440115440115441,0.2307692307692307,0.52,47,99494.3,98159.5,-1334.800000000003,82.5782670428,165.1565340856,-1499.956534085603,1169.643465914403,250000.0,100000.0,2,zerodha_equity_intraday_nse_order_formula_v2_2026_07_14,zerodha_2x_all_in_cost_proxy,0,NIFTYBEES,300,274.54,274.54,274.67,0.0,4.735193414437955
P341_2026-07-10_TCS_106692731,P335_P334_LANE_D_HORIZON_AND_EXIT_MARGIN_SQ0p750_SPQ1p000_DSQ0p500_TOP2_H900_long_only_taker_entry_taker_exit_CAP250000_NOT100000_CONC2_zerodha_2x_all_in_cost_proxy,TCS,09-Jul-2026 22:27:13,post_close,2026-07-10,market_open_next_available_real_l2_day,Analysts/Institutional Investor Meet/Con. Call Updates,filled,900,1783655100000,1783655104834,1783656005663,4834,900829,0,2115.3,2088.8,-125.27773838226254,2113.7,2116.9,2088.5,2089.1,3.200000000000273,0.599999999999909,-0.7599243856332704,0.5300400534045394,-0.8729838709677419,0.5440115440115441,0.2307692307692307,0.52,47,99494.3,98159.5,-1334.800000000003,82.5782670428,165.1565340856,-1499.956534085603,1169.643465914403,250000.0,100000.0,2,zerodha_equity_intraday_nse_order_formula_v2_2026_07_14,zerodha_2x_all_in_cost_proxy,0,NIFTYBEES,900,274.54,274.54,274.67,0.0,4.735193414437955
P341_2026-07-10_TCS_106692731,P335_P334_LANE_D_HORIZON_AND_EXIT_MARGIN_SQ0p750_SPQ1p000_DSQ0p500_TOP2_H900_long_only_taker_entry_taker_exit_CAP250000_NOT100000_CONC2_zerodha_2x_all_in_cost_proxy,TCS,09-Jul-2026 22:27:13,post_close,2026-07-10,market_open_next_available_real_l2_day,Analysts/Institutional Investor Meet/Con. Call Updates,filled,900,1783655100000,1783655104834,1783656005663,4834,900829,0,2115.3,2088.8,-125.27773838226254,2113.7,2116.9,2088.5,2089.1,3.200000000000273,0.599999999999909,-0.7599243856332704,0.5300400534045394,-0.8729838709677419,0.5440115440115441,0.2307692307692307,0.52,47,99494.3,98159.5,-1334.800000000003,82.5782670428,165.1565340856,-1499.956534085603,1169.643465914403,250000.0,100000.0,2,zerodha_equity_intraday_nse_order_formula_v2_2026_07_14,zerodha_2x_all_in_cost_proxy,0,BANKBEES,300,596.135,596.135,598.105,0.0,33.046205976834386
P341_2026-07-10_TCS_106692731,P335_P334_LANE_D_HORIZON_AND_EXIT_MARGIN_SQ0p750_SPQ1p000_DSQ0p500_TOP2_H900_long_only_taker_entry_taker_exit_CAP250000_NOT100000_CONC2_zerodha_2x_all_in_cost_proxy,TCS,09-Jul-2026 22:27:13,post_close,2026-07-10,market_open_next_available_real_l2_day,Analysts/Institutional Investor Meet/Con. Call Updates,filled,900,1783655100000,1783655104834,1783656005663,4834,900829,0,2115.3,2088.8,-125.27773838226254,2113.7,2116.9,2088.5,2089.1,3.200000000000273,0.599999999999909,-0.7599243856332704,0.5300400534045394,-0.8729838709677419,0.5440115440115441,0.2307692307692307,0.52,47,99494.3,98159.5,-1334.800000000003,82.5782670428,165.1565340856,-1499.956534085603,1169.643465914403,250000.0,100000.0,2,zerodha_equity_intraday_nse_order_formula_v2_2026_07_14,zerodha_2x_all_in_cost_proxy,0,BANKBEES,900,596.135,596.135,598.105,0.0,33.046205976834386
P341_2026-07-13_DRREDDY_106695517,P335_P334_LANE_D_HORIZON_AND_EXIT_MARGIN_SQ0p750_SPQ1p000_DSQ0p500_TOP2_H900_long_only_taker_entry_taker_exit_CAP250000_NOT100000_CONC2_zerodha_2x_all_in_cost_proxy,DRREDDY,13-Jul-2026 14:35:09,regular_session,2026-07-13,first_real_tick_after_announcement,Press Release,filled,900,1783933509000,1783933511706,1783934415084,2706,903378,0,1232.5,1232.4,-0.8113590263684304,1232.4,1232.6,1232.1,1232.7,0.1999999999998181,0.6000000000001364,0.4332012963629816,-0.6458297057287132,0.4155455904334828,-0.620172478440195,0.1186440677966101,-0.240506329113924,81,99840.6,99800.1,-40.5,82.6629780242,165.3259560484,-205.8259560484,-124.8259560484,250000.0,100000.0,2,zerodha_equity_intraday_nse_order_formula_v2_2026_07_14,zerodha_2x_all_in_cost_proxy,1,NIFTYBEES,300,275.27,275.24,275.43,1.0899578549627975,5.812475024522534
P341_2026-07-13_DRREDDY_106695517,P335_P334_LANE_D_HORIZON_AND_EXIT_MARGIN_SQ0p750_SPQ1p000_DSQ0p500_TOP2_H900_long_only_taker_entry_taker_exit_CAP250000_NOT100000_CONC2_zerodha_2x_all_in_cost_proxy,DRREDDY,13-Jul-2026 14:35:09,regular_session,2026-07-13,first_real_tick_after_announcement,Press Release,filled,900,1783933509000,1783933511706,1783934415084,2706,903378,0,1232.5,1232.4,-0.8113590263684304,1232.4,1232.6,1232.1,1232.7,0.1999999999998181,0.6000000000001364,0.4332012963629816,-0.6458297057287132,0.4155455904334828,-0.620172478440195,0.1186440677966101,-0.240506329113924,81,99840.6,99800.1,-40.5,82.6629780242,165.3259560484,-205.8259560484,-124.8259560484,250000.0,100000.0,2,zerodha_equity_intraday_nse_order_formula_v2_2026_07_14,zerodha_2x_all_in_cost_proxy,1,NIFTYBEES,900,275.27,275.175,275.43,3.4523485054949177,5.812475024522534
P341_2026-07-13_DRREDDY_106695517,P335_P334_LANE_D_HORIZON_AND_EXIT_MARGIN_SQ0p750_SPQ1p000_DSQ0p500_TOP2_H900_long_only_taker_entry_taker_exit_CAP250000_NOT100000_CONC2_zerodha_2x_all_in_cost_proxy,DRREDDY,13-Jul-2026 14:35:09,regular_session,2026-07-13,first_real_tick_after_announcement,Press Release,filled,900,1783933509000,1783933511706,1783934415084,2706,903378,0,1232.5,1232.4,-0.8113590263684304,1232.4,1232.6,1232.1,1232.7,0.1999999999998181,0.6000000000001364,0.4332012963629816,-0.6458297057287132,0.4155455904334828,-0.620172478440195,0.1186440677966101,-0.240506329113924,81,99840.6,99800.1,-40.5,82.6629780242,165.3259560484,-205.8259560484,-124.8259560484,250000.0,100000.0,2,zerodha_equity_intraday_nse_order_formula_v2_2026_07_14,zerodha_2x_all_in_cost_proxy,1,BANKBEES,300,601.1300000000001,601.155,601.25,-0.4158661243747197,1.996240413886241
P341_2026-07-13_DRREDDY_106695517,P335_P334_LANE_D_HORIZON_AND_EXIT_MARGIN_SQ0p750_SPQ1p000_DSQ0p500_TOP2_H900_long_only_taker_entry_taker_exit_CAP250000_NOT100000_CONC2_zerodha_2x_all_in_cost_proxy,DRREDDY,13-Jul-2026 14:35:09,regular_session,2026-07-13,first_real_tick_after_announcement,Press Release,filled,900,1783933509000,1783933511706,1783934415084,2706,903378,0,1232.5,1232.4,-0.8113590263684304,1232.4,1232.6,1232.1,1232.7,0.1999999999998181,0.6000000000001364,0.4332012963629816,-0.6458297057287132,0.4155455904334828,-0.620172478440195,0.1186440677966101,-0.240506329113924,81,99840.6,99800.1,-40.5,82.6629780242,165.3259560484,-205.8259560484,-124.8259560484,250000.0,100000.0,2,zerodha_equity_intraday_nse_order_formula_v2_2026_07_14,zerodha_2x_all_in_cost_proxy,1,BANKBEES,900,601.1300000000001,601.345,601.25,-3.575318660667959,1.996240413886241
P341_2026-07-13_HDFCBANK_106694495,P335_P334_LANE_D_HORIZON_AND_EXIT_MARGIN_SQ0p750_SPQ1p000_DSQ0p500_TOP2_H900_long_only_taker_entry_taker_exit_CAP250000_NOT100000_CONC2_zerodha_2x_all_in_cost_proxy,HDFCBANK,10-Jul-2026 23:50:18,post_close,2026-07-13,market_open_next_available_real_l2_day,Shareholders meeting,filled,900,1783914300000,1783914305195,1783915205710,5195,900515,0,817.25,812.1,-63.016212909146255,817.15,817.35,812.0,812.2,0.2000000000000454,0.2000000000000454,0.8658361844606252,-0.117597530171204,0.8965766199386318,-0.0156919698204101,0.963963963963964,-0.0095238095238095,122,99716.7,99064.0,-652.6999999999971,82.6270918642,165.2541837284,-817.9541837283971,487.4458162715971,250000.0,100000.0,2,zerodha_equity_intraday_nse_order_formula_v2_2026_07_14,zerodha_2x_all_in_cost_proxy,0,NIFTYBEES,300,273.245,273.245,273.03499999999997,0.0,-7.685410529013614
P341_2026-07-13_HDFCBANK_106694495,P335_P334_LANE_D_HORIZON_AND_EXIT_MARGIN_SQ0p750_SPQ1p000_DSQ0p500_TOP2_H900_long_only_taker_entry_taker_exit_CAP250000_NOT100000_CONC2_zerodha_2x_all_in_cost_proxy,HDFCBANK,10-Jul-2026 23:50:18,post_close,2026-07-13,market_open_next_available_real_l2_day,Shareholders meeting,filled,900,1783914300000,1783914305195,1783915205710,5195,900515,0,817.25,812.1,-63.016212909146255,817.15,817.35,812.0,812.2,0.2000000000000454,0.2000000000000454,0.8658361844606252,-0.117597530171204,0.8965766199386318,-0.0156919698204101,0.963963963963964,-0.0095238095238095,122,99716.7,99064.0,-652.6999999999971,82.6270918642,165.2541837284,-817.9541837283971,487.4458162715971,250000.0,100000.0,2,zerodha_equity_intraday_nse_order_formula_v2_2026_07_14,zerodha_2x_all_in_cost_proxy,0,NIFTYBEES,900,273.245,273.245,273.03499999999997,0.0,-7.685410529013614
P341_2026-07-13_HDFCBANK_106694495,P335_P334_LANE_D_HORIZON_AND_EXIT_MARGIN_SQ0p750_SPQ1p000_DSQ0p500_TOP2_H900_long_only_taker_entry_taker_exit_CAP250000_NOT100000_CONC2_zerodha_2x_all_in_cost_proxy,HDFCBANK,10-Jul-2026 23:50:18,post_close,2026-07-13,market_open_next_available_real_l2_day,Shareholders meeting,filled,900,1783914300000,1783914305195,1783915205710,5195,900515,0,817.25,812.1,-63.016212909146255,817.15,817.35,812.0,812.2,0.2000000000000454,0.2000000000000454,0.8658361844606252,-0.117597530171204,0.8965766199386318,-0.0156919698204101,0.963963963963964,-0.0095238095238095,122,99716.7,99064.0,-652.6999999999971,82.6270918642,165.2541837284,-817.9541837283971,487.4458162715971,250000.0,100000.0,2,zerodha_equity_intraday_nse_order_formula_v2_2026_07_14,zerodha_2x_all_in_cost_proxy,0,BANKBEES,300,595.86,595.86,595.7,0.0,-2.6851945087769113
P341_2026-07-13_HDFCBANK_106694495,P335_P334_LANE_D_HORIZON_AND_EXIT_MARGIN_SQ0p750_SPQ1p000_DSQ0p500_TOP2_H900_long_only_taker_entry_taker_exit_CAP250000_NOT100000_CONC2_zerodha_2x_all_in_cost_proxy,HDFCBANK,10-Jul-2026 23:50:18,post_close,2026-07-13,market_open_next_available_real_l2_day,Shareholders meeting,filled,900,1783914300000,1783914305195,1783915205710,5195,900515,0,817.25,812.1,-63.016212909146255,817.15,817.35,812.0,812.2,0.2000000000000454,0.2000000000000454,0.8658361844606252,-0.117597530171204,0.8965766199386318,-0.0156919698204101,0.963963963963964,-0.0095238095238095,122,99716.7,99064.0,-652.6999999999971,82.6270918642,165.2541837284,-817.9541837283971,487.4458162715971,250000.0,100000.0,2,zerodha_equity_intraday_nse_order_formula_v2_2026_07_14,zerodha_2x_all_in_cost_proxy,0,BANKBEES,900,595.86,595.86,595.7,0.0,-2.6851945087769113
P341_2026-07-13_INFY_106695528,P335_P334_LANE_D_HORIZON_AND_EXIT_MARGIN_SQ0p750_SPQ1p000_DSQ0p500_TOP2_H900_long_only_taker_entry_taker_exit_CAP250000_NOT100000_CONC2_zerodha_2x_all_in_cost_proxy,INFY,13-Jul-2026 14:47:47,regular_session,2026-07-13,first_real_tick_after_announcement,General Updates,filled,900,1783934267000,1783934269382,1783935169468,2382,900086,0,1102.8,1104.05,11.334784185709104,1102.6,1103.0,1104.0,1104.1,0.4000000000000909,0.099999999999909,-0.1939299796869399,0.0941802827244354,-0.1378645766413979,0.0885817642148223,-0.1818181818181818,0.391304347826087,90,99270.0,99360.0,90.0,82.60805377999999,165.21610755999998,-75.21610755999998,-255.21610756,250000.0,100000.0,2,zerodha_equity_intraday_nse_order_formula_v2_2026_07_14,zerodha_2x_all_in_cost_proxy,1,NIFTYBEES,300,275.38,275.26,275.39,4.359514640703832,0.363134577674451
P341_2026-07-13_INFY_106695528,P335_P334_LANE_D_HORIZON_AND_EXIT_MARGIN_SQ0p750_SPQ1p000_DSQ0p500_TOP2_H900_long_only_taker_entry_taker_exit_CAP250000_NOT100000_CONC2_zerodha_2x_all_in_cost_proxy,INFY,13-Jul-2026 14:47:47,regular_session,2026-07-13,first_real_tick_after_announcement,General Updates,filled,900,1783934267000,1783934269382,1783935169468,2382,900086,0,1102.8,1104.05,11.334784185709104,1102.6,1103.0,1104.0,1104.1,0.4000000000000909,0.099999999999909,-0.1939299796869399,0.0941802827244354,-0.1378645766413979,0.0885817642148223,-0.1818181818181818,0.391304347826087,90,99270.0,99360.0,90.0,82.60805377999999,165.21610755999998,-75.21610755999998,-255.21610756,250000.0,100000.0,2,zerodha_equity_intraday_nse_order_formula_v2_2026_07_14,zerodha_2x_all_in_cost_proxy,1,NIFTYBEES,900,275.38,275.26,275.39,4.359514640703832,0.363134577674451
P341_2026-07-13_INFY_106695528,P335_P334_LANE_D_HORIZON_AND_EXIT_MARGIN_SQ0p750_SPQ1p000_DSQ0p500_TOP2_H900_long_only_taker_entry_taker_exit_CAP250000_NOT100000_CONC2_zerodha_2x_all_in_cost_proxy,INFY,13-Jul-2026 14:47:47,regular_session,2026-07-13,first_real_tick_after_announcement,General Updates,filled,900,1783934267000,1783934269382,1783935169468,2382,900086,0,1102.8,1104.05,11.334784185709104,1102.6,1103.0,1104.0,1104.1,0.4000000000000909,0.099999999999909,-0.1939299796869399,0.0941802827244354,-0.1378645766413979,0.0885817642148223,-0.1818181818181818,0.391304347826087,90,99270.0,99360.0,90.0,82.60805377999999,165.21610755999998,-75.21610755999998,-255.21610756,250000.0,100000.0,2,zerodha_equity_intraday_nse_order_formula_v2_2026_07_14,zerodha_2x_all_in_cost_proxy,1,BANKBEES,300,601.195,600.94,601.425,4.243352081738649,3.825713786707041
P341_2026-07-13_INFY_106695528,P335_P334_LANE_D_HORIZON_AND_EXIT_MARGIN_SQ0p750_SPQ1p000_DSQ0p500_TOP2_H900_long_only_taker_entry_taker_exit_CAP250000_NOT100000_CONC2_zerodha_2x_all_in_cost_proxy,INFY,13-Jul-2026 14:47:47,regular_session,2026-07-13,first_real_tick_after_announcement,General Updates,filled,900,1783934267000,1783934269382,1783935169468,2382,900086,0,1102.8,1104.05,11.334784185709104,1102.6,1103.0,1104.0,1104.1,0.4000000000000909,0.099999999999909,-0.1939299796869399,0.0941802827244354,-0.1378645766413979,0.0885817642148223,-0.1818181818181818,0.391304347826087,90,99270.0,99360.0,90.0,82.60805377999999,165.21610755999998,-75.21610755999998,-255.21610756,250000.0,100000.0,2,zerodha_equity_intraday_nse_order_formula_v2_2026_07_14,zerodha_2x_all_in_cost_proxy,1,BANKBEES,900,601.195,601.135,601.425,0.9981119049817799,3.825713786707041
P341_2026-07-13_KOTAKBANK_106693798,P335_P334_LANE_D_HORIZON_AND_EXIT_MARGIN_SQ0p750_SPQ1p000_DSQ0p500_TOP2_H900_long_only_taker_entry_taker_exit_CAP250000_NOT100000_CONC2_zerodha_2x_all_in_cost_proxy,KOTAKBANK,10-Jul-2026 17:20:48,post_close,2026-07-13,market_open_next_available_real_l2_day,Shareholders meeting,filled,900,1783914300000,1783914305195,1783915205960,5195,900765,0,375.6,376.9500000000001,35.94249201278016,375.4,375.8,376.85,377.05,0.4000000000000341,0.1999999999999886,-0.0434298440979955,-0.4300610094287299,-0.0801393728222996,-0.4811059026116904,0.1428571428571428,-0.1,266,99962.8,100242.1,279.3000000000029,82.68774848940001,165.37549697880002,113.9245030212029,-444.6754969788029,250000.0,100000.0,2,zerodha_equity_intraday_nse_order_formula_v2_2026_07_14,zerodha_2x_all_in_cost_proxy,0,NIFTYBEES,300,273.245,273.245,273.03499999999997,0.0,-7.685410529013614
P341_2026-07-13_KOTAKBANK_106693798,P335_P334_LANE_D_HORIZON_AND_EXIT_MARGIN_SQ0p750_SPQ1p000_DSQ0p500_TOP2_H900_long_only_taker_entry_taker_exit_CAP250000_NOT100000_CONC2_zerodha_2x_all_in_cost_proxy,KOTAKBANK,10-Jul-2026 17:20:48,post_close,2026-07-13,market_open_next_available_real_l2_day,Shareholders meeting,filled,900,1783914300000,1783914305195,1783915205960,5195,900765,0,375.6,376.9500000000001,35.94249201278016,375.4,375.8,376.85,377.05,0.4000000000000341,0.1999999999999886,-0.0434298440979955,-0.4300610094287299,-0.0801393728222996,-0.4811059026116904,0.1428571428571428,-0.1,266,99962.8,100242.1,279.3000000000029,82.68774848940001,165.37549697880002,113.9245030212029,-444.6754969788029,250000.0,100000.0,2,zerodha_equity_intraday_nse_order_formula_v2_2026_07_14,zerodha_2x_all_in_cost_proxy,0,NIFTYBEES,900,273.245,273.245,273.03499999999997,0.0,-7.685410529013614
P341_2026-07-13_KOTAKBANK_106693798,P335_P334_LANE_D_HORIZON_AND_EXIT_MARGIN_SQ0p750_SPQ1p000_DSQ0p500_TOP2_H900_long_only_taker_entry_taker_exit_CAP250000_NOT100000_CONC2_zerodha_2x_all_in_cost_proxy,KOTAKBANK,10-Jul-2026 17:20:48,post_close,2026-07-13,market_open_next_available_real_l2_day,Shareholders meeting,filled,900,1783914300000,1783914305195,1783915205960,5195,900765,0,375.6,376.9500000000001,35.94249201278016,375.4,375.8,376.85,377.05,0.4000000000000341,0.1999999999999886,-0.0434298440979955,-0.4300610094287299,-0.0801393728222996,-0.4811059026116904,0.1428571428571428,-0.1,266,99962.8,100242.1,279.3000000000029,82.68774848940001,165.37549697880002,113.9245030212029,-444.6754969788029,250000.0,100000.0,2,zerodha_equity_intraday_nse_order_formula_v2_2026_07_14,zerodha_2x_all_in_cost_proxy,0,BANKBEES,300,595.86,595.86,595.7,0.0,-2.6851945087769113
P341_2026-07-13_KOTAKBANK_106693798,P335_P334_LANE_D_HORIZON_AND_EXIT_MARGIN_SQ0p750_SPQ1p000_DSQ0p500_TOP2_H900_long_only_taker_entry_taker_exit_CAP250000_NOT100000_CONC2_zerodha_2x_all_in_cost_proxy,KOTAKBANK,10-Jul-2026 17:20:48,post_close,2026-07-13,market_open_next_available_real_l2_day,Shareholders meeting,filled,900,1783914300000,1783914305195,1783915205960,5195,900765,0,375.6,376.9500000000001,35.94249201278016,375.4,375.8,376.85,377.05,0.4000000000000341,0.1999999999999886,-0.0434298440979955,-0.4300610094287299,-0.0801393728222996,-0.4811059026116904,0.1428571428571428,-0.1,266,99962.8,100242.1,279.3000000000029,82.68774848940001,165.37549697880002,113.9245030212029,-444.6754969788029,250000.0,100000.0,2,zerodha_equity_intraday_nse_order_formula_v2_2026_07_14,zerodha_2x_all_in_cost_proxy,0,BANKBEES,900,595.86,595.86,595.7,0.0,-2.6851945087769113
P341_2026-07-13_KOTAKBANK_106693806,P335_P334_LANE_D_HORIZON_AND_EXIT_MARGIN_SQ0p750_SPQ1p000_DSQ0p500_TOP2_H900_long_only_taker_entry_taker_exit_CAP250000_NOT100000_CONC2_zerodha_2x_all_in_cost_proxy,KOTAKBANK,10-Jul-2026 17:24:32,post_close,2026-07-13,market_open_next_available_real_l2_day,General Updates,filled,900,1783914300000,1783914305195,1783915205960,5195,900765,0,375.6,376.9500000000001,35.94249201278016,375.4,375.8,376.85,377.05,0.4000000000000341,0.1999999999999886,-0.0434298440979955,-0.4300610094287299,-0.0801393728222996,-0.4811059026116904,0.1428571428571428,-0.1,266,99962.8,100242.1,279.3000000000029,82.68774848940001,165.37549697880002,113.9245030212029,-444.6754969788029,250000.0,100000.0,2,zerodha_equity_intraday_nse_order_formula_v2_2026_07_14,zerodha_2x_all_in_cost_proxy,0,NIFTYBEES,300,273.245,273.245,273.03499999999997,0.0,-7.685410529013614
P341_2026-07-13_KOTAKBANK_106693806,P335_P334_LANE_D_HORIZON_AND_EXIT_MARGIN_SQ0p750_SPQ1p000_DSQ0p500_TOP2_H900_long_only_taker_entry_taker_exit_CAP250000_NOT100000_CONC2_zerodha_2x_all_in_cost_proxy,KOTAKBANK,10-Jul-2026 17:24:32,post_close,2026-07-13,market_open_next_available_real_l2_day,General Updates,filled,900,1783914300000,1783914305195,1783915205960,5195,900765,0,375.6,376.9500000000001,35.94249201278016,375.4,375.8,376.85,377.05,0.4000000000000341,0.1999999999999886,-0.0434298440979955,-0.4300610094287299,-0.0801393728222996,-0.4811059026116904,0.1428571428571428,-0.1,266,99962.8,100242.1,279.3000000000029,82.68774848940001,165.37549697880002,113.9245030212029,-444.6754969788029,250000.0,100000.0,2,zerodha_equity_intraday_nse_order_formula_v2_2026_07_14,zerodha_2x_all_in_cost_proxy,0,NIFTYBEES,900,273.245,273.245,273.03499999999997,0.0,-7.685410529013614
P341_2026-07-13_KOTAKBANK_106693806,P335_P334_LANE_D_HORIZON_AND_EXIT_MARGIN_SQ0p750_SPQ1p000_DSQ0p500_TOP2_H900_long_only_taker_entry_taker_exit_CAP250000_NOT100000_CONC2_zerodha_2x_all_in_cost_proxy,KOTAKBANK,10-Jul-2026 17:24:32,post_close,2026-07-13,market_open_next_available_real_l2_day,General Updates,filled,900,1783914300000,1783914305195,1783915205960,5195,900765,0,375.6,376.9500000000001,35.94249201278016,375.4,375.8,376.85,377.05,0.4000000000000341,0.1999999999999886,-0.0434298440979955,-0.4300610094287299,-0.0801393728222996,-0.4811059026116904,0.1428571428571428,-0.1,266,99962.8,100242.1,279.3000000000029,82.68774848940001,165.37549697880002,113.9245030212029,-444.6754969788029,250000.0,100000.0,2,zerodha_equity_intraday_nse_order_formula_v2_2026_07_14,zerodha_2x_all_in_cost_proxy,0,BANKBEES,300,595.86,595.86,595.7,0.0,-2.6851945087769113
P341_2026-07-13_KOTAKBANK_106693806,P335_P334_LANE_D_HORIZON_AND_EXIT_MARGIN_SQ0p750_SPQ1p000_DSQ0p500_TOP2_H900_long_only_taker_entry_taker_exit_CAP250000_NOT100000_CONC2_zerodha_2x_all_in_cost_proxy,KOTAKBANK,10-Jul-2026 17:24:32,post_close,2026-07-13,market_open_next_available_real_l2_day,General Updates,filled,900,1783914300000,1783914305195,1783915205960,5195,900765,0,375.6,376.9500000000001,35.94249201278016,375.4,375.8,376.85,377.05,0.4000000000000341,0.1999999999999886,-0.0434298440979955,-0.4300610094287299,-0.0801393728222996,-0.4811059026116904,0.1428571428571428,-0.1,266,99962.8,100242.1,279.3000000000029,82.68774848940001,165.37549697880002,113.9245030212029,-444.6754969788029,250000.0,100000.0,2,zerodha_equity_intraday_nse_order_formula_v2_2026_07_14,zerodha_2x_all_in_cost_proxy,0,BANKBEES,900,595.86,595.86,595.7,0.0,-2.6851945087769113
P341_2026-07-13_KOTAKBANK_106693819,P335_P334_LANE_D_HORIZON_AND_EXIT_MARGIN_SQ0p750_SPQ1p000_DSQ0p500_TOP2_H900_long_only_taker_entry_taker_exit_CAP250000_NOT100000_CONC2_zerodha_2x_all_in_cost_proxy,KOTAKBANK,10-Jul-2026 17:30:05,post_close,2026-07-13,market_open_next_available_real_l2_day,General Updates,filled,900,1783914300000,1783914305195,1783915205960,5195,900765,0,375.6,376.9500000000001,35.94249201278016,375.4,375.8,376.85,377.05,0.4000000000000341,0.1999999999999886,-0.0434298440979955,-0.4300610094287299,-0.0801393728222996,-0.4811059026116904,0.1428571428571428,-0.1,266,99962.8,100242.1,279.3000000000029,82.68774848940001,165.37549697880002,113.9245030212029,-444.6754969788029,250000.0,100000.0,2,zerodha_equity_intraday_nse_order_formula_v2_2026_07_14,zerodha_2x_all_in_cost_proxy,0,NIFTYBEES,300,273.245,273.245,273.03499999999997,0.0,-7.685410529013614
P341_2026-07-13_KOTAKBANK_106693819,P335_P334_LANE_D_HORIZON_AND_EXIT_MARGIN_SQ0p750_SPQ1p000_DSQ0p500_TOP2_H900_long_only_taker_entry_taker_exit_CAP250000_NOT100000_CONC2_zerodha_2x_all_in_cost_proxy,KOTAKBANK,10-Jul-2026 17:30:05,post_close,2026-07-13,market_open_next_available_real_l2_day,General Updates,filled,900,1783914300000,1783914305195,1783915205960,5195,900765,0,375.6,376.9500000000001,35.94249201278016,375.4,375.8,376.85,377.05,0.4000000000000341,0.1999999999999886,-0.0434298440979955,-0.4300610094287299,-0.0801393728222996,-0.4811059026116904,0.1428571428571428,-0.1,266,99962.8,100242.1,279.3000000000029,82.68774848940001,165.37549697880002,113.9245030212029,-444.6754969788029,250000.0,100000.0,2,zerodha_equity_intraday_nse_order_formula_v2_2026_07_14,zerodha_2x_all_in_cost_proxy,0,NIFTYBEES,900,273.245,273.245,273.03499999999997,0.0,-7.685410529013614
P341_2026-07-13_KOTAKBANK_106693819,P335_P334_LANE_D_HORIZON_AND_EXIT_MARGIN_SQ0p750_SPQ1p000_DSQ0p500_TOP2_H900_long_only_taker_entry_taker_exit_CAP250000_NOT100000_CONC2_zerodha_2x_all_in_cost_proxy,KOTAKBANK,10-Jul-2026 17:30:05,post_close,2026-07-13,market_open_next_available_real_l2_day,General Updates,filled,900,1783914300000,1783914305195,1783915205960,5195,900765,0,375.6,376.9500000000001,35.94249201278016,375.4,375.8,376.85,377.05,0.4000000000000341,0.1999999999999886,-0.0434298440979955,-0.4300610094287299,-0.0801393728222996,-0.4811059026116904,0.1428571428571428,-0.1,266,99962.8,100242.1,279.3000000000029,82.68774848940001,165.37549697880002,113.9245030212029,-444.6754969788029,250000.0,100000.0,2,zerodha_equity_intraday_nse_order_formula_v2_2026_07_14,zerodha_2x_all_in_cost_proxy,0,BANKBEES,300,595.86,595.86,595.7,0.0,-2.6851945087769113
P341_2026-07-13_KOTAKBANK_106693819,P335_P334_LANE_D_HORIZON_AND_EXIT_MARGIN_SQ0p750_SPQ1p000_DSQ0p500_TOP2_H900_long_only_taker_entry_taker_exit_CAP250000_NOT100000_CONC2_zerodha_2x_all_in_cost_proxy,KOTAKBANK,10-Jul-2026 17:30:05,post_close,2026-07-13,market_open_next_available_real_l2_day,General Updates,filled,900,1783914300000,1783914305195,1783915205960,5195,900765,0,375.6,376.9500000000001,35.94249201278016,375.4,375.8,376.85,377.05,0.4000000000000341,0.1999999999999886,-0.0434298440979955,-0.4300610094287299,-0.0801393728222996,-0.4811059026116904,0.1428571428571428,-0.1,266,99962.8,100242.1,279.3000000000029,82.68774848940001,165.37549697880002,113.9245030212029,-444.6754969788029,250000.0,100000.0,2,zerodha_equity_intraday_nse_order_formula_v2_2026_07_14,zerodha_2x_all_in_cost_proxy,0,BANKBEES,900,595.86,595.86,595.7,0.0,-2.6851945087769113
P341_2026-07-13_MARUTI_106693600,P335_P334_LANE_D_HORIZON_AND_EXIT_MARGIN_SQ0p750_SPQ1p000_DSQ0p500_TOP2_H900_long_only_taker_entry_taker_exit_CAP250000_NOT100000_CONC2_zerodha_2x_all_in_cost_proxy,MARUTI,10-Jul-2026 15:53:31,post_close,2026-07-13,market_open_next_available_real_l2_day,General Updates,filled,900,1783914300000,1783914300712,1783915202765,712,902053,0,13691.5,13627.0,-47.10952050542307,13684.0,13699.0,13624.0,13630.0,15.0,6.0,0.0467289719626168,0.2083333333333333,0.0526315789473684,0.2560175054704595,0.1304347826086956,0.1343283582089552,7,95893.0,95368.0,-525.0,81.231098966,162.462197932,-687.462197932,362.537802068,250000.0,100000.0,2,zerodha_equity_intraday_nse_order_formula_v2_2026_07_14,zerodha_2x_all_in_cost_proxy,1,NIFTYBEES,300,273.245,273.245,273.03499999999997,0.0,-7.685410529013614
P341_2026-07-13_MARUTI_106693600,P335_P334_LANE_D_HORIZON_AND_EXIT_MARGIN_SQ0p750_SPQ1p000_DSQ0p500_TOP2_H900_long_only_taker_entry_taker_exit_CAP250000_NOT100000_CONC2_zerodha_2x_all_in_cost_proxy,MARUTI,10-Jul-2026 15:53:31,post_close,2026-07-13,market_open_next_available_real_l2_day,General Updates,filled,900,1783914300000,1783914300712,1783915202765,712,902053,0,13691.5,13627.0,-47.10952050542307,13684.0,13699.0,13624.0,13630.0,15.0,6.0,0.0467289719626168,0.2083333333333333,0.0526315789473684,0.2560175054704595,0.1304347826086956,0.1343283582089552,7,95893.0,95368.0,-525.0,81.231098966,162.462197932,-687.462197932,362.537802068,250000.0,100000.0,2,zerodha_equity_intraday_nse_order_formula_v2_2026_07_14,zerodha_2x_all_in_cost_proxy,1,NIFTYBEES,900,273.245,273.245,273.03499999999997,0.0,-7.685410529013614
P341_2026-07-13_MARUTI_106693600,P335_P334_LANE_D_HORIZON_AND_EXIT_MARGIN_SQ0p750_SPQ1p000_DSQ0p500_TOP2_H900_long_only_taker_entry_taker_exit_CAP250000_NOT100000_CONC2_zerodha_2x_all_in_cost_proxy,MARUTI,10-Jul-2026 15:53:31,post_close,2026-07-13,market_open_next_available_real_l2_day,General Updates,filled,900,1783914300000,1783914300712,1783915202765,712,902053,0,13691.5,13627.0,-47.10952050542307,13684.0,13699.0,13624.0,13630.0,15.0,6.0,0.0467289719626168,0.2083333333333333,0.0526315789473684,0.2560175054704595,0.1304347826086956,0.1343283582089552,7,95893.0,95368.0,-525.0,81.231098966,162.462197932,-687.462197932,362.537802068,250000.0,100000.0,2,zerodha_equity_intraday_nse_order_formula_v2_2026_07_14,zerodha_2x_all_in_cost_proxy,1,BANKBEES,300,595.86,595.86,595.75,0.0,-1.846071224784751
P341_2026-07-13_MARUTI_106693600,P335_P334_LANE_D_HORIZON_AND_EXIT_MARGIN_SQ0p750_SPQ1p000_DSQ0p500_TOP2_H900_long_only_taker_entry_taker_exit_CAP250000_NOT100000_CONC2_zerodha_2x_all_in_cost_proxy,MARUTI,10-Jul-2026 15:53:31,post_close,2026-07-13,market_open_next_available_real_l2_day,General Updates,filled,900,1783914300000,1783914300712,1783915202765,712,902053,0,13691.5,13627.0,-47.10952050542307,13684.0,13699.0,13624.0,13630.0,15.0,6.0,0.0467289719626168,0.2083333333333333,0.0526315789473684,0.2560175054704595,0.1304347826086956,0.1343283582089552,7,95893.0,95368.0,-525.0,81.231098966,162.462197932,-687.462197932,362.537802068,250000.0,100000.0,2,zerodha_equity_intraday_nse_order_formula_v2_2026_07_14,zerodha_2x_all_in_cost_proxy,1,BANKBEES,900,595.86,595.86,595.75,0.0,-1.846071224784751
P341_2026-07-13_RELIANCE_106693860,P335_P334_LANE_D_HORIZON_AND_EXIT_MARGIN_SQ0p750_SPQ1p000_DSQ0p500_TOP2_H900_long_only_taker_entry_taker_exit_CAP250000_NOT100000_CONC2_zerodha_2x_all_in_cost_proxy,RELIANCE,10-Jul-2026 17:46:25,post_close,2026-07-13,market_open_next_available_real_l2_day,Analysts/Institutional Investor Meet/Con. Call Updates,filled,900,1783914300000,1783914305196,1783915205960,5196,900764,0,1299.9,1304.6999999999998,36.925917378257765,1299.8,1300.0,1304.6,1304.8,0.2000000000000454,0.2000000000000454,0.6019059995668182,-0.8970842525788564,0.7711144427786107,-0.901611424079654,0.0434782608695652,-0.7045454545454546,76,98800.0,99149.6,349.59999999999127,82.5685027376,165.1370054752,184.46299452479127,-514.7370054751913,250000.0,100000.0,2,zerodha_equity_intraday_nse_order_formula_v2_2026_07_14,zerodha_2x_all_in_cost_proxy,0,NIFTYBEES,300,273.245,273.245,273.03499999999997,0.0,-7.685410529013614
P341_2026-07-13_RELIANCE_106693860,P335_P334_LANE_D_HORIZON_AND_EXIT_MARGIN_SQ0p750_SPQ1p000_DSQ0p500_TOP2_H900_long_only_taker_entry_taker_exit_CAP250000_NOT100000_CONC2_zerodha_2x_all_in_cost_proxy,RELIANCE,10-Jul-2026 17:46:25,post_close,2026-07-13,market_open_next_available_real_l2_day,Analysts/Institutional Investor Meet/Con. Call Updates,filled,900,1783914300000,1783914305196,1783915205960,5196,900764,0,1299.9,1304.6999999999998,36.925917378257765,1299.8,1300.0,1304.6,1304.8,0.2000000000000454,0.2000000000000454,0.6019059995668182,-0.8970842525788564,0.7711144427786107,-0.901611424079654,0.0434782608695652,-0.7045454545454546,76,98800.0,99149.6,349.59999999999127,82.5685027376,165.1370054752,184.46299452479127,-514.7370054751913,250000.0,100000.0,2,zerodha_equity_intraday_nse_order_formula_v2_2026_07_14,zerodha_2x_all_in_cost_proxy,0,NIFTYBEES,900,273.245,273.245,273.03499999999997,0.0,-7.685410529013614
P341_2026-07-13_RELIANCE_106693860,P335_P334_LANE_D_HORIZON_AND_EXIT_MARGIN_SQ0p750_SPQ1p000_DSQ0p500_TOP2_H900_long_only_taker_entry_taker_exit_CAP250000_NOT100000_CONC2_zerodha_2x_all_in_cost_proxy,RELIANCE,10-Jul-2026 17:46:25,post_close,2026-07-13,market_open_next_available_real_l2_day,Analysts/Institutional Investor Meet/Con. Call Updates,filled,900,1783914300000,1783914305196,1783915205960,5196,900764,0,1299.9,1304.6999999999998,36.925917378257765,1299.8,1300.0,1304.6,1304.8,0.2000000000000454,0.2000000000000454,0.6019059995668182,-0.8970842525788564,0.7711144427786107,-0.901611424079654,0.0434782608695652,-0.7045454545454546,76,98800.0,99149.6,349.59999999999127,82.5685027376,165.1370054752,184.46299452479127,-514.7370054751913,250000.0,100000.0,2,zerodha_equity_intraday_nse_order_formula_v2_2026_07_14,zerodha_2x_all_in_cost_proxy,0,BANKBEES,300,595.86,595.86,595.7,0.0,-2.6851945087769113
P341_2026-07-13_RELIANCE_106693860,P335_P334_LANE_D_HORIZON_AND_EXIT_MARGIN_SQ0p750_SPQ1p000_DSQ0p500_TOP2_H900_long_only_taker_entry_taker_exit_CAP250000_NOT100000_CONC2_zerodha_2x_all_in_cost_proxy,RELIANCE,10-Jul-2026 17:46:25,post_close,2026-07-13,market_open_next_available_real_l2_day,Analysts/Institutional Investor Meet/Con. Call Updates,filled,900,1783914300000,1783914305196,1783915205960,5196,900764,0,1299.9,1304.6999999999998,36.925917378257765,1299.8,1300.0,1304.6,1304.8,0.2000000000000454,0.2000000000000454,0.6019059995668182,-0.8970842525788564,0.7711144427786107,-0.901611424079654,0.0434782608695652,-0.7045454545454546,76,98800.0,99149.6,349.59999999999127,82.5685027376,165.1370054752,184.46299452479127,-514.7370054751913,250000.0,100000.0,2,zerodha_equity_intraday_nse_order_formula_v2_2026_07_14,zerodha_2x_all_in_cost_proxy,0,BANKBEES,900,595.86,595.86,595.7,0.0,-2.6851945087769113
P341_2026-07-13_SBIN_106694291,P335_P334_LANE_D_HORIZON_AND_EXIT_MARGIN_SQ0p750_SPQ1p000_DSQ0p500_TOP2_H900_long_only_taker_entry_taker_exit_CAP250000_NOT100000_CONC2_zerodha_2x_all_in_cost_proxy,SBIN,10-Jul-2026 22:26:10,post_close,2026-07-13,market_open_next_available_real_l2_day,General Updates,filled,900,1783914300000,1783914300712,1783915202769,712,902057,0,1023.55,1028.1999999999998,45.43012065849117,1023.5,1023.6,1028.1,1028.3,0.1000000000000227,0.2000000000000454,-0.6822679860925381,0.2515199279441567,-0.838962605548854,0.1869166597835962,0.3142857142857143,-0.0309278350515463,97,99289.2,99725.7,436.5,82.62302734939999,165.24605469879998,271.2539453012,-601.7460546988,250000.0,100000.0,2,zerodha_equity_intraday_nse_order_formula_v2_2026_07_14,zerodha_2x_all_in_cost_proxy,1,NIFTYBEES,300,273.245,273.245,273.03499999999997,0.0,-7.685410529013614
P341_2026-07-13_SBIN_106694291,P335_P334_LANE_D_HORIZON_AND_EXIT_MARGIN_SQ0p750_SPQ1p000_DSQ0p500_TOP2_H900_long_only_taker_entry_taker_exit_CAP250000_NOT100000_CONC2_zerodha_2x_all_in_cost_proxy,SBIN,10-Jul-2026 22:26:10,post_close,2026-07-13,market_open_next_available_real_l2_day,General Updates,filled,900,1783914300000,1783914300712,1783915202769,712,902057,0,1023.55,1028.1999999999998,45.43012065849117,1023.5,1023.6,1028.1,1028.3,0.1000000000000227,0.2000000000000454,-0.6822679860925381,0.2515199279441567,-0.838962605548854,0.1869166597835962,0.3142857142857143,-0.0309278350515463,97,99289.2,99725.7,436.5,82.62302734939999,165.24605469879998,271.2539453012,-601.7460546988,250000.0,100000.0,2,zerodha_equity_intraday_nse_order_formula_v2_2026_07_14,zerodha_2x_all_in_cost_proxy,1,NIFTYBEES,900,273.245,273.245,273.03499999999997,0.0,-7.685410529013614
P341_2026-07-13_SBIN_106694291,P335_P334_LANE_D_HORIZON_AND_EXIT_MARGIN_SQ0p750_SPQ1p000_DSQ0p500_TOP2_H900_long_only_taker_entry_taker_exit_CAP250000_NOT100000_CONC2_zerodha_2x_all_in_cost_proxy,SBIN,10-Jul-2026 22:26:10,post_close,2026-07-13,market_open_next_available_real_l2_day,General Updates,filled,900,1783914300000,1783914300712,1783915202769,712,902057,0,1023.55,1028.1999999999998,45.43012065849117,1023.5,1023.6,1028.1,1028.3,0.1000000000000227,0.2000000000000454,-0.6822679860925381,0.2515199279441567,-0.838962605548854,0.1869166597835962,0.3142857142857143,-0.0309278350515463,97,99289.2,99725.7,436.5,82.62302734939999,165.24605469879998,271.2539453012,-601.7460546988,250000.0,100000.0,2,zerodha_equity_intraday_nse_order_formula_v2_2026_07_14,zerodha_2x_all_in_cost_proxy,1,BANKBEES,300,595.86,595.86,595.735,0.0,-2.097808209982066
P341_2026-07-13_SBIN_106694291,P335_P334_LANE_D_HORIZON_AND_EXIT_MARGIN_SQ0p750_SPQ1p000_DSQ0p500_TOP2_H900_long_only_taker_entry_taker_exit_CAP250000_NOT100000_CONC2_zerodha_2x_all_in_cost_proxy,SBIN,10-Jul-2026 22:26:10,post_close,2026-07-13,market_open_next_available_real_l2_day,General Updates,filled,900,1783914300000,1783914300712,1783915202769,712,902057,0,1023.55,1028.1999999999998,45.43012065849117,1023.5,1023.6,1028.1,1028.3,0.1000000000000227,0.2000000000000454,-0.6822679860925381,0.2515199279441567,-0.838962605548854,0.1869166597835962,0.3142857142857143,-0.0309278350515463,97,99289.2,99725.7,436.5,82.62302734939999,165.24605469879998,271.2539453012,-601.7460546988,250000.0,100000.0,2,zerodha_equity_intraday_nse_order_formula_v2_2026_07_14,zerodha_2x_all_in_cost_proxy,1,BANKBEES,900,595.86,595.86,595.735,0.0,-2.097808209982066
P341_2026-07-13_TCS_106694050,P335_P334_LANE_D_HORIZON_AND_EXIT_MARGIN_SQ0p750_SPQ1p000_DSQ0p500_TOP2_H900_long_only_taker_entry_taker_exit_CAP250000_NOT100000_CONC2_zerodha_2x_all_in_cost_proxy,TCS,10-Jul-2026 18:53:25,post_close,2026-07-13,market_open_next_available_real_l2_day,Copy of Newspaper Publication,filled,900,1783914300000,1783914305195,1783915205210,5195,900015,0,2072.9,2097.3,117.70948912152322,2070.6,2075.2,2097.0,2097.6,4.599999999999909,0.599999999999909,0.379800853485064,-0.0509209100758396,0.4212860310421286,-0.4611570247933884,0.6666666666666666,-0.5294117647058824,48,99609.6,100656.0,1046.4000000000087,82.67942303359999,165.35884606719998,881.0411539328088,-1211.7588460672089,250000.0,100000.0,2,zerodha_equity_intraday_nse_order_formula_v2_2026_07_14,zerodha_2x_all_in_cost_proxy,0,NIFTYBEES,300,273.245,273.245,273.03499999999997,0.0,-7.685410529013614
P341_2026-07-13_TCS_106694050,P335_P334_LANE_D_HORIZON_AND_EXIT_MARGIN_SQ0p750_SPQ1p000_DSQ0p500_TOP2_H900_long_only_taker_entry_taker_exit_CAP250000_NOT100000_CONC2_zerodha_2x_all_in_cost_proxy,TCS,10-Jul-2026 18:53:25,post_close,2026-07-13,market_open_next_available_real_l2_day,Copy of Newspaper Publication,filled,900,1783914300000,1783914305195,1783915205210,5195,900015,0,2072.9,2097.3,117.70948912152322,2070.6,2075.2,2097.0,2097.6,4.599999999999909,0.599999999999909,0.379800853485064,-0.0509209100758396,0.4212860310421286,-0.4611570247933884,0.6666666666666666,-0.5294117647058824,48,99609.6,100656.0,1046.4000000000087,82.67942303359999,165.35884606719998,881.0411539328088,-1211.7588460672089,250000.0,100000.0,2,zerodha_equity_intraday_nse_order_formula_v2_2026_07_14,zerodha_2x_all_in_cost_proxy,0,NIFTYBEES,900,273.245,273.245,273.03499999999997,0.0,-7.685410529013614
P341_2026-07-13_TCS_106694050,P335_P334_LANE_D_HORIZON_AND_EXIT_MARGIN_SQ0p750_SPQ1p000_DSQ0p500_TOP2_H900_long_only_taker_entry_taker_exit_CAP250000_NOT100000_CONC2_zerodha_2x_all_in_cost_proxy,TCS,10-Jul-2026 18:53:25,post_close,2026-07-13,market_open_next_available_real_l2_day,Copy of Newspaper Publication,filled,900,1783914300000,1783914305195,1783915205210,5195,900015,0,2072.9,2097.3,117.70948912152322,2070.6,2075.2,2097.0,2097.6,4.599999999999909,0.599999999999909,0.379800853485064,-0.0509209100758396,0.4212860310421286,-0.4611570247933884,0.6666666666666666,-0.5294117647058824,48,99609.6,100656.0,1046.4000000000087,82.67942303359999,165.35884606719998,881.0411539328088,-1211.7588460672089,250000.0,100000.0,2,zerodha_equity_intraday_nse_order_formula_v2_2026_07_14,zerodha_2x_all_in_cost_proxy,0,BANKBEES,300,595.86,595.86,595.7,0.0,-2.6851945087769113
P341_2026-07-13_TCS_106694050,P335_P334_LANE_D_HORIZON_AND_EXIT_MARGIN_SQ0p750_SPQ1p000_DSQ0p500_TOP2_H900_long_only_taker_entry_taker_exit_CAP250000_NOT100000_CONC2_zerodha_2x_all_in_cost_proxy,TCS,10-Jul-2026 18:53:25,post_close,2026-07-13,market_open_next_available_real_l2_day,Copy of Newspaper Publication,filled,900,1783914300000,1783914305195,1783915205210,5195,900015,0,2072.9,2097.3,117.70948912152322,2070.6,2075.2,2097.0,2097.6,4.599999999999909,0.599999999999909,0.379800853485064,-0.0509209100758396,0.4212860310421286,-0.4611570247933884,0.6666666666666666,-0.5294117647058824,48,99609.6,100656.0,1046.4000000000087,82.67942303359999,165.35884606719998,881.0411539328088,-1211.7588460672089,250000.0,100000.0,2,zerodha_equity_intraday_nse_order_formula_v2_2026_07_14,zerodha_2x_all_in_cost_proxy,0,BANKBEES,900,595.86,595.86,595.7,0.0,-2.6851945087769113
P341_2026-07-13_TCS_106695270,P335_P334_LANE_D_HORIZON_AND_EXIT_MARGIN_SQ0p750_SPQ1p000_DSQ0p500_TOP2_H900_long_only_taker_entry_taker_exit_CAP250000_NOT100000_CONC2_zerodha_2x_all_in_cost_proxy,TCS,13-Jul-2026 11:30:11,regular_session,2026-07-13,first_real_tick_after_announcement,Updates,filled,900,1783922411000,1783922414847,1783923317857,3847,903010,0,2159.3,2161.9,12.040939193256651,2159.2,2159.4,2161.8,2162.0,0.2000000000002728,0.1999999999998181,-0.4224215246636771,-0.6121979286536249,-0.4081055607917059,-0.4116558741905643,-0.6,-0.3023255813953488,46,99332.4,99442.8,110.39999999999418,82.61535713120001,165.23071426240003,-54.83071426240585,-275.63071426239424,250000.0,100000.0,2,zerodha_equity_intraday_nse_order_formula_v2_2026_07_14,zerodha_2x_all_in_cost_proxy,1,NIFTYBEES,300,274.28499999999997,274.385,274.145,-3.6445140951590904,-5.104179958801414
P341_2026-07-13_TCS_106695270,P335_P334_LANE_D_HORIZON_AND_EXIT_MARGIN_SQ0p750_SPQ1p000_DSQ0p500_TOP2_H900_long_only_taker_entry_taker_exit_CAP250000_NOT100000_CONC2_zerodha_2x_all_in_cost_proxy,TCS,13-Jul-2026 11:30:11,regular_session,2026-07-13,first_real_tick_after_announcement,Updates,filled,900,1783922411000,1783922414847,1783923317857,3847,903010,0,2159.3,2161.9,12.040939193256651,2159.2,2159.4,2161.8,2162.0,0.2000000000002728,0.1999999999998181,-0.4224215246636771,-0.6121979286536249,-0.4081055607917059,-0.4116558741905643,-0.6,-0.3023255813953488,46,99332.4,99442.8,110.39999999999418,82.61535713120001,165.23071426240003,-54.83071426240585,-275.63071426239424,250000.0,100000.0,2,zerodha_equity_intraday_nse_order_formula_v2_2026_07_14,zerodha_2x_all_in_cost_proxy,1,NIFTYBEES,900,274.28499999999997,274.43,274.145,-5.283678898081456,-5.104179958801414
P341_2026-07-13_TCS_106695270,P335_P334_LANE_D_HORIZON_AND_EXIT_MARGIN_SQ0p750_SPQ1p000_DSQ0p500_TOP2_H900_long_only_taker_entry_taker_exit_CAP250000_NOT100000_CONC2_zerodha_2x_all_in_cost_proxy,TCS,13-Jul-2026 11:30:11,regular_session,2026-07-13,first_real_tick_after_announcement,Updates,filled,900,1783922411000,1783922414847,1783923317857,3847,903010,0,2159.3,2161.9,12.040939193256651,2159.2,2159.4,2161.8,2162.0,0.2000000000002728,0.1999999999998181,-0.4224215246636771,-0.6121979286536249,-0.4081055607917059,-0.4116558741905643,-0.6,-0.3023255813953488,46,99332.4,99442.8,110.39999999999418,82.61535713120001,165.23071426240003,-54.83071426240585,-275.63071426239424,250000.0,100000.0,2,zerodha_equity_intraday_nse_order_formula_v2_2026_07_14,zerodha_2x_all_in_cost_proxy,1,BANKBEES,300,598.37,598.7,597.875,-5.511942542175685,-8.272473553152526
P341_2026-07-13_TCS_106695270,P335_P334_LANE_D_HORIZON_AND_EXIT_MARGIN_SQ0p750_SPQ1p000_DSQ0p500_TOP2_H900_long_only_taker_entry_taker_exit_CAP250000_NOT100000_CONC2_zerodha_2x_all_in_cost_proxy,TCS,13-Jul-2026 11:30:11,regular_session,2026-07-13,first_real_tick_after_announcement,Updates,filled,900,1783922411000,1783922414847,1783923317857,3847,903010,0,2159.3,2161.9,12.040939193256651,2159.2,2159.4,2161.8,2162.0,0.2000000000002728,0.1999999999998181,-0.4224215246636771,-0.6121979286536249,-0.4081055607917059,-0.4116558741905643,-0.6,-0.3023255813953488,46,99332.4,99442.8,110.39999999999418,82.61535713120001,165.23071426240003,-54.83071426240585,-275.63071426239424,250000.0,100000.0,2,zerodha_equity_intraday_nse_order_formula_v2_2026_07_14,zerodha_2x_all_in_cost_proxy,1,BANKBEES,900,598.37,599.0899999999999,597.875,-12.018227645260726,-8.272473553152526
P341_2026-07-13_WIPRO_106693588,P335_P334_LANE_D_HORIZON_AND_EXIT_MARGIN_SQ0p750_SPQ1p000_DSQ0p500_TOP2_H900_long_only_taker_entry_taker_exit_CAP250000_NOT100000_CONC2_zerodha_2x_all_in_cost_proxy,WIPRO,10-Jul-2026 15:46:57,post_close,2026-07-13,market_open_next_available_real_l2_day,Copy of Newspaper Publication,filled,900,1783914300000,1783914305195,1783915209710,5195,904515,0,174.45499999999998,174.745,16.623197959360322,174.41,174.5,174.71,174.78,0.0900000000000034,0.0699999999999931,-0.2283965728274173,-0.0322495374041765,-0.426126640045636,0.0567430416730739,0.0,-0.0188679245283018,573,99988.5,100108.83,120.33000000000176,82.68449572598001,165.36899145196003,-45.03899145195828,-285.6989914519618,250000.0,100000.0,2,zerodha_equity_intraday_nse_order_formula_v2_2026_07_14,zerodha_2x_all_in_cost_proxy,0,NIFTYBEES,300,273.245,273.245,273.015,0.0,-8.417354388918774
P341_2026-07-13_WIPRO_106693588,P335_P334_LANE_D_HORIZON_AND_EXIT_MARGIN_SQ0p750_SPQ1p000_DSQ0p500_TOP2_H900_long_only_taker_entry_taker_exit_CAP250000_NOT100000_CONC2_zerodha_2x_all_in_cost_proxy,WIPRO,10-Jul-2026 15:46:57,post_close,2026-07-13,market_open_next_available_real_l2_day,Copy of Newspaper Publication,filled,900,1783914300000,1783914305195,1783915209710,5195,904515,0,174.45499999999998,174.745,16.623197959360322,174.41,174.5,174.71,174.78,0.0900000000000034,0.0699999999999931,-0.2283965728274173,-0.0322495374041765,-0.426126640045636,0.0567430416730739,0.0,-0.0188679245283018,573,99988.5,100108.83,120.33000000000176,82.68449572598001,165.36899145196003,-45.03899145195828,-285.6989914519618,250000.0,100000.0,2,zerodha_equity_intraday_nse_order_formula_v2_2026_07_14,zerodha_2x_all_in_cost_proxy,0,NIFTYBEES,900,273.245,273.245,273.015,0.0,-8.417354388918774
P341_2026-07-13_WIPRO_106693588,P335_P334_LANE_D_HORIZON_AND_EXIT_MARGIN_SQ0p750_SPQ1p000_DSQ0p500_TOP2_H900_long_only_taker_entry_taker_exit_CAP250000_NOT100000_CONC2_zerodha_2x_all_in_cost_proxy,WIPRO,10-Jul-2026 15:46:57,post_close,2026-07-13,market_open_next_available_real_l2_day,Copy of Newspaper Publication,filled,900,1783914300000,1783914305195,1783915209710,5195,904515,0,174.45499999999998,174.745,16.623197959360322,174.41,174.5,174.71,174.78,0.0900000000000034,0.0699999999999931,-0.2283965728274173,-0.0322495374041765,-0.426126640045636,0.0567430416730739,0.0,-0.0188679245283018,573,99988.5,100108.83,120.33000000000176,82.68449572598001,165.36899145196003,-45.03899145195828,-285.6989914519618,250000.0,100000.0,2,zerodha_equity_intraday_nse_order_formula_v2_2026_07_14,zerodha_2x_all_in_cost_proxy,0,BANKBEES,300,595.86,595.86,595.6949999999999,0.0,-2.769106837178237
P341_2026-07-13_WIPRO_106693588,P335_P334_LANE_D_HORIZON_AND_EXIT_MARGIN_SQ0p750_SPQ1p000_DSQ0p500_TOP2_H900_long_only_taker_entry_taker_exit_CAP250000_NOT100000_CONC2_zerodha_2x_all_in_cost_proxy,WIPRO,10-Jul-2026 15:46:57,post_close,2026-07-13,market_open_next_available_real_l2_day,Copy of Newspaper Publication,filled,900,1783914300000,1783914305195,1783915209710,5195,904515,0,174.45499999999998,174.745,16.623197959360322,174.41,174.5,174.71,174.78,0.0900000000000034,0.0699999999999931,-0.2283965728274173,-0.0322495374041765,-0.426126640045636,0.0567430416730739,0.0,-0.0188679245283018,573,99988.5,100108.83,120.33000000000176,82.68449572598001,165.36899145196003,-45.03899145195828,-285.6989914519618,250000.0,100000.0,2,zerodha_equity_intraday_nse_order_formula_v2_2026_07_14,zerodha_2x_all_in_cost_proxy,0,BANKBEES,900,595.86,595.86,595.6949999999999,0.0,-2.769106837178237
P341_2026-07-14_BHARTIARTL_106696754,P335_P334_LANE_D_HORIZON_AND_EXIT_MARGIN_SQ0p750_SPQ1p000_DSQ0p500_TOP2_H900_long_only_taker_entry_taker_exit_CAP250000_NOT100000_CONC2_zerodha_2x_all_in_cost_proxy,BHARTIARTL,14-Jul-2026 11:58:18,regular_session,2026-07-14,first_real_tick_after_announcement,Press Release,filled,900,1784010498000,1784010498095,1784011399291,95,901196,0,1933.95,1935.5,8.014684971172752,1933.9,1934.0,1935.4,1935.6,0.099999999999909,0.1999999999998181,-0.292239138507241,0.574486301369863,0.1657235246564268,0.6500461680517082,-0.3333333333333333,-0.0833333333333333,51,98634.0,98705.4,71.40000000000873,82.54069759640001,165.08139519280002,-93.68139519279129,-236.48139519280875,250000.0,100000.0,2,zerodha_equity_intraday_nse_order_formula_v2_2026_07_14,zerodha_2x_all_in_cost_proxy,1,NIFTYBEES,300,273.855,274.06,273.865,-7.480113843683078,0.36515674353143623
P341_2026-07-14_BHARTIARTL_106696754,P335_P334_LANE_D_HORIZON_AND_EXIT_MARGIN_SQ0p750_SPQ1p000_DSQ0p500_TOP2_H900_long_only_taker_entry_taker_exit_CAP250000_NOT100000_CONC2_zerodha_2x_all_in_cost_proxy,BHARTIARTL,14-Jul-2026 11:58:18,regular_session,2026-07-14,first_real_tick_after_announcement,Press Release,filled,900,1784010498000,1784010498095,1784011399291,95,901196,0,1933.95,1935.5,8.014684971172752,1933.9,1934.0,1935.4,1935.6,0.099999999999909,0.1999999999998181,-0.292239138507241,0.574486301369863,0.1657235246564268,0.6500461680517082,-0.3333333333333333,-0.0833333333333333,51,98634.0,98705.4,71.40000000000873,82.54069759640001,165.08139519280002,-93.68139519279129,-236.48139519280875,250000.0,100000.0,2,zerodha_equity_intraday_nse_order_formula_v2_2026_07_14,zerodha_2x_all_in_cost_proxy,1,NIFTYBEES,900,273.855,273.83000000000004,273.865,0.9129752035930139,0.36515674353143623
P341_2026-07-14_BHARTIARTL_106696754,P335_P334_LANE_D_HORIZON_AND_EXIT_MARGIN_SQ0p750_SPQ1p000_DSQ0p500_TOP2_H900_long_only_taker_entry_taker_exit_CAP250000_NOT100000_CONC2_zerodha_2x_all_in_cost_proxy,BHARTIARTL,14-Jul-2026 11:58:18,regular_session,2026-07-14,first_real_tick_after_announcement,Press Release,filled,900,1784010498000,1784010498095,1784011399291,95,901196,0,1933.95,1935.5,8.014684971172752,1933.9,1934.0,1935.4,1935.6,0.099999999999909,0.1999999999998181,-0.292239138507241,0.574486301369863,0.1657235246564268,0.6500461680517082,-0.3333333333333333,-0.0833333333333333,51,98634.0,98705.4,71.40000000000873,82.54069759640001,165.08139519280002,-93.68139519279129,-236.48139519280875,250000.0,100000.0,2,zerodha_equity_intraday_nse_order_formula_v2_2026_07_14,zerodha_2x_all_in_cost_proxy,1,BANKBEES,300,595.165,595.565,594.7950000000001,-6.716311401779862,-6.216763418546156
P341_2026-07-14_BHARTIARTL_106696754,P335_P334_LANE_D_HORIZON_AND_EXIT_MARGIN_SQ0p750_SPQ1p000_DSQ0p500_TOP2_H900_long_only_taker_entry_taker_exit_CAP250000_NOT100000_CONC2_zerodha_2x_all_in_cost_proxy,BHARTIARTL,14-Jul-2026 11:58:18,regular_session,2026-07-14,first_real_tick_after_announcement,Press Release,filled,900,1784010498000,1784010498095,1784011399291,95,901196,0,1933.95,1935.5,8.014684971172752,1933.9,1934.0,1935.4,1935.6,0.099999999999909,0.1999999999998181,-0.292239138507241,0.574486301369863,0.1657235246564268,0.6500461680517082,-0.3333333333333333,-0.0833333333333333,51,98634.0,98705.4,71.40000000000873,82.54069759640001,165.08139519280002,-93.68139519279129,-236.48139519280875,250000.0,100000.0,2,zerodha_equity_intraday_nse_order_formula_v2_2026_07_14,zerodha_2x_all_in_cost_proxy,1,BANKBEES,900,595.165,594.95,594.7950000000001,3.6137490545407047,-6.216763418546156
P341_2026-07-14_CIPLA_106695963,P335_P334_LANE_D_HORIZON_AND_EXIT_MARGIN_SQ0p750_SPQ1p000_DSQ0p500_TOP2_H900_long_only_taker_entry_taker_exit_CAP250000_NOT100000_CONC2_zerodha_2x_all_in_cost_proxy,CIPLA,13-Jul-2026 18:29:03,post_close,2026-07-14,market_open_next_available_real_l2_day,"Certificate under SEBI (Depositories and Participants) Regulations, 2018",filled,900,1784000700000,1784000705449,1784001605553,5449,900104,0,1427.3,1445.35,126.46255167098684,1427.1,1427.5,1445.3,1445.4,0.4000000000000909,0.1000000000001364,0.4222222222222222,-0.6835509138381201,0.351981351981352,-0.6778666666666666,0.5625,0.0769230769230769,70,99925.0,101171.0,1246.0,82.719946976,165.439893952,1080.560106048,-1411.439893952,250000.0,100000.0,2,zerodha_equity_intraday_nse_order_formula_v2_2026_07_14,zerodha_2x_all_in_cost_proxy,0,NIFTYBEES,300,274.13,274.13,274.45500000000004,0.0,11.855688906725614
P341_2026-07-14_CIPLA_106695963,P335_P334_LANE_D_HORIZON_AND_EXIT_MARGIN_SQ0p750_SPQ1p000_DSQ0p500_TOP2_H900_long_only_taker_entry_taker_exit_CAP250000_NOT100000_CONC2_zerodha_2x_all_in_cost_proxy,CIPLA,13-Jul-2026 18:29:03,post_close,2026-07-14,market_open_next_available_real_l2_day,"Certificate under SEBI (Depositories and Participants) Regulations, 2018",filled,900,1784000700000,1784000705449,1784001605553,5449,900104,0,1427.3,1445.35,126.46255167098684,1427.1,1427.5,1445.3,1445.4,0.4000000000000909,0.1000000000001364,0.4222222222222222,-0.6835509138381201,0.351981351981352,-0.6778666666666666,0.5625,0.0769230769230769,70,99925.0,101171.0,1246.0,82.719946976,165.439893952,1080.560106048,-1411.439893952,250000.0,100000.0,2,zerodha_equity_intraday_nse_order_formula_v2_2026_07_14,zerodha_2x_all_in_cost_proxy,0,NIFTYBEES,900,274.13,274.13,274.45500000000004,0.0,11.855688906725614
P341_2026-07-14_CIPLA_106695963,P335_P334_LANE_D_HORIZON_AND_EXIT_MARGIN_SQ0p750_SPQ1p000_DSQ0p500_TOP2_H900_long_only_taker_entry_taker_exit_CAP250000_NOT100000_CONC2_zerodha_2x_all_in_cost_proxy,CIPLA,13-Jul-2026 18:29:03,post_close,2026-07-14,market_open_next_available_real_l2_day,"Certificate under SEBI (Depositories and Participants) Regulations, 2018",filled,900,1784000700000,1784000705449,1784001605553,5449,900104,0,1427.3,1445.35,126.46255167098684,1427.1,1427.5,1445.3,1445.4,0.4000000000000909,0.1000000000001364,0.4222222222222222,-0.6835509138381201,0.351981351981352,-0.6778666666666666,0.5625,0.0769230769230769,70,99925.0,101171.0,1246.0,82.719946976,165.439893952,1080.560106048,-1411.439893952,250000.0,100000.0,2,zerodha_equity_intraday_nse_order_formula_v2_2026_07_14,zerodha_2x_all_in_cost_proxy,0,BANKBEES,300,598.4,598.4,597.27,0.0,-18.883689839571673
P341_2026-07-14_CIPLA_106695963,P335_P334_LANE_D_HORIZON_AND_EXIT_MARGIN_SQ0p750_SPQ1p000_DSQ0p500_TOP2_H900_long_only_taker_entry_taker_exit_CAP250000_NOT100000_CONC2_zerodha_2x_all_in_cost_proxy,CIPLA,13-Jul-2026 18:29:03,post_close,2026-07-14,market_open_next_available_real_l2_day,"Certificate under SEBI (Depositories and Participants) Regulations, 2018",filled,900,1784000700000,1784000705449,1784001605553,5449,900104,0,1427.3,1445.35,126.46255167098684,1427.1,1427.5,1445.3,1445.4,0.4000000000000909,0.1000000000001364,0.4222222222222222,-0.6835509138381201,0.351981351981352,-0.6778666666666666,0.5625,0.0769230769230769,70,99925.0,101171.0,1246.0,82.719946976,165.439893952,1080.560106048,-1411.439893952,250000.0,100000.0,2,zerodha_equity_intraday_nse_order_formula_v2_2026_07_14,zerodha_2x_all_in_cost_proxy,0,BANKBEES,900,598.4,598.4,597.27,0.0,-18.883689839571673
P341_2026-07-14_HCLTECH_106695829,P335_P334_LANE_D_HORIZON_AND_EXIT_MARGIN_SQ0p750_SPQ1p000_DSQ0p500_TOP2_H900_long_only_taker_entry_taker_exit_CAP250000_NOT100000_CONC2_zerodha_2x_all_in_cost_proxy,HCLTECH,13-Jul-2026 17:41:00,post_close,2026-07-14,market_open_next_available_real_l2_day,Outcome of Board Meeting,filled,900,1784000700000,1784000700551,1784001604534,551,903983,0,1199.8,1199.15,-5.4175695949313525,1199.6,1200.0,1199.1,1199.2,0.4000000000000909,0.1000000000001364,-0.9576811235537958,0.1706811706811706,-0.95661025575773,0.2095185995623632,-0.1764705882352941,0.3333333333333333,83,99600.0,99525.3,-74.70000000001164,82.6364809718,165.2729619436,-239.97296194361164,-90.57296194358835,250000.0,100000.0,2,zerodha_equity_intraday_nse_order_formula_v2_2026_07_14,zerodha_2x_all_in_cost_proxy,1,NIFTYBEES,300,274.13,274.13,274.45500000000004,0.0,11.855688906725614
P341_2026-07-14_HCLTECH_106695829,P335_P334_LANE_D_HORIZON_AND_EXIT_MARGIN_SQ0p750_SPQ1p000_DSQ0p500_TOP2_H900_long_only_taker_entry_taker_exit_CAP250000_NOT100000_CONC2_zerodha_2x_all_in_cost_proxy,HCLTECH,13-Jul-2026 17:41:00,post_close,2026-07-14,market_open_next_available_real_l2_day,Outcome of Board Meeting,filled,900,1784000700000,1784000700551,1784001604534,551,903983,0,1199.8,1199.15,-5.4175695949313525,1199.6,1200.0,1199.1,1199.2,0.4000000000000909,0.1000000000001364,-0.9576811235537958,0.1706811706811706,-0.95661025575773,0.2095185995623632,-0.1764705882352941,0.3333333333333333,83,99600.0,99525.3,-74.70000000001164,82.6364809718,165.2729619436,-239.97296194361164,-90.57296194358835,250000.0,100000.0,2,zerodha_equity_intraday_nse_order_formula_v2_2026_07_14,zerodha_2x_all_in_cost_proxy,1,NIFTYBEES,900,274.13,274.13,274.45500000000004,0.0,11.855688906725614
P341_2026-07-14_HCLTECH_106695829,P335_P334_LANE_D_HORIZON_AND_EXIT_MARGIN_SQ0p750_SPQ1p000_DSQ0p500_TOP2_H900_long_only_taker_entry_taker_exit_CAP250000_NOT100000_CONC2_zerodha_2x_all_in_cost_proxy,HCLTECH,13-Jul-2026 17:41:00,post_close,2026-07-14,market_open_next_available_real_l2_day,Outcome of Board Meeting,filled,900,1784000700000,1784000700551,1784001604534,551,903983,0,1199.8,1199.15,-5.4175695949313525,1199.6,1200.0,1199.1,1199.2,0.4000000000000909,0.1000000000001364,-0.9576811235537958,0.1706811706811706,-0.95661025575773,0.2095185995623632,-0.1764705882352941,0.3333333333333333,83,99600.0,99525.3,-74.70000000001164,82.6364809718,165.2729619436,-239.97296194361164,-90.57296194358835,250000.0,100000.0,2,zerodha_equity_intraday_nse_order_formula_v2_2026_07_14,zerodha_2x_all_in_cost_proxy,1,BANKBEES,300,598.4,598.4,597.27,0.0,-18.883689839571673
P341_2026-07-14_HCLTECH_106695829,P335_P334_LANE_D_HORIZON_AND_EXIT_MARGIN_SQ0p750_SPQ1p000_DSQ0p500_TOP2_H900_long_only_taker_entry_taker_exit_CAP250000_NOT100000_CONC2_zerodha_2x_all_in_cost_proxy,HCLTECH,13-Jul-2026 17:41:00,post_close,2026-07-14,market_open_next_available_real_l2_day,Outcome of Board Meeting,filled,900,1784000700000,1784000700551,1784001604534,551,903983,0,1199.8,1199.15,-5.4175695949313525,1199.6,1200.0,1199.1,1199.2,0.4000000000000909,0.1000000000001364,-0.9576811235537958,0.1706811706811706,-0.95661025575773,0.2095185995623632,-0.1764705882352941,0.3333333333333333,83,99600.0,99525.3,-74.70000000001164,82.6364809718,165.2729619436,-239.97296194361164,-90.57296194358835,250000.0,100000.0,2,zerodha_equity_intraday_nse_order_formula_v2_2026_07_14,zerodha_2x_all_in_cost_proxy,1,BANKBEES,900,598.4,598.4,597.27,0.0,-18.883689839571673
P341_2026-07-14_HCLTECH_106695847,P335_P334_LANE_D_HORIZON_AND_EXIT_MARGIN_SQ0p750_SPQ1p000_DSQ0p500_TOP2_H900_long_only_taker_entry_taker_exit_CAP250000_NOT100000_CONC2_zerodha_2x_all_in_cost_proxy,HCLTECH,13-Jul-2026 17:46:28,post_close,2026-07-14,market_open_next_available_real_l2_day,Press Release,filled,900,1784000700000,1784000700551,1784001604534,551,903983,0,1199.8,1199.15,-5.4175695949313525,1199.6,1200.0,1199.1,1199.2,0.4000000000000909,0.1000000000001364,-0.9576811235537958,0.1706811706811706,-0.95661025575773,0.2095185995623632,-0.1764705882352941,0.3333333333333333,83,99600.0,99525.3,-74.70000000001164,82.6364809718,165.2729619436,-239.97296194361164,-90.57296194358835,250000.0,100000.0,2,zerodha_equity_intraday_nse_order_formula_v2_2026_07_14,zerodha_2x_all_in_cost_proxy,1,NIFTYBEES,300,274.13,274.13,274.45500000000004,0.0,11.855688906725614
P341_2026-07-14_HCLTECH_106695847,P335_P334_LANE_D_HORIZON_AND_EXIT_MARGIN_SQ0p750_SPQ1p000_DSQ0p500_TOP2_H900_long_only_taker_entry_taker_exit_CAP250000_NOT100000_CONC2_zerodha_2x_all_in_cost_proxy,HCLTECH,13-Jul-2026 17:46:28,post_close,2026-07-14,market_open_next_available_real_l2_day,Press Release,filled,900,1784000700000,1784000700551,1784001604534,551,903983,0,1199.8,1199.15,-5.4175695949313525,1199.6,1200.0,1199.1,1199.2,0.4000000000000909,0.1000000000001364,-0.9576811235537958,0.1706811706811706,-0.95661025575773,0.2095185995623632,-0.1764705882352941,0.3333333333333333,83,99600.0,99525.3,-74.70000000001164,82.6364809718,165.2729619436,-239.97296194361164,-90.57296194358835,250000.0,100000.0,2,zerodha_equity_intraday_nse_order_formula_v2_2026_07_14,zerodha_2x_all_in_cost_proxy,1,NIFTYBEES,900,274.13,274.13,274.45500000000004,0.0,11.855688906725614
P341_2026-07-14_HCLTECH_106695847,P335_P334_LANE_D_HORIZON_AND_EXIT_MARGIN_SQ0p750_SPQ1p000_DSQ0p500_TOP2_H900_long_only_taker_entry_taker_exit_CAP250000_NOT100000_CONC2_zerodha_2x_all_in_cost_proxy,HCLTECH,13-Jul-2026 17:46:28,post_close,2026-07-14,market_open_next_available_real_l2_day,Press Release,filled,900,1784000700000,1784000700551,1784001604534,551,903983,0,1199.8,1199.15,-5.4175695949313525,1199.6,1200.0,1199.1,1199.2,0.4000000000000909,0.1000000000001364,-0.9576811235537958,0.1706811706811706,-0.95661025575773,0.2095185995623632,-0.1764705882352941,0.3333333333333333,83,99600.0,99525.3,-74.70000000001164,82.6364809718,165.2729619436,-239.97296194361164,-90.57296194358835,250000.0,100000.0,2,zerodha_equity_intraday_nse_order_formula_v2_2026_07_14,zerodha_2x_all_in_cost_proxy,1,BANKBEES,300,598.4,598.4,597.27,0.0,-18.883689839571673
P341_2026-07-14_HCLTECH_106695847,P335_P334_LANE_D_HORIZON_AND_EXIT_MARGIN_SQ0p750_SPQ1p000_DSQ0p500_TOP2_H900_long_only_taker_entry_taker_exit_CAP250000_NOT100000_CONC2_zerodha_2x_all_in_cost_proxy,HCLTECH,13-Jul-2026 17:46:28,post_close,2026-07-14,market_open_next_available_real_l2_day,Press Release,filled,900,1784000700000,1784000700551,1784001604534,551,903983,0,1199.8,1199.15,-5.4175695949313525,1199.6,1200.0,1199.1,1199.2,0.4000000000000909,0.1000000000001364,-0.9576811235537958,0.1706811706811706,-0.95661025575773,0.2095185995623632,-0.1764705882352941,0.3333333333333333,83,99600.0,99525.3,-74.70000000001164,82.6364809718,165.2729619436,-239.97296194361164,-90.57296194358835,250000.0,100000.0,2,zerodha_equity_intraday_nse_order_formula_v2_2026_07_14,zerodha_2x_all_in_cost_proxy,1,BANKBEES,900,598.4,598.4,597.27,0.0,-18.883689839571673
P341_2026-07-14_HCLTECH_106695856,P335_P334_LANE_D_HORIZON_AND_EXIT_MARGIN_SQ0p750_SPQ1p000_DSQ0p500_TOP2_H900_long_only_taker_entry_taker_exit_CAP250000_NOT100000_CONC2_zerodha_2x_all_in_cost_proxy,HCLTECH,13-Jul-2026 17:49:49,post_close,2026-07-14,market_open_next_available_real_l2_day,General Updates,filled,900,1784000700000,1784000700551,1784001604534,551,903983,0,1199.8,1199.15,-5.4175695949313525,1199.6,1200.0,1199.1,1199.2,0.4000000000000909,0.1000000000001364,-0.9576811235537958,0.1706811706811706,-0.95661025575773,0.2095185995623632,-0.1764705882352941,0.3333333333333333,83,99600.0,99525.3,-74.70000000001164,82.6364809718,165.2729619436,-239.97296194361164,-90.57296194358835,250000.0,100000.0,2,zerodha_equity_intraday_nse_order_formula_v2_2026_07_14,zerodha_2x_all_in_cost_proxy,0,NIFTYBEES,300,274.13,274.13,274.45500000000004,0.0,11.855688906725614
P341_2026-07-14_HCLTECH_106695856,P335_P334_LANE_D_HORIZON_AND_EXIT_MARGIN_SQ0p750_SPQ1p000_DSQ0p500_TOP2_H900_long_only_taker_entry_taker_exit_CAP250000_NOT100000_CONC2_zerodha_2x_all_in_cost_proxy,HCLTECH,13-Jul-2026 17:49:49,post_close,2026-07-14,market_open_next_available_real_l2_day,General Updates,filled,900,1784000700000,1784000700551,1784001604534,551,903983,0,1199.8,1199.15,-5.4175695949313525,1199.6,1200.0,1199.1,1199.2,0.4000000000000909,0.1000000000001364,-0.9576811235537958,0.1706811706811706,-0.95661025575773,0.2095185995623632,-0.1764705882352941,0.3333333333333333,83,99600.0,99525.3,-74.70000000001164,82.6364809718,165.2729619436,-239.97296194361164,-90.57296194358835,250000.0,100000.0,2,zerodha_equity_intraday_nse_order_formula_v2_2026_07_14,zerodha_2x_all_in_cost_proxy,0,NIFTYBEES,900,274.13,274.13,274.45500000000004,0.0,11.855688906725614
P341_2026-07-14_HCLTECH_106695856,P335_P334_LANE_D_HORIZON_AND_EXIT_MARGIN_SQ0p750_SPQ1p000_DSQ0p500_TOP2_H900_long_only_taker_entry_taker_exit_CAP250000_NOT100000_CONC2_zerodha_2x_all_in_cost_proxy,HCLTECH,13-Jul-2026 17:49:49,post_close,2026-07-14,market_open_next_available_real_l2_day,General Updates,filled,900,1784000700000,1784000700551,1784001604534,551,903983,0,1199.8,1199.15,-5.4175695949313525,1199.6,1200.0,1199.1,1199.2,0.4000000000000909,0.1000000000001364,-0.9576811235537958,0.1706811706811706,-0.95661025575773,0.2095185995623632,-0.1764705882352941,0.3333333333333333,83,99600.0,99525.3,-74.70000000001164,82.6364809718,165.2729619436,-239.97296194361164,-90.57296194358835,250000.0,100000.0,2,zerodha_equity_intraday_nse_order_formula_v2_2026_07_14,zerodha_2x_all_in_cost_proxy,0,BANKBEES,300,598.4,598.4,597.27,0.0,-18.883689839571673
P341_2026-07-14_HCLTECH_106695856,P335_P334_LANE_D_HORIZON_AND_EXIT_MARGIN_SQ0p750_SPQ1p000_DSQ0p500_TOP2_H900_long_only_taker_entry_taker_exit_CAP250000_NOT100000_CONC2_zerodha_2x_all_in_cost_proxy,HCLTECH,13-Jul-2026 17:49:49,post_close,2026-07-14,market_open_next_available_real_l2_day,General Updates,filled,900,1784000700000,1784000700551,1784001604534,551,903983,0,1199.8,1199.15,-5.4175695949313525,1199.6,1200.0,1199.1,1199.2,0.4000000000000909,0.1000000000001364,-0.9576811235537958,0.1706811706811706,-0.95661025575773,0.2095185995623632,-0.1764705882352941,0.3333333333333333,83,99600.0,99525.3,-74.70000000001164,82.6364809718,165.2729619436,-239.97296194361164,-90.57296194358835,250000.0,100000.0,2,zerodha_equity_intraday_nse_order_formula_v2_2026_07_14,zerodha_2x_all_in_cost_proxy,0,BANKBEES,900,598.4,598.4,597.27,0.0,-18.883689839571673
P341_2026-07-14_HCLTECH_106695864,P335_P334_LANE_D_HORIZON_AND_EXIT_MARGIN_SQ0p750_SPQ1p000_DSQ0p500_TOP2_H900_long_only_taker_entry_taker_exit_CAP250000_NOT100000_CONC2_zerodha_2x_all_in_cost_proxy,HCLTECH,13-Jul-2026 17:53:19,post_close,2026-07-14,market_open_next_available_real_l2_day,Dividend,filled,900,1784000700000,1784000700551,1784001604534,551,903983,0,1199.8,1199.15,-5.4175695949313525,1199.6,1200.0,1199.1,1199.2,0.4000000000000909,0.1000000000001364,-0.9576811235537958,0.1706811706811706,-0.95661025575773,0.2095185995623632,-0.1764705882352941,0.3333333333333333,83,99600.0,99525.3,-74.70000000001164,82.6364809718,165.2729619436,-239.97296194361164,-90.57296194358835,250000.0,100000.0,2,zerodha_equity_intraday_nse_order_formula_v2_2026_07_14,zerodha_2x_all_in_cost_proxy,0,NIFTYBEES,300,274.13,274.13,274.45500000000004,0.0,11.855688906725614
P341_2026-07-14_HCLTECH_106695864,P335_P334_LANE_D_HORIZON_AND_EXIT_MARGIN_SQ0p750_SPQ1p000_DSQ0p500_TOP2_H900_long_only_taker_entry_taker_exit_CAP250000_NOT100000_CONC2_zerodha_2x_all_in_cost_proxy,HCLTECH,13-Jul-2026 17:53:19,post_close,2026-07-14,market_open_next_available_real_l2_day,Dividend,filled,900,1784000700000,1784000700551,1784001604534,551,903983,0,1199.8,1199.15,-5.4175695949313525,1199.6,1200.0,1199.1,1199.2,0.4000000000000909,0.1000000000001364,-0.9576811235537958,0.1706811706811706,-0.95661025575773,0.2095185995623632,-0.1764705882352941,0.3333333333333333,83,99600.0,99525.3,-74.70000000001164,82.6364809718,165.2729619436,-239.97296194361164,-90.57296194358835,250000.0,100000.0,2,zerodha_equity_intraday_nse_order_formula_v2_2026_07_14,zerodha_2x_all_in_cost_proxy,0,NIFTYBEES,900,274.13,274.13,274.45500000000004,0.0,11.855688906725614
P341_2026-07-14_HCLTECH_106695864,P335_P334_LANE_D_HORIZON_AND_EXIT_MARGIN_SQ0p750_SPQ1p000_DSQ0p500_TOP2_H900_long_only_taker_entry_taker_exit_CAP250000_NOT100000_CONC2_zerodha_2x_all_in_cost_proxy,HCLTECH,13-Jul-2026 17:53:19,post_close,2026-07-14,market_open_next_available_real_l2_day,Dividend,filled,900,1784000700000,1784000700551,1784001604534,551,903983,0,1199.8,1199.15,-5.4175695949313525,1199.6,1200.0,1199.1,1199.2,0.4000000000000909,0.1000000000001364,-0.9576811235537958,0.1706811706811706,-0.95661025575773,0.2095185995623632,-0.1764705882352941,0.3333333333333333,83,99600.0,99525.3,-74.70000000001164,82.6364809718,165.2729619436,-239.97296194361164,-90.57296194358835,250000.0,100000.0,2,zerodha_equity_intraday_nse_order_formula_v2_2026_07_14,zerodha_2x_all_in_cost_proxy,0,BANKBEES,300,598.4,598.4,597.27,0.0,-18.883689839571673
P341_2026-07-14_HCLTECH_106695864,P335_P334_LANE_D_HORIZON_AND_EXIT_MARGIN_SQ0p750_SPQ1p000_DSQ0p500_TOP2_H900_long_only_taker_entry_taker_exit_CAP250000_NOT100000_CONC2_zerodha_2x_all_in_cost_proxy,HCLTECH,13-Jul-2026 17:53:19,post_close,2026-07-14,market_open_next_available_real_l2_day,Dividend,filled,900,1784000700000,1784000700551,1784001604534,551,903983,0,1199.8,1199.15,-5.4175695949313525,1199.6,1200.0,1199.1,1199.2,0.4000000000000909,0.1000000000001364,-0.9576811235537958,0.1706811706811706,-0.95661025575773,0.2095185995623632,-0.1764705882352941,0.3333333333333333,83,99600.0,99525.3,-74.70000000001164,82.6364809718,165.2729619436,-239.97296194361164,-90.57296194358835,250000.0,100000.0,2,zerodha_equity_intraday_nse_order_formula_v2_2026_07_14,zerodha_2x_all_in_cost_proxy,0,BANKBEES,900,598.4,598.4,597.27,0.0,-18.883689839571673
P341_2026-07-14_HCLTECH_106695871,P335_P334_LANE_D_HORIZON_AND_EXIT_MARGIN_SQ0p750_SPQ1p000_DSQ0p500_TOP2_H900_long_only_taker_entry_taker_exit_CAP250000_NOT100000_CONC2_zerodha_2x_all_in_cost_proxy,HCLTECH,13-Jul-2026 17:55:38,post_close,2026-07-14,market_open_next_available_real_l2_day,Record Date,filled,900,1784000700000,1784000700551,1784001604534,551,903983,0,1199.8,1199.15,-5.4175695949313525,1199.6,1200.0,1199.1,1199.2,0.4000000000000909,0.1000000000001364,-0.9576811235537958,0.1706811706811706,-0.95661025575773,0.2095185995623632,-0.1764705882352941,0.3333333333333333,83,99600.0,99525.3,-74.70000000001164,82.6364809718,165.2729619436,-239.97296194361164,-90.57296194358835,250000.0,100000.0,2,zerodha_equity_intraday_nse_order_formula_v2_2026_07_14,zerodha_2x_all_in_cost_proxy,0,NIFTYBEES,300,274.13,274.13,274.45500000000004,0.0,11.855688906725614
P341_2026-07-14_HCLTECH_106695871,P335_P334_LANE_D_HORIZON_AND_EXIT_MARGIN_SQ0p750_SPQ1p000_DSQ0p500_TOP2_H900_long_only_taker_entry_taker_exit_CAP250000_NOT100000_CONC2_zerodha_2x_all_in_cost_proxy,HCLTECH,13-Jul-2026 17:55:38,post_close,2026-07-14,market_open_next_available_real_l2_day,Record Date,filled,900,1784000700000,1784000700551,1784001604534,551,903983,0,1199.8,1199.15,-5.4175695949313525,1199.6,1200.0,1199.1,1199.2,0.4000000000000909,0.1000000000001364,-0.9576811235537958,0.1706811706811706,-0.95661025575773,0.2095185995623632,-0.1764705882352941,0.3333333333333333,83,99600.0,99525.3,-74.70000000001164,82.6364809718,165.2729619436,-239.97296194361164,-90.57296194358835,250000.0,100000.0,2,zerodha_equity_intraday_nse_order_formula_v2_2026_07_14,zerodha_2x_all_in_cost_proxy,0,NIFTYBEES,900,274.13,274.13,274.45500000000004,0.0,11.855688906725614
P341_2026-07-14_HCLTECH_106695871,P335_P334_LANE_D_HORIZON_AND_EXIT_MARGIN_SQ0p750_SPQ1p000_DSQ0p500_TOP2_H900_long_only_taker_entry_taker_exit_CAP250000_NOT100000_CONC2_zerodha_2x_all_in_cost_proxy,HCLTECH,13-Jul-2026 17:55:38,post_close,2026-07-14,market_open_next_available_real_l2_day,Record Date,filled,900,1784000700000,1784000700551,1784001604534,551,903983,0,1199.8,1199.15,-5.4175695949313525,1199.6,1200.0,1199.1,1199.2,0.4000000000000909,0.1000000000001364,-0.9576811235537958,0.1706811706811706,-0.95661025575773,0.2095185995623632,-0.1764705882352941,0.3333333333333333,83,99600.0,99525.3,-74.70000000001164,82.6364809718,165.2729619436,-239.97296194361164,-90.57296194358835,250000.0,100000.0,2,zerodha_equity_intraday_nse_order_formula_v2_2026_07_14,zerodha_2x_all_in_cost_proxy,0,BANKBEES,300,598.4,598.4,597.27,0.0,-18.883689839571673
P341_2026-07-14_HCLTECH_106695871,P335_P334_LANE_D_HORIZON_AND_EXIT_MARGIN_SQ0p750_SPQ1p000_DSQ0p500_TOP2_H900_long_only_taker_entry_taker_exit_CAP250000_NOT100000_CONC2_zerodha_2x_all_in_cost_proxy,HCLTECH,13-Jul-2026 17:55:38,post_close,2026-07-14,market_open_next_available_real_l2_day,Record Date,filled,900,1784000700000,1784000700551,1784001604534,551,903983,0,1199.8,1199.15,-5.4175695949313525,1199.6,1200.0,1199.1,1199.2,0.4000000000000909,0.1000000000001364,-0.9576811235537958,0.1706811706811706,-0.95661025575773,0.2095185995623632,-0.1764705882352941,0.3333333333333333,83,99600.0,99525.3,-74.70000000001164,82.6364809718,165.2729619436,-239.97296194361164,-90.57296194358835,250000.0,100000.0,2,zerodha_equity_intraday_nse_order_formula_v2_2026_07_14,zerodha_2x_all_in_cost_proxy,0,BANKBEES,900,598.4,598.4,597.27,0.0,-18.883689839571673
P341_2026-07-14_HCLTECH_106695928,P335_P334_LANE_D_HORIZON_AND_EXIT_MARGIN_SQ0p750_SPQ1p000_DSQ0p500_TOP2_H900_long_only_taker_entry_taker_exit_CAP250000_NOT100000_CONC2_zerodha_2x_all_in_cost_proxy,HCLTECH,13-Jul-2026 18:20:56,post_close,2026-07-14,market_open_next_available_real_l2_day,General Updates,filled,900,1784000700000,1784000700551,1784001604534,551,903983,0,1199.8,1199.15,-5.4175695949313525,1199.6,1200.0,1199.1,1199.2,0.4000000000000909,0.1000000000001364,-0.9576811235537958,0.1706811706811706,-0.95661025575773,0.2095185995623632,-0.1764705882352941,0.3333333333333333,83,99600.0,99525.3,-74.70000000001164,82.6364809718,165.2729619436,-239.97296194361164,-90.57296194358835,250000.0,100000.0,2,zerodha_equity_intraday_nse_order_formula_v2_2026_07_14,zerodha_2x_all_in_cost_proxy,0,NIFTYBEES,300,274.13,274.13,274.45500000000004,0.0,11.855688906725614
P341_2026-07-14_HCLTECH_106695928,P335_P334_LANE_D_HORIZON_AND_EXIT_MARGIN_SQ0p750_SPQ1p000_DSQ0p500_TOP2_H900_long_only_taker_entry_taker_exit_CAP250000_NOT100000_CONC2_zerodha_2x_all_in_cost_proxy,HCLTECH,13-Jul-2026 18:20:56,post_close,2026-07-14,market_open_next_available_real_l2_day,General Updates,filled,900,1784000700000,1784000700551,1784001604534,551,903983,0,1199.8,1199.15,-5.4175695949313525,1199.6,1200.0,1199.1,1199.2,0.4000000000000909,0.1000000000001364,-0.9576811235537958,0.1706811706811706,-0.95661025575773,0.2095185995623632,-0.1764705882352941,0.3333333333333333,83,99600.0,99525.3,-74.70000000001164,82.6364809718,165.2729619436,-239.97296194361164,-90.57296194358835,250000.0,100000.0,2,zerodha_equity_intraday_nse_order_formula_v2_2026_07_14,zerodha_2x_all_in_cost_proxy,0,NIFTYBEES,900,274.13,274.13,274.45500000000004,0.0,11.855688906725614
P341_2026-07-14_HCLTECH_106695928,P335_P334_LANE_D_HORIZON_AND_EXIT_MARGIN_SQ0p750_SPQ1p000_DSQ0p500_TOP2_H900_long_only_taker_entry_taker_exit_CAP250000_NOT100000_CONC2_zerodha_2x_all_in_cost_proxy,HCLTECH,13-Jul-2026 18:20:56,post_close,2026-07-14,market_open_next_available_real_l2_day,General Updates,filled,900,1784000700000,1784000700551,1784001604534,551,903983,0,1199.8,1199.15,-5.4175695949313525,1199.6,1200.0,1199.1,1199.2,0.4000000000000909,0.1000000000001364,-0.9576811235537958,0.1706811706811706,-0.95661025575773,0.2095185995623632,-0.1764705882352941,0.3333333333333333,83,99600.0,99525.3,-74.70000000001164,82.6364809718,165.2729619436,-239.97296194361164,-90.57296194358835,250000.0,100000.0,2,zerodha_equity_intraday_nse_order_formula_v2_2026_07_14,zerodha_2x_all_in_cost_proxy,0,BANKBEES,300,598.4,598.4,597.27,0.0,-18.883689839571673
P341_2026-07-14_HCLTECH_106695928,P335_P334_LANE_D_HORIZON_AND_EXIT_MARGIN_SQ0p750_SPQ1p000_DSQ0p500_TOP2_H900_long_only_taker_entry_taker_exit_CAP250000_NOT100000_CONC2_zerodha_2x_all_in_cost_proxy,HCLTECH,13-Jul-2026 18:20:56,post_close,2026-07-14,market_open_next_available_real_l2_day,General Updates,filled,900,1784000700000,1784000700551,1784001604534,551,903983,0,1199.8,1199.15,-5.4175695949313525,1199.6,1200.0,1199.1,1199.2,0.4000000000000909,0.1000000000001364,-0.9576811235537958,0.1706811706811706,-0.95661025575773,0.2095185995623632,-0.1764705882352941,0.3333333333333333,83,99600.0,99525.3,-74.70000000001164,82.6364809718,165.2729619436,-239.97296194361164,-90.57296194358835,250000.0,100000.0,2,zerodha_equity_intraday_nse_order_formula_v2_2026_07_14,zerodha_2x_all_in_cost_proxy,0,BANKBEES,900,598.4,598.4,597.27,0.0,-18.883689839571673
P341_2026-07-14_HCLTECH_106695980,P335_P334_LANE_D_HORIZON_AND_EXIT_MARGIN_SQ0p750_SPQ1p000_DSQ0p500_TOP2_H900_long_only_taker_entry_taker_exit_CAP250000_NOT100000_CONC2_zerodha_2x_all_in_cost_proxy,HCLTECH,13-Jul-2026 18:34:52,post_close,2026-07-14,market_open_next_available_real_l2_day,Change in Director(s),filled,900,1784000700000,1784000700551,1784001604534,551,903983,0,1199.8,1199.15,-5.4175695949313525,1199.6,1200.0,1199.1,1199.2,0.4000000000000909,0.1000000000001364,-0.9576811235537958,0.1706811706811706,-0.95661025575773,0.2095185995623632,-0.1764705882352941,0.3333333333333333,83,99600.0,99525.3,-74.70000000001164,82.6364809718,165.2729619436,-239.97296194361164,-90.57296194358835,250000.0,100000.0,2,zerodha_equity_intraday_nse_order_formula_v2_2026_07_14,zerodha_2x_all_in_cost_proxy,0,NIFTYBEES,300,274.13,274.13,274.45500000000004,0.0,11.855688906725614
P341_2026-07-14_HCLTECH_106695980,P335_P334_LANE_D_HORIZON_AND_EXIT_MARGIN_SQ0p750_SPQ1p000_DSQ0p500_TOP2_H900_long_only_taker_entry_taker_exit_CAP250000_NOT100000_CONC2_zerodha_2x_all_in_cost_proxy,HCLTECH,13-Jul-2026 18:34:52,post_close,2026-07-14,market_open_next_available_real_l2_day,Change in Director(s),filled,900,1784000700000,1784000700551,1784001604534,551,903983,0,1199.8,1199.15,-5.4175695949313525,1199.6,1200.0,1199.1,1199.2,0.4000000000000909,0.1000000000001364,-0.9576811235537958,0.1706811706811706,-0.95661025575773,0.2095185995623632,-0.1764705882352941,0.3333333333333333,83,99600.0,99525.3,-74.70000000001164,82.6364809718,165.2729619436,-239.97296194361164,-90.57296194358835,250000.0,100000.0,2,zerodha_equity_intraday_nse_order_formula_v2_2026_07_14,zerodha_2x_all_in_cost_proxy,0,NIFTYBEES,900,274.13,274.13,274.45500000000004,0.0,11.855688906725614
P341_2026-07-14_HCLTECH_106695980,P335_P334_LANE_D_HORIZON_AND_EXIT_MARGIN_SQ0p750_SPQ1p000_DSQ0p500_TOP2_H900_long_only_taker_entry_taker_exit_CAP250000_NOT100000_CONC2_zerodha_2x_all_in_cost_proxy,HCLTECH,13-Jul-2026 18:34:52,post_close,2026-07-14,market_open_next_available_real_l2_day,Change in Director(s),filled,900,1784000700000,1784000700551,1784001604534,551,903983,0,1199.8,1199.15,-5.4175695949313525,1199.6,1200.0,1199.1,1199.2,0.4000000000000909,0.1000000000001364,-0.9576811235537958,0.1706811706811706,-0.95661025575773,0.2095185995623632,-0.1764705882352941,0.3333333333333333,83,99600.0,99525.3,-74.70000000001164,82.6364809718,165.2729619436,-239.97296194361164,-90.57296194358835,250000.0,100000.0,2,zerodha_equity_intraday_nse_order_formula_v2_2026_07_14,zerodha_2x_all_in_cost_proxy,0,BANKBEES,300,598.4,598.4,597.27,0.0,-18.883689839571673
P341_2026-07-14_HCLTECH_106695980,P335_P334_LANE_D_HORIZON_AND_EXIT_MARGIN_SQ0p750_SPQ1p000_DSQ0p500_TOP2_H900_long_only_taker_entry_taker_exit_CAP250000_NOT100000_CONC2_zerodha_2x_all_in_cost_proxy,HCLTECH,13-Jul-2026 18:34:52,post_close,2026-07-14,market_open_next_available_real_l2_day,Change in Director(s),filled,900,1784000700000,1784000700551,1784001604534,551,903983,0,1199.8,1199.15,-5.4175695949313525,1199.6,1200.0,1199.1,1199.2,0.4000000000000909,0.1000000000001364,-0.9576811235537958,0.1706811706811706,-0.95661025575773,0.2095185995623632,-0.1764705882352941,0.3333333333333333,83,99600.0,99525.3,-74.70000000001164,82.6364809718,165.2729619436,-239.97296194361164,-90.57296194358835,250000.0,100000.0,2,zerodha_equity_intraday_nse_order_formula_v2_2026_07_14,zerodha_2x_all_in_cost_proxy,0,BANKBEES,900,598.4,598.4,597.27,0.0,-18.883689839571673
P341_2026-07-14_HCLTECH_106695992,P335_P334_LANE_D_HORIZON_AND_EXIT_MARGIN_SQ0p750_SPQ1p000_DSQ0p500_TOP2_H900_long_only_taker_entry_taker_exit_CAP250000_NOT100000_CONC2_zerodha_2x_all_in_cost_proxy,HCLTECH,13-Jul-2026 18:39:10,post_close,2026-07-14,market_open_next_available_real_l2_day,Updates,filled,900,1784000700000,1784000700551,1784001604534,551,903983,0,1199.8,1199.15,-5.4175695949313525,1199.6,1200.0,1199.1,1199.2,0.4000000000000909,0.1000000000001364,-0.9576811235537958,0.1706811706811706,-0.95661025575773,0.2095185995623632,-0.1764705882352941,0.3333333333333333,83,99600.0,99525.3,-74.70000000001164,82.6364809718,165.2729619436,-239.97296194361164,-90.57296194358835,250000.0,100000.0,2,zerodha_equity_intraday_nse_order_formula_v2_2026_07_14,zerodha_2x_all_in_cost_proxy,0,NIFTYBEES,300,274.13,274.13,274.45500000000004,0.0,11.855688906725614
P341_2026-07-14_HCLTECH_106695992,P335_P334_LANE_D_HORIZON_AND_EXIT_MARGIN_SQ0p750_SPQ1p000_DSQ0p500_TOP2_H900_long_only_taker_entry_taker_exit_CAP250000_NOT100000_CONC2_zerodha_2x_all_in_cost_proxy,HCLTECH,13-Jul-2026 18:39:10,post_close,2026-07-14,market_open_next_available_real_l2_day,Updates,filled,900,1784000700000,1784000700551,1784001604534,551,903983,0,1199.8,1199.15,-5.4175695949313525,1199.6,1200.0,1199.1,1199.2,0.4000000000000909,0.1000000000001364,-0.9576811235537958,0.1706811706811706,-0.95661025575773,0.2095185995623632,-0.1764705882352941,0.3333333333333333,83,99600.0,99525.3,-74.70000000001164,82.6364809718,165.2729619436,-239.97296194361164,-90.57296194358835,250000.0,100000.0,2,zerodha_equity_intraday_nse_order_formula_v2_2026_07_14,zerodha_2x_all_in_cost_proxy,0,NIFTYBEES,900,274.13,274.13,274.45500000000004,0.0,11.855688906725614
P341_2026-07-14_HCLTECH_106695992,P335_P334_LANE_D_HORIZON_AND_EXIT_MARGIN_SQ0p750_SPQ1p000_DSQ0p500_TOP2_H900_long_only_taker_entry_taker_exit_CAP250000_NOT100000_CONC2_zerodha_2x_all_in_cost_proxy,HCLTECH,13-Jul-2026 18:39:10,post_close,2026-07-14,market_open_next_available_real_l2_day,Updates,filled,900,1784000700000,1784000700551,1784001604534,551,903983,0,1199.8,1199.15,-5.4175695949313525,1199.6,1200.0,1199.1,1199.2,0.4000000000000909,0.1000000000001364,-0.9576811235537958,0.1706811706811706,-0.95661025575773,0.2095185995623632,-0.1764705882352941,0.3333333333333333,83,99600.0,99525.3,-74.70000000001164,82.6364809718,165.2729619436,-239.97296194361164,-90.57296194358835,250000.0,100000.0,2,zerodha_equity_intraday_nse_order_formula_v2_2026_07_14,zerodha_2x_all_in_cost_proxy,0,BANKBEES,300,598.4,598.4,597.27,0.0,-18.883689839571673
P341_2026-07-14_HCLTECH_106695992,P335_P334_LANE_D_HORIZON_AND_EXIT_MARGIN_SQ0p750_SPQ1p000_DSQ0p500_TOP2_H900_long_only_taker_entry_taker_exit_CAP250000_NOT100000_CONC2_zerodha_2x_all_in_cost_proxy,HCLTECH,13-Jul-2026 18:39:10,post_close,2026-07-14,market_open_next_available_real_l2_day,Updates,filled,900,1784000700000,1784000700551,1784001604534,551,903983,0,1199.8,1199.15,-5.4175695949313525,1199.6,1200.0,1199.1,1199.2,0.4000000000000909,0.1000000000001364,-0.9576811235537958,0.1706811706811706,-0.95661025575773,0.2095185995623632,-0.1764705882352941,0.3333333333333333,83,99600.0,99525.3,-74.70000000001164,82.6364809718,165.2729619436,-239.97296194361164,-90.57296194358835,250000.0,100000.0,2,zerodha_equity_intraday_nse_order_formula_v2_2026_07_14,zerodha_2x_all_in_cost_proxy,0,BANKBEES,900,598.4,598.4,597.27,0.0,-18.883689839571673
P341_2026-07-14_HCLTECH_106696002,P335_P334_LANE_D_HORIZON_AND_EXIT_MARGIN_SQ0p750_SPQ1p000_DSQ0p500_TOP2_H900_long_only_taker_entry_taker_exit_CAP250000_NOT100000_CONC2_zerodha_2x_all_in_cost_proxy,HCLTECH,13-Jul-2026 18:42:59,post_close,2026-07-14,market_open_next_available_real_l2_day,Updates,filled,900,1784000700000,1784000700551,1784001604534,551,903983,0,1199.8,1199.15,-5.4175695949313525,1199.6,1200.0,1199.1,1199.2,0.4000000000000909,0.1000000000001364,-0.9576811235537958,0.1706811706811706,-0.95661025575773,0.2095185995623632,-0.1764705882352941,0.3333333333333333,83,99600.0,99525.3,-74.70000000001164,82.6364809718,165.2729619436,-239.97296194361164,-90.57296194358835,250000.0,100000.0,2,zerodha_equity_intraday_nse_order_formula_v2_2026_07_14,zerodha_2x_all_in_cost_proxy,0,NIFTYBEES,300,274.13,274.13,274.45500000000004,0.0,11.855688906725614
P341_2026-07-14_HCLTECH_106696002,P335_P334_LANE_D_HORIZON_AND_EXIT_MARGIN_SQ0p750_SPQ1p000_DSQ0p500_TOP2_H900_long_only_taker_entry_taker_exit_CAP250000_NOT100000_CONC2_zerodha_2x_all_in_cost_proxy,HCLTECH,13-Jul-2026 18:42:59,post_close,2026-07-14,market_open_next_available_real_l2_day,Updates,filled,900,1784000700000,1784000700551,1784001604534,551,903983,0,1199.8,1199.15,-5.4175695949313525,1199.6,1200.0,1199.1,1199.2,0.4000000000000909,0.1000000000001364,-0.9576811235537958,0.1706811706811706,-0.95661025575773,0.2095185995623632,-0.1764705882352941,0.3333333333333333,83,99600.0,99525.3,-74.70000000001164,82.6364809718,165.2729619436,-239.97296194361164,-90.57296194358835,250000.0,100000.0,2,zerodha_equity_intraday_nse_order_formula_v2_2026_07_14,zerodha_2x_all_in_cost_proxy,0,NIFTYBEES,900,274.13,274.13,274.45500000000004,0.0,11.855688906725614
P341_2026-07-14_HCLTECH_106696002,P335_P334_LANE_D_HORIZON_AND_EXIT_MARGIN_SQ0p750_SPQ1p000_DSQ0p500_TOP2_H900_long_only_taker_entry_taker_exit_CAP250000_NOT100000_CONC2_zerodha_2x_all_in_cost_proxy,HCLTECH,13-Jul-2026 18:42:59,post_close,2026-07-14,market_open_next_available_real_l2_day,Updates,filled,900,1784000700000,1784000700551,1784001604534,551,903983,0,1199.8,1199.15,-5.4175695949313525,1199.6,1200.0,1199.1,1199.2,0.4000000000000909,0.1000000000001364,-0.9576811235537958,0.1706811706811706,-0.95661025575773,0.2095185995623632,-0.1764705882352941,0.3333333333333333,83,99600.0,99525.3,-74.70000000001164,82.6364809718,165.2729619436,-239.97296194361164,-90.57296194358835,250000.0,100000.0,2,zerodha_equity_intraday_nse_order_formula_v2_2026_07_14,zerodha_2x_all_in_cost_proxy,0,BANKBEES,300,598.4,598.4,597.27,0.0,-18.883689839571673
P341_2026-07-14_HCLTECH_106696002,P335_P334_LANE_D_HORIZON_AND_EXIT_MARGIN_SQ0p750_SPQ1p000_DSQ0p500_TOP2_H900_long_only_taker_entry_taker_exit_CAP250000_NOT100000_CONC2_zerodha_2x_all_in_cost_proxy,HCLTECH,13-Jul-2026 18:42:59,post_close,2026-07-14,market_open_next_available_real_l2_day,Updates,filled,900,1784000700000,1784000700551,1784001604534,551,903983,0,1199.8,1199.15,-5.4175695949313525,1199.6,1200.0,1199.1,1199.2,0.4000000000000909,0.1000000000001364,-0.9576811235537958,0.1706811706811706,-0.95661025575773,0.2095185995623632,-0.1764705882352941,0.3333333333333333,83,99600.0,99525.3,-74.70000000001164,82.6364809718,165.2729619436,-239.97296194361164,-90.57296194358835,250000.0,100000.0,2,zerodha_equity_intraday_nse_order_formula_v2_2026_07_14,zerodha_2x_all_in_cost_proxy,0,BANKBEES,900,598.4,598.4,597.27,0.0,-18.883689839571673
P341_2026-07-14_HCLTECH_106696014,P335_P334_LANE_D_HORIZON_AND_EXIT_MARGIN_SQ0p750_SPQ1p000_DSQ0p500_TOP2_H900_long_only_taker_entry_taker_exit_CAP250000_NOT100000_CONC2_zerodha_2x_all_in_cost_proxy,HCLTECH,13-Jul-2026 18:47:42,post_close,2026-07-14,market_open_next_available_real_l2_day,Updates,filled,900,1784000700000,1784000700551,1784001604534,551,903983,0,1199.8,1199.15,-5.4175695949313525,1199.6,1200.0,1199.1,1199.2,0.4000000000000909,0.1000000000001364,-0.9576811235537958,0.1706811706811706,-0.95661025575773,0.2095185995623632,-0.1764705882352941,0.3333333333333333,83,99600.0,99525.3,-74.70000000001164,82.6364809718,165.2729619436,-239.97296194361164,-90.57296194358835,250000.0,100000.0,2,zerodha_equity_intraday_nse_order_formula_v2_2026_07_14,zerodha_2x_all_in_cost_proxy,0,NIFTYBEES,300,274.13,274.13,274.45500000000004,0.0,11.855688906725614
P341_2026-07-14_HCLTECH_106696014,P335_P334_LANE_D_HORIZON_AND_EXIT_MARGIN_SQ0p750_SPQ1p000_DSQ0p500_TOP2_H900_long_only_taker_entry_taker_exit_CAP250000_NOT100000_CONC2_zerodha_2x_all_in_cost_proxy,HCLTECH,13-Jul-2026 18:47:42,post_close,2026-07-14,market_open_next_available_real_l2_day,Updates,filled,900,1784000700000,1784000700551,1784001604534,551,903983,0,1199.8,1199.15,-5.4175695949313525,1199.6,1200.0,1199.1,1199.2,0.4000000000000909,0.1000000000001364,-0.9576811235537958,0.1706811706811706,-0.95661025575773,0.2095185995623632,-0.1764705882352941,0.3333333333333333,83,99600.0,99525.3,-74.70000000001164,82.6364809718,165.2729619436,-239.97296194361164,-90.57296194358835,250000.0,100000.0,2,zerodha_equity_intraday_nse_order_formula_v2_2026_07_14,zerodha_2x_all_in_cost_proxy,0,NIFTYBEES,900,274.13,274.13,274.45500000000004,0.0,11.855688906725614
P341_2026-07-14_HCLTECH_106696014,P335_P334_LANE_D_HORIZON_AND_EXIT_MARGIN_SQ0p750_SPQ1p000_DSQ0p500_TOP2_H900_long_only_taker_entry_taker_exit_CAP250000_NOT100000_CONC2_zerodha_2x_all_in_cost_proxy,HCLTECH,13-Jul-2026 18:47:42,post_close,2026-07-14,market_open_next_available_real_l2_day,Updates,filled,900,1784000700000,1784000700551,1784001604534,551,903983,0,1199.8,1199.15,-5.4175695949313525,1199.6,1200.0,1199.1,1199.2,0.4000000000000909,0.1000000000001364,-0.9576811235537958,0.1706811706811706,-0.95661025575773,0.2095185995623632,-0.1764705882352941,0.3333333333333333,83,99600.0,99525.3,-74.70000000001164,82.6364809718,165.2729619436,-239.97296194361164,-90.57296194358835,250000.0,100000.0,2,zerodha_equity_intraday_nse_order_formula_v2_2026_07_14,zerodha_2x_all_in_cost_proxy,0,BANKBEES,300,598.4,598.4,597.27,0.0,-18.883689839571673
P341_2026-07-14_HCLTECH_106696014,P335_P334_LANE_D_HORIZON_AND_EXIT_MARGIN_SQ0p750_SPQ1p000_DSQ0p500_TOP2_H900_long_only_taker_entry_taker_exit_CAP250000_NOT100000_CONC2_zerodha_2x_all_in_cost_proxy,HCLTECH,13-Jul-2026 18:47:42,post_close,2026-07-14,market_open_next_available_real_l2_day,Updates,filled,900,1784000700000,1784000700551,1784001604534,551,903983,0,1199.8,1199.15,-5.4175695949313525,1199.6,1200.0,1199.1,1199.2,0.4000000000000909,0.1000000000001364,-0.9576811235537958,0.1706811706811706,-0.95661025575773,0.2095185995623632,-0.1764705882352941,0.3333333333333333,83,99600.0,99525.3,-74.70000000001164,82.6364809718,165.2729619436,-239.97296194361164,-90.57296194358835,250000.0,100000.0,2,zerodha_equity_intraday_nse_order_formula_v2_2026_07_14,zerodha_2x_all_in_cost_proxy,0,BANKBEES,900,598.4,598.4,597.27,0.0,-18.883689839571673
P341_2026-07-14_HCLTECH_106696210,P335_P334_LANE_D_HORIZON_AND_EXIT_MARGIN_SQ0p750_SPQ1p000_DSQ0p500_TOP2_H900_long_only_taker_entry_taker_exit_CAP250000_NOT100000_CONC2_zerodha_2x_all_in_cost_proxy,HCLTECH,13-Jul-2026 21:38:18,post_close,2026-07-14,market_open_next_available_real_l2_day,Updates,filled,900,1784000700000,1784000700551,1784001604534,551,903983,0,1199.8,1199.15,-5.4175695949313525,1199.6,1200.0,1199.1,1199.2,0.4000000000000909,0.1000000000001364,-0.9576811235537958,0.1706811706811706,-0.95661025575773,0.2095185995623632,-0.1764705882352941,0.3333333333333333,83,99600.0,99525.3,-74.70000000001164,82.6364809718,165.2729619436,-239.97296194361164,-90.57296194358835,250000.0,100000.0,2,zerodha_equity_intraday_nse_order_formula_v2_2026_07_14,zerodha_2x_all_in_cost_proxy,0,NIFTYBEES,300,274.13,274.13,274.45500000000004,0.0,11.855688906725614
P341_2026-07-14_HCLTECH_106696210,P335_P334_LANE_D_HORIZON_AND_EXIT_MARGIN_SQ0p750_SPQ1p000_DSQ0p500_TOP2_H900_long_only_taker_entry_taker_exit_CAP250000_NOT100000_CONC2_zerodha_2x_all_in_cost_proxy,HCLTECH,13-Jul-2026 21:38:18,post_close,2026-07-14,market_open_next_available_real_l2_day,Updates,filled,900,1784000700000,1784000700551,1784001604534,551,903983,0,1199.8,1199.15,-5.4175695949313525,1199.6,1200.0,1199.1,1199.2,0.4000000000000909,0.1000000000001364,-0.9576811235537958,0.1706811706811706,-0.95661025575773,0.2095185995623632,-0.1764705882352941,0.3333333333333333,83,99600.0,99525.3,-74.70000000001164,82.6364809718,165.2729619436,-239.97296194361164,-90.57296194358835,250000.0,100000.0,2,zerodha_equity_intraday_nse_order_formula_v2_2026_07_14,zerodha_2x_all_in_cost_proxy,0,NIFTYBEES,900,274.13,274.13,274.45500000000004,0.0,11.855688906725614
P341_2026-07-14_HCLTECH_106696210,P335_P334_LANE_D_HORIZON_AND_EXIT_MARGIN_SQ0p750_SPQ1p000_DSQ0p500_TOP2_H900_long_only_taker_entry_taker_exit_CAP250000_NOT100000_CONC2_zerodha_2x_all_in_cost_proxy,HCLTECH,13-Jul-2026 21:38:18,post_close,2026-07-14,market_open_next_available_real_l2_day,Updates,filled,900,1784000700000,1784000700551,1784001604534,551,903983,0,1199.8,1199.15,-5.4175695949313525,1199.6,1200.0,1199.1,1199.2,0.4000000000000909,0.1000000000001364,-0.9576811235537958,0.1706811706811706,-0.95661025575773,0.2095185995623632,-0.1764705882352941,0.3333333333333333,83,99600.0,99525.3,-74.70000000001164,82.6364809718,165.2729619436,-239.97296194361164,-90.57296194358835,250000.0,100000.0,2,zerodha_equity_intraday_nse_order_formula_v2_2026_07_14,zerodha_2x_all_in_cost_proxy,0,BANKBEES,300,598.4,598.4,597.27,0.0,-18.883689839571673
P341_2026-07-14_HCLTECH_106696210,P335_P334_LANE_D_HORIZON_AND_EXIT_MARGIN_SQ0p750_SPQ1p000_DSQ0p500_TOP2_H900_long_only_taker_entry_taker_exit_CAP250000_NOT100000_CONC2_zerodha_2x_all_in_cost_proxy,HCLTECH,13-Jul-2026 21:38:18,post_close,2026-07-14,market_open_next_available_real_l2_day,Updates,filled,900,1784000700000,1784000700551,1784001604534,551,903983,0,1199.8,1199.15,-5.4175695949313525,1199.6,1200.0,1199.1,1199.2,0.4000000000000909,0.1000000000001364,-0.9576811235537958,0.1706811706811706,-0.95661025575773,0.2095185995623632,-0.1764705882352941,0.3333333333333333,83,99600.0,99525.3,-74.70000000001164,82.6364809718,165.2729619436,-239.97296194361164,-90.57296194358835,250000.0,100000.0,2,zerodha_equity_intraday_nse_order_formula_v2_2026_07_14,zerodha_2x_all_in_cost_proxy,0,BANKBEES,900,598.4,598.4,597.27,0.0,-18.883689839571673
P341_2026-07-14_HCLTECH_106696346,P335_P334_LANE_D_HORIZON_AND_EXIT_MARGIN_SQ0p750_SPQ1p000_DSQ0p500_TOP2_H900_long_only_taker_entry_taker_exit_CAP250000_NOT100000_CONC2_zerodha_2x_all_in_cost_proxy,HCLTECH,13-Jul-2026 23:11:05,post_close,2026-07-14,market_open_next_available_real_l2_day,Analysts/Institutional Investor Meet/Con. Call Updates,filled,900,1784000700000,1784000700551,1784001604534,551,903983,0,1199.8,1199.15,-5.4175695949313525,1199.6,1200.0,1199.1,1199.2,0.4000000000000909,0.1000000000001364,-0.9576811235537958,0.1706811706811706,-0.95661025575773,0.2095185995623632,-0.1764705882352941,0.3333333333333333,83,99600.0,99525.3,-74.70000000001164,82.6364809718,165.2729619436,-239.97296194361164,-90.57296194358835,250000.0,100000.0,2,zerodha_equity_intraday_nse_order_formula_v2_2026_07_14,zerodha_2x_all_in_cost_proxy,0,NIFTYBEES,300,274.13,274.13,274.45500000000004,0.0,11.855688906725614
P341_2026-07-14_HCLTECH_106696346,P335_P334_LANE_D_HORIZON_AND_EXIT_MARGIN_SQ0p750_SPQ1p000_DSQ0p500_TOP2_H900_long_only_taker_entry_taker_exit_CAP250000_NOT100000_CONC2_zerodha_2x_all_in_cost_proxy,HCLTECH,13-Jul-2026 23:11:05,post_close,2026-07-14,market_open_next_available_real_l2_day,Analysts/Institutional Investor Meet/Con. Call Updates,filled,900,1784000700000,1784000700551,1784001604534,551,903983,0,1199.8,1199.15,-5.4175695949313525,1199.6,1200.0,1199.1,1199.2,0.4000000000000909,0.1000000000001364,-0.9576811235537958,0.1706811706811706,-0.95661025575773,0.2095185995623632,-0.1764705882352941,0.3333333333333333,83,99600.0,99525.3,-74.70000000001164,82.6364809718,165.2729619436,-239.97296194361164,-90.57296194358835,250000.0,100000.0,2,zerodha_equity_intraday_nse_order_formula_v2_2026_07_14,zerodha_2x_all_in_cost_proxy,0,NIFTYBEES,900,274.13,274.13,274.45500000000004,0.0,11.855688906725614
P341_2026-07-14_HCLTECH_106696346,P335_P334_LANE_D_HORIZON_AND_EXIT_MARGIN_SQ0p750_SPQ1p000_DSQ0p500_TOP2_H900_long_only_taker_entry_taker_exit_CAP250000_NOT100000_CONC2_zerodha_2x_all_in_cost_proxy,HCLTECH,13-Jul-2026 23:11:05,post_close,2026-07-14,market_open_next_available_real_l2_day,Analysts/Institutional Investor Meet/Con. Call Updates,filled,900,1784000700000,1784000700551,1784001604534,551,903983,0,1199.8,1199.15,-5.4175695949313525,1199.6,1200.0,1199.1,1199.2,0.4000000000000909,0.1000000000001364,-0.9576811235537958,0.1706811706811706,-0.95661025575773,0.2095185995623632,-0.1764705882352941,0.3333333333333333,83,99600.0,99525.3,-74.70000000001164,82.6364809718,165.2729619436,-239.97296194361164,-90.57296194358835,250000.0,100000.0,2,zerodha_equity_intraday_nse_order_formula_v2_2026_07_14,zerodha_2x_all_in_cost_proxy,0,BANKBEES,300,598.4,598.4,597.27,0.0,-18.883689839571673
P341_2026-07-14_HCLTECH_106696346,P335_P334_LANE_D_HORIZON_AND_EXIT_MARGIN_SQ0p750_SPQ1p000_DSQ0p500_TOP2_H900_long_only_taker_entry_taker_exit_CAP250000_NOT100000_CONC2_zerodha_2x_all_in_cost_proxy,HCLTECH,13-Jul-2026 23:11:05,post_close,2026-07-14,market_open_next_available_real_l2_day,Analysts/Institutional Investor Meet/Con. Call Updates,filled,900,1784000700000,1784000700551,1784001604534,551,903983,0,1199.8,1199.15,-5.4175695949313525,1199.6,1200.0,1199.1,1199.2,0.4000000000000909,0.1000000000001364,-0.9576811235537958,0.1706811706811706,-0.95661025575773,0.2095185995623632,-0.1764705882352941,0.3333333333333333,83,99600.0,99525.3,-74.70000000001164,82.6364809718,165.2729619436,-239.97296194361164,-90.57296194358835,250000.0,100000.0,2,zerodha_equity_intraday_nse_order_formula_v2_2026_07_14,zerodha_2x_all_in_cost_proxy,0,BANKBEES,900,598.4,598.4,597.27,0.0,-18.883689839571673
P341_2026-07-14_ICICIBANK_106696630,P335_P334_LANE_D_HORIZON_AND_EXIT_MARGIN_SQ0p750_SPQ1p000_DSQ0p500_TOP2_H900_long_only_taker_entry_taker_exit_CAP250000_NOT100000_CONC2_zerodha_2x_all_in_cost_proxy,ICICIBANK,14-Jul-2026 11:04:53,regular_session,2026-07-14,first_real_tick_after_announcement,ESOP/ESOS/ESPS,filled,900,1784007293000,1784007294094,1784008194103,1094,900009,0,1405.4499999999998,1410.0,32.37397274894292,1405.3,1405.6,1409.8,1410.2,0.2999999999999545,0.4000000000000909,0.1466727542517977,-0.5666737785363772,0.0077312716608904,-0.6992998694671888,0.4084507042253521,-0.3333333333333333,71,99797.6,100095.8,298.20000000001164,82.67114052039999,165.34228104079995,132.85771895921167,-463.5422810408117,250000.0,100000.0,2,zerodha_equity_intraday_nse_order_formula_v2_2026_07_14,zerodha_2x_all_in_cost_proxy,1,NIFTYBEES,300,274.21500000000003,274.19,274.195,0.9117765053434645,-0.7293547034270542
P341_2026-07-14_ICICIBANK_106696630,P335_P334_LANE_D_HORIZON_AND_EXIT_MARGIN_SQ0p750_SPQ1p000_DSQ0p500_TOP2_H900_long_only_taker_entry_taker_exit_CAP250000_NOT100000_CONC2_zerodha_2x_all_in_cost_proxy,ICICIBANK,14-Jul-2026 11:04:53,regular_session,2026-07-14,first_real_tick_after_announcement,ESOP/ESOS/ESPS,filled,900,1784007293000,1784007294094,1784008194103,1094,900009,0,1405.4499999999998,1410.0,32.37397274894292,1405.3,1405.6,1409.8,1410.2,0.2999999999999545,0.4000000000000909,0.1466727542517977,-0.5666737785363772,0.0077312716608904,-0.6992998694671888,0.4084507042253521,-0.3333333333333333,71,99797.6,100095.8,298.20000000001164,82.67114052039999,165.34228104079995,132.85771895921167,-463.5422810408117,250000.0,100000.0,2,zerodha_equity_intraday_nse_order_formula_v2_2026_07_14,zerodha_2x_all_in_cost_proxy,1,NIFTYBEES,900,274.21500000000003,274.2,274.195,0.5470459518619464,-0.7293547034270542
P341_2026-07-14_ICICIBANK_106696630,P335_P334_LANE_D_HORIZON_AND_EXIT_MARGIN_SQ0p750_SPQ1p000_DSQ0p500_TOP2_H900_long_only_taker_entry_taker_exit_CAP250000_NOT100000_CONC2_zerodha_2x_all_in_cost_proxy,ICICIBANK,14-Jul-2026 11:04:53,regular_session,2026-07-14,first_real_tick_after_announcement,ESOP/ESOS/ESPS,filled,900,1784007293000,1784007294094,1784008194103,1094,900009,0,1405.4499999999998,1410.0,32.37397274894292,1405.3,1405.6,1409.8,1410.2,0.2999999999999545,0.4000000000000909,0.1466727542517977,-0.5666737785363772,0.0077312716608904,-0.6992998694671888,0.4084507042253521,-0.3333333333333333,71,99797.6,100095.8,298.20000000001164,82.67114052039999,165.34228104079995,132.85771895921167,-463.5422810408117,250000.0,100000.0,2,zerodha_equity_intraday_nse_order_formula_v2_2026_07_14,zerodha_2x_all_in_cost_proxy,1,BANKBEES,300,596.23,596.05,596.55,3.0198808824777323,5.3670563373175995
P341_2026-07-14_ICICIBANK_106696630,P335_P334_LANE_D_HORIZON_AND_EXIT_MARGIN_SQ0p750_SPQ1p000_DSQ0p500_TOP2_H900_long_only_taker_entry_taker_exit_CAP250000_NOT100000_CONC2_zerodha_2x_all_in_cost_proxy,ICICIBANK,14-Jul-2026 11:04:53,regular_session,2026-07-14,first_real_tick_after_announcement,ESOP/ESOS/ESPS,filled,900,1784007293000,1784007294094,1784008194103,1094,900009,0,1405.4499999999998,1410.0,32.37397274894292,1405.3,1405.6,1409.8,1410.2,0.2999999999999545,0.4000000000000909,0.1466727542517977,-0.5666737785363772,0.0077312716608904,-0.6992998694671888,0.4084507042253521,-0.3333333333333333,71,99797.6,100095.8,298.20000000001164,82.67114052039999,165.34228104079995,132.85771895921167,-463.5422810408117,250000.0,100000.0,2,zerodha_equity_intraday_nse_order_formula_v2_2026_07_14,zerodha_2x_all_in_cost_proxy,1,BANKBEES,900,596.23,595.605,596.55,10.49353178700585,5.3670563373175995
P341_2026-07-14_KOTAKBANK_106696676,P335_P334_LANE_D_HORIZON_AND_EXIT_MARGIN_SQ0p750_SPQ1p000_DSQ0p500_TOP2_H900_long_only_taker_entry_taker_exit_CAP250000_NOT100000_CONC2_zerodha_2x_all_in_cost_proxy,KOTAKBANK,14-Jul-2026 11:22:48,regular_session,2026-07-14,first_real_tick_after_announcement,Analysts/Institutional Investor Meet/Con. Call Updates,filled,900,1784008368000,1784008368094,1784009269594,94,901500,0,378.625,378.7000000000001,1.9808517662606928,378.55,378.7,378.6,378.8,0.1499999999999772,0.1999999999999886,0.1060879006983688,0.2779862113195446,0.1943680034198081,0.3258580143826045,-0.1317829457364341,0.1428571428571428,264,99976.8,99950.4,-26.39999999999418,82.6777808432,165.3555616864,-191.75556168639417,-138.95556168640582,250000.0,100000.0,2,zerodha_equity_intraday_nse_order_formula_v2_2026_07_14,zerodha_2x_all_in_cost_proxy,1,NIFTYBEES,300,274.195,274.245,274.04499999999996,-1.823187296031703,-5.470559273510478
P341_2026-07-14_KOTAKBANK_106696676,P335_P334_LANE_D_HORIZON_AND_EXIT_MARGIN_SQ0p750_SPQ1p000_DSQ0p500_TOP2_H900_long_only_taker_entry_taker_exit_CAP250000_NOT100000_CONC2_zerodha_2x_all_in_cost_proxy,KOTAKBANK,14-Jul-2026 11:22:48,regular_session,2026-07-14,first_real_tick_after_announcement,Analysts/Institutional Investor Meet/Con. Call Updates,filled,900,1784008368000,1784008368094,1784009269594,94,901500,0,378.625,378.7000000000001,1.9808517662606928,378.55,378.7,378.6,378.8,0.1499999999999772,0.1999999999999886,0.1060879006983688,0.2779862113195446,0.1943680034198081,0.3258580143826045,-0.1317829457364341,0.1428571428571428,264,99976.8,99950.4,-26.39999999999418,82.6777808432,165.3555616864,-191.75556168639417,-138.95556168640582,250000.0,100000.0,2,zerodha_equity_intraday_nse_order_formula_v2_2026_07_14,zerodha_2x_all_in_cost_proxy,1,NIFTYBEES,900,274.195,274.185,274.04499999999996,0.3647172529497311,-5.470559273510478
P341_2026-07-14_KOTAKBANK_106696676,P335_P334_LANE_D_HORIZON_AND_EXIT_MARGIN_SQ0p750_SPQ1p000_DSQ0p500_TOP2_H900_long_only_taker_entry_taker_exit_CAP250000_NOT100000_CONC2_zerodha_2x_all_in_cost_proxy,KOTAKBANK,14-Jul-2026 11:22:48,regular_session,2026-07-14,first_real_tick_after_announcement,Analysts/Institutional Investor Meet/Con. Call Updates,filled,900,1784008368000,1784008368094,1784009269594,94,901500,0,378.625,378.7000000000001,1.9808517662606928,378.55,378.7,378.6,378.8,0.1499999999999772,0.1999999999999886,0.1060879006983688,0.2779862113195446,0.1943680034198081,0.3258580143826045,-0.1317829457364341,0.1428571428571428,264,99976.8,99950.4,-26.39999999999418,82.6777808432,165.3555616864,-191.75556168639417,-138.95556168640582,250000.0,100000.0,2,zerodha_equity_intraday_nse_order_formula_v2_2026_07_14,zerodha_2x_all_in_cost_proxy,1,BANKBEES,300,596.125,596.525,595.565,-6.705502703154842,-9.394002935625423
P341_2026-07-14_KOTAKBANK_106696676,P335_P334_LANE_D_HORIZON_AND_EXIT_MARGIN_SQ0p750_SPQ1p000_DSQ0p500_TOP2_H900_long_only_taker_entry_taker_exit_CAP250000_NOT100000_CONC2_zerodha_2x_all_in_cost_proxy,KOTAKBANK,14-Jul-2026 11:22:48,regular_session,2026-07-14,first_real_tick_after_announcement,Analysts/Institutional Investor Meet/Con. Call Updates,filled,900,1784008368000,1784008368094,1784009269594,94,901500,0,378.625,378.7000000000001,1.9808517662606928,378.55,378.7,378.6,378.8,0.1499999999999772,0.1999999999999886,0.1060879006983688,0.2779862113195446,0.1943680034198081,0.3258580143826045,-0.1317829457364341,0.1428571428571428,264,99976.8,99950.4,-26.39999999999418,82.6777808432,165.3555616864,-191.75556168639417,-138.95556168640582,250000.0,100000.0,2,zerodha_equity_intraday_nse_order_formula_v2_2026_07_14,zerodha_2x_all_in_cost_proxy,1,BANKBEES,900,596.125,596.2249999999999,595.565,-1.6772191706138084,-9.394002935625423
P341_2026-07-14_KOTAKBANK_106696863,P335_P334_LANE_D_HORIZON_AND_EXIT_MARGIN_SQ0p750_SPQ1p000_DSQ0p500_TOP2_H900_long_only_taker_entry_taker_exit_CAP250000_NOT100000_CONC2_zerodha_2x_all_in_cost_proxy,KOTAKBANK,14-Jul-2026 13:02:56,regular_session,2026-07-14,first_real_tick_after_announcement,ESOP/ESOS/ESPS,filled,900,1784014376000,1784014376094,1784015276844,94,900750,0,376.575,377.275,18.588594569474573,376.5,376.65,377.25,377.3,0.1499999999999772,0.0500000000000113,0.5317660009435445,0.3674764927688416,0.5053272450532724,0.3683503621624214,0.4166666666666667,0.5208333333333334,265,99812.25,99971.25,159.0,82.667469101,165.334938202,-6.334938201999989,-324.334938202,250000.0,100000.0,2,zerodha_equity_intraday_nse_order_formula_v2_2026_07_14,zerodha_2x_all_in_cost_proxy,1,NIFTYBEES,300,273.56,273.76,273.655,-7.305669199297871,3.4727299312753424
P341_2026-07-14_KOTAKBANK_106696863,P335_P334_LANE_D_HORIZON_AND_EXIT_MARGIN_SQ0p750_SPQ1p000_DSQ0p500_TOP2_H900_long_only_taker_entry_taker_exit_CAP250000_NOT100000_CONC2_zerodha_2x_all_in_cost_proxy,KOTAKBANK,14-Jul-2026 13:02:56,regular_session,2026-07-14,first_real_tick_after_announcement,ESOP/ESOS/ESPS,filled,900,1784014376000,1784014376094,1784015276844,94,900750,0,376.575,377.275,18.588594569474573,376.5,376.65,377.25,377.3,0.1499999999999772,0.0500000000000113,0.5317660009435445,0.3674764927688416,0.5053272450532724,0.3683503621624214,0.4166666666666667,0.5208333333333334,265,99812.25,99971.25,159.0,82.667469101,165.334938202,-6.334938201999989,-324.334938202,250000.0,100000.0,2,zerodha_equity_intraday_nse_order_formula_v2_2026_07_14,zerodha_2x_all_in_cost_proxy,1,NIFTYBEES,900,273.56,273.64,273.655,-2.923549188714736,3.4727299312753424
P341_2026-07-14_KOTAKBANK_106696863,P335_P334_LANE_D_HORIZON_AND_EXIT_MARGIN_SQ0p750_SPQ1p000_DSQ0p500_TOP2_H900_long_only_taker_entry_taker_exit_CAP250000_NOT100000_CONC2_zerodha_2x_all_in_cost_proxy,KOTAKBANK,14-Jul-2026 13:02:56,regular_session,2026-07-14,first_real_tick_after_announcement,ESOP/ESOS/ESPS,filled,900,1784014376000,1784014376094,1784015276844,94,900750,0,376.575,377.275,18.588594569474573,376.5,376.65,377.25,377.3,0.1499999999999772,0.0500000000000113,0.5317660009435445,0.3674764927688416,0.5053272450532724,0.3683503621624214,0.4166666666666667,0.5208333333333334,265,99812.25,99971.25,159.0,82.667469101,165.334938202,-6.334938201999989,-324.334938202,250000.0,100000.0,2,zerodha_equity_intraday_nse_order_formula_v2_2026_07_14,zerodha_2x_all_in_cost_proxy,1,BANKBEES,300,594.125,594.65,594.3,-8.828722778104758,2.945508100147265
P341_2026-07-14_KOTAKBANK_106696863,P335_P334_LANE_D_HORIZON_AND_EXIT_MARGIN_SQ0p750_SPQ1p000_DSQ0p500_TOP2_H900_long_only_taker_entry_taker_exit_CAP250000_NOT100000_CONC2_zerodha_2x_all_in_cost_proxy,KOTAKBANK,14-Jul-2026 13:02:56,regular_session,2026-07-14,first_real_tick_after_announcement,ESOP/ESOS/ESPS,filled,900,1784014376000,1784014376094,1784015276844,94,900750,0,376.575,377.275,18.588594569474573,376.5,376.65,377.25,377.3,0.1499999999999772,0.0500000000000113,0.5317660009435445,0.3674764927688416,0.5053272450532724,0.3683503621624214,0.4166666666666667,0.5208333333333334,265,99812.25,99971.25,159.0,82.667469101,165.334938202,-6.334938201999989,-324.334938202,250000.0,100000.0,2,zerodha_equity_intraday_nse_order_formula_v2_2026_07_14,zerodha_2x_all_in_cost_proxy,1,BANKBEES,900,594.125,594.075,594.3,0.841644573494893,2.945508100147265
P341_2026-07-14_M&M_106696043,P335_P334_LANE_D_HORIZON_AND_EXIT_MARGIN_SQ0p750_SPQ1p000_DSQ0p500_TOP2_H900_long_only_taker_entry_taker_exit_CAP250000_NOT100000_CONC2_zerodha_2x_all_in_cost_proxy,M&M,13-Jul-2026 19:00:26,post_close,2026-07-14,market_open_next_available_real_l2_day,Copy of Newspaper Publication,filled,900,1784000700000,1784000705449,1784001607552,5449,902103,0,3125.2,3104.0,-67.83565851785428,3121.8,3128.6,3103.8,3104.2,6.799999999999727,0.3999999999996362,-0.0561797752808988,-0.0108499095840868,-0.1288343558282208,0.0738916256157635,-0.0909090909090909,0.0,31,96986.6,96217.8,-768.7999999999884,81.3366017864,162.6732035728,-931.4732035727884,606.1267964271883,250000.0,100000.0,2,zerodha_equity_intraday_nse_order_formula_v2_2026_07_14,zerodha_2x_all_in_cost_proxy,0,NIFTYBEES,300,274.13,274.13,274.45500000000004,0.0,11.855688906725614
P341_2026-07-14_M&M_106696043,P335_P334_LANE_D_HORIZON_AND_EXIT_MARGIN_SQ0p750_SPQ1p000_DSQ0p500_TOP2_H900_long_only_taker_entry_taker_exit_CAP250000_NOT100000_CONC2_zerodha_2x_all_in_cost_proxy,M&M,13-Jul-2026 19:00:26,post_close,2026-07-14,market_open_next_available_real_l2_day,Copy of Newspaper Publication,filled,900,1784000700000,1784000705449,1784001607552,5449,902103,0,3125.2,3104.0,-67.83565851785428,3121.8,3128.6,3103.8,3104.2,6.799999999999727,0.3999999999996362,-0.0561797752808988,-0.0108499095840868,-0.1288343558282208,0.0738916256157635,-0.0909090909090909,0.0,31,96986.6,96217.8,-768.7999999999884,81.3366017864,162.6732035728,-931.4732035727884,606.1267964271883,250000.0,100000.0,2,zerodha_equity_intraday_nse_order_formula_v2_2026_07_14,zerodha_2x_all_in_cost_proxy,0,NIFTYBEES,900,274.13,274.13,274.45500000000004,0.0,11.855688906725614
P341_2026-07-14_M&M_106696043,P335_P334_LANE_D_HORIZON_AND_EXIT_MARGIN_SQ0p750_SPQ1p000_DSQ0p500_TOP2_H900_long_only_taker_entry_taker_exit_CAP250000_NOT100000_CONC2_zerodha_2x_all_in_cost_proxy,M&M,13-Jul-2026 19:00:26,post_close,2026-07-14,market_open_next_available_real_l2_day,Copy of Newspaper Publication,filled,900,1784000700000,1784000705449,1784001607552,5449,902103,0,3125.2,3104.0,-67.83565851785428,3121.8,3128.6,3103.8,3104.2,6.799999999999727,0.3999999999996362,-0.0561797752808988,-0.0108499095840868,-0.1288343558282208,0.0738916256157635,-0.0909090909090909,0.0,31,96986.6,96217.8,-768.7999999999884,81.3366017864,162.6732035728,-931.4732035727884,606.1267964271883,250000.0,100000.0,2,zerodha_equity_intraday_nse_order_formula_v2_2026_07_14,zerodha_2x_all_in_cost_proxy,0,BANKBEES,300,598.4,598.4,597.27,0.0,-18.883689839571673
P341_2026-07-14_M&M_106696043,P335_P334_LANE_D_HORIZON_AND_EXIT_MARGIN_SQ0p750_SPQ1p000_DSQ0p500_TOP2_H900_long_only_taker_entry_taker_exit_CAP250000_NOT100000_CONC2_zerodha_2x_all_in_cost_proxy,M&M,13-Jul-2026 19:00:26,post_close,2026-07-14,market_open_next_available_real_l2_day,Copy of Newspaper Publication,filled,900,1784000700000,1784000705449,1784001607552,5449,902103,0,3125.2,3104.0,-67.83565851785428,3121.8,3128.6,3103.8,3104.2,6.799999999999727,0.3999999999996362,-0.0561797752808988,-0.0108499095840868,-0.1288343558282208,0.0738916256157635,-0.0909090909090909,0.0,31,96986.6,96217.8,-768.7999999999884,81.3366017864,162.6732035728,-931.4732035727884,606.1267964271883,250000.0,100000.0,2,zerodha_equity_intraday_nse_order_formula_v2_2026_07_14,zerodha_2x_all_in_cost_proxy,0,BANKBEES,900,598.4,598.4,597.27,0.0,-18.883689839571673
P341_2026-07-14_M&M_106696059,P335_P334_LANE_D_HORIZON_AND_EXIT_MARGIN_SQ0p750_SPQ1p000_DSQ0p500_TOP2_H900_long_only_taker_entry_taker_exit_CAP250000_NOT100000_CONC2_zerodha_2x_all_in_cost_proxy,M&M,13-Jul-2026 19:11:01,post_close,2026-07-14,market_open_next_available_real_l2_day,Updates,filled,900,1784000700000,1784000705449,1784001607552,5449,902103,0,3125.2,3104.0,-67.83565851785428,3121.8,3128.6,3103.8,3104.2,6.799999999999727,0.3999999999996362,-0.0561797752808988,-0.0108499095840868,-0.1288343558282208,0.0738916256157635,-0.0909090909090909,0.0,31,96986.6,96217.8,-768.7999999999884,81.3366017864,162.6732035728,-931.4732035727884,606.1267964271883,250000.0,100000.0,2,zerodha_equity_intraday_nse_order_formula_v2_2026_07_14,zerodha_2x_all_in_cost_proxy,0,NIFTYBEES,300,274.13,274.13,274.45500000000004,0.0,11.855688906725614
P341_2026-07-14_M&M_106696059,P335_P334_LANE_D_HORIZON_AND_EXIT_MARGIN_SQ0p750_SPQ1p000_DSQ0p500_TOP2_H900_long_only_taker_entry_taker_exit_CAP250000_NOT100000_CONC2_zerodha_2x_all_in_cost_proxy,M&M,13-Jul-2026 19:11:01,post_close,2026-07-14,market_open_next_available_real_l2_day,Updates,filled,900,1784000700000,1784000705449,1784001607552,5449,902103,0,3125.2,3104.0,-67.83565851785428,3121.8,3128.6,3103.8,3104.2,6.799999999999727,0.3999999999996362,-0.0561797752808988,-0.0108499095840868,-0.1288343558282208,0.0738916256157635,-0.0909090909090909,0.0,31,96986.6,96217.8,-768.7999999999884,81.3366017864,162.6732035728,-931.4732035727884,606.1267964271883,250000.0,100000.0,2,zerodha_equity_intraday_nse_order_formula_v2_2026_07_14,zerodha_2x_all_in_cost_proxy,0,NIFTYBEES,900,274.13,274.13,274.45500000000004,0.0,11.855688906725614
P341_2026-07-14_M&M_106696059,P335_P334_LANE_D_HORIZON_AND_EXIT_MARGIN_SQ0p750_SPQ1p000_DSQ0p500_TOP2_H900_long_only_taker_entry_taker_exit_CAP250000_NOT100000_CONC2_zerodha_2x_all_in_cost_proxy,M&M,13-Jul-2026 19:11:01,post_close,2026-07-14,market_open_next_available_real_l2_day,Updates,filled,900,1784000700000,1784000705449,1784001607552,5449,902103,0,3125.2,3104.0,-67.83565851785428,3121.8,3128.6,3103.8,3104.2,6.799999999999727,0.3999999999996362,-0.0561797752808988,-0.0108499095840868,-0.1288343558282208,0.0738916256157635,-0.0909090909090909,0.0,31,96986.6,96217.8,-768.7999999999884,81.3366017864,162.6732035728,-931.4732035727884,606.1267964271883,250000.0,100000.0,2,zerodha_equity_intraday_nse_order_formula_v2_2026_07_14,zerodha_2x_all_in_cost_proxy,0,BANKBEES,300,598.4,598.4,597.27,0.0,-18.883689839571673
P341_2026-07-14_M&M_106696059,P335_P334_LANE_D_HORIZON_AND_EXIT_MARGIN_SQ0p750_SPQ1p000_DSQ0p500_TOP2_H900_long_only_taker_entry_taker_exit_CAP250000_NOT100000_CONC2_zerodha_2x_all_in_cost_proxy,M&M,13-Jul-2026 19:11:01,post_close,2026-07-14,market_open_next_available_real_l2_day,Updates,filled,900,1784000700000,1784000705449,1784001607552,5449,902103,0,3125.2,3104.0,-67.83565851785428,3121.8,3128.6,3103.8,3104.2,6.799999999999727,0.3999999999996362,-0.0561797752808988,-0.0108499095840868,-0.1288343558282208,0.0738916256157635,-0.0909090909090909,0.0,31,96986.6,96217.8,-768.7999999999884,81.3366017864,162.6732035728,-931.4732035727884,606.1267964271883,250000.0,100000.0,2,zerodha_equity_intraday_nse_order_formula_v2_2026_07_14,zerodha_2x_all_in_cost_proxy,0,BANKBEES,900,598.4,598.4,597.27,0.0,-18.883689839571673
P341_2026-07-14_M&M_106696068,P335_P334_LANE_D_HORIZON_AND_EXIT_MARGIN_SQ0p750_SPQ1p000_DSQ0p500_TOP2_H900_long_only_taker_entry_taker_exit_CAP250000_NOT100000_CONC2_zerodha_2x_all_in_cost_proxy,M&M,13-Jul-2026 19:20:00,post_close,2026-07-14,market_open_next_available_real_l2_day,Updates,filled,900,1784000700000,1784000705449,1784001607552,5449,902103,0,3125.2,3104.0,-67.83565851785428,3121.8,3128.6,3103.8,3104.2,6.799999999999727,0.3999999999996362,-0.0561797752808988,-0.0108499095840868,-0.1288343558282208,0.0738916256157635,-0.0909090909090909,0.0,31,96986.6,96217.8,-768.7999999999884,81.3366017864,162.6732035728,-931.4732035727884,606.1267964271883,250000.0,100000.0,2,zerodha_equity_intraday_nse_order_formula_v2_2026_07_14,zerodha_2x_all_in_cost_proxy,0,NIFTYBEES,300,274.13,274.13,274.45500000000004,0.0,11.855688906725614
P341_2026-07-14_M&M_106696068,P335_P334_LANE_D_HORIZON_AND_EXIT_MARGIN_SQ0p750_SPQ1p000_DSQ0p500_TOP2_H900_long_only_taker_entry_taker_exit_CAP250000_NOT100000_CONC2_zerodha_2x_all_in_cost_proxy,M&M,13-Jul-2026 19:20:00,post_close,2026-07-14,market_open_next_available_real_l2_day,Updates,filled,900,1784000700000,1784000705449,1784001607552,5449,902103,0,3125.2,3104.0,-67.83565851785428,3121.8,3128.6,3103.8,3104.2,6.799999999999727,0.3999999999996362,-0.0561797752808988,-0.0108499095840868,-0.1288343558282208,0.0738916256157635,-0.0909090909090909,0.0,31,96986.6,96217.8,-768.7999999999884,81.3366017864,162.6732035728,-931.4732035727884,606.1267964271883,250000.0,100000.0,2,zerodha_equity_intraday_nse_order_formula_v2_2026_07_14,zerodha_2x_all_in_cost_proxy,0,NIFTYBEES,900,274.13,274.13,274.45500000000004,0.0,11.855688906725614
P341_2026-07-14_M&M_106696068,P335_P334_LANE_D_HORIZON_AND_EXIT_MARGIN_SQ0p750_SPQ1p000_DSQ0p500_TOP2_H900_long_only_taker_entry_taker_exit_CAP250000_NOT100000_CONC2_zerodha_2x_all_in_cost_proxy,M&M,13-Jul-2026 19:20:00,post_close,2026-07-14,market_open_next_available_real_l2_day,Updates,filled,900,1784000700000,1784000705449,1784001607552,5449,902103,0,3125.2,3104.0,-67.83565851785428,3121.8,3128.6,3103.8,3104.2,6.799999999999727,0.3999999999996362,-0.0561797752808988,-0.0108499095840868,-0.1288343558282208,0.0738916256157635,-0.0909090909090909,0.0,31,96986.6,96217.8,-768.7999999999884,81.3366017864,162.6732035728,-931.4732035727884,606.1267964271883,250000.0,100000.0,2,zerodha_equity_intraday_nse_order_formula_v2_2026_07_14,zerodha_2x_all_in_cost_proxy,0,BANKBEES,300,598.4,598.4,597.27,0.0,-18.883689839571673
P341_2026-07-14_M&M_106696068,P335_P334_LANE_D_HORIZON_AND_EXIT_MARGIN_SQ0p750_SPQ1p000_DSQ0p500_TOP2_H900_long_only_taker_entry_taker_exit_CAP250000_NOT100000_CONC2_zerodha_2x_all_in_cost_proxy,M&M,13-Jul-2026 19:20:00,post_close,2026-07-14,market_open_next_available_real_l2_day,Updates,filled,900,1784000700000,1784000705449,1784001607552,5449,902103,0,3125.2,3104.0,-67.83565851785428,3121.8,3128.6,3103.8,3104.2,6.799999999999727,0.3999999999996362,-0.0561797752808988,-0.0108499095840868,-0.1288343558282208,0.0738916256157635,-0.0909090909090909,0.0,31,96986.6,96217.8,-768.7999999999884,81.3366017864,162.6732035728,-931.4732035727884,606.1267964271883,250000.0,100000.0,2,zerodha_equity_intraday_nse_order_formula_v2_2026_07_14,zerodha_2x_all_in_cost_proxy,0,BANKBEES,900,598.4,598.4,597.27,0.0,-18.883689839571673
P341_2026-07-14_M&M_106696128,P335_P334_LANE_D_HORIZON_AND_EXIT_MARGIN_SQ0p750_SPQ1p000_DSQ0p500_TOP2_H900_long_only_taker_entry_taker_exit_CAP250000_NOT100000_CONC2_zerodha_2x_all_in_cost_proxy,M&M,13-Jul-2026 19:48:10,post_close,2026-07-14,market_open_next_available_real_l2_day,Updates,filled,900,1784000700000,1784000705449,1784001607552,5449,902103,0,3125.2,3104.0,-67.83565851785428,3121.8,3128.6,3103.8,3104.2,6.799999999999727,0.3999999999996362,-0.0561797752808988,-0.0108499095840868,-0.1288343558282208,0.0738916256157635,-0.0909090909090909,0.0,31,96986.6,96217.8,-768.7999999999884,81.3366017864,162.6732035728,-931.4732035727884,606.1267964271883,250000.0,100000.0,2,zerodha_equity_intraday_nse_order_formula_v2_2026_07_14,zerodha_2x_all_in_cost_proxy,0,NIFTYBEES,300,274.13,274.13,274.45500000000004,0.0,11.855688906725614
P341_2026-07-14_M&M_106696128,P335_P334_LANE_D_HORIZON_AND_EXIT_MARGIN_SQ0p750_SPQ1p000_DSQ0p500_TOP2_H900_long_only_taker_entry_taker_exit_CAP250000_NOT100000_CONC2_zerodha_2x_all_in_cost_proxy,M&M,13-Jul-2026 19:48:10,post_close,2026-07-14,market_open_next_available_real_l2_day,Updates,filled,900,1784000700000,1784000705449,1784001607552,5449,902103,0,3125.2,3104.0,-67.83565851785428,3121.8,3128.6,3103.8,3104.2,6.799999999999727,0.3999999999996362,-0.0561797752808988,-0.0108499095840868,-0.1288343558282208,0.0738916256157635,-0.0909090909090909,0.0,31,96986.6,96217.8,-768.7999999999884,81.3366017864,162.6732035728,-931.4732035727884,606.1267964271883,250000.0,100000.0,2,zerodha_equity_intraday_nse_order_formula_v2_2026_07_14,zerodha_2x_all_in_cost_proxy,0,NIFTYBEES,900,274.13,274.13,274.45500000000004,0.0,11.855688906725614
P341_2026-07-14_M&M_106696128,P335_P334_LANE_D_HORIZON_AND_EXIT_MARGIN_SQ0p750_SPQ1p000_DSQ0p500_TOP2_H900_long_only_taker_entry_taker_exit_CAP250000_NOT100000_CONC2_zerodha_2x_all_in_cost_proxy,M&M,13-Jul-2026 19:48:10,post_close,2026-07-14,market_open_next_available_real_l2_day,Updates,filled,900,1784000700000,1784000705449,1784001607552,5449,902103,0,3125.2,3104.0,-67.83565851785428,3121.8,3128.6,3103.8,3104.2,6.799999999999727,0.3999999999996362,-0.0561797752808988,-0.0108499095840868,-0.1288343558282208,0.0738916256157635,-0.0909090909090909,0.0,31,96986.6,96217.8,-768.7999999999884,81.3366017864,162.6732035728,-931.4732035727884,606.1267964271883,250000.0,100000.0,2,zerodha_equity_intraday_nse_order_formula_v2_2026_07_14,zerodha_2x_all_in_cost_proxy,0,BANKBEES,300,598.4,598.4,597.27,0.0,-18.883689839571673
P341_2026-07-14_M&M_106696128,P335_P334_LANE_D_HORIZON_AND_EXIT_MARGIN_SQ0p750_SPQ1p000_DSQ0p500_TOP2_H900_long_only_taker_entry_taker_exit_CAP250000_NOT100000_CONC2_zerodha_2x_all_in_cost_proxy,M&M,13-Jul-2026 19:48:10,post_close,2026-07-14,market_open_next_available_real_l2_day,Updates,filled,900,1784000700000,1784000705449,1784001607552,5449,902103,0,3125.2,3104.0,-67.83565851785428,3121.8,3128.6,3103.8,3104.2,6.799999999999727,0.3999999999996362,-0.0561797752808988,-0.0108499095840868,-0.1288343558282208,0.0738916256157635,-0.0909090909090909,0.0,31,96986.6,96217.8,-768.7999999999884,81.3366017864,162.6732035728,-931.4732035727884,606.1267964271883,250000.0,100000.0,2,zerodha_equity_intraday_nse_order_formula_v2_2026_07_14,zerodha_2x_all_in_cost_proxy,0,BANKBEES,900,598.4,598.4,597.27,0.0,-18.883689839571673
P341_2026-07-14_SBIN_106695773,P335_P334_LANE_D_HORIZON_AND_EXIT_MARGIN_SQ0p750_SPQ1p000_DSQ0p500_TOP2_H900_long_only_taker_entry_taker_exit_CAP250000_NOT100000_CONC2_zerodha_2x_all_in_cost_proxy,SBIN,13-Jul-2026 17:06:47,post_close,2026-07-14,market_open_next_available_real_l2_day,General Updates,filled,900,1784000700000,1784000705449,1784001606052,5449,900603,0,1033.55,1028.05,-53.21464854143487,1033.3,1033.8,1028.0,1028.1,0.5,0.099999999999909,-0.8895585600260629,0.350873409532025,-0.8894830659536542,0.1749151749151749,-0.3478260869565217,0.3781512605042016,96,99244.8,98688.0,-556.7999999999884,82.5812183168,165.1624366336,-721.9624366335884,391.6375633663884,250000.0,100000.0,2,zerodha_equity_intraday_nse_order_formula_v2_2026_07_14,zerodha_2x_all_in_cost_proxy,0,NIFTYBEES,300,274.13,274.13,274.45500000000004,0.0,11.855688906725614
P341_2026-07-14_SBIN_106695773,P335_P334_LANE_D_HORIZON_AND_EXIT_MARGIN_SQ0p750_SPQ1p000_DSQ0p500_TOP2_H900_long_only_taker_entry_taker_exit_CAP250000_NOT100000_CONC2_zerodha_2x_all_in_cost_proxy,SBIN,13-Jul-2026 17:06:47,post_close,2026-07-14,market_open_next_available_real_l2_day,General Updates,filled,900,1784000700000,1784000705449,1784001606052,5449,900603,0,1033.55,1028.05,-53.21464854143487,1033.3,1033.8,1028.0,1028.1,0.5,0.099999999999909,-0.8895585600260629,0.350873409532025,-0.8894830659536542,0.1749151749151749,-0.3478260869565217,0.3781512605042016,96,99244.8,98688.0,-556.7999999999884,82.5812183168,165.1624366336,-721.9624366335884,391.6375633663884,250000.0,100000.0,2,zerodha_equity_intraday_nse_order_formula_v2_2026_07_14,zerodha_2x_all_in_cost_proxy,0,NIFTYBEES,900,274.13,274.13,274.45500000000004,0.0,11.855688906725614
P341_2026-07-14_SBIN_106695773,P335_P334_LANE_D_HORIZON_AND_EXIT_MARGIN_SQ0p750_SPQ1p000_DSQ0p500_TOP2_H900_long_only_taker_entry_taker_exit_CAP250000_NOT100000_CONC2_zerodha_2x_all_in_cost_proxy,SBIN,13-Jul-2026 17:06:47,post_close,2026-07-14,market_open_next_available_real_l2_day,General Updates,filled,900,1784000700000,1784000705449,1784001606052,5449,900603,0,1033.55,1028.05,-53.21464854143487,1033.3,1033.8,1028.0,1028.1,0.5,0.099999999999909,-0.8895585600260629,0.350873409532025,-0.8894830659536542,0.1749151749151749,-0.3478260869565217,0.3781512605042016,96,99244.8,98688.0,-556.7999999999884,82.5812183168,165.1624366336,-721.9624366335884,391.6375633663884,250000.0,100000.0,2,zerodha_equity_intraday_nse_order_formula_v2_2026_07_14,zerodha_2x_all_in_cost_proxy,0,BANKBEES,300,598.4,598.4,597.27,0.0,-18.883689839571673
P341_2026-07-14_SBIN_106695773,P335_P334_LANE_D_HORIZON_AND_EXIT_MARGIN_SQ0p750_SPQ1p000_DSQ0p500_TOP2_H900_long_only_taker_entry_taker_exit_CAP250000_NOT100000_CONC2_zerodha_2x_all_in_cost_proxy,SBIN,13-Jul-2026 17:06:47,post_close,2026-07-14,market_open_next_available_real_l2_day,General Updates,filled,900,1784000700000,1784000705449,1784001606052,5449,900603,0,1033.55,1028.05,-53.21464854143487,1033.3,1033.8,1028.0,1028.1,0.5,0.099999999999909,-0.8895585600260629,0.350873409532025,-0.8894830659536542,0.1749151749151749,-0.3478260869565217,0.3781512605042016,96,99244.8,98688.0,-556.7999999999884,82.5812183168,165.1624366336,-721.9624366335884,391.6375633663884,250000.0,100000.0,2,zerodha_equity_intraday_nse_order_formula_v2_2026_07_14,zerodha_2x_all_in_cost_proxy,0,BANKBEES,900,598.4,598.4,597.27,0.0,-18.883689839571673
P341_2026-07-14_TCS_106696698,P335_P334_LANE_D_HORIZON_AND_EXIT_MARGIN_SQ0p750_SPQ1p000_DSQ0p500_TOP2_H900_long_only_taker_entry_taker_exit_CAP250000_NOT100000_CONC2_zerodha_2x_all_in_cost_proxy,TCS,14-Jul-2026 11:30:30,regular_session,2026-07-14,first_real_tick_after_announcement,Updates,filled,900,1784008830000,1784008830344,1784009730344,344,900000,0,2197.05,2199.8,12.51678386927926,2196.7,2197.4,2199.7,2199.9,0.7000000000002728,0.2000000000002728,-0.1422436929683306,-0.2861695347355003,-0.2008113590263691,-0.1148409893992932,-0.0869565217391304,0.1698113207547169,45,98883.0,98986.5,103.49999999998543,82.56799651699998,165.13599303399997,-61.63599303401452,-268.6359930339854,250000.0,100000.0,2,zerodha_equity_intraday_nse_order_formula_v2_2026_07_14,zerodha_2x_all_in_cost_proxy,1,NIFTYBEES,300,274.275,274.195,273.84000000000003,2.9176316125378854,-15.859994531034483
P341_2026-07-14_TCS_106696698,P335_P334_LANE_D_HORIZON_AND_EXIT_MARGIN_SQ0p750_SPQ1p000_DSQ0p500_TOP2_H900_long_only_taker_entry_taker_exit_CAP250000_NOT100000_CONC2_zerodha_2x_all_in_cost_proxy,TCS,14-Jul-2026 11:30:30,regular_session,2026-07-14,first_real_tick_after_announcement,Updates,filled,900,1784008830000,1784008830344,1784009730344,344,900000,0,2197.05,2199.8,12.51678386927926,2196.7,2197.4,2199.7,2199.9,0.7000000000002728,0.2000000000002728,-0.1422436929683306,-0.2861695347355003,-0.2008113590263691,-0.1148409893992932,-0.0869565217391304,0.1698113207547169,45,98883.0,98986.5,103.49999999998543,82.56799651699998,165.13599303399997,-61.63599303401452,-268.6359930339854,250000.0,100000.0,2,zerodha_equity_intraday_nse_order_formula_v2_2026_07_14,zerodha_2x_all_in_cost_proxy,1,NIFTYBEES,900,274.275,274.28,273.84000000000003,-0.18229546448922385,-15.859994531034483
P341_2026-07-14_TCS_106696698,P335_P334_LANE_D_HORIZON_AND_EXIT_MARGIN_SQ0p750_SPQ1p000_DSQ0p500_TOP2_H900_long_only_taker_entry_taker_exit_CAP250000_NOT100000_CONC2_zerodha_2x_all_in_cost_proxy,TCS,14-Jul-2026 11:30:30,regular_session,2026-07-14,first_real_tick_after_announcement,Updates,filled,900,1784008830000,1784008830344,1784009730344,344,900000,0,2197.05,2199.8,12.51678386927926,2196.7,2197.4,2199.7,2199.9,0.7000000000002728,0.2000000000002728,-0.1422436929683306,-0.2861695347355003,-0.2008113590263691,-0.1148409893992932,-0.0869565217391304,0.1698113207547169,45,98883.0,98986.5,103.49999999998543,82.56799651699998,165.13599303399997,-61.63599303401452,-268.6359930339854,250000.0,100000.0,2,zerodha_equity_intraday_nse_order_formula_v2_2026_07_14,zerodha_2x_all_in_cost_proxy,1,BANKBEES,300,596.105,595.9,595.05,3.4401745259282634,-17.69822430612189
P341_2026-07-14_TCS_106696698,P335_P334_LANE_D_HORIZON_AND_EXIT_MARGIN_SQ0p750_SPQ1p000_DSQ0p500_TOP2_H900_long_only_taker_entry_taker_exit_CAP250000_NOT100000_CONC2_zerodha_2x_all_in_cost_proxy,TCS,14-Jul-2026 11:30:30,regular_session,2026-07-14,first_real_tick_after_announcement,Updates,filled,900,1784008830000,1784008830344,1784009730344,344,900000,0,2197.05,2199.8,12.51678386927926,2196.7,2197.4,2199.7,2199.9,0.7000000000002728,0.2000000000002728,-0.1422436929683306,-0.2861695347355003,-0.2008113590263691,-0.1148409893992932,-0.0869565217391304,0.1698113207547169,45,98883.0,98986.5,103.49999999998543,82.56799651699998,165.13599303399997,-61.63599303401452,-268.6359930339854,250000.0,100000.0,2,zerodha_equity_intraday_nse_order_formula_v2_2026_07_14,zerodha_2x_all_in_cost_proxy,1,BANKBEES,900,596.105,596.6099999999999,595.05,-8.464491041046962,-17.69822430612189
P341_2026-07-14_TCS_106696979,P335_P334_LANE_D_HORIZON_AND_EXIT_MARGIN_SQ0p750_SPQ1p000_DSQ0p500_TOP2_H900_long_only_taker_entry_taker_exit_CAP250000_NOT100000_CONC2_zerodha_2x_all_in_cost_proxy,TCS,14-Jul-2026 14:24:37,regular_session,2026-07-14,first_real_tick_after_announcement,Updates,filled,900,1784019277000,1784019277094,1784020179208,94,902114,0,2197.8,2201.8500000000004,18.427518427519253,2197.7,2197.9,2201.8,2201.9,0.2000000000002728,0.099999999999909,-0.555785658814393,-0.7953044754218636,-0.5651483050847458,-0.7834245504300235,-0.0952380952380952,-0.5,45,98905.5,99081.0,175.50000000001455,82.573048019,165.146096038,10.353903962014556,-340.64609603801455,250000.0,100000.0,2,zerodha_equity_intraday_nse_order_formula_v2_2026_07_14,zerodha_2x_all_in_cost_proxy,1,NIFTYBEES,300,273.355,273.455,273.295,-3.6569088149773776,-2.194947961442484
P341_2026-07-14_TCS_106696979,P335_P334_LANE_D_HORIZON_AND_EXIT_MARGIN_SQ0p750_SPQ1p000_DSQ0p500_TOP2_H900_long_only_taker_entry_taker_exit_CAP250000_NOT100000_CONC2_zerodha_2x_all_in_cost_proxy,TCS,14-Jul-2026 14:24:37,regular_session,2026-07-14,first_real_tick_after_announcement,Updates,filled,900,1784019277000,1784019277094,1784020179208,94,902114,0,2197.8,2201.8500000000004,18.427518427519253,2197.7,2197.9,2201.8,2201.9,0.2000000000002728,0.099999999999909,-0.555785658814393,-0.7953044754218636,-0.5651483050847458,-0.7834245504300235,-0.0952380952380952,-0.5,45,98905.5,99081.0,175.50000000001455,82.573048019,165.146096038,10.353903962014556,-340.64609603801455,250000.0,100000.0,2,zerodha_equity_intraday_nse_order_formula_v2_2026_07_14,zerodha_2x_all_in_cost_proxy,1,NIFTYBEES,900,273.355,273.355,273.295,0.0,-2.194947961442484
P341_2026-07-14_TCS_106696979,P335_P334_LANE_D_HORIZON_AND_EXIT_MARGIN_SQ0p750_SPQ1p000_DSQ0p500_TOP2_H900_long_only_taker_entry_taker_exit_CAP250000_NOT100000_CONC2_zerodha_2x_all_in_cost_proxy,TCS,14-Jul-2026 14:24:37,regular_session,2026-07-14,first_real_tick_after_announcement,Updates,filled,900,1784019277000,1784019277094,1784020179208,94,902114,0,2197.8,2201.8500000000004,18.427518427519253,2197.7,2197.9,2201.8,2201.9,0.2000000000002728,0.099999999999909,-0.555785658814393,-0.7953044754218636,-0.5651483050847458,-0.7834245504300235,-0.0952380952380952,-0.5,45,98905.5,99081.0,175.50000000001455,82.573048019,165.146096038,10.353903962014556,-340.64609603801455,250000.0,100000.0,2,zerodha_equity_intraday_nse_order_formula_v2_2026_07_14,zerodha_2x_all_in_cost_proxy,1,BANKBEES,300,593.7249999999999,593.915,594.03,-3.199110983895803,5.137058402460148
P341_2026-07-14_TCS_106696979,P335_P334_LANE_D_HORIZON_AND_EXIT_MARGIN_SQ0p750_SPQ1p000_DSQ0p500_TOP2_H900_long_only_taker_entry_taker_exit_CAP250000_NOT100000_CONC2_zerodha_2x_all_in_cost_proxy,TCS,14-Jul-2026 14:24:37,regular_session,2026-07-14,first_real_tick_after_announcement,Updates,filled,900,1784019277000,1784019277094,1784020179208,94,902114,0,2197.8,2201.8500000000004,18.427518427519253,2197.7,2197.9,2201.8,2201.9,0.2000000000002728,0.099999999999909,-0.555785658814393,-0.7953044754218636,-0.5651483050847458,-0.7834245504300235,-0.0952380952380952,-0.5,45,98905.5,99081.0,175.50000000001455,82.573048019,165.146096038,10.353903962014556,-340.64609603801455,250000.0,100000.0,2,zerodha_equity_intraday_nse_order_formula_v2_2026_07_14,zerodha_2x_all_in_cost_proxy,1,BANKBEES,900,593.7249999999999,593.8,594.03,-1.2630515325029457,5.137058402460148
P341_2026-07-15_AXISBANK_106697208,P335_P334_LANE_D_HORIZON_AND_EXIT_MARGIN_SQ0p750_SPQ1p000_DSQ0p500_TOP2_H900_long_only_taker_entry_taker_exit_CAP250000_NOT100000_CONC2_zerodha_2x_all_in_cost_proxy,AXISBANK,14-Jul-2026 16:39:47,post_close,2026-07-15,market_open_next_available_real_l2_day,General Updates,filled,900,1784087100000,1784087105598,1784088006209,5598,900611,0,1326.85,1342.25,116.0643629649176,1326.0,1327.7,1342.0,1342.5,1.7000000000000457,0.5,-0.717651678774789,-0.080047789725209,-0.9246729815065404,-0.1196023609816713,-0.238095238095238,-0.03125,75,99577.5,100650.0,1072.5,82.677034865,165.35406973,907.14593027,-1237.85406973,250000.0,100000.0,2,zerodha_equity_intraday_nse_order_formula_v2_2026_07_14,zerodha_2x_all_in_cost_proxy,1,NIFTYBEES,300,274.05,274.05,274.92,0.0,31.746031746031633
P341_2026-07-15_AXISBANK_106697208,P335_P334_LANE_D_HORIZON_AND_EXIT_MARGIN_SQ0p750_SPQ1p000_DSQ0p500_TOP2_H900_long_only_taker_entry_taker_exit_CAP250000_NOT100000_CONC2_zerodha_2x_all_in_cost_proxy,AXISBANK,14-Jul-2026 16:39:47,post_close,2026-07-15,market_open_next_available_real_l2_day,General Updates,filled,900,1784087100000,1784087105598,1784088006209,5598,900611,0,1326.85,1342.25,116.0643629649176,1326.0,1327.7,1342.0,1342.5,1.7000000000000457,0.5,-0.717651678774789,-0.080047789725209,-0.9246729815065404,-0.1196023609816713,-0.238095238095238,-0.03125,75,99577.5,100650.0,1072.5,82.677034865,165.35406973,907.14593027,-1237.85406973,250000.0,100000.0,2,zerodha_equity_intraday_nse_order_formula_v2_2026_07_14,zerodha_2x_all_in_cost_proxy,1,NIFTYBEES,900,274.05,274.05,274.92,0.0,31.746031746031633
P341_2026-07-15_AXISBANK_106697208,P335_P334_LANE_D_HORIZON_AND_EXIT_MARGIN_SQ0p750_SPQ1p000_DSQ0p500_TOP2_H900_long_only_taker_entry_taker_exit_CAP250000_NOT100000_CONC2_zerodha_2x_all_in_cost_proxy,AXISBANK,14-Jul-2026 16:39:47,post_close,2026-07-15,market_open_next_available_real_l2_day,General Updates,filled,900,1784087100000,1784087105598,1784088006209,5598,900611,0,1326.85,1342.25,116.0643629649176,1326.0,1327.7,1342.0,1342.5,1.7000000000000457,0.5,-0.717651678774789,-0.080047789725209,-0.9246729815065404,-0.1196023609816713,-0.238095238095238,-0.03125,75,99577.5,100650.0,1072.5,82.677034865,165.35406973,907.14593027,-1237.85406973,250000.0,100000.0,2,zerodha_equity_intraday_nse_order_formula_v2_2026_07_14,zerodha_2x_all_in_cost_proxy,1,BANKBEES,300,596.75,596.75,599.575,0.0,47.339757017177405
P341_2026-07-15_AXISBANK_106697208,P335_P334_LANE_D_HORIZON_AND_EXIT_MARGIN_SQ0p750_SPQ1p000_DSQ0p500_TOP2_H900_long_only_taker_entry_taker_exit_CAP250000_NOT100000_CONC2_zerodha_2x_all_in_cost_proxy,AXISBANK,14-Jul-2026 16:39:47,post_close,2026-07-15,market_open_next_available_real_l2_day,General Updates,filled,900,1784087100000,1784087105598,1784088006209,5598,900611,0,1326.85,1342.25,116.0643629649176,1326.0,1327.7,1342.0,1342.5,1.7000000000000457,0.5,-0.717651678774789,-0.080047789725209,-0.9246729815065404,-0.1196023609816713,-0.238095238095238,-0.03125,75,99577.5,100650.0,1072.5,82.677034865,165.35406973,907.14593027,-1237.85406973,250000.0,100000.0,2,zerodha_equity_intraday_nse_order_formula_v2_2026_07_14,zerodha_2x_all_in_cost_proxy,1,BANKBEES,900,596.75,596.75,599.575,0.0,47.339757017177405
P341_2026-07-15_AXISBANK_106697779,P335_P334_LANE_D_HORIZON_AND_EXIT_MARGIN_SQ0p750_SPQ1p000_DSQ0p500_TOP2_H900_long_only_taker_entry_taker_exit_CAP250000_NOT100000_CONC2_zerodha_2x_all_in_cost_proxy,AXISBANK,14-Jul-2026 21:54:56,post_close,2026-07-15,market_open_next_available_real_l2_day,ESOP/ESOS/ESPS,filled,900,1784087100000,1784087105598,1784088006209,5598,900611,0,1326.85,1342.25,116.0643629649176,1326.0,1327.7,1342.0,1342.5,1.7000000000000457,0.5,-0.717651678774789,-0.080047789725209,-0.9246729815065404,-0.1196023609816713,-0.238095238095238,-0.03125,75,99577.5,100650.0,1072.5,82.677034865,165.35406973,907.14593027,-1237.85406973,250000.0,100000.0,2,zerodha_equity_intraday_nse_order_formula_v2_2026_07_14,zerodha_2x_all_in_cost_proxy,0,NIFTYBEES,300,274.05,274.05,274.92,0.0,31.746031746031633
P341_2026-07-15_AXISBANK_106697779,P335_P334_LANE_D_HORIZON_AND_EXIT_MARGIN_SQ0p750_SPQ1p000_DSQ0p500_TOP2_H900_long_only_taker_entry_taker_exit_CAP250000_NOT100000_CONC2_zerodha_2x_all_in_cost_proxy,AXISBANK,14-Jul-2026 21:54:56,post_close,2026-07-15,market_open_next_available_real_l2_day,ESOP/ESOS/ESPS,filled,900,1784087100000,1784087105598,1784088006209,5598,900611,0,1326.85,1342.25,116.0643629649176,1326.0,1327.7,1342.0,1342.5,1.7000000000000457,0.5,-0.717651678774789,-0.080047789725209,-0.9246729815065404,-0.1196023609816713,-0.238095238095238,-0.03125,75,99577.5,100650.0,1072.5,82.677034865,165.35406973,907.14593027,-1237.85406973,250000.0,100000.0,2,zerodha_equity_intraday_nse_order_formula_v2_2026_07_14,zerodha_2x_all_in_cost_proxy,0,NIFTYBEES,900,274.05,274.05,274.92,0.0,31.746031746031633
P341_2026-07-15_AXISBANK_106697779,P335_P334_LANE_D_HORIZON_AND_EXIT_MARGIN_SQ0p750_SPQ1p000_DSQ0p500_TOP2_H900_long_only_taker_entry_taker_exit_CAP250000_NOT100000_CONC2_zerodha_2x_all_in_cost_proxy,AXISBANK,14-Jul-2026 21:54:56,post_close,2026-07-15,market_open_next_available_real_l2_day,ESOP/ESOS/ESPS,filled,900,1784087100000,1784087105598,1784088006209,5598,900611,0,1326.85,1342.25,116.0643629649176,1326.0,1327.7,1342.0,1342.5,1.7000000000000457,0.5,-0.717651678774789,-0.080047789725209,-0.9246729815065404,-0.1196023609816713,-0.238095238095238,-0.03125,75,99577.5,100650.0,1072.5,82.677034865,165.35406973,907.14593027,-1237.85406973,250000.0,100000.0,2,zerodha_equity_intraday_nse_order_formula_v2_2026_07_14,zerodha_2x_all_in_cost_proxy,0,BANKBEES,300,596.75,596.75,599.575,0.0,47.339757017177405
P341_2026-07-15_AXISBANK_106697779,P335_P334_LANE_D_HORIZON_AND_EXIT_MARGIN_SQ0p750_SPQ1p000_DSQ0p500_TOP2_H900_long_only_taker_entry_taker_exit_CAP250000_NOT100000_CONC2_zerodha_2x_all_in_cost_proxy,AXISBANK,14-Jul-2026 21:54:56,post_close,2026-07-15,market_open_next_available_real_l2_day,ESOP/ESOS/ESPS,filled,900,1784087100000,1784087105598,1784088006209,5598,900611,0,1326.85,1342.25,116.0643629649176,1326.0,1327.7,1342.0,1342.5,1.7000000000000457,0.5,-0.717651678774789,-0.080047789725209,-0.9246729815065404,-0.1196023609816713,-0.238095238095238,-0.03125,75,99577.5,100650.0,1072.5,82.677034865,165.35406973,907.14593027,-1237.85406973,250000.0,100000.0,2,zerodha_equity_intraday_nse_order_formula_v2_2026_07_14,zerodha_2x_all_in_cost_proxy,0,BANKBEES,900,596.75,596.75,599.575,0.0,47.339757017177405
P341_2026-07-15_AXISBANK_106697899,P335_P334_LANE_D_HORIZON_AND_EXIT_MARGIN_SQ0p750_SPQ1p000_DSQ0p500_TOP2_H900_long_only_taker_entry_taker_exit_CAP250000_NOT100000_CONC2_zerodha_2x_all_in_cost_proxy,AXISBANK,14-Jul-2026 23:12:30,post_close,2026-07-15,market_open_next_available_real_l2_day,General Updates,filled,900,1784087100000,1784087105598,1784088006209,5598,900611,0,1326.85,1342.25,116.0643629649176,1326.0,1327.7,1342.0,1342.5,1.7000000000000457,0.5,-0.717651678774789,-0.080047789725209,-0.9246729815065404,-0.1196023609816713,-0.238095238095238,-0.03125,75,99577.5,100650.0,1072.5,82.677034865,165.35406973,907.14593027,-1237.85406973,250000.0,100000.0,2,zerodha_equity_intraday_nse_order_formula_v2_2026_07_14,zerodha_2x_all_in_cost_proxy,0,NIFTYBEES,300,274.05,274.05,274.92,0.0,31.746031746031633
P341_2026-07-15_AXISBANK_106697899,P335_P334_LANE_D_HORIZON_AND_EXIT_MARGIN_SQ0p750_SPQ1p000_DSQ0p500_TOP2_H900_long_only_taker_entry_taker_exit_CAP250000_NOT100000_CONC2_zerodha_2x_all_in_cost_proxy,AXISBANK,14-Jul-2026 23:12:30,post_close,2026-07-15,market_open_next_available_real_l2_day,General Updates,filled,900,1784087100000,1784087105598,1784088006209,5598,900611,0,1326.85,1342.25,116.0643629649176,1326.0,1327.7,1342.0,1342.5,1.7000000000000457,0.5,-0.717651678774789,-0.080047789725209,-0.9246729815065404,-0.1196023609816713,-0.238095238095238,-0.03125,75,99577.5,100650.0,1072.5,82.677034865,165.35406973,907.14593027,-1237.85406973,250000.0,100000.0,2,zerodha_equity_intraday_nse_order_formula_v2_2026_07_14,zerodha_2x_all_in_cost_proxy,0,NIFTYBEES,900,274.05,274.05,274.92,0.0,31.746031746031633
P341_2026-07-15_AXISBANK_106697899,P335_P334_LANE_D_HORIZON_AND_EXIT_MARGIN_SQ0p750_SPQ1p000_DSQ0p500_TOP2_H900_long_only_taker_entry_taker_exit_CAP250000_NOT100000_CONC2_zerodha_2x_all_in_cost_proxy,AXISBANK,14-Jul-2026 23:12:30,post_close,2026-07-15,market_open_next_available_real_l2_day,General Updates,filled,900,1784087100000,1784087105598,1784088006209,5598,900611,0,1326.85,1342.25,116.0643629649176,1326.0,1327.7,1342.0,1342.5,1.7000000000000457,0.5,-0.717651678774789,-0.080047789725209,-0.9246729815065404,-0.1196023609816713,-0.238095238095238,-0.03125,75,99577.5,100650.0,1072.5,82.677034865,165.35406973,907.14593027,-1237.85406973,250000.0,100000.0,2,zerodha_equity_intraday_nse_order_formula_v2_2026_07_14,zerodha_2x_all_in_cost_proxy,0,BANKBEES,300,596.75,596.75,599.575,0.0,47.339757017177405
P341_2026-07-15_AXISBANK_106697899,P335_P334_LANE_D_HORIZON_AND_EXIT_MARGIN_SQ0p750_SPQ1p000_DSQ0p500_TOP2_H900_long_only_taker_entry_taker_exit_CAP250000_NOT100000_CONC2_zerodha_2x_all_in_cost_proxy,AXISBANK,14-Jul-2026 23:12:30,post_close,2026-07-15,market_open_next_available_real_l2_day,General Updates,filled,900,1784087100000,1784087105598,1784088006209,5598,900611,0,1326.85,1342.25,116.0643629649176,1326.0,1327.7,1342.0,1342.5,1.7000000000000457,0.5,-0.717651678774789,-0.080047789725209,-0.9246729815065404,-0.1196023609816713,-0.238095238095238,-0.03125,75,99577.5,100650.0,1072.5,82.677034865,165.35406973,907.14593027,-1237.85406973,250000.0,100000.0,2,zerodha_equity_intraday_nse_order_formula_v2_2026_07_14,zerodha_2x_all_in_cost_proxy,0,BANKBEES,900,596.75,596.75,599.575,0.0,47.339757017177405
P341_2026-07-15_AXISBANK_106697950,P335_P334_LANE_D_HORIZON_AND_EXIT_MARGIN_SQ0p750_SPQ1p000_DSQ0p500_TOP2_H900_long_only_taker_entry_taker_exit_CAP250000_NOT100000_CONC2_zerodha_2x_all_in_cost_proxy,AXISBANK,14-Jul-2026 23:43:06,post_close,2026-07-15,market_open_next_available_real_l2_day,General Updates,filled,900,1784087100000,1784087105598,1784088006209,5598,900611,0,1326.85,1342.25,116.0643629649176,1326.0,1327.7,1342.0,1342.5,1.7000000000000457,0.5,-0.717651678774789,-0.080047789725209,-0.9246729815065404,-0.1196023609816713,-0.238095238095238,-0.03125,75,99577.5,100650.0,1072.5,82.677034865,165.35406973,907.14593027,-1237.85406973,250000.0,100000.0,2,zerodha_equity_intraday_nse_order_formula_v2_2026_07_14,zerodha_2x_all_in_cost_proxy,0,NIFTYBEES,300,274.05,274.05,274.92,0.0,31.746031746031633
P341_2026-07-15_AXISBANK_106697950,P335_P334_LANE_D_HORIZON_AND_EXIT_MARGIN_SQ0p750_SPQ1p000_DSQ0p500_TOP2_H900_long_only_taker_entry_taker_exit_CAP250000_NOT100000_CONC2_zerodha_2x_all_in_cost_proxy,AXISBANK,14-Jul-2026 23:43:06,post_close,2026-07-15,market_open_next_available_real_l2_day,General Updates,filled,900,1784087100000,1784087105598,1784088006209,5598,900611,0,1326.85,1342.25,116.0643629649176,1326.0,1327.7,1342.0,1342.5,1.7000000000000457,0.5,-0.717651678774789,-0.080047789725209,-0.9246729815065404,-0.1196023609816713,-0.238095238095238,-0.03125,75,99577.5,100650.0,1072.5,82.677034865,165.35406973,907.14593027,-1237.85406973,250000.0,100000.0,2,zerodha_equity_intraday_nse_order_formula_v2_2026_07_14,zerodha_2x_all_in_cost_proxy,0,NIFTYBEES,900,274.05,274.05,274.92,0.0,31.746031746031633
P341_2026-07-15_AXISBANK_106697950,P335_P334_LANE_D_HORIZON_AND_EXIT_MARGIN_SQ0p750_SPQ1p000_DSQ0p500_TOP2_H900_long_only_taker_entry_taker_exit_CAP250000_NOT100000_CONC2_zerodha_2x_all_in_cost_proxy,AXISBANK,14-Jul-2026 23:43:06,post_close,2026-07-15,market_open_next_available_real_l2_day,General Updates,filled,900,1784087100000,1784087105598,1784088006209,5598,900611,0,1326.85,1342.25,116.0643629649176,1326.0,1327.7,1342.0,1342.5,1.7000000000000457,0.5,-0.717651678774789,-0.080047789725209,-0.9246729815065404,-0.1196023609816713,-0.238095238095238,-0.03125,75,99577.5,100650.0,1072.5,82.677034865,165.35406973,907.14593027,-1237.85406973,250000.0,100000.0,2,zerodha_equity_intraday_nse_order_formula_v2_2026_07_14,zerodha_2x_all_in_cost_proxy,0,BANKBEES,300,596.75,596.75,599.575,0.0,47.339757017177405
P341_2026-07-15_AXISBANK_106697950,P335_P334_LANE_D_HORIZON_AND_EXIT_MARGIN_SQ0p750_SPQ1p000_DSQ0p500_TOP2_H900_long_only_taker_entry_taker_exit_CAP250000_NOT100000_CONC2_zerodha_2x_all_in_cost_proxy,AXISBANK,14-Jul-2026 23:43:06,post_close,2026-07-15,market_open_next_available_real_l2_day,General Updates,filled,900,1784087100000,1784087105598,1784088006209,5598,900611,0,1326.85,1342.25,116.0643629649176,1326.0,1327.7,1342.0,1342.5,1.7000000000000457,0.5,-0.717651678774789,-0.080047789725209,-0.9246729815065404,-0.1196023609816713,-0.238095238095238,-0.03125,75,99577.5,100650.0,1072.5,82.677034865,165.35406973,907.14593027,-1237.85406973,250000.0,100000.0,2,zerodha_equity_intraday_nse_order_formula_v2_2026_07_14,zerodha_2x_all_in_cost_proxy,0,BANKBEES,900,596.75,596.75,599.575,0.0,47.339757017177405
P341_2026-07-15_BAJAJ-AUTO_106697273,P335_P334_LANE_D_HORIZON_AND_EXIT_MARGIN_SQ0p750_SPQ1p000_DSQ0p500_TOP2_H900_long_only_taker_entry_taker_exit_CAP250000_NOT100000_CONC2_zerodha_2x_all_in_cost_proxy,BAJAJ-AUTO,14-Jul-2026 17:06:39,post_close,2026-07-15,market_open_next_available_real_l2_day,General Updates,filled,900,1784087100000,1784087105599,1784088005708,5599,900109,0,10204.25,10330.5,123.72295857118355,10200.5,10208.0,10329.0,10332.0,7.5,3.0,0.7860082304526749,-0.1909090909090909,0.8369098712446352,-0.1940298507462686,0.6666666666666666,0.1052631578947368,9,91872.0,92961.0,1089.0,79.87002319799998,159.74004639599997,929.259953604,-1248.740046396,250000.0,100000.0,2,zerodha_equity_intraday_nse_order_formula_v2_2026_07_14,zerodha_2x_all_in_cost_proxy,0,NIFTYBEES,300,274.05,274.05,274.9,0.0,31.016237912788736
P341_2026-07-15_BAJAJ-AUTO_106697273,P335_P334_LANE_D_HORIZON_AND_EXIT_MARGIN_SQ0p750_SPQ1p000_DSQ0p500_TOP2_H900_long_only_taker_entry_taker_exit_CAP250000_NOT100000_CONC2_zerodha_2x_all_in_cost_proxy,BAJAJ-AUTO,14-Jul-2026 17:06:39,post_close,2026-07-15,market_open_next_available_real_l2_day,General Updates,filled,900,1784087100000,1784087105599,1784088005708,5599,900109,0,10204.25,10330.5,123.72295857118355,10200.5,10208.0,10329.0,10332.0,7.5,3.0,0.7860082304526749,-0.1909090909090909,0.8369098712446352,-0.1940298507462686,0.6666666666666666,0.1052631578947368,9,91872.0,92961.0,1089.0,79.87002319799998,159.74004639599997,929.259953604,-1248.740046396,250000.0,100000.0,2,zerodha_equity_intraday_nse_order_formula_v2_2026_07_14,zerodha_2x_all_in_cost_proxy,0,NIFTYBEES,900,274.05,274.05,274.9,0.0,31.016237912788736
P341_2026-07-15_BAJAJ-AUTO_106697273,P335_P334_LANE_D_HORIZON_AND_EXIT_MARGIN_SQ0p750_SPQ1p000_DSQ0p500_TOP2_H900_long_only_taker_entry_taker_exit_CAP250000_NOT100000_CONC2_zerodha_2x_all_in_cost_proxy,BAJAJ-AUTO,14-Jul-2026 17:06:39,post_close,2026-07-15,market_open_next_available_real_l2_day,General Updates,filled,900,1784087100000,1784087105599,1784088005708,5599,900109,0,10204.25,10330.5,123.72295857118355,10200.5,10208.0,10329.0,10332.0,7.5,3.0,0.7860082304526749,-0.1909090909090909,0.8369098712446352,-0.1940298507462686,0.6666666666666666,0.1052631578947368,9,91872.0,92961.0,1089.0,79.87002319799998,159.74004639599997,929.259953604,-1248.740046396,250000.0,100000.0,2,zerodha_equity_intraday_nse_order_formula_v2_2026_07_14,zerodha_2x_all_in_cost_proxy,0,BANKBEES,300,596.75,596.75,599.575,0.0,47.339757017177405
P341_2026-07-15_BAJAJ-AUTO_106697273,P335_P334_LANE_D_HORIZON_AND_EXIT_MARGIN_SQ0p750_SPQ1p000_DSQ0p500_TOP2_H900_long_only_taker_entry_taker_exit_CAP250000_NOT100000_CONC2_zerodha_2x_all_in_cost_proxy,BAJAJ-AUTO,14-Jul-2026 17:06:39,post_close,2026-07-15,market_open_next_available_real_l2_day,General Updates,filled,900,1784087100000,1784087105599,1784088005708,5599,900109,0,10204.25,10330.5,123.72295857118355,10200.5,10208.0,10329.0,10332.0,7.5,3.0,0.7860082304526749,-0.1909090909090909,0.8369098712446352,-0.1940298507462686,0.6666666666666666,0.1052631578947368,9,91872.0,92961.0,1089.0,79.87002319799998,159.74004639599997,929.259953604,-1248.740046396,250000.0,100000.0,2,zerodha_equity_intraday_nse_order_formula_v2_2026_07_14,zerodha_2x_all_in_cost_proxy,0,BANKBEES,900,596.75,596.75,599.575,0.0,47.339757017177405
P341_2026-07-15_BHARTIARTL_106697323,P335_P334_LANE_D_HORIZON_AND_EXIT_MARGIN_SQ0p750_SPQ1p000_DSQ0p500_TOP2_H900_long_only_taker_entry_taker_exit_CAP250000_NOT100000_CONC2_zerodha_2x_all_in_cost_proxy,BHARTIARTL,14-Jul-2026 17:26:34,post_close,2026-07-15,market_open_next_available_real_l2_day,"Certificate under SEBI (Depositories and Participants) Regulations, 2018",filled,900,1784087100000,1784087105599,1784088007708,5599,902109,0,1945.55,1942.9,-13.620827015496202,1945.1,1946.0,1942.7,1943.1,0.900000000000091,0.3999999999998636,0.608092485549133,-0.0567142334431028,0.2915531335149863,-0.0091438071487946,-0.1666666666666666,0.0333333333333333,51,99246.0,99077.7,-168.3000000000029,82.5958763222,165.1917526444,-333.49175264440294,3.108247355602913,250000.0,100000.0,2,zerodha_equity_intraday_nse_order_formula_v2_2026_07_14,zerodha_2x_all_in_cost_proxy,0,NIFTYBEES,300,274.05,274.05,274.92,0.0,31.746031746031633
P341_2026-07-15_BHARTIARTL_106697323,P335_P334_LANE_D_HORIZON_AND_EXIT_MARGIN_SQ0p750_SPQ1p000_DSQ0p500_TOP2_H900_long_only_taker_entry_taker_exit_CAP250000_NOT100000_CONC2_zerodha_2x_all_in_cost_proxy,BHARTIARTL,14-Jul-2026 17:26:34,post_close,2026-07-15,market_open_next_available_real_l2_day,"Certificate under SEBI (Depositories and Participants) Regulations, 2018",filled,900,1784087100000,1784087105599,1784088007708,5599,902109,0,1945.55,1942.9,-13.620827015496202,1945.1,1946.0,1942.7,1943.1,0.900000000000091,0.3999999999998636,0.608092485549133,-0.0567142334431028,0.2915531335149863,-0.0091438071487946,-0.1666666666666666,0.0333333333333333,51,99246.0,99077.7,-168.3000000000029,82.5958763222,165.1917526444,-333.49175264440294,3.108247355602913,250000.0,100000.0,2,zerodha_equity_intraday_nse_order_formula_v2_2026_07_14,zerodha_2x_all_in_cost_proxy,0,NIFTYBEES,900,274.05,274.05,274.92,0.0,31.746031746031633
P341_2026-07-15_BHARTIARTL_106697323,P335_P334_LANE_D_HORIZON_AND_EXIT_MARGIN_SQ0p750_SPQ1p000_DSQ0p500_TOP2_H900_long_only_taker_entry_taker_exit_CAP250000_NOT100000_CONC2_zerodha_2x_all_in_cost_proxy,BHARTIARTL,14-Jul-2026 17:26:34,post_close,2026-07-15,market_open_next_available_real_l2_day,"Certificate under SEBI (Depositories and Participants) Regulations, 2018",filled,900,1784087100000,1784087105599,1784088007708,5599,902109,0,1945.55,1942.9,-13.620827015496202,1945.1,1946.0,1942.7,1943.1,0.900000000000091,0.3999999999998636,0.608092485549133,-0.0567142334431028,0.2915531335149863,-0.0091438071487946,-0.1666666666666666,0.0333333333333333,51,99246.0,99077.7,-168.3000000000029,82.5958763222,165.1917526444,-333.49175264440294,3.108247355602913,250000.0,100000.0,2,zerodha_equity_intraday_nse_order_formula_v2_2026_07_14,zerodha_2x_all_in_cost_proxy,0,BANKBEES,300,596.75,596.75,599.6600000000001,0.0,48.76413908672106
P341_2026-07-15_BHARTIARTL_106697323,P335_P334_LANE_D_HORIZON_AND_EXIT_MARGIN_SQ0p750_SPQ1p000_DSQ0p500_TOP2_H900_long_only_taker_entry_taker_exit_CAP250000_NOT100000_CONC2_zerodha_2x_all_in_cost_proxy,BHARTIARTL,14-Jul-2026 17:26:34,post_close,2026-07-15,market_open_next_available_real_l2_day,"Certificate under SEBI (Depositories and Participants) Regulations, 2018",filled,900,1784087100000,1784087105599,1784088007708,5599,902109,0,1945.55,1942.9,-13.620827015496202,1945.1,1946.0,1942.7,1943.1,0.900000000000091,0.3999999999998636,0.608092485549133,-0.0567142334431028,0.2915531335149863,-0.0091438071487946,-0.1666666666666666,0.0333333333333333,51,99246.0,99077.7,-168.3000000000029,82.5958763222,165.1917526444,-333.49175264440294,3.108247355602913,250000.0,100000.0,2,zerodha_equity_intraday_nse_order_formula_v2_2026_07_14,zerodha_2x_all_in_cost_proxy,0,BANKBEES,900,596.75,596.75,599.6600000000001,0.0,48.76413908672106
P341_2026-07-15_HCLTECH_106697280,P335_P334_LANE_D_HORIZON_AND_EXIT_MARGIN_SQ0p750_SPQ1p000_DSQ0p500_TOP2_H900_long_only_taker_entry_taker_exit_CAP250000_NOT100000_CONC2_zerodha_2x_all_in_cost_proxy,HCLTECH,14-Jul-2026 17:09:10,post_close,2026-07-15,market_open_next_available_real_l2_day,Updates,filled,900,1784087100000,1784087105599,1784088005708,5599,900109,0,1152.5,1174.7,192.62472885032577,1152.1,1152.9,1174.5,1174.9,0.8000000000001819,0.4000000000000909,-0.1443089430894309,0.1645569620253164,-0.1177094379639448,0.2402745995423341,0.3333333333333333,0.0491803278688524,86,99149.4,101007.0,1857.5999999999915,82.66153229839999,165.32306459679998,1692.2769354031914,-2022.9230645967912,250000.0,100000.0,2,zerodha_equity_intraday_nse_order_formula_v2_2026_07_14,zerodha_2x_all_in_cost_proxy,0,NIFTYBEES,300,274.05,274.05,274.9,0.0,31.016237912788736
P341_2026-07-15_HCLTECH_106697280,P335_P334_LANE_D_HORIZON_AND_EXIT_MARGIN_SQ0p750_SPQ1p000_DSQ0p500_TOP2_H900_long_only_taker_entry_taker_exit_CAP250000_NOT100000_CONC2_zerodha_2x_all_in_cost_proxy,HCLTECH,14-Jul-2026 17:09:10,post_close,2026-07-15,market_open_next_available_real_l2_day,Updates,filled,900,1784087100000,1784087105599,1784088005708,5599,900109,0,1152.5,1174.7,192.62472885032577,1152.1,1152.9,1174.5,1174.9,0.8000000000001819,0.4000000000000909,-0.1443089430894309,0.1645569620253164,-0.1177094379639448,0.2402745995423341,0.3333333333333333,0.0491803278688524,86,99149.4,101007.0,1857.5999999999915,82.66153229839999,165.32306459679998,1692.2769354031914,-2022.9230645967912,250000.0,100000.0,2,zerodha_equity_intraday_nse_order_formula_v2_2026_07_14,zerodha_2x_all_in_cost_proxy,0,NIFTYBEES,900,274.05,274.05,274.9,0.0,31.016237912788736
P341_2026-07-15_HCLTECH_106697280,P335_P334_LANE_D_HORIZON_AND_EXIT_MARGIN_SQ0p750_SPQ1p000_DSQ0p500_TOP2_H900_long_only_taker_entry_taker_exit_CAP250000_NOT100000_CONC2_zerodha_2x_all_in_cost_proxy,HCLTECH,14-Jul-2026 17:09:10,post_close,2026-07-15,market_open_next_available_real_l2_day,Updates,filled,900,1784087100000,1784087105599,1784088005708,5599,900109,0,1152.5,1174.7,192.62472885032577,1152.1,1152.9,1174.5,1174.9,0.8000000000001819,0.4000000000000909,-0.1443089430894309,0.1645569620253164,-0.1177094379639448,0.2402745995423341,0.3333333333333333,0.0491803278688524,86,99149.4,101007.0,1857.5999999999915,82.66153229839999,165.32306459679998,1692.2769354031914,-2022.9230645967912,250000.0,100000.0,2,zerodha_equity_intraday_nse_order_formula_v2_2026_07_14,zerodha_2x_all_in_cost_proxy,0,BANKBEES,300,596.75,596.75,599.575,0.0,47.339757017177405
P341_2026-07-15_HCLTECH_106697280,P335_P334_LANE_D_HORIZON_AND_EXIT_MARGIN_SQ0p750_SPQ1p000_DSQ0p500_TOP2_H900_long_only_taker_entry_taker_exit_CAP250000_NOT100000_CONC2_zerodha_2x_all_in_cost_proxy,HCLTECH,14-Jul-2026 17:09:10,post_close,2026-07-15,market_open_next_available_real_l2_day,Updates,filled,900,1784087100000,1784087105599,1784088005708,5599,900109,0,1152.5,1174.7,192.62472885032577,1152.1,1152.9,1174.5,1174.9,0.8000000000001819,0.4000000000000909,-0.1443089430894309,0.1645569620253164,-0.1177094379639448,0.2402745995423341,0.3333333333333333,0.0491803278688524,86,99149.4,101007.0,1857.5999999999915,82.66153229839999,165.32306459679998,1692.2769354031914,-2022.9230645967912,250000.0,100000.0,2,zerodha_equity_intraday_nse_order_formula_v2_2026_07_14,zerodha_2x_all_in_cost_proxy,0,BANKBEES,900,596.75,596.75,599.575,0.0,47.339757017177405
P341_2026-07-15_HINDUNILVR_106697752,P335_P334_LANE_D_HORIZON_AND_EXIT_MARGIN_SQ0p750_SPQ1p000_DSQ0p500_TOP2_H900_long_only_taker_entry_taker_exit_CAP250000_NOT100000_CONC2_zerodha_2x_all_in_cost_proxy,HINDUNILVR,14-Jul-2026 21:10:36,post_close,2026-07-15,market_open_next_available_real_l2_day,Copy of Newspaper Publication,filled,900,1784087100000,1784087105600,1784088007208,5600,901608,0,2123.5,2114.05,-44.502001412761096,2122.0,2125.0,2113.6,2114.5,3.0,0.900000000000091,0.6020671834625323,0.3285024154589372,0.6438356164383562,0.4761904761904761,0.1666666666666666,0.3125,47,99875.0,99339.2,-535.8000000000029,82.6480563652,165.2961127304,-701.0961127304029,370.5038872696029,250000.0,100000.0,2,zerodha_equity_intraday_nse_order_formula_v2_2026_07_14,zerodha_2x_all_in_cost_proxy,0,NIFTYBEES,300,274.05,274.05,274.92,0.0,31.746031746031633
P341_2026-07-15_HINDUNILVR_106697752,P335_P334_LANE_D_HORIZON_AND_EXIT_MARGIN_SQ0p750_SPQ1p000_DSQ0p500_TOP2_H900_long_only_taker_entry_taker_exit_CAP250000_NOT100000_CONC2_zerodha_2x_all_in_cost_proxy,HINDUNILVR,14-Jul-2026 21:10:36,post_close,2026-07-15,market_open_next_available_real_l2_day,Copy of Newspaper Publication,filled,900,1784087100000,1784087105600,1784088007208,5600,901608,0,2123.5,2114.05,-44.502001412761096,2122.0,2125.0,2113.6,2114.5,3.0,0.900000000000091,0.6020671834625323,0.3285024154589372,0.6438356164383562,0.4761904761904761,0.1666666666666666,0.3125,47,99875.0,99339.2,-535.8000000000029,82.6480563652,165.2961127304,-701.0961127304029,370.5038872696029,250000.0,100000.0,2,zerodha_equity_intraday_nse_order_formula_v2_2026_07_14,zerodha_2x_all_in_cost_proxy,0,NIFTYBEES,900,274.05,274.05,274.92,0.0,31.746031746031633
P341_2026-07-15_HINDUNILVR_106697752,P335_P334_LANE_D_HORIZON_AND_EXIT_MARGIN_SQ0p750_SPQ1p000_DSQ0p500_TOP2_H900_long_only_taker_entry_taker_exit_CAP250000_NOT100000_CONC2_zerodha_2x_all_in_cost_proxy,HINDUNILVR,14-Jul-2026 21:10:36,post_close,2026-07-15,market_open_next_available_real_l2_day,Copy of Newspaper Publication,filled,900,1784087100000,1784087105600,1784088007208,5600,901608,0,2123.5,2114.05,-44.502001412761096,2122.0,2125.0,2113.6,2114.5,3.0,0.900000000000091,0.6020671834625323,0.3285024154589372,0.6438356164383562,0.4761904761904761,0.1666666666666666,0.3125,47,99875.0,99339.2,-535.8000000000029,82.6480563652,165.2961127304,-701.0961127304029,370.5038872696029,250000.0,100000.0,2,zerodha_equity_intraday_nse_order_formula_v2_2026_07_14,zerodha_2x_all_in_cost_proxy,0,BANKBEES,300,596.75,596.75,599.6600000000001,0.0,48.76413908672106
P341_2026-07-15_HINDUNILVR_106697752,P335_P334_LANE_D_HORIZON_AND_EXIT_MARGIN_SQ0p750_SPQ1p000_DSQ0p500_TOP2_H900_long_only_taker_entry_taker_exit_CAP250000_NOT100000_CONC2_zerodha_2x_all_in_cost_proxy,HINDUNILVR,14-Jul-2026 21:10:36,post_close,2026-07-15,market_open_next_available_real_l2_day,Copy of Newspaper Publication,filled,900,1784087100000,1784087105600,1784088007208,5600,901608,0,2123.5,2114.05,-44.502001412761096,2122.0,2125.0,2113.6,2114.5,3.0,0.900000000000091,0.6020671834625323,0.3285024154589372,0.6438356164383562,0.4761904761904761,0.1666666666666666,0.3125,47,99875.0,99339.2,-535.8000000000029,82.6480563652,165.2961127304,-701.0961127304029,370.5038872696029,250000.0,100000.0,2,zerodha_equity_intraday_nse_order_formula_v2_2026_07_14,zerodha_2x_all_in_cost_proxy,0,BANKBEES,900,596.75,596.75,599.6600000000001,0.0,48.76413908672106
P341_2026-07-15_ICICIBANK_106697294,P335_P334_LANE_D_HORIZON_AND_EXIT_MARGIN_SQ0p750_SPQ1p000_DSQ0p500_TOP2_H900_long_only_taker_entry_taker_exit_CAP250000_NOT100000_CONC2_zerodha_2x_all_in_cost_proxy,ICICIBANK,14-Jul-2026 17:16:57,post_close,2026-07-15,market_open_next_available_real_l2_day,Analysts/Institutional Investor Meet/Con. Call Updates,filled,900,1784087100000,1784087105598,1784088006209,5598,900611,0,1412.3,1422.05,69.03632372725342,1412.0,1412.6,1421.8,1422.3,0.599999999999909,0.5,-0.878622739658162,-0.3509373110260028,-0.90309507585267,-0.4167583021772597,-0.0303030303030303,-0.1780821917808219,70,98882.0,99526.0,644.0,82.588109648,165.176219296,478.823780704,-809.176219296,250000.0,100000.0,2,zerodha_equity_intraday_nse_order_formula_v2_2026_07_14,zerodha_2x_all_in_cost_proxy,0,NIFTYBEES,300,274.05,274.05,274.92,0.0,31.746031746031633
P341_2026-07-15_ICICIBANK_106697294,P335_P334_LANE_D_HORIZON_AND_EXIT_MARGIN_SQ0p750_SPQ1p000_DSQ0p500_TOP2_H900_long_only_taker_entry_taker_exit_CAP250000_NOT100000_CONC2_zerodha_2x_all_in_cost_proxy,ICICIBANK,14-Jul-2026 17:16:57,post_close,2026-07-15,market_open_next_available_real_l2_day,Analysts/Institutional Investor Meet/Con. Call Updates,filled,900,1784087100000,1784087105598,1784088006209,5598,900611,0,1412.3,1422.05,69.03632372725342,1412.0,1412.6,1421.8,1422.3,0.599999999999909,0.5,-0.878622739658162,-0.3509373110260028,-0.90309507585267,-0.4167583021772597,-0.0303030303030303,-0.1780821917808219,70,98882.0,99526.0,644.0,82.588109648,165.176219296,478.823780704,-809.176219296,250000.0,100000.0,2,zerodha_equity_intraday_nse_order_formula_v2_2026_07_14,zerodha_2x_all_in_cost_proxy,0,NIFTYBEES,900,274.05,274.05,274.92,0.0,31.746031746031633
P341_2026-07-15_ICICIBANK_106697294,P335_P334_LANE_D_HORIZON_AND_EXIT_MARGIN_SQ0p750_SPQ1p000_DSQ0p500_TOP2_H900_long_only_taker_entry_taker_exit_CAP250000_NOT100000_CONC2_zerodha_2x_all_in_cost_proxy,ICICIBANK,14-Jul-2026 17:16:57,post_close,2026-07-15,market_open_next_available_real_l2_day,Analysts/Institutional Investor Meet/Con. Call Updates,filled,900,1784087100000,1784087105598,1784088006209,5598,900611,0,1412.3,1422.05,69.03632372725342,1412.0,1412.6,1421.8,1422.3,0.599999999999909,0.5,-0.878622739658162,-0.3509373110260028,-0.90309507585267,-0.4167583021772597,-0.0303030303030303,-0.1780821917808219,70,98882.0,99526.0,644.0,82.588109648,165.176219296,478.823780704,-809.176219296,250000.0,100000.0,2,zerodha_equity_intraday_nse_order_formula_v2_2026_07_14,zerodha_2x_all_in_cost_proxy,0,BANKBEES,300,596.75,596.75,599.575,0.0,47.339757017177405
P341_2026-07-15_ICICIBANK_106697294,P335_P334_LANE_D_HORIZON_AND_EXIT_MARGIN_SQ0p750_SPQ1p000_DSQ0p500_TOP2_H900_long_only_taker_entry_taker_exit_CAP250000_NOT100000_CONC2_zerodha_2x_all_in_cost_proxy,ICICIBANK,14-Jul-2026 17:16:57,post_close,2026-07-15,market_open_next_available_real_l2_day,Analysts/Institutional Investor Meet/Con. Call Updates,filled,900,1784087100000,1784087105598,1784088006209,5598,900611,0,1412.3,1422.05,69.03632372725342,1412.0,1412.6,1421.8,1422.3,0.599999999999909,0.5,-0.878622739658162,-0.3509373110260028,-0.90309507585267,-0.4167583021772597,-0.0303030303030303,-0.1780821917808219,70,98882.0,99526.0,644.0,82.588109648,165.176219296,478.823780704,-809.176219296,250000.0,100000.0,2,zerodha_equity_intraday_nse_order_formula_v2_2026_07_14,zerodha_2x_all_in_cost_proxy,0,BANKBEES,900,596.75,596.75,599.575,0.0,47.339757017177405
P341_2026-07-15_ICICIBANK_106697317,P335_P334_LANE_D_HORIZON_AND_EXIT_MARGIN_SQ0p750_SPQ1p000_DSQ0p500_TOP2_H900_long_only_taker_entry_taker_exit_CAP250000_NOT100000_CONC2_zerodha_2x_all_in_cost_proxy,ICICIBANK,14-Jul-2026 17:24:51,post_close,2026-07-15,market_open_next_available_real_l2_day,General Updates,filled,900,1784087100000,1784087105598,1784088006209,5598,900611,0,1412.3,1422.05,69.03632372725342,1412.0,1412.6,1421.8,1422.3,0.599999999999909,0.5,-0.878622739658162,-0.3509373110260028,-0.90309507585267,-0.4167583021772597,-0.0303030303030303,-0.1780821917808219,70,98882.0,99526.0,644.0,82.588109648,165.176219296,478.823780704,-809.176219296,250000.0,100000.0,2,zerodha_equity_intraday_nse_order_formula_v2_2026_07_14,zerodha_2x_all_in_cost_proxy,0,NIFTYBEES,300,274.05,274.05,274.92,0.0,31.746031746031633
P341_2026-07-15_ICICIBANK_106697317,P335_P334_LANE_D_HORIZON_AND_EXIT_MARGIN_SQ0p750_SPQ1p000_DSQ0p500_TOP2_H900_long_only_taker_entry_taker_exit_CAP250000_NOT100000_CONC2_zerodha_2x_all_in_cost_proxy,ICICIBANK,14-Jul-2026 17:24:51,post_close,2026-07-15,market_open_next_available_real_l2_day,General Updates,filled,900,1784087100000,1784087105598,1784088006209,5598,900611,0,1412.3,1422.05,69.03632372725342,1412.0,1412.6,1421.8,1422.3,0.599999999999909,0.5,-0.878622739658162,-0.3509373110260028,-0.90309507585267,-0.4167583021772597,-0.0303030303030303,-0.1780821917808219,70,98882.0,99526.0,644.0,82.588109648,165.176219296,478.823780704,-809.176219296,250000.0,100000.0,2,zerodha_equity_intraday_nse_order_formula_v2_2026_07_14,zerodha_2x_all_in_cost_proxy,0,NIFTYBEES,900,274.05,274.05,274.92,0.0,31.746031746031633
P341_2026-07-15_ICICIBANK_106697317,P335_P334_LANE_D_HORIZON_AND_EXIT_MARGIN_SQ0p750_SPQ1p000_DSQ0p500_TOP2_H900_long_only_taker_entry_taker_exit_CAP250000_NOT100000_CONC2_zerodha_2x_all_in_cost_proxy,ICICIBANK,14-Jul-2026 17:24:51,post_close,2026-07-15,market_open_next_available_real_l2_day,General Updates,filled,900,1784087100000,1784087105598,1784088006209,5598,900611,0,1412.3,1422.05,69.03632372725342,1412.0,1412.6,1421.8,1422.3,0.599999999999909,0.5,-0.878622739658162,-0.3509373110260028,-0.90309507585267,-0.4167583021772597,-0.0303030303030303,-0.1780821917808219,70,98882.0,99526.0,644.0,82.588109648,165.176219296,478.823780704,-809.176219296,250000.0,100000.0,2,zerodha_equity_intraday_nse_order_formula_v2_2026_07_14,zerodha_2x_all_in_cost_proxy,0,BANKBEES,300,596.75,596.75,599.575,0.0,47.339757017177405
P341_2026-07-15_ICICIBANK_106697317,P335_P334_LANE_D_HORIZON_AND_EXIT_MARGIN_SQ0p750_SPQ1p000_DSQ0p500_TOP2_H900_long_only_taker_entry_taker_exit_CAP250000_NOT100000_CONC2_zerodha_2x_all_in_cost_proxy,ICICIBANK,14-Jul-2026 17:24:51,post_close,2026-07-15,market_open_next_available_real_l2_day,General Updates,filled,900,1784087100000,1784087105598,1784088006209,5598,900611,0,1412.3,1422.05,69.03632372725342,1412.0,1412.6,1421.8,1422.3,0.599999999999909,0.5,-0.878622739658162,-0.3509373110260028,-0.90309507585267,-0.4167583021772597,-0.0303030303030303,-0.1780821917808219,70,98882.0,99526.0,644.0,82.588109648,165.176219296,478.823780704,-809.176219296,250000.0,100000.0,2,zerodha_equity_intraday_nse_order_formula_v2_2026_07_14,zerodha_2x_all_in_cost_proxy,0,BANKBEES,900,596.75,596.75,599.575,0.0,47.339757017177405
P341_2026-07-15_INFY_106697740,P335_P334_LANE_D_HORIZON_AND_EXIT_MARGIN_SQ0p750_SPQ1p000_DSQ0p500_TOP2_H900_long_only_taker_entry_taker_exit_CAP250000_NOT100000_CONC2_zerodha_2x_all_in_cost_proxy,INFY,14-Jul-2026 20:54:14,post_close,2026-07-15,market_open_next_available_real_l2_day,Updates,filled,900,1784087100000,1784087100706,1784088004297,706,903591,0,1079.1999999999998,1085.15,55.13343217198178,1078.6,1079.8,1085.0,1085.3,1.2000000000000457,0.2999999999999545,-0.5466829218734126,0.0899631476262735,-0.543870438704387,-0.0229621125143513,-0.5111111111111111,0.0857142857142857,92,99341.6,99820.0,478.40000000000873,82.63008680959999,165.26017361919995,313.1398263808088,-643.6601736192088,250000.0,100000.0,2,zerodha_equity_intraday_nse_order_formula_v2_2026_07_14,zerodha_2x_all_in_cost_proxy,1,NIFTYBEES,300,274.05,274.05,274.9,0.0,31.016237912788736
P341_2026-07-15_INFY_106697740,P335_P334_LANE_D_HORIZON_AND_EXIT_MARGIN_SQ0p750_SPQ1p000_DSQ0p500_TOP2_H900_long_only_taker_entry_taker_exit_CAP250000_NOT100000_CONC2_zerodha_2x_all_in_cost_proxy,INFY,14-Jul-2026 20:54:14,post_close,2026-07-15,market_open_next_available_real_l2_day,Updates,filled,900,1784087100000,1784087100706,1784088004297,706,903591,0,1079.1999999999998,1085.15,55.13343217198178,1078.6,1079.8,1085.0,1085.3,1.2000000000000457,0.2999999999999545,-0.5466829218734126,0.0899631476262735,-0.543870438704387,-0.0229621125143513,-0.5111111111111111,0.0857142857142857,92,99341.6,99820.0,478.40000000000873,82.63008680959999,165.26017361919995,313.1398263808088,-643.6601736192088,250000.0,100000.0,2,zerodha_equity_intraday_nse_order_formula_v2_2026_07_14,zerodha_2x_all_in_cost_proxy,1,NIFTYBEES,900,274.05,274.05,274.9,0.0,31.016237912788736
P341_2026-07-15_INFY_106697740,P335_P334_LANE_D_HORIZON_AND_EXIT_MARGIN_SQ0p750_SPQ1p000_DSQ0p500_TOP2_H900_long_only_taker_entry_taker_exit_CAP250000_NOT100000_CONC2_zerodha_2x_all_in_cost_proxy,INFY,14-Jul-2026 20:54:14,post_close,2026-07-15,market_open_next_available_real_l2_day,Updates,filled,900,1784087100000,1784087100706,1784088004297,706,903591,0,1079.1999999999998,1085.15,55.13343217198178,1078.6,1079.8,1085.0,1085.3,1.2000000000000457,0.2999999999999545,-0.5466829218734126,0.0899631476262735,-0.543870438704387,-0.0229621125143513,-0.5111111111111111,0.0857142857142857,92,99341.6,99820.0,478.40000000000873,82.63008680959999,165.26017361919995,313.1398263808088,-643.6601736192088,250000.0,100000.0,2,zerodha_equity_intraday_nse_order_formula_v2_2026_07_14,zerodha_2x_all_in_cost_proxy,1,BANKBEES,300,596.75,596.75,599.575,0.0,47.339757017177405
P341_2026-07-15_INFY_106697740,P335_P334_LANE_D_HORIZON_AND_EXIT_MARGIN_SQ0p750_SPQ1p000_DSQ0p500_TOP2_H900_long_only_taker_entry_taker_exit_CAP250000_NOT100000_CONC2_zerodha_2x_all_in_cost_proxy,INFY,14-Jul-2026 20:54:14,post_close,2026-07-15,market_open_next_available_real_l2_day,Updates,filled,900,1784087100000,1784087100706,1784088004297,706,903591,0,1079.1999999999998,1085.15,55.13343217198178,1078.6,1079.8,1085.0,1085.3,1.2000000000000457,0.2999999999999545,-0.5466829218734126,0.0899631476262735,-0.543870438704387,-0.0229621125143513,-0.5111111111111111,0.0857142857142857,92,99341.6,99820.0,478.40000000000873,82.63008680959999,165.26017361919995,313.1398263808088,-643.6601736192088,250000.0,100000.0,2,zerodha_equity_intraday_nse_order_formula_v2_2026_07_14,zerodha_2x_all_in_cost_proxy,1,BANKBEES,900,596.75,596.75,599.575,0.0,47.339757017177405
P341_2026-07-15_MARUTI_106697620,P335_P334_LANE_D_HORIZON_AND_EXIT_MARGIN_SQ0p750_SPQ1p000_DSQ0p500_TOP2_H900_long_only_taker_entry_taker_exit_CAP250000_NOT100000_CONC2_zerodha_2x_all_in_cost_proxy,MARUTI,14-Jul-2026 19:32:54,post_close,2026-07-15,market_open_next_available_real_l2_day,Press Release,filled,900,1784087100000,1784087105603,1784088010208,5603,904605,0,13532.0,13516.0,-11.823825007389893,13526.0,13538.0,13513.0,13519.0,12.0,6.0,-0.0093457943925233,-0.1308641975308642,0.031578947368421,-0.0324483775811209,0.0666666666666666,0.1034482758620689,7,94766.0,94591.0,-175.0,81.126067942,162.252135884,-337.25213588400004,12.747864115999988,250000.0,100000.0,2,zerodha_equity_intraday_nse_order_formula_v2_2026_07_14,zerodha_2x_all_in_cost_proxy,0,NIFTYBEES,300,274.05,274.05,274.92,0.0,31.746031746031633
P341_2026-07-15_MARUTI_106697620,P335_P334_LANE_D_HORIZON_AND_EXIT_MARGIN_SQ0p750_SPQ1p000_DSQ0p500_TOP2_H900_long_only_taker_entry_taker_exit_CAP250000_NOT100000_CONC2_zerodha_2x_all_in_cost_proxy,MARUTI,14-Jul-2026 19:32:54,post_close,2026-07-15,market_open_next_available_real_l2_day,Press Release,filled,900,1784087100000,1784087105603,1784088010208,5603,904605,0,13532.0,13516.0,-11.823825007389893,13526.0,13538.0,13513.0,13519.0,12.0,6.0,-0.0093457943925233,-0.1308641975308642,0.031578947368421,-0.0324483775811209,0.0666666666666666,0.1034482758620689,7,94766.0,94591.0,-175.0,81.126067942,162.252135884,-337.25213588400004,12.747864115999988,250000.0,100000.0,2,zerodha_equity_intraday_nse_order_formula_v2_2026_07_14,zerodha_2x_all_in_cost_proxy,0,NIFTYBEES,900,274.05,274.05,274.92,0.0,31.746031746031633
P341_2026-07-15_MARUTI_106697620,P335_P334_LANE_D_HORIZON_AND_EXIT_MARGIN_SQ0p750_SPQ1p000_DSQ0p500_TOP2_H900_long_only_taker_entry_taker_exit_CAP250000_NOT100000_CONC2_zerodha_2x_all_in_cost_proxy,MARUTI,14-Jul-2026 19:32:54,post_close,2026-07-15,market_open_next_available_real_l2_day,Press Release,filled,900,1784087100000,1784087105603,1784088010208,5603,904605,0,13532.0,13516.0,-11.823825007389893,13526.0,13538.0,13513.0,13519.0,12.0,6.0,-0.0093457943925233,-0.1308641975308642,0.031578947368421,-0.0324483775811209,0.0666666666666666,0.1034482758620689,7,94766.0,94591.0,-175.0,81.126067942,162.252135884,-337.25213588400004,12.747864115999988,250000.0,100000.0,2,zerodha_equity_intraday_nse_order_formula_v2_2026_07_14,zerodha_2x_all_in_cost_proxy,0,BANKBEES,300,596.75,596.75,599.6600000000001,0.0,48.76413908672106
P341_2026-07-15_MARUTI_106697620,P335_P334_LANE_D_HORIZON_AND_EXIT_MARGIN_SQ0p750_SPQ1p000_DSQ0p500_TOP2_H900_long_only_taker_entry_taker_exit_CAP250000_NOT100000_CONC2_zerodha_2x_all_in_cost_proxy,MARUTI,14-Jul-2026 19:32:54,post_close,2026-07-15,market_open_next_available_real_l2_day,Press Release,filled,900,1784087100000,1784087105603,1784088010208,5603,904605,0,13532.0,13516.0,-11.823825007389893,13526.0,13538.0,13513.0,13519.0,12.0,6.0,-0.0093457943925233,-0.1308641975308642,0.031578947368421,-0.0324483775811209,0.0666666666666666,0.1034482758620689,7,94766.0,94591.0,-175.0,81.126067942,162.252135884,-337.25213588400004,12.747864115999988,250000.0,100000.0,2,zerodha_equity_intraday_nse_order_formula_v2_2026_07_14,zerodha_2x_all_in_cost_proxy,0,BANKBEES,900,596.75,596.75,599.6600000000001,0.0,48.76413908672106
P341_2026-07-15_MARUTI_106698349,P335_P334_LANE_D_HORIZON_AND_EXIT_MARGIN_SQ0p750_SPQ1p000_DSQ0p500_TOP2_H900_long_only_taker_entry_taker_exit_CAP250000_NOT100000_CONC2_zerodha_2x_all_in_cost_proxy,MARUTI,15-Jul-2026 12:29:23,regular_session,2026-07-15,first_real_tick_after_announcement,Copy of Newspaper Publication,filled,900,1784098763000,1784098763204,1784099669405,204,906201,0,13585.5,13568.5,-12.513341430201317,13584.0,13587.0,13566.0,13571.0,3.0,5.0,0.0816326530612244,-0.332,0.0619946091644204,-0.2814070351758794,-0.4347826086956521,0.2222222222222222,7,95109.0,94962.0,-147.0,81.163065826,162.326131652,-309.326131652,-15.326131651999988,250000.0,100000.0,2,zerodha_equity_intraday_nse_order_formula_v2_2026_07_14,zerodha_2x_all_in_cost_proxy,1,NIFTYBEES,300,274.765,274.85,274.475,-3.092595961434741,-10.554473823083388
P341_2026-07-15_MARUTI_106698349,P335_P334_LANE_D_HORIZON_AND_EXIT_MARGIN_SQ0p750_SPQ1p000_DSQ0p500_TOP2_H900_long_only_taker_entry_taker_exit_CAP250000_NOT100000_CONC2_zerodha_2x_all_in_cost_proxy,MARUTI,15-Jul-2026 12:29:23,regular_session,2026-07-15,first_real_tick_after_announcement,Copy of Newspaper Publication,filled,900,1784098763000,1784098763204,1784099669405,204,906201,0,13585.5,13568.5,-12.513341430201317,13584.0,13587.0,13566.0,13571.0,3.0,5.0,0.0816326530612244,-0.332,0.0619946091644204,-0.2814070351758794,-0.4347826086956521,0.2222222222222222,7,95109.0,94962.0,-147.0,81.163065826,162.326131652,-309.326131652,-15.326131651999988,250000.0,100000.0,2,zerodha_equity_intraday_nse_order_formula_v2_2026_07_14,zerodha_2x_all_in_cost_proxy,1,NIFTYBEES,900,274.765,274.80499999999995,274.475,-1.455577591381596,-10.554473823083388
P341_2026-07-15_MARUTI_106698349,P335_P334_LANE_D_HORIZON_AND_EXIT_MARGIN_SQ0p750_SPQ1p000_DSQ0p500_TOP2_H900_long_only_taker_entry_taker_exit_CAP250000_NOT100000_CONC2_zerodha_2x_all_in_cost_proxy,MARUTI,15-Jul-2026 12:29:23,regular_session,2026-07-15,first_real_tick_after_announcement,Copy of Newspaper Publication,filled,900,1784098763000,1784098763204,1784099669405,204,906201,0,13585.5,13568.5,-12.513341430201317,13584.0,13587.0,13566.0,13571.0,3.0,5.0,0.0816326530612244,-0.332,0.0619946091644204,-0.2814070351758794,-0.4347826086956521,0.2222222222222222,7,95109.0,94962.0,-147.0,81.163065826,162.326131652,-309.326131652,-15.326131651999988,250000.0,100000.0,2,zerodha_equity_intraday_nse_order_formula_v2_2026_07_14,zerodha_2x_all_in_cost_proxy,1,BANKBEES,300,599.97,599.1700000000001,599.49,13.351803327936729,-8.000400020001797
P341_2026-07-15_MARUTI_106698349,P335_P334_LANE_D_HORIZON_AND_EXIT_MARGIN_SQ0p750_SPQ1p000_DSQ0p500_TOP2_H900_long_only_taker_entry_taker_exit_CAP250000_NOT100000_CONC2_zerodha_2x_all_in_cost_proxy,MARUTI,15-Jul-2026 12:29:23,regular_session,2026-07-15,first_real_tick_after_announcement,Copy of Newspaper Publication,filled,900,1784098763000,1784098763204,1784099669405,204,906201,0,13585.5,13568.5,-12.513341430201317,13584.0,13587.0,13566.0,13571.0,3.0,5.0,0.0816326530612244,-0.332,0.0619946091644204,-0.2814070351758794,-0.4347826086956521,0.2222222222222222,7,95109.0,94962.0,-147.0,81.163065826,162.326131652,-309.326131652,-15.326131651999988,250000.0,100000.0,2,zerodha_equity_intraday_nse_order_formula_v2_2026_07_14,zerodha_2x_all_in_cost_proxy,1,BANKBEES,900,599.97,599.78,599.49,3.167828203676226,-8.000400020001797
P341_2026-07-15_SBIN_106697426,P335_P334_LANE_D_HORIZON_AND_EXIT_MARGIN_SQ0p750_SPQ1p000_DSQ0p500_TOP2_H900_long_only_taker_entry_taker_exit_CAP250000_NOT100000_CONC2_zerodha_2x_all_in_cost_proxy,SBIN,14-Jul-2026 18:02:49,post_close,2026-07-15,market_open_next_available_real_l2_day,Credit Rating,filled,900,1784087100000,1784087105599,1784088005957,5599,900358,0,1017.3,1026.05,86.01199252924407,1016.9,1017.7,1026.0,1026.1,0.8000000000000682,0.099999999999909,0.1195065535851966,0.2519324814639533,0.1222003929273084,0.2991704867932765,0.1578947368421052,-0.2105263157894736,98,99734.6,100548.0,813.3999999999942,82.68380893559998,165.36761787119997,648.0323821287942,-978.767617871194,250000.0,100000.0,2,zerodha_equity_intraday_nse_order_formula_v2_2026_07_14,zerodha_2x_all_in_cost_proxy,0,NIFTYBEES,300,274.05,274.05,274.9,0.0,31.016237912788736
P341_2026-07-15_SBIN_106697426,P335_P334_LANE_D_HORIZON_AND_EXIT_MARGIN_SQ0p750_SPQ1p000_DSQ0p500_TOP2_H900_long_only_taker_entry_taker_exit_CAP250000_NOT100000_CONC2_zerodha_2x_all_in_cost_proxy,SBIN,14-Jul-2026 18:02:49,post_close,2026-07-15,market_open_next_available_real_l2_day,Credit Rating,filled,900,1784087100000,1784087105599,1784088005957,5599,900358,0,1017.3,1026.05,86.01199252924407,1016.9,1017.7,1026.0,1026.1,0.8000000000000682,0.099999999999909,0.1195065535851966,0.2519324814639533,0.1222003929273084,0.2991704867932765,0.1578947368421052,-0.2105263157894736,98,99734.6,100548.0,813.3999999999942,82.68380893559998,165.36761787119997,648.0323821287942,-978.767617871194,250000.0,100000.0,2,zerodha_equity_intraday_nse_order_formula_v2_2026_07_14,zerodha_2x_all_in_cost_proxy,0,NIFTYBEES,900,274.05,274.05,274.9,0.0,31.016237912788736
P341_2026-07-15_SBIN_106697426,P335_P334_LANE_D_HORIZON_AND_EXIT_MARGIN_SQ0p750_SPQ1p000_DSQ0p500_TOP2_H900_long_only_taker_entry_taker_exit_CAP250000_NOT100000_CONC2_zerodha_2x_all_in_cost_proxy,SBIN,14-Jul-2026 18:02:49,post_close,2026-07-15,market_open_next_available_real_l2_day,Credit Rating,filled,900,1784087100000,1784087105599,1784088005957,5599,900358,0,1017.3,1026.05,86.01199252924407,1016.9,1017.7,1026.0,1026.1,0.8000000000000682,0.099999999999909,0.1195065535851966,0.2519324814639533,0.1222003929273084,0.2991704867932765,0.1578947368421052,-0.2105263157894736,98,99734.6,100548.0,813.3999999999942,82.68380893559998,165.36761787119997,648.0323821287942,-978.767617871194,250000.0,100000.0,2,zerodha_equity_intraday_nse_order_formula_v2_2026_07_14,zerodha_2x_all_in_cost_proxy,0,BANKBEES,300,596.75,596.75,599.575,0.0,47.339757017177405
P341_2026-07-15_SBIN_106697426,P335_P334_LANE_D_HORIZON_AND_EXIT_MARGIN_SQ0p750_SPQ1p000_DSQ0p500_TOP2_H900_long_only_taker_entry_taker_exit_CAP250000_NOT100000_CONC2_zerodha_2x_all_in_cost_proxy,SBIN,14-Jul-2026 18:02:49,post_close,2026-07-15,market_open_next_available_real_l2_day,Credit Rating,filled,900,1784087100000,1784087105599,1784088005957,5599,900358,0,1017.3,1026.05,86.01199252924407,1016.9,1017.7,1026.0,1026.1,0.8000000000000682,0.099999999999909,0.1195065535851966,0.2519324814639533,0.1222003929273084,0.2991704867932765,0.1578947368421052,-0.2105263157894736,98,99734.6,100548.0,813.3999999999942,82.68380893559998,165.36761787119997,648.0323821287942,-978.767617871194,250000.0,100000.0,2,zerodha_equity_intraday_nse_order_formula_v2_2026_07_14,zerodha_2x_all_in_cost_proxy,0,BANKBEES,900,596.75,596.75,599.575,0.0,47.339757017177405
P341_2026-07-15_SUNPHARMA_106697486,P335_P334_LANE_D_HORIZON_AND_EXIT_MARGIN_SQ0p750_SPQ1p000_DSQ0p500_TOP2_H900_long_only_taker_entry_taker_exit_CAP250000_NOT100000_CONC2_zerodha_2x_all_in_cost_proxy,SUNPHARMA,14-Jul-2026 18:29:25,post_close,2026-07-15,market_open_next_available_real_l2_day,Analysts/Institutional Investor Meet/Con. Call Updates,filled,900,1784087100000,1784087105598,1784088007208,5598,901610,0,1952.7,1949.3,-17.411788805244488,1951.0,1954.4,1949.0,1949.6,3.400000000000091,0.599999999999909,0.7580428954423593,-0.5795454545454546,0.7646263104497801,-0.5656465942744324,0.391304347826087,-0.2195121951219512,51,99674.4,99399.0,-275.4000000000088,82.63677160040001,165.27354320080002,-440.6735432008088,110.12645679920873,250000.0,100000.0,2,zerodha_equity_intraday_nse_order_formula_v2_2026_07_14,zerodha_2x_all_in_cost_proxy,0,NIFTYBEES,300,274.05,274.05,274.92,0.0,31.746031746031633
P341_2026-07-15_SUNPHARMA_106697486,P335_P334_LANE_D_HORIZON_AND_EXIT_MARGIN_SQ0p750_SPQ1p000_DSQ0p500_TOP2_H900_long_only_taker_entry_taker_exit_CAP250000_NOT100000_CONC2_zerodha_2x_all_in_cost_proxy,SUNPHARMA,14-Jul-2026 18:29:25,post_close,2026-07-15,market_open_next_available_real_l2_day,Analysts/Institutional Investor Meet/Con. Call Updates,filled,900,1784087100000,1784087105598,1784088007208,5598,901610,0,1952.7,1949.3,-17.411788805244488,1951.0,1954.4,1949.0,1949.6,3.400000000000091,0.599999999999909,0.7580428954423593,-0.5795454545454546,0.7646263104497801,-0.5656465942744324,0.391304347826087,-0.2195121951219512,51,99674.4,99399.0,-275.4000000000088,82.63677160040001,165.27354320080002,-440.6735432008088,110.12645679920873,250000.0,100000.0,2,zerodha_equity_intraday_nse_order_formula_v2_2026_07_14,zerodha_2x_all_in_cost_proxy,0,NIFTYBEES,900,274.05,274.05,274.92,0.0,31.746031746031633
P341_2026-07-15_SUNPHARMA_106697486,P335_P334_LANE_D_HORIZON_AND_EXIT_MARGIN_SQ0p750_SPQ1p000_DSQ0p500_TOP2_H900_long_only_taker_entry_taker_exit_CAP250000_NOT100000_CONC2_zerodha_2x_all_in_cost_proxy,SUNPHARMA,14-Jul-2026 18:29:25,post_close,2026-07-15,market_open_next_available_real_l2_day,Analysts/Institutional Investor Meet/Con. Call Updates,filled,900,1784087100000,1784087105598,1784088007208,5598,901610,0,1952.7,1949.3,-17.411788805244488,1951.0,1954.4,1949.0,1949.6,3.400000000000091,0.599999999999909,0.7580428954423593,-0.5795454545454546,0.7646263104497801,-0.5656465942744324,0.391304347826087,-0.2195121951219512,51,99674.4,99399.0,-275.4000000000088,82.63677160040001,165.27354320080002,-440.6735432008088,110.12645679920873,250000.0,100000.0,2,zerodha_equity_intraday_nse_order_formula_v2_2026_07_14,zerodha_2x_all_in_cost_proxy,0,BANKBEES,300,596.75,596.75,599.6600000000001,0.0,48.76413908672106
P341_2026-07-15_SUNPHARMA_106697486,P335_P334_LANE_D_HORIZON_AND_EXIT_MARGIN_SQ0p750_SPQ1p000_DSQ0p500_TOP2_H900_long_only_taker_entry_taker_exit_CAP250000_NOT100000_CONC2_zerodha_2x_all_in_cost_proxy,SUNPHARMA,14-Jul-2026 18:29:25,post_close,2026-07-15,market_open_next_available_real_l2_day,Analysts/Institutional Investor Meet/Con. Call Updates,filled,900,1784087100000,1784087105598,1784088007208,5598,901610,0,1952.7,1949.3,-17.411788805244488,1951.0,1954.4,1949.0,1949.6,3.400000000000091,0.599999999999909,0.7580428954423593,-0.5795454545454546,0.7646263104497801,-0.5656465942744324,0.391304347826087,-0.2195121951219512,51,99674.4,99399.0,-275.4000000000088,82.63677160040001,165.27354320080002,-440.6735432008088,110.12645679920873,250000.0,100000.0,2,zerodha_equity_intraday_nse_order_formula_v2_2026_07_14,zerodha_2x_all_in_cost_proxy,0,BANKBEES,900,596.75,596.75,599.6600000000001,0.0,48.76413908672106
P341_2026-07-15_SUNPHARMA_106697990,P335_P334_LANE_D_HORIZON_AND_EXIT_MARGIN_SQ0p750_SPQ1p000_DSQ0p500_TOP2_H900_long_only_taker_entry_taker_exit_CAP250000_NOT100000_CONC2_zerodha_2x_all_in_cost_proxy,SUNPHARMA,15-Jul-2026 08:40:33,pre_open_or_overnight,2026-07-15,market_open_same_day,Press Release,filled,900,1784087100000,1784087105598,1784088007208,5598,901610,0,1952.7,1949.3,-17.411788805244488,1951.0,1954.4,1949.0,1949.6,3.400000000000091,0.599999999999909,0.7580428954423593,-0.5795454545454546,0.7646263104497801,-0.5656465942744324,0.391304347826087,-0.2195121951219512,51,99674.4,99399.0,-275.4000000000088,82.63677160040001,165.27354320080002,-440.6735432008088,110.12645679920873,250000.0,100000.0,2,zerodha_equity_intraday_nse_order_formula_v2_2026_07_14,zerodha_2x_all_in_cost_proxy,0,NIFTYBEES,300,274.05,274.05,274.92,0.0,31.746031746031633
P341_2026-07-15_SUNPHARMA_106697990,P335_P334_LANE_D_HORIZON_AND_EXIT_MARGIN_SQ0p750_SPQ1p000_DSQ0p500_TOP2_H900_long_only_taker_entry_taker_exit_CAP250000_NOT100000_CONC2_zerodha_2x_all_in_cost_proxy,SUNPHARMA,15-Jul-2026 08:40:33,pre_open_or_overnight,2026-07-15,market_open_same_day,Press Release,filled,900,1784087100000,1784087105598,1784088007208,5598,901610,0,1952.7,1949.3,-17.411788805244488,1951.0,1954.4,1949.0,1949.6,3.400000000000091,0.599999999999909,0.7580428954423593,-0.5795454545454546,0.7646263104497801,-0.5656465942744324,0.391304347826087,-0.2195121951219512,51,99674.4,99399.0,-275.4000000000088,82.63677160040001,165.27354320080002,-440.6735432008088,110.12645679920873,250000.0,100000.0,2,zerodha_equity_intraday_nse_order_formula_v2_2026_07_14,zerodha_2x_all_in_cost_proxy,0,NIFTYBEES,900,274.05,274.05,274.92,0.0,31.746031746031633
P341_2026-07-15_SUNPHARMA_106697990,P335_P334_LANE_D_HORIZON_AND_EXIT_MARGIN_SQ0p750_SPQ1p000_DSQ0p500_TOP2_H900_long_only_taker_entry_taker_exit_CAP250000_NOT100000_CONC2_zerodha_2x_all_in_cost_proxy,SUNPHARMA,15-Jul-2026 08:40:33,pre_open_or_overnight,2026-07-15,market_open_same_day,Press Release,filled,900,1784087100000,1784087105598,1784088007208,5598,901610,0,1952.7,1949.3,-17.411788805244488,1951.0,1954.4,1949.0,1949.6,3.400000000000091,0.599999999999909,0.7580428954423593,-0.5795454545454546,0.7646263104497801,-0.5656465942744324,0.391304347826087,-0.2195121951219512,51,99674.4,99399.0,-275.4000000000088,82.63677160040001,165.27354320080002,-440.6735432008088,110.12645679920873,250000.0,100000.0,2,zerodha_equity_intraday_nse_order_formula_v2_2026_07_14,zerodha_2x_all_in_cost_proxy,0,BANKBEES,300,596.75,596.75,599.6600000000001,0.0,48.76413908672106
P341_2026-07-15_SUNPHARMA_106697990,P335_P334_LANE_D_HORIZON_AND_EXIT_MARGIN_SQ0p750_SPQ1p000_DSQ0p500_TOP2_H900_long_only_taker_entry_taker_exit_CAP250000_NOT100000_CONC2_zerodha_2x_all_in_cost_proxy,SUNPHARMA,15-Jul-2026 08:40:33,pre_open_or_overnight,2026-07-15,market_open_same_day,Press Release,filled,900,1784087100000,1784087105598,1784088007208,5598,901610,0,1952.7,1949.3,-17.411788805244488,1951.0,1954.4,1949.0,1949.6,3.400000000000091,0.599999999999909,0.7580428954423593,-0.5795454545454546,0.7646263104497801,-0.5656465942744324,0.391304347826087,-0.2195121951219512,51,99674.4,99399.0,-275.4000000000088,82.63677160040001,165.27354320080002,-440.6735432008088,110.12645679920873,250000.0,100000.0,2,zerodha_equity_intraday_nse_order_formula_v2_2026_07_14,zerodha_2x_all_in_cost_proxy,0,BANKBEES,900,596.75,596.75,599.6600000000001,0.0,48.76413908672106
P341_2026-07-15_TCS_106698208,P335_P334_LANE_D_HORIZON_AND_EXIT_MARGIN_SQ0p750_SPQ1p000_DSQ0p500_TOP2_H900_long_only_taker_entry_taker_exit_CAP250000_NOT100000_CONC2_zerodha_2x_all_in_cost_proxy,TCS,15-Jul-2026 11:30:12,regular_session,2026-07-15,first_real_tick_after_announcement,Updates,filled,900,1784095212000,1784095212961,1784096116052,961,903091,0,2188.05,2191.1,13.939352391397486,2188.0,2188.1,2191.0,2191.2,0.099999999999909,0.1999999999998181,0.5058823529411764,-0.3811023622047244,0.2327188940092165,-0.6949152542372882,0.5609756097560976,-0.2307692307692307,45,98464.5,98595.0,130.5,82.52514265699999,165.05028531399998,-34.55028531399998,-295.550285314,250000.0,100000.0,2,zerodha_equity_intraday_nse_order_formula_v2_2026_07_14,zerodha_2x_all_in_cost_proxy,1,NIFTYBEES,300,275.005,274.79999999999995,274.745,7.45997088791972,-9.454373556844198
P341_2026-07-15_TCS_106698208,P335_P334_LANE_D_HORIZON_AND_EXIT_MARGIN_SQ0p750_SPQ1p000_DSQ0p500_TOP2_H900_long_only_taker_entry_taker_exit_CAP250000_NOT100000_CONC2_zerodha_2x_all_in_cost_proxy,TCS,15-Jul-2026 11:30:12,regular_session,2026-07-15,first_real_tick_after_announcement,Updates,filled,900,1784095212000,1784095212961,1784096116052,961,903091,0,2188.05,2191.1,13.939352391397486,2188.0,2188.1,2191.0,2191.2,0.099999999999909,0.1999999999998181,0.5058823529411764,-0.3811023622047244,0.2327188940092165,-0.6949152542372882,0.5609756097560976,-0.2307692307692307,45,98464.5,98595.0,130.5,82.52514265699999,165.05028531399998,-34.55028531399998,-295.550285314,250000.0,100000.0,2,zerodha_equity_intraday_nse_order_formula_v2_2026_07_14,zerodha_2x_all_in_cost_proxy,1,NIFTYBEES,900,275.005,274.72,274.745,10.374199184624011,-9.454373556844198
P341_2026-07-15_TCS_106698208,P335_P334_LANE_D_HORIZON_AND_EXIT_MARGIN_SQ0p750_SPQ1p000_DSQ0p500_TOP2_H900_long_only_taker_entry_taker_exit_CAP250000_NOT100000_CONC2_zerodha_2x_all_in_cost_proxy,TCS,15-Jul-2026 11:30:12,regular_session,2026-07-15,first_real_tick_after_announcement,Updates,filled,900,1784095212000,1784095212961,1784096116052,961,903091,0,2188.05,2191.1,13.939352391397486,2188.0,2188.1,2191.0,2191.2,0.099999999999909,0.1999999999998181,0.5058823529411764,-0.3811023622047244,0.2327188940092165,-0.6949152542372882,0.5609756097560976,-0.2307692307692307,45,98464.5,98595.0,130.5,82.52514265699999,165.05028531399998,-34.55028531399998,-295.550285314,250000.0,100000.0,2,zerodha_equity_intraday_nse_order_formula_v2_2026_07_14,zerodha_2x_all_in_cost_proxy,1,BANKBEES,300,600.34,600.3199999999999,598.3299999999999,0.33315565032054906,-33.48102741779879
P341_2026-07-15_TCS_106698208,P335_P334_LANE_D_HORIZON_AND_EXIT_MARGIN_SQ0p750_SPQ1p000_DSQ0p500_TOP2_H900_long_only_taker_entry_taker_exit_CAP250000_NOT100000_CONC2_zerodha_2x_all_in_cost_proxy,TCS,15-Jul-2026 11:30:12,regular_session,2026-07-15,first_real_tick_after_announcement,Updates,filled,900,1784095212000,1784095212961,1784096116052,961,903091,0,2188.05,2191.1,13.939352391397486,2188.0,2188.1,2191.0,2191.2,0.099999999999909,0.1999999999998181,0.5058823529411764,-0.3811023622047244,0.2327188940092165,-0.6949152542372882,0.5609756097560976,-0.2307692307692307,45,98464.5,98595.0,130.5,82.52514265699999,165.05028531399998,-34.55028531399998,-295.550285314,250000.0,100000.0,2,zerodha_equity_intraday_nse_order_formula_v2_2026_07_14,zerodha_2x_all_in_cost_proxy,1,BANKBEES,900,600.34,599.98,598.3299999999999,6.000200006666123,-33.48102741779879
P341_2026-07-15_ULTRACEMCO_106697207,P335_P334_LANE_D_HORIZON_AND_EXIT_MARGIN_SQ0p750_SPQ1p000_DSQ0p500_TOP2_H900_long_only_taker_entry_taker_exit_CAP250000_NOT100000_CONC2_zerodha_2x_all_in_cost_proxy,ULTRACEMCO,14-Jul-2026 16:39:20,post_close,2026-07-15,market_open_next_available_real_l2_day,"Certificate under SEBI (Depositories and Participants) Regulations, 2018",filled,900,1784087100000,1784087105601,1784088008208,5601,902607,0,11539.0,11632.5,81.02955195424214,11534.0,11544.0,11631.0,11634.0,10.0,3.0,-0.7874396135265701,0.5952380952380952,-0.8186528497409327,0.6351351351351351,-0.2,0.5384615384615384,8,92352.0,93048.0,696.0,79.9056324,159.8112648,536.1887352,-855.8112648,250000.0,100000.0,2,zerodha_equity_intraday_nse_order_formula_v2_2026_07_14,zerodha_2x_all_in_cost_proxy,0,NIFTYBEES,300,274.05,274.05,274.92,0.0,31.746031746031633
P341_2026-07-15_ULTRACEMCO_106697207,P335_P334_LANE_D_HORIZON_AND_EXIT_MARGIN_SQ0p750_SPQ1p000_DSQ0p500_TOP2_H900_long_only_taker_entry_taker_exit_CAP250000_NOT100000_CONC2_zerodha_2x_all_in_cost_proxy,ULTRACEMCO,14-Jul-2026 16:39:20,post_close,2026-07-15,market_open_next_available_real_l2_day,"Certificate under SEBI (Depositories and Participants) Regulations, 2018",filled,900,1784087100000,1784087105601,1784088008208,5601,902607,0,11539.0,11632.5,81.02955195424214,11534.0,11544.0,11631.0,11634.0,10.0,3.0,-0.7874396135265701,0.5952380952380952,-0.8186528497409327,0.6351351351351351,-0.2,0.5384615384615384,8,92352.0,93048.0,696.0,79.9056324,159.8112648,536.1887352,-855.8112648,250000.0,100000.0,2,zerodha_equity_intraday_nse_order_formula_v2_2026_07_14,zerodha_2x_all_in_cost_proxy,0,NIFTYBEES,900,274.05,274.05,274.92,0.0,31.746031746031633
P341_2026-07-15_ULTRACEMCO_106697207,P335_P334_LANE_D_HORIZON_AND_EXIT_MARGIN_SQ0p750_SPQ1p000_DSQ0p500_TOP2_H900_long_only_taker_entry_taker_exit_CAP250000_NOT100000_CONC2_zerodha_2x_all_in_cost_proxy,ULTRACEMCO,14-Jul-2026 16:39:20,post_close,2026-07-15,market_open_next_available_real_l2_day,"Certificate under SEBI (Depositories and Participants) Regulations, 2018",filled,900,1784087100000,1784087105601,1784088008208,5601,902607,0,11539.0,11632.5,81.02955195424214,11534.0,11544.0,11631.0,11634.0,10.0,3.0,-0.7874396135265701,0.5952380952380952,-0.8186528497409327,0.6351351351351351,-0.2,0.5384615384615384,8,92352.0,93048.0,696.0,79.9056324,159.8112648,536.1887352,-855.8112648,250000.0,100000.0,2,zerodha_equity_intraday_nse_order_formula_v2_2026_07_14,zerodha_2x_all_in_cost_proxy,0,BANKBEES,300,596.75,596.75,599.6600000000001,0.0,48.76413908672106
P341_2026-07-15_ULTRACEMCO_106697207,P335_P334_LANE_D_HORIZON_AND_EXIT_MARGIN_SQ0p750_SPQ1p000_DSQ0p500_TOP2_H900_long_only_taker_entry_taker_exit_CAP250000_NOT100000_CONC2_zerodha_2x_all_in_cost_proxy,ULTRACEMCO,14-Jul-2026 16:39:20,post_close,2026-07-15,market_open_next_available_real_l2_day,"Certificate under SEBI (Depositories and Participants) Regulations, 2018",filled,900,1784087100000,1784087105601,1784088008208,5601,902607,0,11539.0,11632.5,81.02955195424214,11534.0,11544.0,11631.0,11634.0,10.0,3.0,-0.7874396135265701,0.5952380952380952,-0.8186528497409327,0.6351351351351351,-0.2,0.5384615384615384,8,92352.0,93048.0,696.0,79.9056324,159.8112648,536.1887352,-855.8112648,250000.0,100000.0,2,zerodha_equity_intraday_nse_order_formula_v2_2026_07_14,zerodha_2x_all_in_cost_proxy,0,BANKBEES,900,596.75,596.75,599.6600000000001,0.0,48.76413908672106
P341_2026-07-15_ULTRACEMCO_106698570,P335_P334_LANE_D_HORIZON_AND_EXIT_MARGIN_SQ0p750_SPQ1p000_DSQ0p500_TOP2_H900_long_only_taker_entry_taker_exit_CAP250000_NOT100000_CONC2_zerodha_2x_all_in_cost_proxy,ULTRACEMCO,15-Jul-2026 15:12:15,regular_session,2026-07-15,first_real_tick_after_announcement,Copy of Newspaper Publication,filled,900,1784108535000,1784108535148,1784109436197,148,901049,0,11811.5,11832.5,17.779282902256277,11809.0,11814.0,11832.0,11833.0,5.0,1.0,-0.3272727272727272,-0.4988713318284424,-0.3596614950634696,-0.6428571428571429,0.0625,-0.2,8,94512.0,94656.0,144.0,81.11137820799999,162.22275641599998,-18.22275641599998,-306.222756416,250000.0,100000.0,2,zerodha_equity_intraday_nse_order_formula_v2_2026_07_14,zerodha_2x_all_in_cost_proxy,1,NIFTYBEES,300,273.72,273.725,273.66499999999996,-0.18266508356901134,-2.0093526231212966
P341_2026-07-15_ULTRACEMCO_106698570,P335_P334_LANE_D_HORIZON_AND_EXIT_MARGIN_SQ0p750_SPQ1p000_DSQ0p500_TOP2_H900_long_only_taker_entry_taker_exit_CAP250000_NOT100000_CONC2_zerodha_2x_all_in_cost_proxy,ULTRACEMCO,15-Jul-2026 15:12:15,regular_session,2026-07-15,first_real_tick_after_announcement,Copy of Newspaper Publication,filled,900,1784108535000,1784108535148,1784109436197,148,901049,0,11811.5,11832.5,17.779282902256277,11809.0,11814.0,11832.0,11833.0,5.0,1.0,-0.3272727272727272,-0.4988713318284424,-0.3596614950634696,-0.6428571428571429,0.0625,-0.2,8,94512.0,94656.0,144.0,81.11137820799999,162.22275641599998,-18.22275641599998,-306.222756416,250000.0,100000.0,2,zerodha_equity_intraday_nse_order_formula_v2_2026_07_14,zerodha_2x_all_in_cost_proxy,1,NIFTYBEES,900,273.72,273.75,273.66499999999996,-1.0958904109581447,-2.0093526231212966
P341_2026-07-15_ULTRACEMCO_106698570,P335_P334_LANE_D_HORIZON_AND_EXIT_MARGIN_SQ0p750_SPQ1p000_DSQ0p500_TOP2_H900_long_only_taker_entry_taker_exit_CAP250000_NOT100000_CONC2_zerodha_2x_all_in_cost_proxy,ULTRACEMCO,15-Jul-2026 15:12:15,regular_session,2026-07-15,first_real_tick_after_announcement,Copy of Newspaper Publication,filled,900,1784108535000,1784108535148,1784109436197,148,901049,0,11811.5,11832.5,17.779282902256277,11809.0,11814.0,11832.0,11833.0,5.0,1.0,-0.3272727272727272,-0.4988713318284424,-0.3596614950634696,-0.6428571428571429,0.0625,-0.2,8,94512.0,94656.0,144.0,81.11137820799999,162.22275641599998,-18.22275641599998,-306.222756416,250000.0,100000.0,2,zerodha_equity_intraday_nse_order_formula_v2_2026_07_14,zerodha_2x_all_in_cost_proxy,1,BANKBEES,300,597.7249999999999,597.51,598.1199999999999,3.598266137803119,6.608390145970144
P341_2026-07-15_ULTRACEMCO_106698570,P335_P334_LANE_D_HORIZON_AND_EXIT_MARGIN_SQ0p750_SPQ1p000_DSQ0p500_TOP2_H900_long_only_taker_entry_taker_exit_CAP250000_NOT100000_CONC2_zerodha_2x_all_in_cost_proxy,ULTRACEMCO,15-Jul-2026 15:12:15,regular_session,2026-07-15,first_real_tick_after_announcement,Copy of Newspaper Publication,filled,900,1784108535000,1784108535148,1784109436197,148,901049,0,11811.5,11832.5,17.779282902256277,11809.0,11814.0,11832.0,11833.0,5.0,1.0,-0.3272727272727272,-0.4988713318284424,-0.3596614950634696,-0.6428571428571429,0.0625,-0.2,8,94512.0,94656.0,144.0,81.11137820799999,162.22275641599998,-18.22275641599998,-306.222756416,250000.0,100000.0,2,zerodha_equity_intraday_nse_order_formula_v2_2026_07_14,zerodha_2x_all_in_cost_proxy,1,BANKBEES,900,597.7249999999999,597.11,598.1199999999999,10.299609787138841,6.608390145970144
P341_2026-07-15_WIPRO_106697074,P335_P334_LANE_D_HORIZON_AND_EXIT_MARGIN_SQ0p750_SPQ1p000_DSQ0p500_TOP2_H900_long_only_taker_entry_taker_exit_CAP250000_NOT100000_CONC2_zerodha_2x_all_in_cost_proxy,WIPRO,14-Jul-2026 15:36:00,post_close,2026-07-15,market_open_next_available_real_l2_day,Copy of Newspaper Publication,filled,900,1784087100000,1784087105599,1784088006209,5599,900610,0,174.89499999999998,175.98000000000002,62.03722233340213,174.72,175.07,175.96,176.0,0.3499999999999943,0.039999999999992,-0.182001933386062,0.0536296296296296,-0.1644444444444444,0.0279046169457128,0.0,-0.1,571,99964.97,100473.16,508.1900000000023,82.69653779078,165.39307558156,342.7969244184424,-673.5830755815623,250000.0,100000.0,2,zerodha_equity_intraday_nse_order_formula_v2_2026_07_14,zerodha_2x_all_in_cost_proxy,0,NIFTYBEES,300,274.05,274.05,274.92,0.0,31.746031746031633
P341_2026-07-15_WIPRO_106697074,P335_P334_LANE_D_HORIZON_AND_EXIT_MARGIN_SQ0p750_SPQ1p000_DSQ0p500_TOP2_H900_long_only_taker_entry_taker_exit_CAP250000_NOT100000_CONC2_zerodha_2x_all_in_cost_proxy,WIPRO,14-Jul-2026 15:36:00,post_close,2026-07-15,market_open_next_available_real_l2_day,Copy of Newspaper Publication,filled,900,1784087100000,1784087105599,1784088006209,5599,900610,0,174.89499999999998,175.98000000000002,62.03722233340213,174.72,175.07,175.96,176.0,0.3499999999999943,0.039999999999992,-0.182001933386062,0.0536296296296296,-0.1644444444444444,0.0279046169457128,0.0,-0.1,571,99964.97,100473.16,508.1900000000023,82.69653779078,165.39307558156,342.7969244184424,-673.5830755815623,250000.0,100000.0,2,zerodha_equity_intraday_nse_order_formula_v2_2026_07_14,zerodha_2x_all_in_cost_proxy,0,NIFTYBEES,900,274.05,274.05,274.92,0.0,31.746031746031633
P341_2026-07-15_WIPRO_106697074,P335_P334_LANE_D_HORIZON_AND_EXIT_MARGIN_SQ0p750_SPQ1p000_DSQ0p500_TOP2_H900_long_only_taker_entry_taker_exit_CAP250000_NOT100000_CONC2_zerodha_2x_all_in_cost_proxy,WIPRO,14-Jul-2026 15:36:00,post_close,2026-07-15,market_open_next_available_real_l2_day,Copy of Newspaper Publication,filled,900,1784087100000,1784087105599,1784088006209,5599,900610,0,174.89499999999998,175.98000000000002,62.03722233340213,174.72,175.07,175.96,176.0,0.3499999999999943,0.039999999999992,-0.182001933386062,0.0536296296296296,-0.1644444444444444,0.0279046169457128,0.0,-0.1,571,99964.97,100473.16,508.1900000000023,82.69653779078,165.39307558156,342.7969244184424,-673.5830755815623,250000.0,100000.0,2,zerodha_equity_intraday_nse_order_formula_v2_2026_07_14,zerodha_2x_all_in_cost_proxy,0,BANKBEES,300,596.75,596.75,599.575,0.0,47.339757017177405
P341_2026-07-15_WIPRO_106697074,P335_P334_LANE_D_HORIZON_AND_EXIT_MARGIN_SQ0p750_SPQ1p000_DSQ0p500_TOP2_H900_long_only_taker_entry_taker_exit_CAP250000_NOT100000_CONC2_zerodha_2x_all_in_cost_proxy,WIPRO,14-Jul-2026 15:36:00,post_close,2026-07-15,market_open_next_available_real_l2_day,Copy of Newspaper Publication,filled,900,1784087100000,1784087105599,1784088006209,5599,900610,0,174.89499999999998,175.98000000000002,62.03722233340213,174.72,175.07,175.96,176.0,0.3499999999999943,0.039999999999992,-0.182001933386062,0.0536296296296296,-0.1644444444444444,0.0279046169457128,0.0,-0.1,571,99964.97,100473.16,508.1900000000023,82.69653779078,165.39307558156,342.7969244184424,-673.5830755815623,250000.0,100000.0,2,zerodha_equity_intraday_nse_order_formula_v2_2026_07_14,zerodha_2x_all_in_cost_proxy,0,BANKBEES,900,596.75,596.75,599.575,0.0,47.339757017177405
P341_2026-07-16_BAJAJ-AUTO_106699726,P335_P334_LANE_D_HORIZON_AND_EXIT_MARGIN_SQ0p750_SPQ1p000_DSQ0p500_TOP2_H900_long_only_taker_entry_taker_exit_CAP250000_NOT100000_CONC2_zerodha_2x_all_in_cost_proxy,BAJAJ-AUTO,16-Jul-2026 10:33:45,regular_session,2026-07-16,first_real_tick_after_announcement,General Updates,filled,900,1784178225000,1784178225019,1784179126274,19,901255,0,10303.5,10314.5,10.675983888969768,10303.0,10304.0,10314.0,10315.0,1.0,1.0,0.5045871559633027,0.8011049723756906,0.5023923444976076,0.8057142857142857,0.0666666666666666,0.4285714285714285,9,92736.0,92826.0,90.0,79.923212172,159.846424344,-69.84642434400001,-249.846424344,250000.0,100000.0,2,zerodha_equity_intraday_nse_order_formula_v2_2026_07_14,zerodha_2x_all_in_cost_proxy,1,NIFTYBEES,300,274.35,274.24,274.625,4.011085180863905,10.023692363767545
P341_2026-07-16_BAJAJ-AUTO_106699726,P335_P334_LANE_D_HORIZON_AND_EXIT_MARGIN_SQ0p750_SPQ1p000_DSQ0p500_TOP2_H900_long_only_taker_entry_taker_exit_CAP250000_NOT100000_CONC2_zerodha_2x_all_in_cost_proxy,BAJAJ-AUTO,16-Jul-2026 10:33:45,regular_session,2026-07-16,first_real_tick_after_announcement,General Updates,filled,900,1784178225000,1784178225019,1784179126274,19,901255,0,10303.5,10314.5,10.675983888969768,10303.0,10304.0,10314.0,10315.0,1.0,1.0,0.5045871559633027,0.8011049723756906,0.5023923444976076,0.8057142857142857,0.0666666666666666,0.4285714285714285,9,92736.0,92826.0,90.0,79.923212172,159.846424344,-69.84642434400001,-249.846424344,250000.0,100000.0,2,zerodha_equity_intraday_nse_order_formula_v2_2026_07_14,zerodha_2x_all_in_cost_proxy,1,NIFTYBEES,900,274.35,274.36,274.625,-0.3644846187489392,10.023692363767545
P341_2026-07-16_BAJAJ-AUTO_106699726,P335_P334_LANE_D_HORIZON_AND_EXIT_MARGIN_SQ0p750_SPQ1p000_DSQ0p500_TOP2_H900_long_only_taker_entry_taker_exit_CAP250000_NOT100000_CONC2_zerodha_2x_all_in_cost_proxy,BAJAJ-AUTO,16-Jul-2026 10:33:45,regular_session,2026-07-16,first_real_tick_after_announcement,General Updates,filled,900,1784178225000,1784178225019,1784179126274,19,901255,0,10303.5,10314.5,10.675983888969768,10303.0,10304.0,10314.0,10315.0,1.0,1.0,0.5045871559633027,0.8011049723756906,0.5023923444976076,0.8057142857142857,0.0666666666666666,0.4285714285714285,9,92736.0,92826.0,90.0,79.923212172,159.846424344,-69.84642434400001,-249.846424344,250000.0,100000.0,2,zerodha_equity_intraday_nse_order_formula_v2_2026_07_14,zerodha_2x_all_in_cost_proxy,1,BANKBEES,300,596.81,596.7,597.795,1.843472431706239,16.504415140496942
P341_2026-07-16_BAJAJ-AUTO_106699726,P335_P334_LANE_D_HORIZON_AND_EXIT_MARGIN_SQ0p750_SPQ1p000_DSQ0p500_TOP2_H900_long_only_taker_entry_taker_exit_CAP250000_NOT100000_CONC2_zerodha_2x_all_in_cost_proxy,BAJAJ-AUTO,16-Jul-2026 10:33:45,regular_session,2026-07-16,first_real_tick_after_announcement,General Updates,filled,900,1784178225000,1784178225019,1784179126274,19,901255,0,10303.5,10314.5,10.675983888969768,10303.0,10304.0,10314.0,10315.0,1.0,1.0,0.5045871559633027,0.8011049723756906,0.5023923444976076,0.8057142857142857,0.0666666666666666,0.4285714285714285,9,92736.0,92826.0,90.0,79.923212172,159.846424344,-69.84642434400001,-249.846424344,250000.0,100000.0,2,zerodha_equity_intraday_nse_order_formula_v2_2026_07_14,zerodha_2x_all_in_cost_proxy,1,BANKBEES,900,596.81,597.4000000000001,597.795,-9.87612989621911,16.504415140496942
P341_2026-07-16_BAJAJ-AUTO_106699933,P335_P334_LANE_D_HORIZON_AND_EXIT_MARGIN_SQ0p750_SPQ1p000_DSQ0p500_TOP2_H900_long_only_taker_entry_taker_exit_CAP250000_NOT100000_CONC2_zerodha_2x_all_in_cost_proxy,BAJAJ-AUTO,16-Jul-2026 12:57:44,regular_session,2026-07-16,first_real_tick_after_announcement,Copy of Newspaper Publication,filled,900,1784186864000,1784186868028,1784187771454,4028,903426,0,10292.0,10304.25,11.902448503692188,10291.5,10292.5,10304.0,10304.5,1.0,0.5,0.6066666666666667,0.3073929961089494,0.5435684647302904,-0.2452830188679245,-0.0769230769230769,0.2142857142857142,9,92632.5,92736.0,103.5,79.91286911099999,159.82573822199998,-56.325738221999984,-263.325738222,250000.0,100000.0,2,zerodha_equity_intraday_nse_order_formula_v2_2026_07_14,zerodha_2x_all_in_cost_proxy,1,NIFTYBEES,300,274.33000000000004,274.45000000000005,274.325,-4.372381125887781,-0.18226223891137927
P341_2026-07-16_BAJAJ-AUTO_106699933,P335_P334_LANE_D_HORIZON_AND_EXIT_MARGIN_SQ0p750_SPQ1p000_DSQ0p500_TOP2_H900_long_only_taker_entry_taker_exit_CAP250000_NOT100000_CONC2_zerodha_2x_all_in_cost_proxy,BAJAJ-AUTO,16-Jul-2026 12:57:44,regular_session,2026-07-16,first_real_tick_after_announcement,Copy of Newspaper Publication,filled,900,1784186864000,1784186868028,1784187771454,4028,903426,0,10292.0,10304.25,11.902448503692188,10291.5,10292.5,10304.0,10304.5,1.0,0.5,0.6066666666666667,0.3073929961089494,0.5435684647302904,-0.2452830188679245,-0.0769230769230769,0.2142857142857142,9,92632.5,92736.0,103.5,79.91286911099999,159.82573822199998,-56.325738221999984,-263.325738222,250000.0,100000.0,2,zerodha_equity_intraday_nse_order_formula_v2_2026_07_14,zerodha_2x_all_in_cost_proxy,1,NIFTYBEES,900,274.33000000000004,274.51,274.325,-6.557138173470811,-0.18226223891137927
P341_2026-07-16_BAJAJ-AUTO_106699933,P335_P334_LANE_D_HORIZON_AND_EXIT_MARGIN_SQ0p750_SPQ1p000_DSQ0p500_TOP2_H900_long_only_taker_entry_taker_exit_CAP250000_NOT100000_CONC2_zerodha_2x_all_in_cost_proxy,BAJAJ-AUTO,16-Jul-2026 12:57:44,regular_session,2026-07-16,first_real_tick_after_announcement,Copy of Newspaper Publication,filled,900,1784186864000,1784186868028,1784187771454,4028,903426,0,10292.0,10304.25,11.902448503692188,10291.5,10292.5,10304.0,10304.5,1.0,0.5,0.6066666666666667,0.3073929961089494,0.5435684647302904,-0.2452830188679245,-0.0769230769230769,0.2142857142857142,9,92632.5,92736.0,103.5,79.91286911099999,159.82573822199998,-56.325738221999984,-263.325738222,250000.0,100000.0,2,zerodha_equity_intraday_nse_order_formula_v2_2026_07_14,zerodha_2x_all_in_cost_proxy,1,BANKBEES,300,597.085,597.155,597.05,-1.1722249667156515,-0.586181196983171
P341_2026-07-16_BAJAJ-AUTO_106699933,P335_P334_LANE_D_HORIZON_AND_EXIT_MARGIN_SQ0p750_SPQ1p000_DSQ0p500_TOP2_H900_long_only_taker_entry_taker_exit_CAP250000_NOT100000_CONC2_zerodha_2x_all_in_cost_proxy,BAJAJ-AUTO,16-Jul-2026 12:57:44,regular_session,2026-07-16,first_real_tick_after_announcement,Copy of Newspaper Publication,filled,900,1784186864000,1784186868028,1784187771454,4028,903426,0,10292.0,10304.25,11.902448503692188,10291.5,10292.5,10304.0,10304.5,1.0,0.5,0.6066666666666667,0.3073929961089494,0.5435684647302904,-0.2452830188679245,-0.0769230769230769,0.2142857142857142,9,92632.5,92736.0,103.5,79.91286911099999,159.82573822199998,-56.325738221999984,-263.325738222,250000.0,100000.0,2,zerodha_equity_intraday_nse_order_formula_v2_2026_07_14,zerodha_2x_all_in_cost_proxy,1,BANKBEES,900,597.085,597.0999999999999,597.05,-0.2512142019739372,-0.586181196983171
P341_2026-07-16_DRREDDY_106698720,P335_P334_LANE_D_HORIZON_AND_EXIT_MARGIN_SQ0p750_SPQ1p000_DSQ0p500_TOP2_H900_long_only_taker_entry_taker_exit_CAP250000_NOT100000_CONC2_zerodha_2x_all_in_cost_proxy,DRREDDY,15-Jul-2026 16:25:09,post_close,2026-07-16,market_open_next_available_real_l2_day,General Updates,filled,900,1784173500000,1784173505258,1784174411011,5258,905753,0,1228.45,1230.15,13.838577068664131,1227.5,1229.4,1229.8,1230.5,1.900000000000091,0.7000000000000455,0.659308314937454,0.4279678918462188,0.3288987435328899,0.4315693430656934,0.0625,0.2962962962962963,81,99581.4,99613.8,32.39999999999418,82.63853765120001,165.27707530240002,-132.87707530240584,-197.6770753023942,250000.0,100000.0,2,zerodha_equity_intraday_nse_order_formula_v2_2026_07_14,zerodha_2x_all_in_cost_proxy,0,NIFTYBEES,300,274.375,274.375,274.38,0.0,0.1822323462419284
P341_2026-07-16_DRREDDY_106698720,P335_P334_LANE_D_HORIZON_AND_EXIT_MARGIN_SQ0p750_SPQ1p000_DSQ0p500_TOP2_H900_long_only_taker_entry_taker_exit_CAP250000_NOT100000_CONC2_zerodha_2x_all_in_cost_proxy,DRREDDY,15-Jul-2026 16:25:09,post_close,2026-07-16,market_open_next_available_real_l2_day,General Updates,filled,900,1784173500000,1784173505258,1784174411011,5258,905753,0,1228.45,1230.15,13.838577068664131,1227.5,1229.4,1229.8,1230.5,1.900000000000091,0.7000000000000455,0.659308314937454,0.4279678918462188,0.3288987435328899,0.4315693430656934,0.0625,0.2962962962962963,81,99581.4,99613.8,32.39999999999418,82.63853765120001,165.27707530240002,-132.87707530240584,-197.6770753023942,250000.0,100000.0,2,zerodha_equity_intraday_nse_order_formula_v2_2026_07_14,zerodha_2x_all_in_cost_proxy,0,NIFTYBEES,900,274.375,274.375,274.38,0.0,0.1822323462419284
P341_2026-07-16_DRREDDY_106698720,P335_P334_LANE_D_HORIZON_AND_EXIT_MARGIN_SQ0p750_SPQ1p000_DSQ0p500_TOP2_H900_long_only_taker_entry_taker_exit_CAP250000_NOT100000_CONC2_zerodha_2x_all_in_cost_proxy,DRREDDY,15-Jul-2026 16:25:09,post_close,2026-07-16,market_open_next_available_real_l2_day,General Updates,filled,900,1784173500000,1784173505258,1784174411011,5258,905753,0,1228.45,1230.15,13.838577068664131,1227.5,1229.4,1229.8,1230.5,1.900000000000091,0.7000000000000455,0.659308314937454,0.4279678918462188,0.3288987435328899,0.4315693430656934,0.0625,0.2962962962962963,81,99581.4,99613.8,32.39999999999418,82.63853765120001,165.27707530240002,-132.87707530240584,-197.6770753023942,250000.0,100000.0,2,zerodha_equity_intraday_nse_order_formula_v2_2026_07_14,zerodha_2x_all_in_cost_proxy,0,BANKBEES,300,598.78,598.78,597.35,0.0,-23.881893182804426
P341_2026-07-16_DRREDDY_106698720,P335_P334_LANE_D_HORIZON_AND_EXIT_MARGIN_SQ0p750_SPQ1p000_DSQ0p500_TOP2_H900_long_only_taker_entry_taker_exit_CAP250000_NOT100000_CONC2_zerodha_2x_all_in_cost_proxy,DRREDDY,15-Jul-2026 16:25:09,post_close,2026-07-16,market_open_next_available_real_l2_day,General Updates,filled,900,1784173500000,1784173505258,1784174411011,5258,905753,0,1228.45,1230.15,13.838577068664131,1227.5,1229.4,1229.8,1230.5,1.900000000000091,0.7000000000000455,0.659308314937454,0.4279678918462188,0.3288987435328899,0.4315693430656934,0.0625,0.2962962962962963,81,99581.4,99613.8,32.39999999999418,82.63853765120001,165.27707530240002,-132.87707530240584,-197.6770753023942,250000.0,100000.0,2,zerodha_equity_intraday_nse_order_formula_v2_2026_07_14,zerodha_2x_all_in_cost_proxy,0,BANKBEES,900,598.78,598.78,597.35,0.0,-23.881893182804426
P341_2026-07-16_HCLTECH_106699373,P335_P334_LANE_D_HORIZON_AND_EXIT_MARGIN_SQ0p750_SPQ1p000_DSQ0p500_TOP2_H900_long_only_taker_entry_taker_exit_CAP250000_NOT100000_CONC2_zerodha_2x_all_in_cost_proxy,HCLTECH,15-Jul-2026 22:34:19,post_close,2026-07-16,market_open_next_available_real_l2_day,Analysts/Institutional Investor Meet/Con. Call Updates,filled,900,1784173500000,1784173505257,1784174405761,5257,900504,0,1175.1999999999998,1194.75,166.35466303608052,1174.6,1175.8,1194.5,1195.0,1.2000000000000457,0.5,-0.4340815681315207,-0.1737060359391798,-0.4528484068233022,0.1864568431092036,-0.5454545454545454,0.2542372881355932,85,99943.0,101532.5,1589.5,82.734682553,165.469365106,1424.030634894,-1754.969365106,250000.0,100000.0,2,zerodha_equity_intraday_nse_order_formula_v2_2026_07_14,zerodha_2x_all_in_cost_proxy,0,NIFTYBEES,300,274.375,274.375,274.375,0.0,0.0
P341_2026-07-16_HCLTECH_106699373,P335_P334_LANE_D_HORIZON_AND_EXIT_MARGIN_SQ0p750_SPQ1p000_DSQ0p500_TOP2_H900_long_only_taker_entry_taker_exit_CAP250000_NOT100000_CONC2_zerodha_2x_all_in_cost_proxy,HCLTECH,15-Jul-2026 22:34:19,post_close,2026-07-16,market_open_next_available_real_l2_day,Analysts/Institutional Investor Meet/Con. Call Updates,filled,900,1784173500000,1784173505257,1784174405761,5257,900504,0,1175.1999999999998,1194.75,166.35466303608052,1174.6,1175.8,1194.5,1195.0,1.2000000000000457,0.5,-0.4340815681315207,-0.1737060359391798,-0.4528484068233022,0.1864568431092036,-0.5454545454545454,0.2542372881355932,85,99943.0,101532.5,1589.5,82.734682553,165.469365106,1424.030634894,-1754.969365106,250000.0,100000.0,2,zerodha_equity_intraday_nse_order_formula_v2_2026_07_14,zerodha_2x_all_in_cost_proxy,0,NIFTYBEES,900,274.375,274.375,274.375,0.0,0.0
P341_2026-07-16_HCLTECH_106699373,P335_P334_LANE_D_HORIZON_AND_EXIT_MARGIN_SQ0p750_SPQ1p000_DSQ0p500_TOP2_H900_long_only_taker_entry_taker_exit_CAP250000_NOT100000_CONC2_zerodha_2x_all_in_cost_proxy,HCLTECH,15-Jul-2026 22:34:19,post_close,2026-07-16,market_open_next_available_real_l2_day,Analysts/Institutional Investor Meet/Con. Call Updates,filled,900,1784173500000,1784173505257,1784174405761,5257,900504,0,1175.1999999999998,1194.75,166.35466303608052,1174.6,1175.8,1194.5,1195.0,1.2000000000000457,0.5,-0.4340815681315207,-0.1737060359391798,-0.4528484068233022,0.1864568431092036,-0.5454545454545454,0.2542372881355932,85,99943.0,101532.5,1589.5,82.734682553,165.469365106,1424.030634894,-1754.969365106,250000.0,100000.0,2,zerodha_equity_intraday_nse_order_formula_v2_2026_07_14,zerodha_2x_all_in_cost_proxy,0,BANKBEES,300,598.78,598.78,597.295,0.0,-24.800427535990323
P341_2026-07-16_HCLTECH_106699373,P335_P334_LANE_D_HORIZON_AND_EXIT_MARGIN_SQ0p750_SPQ1p000_DSQ0p500_TOP2_H900_long_only_taker_entry_taker_exit_CAP250000_NOT100000_CONC2_zerodha_2x_all_in_cost_proxy,HCLTECH,15-Jul-2026 22:34:19,post_close,2026-07-16,market_open_next_available_real_l2_day,Analysts/Institutional Investor Meet/Con. Call Updates,filled,900,1784173500000,1784173505257,1784174405761,5257,900504,0,1175.1999999999998,1194.75,166.35466303608052,1174.6,1175.8,1194.5,1195.0,1.2000000000000457,0.5,-0.4340815681315207,-0.1737060359391798,-0.4528484068233022,0.1864568431092036,-0.5454545454545454,0.2542372881355932,85,99943.0,101532.5,1589.5,82.734682553,165.469365106,1424.030634894,-1754.969365106,250000.0,100000.0,2,zerodha_equity_intraday_nse_order_formula_v2_2026_07_14,zerodha_2x_all_in_cost_proxy,0,BANKBEES,900,598.78,598.78,597.295,0.0,-24.800427535990323
P341_2026-07-16_HDFCBANK_106698807,P335_P334_LANE_D_HORIZON_AND_EXIT_MARGIN_SQ0p750_SPQ1p000_DSQ0p500_TOP2_H900_long_only_taker_entry_taker_exit_CAP250000_NOT100000_CONC2_zerodha_2x_all_in_cost_proxy,HDFCBANK,15-Jul-2026 17:00:18,post_close,2026-07-16,market_open_next_available_real_l2_day,Appointment,filled,900,1784173500000,1784173500766,1784174403261,766,902495,0,814.975,813.9,-13.19058866836462,814.5,815.45,813.8,814.0,0.9500000000000456,0.2000000000000454,0.9198250728862972,0.2948312773983076,0.1781818181818182,0.5398389694041867,0.0909090909090909,0.081967213114754,122,99484.9,99283.6,-201.30000000001743,82.61968151100001,165.23936302200002,-366.5393630220175,36.06063697801744,250000.0,100000.0,2,zerodha_equity_intraday_nse_order_formula_v2_2026_07_14,zerodha_2x_all_in_cost_proxy,1,NIFTYBEES,300,274.375,274.375,274.375,0.0,0.0
P341_2026-07-16_HDFCBANK_106698807,P335_P334_LANE_D_HORIZON_AND_EXIT_MARGIN_SQ0p750_SPQ1p000_DSQ0p500_TOP2_H900_long_only_taker_entry_taker_exit_CAP250000_NOT100000_CONC2_zerodha_2x_all_in_cost_proxy,HDFCBANK,15-Jul-2026 17:00:18,post_close,2026-07-16,market_open_next_available_real_l2_day,Appointment,filled,900,1784173500000,1784173500766,1784174403261,766,902495,0,814.975,813.9,-13.19058866836462,814.5,815.45,813.8,814.0,0.9500000000000456,0.2000000000000454,0.9198250728862972,0.2948312773983076,0.1781818181818182,0.5398389694041867,0.0909090909090909,0.081967213114754,122,99484.9,99283.6,-201.30000000001743,82.61968151100001,165.23936302200002,-366.5393630220175,36.06063697801744,250000.0,100000.0,2,zerodha_equity_intraday_nse_order_formula_v2_2026_07_14,zerodha_2x_all_in_cost_proxy,1,NIFTYBEES,900,274.375,274.375,274.375,0.0,0.0
P341_2026-07-16_HDFCBANK_106698807,P335_P334_LANE_D_HORIZON_AND_EXIT_MARGIN_SQ0p750_SPQ1p000_DSQ0p500_TOP2_H900_long_only_taker_entry_taker_exit_CAP250000_NOT100000_CONC2_zerodha_2x_all_in_cost_proxy,HDFCBANK,15-Jul-2026 17:00:18,post_close,2026-07-16,market_open_next_available_real_l2_day,Appointment,filled,900,1784173500000,1784173500766,1784174403261,766,902495,0,814.975,813.9,-13.19058866836462,814.5,815.45,813.8,814.0,0.9500000000000456,0.2000000000000454,0.9198250728862972,0.2948312773983076,0.1781818181818182,0.5398389694041867,0.0909090909090909,0.081967213114754,122,99484.9,99283.6,-201.30000000001743,82.61968151100001,165.23936302200002,-366.5393630220175,36.06063697801744,250000.0,100000.0,2,zerodha_equity_intraday_nse_order_formula_v2_2026_07_14,zerodha_2x_all_in_cost_proxy,1,BANKBEES,300,598.78,598.78,597.29,0.0,-24.883930659006516
P341_2026-07-16_HDFCBANK_106698807,P335_P334_LANE_D_HORIZON_AND_EXIT_MARGIN_SQ0p750_SPQ1p000_DSQ0p500_TOP2_H900_long_only_taker_entry_taker_exit_CAP250000_NOT100000_CONC2_zerodha_2x_all_in_cost_proxy,HDFCBANK,15-Jul-2026 17:00:18,post_close,2026-07-16,market_open_next_available_real_l2_day,Appointment,filled,900,1784173500000,1784173500766,1784174403261,766,902495,0,814.975,813.9,-13.19058866836462,814.5,815.45,813.8,814.0,0.9500000000000456,0.2000000000000454,0.9198250728862972,0.2948312773983076,0.1781818181818182,0.5398389694041867,0.0909090909090909,0.081967213114754,122,99484.9,99283.6,-201.30000000001743,82.61968151100001,165.23936302200002,-366.5393630220175,36.06063697801744,250000.0,100000.0,2,zerodha_equity_intraday_nse_order_formula_v2_2026_07_14,zerodha_2x_all_in_cost_proxy,1,BANKBEES,900,598.78,598.78,597.29,0.0,-24.883930659006516
P341_2026-07-16_HDFCBANK_106699773,P335_P334_LANE_D_HORIZON_AND_EXIT_MARGIN_SQ0p750_SPQ1p000_DSQ0p500_TOP2_H900_long_only_taker_entry_taker_exit_CAP250000_NOT100000_CONC2_zerodha_2x_all_in_cost_proxy,HDFCBANK,16-Jul-2026 11:06:07,regular_session,2026-07-16,first_real_tick_after_announcement,"Certificate under SEBI (Depositories and Participants) Regulations, 2018",filled,900,1784180167000,1784180170744,1784181070760,3744,900016,0,813.875,813.975,1.2286899093843986,813.85,813.9,813.95,814.0,0.0499999999999545,0.0499999999999545,0.422144420131291,-0.2641258318209316,0.5002816901408451,-0.1679692856163444,0.2982456140350877,-0.4358974358974359,122,99295.8,99301.9,6.100000000005821,82.6076195662,165.2152391324,-159.11523913239418,-171.31523913240582,250000.0,100000.0,2,zerodha_equity_intraday_nse_order_formula_v2_2026_07_14,zerodha_2x_all_in_cost_proxy,1,NIFTYBEES,300,274.955,275.05499999999995,274.69,-3.6356365090606246,-9.637940753941532
P341_2026-07-16_HDFCBANK_106699773,P335_P334_LANE_D_HORIZON_AND_EXIT_MARGIN_SQ0p750_SPQ1p000_DSQ0p500_TOP2_H900_long_only_taker_entry_taker_exit_CAP250000_NOT100000_CONC2_zerodha_2x_all_in_cost_proxy,HDFCBANK,16-Jul-2026 11:06:07,regular_session,2026-07-16,first_real_tick_after_announcement,"Certificate under SEBI (Depositories and Participants) Regulations, 2018",filled,900,1784180167000,1784180170744,1784181070760,3744,900016,0,813.875,813.975,1.2286899093843986,813.85,813.9,813.95,814.0,0.0499999999999545,0.0499999999999545,0.422144420131291,-0.2641258318209316,0.5002816901408451,-0.1679692856163444,0.2982456140350877,-0.4358974358974359,122,99295.8,99301.9,6.100000000005821,82.6076195662,165.2152391324,-159.11523913239418,-171.31523913240582,250000.0,100000.0,2,zerodha_equity_intraday_nse_order_formula_v2_2026_07_14,zerodha_2x_all_in_cost_proxy,1,NIFTYBEES,900,274.955,274.78499999999997,274.69,6.186655021198639,-9.637940753941532
P341_2026-07-16_HDFCBANK_106699773,P335_P334_LANE_D_HORIZON_AND_EXIT_MARGIN_SQ0p750_SPQ1p000_DSQ0p500_TOP2_H900_long_only_taker_entry_taker_exit_CAP250000_NOT100000_CONC2_zerodha_2x_all_in_cost_proxy,HDFCBANK,16-Jul-2026 11:06:07,regular_session,2026-07-16,first_real_tick_after_announcement,"Certificate under SEBI (Depositories and Participants) Regulations, 2018",filled,900,1784180167000,1784180170744,1784181070760,3744,900016,0,813.875,813.975,1.2286899093843986,813.85,813.9,813.95,814.0,0.0499999999999545,0.0499999999999545,0.422144420131291,-0.2641258318209316,0.5002816901408451,-0.1679692856163444,0.2982456140350877,-0.4358974358974359,122,99295.8,99301.9,6.100000000005821,82.6076195662,165.2152391324,-159.11523913239418,-171.31523913240582,250000.0,100000.0,2,zerodha_equity_intraday_nse_order_formula_v2_2026_07_14,zerodha_2x_all_in_cost_proxy,1,BANKBEES,300,598.2950000000001,598.95,597.655,-10.935804324233578,-10.697064157315639
P341_2026-07-16_HDFCBANK_106699773,P335_P334_LANE_D_HORIZON_AND_EXIT_MARGIN_SQ0p750_SPQ1p000_DSQ0p500_TOP2_H900_long_only_taker_entry_taker_exit_CAP250000_NOT100000_CONC2_zerodha_2x_all_in_cost_proxy,HDFCBANK,16-Jul-2026 11:06:07,regular_session,2026-07-16,first_real_tick_after_announcement,"Certificate under SEBI (Depositories and Participants) Regulations, 2018",filled,900,1784180167000,1784180170744,1784181070760,3744,900016,0,813.875,813.975,1.2286899093843986,813.85,813.9,813.95,814.0,0.0499999999999545,0.0499999999999545,0.422144420131291,-0.2641258318209316,0.5002816901408451,-0.1679692856163444,0.2982456140350877,-0.4358974358974359,122,99295.8,99301.9,6.100000000005821,82.6076195662,165.2152391324,-159.11523913239418,-171.31523913240582,250000.0,100000.0,2,zerodha_equity_intraday_nse_order_formula_v2_2026_07_14,zerodha_2x_all_in_cost_proxy,1,BANKBEES,900,598.2950000000001,597.9100000000001,597.655,6.439096185044679,-10.697064157315639
P341_2026-07-16_HINDUNILVR_106699154,P335_P334_LANE_D_HORIZON_AND_EXIT_MARGIN_SQ0p750_SPQ1p000_DSQ0p500_TOP2_H900_long_only_taker_entry_taker_exit_CAP250000_NOT100000_CONC2_zerodha_2x_all_in_cost_proxy,HINDUNILVR,15-Jul-2026 19:03:06,post_close,2026-07-16,market_open_next_available_real_l2_day,"Certificate under SEBI (Depositories and Participants) Regulations, 2018",filled,900,1784173500000,1784173505259,1784174410761,5259,905502,0,2102.55,2116.2,64.9211671541682,2101.1,2104.0,2115.9,2116.5,2.900000000000091,0.599999999999909,0.3004115226337449,-0.6871165644171779,0.3652173913043478,-0.6428571428571429,0.0,-0.3333333333333333,47,98888.0,99447.3,559.3000000000029,82.58557023179999,165.17114046359998,394.12885953640296,-724.4711404636029,250000.0,100000.0,2,zerodha_equity_intraday_nse_order_formula_v2_2026_07_14,zerodha_2x_all_in_cost_proxy,0,NIFTYBEES,300,274.375,274.375,274.38,0.0,0.1822323462419284
P341_2026-07-16_HINDUNILVR_106699154,P335_P334_LANE_D_HORIZON_AND_EXIT_MARGIN_SQ0p750_SPQ1p000_DSQ0p500_TOP2_H900_long_only_taker_entry_taker_exit_CAP250000_NOT100000_CONC2_zerodha_2x_all_in_cost_proxy,HINDUNILVR,15-Jul-2026 19:03:06,post_close,2026-07-16,market_open_next_available_real_l2_day,"Certificate under SEBI (Depositories and Participants) Regulations, 2018",filled,900,1784173500000,1784173505259,1784174410761,5259,905502,0,2102.55,2116.2,64.9211671541682,2101.1,2104.0,2115.9,2116.5,2.900000000000091,0.599999999999909,0.3004115226337449,-0.6871165644171779,0.3652173913043478,-0.6428571428571429,0.0,-0.3333333333333333,47,98888.0,99447.3,559.3000000000029,82.58557023179999,165.17114046359998,394.12885953640296,-724.4711404636029,250000.0,100000.0,2,zerodha_equity_intraday_nse_order_formula_v2_2026_07_14,zerodha_2x_all_in_cost_proxy,0,NIFTYBEES,900,274.375,274.375,274.38,0.0,0.1822323462419284
P341_2026-07-16_HINDUNILVR_106699154,P335_P334_LANE_D_HORIZON_AND_EXIT_MARGIN_SQ0p750_SPQ1p000_DSQ0p500_TOP2_H900_long_only_taker_entry_taker_exit_CAP250000_NOT100000_CONC2_zerodha_2x_all_in_cost_proxy,HINDUNILVR,15-Jul-2026 19:03:06,post_close,2026-07-16,market_open_next_available_real_l2_day,"Certificate under SEBI (Depositories and Participants) Regulations, 2018",filled,900,1784173500000,1784173505259,1784174410761,5259,905502,0,2102.55,2116.2,64.9211671541682,2101.1,2104.0,2115.9,2116.5,2.900000000000091,0.599999999999909,0.3004115226337449,-0.6871165644171779,0.3652173913043478,-0.6428571428571429,0.0,-0.3333333333333333,47,98888.0,99447.3,559.3000000000029,82.58557023179999,165.17114046359998,394.12885953640296,-724.4711404636029,250000.0,100000.0,2,zerodha_equity_intraday_nse_order_formula_v2_2026_07_14,zerodha_2x_all_in_cost_proxy,0,BANKBEES,300,598.78,598.78,597.35,0.0,-23.881893182804426
P341_2026-07-16_HINDUNILVR_106699154,P335_P334_LANE_D_HORIZON_AND_EXIT_MARGIN_SQ0p750_SPQ1p000_DSQ0p500_TOP2_H900_long_only_taker_entry_taker_exit_CAP250000_NOT100000_CONC2_zerodha_2x_all_in_cost_proxy,HINDUNILVR,15-Jul-2026 19:03:06,post_close,2026-07-16,market_open_next_available_real_l2_day,"Certificate under SEBI (Depositories and Participants) Regulations, 2018",filled,900,1784173500000,1784173505259,1784174410761,5259,905502,0,2102.55,2116.2,64.9211671541682,2101.1,2104.0,2115.9,2116.5,2.900000000000091,0.599999999999909,0.3004115226337449,-0.6871165644171779,0.3652173913043478,-0.6428571428571429,0.0,-0.3333333333333333,47,98888.0,99447.3,559.3000000000029,82.58557023179999,165.17114046359998,394.12885953640296,-724.4711404636029,250000.0,100000.0,2,zerodha_equity_intraday_nse_order_formula_v2_2026_07_14,zerodha_2x_all_in_cost_proxy,0,BANKBEES,900,598.78,598.78,597.35,0.0,-23.881893182804426
P341_2026-07-16_ICICIBANK_106700095,P335_P334_LANE_D_HORIZON_AND_EXIT_MARGIN_SQ0p750_SPQ1p000_DSQ0p500_TOP2_H900_long_only_taker_entry_taker_exit_CAP250000_NOT100000_CONC2_zerodha_2x_all_in_cost_proxy,ICICIBANK,16-Jul-2026 15:08:02,regular_session,2026-07-16,first_real_tick_after_announcement,ESOP/ESOS/ESPS,filled,900,1784194682000,1784194682008,1784195586758,8,904750,0,1417.4499999999998,1418.15,4.938445800559265,1417.3,1417.6,1418.1,1418.2,0.2999999999999545,0.1000000000001364,0.0794100964265456,-0.5169370049038099,0.1239793995729179,-0.5049377202123964,0.3170731707317073,0.0196078431372549,70,99232.0,99267.0,35.0,82.602013594,165.204027188,-130.204027188,-200.204027188,250000.0,100000.0,2,zerodha_equity_intraday_nse_order_formula_v2_2026_07_14,zerodha_2x_all_in_cost_proxy,1,NIFTYBEES,300,273.93,274.07,273.935,-5.108184040573116,0.18252838316357156
P341_2026-07-16_ICICIBANK_106700095,P335_P334_LANE_D_HORIZON_AND_EXIT_MARGIN_SQ0p750_SPQ1p000_DSQ0p500_TOP2_H900_long_only_taker_entry_taker_exit_CAP250000_NOT100000_CONC2_zerodha_2x_all_in_cost_proxy,ICICIBANK,16-Jul-2026 15:08:02,regular_session,2026-07-16,first_real_tick_after_announcement,ESOP/ESOS/ESPS,filled,900,1784194682000,1784194682008,1784195586758,8,904750,0,1417.4499999999998,1418.15,4.938445800559265,1417.3,1417.6,1418.1,1418.2,0.2999999999999545,0.1000000000001364,0.0794100964265456,-0.5169370049038099,0.1239793995729179,-0.5049377202123964,0.3170731707317073,0.0196078431372549,70,99232.0,99267.0,35.0,82.602013594,165.204027188,-130.204027188,-200.204027188,250000.0,100000.0,2,zerodha_equity_intraday_nse_order_formula_v2_2026_07_14,zerodha_2x_all_in_cost_proxy,1,NIFTYBEES,900,273.93,274.14,273.935,-7.660319544757765,0.18252838316357156
P341_2026-07-16_ICICIBANK_106700095,P335_P334_LANE_D_HORIZON_AND_EXIT_MARGIN_SQ0p750_SPQ1p000_DSQ0p500_TOP2_H900_long_only_taker_entry_taker_exit_CAP250000_NOT100000_CONC2_zerodha_2x_all_in_cost_proxy,ICICIBANK,16-Jul-2026 15:08:02,regular_session,2026-07-16,first_real_tick_after_announcement,ESOP/ESOS/ESPS,filled,900,1784194682000,1784194682008,1784195586758,8,904750,0,1417.4499999999998,1418.15,4.938445800559265,1417.3,1417.6,1418.1,1418.2,0.2999999999999545,0.1000000000001364,0.0794100964265456,-0.5169370049038099,0.1239793995729179,-0.5049377202123964,0.3170731707317073,0.0196078431372549,70,99232.0,99267.0,35.0,82.602013594,165.204027188,-130.204027188,-200.204027188,250000.0,100000.0,2,zerodha_equity_intraday_nse_order_formula_v2_2026_07_14,zerodha_2x_all_in_cost_proxy,1,BANKBEES,300,597.005,597.135,596.97,-2.17706213837765,-0.5862597465677855
P341_2026-07-16_ICICIBANK_106700095,P335_P334_LANE_D_HORIZON_AND_EXIT_MARGIN_SQ0p750_SPQ1p000_DSQ0p500_TOP2_H900_long_only_taker_entry_taker_exit_CAP250000_NOT100000_CONC2_zerodha_2x_all_in_cost_proxy,ICICIBANK,16-Jul-2026 15:08:02,regular_session,2026-07-16,first_real_tick_after_announcement,ESOP/ESOS/ESPS,filled,900,1784194682000,1784194682008,1784195586758,8,904750,0,1417.4499999999998,1418.15,4.938445800559265,1417.3,1417.6,1418.1,1418.2,0.2999999999999545,0.1000000000001364,0.0794100964265456,-0.5169370049038099,0.1239793995729179,-0.5049377202123964,0.3170731707317073,0.0196078431372549,70,99232.0,99267.0,35.0,82.602013594,165.204027188,-130.204027188,-200.204027188,250000.0,100000.0,2,zerodha_equity_intraday_nse_order_formula_v2_2026_07_14,zerodha_2x_all_in_cost_proxy,1,BANKBEES,900,597.005,596.52,596.97,8.130490176356808,-0.5862597465677855
P341_2026-07-16_NESTLEIND_106698830,P335_P334_LANE_D_HORIZON_AND_EXIT_MARGIN_SQ0p750_SPQ1p000_DSQ0p500_TOP2_H900_long_only_taker_entry_taker_exit_CAP250000_NOT100000_CONC2_zerodha_2x_all_in_cost_proxy,NESTLEIND,15-Jul-2026 17:09:23,post_close,2026-07-16,market_open_next_available_real_l2_day,Action(s) taken or orders passed,filled,900,1784173500000,1784173505262,1784174410395,5262,905133,0,1427.65,1433.85,43.42801106713702,1426.4,1428.9,1433.6,1434.1,2.5,0.5,0.0245901639344262,-0.2544378698224852,0.2643051771117166,-0.2731707317073171,0.0,-0.1794871794871795,69,98594.1,98918.4,324.2999999999884,82.545975575,165.09195115,159.20804884998836,-489.3919511499884,250000.0,100000.0,2,zerodha_equity_intraday_nse_order_formula_v2_2026_07_14,zerodha_2x_all_in_cost_proxy,0,NIFTYBEES,300,274.375,274.375,274.38,0.0,0.1822323462419284
P341_2026-07-16_NESTLEIND_106698830,P335_P334_LANE_D_HORIZON_AND_EXIT_MARGIN_SQ0p750_SPQ1p000_DSQ0p500_TOP2_H900_long_only_taker_entry_taker_exit_CAP250000_NOT100000_CONC2_zerodha_2x_all_in_cost_proxy,NESTLEIND,15-Jul-2026 17:09:23,post_close,2026-07-16,market_open_next_available_real_l2_day,Action(s) taken or orders passed,filled,900,1784173500000,1784173505262,1784174410395,5262,905133,0,1427.65,1433.85,43.42801106713702,1426.4,1428.9,1433.6,1434.1,2.5,0.5,0.0245901639344262,-0.2544378698224852,0.2643051771117166,-0.2731707317073171,0.0,-0.1794871794871795,69,98594.1,98918.4,324.2999999999884,82.545975575,165.09195115,159.20804884998836,-489.3919511499884,250000.0,100000.0,2,zerodha_equity_intraday_nse_order_formula_v2_2026_07_14,zerodha_2x_all_in_cost_proxy,0,NIFTYBEES,900,274.375,274.375,274.38,0.0,0.1822323462419284
P341_2026-07-16_NESTLEIND_106698830,P335_P334_LANE_D_HORIZON_AND_EXIT_MARGIN_SQ0p750_SPQ1p000_DSQ0p500_TOP2_H900_long_only_taker_entry_taker_exit_CAP250000_NOT100000_CONC2_zerodha_2x_all_in_cost_proxy,NESTLEIND,15-Jul-2026 17:09:23,post_close,2026-07-16,market_open_next_available_real_l2_day,Action(s) taken or orders passed,filled,900,1784173500000,1784173505262,1784174410395,5262,905133,0,1427.65,1433.85,43.42801106713702,1426.4,1428.9,1433.6,1434.1,2.5,0.5,0.0245901639344262,-0.2544378698224852,0.2643051771117166,-0.2731707317073171,0.0,-0.1794871794871795,69,98594.1,98918.4,324.2999999999884,82.545975575,165.09195115,159.20804884998836,-489.3919511499884,250000.0,100000.0,2,zerodha_equity_intraday_nse_order_formula_v2_2026_07_14,zerodha_2x_all_in_cost_proxy,0,BANKBEES,300,598.78,598.78,597.35,0.0,-23.881893182804426
P341_2026-07-16_NESTLEIND_106698830,P335_P334_LANE_D_HORIZON_AND_EXIT_MARGIN_SQ0p750_SPQ1p000_DSQ0p500_TOP2_H900_long_only_taker_entry_taker_exit_CAP250000_NOT100000_CONC2_zerodha_2x_all_in_cost_proxy,NESTLEIND,15-Jul-2026 17:09:23,post_close,2026-07-16,market_open_next_available_real_l2_day,Action(s) taken or orders passed,filled,900,1784173500000,1784173505262,1784174410395,5262,905133,0,1427.65,1433.85,43.42801106713702,1426.4,1428.9,1433.6,1434.1,2.5,0.5,0.0245901639344262,-0.2544378698224852,0.2643051771117166,-0.2731707317073171,0.0,-0.1794871794871795,69,98594.1,98918.4,324.2999999999884,82.545975575,165.09195115,159.20804884998836,-489.3919511499884,250000.0,100000.0,2,zerodha_equity_intraday_nse_order_formula_v2_2026_07_14,zerodha_2x_all_in_cost_proxy,0,BANKBEES,900,598.78,598.78,597.35,0.0,-23.881893182804426
P341_2026-07-16_SBIN_106699268,P335_P334_LANE_D_HORIZON_AND_EXIT_MARGIN_SQ0p750_SPQ1p000_DSQ0p500_TOP2_H900_long_only_taker_entry_taker_exit_CAP250000_NOT100000_CONC2_zerodha_2x_all_in_cost_proxy,SBIN,15-Jul-2026 20:24:55,post_close,2026-07-16,market_open_next_available_real_l2_day,Appointment,filled,900,1784173500000,1784173500766,1784174410394,766,909628,0,1030.1999999999998,1028.25,-18.928363424575988,1030.1,1030.3,1028.2,1028.3,0.2000000000000454,0.099999999999909,0.1723542116630669,-0.0198237885462555,-0.0344438170525127,0.0170445143140824,0.4375,0.2527472527472527,97,99939.1,99735.4,-203.6999999999825,82.66719734699998,165.33439469399997,-369.0343946939825,38.36560530598257,250000.0,100000.0,2,zerodha_equity_intraday_nse_order_formula_v2_2026_07_14,zerodha_2x_all_in_cost_proxy,1,NIFTYBEES,300,274.375,274.375,274.375,0.0,0.0
P341_2026-07-16_SBIN_106699268,P335_P334_LANE_D_HORIZON_AND_EXIT_MARGIN_SQ0p750_SPQ1p000_DSQ0p500_TOP2_H900_long_only_taker_entry_taker_exit_CAP250000_NOT100000_CONC2_zerodha_2x_all_in_cost_proxy,SBIN,15-Jul-2026 20:24:55,post_close,2026-07-16,market_open_next_available_real_l2_day,Appointment,filled,900,1784173500000,1784173500766,1784174410394,766,909628,0,1030.1999999999998,1028.25,-18.928363424575988,1030.1,1030.3,1028.2,1028.3,0.2000000000000454,0.099999999999909,0.1723542116630669,-0.0198237885462555,-0.0344438170525127,0.0170445143140824,0.4375,0.2527472527472527,97,99939.1,99735.4,-203.6999999999825,82.66719734699998,165.33439469399997,-369.0343946939825,38.36560530598257,250000.0,100000.0,2,zerodha_equity_intraday_nse_order_formula_v2_2026_07_14,zerodha_2x_all_in_cost_proxy,1,NIFTYBEES,900,274.375,274.375,274.375,0.0,0.0
P341_2026-07-16_SBIN_106699268,P335_P334_LANE_D_HORIZON_AND_EXIT_MARGIN_SQ0p750_SPQ1p000_DSQ0p500_TOP2_H900_long_only_taker_entry_taker_exit_CAP250000_NOT100000_CONC2_zerodha_2x_all_in_cost_proxy,SBIN,15-Jul-2026 20:24:55,post_close,2026-07-16,market_open_next_available_real_l2_day,Appointment,filled,900,1784173500000,1784173500766,1784174410394,766,909628,0,1030.1999999999998,1028.25,-18.928363424575988,1030.1,1030.3,1028.2,1028.3,0.2000000000000454,0.099999999999909,0.1723542116630669,-0.0198237885462555,-0.0344438170525127,0.0170445143140824,0.4375,0.2527472527472527,97,99939.1,99735.4,-203.6999999999825,82.66719734699998,165.33439469399997,-369.0343946939825,38.36560530598257,250000.0,100000.0,2,zerodha_equity_intraday_nse_order_formula_v2_2026_07_14,zerodha_2x_all_in_cost_proxy,1,BANKBEES,300,598.78,598.78,597.34,0.0,-24.04889942883792
P341_2026-07-16_SBIN_106699268,P335_P334_LANE_D_HORIZON_AND_EXIT_MARGIN_SQ0p750_SPQ1p000_DSQ0p500_TOP2_H900_long_only_taker_entry_taker_exit_CAP250000_NOT100000_CONC2_zerodha_2x_all_in_cost_proxy,SBIN,15-Jul-2026 20:24:55,post_close,2026-07-16,market_open_next_available_real_l2_day,Appointment,filled,900,1784173500000,1784173500766,1784174410394,766,909628,0,1030.1999999999998,1028.25,-18.928363424575988,1030.1,1030.3,1028.2,1028.3,0.2000000000000454,0.099999999999909,0.1723542116630669,-0.0198237885462555,-0.0344438170525127,0.0170445143140824,0.4375,0.2527472527472527,97,99939.1,99735.4,-203.6999999999825,82.66719734699998,165.33439469399997,-369.0343946939825,38.36560530598257,250000.0,100000.0,2,zerodha_equity_intraday_nse_order_formula_v2_2026_07_14,zerodha_2x_all_in_cost_proxy,1,BANKBEES,900,598.78,598.78,597.34,0.0,-24.04889942883792
P341_2026-07-16_TCS_106699212,P335_P334_LANE_D_HORIZON_AND_EXIT_MARGIN_SQ0p750_SPQ1p000_DSQ0p500_TOP2_H900_long_only_taker_entry_taker_exit_CAP250000_NOT100000_CONC2_zerodha_2x_all_in_cost_proxy,TCS,15-Jul-2026 19:37:13,post_close,2026-07-16,market_open_next_available_real_l2_day,Analysts/Institutional Investor Meet/Con. Call Updates,filled,900,1784173500000,1784173500766,1784174401011,766,900245,0,2196.25,2203.2,31.644849174728822,2195.4,2197.1,2203.1,2203.3,1.699999999999818,0.2000000000002728,0.0043478260869565,0.6298174442190669,0.2857142857142857,0.6340825927861997,0.1666666666666666,0.5217391304347826,45,98869.5,99139.5,270.0,82.57280965400001,165.14561930800002,104.85438069199998,-435.1456193080001,250000.0,100000.0,2,zerodha_equity_intraday_nse_order_formula_v2_2026_07_14,zerodha_2x_all_in_cost_proxy,0,NIFTYBEES,300,274.375,274.375,274.39,0.0,0.5466970387235648
P341_2026-07-16_TCS_106699212,P335_P334_LANE_D_HORIZON_AND_EXIT_MARGIN_SQ0p750_SPQ1p000_DSQ0p500_TOP2_H900_long_only_taker_entry_taker_exit_CAP250000_NOT100000_CONC2_zerodha_2x_all_in_cost_proxy,TCS,15-Jul-2026 19:37:13,post_close,2026-07-16,market_open_next_available_real_l2_day,Analysts/Institutional Investor Meet/Con. Call Updates,filled,900,1784173500000,1784173500766,1784174401011,766,900245,0,2196.25,2203.2,31.644849174728822,2195.4,2197.1,2203.1,2203.3,1.699999999999818,0.2000000000002728,0.0043478260869565,0.6298174442190669,0.2857142857142857,0.6340825927861997,0.1666666666666666,0.5217391304347826,45,98869.5,99139.5,270.0,82.57280965400001,165.14561930800002,104.85438069199998,-435.1456193080001,250000.0,100000.0,2,zerodha_equity_intraday_nse_order_formula_v2_2026_07_14,zerodha_2x_all_in_cost_proxy,0,NIFTYBEES,900,274.375,274.375,274.39,0.0,0.5466970387235648
P341_2026-07-16_TCS_106699212,P335_P334_LANE_D_HORIZON_AND_EXIT_MARGIN_SQ0p750_SPQ1p000_DSQ0p500_TOP2_H900_long_only_taker_entry_taker_exit_CAP250000_NOT100000_CONC2_zerodha_2x_all_in_cost_proxy,TCS,15-Jul-2026 19:37:13,post_close,2026-07-16,market_open_next_available_real_l2_day,Analysts/Institutional Investor Meet/Con. Call Updates,filled,900,1784173500000,1784173500766,1784174401011,766,900245,0,2196.25,2203.2,31.644849174728822,2195.4,2197.1,2203.1,2203.3,1.699999999999818,0.2000000000002728,0.0043478260869565,0.6298174442190669,0.2857142857142857,0.6340825927861997,0.1666666666666666,0.5217391304347826,45,98869.5,99139.5,270.0,82.57280965400001,165.14561930800002,104.85438069199998,-435.1456193080001,250000.0,100000.0,2,zerodha_equity_intraday_nse_order_formula_v2_2026_07_14,zerodha_2x_all_in_cost_proxy,0,BANKBEES,300,598.78,598.78,597.29,0.0,-24.883930659006516
P341_2026-07-16_TCS_106699212,P335_P334_LANE_D_HORIZON_AND_EXIT_MARGIN_SQ0p750_SPQ1p000_DSQ0p500_TOP2_H900_long_only_taker_entry_taker_exit_CAP250000_NOT100000_CONC2_zerodha_2x_all_in_cost_proxy,TCS,15-Jul-2026 19:37:13,post_close,2026-07-16,market_open_next_available_real_l2_day,Analysts/Institutional Investor Meet/Con. Call Updates,filled,900,1784173500000,1784173500766,1784174401011,766,900245,0,2196.25,2203.2,31.644849174728822,2195.4,2197.1,2203.1,2203.3,1.699999999999818,0.2000000000002728,0.0043478260869565,0.6298174442190669,0.2857142857142857,0.6340825927861997,0.1666666666666666,0.5217391304347826,45,98869.5,99139.5,270.0,82.57280965400001,165.14561930800002,104.85438069199998,-435.1456193080001,250000.0,100000.0,2,zerodha_equity_intraday_nse_order_formula_v2_2026_07_14,zerodha_2x_all_in_cost_proxy,0,BANKBEES,900,598.78,598.78,597.29,0.0,-24.883930659006516
P341_2026-07-16_TCS_106699790,P335_P334_LANE_D_HORIZON_AND_EXIT_MARGIN_SQ0p750_SPQ1p000_DSQ0p500_TOP2_H900_long_only_taker_entry_taker_exit_CAP250000_NOT100000_CONC2_zerodha_2x_all_in_cost_proxy,TCS,16-Jul-2026 11:30:08,regular_session,2026-07-16,first_real_tick_after_announcement,Updates,filled,900,1784181608000,1784181608757,1784182511562,757,902805,0,2216.75,2216.8500000000004,0.4511108604956075,2216.7,2216.8,2216.8,2216.9,0.1000000000003638,0.099999999999909,0.1479915433403805,-0.5742608695652174,-0.0901287553648068,-0.6045994065281899,-0.0434782608695652,-0.0434782608695652,45,99756.0,99756.0,0.0,82.655625872,165.311251744,-165.311251744,-165.311251744,250000.0,100000.0,2,zerodha_equity_intraday_nse_order_formula_v2_2026_07_14,zerodha_2x_all_in_cost_proxy,1,NIFTYBEES,300,274.63,274.65999999999997,274.67499999999995,-1.0922595208606722,1.6385682554687087
P341_2026-07-16_TCS_106699790,P335_P334_LANE_D_HORIZON_AND_EXIT_MARGIN_SQ0p750_SPQ1p000_DSQ0p500_TOP2_H900_long_only_taker_entry_taker_exit_CAP250000_NOT100000_CONC2_zerodha_2x_all_in_cost_proxy,TCS,16-Jul-2026 11:30:08,regular_session,2026-07-16,first_real_tick_after_announcement,Updates,filled,900,1784181608000,1784181608757,1784182511562,757,902805,0,2216.75,2216.8500000000004,0.4511108604956075,2216.7,2216.8,2216.8,2216.9,0.1000000000003638,0.099999999999909,0.1479915433403805,-0.5742608695652174,-0.0901287553648068,-0.6045994065281899,-0.0434782608695652,-0.0434782608695652,45,99756.0,99756.0,0.0,82.655625872,165.311251744,-165.311251744,-165.311251744,250000.0,100000.0,2,zerodha_equity_intraday_nse_order_formula_v2_2026_07_14,zerodha_2x_all_in_cost_proxy,1,NIFTYBEES,900,274.63,274.73,274.67499999999995,-3.6399373930773304,1.6385682554687087
P341_2026-07-16_TCS_106699790,P335_P334_LANE_D_HORIZON_AND_EXIT_MARGIN_SQ0p750_SPQ1p000_DSQ0p500_TOP2_H900_long_only_taker_entry_taker_exit_CAP250000_NOT100000_CONC2_zerodha_2x_all_in_cost_proxy,TCS,16-Jul-2026 11:30:08,regular_session,2026-07-16,first_real_tick_after_announcement,Updates,filled,900,1784181608000,1784181608757,1784182511562,757,902805,0,2216.75,2216.8500000000004,0.4511108604956075,2216.7,2216.8,2216.8,2216.9,0.1000000000003638,0.099999999999909,0.1479915433403805,-0.5742608695652174,-0.0901287553648068,-0.6045994065281899,-0.0434782608695652,-0.0434782608695652,45,99756.0,99756.0,0.0,82.655625872,165.311251744,-165.311251744,-165.311251744,250000.0,100000.0,2,zerodha_equity_intraday_nse_order_formula_v2_2026_07_14,zerodha_2x_all_in_cost_proxy,1,BANKBEES,300,597.5899999999999,597.6949999999999,597.6,-1.7567488434744316,0.16733881089248115
P341_2026-07-16_TCS_106699790,P335_P334_LANE_D_HORIZON_AND_EXIT_MARGIN_SQ0p750_SPQ1p000_DSQ0p500_TOP2_H900_long_only_taker_entry_taker_exit_CAP250000_NOT100000_CONC2_zerodha_2x_all_in_cost_proxy,TCS,16-Jul-2026 11:30:08,regular_session,2026-07-16,first_real_tick_after_announcement,Updates,filled,900,1784181608000,1784181608757,1784182511562,757,902805,0,2216.75,2216.8500000000004,0.4511108604956075,2216.7,2216.8,2216.8,2216.9,0.1000000000003638,0.099999999999909,0.1479915433403805,-0.5742608695652174,-0.0901287553648068,-0.6045994065281899,-0.0434782608695652,-0.0434782608695652,45,99756.0,99756.0,0.0,82.655625872,165.311251744,-165.311251744,-165.311251744,250000.0,100000.0,2,zerodha_equity_intraday_nse_order_formula_v2_2026_07_14,zerodha_2x_all_in_cost_proxy,1,BANKBEES,900,597.5899999999999,597.765,597.6,-2.927571871890189,0.16733881089248115
P341_2026-07-16_ULTRACEMCO_106699163,P335_P334_LANE_D_HORIZON_AND_EXIT_MARGIN_SQ0p750_SPQ1p000_DSQ0p500_TOP2_H900_long_only_taker_entry_taker_exit_CAP250000_NOT100000_CONC2_zerodha_2x_all_in_cost_proxy,ULTRACEMCO,15-Jul-2026 19:07:06,post_close,2026-07-16,market_open_next_available_real_l2_day,Rumour Verification - Regulation 30(11),filled,900,1784173500000,1784173507016,1784174410395,7016,903379,0,11854.5,11805.0,-41.75629507781855,11845.0,11864.0,11802.0,11808.0,19.0,6.0,-0.6923076923076923,-0.0965250965250965,-0.712,-0.1737089201877934,-0.5,-0.3448275862068966,8,94912.0,94416.0,-496.0,81.129363168,162.258726336,-658.258726336,333.741273664,250000.0,100000.0,2,zerodha_equity_intraday_nse_order_formula_v2_2026_07_14,zerodha_2x_all_in_cost_proxy,0,NIFTYBEES,300,274.375,274.375,274.38,0.0,0.1822323462419284
P341_2026-07-16_ULTRACEMCO_106699163,P335_P334_LANE_D_HORIZON_AND_EXIT_MARGIN_SQ0p750_SPQ1p000_DSQ0p500_TOP2_H900_long_only_taker_entry_taker_exit_CAP250000_NOT100000_CONC2_zerodha_2x_all_in_cost_proxy,ULTRACEMCO,15-Jul-2026 19:07:06,post_close,2026-07-16,market_open_next_available_real_l2_day,Rumour Verification - Regulation 30(11),filled,900,1784173500000,1784173507016,1784174410395,7016,903379,0,11854.5,11805.0,-41.75629507781855,11845.0,11864.0,11802.0,11808.0,19.0,6.0,-0.6923076923076923,-0.0965250965250965,-0.712,-0.1737089201877934,-0.5,-0.3448275862068966,8,94912.0,94416.0,-496.0,81.129363168,162.258726336,-658.258726336,333.741273664,250000.0,100000.0,2,zerodha_equity_intraday_nse_order_formula_v2_2026_07_14,zerodha_2x_all_in_cost_proxy,0,NIFTYBEES,900,274.375,274.375,274.38,0.0,0.1822323462419284
P341_2026-07-16_ULTRACEMCO_106699163,P335_P334_LANE_D_HORIZON_AND_EXIT_MARGIN_SQ0p750_SPQ1p000_DSQ0p500_TOP2_H900_long_only_taker_entry_taker_exit_CAP250000_NOT100000_CONC2_zerodha_2x_all_in_cost_proxy,ULTRACEMCO,15-Jul-2026 19:07:06,post_close,2026-07-16,market_open_next_available_real_l2_day,Rumour Verification - Regulation 30(11),filled,900,1784173500000,1784173507016,1784174410395,7016,903379,0,11854.5,11805.0,-41.75629507781855,11845.0,11864.0,11802.0,11808.0,19.0,6.0,-0.6923076923076923,-0.0965250965250965,-0.712,-0.1737089201877934,-0.5,-0.3448275862068966,8,94912.0,94416.0,-496.0,81.129363168,162.258726336,-658.258726336,333.741273664,250000.0,100000.0,2,zerodha_equity_intraday_nse_order_formula_v2_2026_07_14,zerodha_2x_all_in_cost_proxy,0,BANKBEES,300,598.78,598.78,597.35,0.0,-23.881893182804426
P341_2026-07-16_ULTRACEMCO_106699163,P335_P334_LANE_D_HORIZON_AND_EXIT_MARGIN_SQ0p750_SPQ1p000_DSQ0p500_TOP2_H900_long_only_taker_entry_taker_exit_CAP250000_NOT100000_CONC2_zerodha_2x_all_in_cost_proxy,ULTRACEMCO,15-Jul-2026 19:07:06,post_close,2026-07-16,market_open_next_available_real_l2_day,Rumour Verification - Regulation 30(11),filled,900,1784173500000,1784173507016,1784174410395,7016,903379,0,11854.5,11805.0,-41.75629507781855,11845.0,11864.0,11802.0,11808.0,19.0,6.0,-0.6923076923076923,-0.0965250965250965,-0.712,-0.1737089201877934,-0.5,-0.3448275862068966,8,94912.0,94416.0,-496.0,81.129363168,162.258726336,-658.258726336,333.741273664,250000.0,100000.0,2,zerodha_equity_intraday_nse_order_formula_v2_2026_07_14,zerodha_2x_all_in_cost_proxy,0,BANKBEES,900,598.78,598.78,597.35,0.0,-23.881893182804426
P341_2026-07-16_WIPRO_106699128,P335_P334_LANE_D_HORIZON_AND_EXIT_MARGIN_SQ0p750_SPQ1p000_DSQ0p500_TOP2_H900_long_only_taker_entry_taker_exit_CAP250000_NOT100000_CONC2_zerodha_2x_all_in_cost_proxy,WIPRO,15-Jul-2026 18:53:51,post_close,2026-07-16,market_open_next_available_real_l2_day,Updates,filled,900,1784173500000,1784173500766,1784174405761,766,904995,0,175.505,177.075,89.45614085068762,175.42,175.59,177.06,177.09,0.1700000000000159,0.0300000000000011,0.1945205479452054,-0.0109791619986556,0.5633484162895928,0.1282463186077644,0.0,-0.5238095238095238,569,99910.71,100747.14,836.429999999993,82.7031288371,165.4062576742,671.023742325793,-1001.836257674193,250000.0,100000.0,2,zerodha_equity_intraday_nse_order_formula_v2_2026_07_14,zerodha_2x_all_in_cost_proxy,0,NIFTYBEES,300,274.375,274.375,274.375,0.0,0.0
P341_2026-07-16_WIPRO_106699128,P335_P334_LANE_D_HORIZON_AND_EXIT_MARGIN_SQ0p750_SPQ1p000_DSQ0p500_TOP2_H900_long_only_taker_entry_taker_exit_CAP250000_NOT100000_CONC2_zerodha_2x_all_in_cost_proxy,WIPRO,15-Jul-2026 18:53:51,post_close,2026-07-16,market_open_next_available_real_l2_day,Updates,filled,900,1784173500000,1784173500766,1784174405761,766,904995,0,175.505,177.075,89.45614085068762,175.42,175.59,177.06,177.09,0.1700000000000159,0.0300000000000011,0.1945205479452054,-0.0109791619986556,0.5633484162895928,0.1282463186077644,0.0,-0.5238095238095238,569,99910.71,100747.14,836.429999999993,82.7031288371,165.4062576742,671.023742325793,-1001.836257674193,250000.0,100000.0,2,zerodha_equity_intraday_nse_order_formula_v2_2026_07_14,zerodha_2x_all_in_cost_proxy,0,NIFTYBEES,900,274.375,274.375,274.375,0.0,0.0
P341_2026-07-16_WIPRO_106699128,P335_P334_LANE_D_HORIZON_AND_EXIT_MARGIN_SQ0p750_SPQ1p000_DSQ0p500_TOP2_H900_long_only_taker_entry_taker_exit_CAP250000_NOT100000_CONC2_zerodha_2x_all_in_cost_proxy,WIPRO,15-Jul-2026 18:53:51,post_close,2026-07-16,market_open_next_available_real_l2_day,Updates,filled,900,1784173500000,1784173500766,1784174405761,766,904995,0,175.505,177.075,89.45614085068762,175.42,175.59,177.06,177.09,0.1700000000000159,0.0300000000000011,0.1945205479452054,-0.0109791619986556,0.5633484162895928,0.1282463186077644,0.0,-0.5238095238095238,569,99910.71,100747.14,836.429999999993,82.7031288371,165.4062576742,671.023742325793,-1001.836257674193,250000.0,100000.0,2,zerodha_equity_intraday_nse_order_formula_v2_2026_07_14,zerodha_2x_all_in_cost_proxy,0,BANKBEES,300,598.78,598.78,597.295,0.0,-24.800427535990323
P341_2026-07-16_WIPRO_106699128,P335_P334_LANE_D_HORIZON_AND_EXIT_MARGIN_SQ0p750_SPQ1p000_DSQ0p500_TOP2_H900_long_only_taker_entry_taker_exit_CAP250000_NOT100000_CONC2_zerodha_2x_all_in_cost_proxy,WIPRO,15-Jul-2026 18:53:51,post_close,2026-07-16,market_open_next_available_real_l2_day,Updates,filled,900,1784173500000,1784173500766,1784174405761,766,904995,0,175.505,177.075,89.45614085068762,175.42,175.59,177.06,177.09,0.1700000000000159,0.0300000000000011,0.1945205479452054,-0.0109791619986556,0.5633484162895928,0.1282463186077644,0.0,-0.5238095238095238,569,99910.71,100747.14,836.429999999993,82.7031288371,165.4062576742,671.023742325793,-1001.836257674193,250000.0,100000.0,2,zerodha_equity_intraday_nse_order_formula_v2_2026_07_14,zerodha_2x_all_in_cost_proxy,0,BANKBEES,900,598.78,598.78,597.295,0.0,-24.800427535990323
P341_2026-07-16_WIPRO_106699287,P335_P334_LANE_D_HORIZON_AND_EXIT_MARGIN_SQ0p750_SPQ1p000_DSQ0p500_TOP2_H900_long_only_taker_entry_taker_exit_CAP250000_NOT100000_CONC2_zerodha_2x_all_in_cost_proxy,WIPRO,15-Jul-2026 20:36:36,post_close,2026-07-16,market_open_next_available_real_l2_day,Shareholders meeting,filled,900,1784173500000,1784173500766,1784174405761,766,904995,0,175.505,177.075,89.45614085068762,175.42,175.59,177.06,177.09,0.1700000000000159,0.0300000000000011,0.1945205479452054,-0.0109791619986556,0.5633484162895928,0.1282463186077644,0.0,-0.5238095238095238,569,99910.71,100747.14,836.429999999993,82.7031288371,165.4062576742,671.023742325793,-1001.836257674193,250000.0,100000.0,2,zerodha_equity_intraday_nse_order_formula_v2_2026_07_14,zerodha_2x_all_in_cost_proxy,0,NIFTYBEES,300,274.375,274.375,274.375,0.0,0.0
P341_2026-07-16_WIPRO_106699287,P335_P334_LANE_D_HORIZON_AND_EXIT_MARGIN_SQ0p750_SPQ1p000_DSQ0p500_TOP2_H900_long_only_taker_entry_taker_exit_CAP250000_NOT100000_CONC2_zerodha_2x_all_in_cost_proxy,WIPRO,15-Jul-2026 20:36:36,post_close,2026-07-16,market_open_next_available_real_l2_day,Shareholders meeting,filled,900,1784173500000,1784173500766,1784174405761,766,904995,0,175.505,177.075,89.45614085068762,175.42,175.59,177.06,177.09,0.1700000000000159,0.0300000000000011,0.1945205479452054,-0.0109791619986556,0.5633484162895928,0.1282463186077644,0.0,-0.5238095238095238,569,99910.71,100747.14,836.429999999993,82.7031288371,165.4062576742,671.023742325793,-1001.836257674193,250000.0,100000.0,2,zerodha_equity_intraday_nse_order_formula_v2_2026_07_14,zerodha_2x_all_in_cost_proxy,0,NIFTYBEES,900,274.375,274.375,274.375,0.0,0.0
P341_2026-07-16_WIPRO_106699287,P335_P334_LANE_D_HORIZON_AND_EXIT_MARGIN_SQ0p750_SPQ1p000_DSQ0p500_TOP2_H900_long_only_taker_entry_taker_exit_CAP250000_NOT100000_CONC2_zerodha_2x_all_in_cost_proxy,WIPRO,15-Jul-2026 20:36:36,post_close,2026-07-16,market_open_next_available_real_l2_day,Shareholders meeting,filled,900,1784173500000,1784173500766,1784174405761,766,904995,0,175.505,177.075,89.45614085068762,175.42,175.59,177.06,177.09,0.1700000000000159,0.0300000000000011,0.1945205479452054,-0.0109791619986556,0.5633484162895928,0.1282463186077644,0.0,-0.5238095238095238,569,99910.71,100747.14,836.429999999993,82.7031288371,165.4062576742,671.023742325793,-1001.836257674193,250000.0,100000.0,2,zerodha_equity_intraday_nse_order_formula_v2_2026_07_14,zerodha_2x_all_in_cost_proxy,0,BANKBEES,300,598.78,598.78,597.295,0.0,-24.800427535990323
P341_2026-07-16_WIPRO_106699287,P335_P334_LANE_D_HORIZON_AND_EXIT_MARGIN_SQ0p750_SPQ1p000_DSQ0p500_TOP2_H900_long_only_taker_entry_taker_exit_CAP250000_NOT100000_CONC2_zerodha_2x_all_in_cost_proxy,WIPRO,15-Jul-2026 20:36:36,post_close,2026-07-16,market_open_next_available_real_l2_day,Shareholders meeting,filled,900,1784173500000,1784173500766,1784174405761,766,904995,0,175.505,177.075,89.45614085068762,175.42,175.59,177.06,177.09,0.1700000000000159,0.0300000000000011,0.1945205479452054,-0.0109791619986556,0.5633484162895928,0.1282463186077644,0.0,-0.5238095238095238,569,99910.71,100747.14,836.429999999993,82.7031288371,165.4062576742,671.023742325793,-1001.836257674193,250000.0,100000.0,2,zerodha_equity_intraday_nse_order_formula_v2_2026_07_14,zerodha_2x_all_in_cost_proxy,0,BANKBEES,900,598.78,598.78,597.295,0.0,-24.800427535990323
