profile_id,raw_rows,median_l1_depth,median_l5_depth,median_abs_l1_imbalance_proxy,median_spread_bps_proxy
P98_FULL_BOOK_REBALANCE_BASE,8,2006.0,19706.0,0.1497962821492233,0.9965124546669626
P98_FULL_BOOK_REBALANCE_STRONG,8,1630.5,16015.5,0.17515432098765432,0.9965124546669626
P98_LEGACY_DEFAULT,8,2950.0,25075.0,0.1,0.9965124546669626
P98_TIMING_ONLY_CONSERVATIVE,8,2950.0,25075.0,0.1,0.9965124546669626
P98_TIMING_VOL_MODERATE,8,2950.0,25075.0,0.1,0.9965124546669626
