root,trade_date,exchange,symbol,file,rows,column_count,missing_required_columns,required_schema_pass,l1_book_sample_pass,observed_trade_dates,observed_symbols,sample_status,sample_error
scratch_azcopy_selected\raw_l2,2026-07-08,NSE,ADANIPORTS,scratch_azcopy_selected\raw_l2\trade_date=2026-07-08\trade_date=2026-07-08\exchange=NSE\symbol=ADANIPORTS\part-073443_831343-000001.parquet,5,54,,True,True,2026-07-08,ADANIPORTS,ok,
scratch_azcopy_selected\raw_l2,2026-07-08,NSE,ADANIPORTS,scratch_azcopy_selected\raw_l2\trade_date=2026-07-08\trade_date=2026-07-08\exchange=NSE\symbol=ADANIPORTS\part-100140_507866-020481.parquet,1,54,,True,False,2026-07-08,ADANIPORTS,ok,
scratch_azcopy_selected\raw_l2,2026-07-08,NSE,AXISBANK,scratch_azcopy_selected\raw_l2\trade_date=2026-07-08\trade_date=2026-07-08\exchange=NSE\symbol=AXISBANK\part-073443_970901-000002.parquet,18,54,,True,True,2026-07-08,AXISBANK,ok,
scratch_azcopy_selected\raw_l2,2026-07-08,NSE,AXISBANK,scratch_azcopy_selected\raw_l2\trade_date=2026-07-08\trade_date=2026-07-08\exchange=NSE\symbol=AXISBANK\part-100140_620396-020482.parquet,1,54,,True,False,2026-07-08,AXISBANK,ok,
scratch_azcopy_selected\raw_l2,2026-07-08,NSE,BAJAJ-AUTO,scratch_azcopy_selected\raw_l2\trade_date=2026-07-08\trade_date=2026-07-08\exchange=NSE\symbol=BAJAJ-AUTO\part-073444_080201-000003.parquet,12,54,,True,True,2026-07-08,BAJAJ-AUTO,ok,
scratch_azcopy_selected\raw_l2,2026-07-08,NSE,BAJAJ-AUTO,scratch_azcopy_selected\raw_l2\trade_date=2026-07-08\trade_date=2026-07-08\exchange=NSE\symbol=BAJAJ-AUTO\part-100140_731059-020483.parquet,1,54,,True,False,2026-07-08,BAJAJ-AUTO,ok,
scratch_azcopy_selected\raw_l2,2026-07-08,NSE,BANKBEES,scratch_azcopy_selected\raw_l2\trade_date=2026-07-08\trade_date=2026-07-08\exchange=NSE\symbol=BANKBEES\part-073444_224685-000004.parquet,10,54,,True,True,2026-07-08,BANKBEES,ok,
scratch_azcopy_selected\raw_l2,2026-07-08,NSE,BANKBEES,scratch_azcopy_selected\raw_l2\trade_date=2026-07-08\trade_date=2026-07-08\exchange=NSE\symbol=BANKBEES\part-100140_848136-020484.parquet,1,54,,True,False,2026-07-08,BANKBEES,ok,
scratch_azcopy_selected\raw_l2,2026-07-08,NSE,BHARTIARTL,scratch_azcopy_selected\raw_l2\trade_date=2026-07-08\trade_date=2026-07-08\exchange=NSE\symbol=BHARTIARTL\part-073444_337478-000005.parquet,12,54,,True,True,2026-07-08,BHARTIARTL,ok,
scratch_azcopy_selected\raw_l2,2026-07-08,NSE,BHARTIARTL,scratch_azcopy_selected\raw_l2\trade_date=2026-07-08\trade_date=2026-07-08\exchange=NSE\symbol=BHARTIARTL\part-100109_725200-020453.parquet,4,54,,True,False,2026-07-08,BHARTIARTL,ok,
scratch_azcopy_selected\raw_l2,2026-07-08,NSE,BPCL,scratch_azcopy_selected\raw_l2\trade_date=2026-07-08\trade_date=2026-07-08\exchange=NSE\symbol=BPCL\part-073444_450400-000006.parquet,6,54,,True,True,2026-07-08,BPCL,ok,
scratch_azcopy_selected\raw_l2,2026-07-08,NSE,BPCL,scratch_azcopy_selected\raw_l2\trade_date=2026-07-08\trade_date=2026-07-08\exchange=NSE\symbol=BPCL\part-100109_851351-020454.parquet,3,54,,True,False,2026-07-08,BPCL,ok,
scratch_azcopy_selected\raw_l2,2026-07-08,NSE,BRITANNIA,scratch_azcopy_selected\raw_l2\trade_date=2026-07-08\trade_date=2026-07-08\exchange=NSE\symbol=BRITANNIA\part-073444_559438-000007.parquet,3,54,,True,True,2026-07-08,BRITANNIA,ok,
scratch_azcopy_selected\raw_l2,2026-07-08,NSE,BRITANNIA,scratch_azcopy_selected\raw_l2\trade_date=2026-07-08\trade_date=2026-07-08\exchange=NSE\symbol=BRITANNIA\part-100140_948824-020485.parquet,1,54,,True,False,2026-07-08,BRITANNIA,ok,
scratch_azcopy_selected\raw_l2,2026-07-08,NSE,CIPLA,scratch_azcopy_selected\raw_l2\trade_date=2026-07-08\trade_date=2026-07-08\exchange=NSE\symbol=CIPLA\part-073444_685953-000008.parquet,8,54,,True,True,2026-07-08,CIPLA,ok,
scratch_azcopy_selected\raw_l2,2026-07-08,NSE,CIPLA,scratch_azcopy_selected\raw_l2\trade_date=2026-07-08\trade_date=2026-07-08\exchange=NSE\symbol=CIPLA\part-100110_070390-020456.parquet,3,54,,True,False,2026-07-08,CIPLA,ok,
scratch_azcopy_selected\raw_l2,2026-07-08,NSE,DRREDDY,scratch_azcopy_selected\raw_l2\trade_date=2026-07-08\trade_date=2026-07-08\exchange=NSE\symbol=DRREDDY\part-073444_858308-000009.parquet,6,54,,True,True,2026-07-08,DRREDDY,ok,
scratch_azcopy_selected\raw_l2,2026-07-08,NSE,DRREDDY,scratch_azcopy_selected\raw_l2\trade_date=2026-07-08\trade_date=2026-07-08\exchange=NSE\symbol=DRREDDY\part-100141_075547-020486.parquet,1,54,,True,False,2026-07-08,DRREDDY,ok,
scratch_azcopy_selected\raw_l2,2026-07-08,NSE,GOLDBEES,scratch_azcopy_selected\raw_l2\trade_date=2026-07-08\trade_date=2026-07-08\exchange=NSE\symbol=GOLDBEES\part-073444_976748-000010.parquet,16,54,,True,True,2026-07-08,GOLDBEES,ok,
scratch_azcopy_selected\raw_l2,2026-07-08,NSE,GOLDBEES,scratch_azcopy_selected\raw_l2\trade_date=2026-07-08\trade_date=2026-07-08\exchange=NSE\symbol=GOLDBEES\part-100141_199842-020487.parquet,1,54,,True,False,2026-07-08,GOLDBEES,ok,
scratch_azcopy_selected\raw_l2,2026-07-08,NSE,HCLTECH,scratch_azcopy_selected\raw_l2\trade_date=2026-07-08\trade_date=2026-07-08\exchange=NSE\symbol=HCLTECH\part-073445_125270-000011.parquet,8,54,,True,True,2026-07-08,HCLTECH,ok,
scratch_azcopy_selected\raw_l2,2026-07-08,NSE,HCLTECH,scratch_azcopy_selected\raw_l2\trade_date=2026-07-08\trade_date=2026-07-08\exchange=NSE\symbol=HCLTECH\part-100141_316106-020488.parquet,1,54,,True,False,2026-07-08,HCLTECH,ok,
scratch_azcopy_selected\raw_l2,2026-07-08,NSE,HDFCBANK,scratch_azcopy_selected\raw_l2\trade_date=2026-07-08\trade_date=2026-07-08\exchange=NSE\symbol=HDFCBANK\part-073445_239174-000012.parquet,16,54,,True,True,2026-07-08,HDFCBANK,ok,
scratch_azcopy_selected\raw_l2,2026-07-08,NSE,HDFCBANK,scratch_azcopy_selected\raw_l2\trade_date=2026-07-08\trade_date=2026-07-08\exchange=NSE\symbol=HDFCBANK\part-100141_430919-020489.parquet,1,54,,True,False,2026-07-08,HDFCBANK,ok,
scratch_azcopy_selected\raw_l2,2026-07-08,NSE,HINDUNILVR,scratch_azcopy_selected\raw_l2\trade_date=2026-07-08\trade_date=2026-07-08\exchange=NSE\symbol=HINDUNILVR\part-073445_351918-000013.parquet,4,54,,True,True,2026-07-08,HINDUNILVR,ok,
scratch_azcopy_selected\raw_l2,2026-07-08,NSE,HINDUNILVR,scratch_azcopy_selected\raw_l2\trade_date=2026-07-08\trade_date=2026-07-08\exchange=NSE\symbol=HINDUNILVR\part-100141_557253-020490.parquet,1,54,,True,False,2026-07-08,HINDUNILVR,ok,
scratch_azcopy_selected\raw_l2,2026-07-08,NSE,ICICIBANK,scratch_azcopy_selected\raw_l2\trade_date=2026-07-08\trade_date=2026-07-08\exchange=NSE\symbol=ICICIBANK\part-073445_486437-000014.parquet,17,54,,True,True,2026-07-08,ICICIBANK,ok,
scratch_azcopy_selected\raw_l2,2026-07-08,NSE,ICICIBANK,scratch_azcopy_selected\raw_l2\trade_date=2026-07-08\trade_date=2026-07-08\exchange=NSE\symbol=ICICIBANK\part-100141_666872-020491.parquet,1,54,,True,False,2026-07-08,ICICIBANK,ok,
scratch_azcopy_selected\raw_l2,2026-07-08,NSE,INFY,scratch_azcopy_selected\raw_l2\trade_date=2026-07-08\trade_date=2026-07-08\exchange=NSE\symbol=INFY\part-073445_602798-000015.parquet,19,54,,True,True,2026-07-08,INFY,ok,
scratch_azcopy_selected\raw_l2,2026-07-08,NSE,INFY,scratch_azcopy_selected\raw_l2\trade_date=2026-07-08\trade_date=2026-07-08\exchange=NSE\symbol=INFY\part-100141_770666-020492.parquet,1,54,,True,False,2026-07-08,INFY,ok,
scratch_azcopy_selected\raw_l2,2026-07-08,NSE,ITBEES,scratch_azcopy_selected\raw_l2\trade_date=2026-07-08\trade_date=2026-07-08\exchange=NSE\symbol=ITBEES\part-073445_718369-000016.parquet,6,54,,True,True,2026-07-08,ITBEES,ok,
scratch_azcopy_selected\raw_l2,2026-07-08,NSE,ITBEES,scratch_azcopy_selected\raw_l2\trade_date=2026-07-08\trade_date=2026-07-08\exchange=NSE\symbol=ITBEES\part-100141_879358-020493.parquet,1,54,,True,False,2026-07-08,ITBEES,ok,
scratch_azcopy_selected\raw_l2,2026-07-08,NSE,ITC,scratch_azcopy_selected\raw_l2\trade_date=2026-07-08\trade_date=2026-07-08\exchange=NSE\symbol=ITC\part-073445_866169-000017.parquet,16,54,,True,True,2026-07-08,ITC,ok,
scratch_azcopy_selected\raw_l2,2026-07-08,NSE,ITC,scratch_azcopy_selected\raw_l2\trade_date=2026-07-08\trade_date=2026-07-08\exchange=NSE\symbol=ITC\part-100142_006553-020494.parquet,1,54,,True,False,2026-07-08,ITC,ok,
scratch_azcopy_selected\raw_l2,2026-07-08,NSE,JUNIORBEES,scratch_azcopy_selected\raw_l2\trade_date=2026-07-08\trade_date=2026-07-08\exchange=NSE\symbol=JUNIORBEES\part-073445_997997-000018.parquet,12,54,,True,True,2026-07-08,JUNIORBEES,ok,
scratch_azcopy_selected\raw_l2,2026-07-08,NSE,JUNIORBEES,scratch_azcopy_selected\raw_l2\trade_date=2026-07-08\trade_date=2026-07-08\exchange=NSE\symbol=JUNIORBEES\part-100142_116738-020495.parquet,1,54,,True,False,2026-07-08,JUNIORBEES,ok,
scratch_azcopy_selected\raw_l2,2026-07-08,NSE,KOTAKBANK,scratch_azcopy_selected\raw_l2\trade_date=2026-07-08\trade_date=2026-07-08\exchange=NSE\symbol=KOTAKBANK\part-073446_107086-000019.parquet,19,54,,True,True,2026-07-08,KOTAKBANK,ok,
scratch_azcopy_selected\raw_l2,2026-07-08,NSE,KOTAKBANK,scratch_azcopy_selected\raw_l2\trade_date=2026-07-08\trade_date=2026-07-08\exchange=NSE\symbol=KOTAKBANK\part-100142_239451-020496.parquet,1,54,,True,False,2026-07-08,KOTAKBANK,ok,
scratch_azcopy_selected\raw_l2,2026-07-08,NSE,LT,scratch_azcopy_selected\raw_l2\trade_date=2026-07-08\trade_date=2026-07-08\exchange=NSE\symbol=LT\part-073446_226721-000020.parquet,17,54,,True,True,2026-07-08,LT,ok,
scratch_azcopy_selected\raw_l2,2026-07-08,NSE,LT,scratch_azcopy_selected\raw_l2\trade_date=2026-07-08\trade_date=2026-07-08\exchange=NSE\symbol=LT\part-100142_357559-020497.parquet,1,54,,True,False,2026-07-08,LT,ok,
scratch_azcopy_selected\raw_l2,2026-07-08,NSE,M&M,scratch_azcopy_selected\raw_l2\trade_date=2026-07-08\trade_date=2026-07-08\exchange=NSE\symbol=M&M\part-073446_344136-000021.parquet,18,54,,True,True,2026-07-08,M&M,ok,
scratch_azcopy_selected\raw_l2,2026-07-08,NSE,M&M,scratch_azcopy_selected\raw_l2\trade_date=2026-07-08\trade_date=2026-07-08\exchange=NSE\symbol=M&M\part-100142_459029-020498.parquet,1,54,,True,False,2026-07-08,M&M,ok,
scratch_azcopy_selected\raw_l2,2026-07-08,NSE,MARUTI,scratch_azcopy_selected\raw_l2\trade_date=2026-07-08\trade_date=2026-07-08\exchange=NSE\symbol=MARUTI\part-073446_469930-000022.parquet,6,54,,True,True,2026-07-08,MARUTI,ok,
scratch_azcopy_selected\raw_l2,2026-07-08,NSE,MARUTI,scratch_azcopy_selected\raw_l2\trade_date=2026-07-08\trade_date=2026-07-08\exchange=NSE\symbol=MARUTI\part-100142_602509-020499.parquet,1,54,,True,False,2026-07-08,MARUTI,ok,
scratch_azcopy_selected\raw_l2,2026-07-08,NSE,NESTLEIND,scratch_azcopy_selected\raw_l2\trade_date=2026-07-08\trade_date=2026-07-08\exchange=NSE\symbol=NESTLEIND\part-073446_613957-000023.parquet,5,54,,True,True,2026-07-08,NESTLEIND,ok,
scratch_azcopy_selected\raw_l2,2026-07-08,NSE,NESTLEIND,scratch_azcopy_selected\raw_l2\trade_date=2026-07-08\trade_date=2026-07-08\exchange=NSE\symbol=NESTLEIND\part-100142_710474-020500.parquet,1,54,,True,False,2026-07-08,NESTLEIND,ok,
scratch_azcopy_selected\raw_l2,2026-07-08,NSE,NIFTYBEES,scratch_azcopy_selected\raw_l2\trade_date=2026-07-08\trade_date=2026-07-08\exchange=NSE\symbol=NIFTYBEES\part-073446_725850-000024.parquet,12,54,,True,True,2026-07-08,NIFTYBEES,ok,
scratch_azcopy_selected\raw_l2,2026-07-08,NSE,NIFTYBEES,scratch_azcopy_selected\raw_l2\trade_date=2026-07-08\trade_date=2026-07-08\exchange=NSE\symbol=NIFTYBEES\part-100142_818192-020501.parquet,1,54,,True,False,2026-07-08,NIFTYBEES,ok,
scratch_azcopy_selected\raw_l2,2026-07-08,NSE,ONGC,scratch_azcopy_selected\raw_l2\trade_date=2026-07-08\trade_date=2026-07-08\exchange=NSE\symbol=ONGC\part-073446_843264-000025.parquet,6,54,,True,True,2026-07-08,ONGC,ok,
scratch_azcopy_selected\raw_l2,2026-07-08,NSE,ONGC,scratch_azcopy_selected\raw_l2\trade_date=2026-07-08\trade_date=2026-07-08\exchange=NSE\symbol=ONGC\part-100142_959084-020502.parquet,1,54,,True,False,2026-07-08,ONGC,ok,
scratch_azcopy_selected\raw_l2,2026-07-08,NSE,RELIANCE,scratch_azcopy_selected\raw_l2\trade_date=2026-07-08\trade_date=2026-07-08\exchange=NSE\symbol=RELIANCE\part-073446_959823-000026.parquet,18,54,,True,True,2026-07-08,RELIANCE,ok,
scratch_azcopy_selected\raw_l2,2026-07-08,NSE,RELIANCE,scratch_azcopy_selected\raw_l2\trade_date=2026-07-08\trade_date=2026-07-08\exchange=NSE\symbol=RELIANCE\part-100112_301811-020474.parquet,3,54,,True,False,2026-07-08,RELIANCE,ok,
scratch_azcopy_selected\raw_l2,2026-07-08,NSE,SBIN,scratch_azcopy_selected\raw_l2\trade_date=2026-07-08\trade_date=2026-07-08\exchange=NSE\symbol=SBIN\part-073447_069045-000027.parquet,16,54,,True,True,2026-07-08,SBIN,ok,
scratch_azcopy_selected\raw_l2,2026-07-08,NSE,SBIN,scratch_azcopy_selected\raw_l2\trade_date=2026-07-08\trade_date=2026-07-08\exchange=NSE\symbol=SBIN\part-100112_430562-020475.parquet,2,54,,True,False,2026-07-08,SBIN,ok,
scratch_azcopy_selected\raw_l2,2026-07-08,NSE,SUNPHARMA,scratch_azcopy_selected\raw_l2\trade_date=2026-07-08\trade_date=2026-07-08\exchange=NSE\symbol=SUNPHARMA\part-073447_183315-000028.parquet,17,54,,True,True,2026-07-08,SUNPHARMA,ok,
scratch_azcopy_selected\raw_l2,2026-07-08,NSE,SUNPHARMA,scratch_azcopy_selected\raw_l2\trade_date=2026-07-08\trade_date=2026-07-08\exchange=NSE\symbol=SUNPHARMA\part-100143_068866-020503.parquet,1,54,,True,False,2026-07-08,SUNPHARMA,ok,
scratch_azcopy_selected\raw_l2,2026-07-08,NSE,TCS,scratch_azcopy_selected\raw_l2\trade_date=2026-07-08\trade_date=2026-07-08\exchange=NSE\symbol=TCS\part-073447_291090-000029.parquet,7,54,,True,True,2026-07-08,TCS,ok,
scratch_azcopy_selected\raw_l2,2026-07-08,NSE,TCS,scratch_azcopy_selected\raw_l2\trade_date=2026-07-08\trade_date=2026-07-08\exchange=NSE\symbol=TCS\part-100143_191036-020504.parquet,1,54,,True,False,2026-07-08,TCS,ok,
scratch_azcopy_selected\raw_l2,2026-07-08,NSE,TECHM,scratch_azcopy_selected\raw_l2\trade_date=2026-07-08\trade_date=2026-07-08\exchange=NSE\symbol=TECHM\part-073447_402618-000030.parquet,4,54,,True,True,2026-07-08,TECHM,ok,
scratch_azcopy_selected\raw_l2,2026-07-08,NSE,TECHM,scratch_azcopy_selected\raw_l2\trade_date=2026-07-08\trade_date=2026-07-08\exchange=NSE\symbol=TECHM\part-100143_301299-020505.parquet,1,54,,True,False,2026-07-08,TECHM,ok,
scratch_azcopy_selected\raw_l2,2026-07-08,NSE,ULTRACEMCO,scratch_azcopy_selected\raw_l2\trade_date=2026-07-08\trade_date=2026-07-08\exchange=NSE\symbol=ULTRACEMCO\part-073447_534086-000031.parquet,6,54,,True,True,2026-07-08,ULTRACEMCO,ok,
scratch_azcopy_selected\raw_l2,2026-07-08,NSE,ULTRACEMCO,scratch_azcopy_selected\raw_l2\trade_date=2026-07-08\trade_date=2026-07-08\exchange=NSE\symbol=ULTRACEMCO\part-100143_410092-020506.parquet,1,54,,True,False,2026-07-08,ULTRACEMCO,ok,
scratch_azcopy_selected\raw_l2,2026-07-08,NSE,WIPRO,scratch_azcopy_selected\raw_l2\trade_date=2026-07-08\trade_date=2026-07-08\exchange=NSE\symbol=WIPRO\part-073447_655264-000032.parquet,7,54,,True,True,2026-07-08,WIPRO,ok,
scratch_azcopy_selected\raw_l2,2026-07-08,NSE,WIPRO,scratch_azcopy_selected\raw_l2\trade_date=2026-07-08\trade_date=2026-07-08\exchange=NSE\symbol=WIPRO\part-100143_527368-020507.parquet,1,54,,True,False,2026-07-08,WIPRO,ok,
scratch_azcopy_selected\raw_l2,2026-07-09,NSE,ADANIPORTS,scratch_azcopy_selected\raw_l2\trade_date=2026-07-09\trade_date=2026-07-09\exchange=NSE\symbol=ADANIPORTS\part-062603_563467-000001.parquet,6,54,,True,False,2026-07-09,ADANIPORTS,ok,
scratch_azcopy_selected\raw_l2,2026-07-09,NSE,ADANIPORTS,scratch_azcopy_selected\raw_l2\trade_date=2026-07-09\trade_date=2026-07-09\exchange=NSE\symbol=ADANIPORTS\part-100144_494501-028555.parquet,1,54,,True,False,2026-07-09,ADANIPORTS,ok,
scratch_azcopy_selected\raw_l2,2026-07-09,NSE,AXISBANK,scratch_azcopy_selected\raw_l2\trade_date=2026-07-09\trade_date=2026-07-09\exchange=NSE\symbol=AXISBANK\part-062603_714610-000002.parquet,19,54,,True,False,2026-07-09,AXISBANK,ok,
scratch_azcopy_selected\raw_l2,2026-07-09,NSE,AXISBANK,scratch_azcopy_selected\raw_l2\trade_date=2026-07-09\trade_date=2026-07-09\exchange=NSE\symbol=AXISBANK\part-100125_997677-028533.parquet,1,54,,True,False,2026-07-09,AXISBANK,ok,
scratch_azcopy_selected\raw_l2,2026-07-09,NSE,BAJAJ-AUTO,scratch_azcopy_selected\raw_l2\trade_date=2026-07-09\trade_date=2026-07-09\exchange=NSE\symbol=BAJAJ-AUTO\part-062603_859366-000003.parquet,11,54,,True,False,2026-07-09,BAJAJ-AUTO,ok,
scratch_azcopy_selected\raw_l2,2026-07-09,NSE,BAJAJ-AUTO,scratch_azcopy_selected\raw_l2\trade_date=2026-07-09\trade_date=2026-07-09\exchange=NSE\symbol=BAJAJ-AUTO\part-100144_647566-028556.parquet,1,54,,True,False,2026-07-09,BAJAJ-AUTO,ok,
scratch_azcopy_selected\raw_l2,2026-07-09,NSE,BANKBEES,scratch_azcopy_selected\raw_l2\trade_date=2026-07-09\trade_date=2026-07-09\exchange=NSE\symbol=BANKBEES\part-062604_015424-000004.parquet,11,54,,True,False,2026-07-09,BANKBEES,ok,
scratch_azcopy_selected\raw_l2,2026-07-09,NSE,BANKBEES,scratch_azcopy_selected\raw_l2\trade_date=2026-07-09\trade_date=2026-07-09\exchange=NSE\symbol=BANKBEES\part-100144_772018-028557.parquet,1,54,,True,False,2026-07-09,BANKBEES,ok,
scratch_azcopy_selected\raw_l2,2026-07-09,NSE,BHARTIARTL,scratch_azcopy_selected\raw_l2\trade_date=2026-07-09\trade_date=2026-07-09\exchange=NSE\symbol=BHARTIARTL\part-062604_161207-000005.parquet,19,54,,True,False,2026-07-09,BHARTIARTL,ok,
scratch_azcopy_selected\raw_l2,2026-07-09,NSE,BHARTIARTL,scratch_azcopy_selected\raw_l2\trade_date=2026-07-09\trade_date=2026-07-09\exchange=NSE\symbol=BHARTIARTL\part-100126_122846-028534.parquet,1,54,,True,False,2026-07-09,BHARTIARTL,ok,
scratch_azcopy_selected\raw_l2,2026-07-09,NSE,BPCL,scratch_azcopy_selected\raw_l2\trade_date=2026-07-09\trade_date=2026-07-09\exchange=NSE\symbol=BPCL\part-062604_289867-000006.parquet,5,54,,True,False,2026-07-09,BPCL,ok,
scratch_azcopy_selected\raw_l2,2026-07-09,NSE,BPCL,scratch_azcopy_selected\raw_l2\trade_date=2026-07-09\trade_date=2026-07-09\exchange=NSE\symbol=BPCL\part-100144_934637-028558.parquet,1,54,,True,False,2026-07-09,BPCL,ok,
scratch_azcopy_selected\raw_l2,2026-07-09,NSE,BRITANNIA,scratch_azcopy_selected\raw_l2\trade_date=2026-07-09\trade_date=2026-07-09\exchange=NSE\symbol=BRITANNIA\part-062604_429679-000007.parquet,4,54,,True,False,2026-07-09,BRITANNIA,ok,
scratch_azcopy_selected\raw_l2,2026-07-09,NSE,BRITANNIA,scratch_azcopy_selected\raw_l2\trade_date=2026-07-09\trade_date=2026-07-09\exchange=NSE\symbol=BRITANNIA\part-100459_570740-028560.parquet,1,54,,True,False,2026-07-09,BRITANNIA,ok,
scratch_azcopy_selected\raw_l2,2026-07-09,NSE,CIPLA,scratch_azcopy_selected\raw_l2\trade_date=2026-07-09\trade_date=2026-07-09\exchange=NSE\symbol=CIPLA\part-062604_571900-000008.parquet,7,54,,True,False,2026-07-09,CIPLA,ok,
scratch_azcopy_selected\raw_l2,2026-07-09,NSE,CIPLA,scratch_azcopy_selected\raw_l2\trade_date=2026-07-09\trade_date=2026-07-09\exchange=NSE\symbol=CIPLA\part-100145_058507-028559.parquet,1,54,,True,False,2026-07-09,CIPLA,ok,
scratch_azcopy_selected\raw_l2,2026-07-09,NSE,DRREDDY,scratch_azcopy_selected\raw_l2\trade_date=2026-07-09\trade_date=2026-07-09\exchange=NSE\symbol=DRREDDY\part-062604_717234-000009.parquet,16,54,,True,False,2026-07-09,DRREDDY,ok,
scratch_azcopy_selected\raw_l2,2026-07-09,NSE,DRREDDY,scratch_azcopy_selected\raw_l2\trade_date=2026-07-09\trade_date=2026-07-09\exchange=NSE\symbol=DRREDDY\part-100112_873910-028526.parquet,1,54,,True,False,2026-07-09,DRREDDY,ok,
scratch_azcopy_selected\raw_l2,2026-07-09,NSE,GOLDBEES,scratch_azcopy_selected\raw_l2\trade_date=2026-07-09\trade_date=2026-07-09\exchange=NSE\symbol=GOLDBEES\part-062604_855433-000010.parquet,12,54,,True,False,2026-07-09,GOLDBEES,ok,
scratch_azcopy_selected\raw_l2,2026-07-09,NSE,GOLDBEES,scratch_azcopy_selected\raw_l2\trade_date=2026-07-09\trade_date=2026-07-09\exchange=NSE\symbol=GOLDBEES\part-100126_253050-028535.parquet,1,54,,True,False,2026-07-09,GOLDBEES,ok,
scratch_azcopy_selected\raw_l2,2026-07-09,NSE,HCLTECH,scratch_azcopy_selected\raw_l2\trade_date=2026-07-09\trade_date=2026-07-09\exchange=NSE\symbol=HCLTECH\part-062604_988832-000011.parquet,6,54,,True,False,2026-07-09,HCLTECH,ok,
scratch_azcopy_selected\raw_l2,2026-07-09,NSE,HCLTECH,scratch_azcopy_selected\raw_l2\trade_date=2026-07-09\trade_date=2026-07-09\exchange=NSE\symbol=HCLTECH\part-100126_375203-028536.parquet,1,54,,True,False,2026-07-09,HCLTECH,ok,
scratch_azcopy_selected\raw_l2,2026-07-09,NSE,HDFCBANK,scratch_azcopy_selected\raw_l2\trade_date=2026-07-09\trade_date=2026-07-09\exchange=NSE\symbol=HDFCBANK\part-062605_125051-000012.parquet,19,54,,True,False,2026-07-09,HDFCBANK,ok,
scratch_azcopy_selected\raw_l2,2026-07-09,NSE,HDFCBANK,scratch_azcopy_selected\raw_l2\trade_date=2026-07-09\trade_date=2026-07-09\exchange=NSE\symbol=HDFCBANK\part-100112_998234-028527.parquet,1,54,,True,False,2026-07-09,HDFCBANK,ok,
scratch_azcopy_selected\raw_l2,2026-07-09,NSE,HINDUNILVR,scratch_azcopy_selected\raw_l2\trade_date=2026-07-09\trade_date=2026-07-09\exchange=NSE\symbol=HINDUNILVR\part-062605_266987-000013.parquet,7,54,,True,False,2026-07-09,HINDUNILVR,ok,
scratch_azcopy_selected\raw_l2,2026-07-09,NSE,HINDUNILVR,scratch_azcopy_selected\raw_l2\trade_date=2026-07-09\trade_date=2026-07-09\exchange=NSE\symbol=HINDUNILVR\part-100113_138124-028528.parquet,1,54,,True,False,2026-07-09,HINDUNILVR,ok,
scratch_azcopy_selected\raw_l2,2026-07-09,NSE,ICICIBANK,scratch_azcopy_selected\raw_l2\trade_date=2026-07-09\trade_date=2026-07-09\exchange=NSE\symbol=ICICIBANK\part-062605_407053-000014.parquet,11,54,,True,False,2026-07-09,ICICIBANK,ok,
scratch_azcopy_selected\raw_l2,2026-07-09,NSE,ICICIBANK,scratch_azcopy_selected\raw_l2\trade_date=2026-07-09\trade_date=2026-07-09\exchange=NSE\symbol=ICICIBANK\part-100126_496570-028537.parquet,1,54,,True,False,2026-07-09,ICICIBANK,ok,
scratch_azcopy_selected\raw_l2,2026-07-09,NSE,INFY,scratch_azcopy_selected\raw_l2\trade_date=2026-07-09\trade_date=2026-07-09\exchange=NSE\symbol=INFY\part-062605_543700-000015.parquet,11,54,,True,False,2026-07-09,INFY,ok,
scratch_azcopy_selected\raw_l2,2026-07-09,NSE,INFY,scratch_azcopy_selected\raw_l2\trade_date=2026-07-09\trade_date=2026-07-09\exchange=NSE\symbol=INFY\part-100113_270322-028529.parquet,1,54,,True,False,2026-07-09,INFY,ok,
scratch_azcopy_selected\raw_l2,2026-07-09,NSE,ITBEES,scratch_azcopy_selected\raw_l2\trade_date=2026-07-09\trade_date=2026-07-09\exchange=NSE\symbol=ITBEES\part-062605_682267-000016.parquet,6,54,,True,False,2026-07-09,ITBEES,ok,
scratch_azcopy_selected\raw_l2,2026-07-09,NSE,ITBEES,scratch_azcopy_selected\raw_l2\trade_date=2026-07-09\trade_date=2026-07-09\exchange=NSE\symbol=ITBEES\part-100126_622573-028538.parquet,1,54,,True,False,2026-07-09,ITBEES,ok,
scratch_azcopy_selected\raw_l2,2026-07-09,NSE,ITC,scratch_azcopy_selected\raw_l2\trade_date=2026-07-09\trade_date=2026-07-09\exchange=NSE\symbol=ITC\part-062605_817390-000017.parquet,6,54,,True,False,2026-07-09,ITC,ok,
scratch_azcopy_selected\raw_l2,2026-07-09,NSE,ITC,scratch_azcopy_selected\raw_l2\trade_date=2026-07-09\trade_date=2026-07-09\exchange=NSE\symbol=ITC\part-100126_745885-028539.parquet,1,54,,True,False,2026-07-09,ITC,ok,
scratch_azcopy_selected\raw_l2,2026-07-09,NSE,JUNIORBEES,scratch_azcopy_selected\raw_l2\trade_date=2026-07-09\trade_date=2026-07-09\exchange=NSE\symbol=JUNIORBEES\part-062605_956663-000018.parquet,10,54,,True,False,2026-07-09,JUNIORBEES,ok,
scratch_azcopy_selected\raw_l2,2026-07-09,NSE,JUNIORBEES,scratch_azcopy_selected\raw_l2\trade_date=2026-07-09\trade_date=2026-07-09\exchange=NSE\symbol=JUNIORBEES\part-100126_870322-028540.parquet,1,54,,True,False,2026-07-09,JUNIORBEES,ok,
scratch_azcopy_selected\raw_l2,2026-07-09,NSE,KOTAKBANK,scratch_azcopy_selected\raw_l2\trade_date=2026-07-09\trade_date=2026-07-09\exchange=NSE\symbol=KOTAKBANK\part-062606_134313-000019.parquet,19,54,,True,False,2026-07-09,KOTAKBANK,ok,
scratch_azcopy_selected\raw_l2,2026-07-09,NSE,KOTAKBANK,scratch_azcopy_selected\raw_l2\trade_date=2026-07-09\trade_date=2026-07-09\exchange=NSE\symbol=KOTAKBANK\part-100126_991948-028541.parquet,1,54,,True,False,2026-07-09,KOTAKBANK,ok,
scratch_azcopy_selected\raw_l2,2026-07-09,NSE,LT,scratch_azcopy_selected\raw_l2\trade_date=2026-07-09\trade_date=2026-07-09\exchange=NSE\symbol=LT\part-062606_274994-000020.parquet,5,54,,True,False,2026-07-09,LT,ok,
scratch_azcopy_selected\raw_l2,2026-07-09,NSE,LT,scratch_azcopy_selected\raw_l2\trade_date=2026-07-09\trade_date=2026-07-09\exchange=NSE\symbol=LT\part-100127_126341-028542.parquet,1,54,,True,False,2026-07-09,LT,ok,
scratch_azcopy_selected\raw_l2,2026-07-09,NSE,M&M,scratch_azcopy_selected\raw_l2\trade_date=2026-07-09\trade_date=2026-07-09\exchange=NSE\symbol=M&M\part-062606_408397-000021.parquet,17,54,,True,False,2026-07-09,M&M,ok,
scratch_azcopy_selected\raw_l2,2026-07-09,NSE,M&M,scratch_azcopy_selected\raw_l2\trade_date=2026-07-09\trade_date=2026-07-09\exchange=NSE\symbol=M&M\part-100127_275178-028543.parquet,1,54,,True,False,2026-07-09,M&M,ok,
scratch_azcopy_selected\raw_l2,2026-07-09,NSE,MARUTI,scratch_azcopy_selected\raw_l2\trade_date=2026-07-09\trade_date=2026-07-09\exchange=NSE\symbol=MARUTI\part-062606_541546-000022.parquet,19,54,,True,False,2026-07-09,MARUTI,ok,
scratch_azcopy_selected\raw_l2,2026-07-09,NSE,MARUTI,scratch_azcopy_selected\raw_l2\trade_date=2026-07-09\trade_date=2026-07-09\exchange=NSE\symbol=MARUTI\part-100127_396080-028544.parquet,1,54,,True,False,2026-07-09,MARUTI,ok,
scratch_azcopy_selected\raw_l2,2026-07-09,NSE,NESTLEIND,scratch_azcopy_selected\raw_l2\trade_date=2026-07-09\trade_date=2026-07-09\exchange=NSE\symbol=NESTLEIND\part-062606_708199-000023.parquet,6,54,,True,False,2026-07-09,NESTLEIND,ok,
scratch_azcopy_selected\raw_l2,2026-07-09,NSE,NESTLEIND,scratch_azcopy_selected\raw_l2\trade_date=2026-07-09\trade_date=2026-07-09\exchange=NSE\symbol=NESTLEIND\part-100127_534944-028545.parquet,1,54,,True,False,2026-07-09,NESTLEIND,ok,
scratch_azcopy_selected\raw_l2,2026-07-09,NSE,NIFTYBEES,scratch_azcopy_selected\raw_l2\trade_date=2026-07-09\trade_date=2026-07-09\exchange=NSE\symbol=NIFTYBEES\part-062606_871561-000024.parquet,12,54,,True,False,2026-07-09,NIFTYBEES,ok,
scratch_azcopy_selected\raw_l2,2026-07-09,NSE,NIFTYBEES,scratch_azcopy_selected\raw_l2\trade_date=2026-07-09\trade_date=2026-07-09\exchange=NSE\symbol=NIFTYBEES\part-100127_659215-028546.parquet,1,54,,True,False,2026-07-09,NIFTYBEES,ok,
scratch_azcopy_selected\raw_l2,2026-07-09,NSE,ONGC,scratch_azcopy_selected\raw_l2\trade_date=2026-07-09\trade_date=2026-07-09\exchange=NSE\symbol=ONGC\part-062607_032914-000025.parquet,6,54,,True,False,2026-07-09,ONGC,ok,
scratch_azcopy_selected\raw_l2,2026-07-09,NSE,ONGC,scratch_azcopy_selected\raw_l2\trade_date=2026-07-09\trade_date=2026-07-09\exchange=NSE\symbol=ONGC\part-100127_783397-028547.parquet,1,54,,True,False,2026-07-09,ONGC,ok,
scratch_azcopy_selected\raw_l2,2026-07-09,NSE,RELIANCE,scratch_azcopy_selected\raw_l2\trade_date=2026-07-09\trade_date=2026-07-09\exchange=NSE\symbol=RELIANCE\part-062607_166803-000026.parquet,19,54,,True,False,2026-07-09,RELIANCE,ok,
scratch_azcopy_selected\raw_l2,2026-07-09,NSE,RELIANCE,scratch_azcopy_selected\raw_l2\trade_date=2026-07-09\trade_date=2026-07-09\exchange=NSE\symbol=RELIANCE\part-100127_926700-028548.parquet,1,54,,True,False,2026-07-09,RELIANCE,ok,
scratch_azcopy_selected\raw_l2,2026-07-09,NSE,SBIN,scratch_azcopy_selected\raw_l2\trade_date=2026-07-09\trade_date=2026-07-09\exchange=NSE\symbol=SBIN\part-062607_297281-000027.parquet,7,54,,True,False,2026-07-09,SBIN,ok,
scratch_azcopy_selected\raw_l2,2026-07-09,NSE,SBIN,scratch_azcopy_selected\raw_l2\trade_date=2026-07-09\trade_date=2026-07-09\exchange=NSE\symbol=SBIN\part-100128_058790-028549.parquet,1,54,,True,False,2026-07-09,SBIN,ok,
scratch_azcopy_selected\raw_l2,2026-07-09,NSE,SUNPHARMA,scratch_azcopy_selected\raw_l2\trade_date=2026-07-09\trade_date=2026-07-09\exchange=NSE\symbol=SUNPHARMA\part-062607_430516-000028.parquet,19,54,,True,False,2026-07-09,SUNPHARMA,ok,
scratch_azcopy_selected\raw_l2,2026-07-09,NSE,SUNPHARMA,scratch_azcopy_selected\raw_l2\trade_date=2026-07-09\trade_date=2026-07-09\exchange=NSE\symbol=SUNPHARMA\part-100128_181143-028550.parquet,1,54,,True,False,2026-07-09,SUNPHARMA,ok,
scratch_azcopy_selected\raw_l2,2026-07-09,NSE,TCS,scratch_azcopy_selected\raw_l2\trade_date=2026-07-09\trade_date=2026-07-09\exchange=NSE\symbol=TCS\part-062607_576207-000029.parquet,19,54,,True,False,2026-07-09,TCS,ok,
scratch_azcopy_selected\raw_l2,2026-07-09,NSE,TCS,scratch_azcopy_selected\raw_l2\trade_date=2026-07-09\trade_date=2026-07-09\exchange=NSE\symbol=TCS\part-100128_305657-028551.parquet,1,54,,True,False,2026-07-09,TCS,ok,
scratch_azcopy_selected\raw_l2,2026-07-09,NSE,TECHM,scratch_azcopy_selected\raw_l2\trade_date=2026-07-09\trade_date=2026-07-09\exchange=NSE\symbol=TECHM\part-062607_717273-000030.parquet,6,54,,True,False,2026-07-09,TECHM,ok,
scratch_azcopy_selected\raw_l2,2026-07-09,NSE,TECHM,scratch_azcopy_selected\raw_l2\trade_date=2026-07-09\trade_date=2026-07-09\exchange=NSE\symbol=TECHM\part-100128_428176-028552.parquet,1,54,,True,False,2026-07-09,TECHM,ok,
scratch_azcopy_selected\raw_l2,2026-07-09,NSE,ULTRACEMCO,scratch_azcopy_selected\raw_l2\trade_date=2026-07-09\trade_date=2026-07-09\exchange=NSE\symbol=ULTRACEMCO\part-062607_847509-000031.parquet,6,54,,True,False,2026-07-09,ULTRACEMCO,ok,
scratch_azcopy_selected\raw_l2,2026-07-09,NSE,ULTRACEMCO,scratch_azcopy_selected\raw_l2\trade_date=2026-07-09\trade_date=2026-07-09\exchange=NSE\symbol=ULTRACEMCO\part-100128_554751-028553.parquet,1,54,,True,False,2026-07-09,ULTRACEMCO,ok,
scratch_azcopy_selected\raw_l2,2026-07-09,NSE,WIPRO,scratch_azcopy_selected\raw_l2\trade_date=2026-07-09\trade_date=2026-07-09\exchange=NSE\symbol=WIPRO\part-062607_986353-000032.parquet,7,54,,True,False,2026-07-09,WIPRO,ok,
scratch_azcopy_selected\raw_l2,2026-07-09,NSE,WIPRO,scratch_azcopy_selected\raw_l2\trade_date=2026-07-09\trade_date=2026-07-09\exchange=NSE\symbol=WIPRO\part-100128_686429-028554.parquet,1,54,,True,False,2026-07-09,WIPRO,ok,
scratch_azcopy_selected\raw_l2,2026-07-10,NSE,ADANIPORTS,scratch_azcopy_selected\raw_l2\trade_date=2026-07-10\exchange=NSE\symbol=ADANIPORTS\part-034501_427736-000006.parquet,1,54,,True,True,2026-07-10,ADANIPORTS,ok,
scratch_azcopy_selected\raw_l2,2026-07-10,NSE,ADANIPORTS,scratch_azcopy_selected\raw_l2\trade_date=2026-07-10\exchange=NSE\symbol=ADANIPORTS\part-100459_922852-050494.parquet,1,54,,True,False,2026-07-10,ADANIPORTS,ok,
scratch_azcopy_selected\raw_l2,2026-07-10,NSE,AXISBANK,scratch_azcopy_selected\raw_l2\trade_date=2026-07-10\exchange=NSE\symbol=AXISBANK\part-034501_554219-000007.parquet,1,54,,True,True,2026-07-10,AXISBANK,ok,
scratch_azcopy_selected\raw_l2,2026-07-10,NSE,AXISBANK,scratch_azcopy_selected\raw_l2\trade_date=2026-07-10\exchange=NSE\symbol=AXISBANK\part-100500_057541-050495.parquet,1,54,,True,False,2026-07-10,AXISBANK,ok,
scratch_azcopy_selected\raw_l2,2026-07-10,NSE,BAJAJ-AUTO,scratch_azcopy_selected\raw_l2\trade_date=2026-07-10\exchange=NSE\symbol=BAJAJ-AUTO\part-034501_687922-000008.parquet,1,54,,True,True,2026-07-10,BAJAJ-AUTO,ok,
scratch_azcopy_selected\raw_l2,2026-07-10,NSE,BAJAJ-AUTO,scratch_azcopy_selected\raw_l2\trade_date=2026-07-10\exchange=NSE\symbol=BAJAJ-AUTO\part-100500_189033-050496.parquet,1,54,,True,False,2026-07-10,BAJAJ-AUTO,ok,
scratch_azcopy_selected\raw_l2,2026-07-10,NSE,BANKBEES,scratch_azcopy_selected\raw_l2\trade_date=2026-07-10\exchange=NSE\symbol=BANKBEES\part-034515_256625-000036.parquet,2,54,,True,False,2026-07-10,BANKBEES,ok,
scratch_azcopy_selected\raw_l2,2026-07-10,NSE,BANKBEES,scratch_azcopy_selected\raw_l2\trade_date=2026-07-10\exchange=NSE\symbol=BANKBEES\part-100500_312515-050497.parquet,1,54,,True,False,2026-07-10,BANKBEES,ok,
scratch_azcopy_selected\raw_l2,2026-07-10,NSE,BHARTIARTL,scratch_azcopy_selected\raw_l2\trade_date=2026-07-10\exchange=NSE\symbol=BHARTIARTL\part-034501_813567-000009.parquet,1,54,,True,True,2026-07-10,BHARTIARTL,ok,
scratch_azcopy_selected\raw_l2,2026-07-10,NSE,BHARTIARTL,scratch_azcopy_selected\raw_l2\trade_date=2026-07-10\exchange=NSE\symbol=BHARTIARTL\part-100500_440202-050498.parquet,1,54,,True,False,2026-07-10,BHARTIARTL,ok,
scratch_azcopy_selected\raw_l2,2026-07-10,NSE,BPCL,scratch_azcopy_selected\raw_l2\trade_date=2026-07-10\exchange=NSE\symbol=BPCL\part-034501_935674-000010.parquet,1,54,,True,True,2026-07-10,BPCL,ok,
scratch_azcopy_selected\raw_l2,2026-07-10,NSE,BPCL,scratch_azcopy_selected\raw_l2\trade_date=2026-07-10\exchange=NSE\symbol=BPCL\part-100500_560374-050499.parquet,1,54,,True,False,2026-07-10,BPCL,ok,
scratch_azcopy_selected\raw_l2,2026-07-10,NSE,BRITANNIA,scratch_azcopy_selected\raw_l2\trade_date=2026-07-10\exchange=NSE\symbol=BRITANNIA\part-034502_065410-000011.parquet,1,54,,True,True,2026-07-10,BRITANNIA,ok,
scratch_azcopy_selected\raw_l2,2026-07-10,NSE,BRITANNIA,scratch_azcopy_selected\raw_l2\trade_date=2026-07-10\exchange=NSE\symbol=BRITANNIA\part-100500_706610-050500.parquet,1,54,,True,False,2026-07-10,BRITANNIA,ok,
scratch_azcopy_selected\raw_l2,2026-07-10,NSE,CIPLA,scratch_azcopy_selected\raw_l2\trade_date=2026-07-10\exchange=NSE\symbol=CIPLA\part-034502_196217-000012.parquet,1,54,,True,True,2026-07-10,CIPLA,ok,
scratch_azcopy_selected\raw_l2,2026-07-10,NSE,CIPLA,scratch_azcopy_selected\raw_l2\trade_date=2026-07-10\exchange=NSE\symbol=CIPLA\part-100500_845851-050501.parquet,1,54,,True,False,2026-07-10,CIPLA,ok,
scratch_azcopy_selected\raw_l2,2026-07-10,NSE,DRREDDY,scratch_azcopy_selected\raw_l2\trade_date=2026-07-10\exchange=NSE\symbol=DRREDDY\part-034502_333833-000013.parquet,1,54,,True,True,2026-07-10,DRREDDY,ok,
scratch_azcopy_selected\raw_l2,2026-07-10,NSE,DRREDDY,scratch_azcopy_selected\raw_l2\trade_date=2026-07-10\exchange=NSE\symbol=DRREDDY\part-100116_245030-050470.parquet,3,54,,True,False,2026-07-10,DRREDDY,ok,
scratch_azcopy_selected\raw_l2,2026-07-10,NSE,GOLDBEES,scratch_azcopy_selected\raw_l2\trade_date=2026-07-10\exchange=NSE\symbol=GOLDBEES\part-034515_924773-000042.parquet,2,54,,True,False,2026-07-10,GOLDBEES,ok,
scratch_azcopy_selected\raw_l2,2026-07-10,NSE,GOLDBEES,scratch_azcopy_selected\raw_l2\trade_date=2026-07-10\exchange=NSE\symbol=GOLDBEES\part-100500_982747-050502.parquet,1,54,,True,False,2026-07-10,GOLDBEES,ok,
scratch_azcopy_selected\raw_l2,2026-07-10,NSE,HCLTECH,scratch_azcopy_selected\raw_l2\trade_date=2026-07-10\exchange=NSE\symbol=HCLTECH\part-034502_462491-000014.parquet,1,54,,True,True,2026-07-10,HCLTECH,ok,
scratch_azcopy_selected\raw_l2,2026-07-10,NSE,HCLTECH,scratch_azcopy_selected\raw_l2\trade_date=2026-07-10\exchange=NSE\symbol=HCLTECH\part-100116_495078-050472.parquet,3,54,,True,False,2026-07-10,HCLTECH,ok,
scratch_azcopy_selected\raw_l2,2026-07-10,NSE,HDFCBANK,scratch_azcopy_selected\raw_l2\trade_date=2026-07-10\exchange=NSE\symbol=HDFCBANK\part-034502_590319-000015.parquet,1,54,,True,True,2026-07-10,HDFCBANK,ok,
scratch_azcopy_selected\raw_l2,2026-07-10,NSE,HDFCBANK,scratch_azcopy_selected\raw_l2\trade_date=2026-07-10\exchange=NSE\symbol=HDFCBANK\part-100116_612297-050473.parquet,8,54,,True,False,2026-07-10,HDFCBANK,ok,
scratch_azcopy_selected\raw_l2,2026-07-10,NSE,HINDUNILVR,scratch_azcopy_selected\raw_l2\trade_date=2026-07-10\exchange=NSE\symbol=HINDUNILVR\part-034502_714378-000016.parquet,1,54,,True,True,2026-07-10,HINDUNILVR,ok,
scratch_azcopy_selected\raw_l2,2026-07-10,NSE,HINDUNILVR,scratch_azcopy_selected\raw_l2\trade_date=2026-07-10\exchange=NSE\symbol=HINDUNILVR\part-100501_119585-050503.parquet,1,54,,True,False,2026-07-10,HINDUNILVR,ok,
scratch_azcopy_selected\raw_l2,2026-07-10,NSE,ICICIBANK,scratch_azcopy_selected\raw_l2\trade_date=2026-07-10\exchange=NSE\symbol=ICICIBANK\part-034502_837031-000017.parquet,1,54,,True,True,2026-07-10,ICICIBANK,ok,
scratch_azcopy_selected\raw_l2,2026-07-10,NSE,ICICIBANK,scratch_azcopy_selected\raw_l2\trade_date=2026-07-10\exchange=NSE\symbol=ICICIBANK\part-100116_866685-050475.parquet,4,54,,True,False,2026-07-10,ICICIBANK,ok,
scratch_azcopy_selected\raw_l2,2026-07-10,NSE,INFY,scratch_azcopy_selected\raw_l2\trade_date=2026-07-10\exchange=NSE\symbol=INFY\part-034502_957663-000018.parquet,1,54,,True,True,2026-07-10,INFY,ok,
scratch_azcopy_selected\raw_l2,2026-07-10,NSE,INFY,scratch_azcopy_selected\raw_l2\trade_date=2026-07-10\exchange=NSE\symbol=INFY\part-100116_988612-050476.parquet,6,54,,True,True,2026-07-10,INFY,ok,
scratch_azcopy_selected\raw_l2,2026-07-10,NSE,ITBEES,scratch_azcopy_selected\raw_l2\trade_date=2026-07-10\exchange=NSE\symbol=ITBEES\part-034516_587518-000048.parquet,2,54,,True,False,2026-07-10,ITBEES,ok,
scratch_azcopy_selected\raw_l2,2026-07-10,NSE,ITBEES,scratch_azcopy_selected\raw_l2\trade_date=2026-07-10\exchange=NSE\symbol=ITBEES\part-100501_269037-050504.parquet,1,54,,True,False,2026-07-10,ITBEES,ok,
scratch_azcopy_selected\raw_l2,2026-07-10,NSE,ITC,scratch_azcopy_selected\raw_l2\trade_date=2026-07-10\exchange=NSE\symbol=ITC\part-034503_084233-000019.parquet,1,54,,True,True,2026-07-10,ITC,ok,
scratch_azcopy_selected\raw_l2,2026-07-10,NSE,ITC,scratch_azcopy_selected\raw_l2\trade_date=2026-07-10\exchange=NSE\symbol=ITC\part-100117_301894-050478.parquet,7,54,,True,False,2026-07-10,ITC,ok,
scratch_azcopy_selected\raw_l2,2026-07-10,NSE,JUNIORBEES,scratch_azcopy_selected\raw_l2\trade_date=2026-07-10\exchange=NSE\symbol=JUNIORBEES\part-034516_831123-000050.parquet,2,54,,True,False,2026-07-10,JUNIORBEES,ok,
scratch_azcopy_selected\raw_l2,2026-07-10,NSE,JUNIORBEES,scratch_azcopy_selected\raw_l2\trade_date=2026-07-10\exchange=NSE\symbol=JUNIORBEES\part-100117_423795-050479.parquet,3,54,,True,True,2026-07-10,JUNIORBEES,ok,
scratch_azcopy_selected\raw_l2,2026-07-10,NSE,KOTAKBANK,scratch_azcopy_selected\raw_l2\trade_date=2026-07-10\exchange=NSE\symbol=KOTAKBANK\part-034503_210949-000020.parquet,2,54,,True,True,2026-07-10,KOTAKBANK,ok,
scratch_azcopy_selected\raw_l2,2026-07-10,NSE,KOTAKBANK,scratch_azcopy_selected\raw_l2\trade_date=2026-07-10\exchange=NSE\symbol=KOTAKBANK\part-100501_421627-050505.parquet,1,54,,True,False,2026-07-10,KOTAKBANK,ok,
scratch_azcopy_selected\raw_l2,2026-07-10,NSE,LT,scratch_azcopy_selected\raw_l2\trade_date=2026-07-10\exchange=NSE\symbol=LT\part-034503_332609-000021.parquet,1,54,,True,True,2026-07-10,LT,ok,
scratch_azcopy_selected\raw_l2,2026-07-10,NSE,LT,scratch_azcopy_selected\raw_l2\trade_date=2026-07-10\exchange=NSE\symbol=LT\part-100501_551617-050506.parquet,1,54,,True,False,2026-07-10,LT,ok,
scratch_azcopy_selected\raw_l2,2026-07-10,NSE,M&M,scratch_azcopy_selected\raw_l2\trade_date=2026-07-10\exchange=NSE\symbol=M&M\part-034503_456777-000022.parquet,1,54,,True,True,2026-07-10,M&M,ok,
scratch_azcopy_selected\raw_l2,2026-07-10,NSE,M&M,scratch_azcopy_selected\raw_l2\trade_date=2026-07-10\exchange=NSE\symbol=M&M\part-100501_679090-050507.parquet,1,54,,True,False,2026-07-10,M&M,ok,
scratch_azcopy_selected\raw_l2,2026-07-10,NSE,MARUTI,scratch_azcopy_selected\raw_l2\trade_date=2026-07-10\exchange=NSE\symbol=MARUTI\part-034503_581048-000023.parquet,1,54,,True,True,2026-07-10,MARUTI,ok,
scratch_azcopy_selected\raw_l2,2026-07-10,NSE,MARUTI,scratch_azcopy_selected\raw_l2\trade_date=2026-07-10\exchange=NSE\symbol=MARUTI\part-100117_914479-050483.parquet,5,54,,True,False,2026-07-10,MARUTI,ok,
scratch_azcopy_selected\raw_l2,2026-07-10,NSE,NESTLEIND,scratch_azcopy_selected\raw_l2\trade_date=2026-07-10\exchange=NSE\symbol=NESTLEIND\part-034503_704039-000024.parquet,1,54,,True,True,2026-07-10,NESTLEIND,ok,
scratch_azcopy_selected\raw_l2,2026-07-10,NSE,NESTLEIND,scratch_azcopy_selected\raw_l2\trade_date=2026-07-10\exchange=NSE\symbol=NESTLEIND\part-100501_808605-050508.parquet,1,54,,True,False,2026-07-10,NESTLEIND,ok,
scratch_azcopy_selected\raw_l2,2026-07-10,NSE,NIFTYBEES,scratch_azcopy_selected\raw_l2\trade_date=2026-07-10\exchange=NSE\symbol=NIFTYBEES\part-034517_509328-000056.parquet,2,54,,True,False,2026-07-10,NIFTYBEES,ok,
scratch_azcopy_selected\raw_l2,2026-07-10,NSE,NIFTYBEES,scratch_azcopy_selected\raw_l2\trade_date=2026-07-10\exchange=NSE\symbol=NIFTYBEES\part-100501_949071-050509.parquet,1,54,,True,False,2026-07-10,NIFTYBEES,ok,
scratch_azcopy_selected\raw_l2,2026-07-10,NSE,ONGC,scratch_azcopy_selected\raw_l2\trade_date=2026-07-10\exchange=NSE\symbol=ONGC\part-034503_830760-000025.parquet,1,54,,True,True,2026-07-10,ONGC,ok,
scratch_azcopy_selected\raw_l2,2026-07-10,NSE,ONGC,scratch_azcopy_selected\raw_l2\trade_date=2026-07-10\exchange=NSE\symbol=ONGC\part-100502_083531-050510.parquet,1,54,,True,False,2026-07-10,ONGC,ok,
scratch_azcopy_selected\raw_l2,2026-07-10,NSE,RELIANCE,scratch_azcopy_selected\raw_l2\trade_date=2026-07-10\exchange=NSE\symbol=RELIANCE\part-034503_950112-000026.parquet,1,54,,True,True,2026-07-10,RELIANCE,ok,
scratch_azcopy_selected\raw_l2,2026-07-10,NSE,RELIANCE,scratch_azcopy_selected\raw_l2\trade_date=2026-07-10\exchange=NSE\symbol=RELIANCE\part-100118_427973-050487.parquet,3,54,,True,True,2026-07-10,RELIANCE,ok,
scratch_azcopy_selected\raw_l2,2026-07-10,NSE,SBIN,scratch_azcopy_selected\raw_l2\trade_date=2026-07-10\exchange=NSE\symbol=SBIN\part-034504_082031-000027.parquet,2,54,,True,True,2026-07-10,SBIN,ok,
scratch_azcopy_selected\raw_l2,2026-07-10,NSE,SBIN,scratch_azcopy_selected\raw_l2\trade_date=2026-07-10\exchange=NSE\symbol=SBIN\part-100118_549569-050488.parquet,7,54,,True,False,2026-07-10,SBIN,ok,
scratch_azcopy_selected\raw_l2,2026-07-10,NSE,SUNPHARMA,scratch_azcopy_selected\raw_l2\trade_date=2026-07-10\exchange=NSE\symbol=SUNPHARMA\part-034504_206778-000028.parquet,1,54,,True,True,2026-07-10,SUNPHARMA,ok,
scratch_azcopy_selected\raw_l2,2026-07-10,NSE,SUNPHARMA,scratch_azcopy_selected\raw_l2\trade_date=2026-07-10\exchange=NSE\symbol=SUNPHARMA\part-100502_213121-050511.parquet,1,54,,True,False,2026-07-10,SUNPHARMA,ok,
scratch_azcopy_selected\raw_l2,2026-07-10,NSE,TCS,scratch_azcopy_selected\raw_l2\trade_date=2026-07-10\exchange=NSE\symbol=TCS\part-034504_326835-000029.parquet,1,54,,True,True,2026-07-10,TCS,ok,
scratch_azcopy_selected\raw_l2,2026-07-10,NSE,TCS,scratch_azcopy_selected\raw_l2\trade_date=2026-07-10\exchange=NSE\symbol=TCS\part-100118_856115-050490.parquet,7,54,,True,True,2026-07-10,TCS,ok,
scratch_azcopy_selected\raw_l2,2026-07-10,NSE,TECHM,scratch_azcopy_selected\raw_l2\trade_date=2026-07-10\exchange=NSE\symbol=TECHM\part-034504_447838-000030.parquet,1,54,,True,True,2026-07-10,TECHM,ok,
scratch_azcopy_selected\raw_l2,2026-07-10,NSE,TECHM,scratch_azcopy_selected\raw_l2\trade_date=2026-07-10\exchange=NSE\symbol=TECHM\part-100502_338219-050512.parquet,1,54,,True,False,2026-07-10,TECHM,ok,
scratch_azcopy_selected\raw_l2,2026-07-10,NSE,ULTRACEMCO,scratch_azcopy_selected\raw_l2\trade_date=2026-07-10\exchange=NSE\symbol=ULTRACEMCO\part-034504_579897-000031.parquet,1,54,,True,True,2026-07-10,ULTRACEMCO,ok,
scratch_azcopy_selected\raw_l2,2026-07-10,NSE,ULTRACEMCO,scratch_azcopy_selected\raw_l2\trade_date=2026-07-10\exchange=NSE\symbol=ULTRACEMCO\part-100502_466504-050513.parquet,1,54,,True,False,2026-07-10,ULTRACEMCO,ok,
scratch_azcopy_selected\raw_l2,2026-07-10,NSE,WIPRO,scratch_azcopy_selected\raw_l2\trade_date=2026-07-10\exchange=NSE\symbol=WIPRO\part-034504_701826-000032.parquet,1,54,,True,True,2026-07-10,WIPRO,ok,
scratch_azcopy_selected\raw_l2,2026-07-10,NSE,WIPRO,scratch_azcopy_selected\raw_l2\trade_date=2026-07-10\exchange=NSE\symbol=WIPRO\part-100502_587143-050514.parquet,1,54,,True,False,2026-07-10,WIPRO,ok,
scratch_azcopy_selected\raw_l2,2026-07-14,NSE,ADANIPORTS,scratch_azcopy_selected\raw_l2\trade_date=2026-07-14\exchange=NSE\symbol=ADANIPORTS\part-034500_632676-000001.parquet,1,54,,True,True,2026-07-14,ADANIPORTS,ok,
scratch_azcopy_selected\raw_l2,2026-07-14,NSE,ADANIPORTS,scratch_azcopy_selected\raw_l2\trade_date=2026-07-14\exchange=NSE\symbol=ADANIPORTS\part-100139_611568-049722.parquet,1,54,,True,False,2026-07-14,ADANIPORTS,ok,
scratch_azcopy_selected\raw_l2,2026-07-14,NSE,AXISBANK,scratch_azcopy_selected\raw_l2\trade_date=2026-07-14\exchange=NSE\symbol=AXISBANK\part-034500_798004-000002.parquet,1,54,,True,True,2026-07-14,AXISBANK,ok,
scratch_azcopy_selected\raw_l2,2026-07-14,NSE,AXISBANK,scratch_azcopy_selected\raw_l2\trade_date=2026-07-14\exchange=NSE\symbol=AXISBANK\part-100139_756420-049723.parquet,1,54,,True,False,2026-07-14,AXISBANK,ok,
scratch_azcopy_selected\raw_l2,2026-07-14,NSE,BAJAJ-AUTO,scratch_azcopy_selected\raw_l2\trade_date=2026-07-14\exchange=NSE\symbol=BAJAJ-AUTO\part-034500_954024-000003.parquet,2,54,,True,True,2026-07-14,BAJAJ-AUTO,ok,
scratch_azcopy_selected\raw_l2,2026-07-14,NSE,BAJAJ-AUTO,scratch_azcopy_selected\raw_l2\trade_date=2026-07-14\exchange=NSE\symbol=BAJAJ-AUTO\part-100119_773845-049696.parquet,1,54,,True,False,2026-07-14,BAJAJ-AUTO,ok,
scratch_azcopy_selected\raw_l2,2026-07-14,NSE,BANKBEES,scratch_azcopy_selected\raw_l2\trade_date=2026-07-14\exchange=NSE\symbol=BANKBEES\part-034501_115368-000004.parquet,1,54,,True,False,2026-07-14,BANKBEES,ok,
scratch_azcopy_selected\raw_l2,2026-07-14,NSE,BANKBEES,scratch_azcopy_selected\raw_l2\trade_date=2026-07-14\exchange=NSE\symbol=BANKBEES\part-100139_904980-049724.parquet,1,54,,True,False,2026-07-14,BANKBEES,ok,
scratch_azcopy_selected\raw_l2,2026-07-14,NSE,BHARTIARTL,scratch_azcopy_selected\raw_l2\trade_date=2026-07-14\exchange=NSE\symbol=BHARTIARTL\part-034501_274405-000005.parquet,2,54,,True,True,2026-07-14,BHARTIARTL,ok,
scratch_azcopy_selected\raw_l2,2026-07-14,NSE,BHARTIARTL,scratch_azcopy_selected\raw_l2\trade_date=2026-07-14\exchange=NSE\symbol=BHARTIARTL\part-100119_906571-049697.parquet,1,54,,True,False,2026-07-14,BHARTIARTL,ok,
scratch_azcopy_selected\raw_l2,2026-07-14,NSE,BPCL,scratch_azcopy_selected\raw_l2\trade_date=2026-07-14\exchange=NSE\symbol=BPCL\part-034501_414136-000006.parquet,1,54,,True,True,2026-07-14,BPCL,ok,
scratch_azcopy_selected\raw_l2,2026-07-14,NSE,BPCL,scratch_azcopy_selected\raw_l2\trade_date=2026-07-14\exchange=NSE\symbol=BPCL\part-100140_055285-049725.parquet,1,54,,True,False,2026-07-14,BPCL,ok,
scratch_azcopy_selected\raw_l2,2026-07-14,NSE,BRITANNIA,scratch_azcopy_selected\raw_l2\trade_date=2026-07-14\exchange=NSE\symbol=BRITANNIA\part-034501_562116-000007.parquet,1,54,,True,True,2026-07-14,BRITANNIA,ok,
scratch_azcopy_selected\raw_l2,2026-07-14,NSE,BRITANNIA,scratch_azcopy_selected\raw_l2\trade_date=2026-07-14\exchange=NSE\symbol=BRITANNIA\part-100120_192084-049699.parquet,1,54,,True,False,2026-07-14,BRITANNIA,ok,
scratch_azcopy_selected\raw_l2,2026-07-14,NSE,CIPLA,scratch_azcopy_selected\raw_l2\trade_date=2026-07-14\exchange=NSE\symbol=CIPLA\part-034501_706625-000008.parquet,1,54,,True,True,2026-07-14,CIPLA,ok,
scratch_azcopy_selected\raw_l2,2026-07-14,NSE,CIPLA,scratch_azcopy_selected\raw_l2\trade_date=2026-07-14\exchange=NSE\symbol=CIPLA\part-100120_331836-049700.parquet,1,54,,True,False,2026-07-14,CIPLA,ok,
scratch_azcopy_selected\raw_l2,2026-07-14,NSE,DRREDDY,scratch_azcopy_selected\raw_l2\trade_date=2026-07-14\exchange=NSE\symbol=DRREDDY\part-034501_839149-000009.parquet,1,54,,True,True,2026-07-14,DRREDDY,ok,
scratch_azcopy_selected\raw_l2,2026-07-14,NSE,DRREDDY,scratch_azcopy_selected\raw_l2\trade_date=2026-07-14\exchange=NSE\symbol=DRREDDY\part-100140_216627-049726.parquet,1,54,,True,False,2026-07-14,DRREDDY,ok,
scratch_azcopy_selected\raw_l2,2026-07-14,NSE,GOLDBEES,scratch_azcopy_selected\raw_l2\trade_date=2026-07-14\exchange=NSE\symbol=GOLDBEES\part-034501_979205-000010.parquet,1,54,,True,False,2026-07-14,GOLDBEES,ok,
scratch_azcopy_selected\raw_l2,2026-07-14,NSE,GOLDBEES,scratch_azcopy_selected\raw_l2\trade_date=2026-07-14\exchange=NSE\symbol=GOLDBEES\part-100120_471606-049701.parquet,1,54,,True,False,2026-07-14,GOLDBEES,ok,
scratch_azcopy_selected\raw_l2,2026-07-14,NSE,HCLTECH,scratch_azcopy_selected\raw_l2\trade_date=2026-07-14\exchange=NSE\symbol=HCLTECH\part-034502_145371-000011.parquet,2,54,,True,True,2026-07-14,HCLTECH,ok,
scratch_azcopy_selected\raw_l2,2026-07-14,NSE,HCLTECH,scratch_azcopy_selected\raw_l2\trade_date=2026-07-14\exchange=NSE\symbol=HCLTECH\part-100140_372066-049727.parquet,1,54,,True,False,2026-07-14,HCLTECH,ok,
scratch_azcopy_selected\raw_l2,2026-07-14,NSE,HDFCBANK,scratch_azcopy_selected\raw_l2\trade_date=2026-07-14\exchange=NSE\symbol=HDFCBANK\part-034502_307986-000012.parquet,2,54,,True,True,2026-07-14,HDFCBANK,ok,
scratch_azcopy_selected\raw_l2,2026-07-14,NSE,HDFCBANK,scratch_azcopy_selected\raw_l2\trade_date=2026-07-14\exchange=NSE\symbol=HDFCBANK\part-100120_774208-049703.parquet,1,54,,True,False,2026-07-14,HDFCBANK,ok,
scratch_azcopy_selected\raw_l2,2026-07-14,NSE,HINDUNILVR,scratch_azcopy_selected\raw_l2\trade_date=2026-07-14\exchange=NSE\symbol=HINDUNILVR\part-034502_458235-000013.parquet,1,54,,True,True,2026-07-14,HINDUNILVR,ok,
scratch_azcopy_selected\raw_l2,2026-07-14,NSE,HINDUNILVR,scratch_azcopy_selected\raw_l2\trade_date=2026-07-14\exchange=NSE\symbol=HINDUNILVR\part-100120_911778-049704.parquet,1,54,,True,False,2026-07-14,HINDUNILVR,ok,
scratch_azcopy_selected\raw_l2,2026-07-14,NSE,ICICIBANK,scratch_azcopy_selected\raw_l2\trade_date=2026-07-14\exchange=NSE\symbol=ICICIBANK\part-034502_624959-000014.parquet,2,54,,True,True,2026-07-14,ICICIBANK,ok,
scratch_azcopy_selected\raw_l2,2026-07-14,NSE,ICICIBANK,scratch_azcopy_selected\raw_l2\trade_date=2026-07-14\exchange=NSE\symbol=ICICIBANK\part-100121_048327-049705.parquet,1,54,,True,False,2026-07-14,ICICIBANK,ok,
scratch_azcopy_selected\raw_l2,2026-07-14,NSE,INFY,scratch_azcopy_selected\raw_l2\trade_date=2026-07-14\exchange=NSE\symbol=INFY\part-034502_778784-000015.parquet,2,54,,True,True,2026-07-14,INFY,ok,
scratch_azcopy_selected\raw_l2,2026-07-14,NSE,INFY,scratch_azcopy_selected\raw_l2\trade_date=2026-07-14\exchange=NSE\symbol=INFY\part-100121_213170-049706.parquet,1,54,,True,False,2026-07-14,INFY,ok,
scratch_azcopy_selected\raw_l2,2026-07-14,NSE,ITBEES,scratch_azcopy_selected\raw_l2\trade_date=2026-07-14\exchange=NSE\symbol=ITBEES\part-034502_932658-000016.parquet,1,54,,True,False,2026-07-14,ITBEES,ok,
scratch_azcopy_selected\raw_l2,2026-07-14,NSE,ITBEES,scratch_azcopy_selected\raw_l2\trade_date=2026-07-14\exchange=NSE\symbol=ITBEES\part-100140_527770-049728.parquet,1,54,,True,False,2026-07-14,ITBEES,ok,
scratch_azcopy_selected\raw_l2,2026-07-14,NSE,ITC,scratch_azcopy_selected\raw_l2\trade_date=2026-07-14\exchange=NSE\symbol=ITC\part-034503_084404-000017.parquet,2,54,,True,True,2026-07-14,ITC,ok,
scratch_azcopy_selected\raw_l2,2026-07-14,NSE,ITC,scratch_azcopy_selected\raw_l2\trade_date=2026-07-14\exchange=NSE\symbol=ITC\part-100140_688473-049729.parquet,1,54,,True,False,2026-07-14,ITC,ok,
scratch_azcopy_selected\raw_l2,2026-07-14,NSE,JUNIORBEES,scratch_azcopy_selected\raw_l2\trade_date=2026-07-14\exchange=NSE\symbol=JUNIORBEES\part-034503_213734-000018.parquet,1,54,,True,False,2026-07-14,JUNIORBEES,ok,
scratch_azcopy_selected\raw_l2,2026-07-14,NSE,JUNIORBEES,scratch_azcopy_selected\raw_l2\trade_date=2026-07-14\exchange=NSE\symbol=JUNIORBEES\part-100121_489966-049708.parquet,1,54,,True,False,2026-07-14,JUNIORBEES,ok,
scratch_azcopy_selected\raw_l2,2026-07-14,NSE,KOTAKBANK,scratch_azcopy_selected\raw_l2\trade_date=2026-07-14\exchange=NSE\symbol=KOTAKBANK\part-034503_345395-000019.parquet,2,54,,True,True,2026-07-14,KOTAKBANK,ok,
scratch_azcopy_selected\raw_l2,2026-07-14,NSE,KOTAKBANK,scratch_azcopy_selected\raw_l2\trade_date=2026-07-14\exchange=NSE\symbol=KOTAKBANK\part-100121_630926-049709.parquet,2,54,,True,False,2026-07-14,KOTAKBANK,ok,
scratch_azcopy_selected\raw_l2,2026-07-14,NSE,LT,scratch_azcopy_selected\raw_l2\trade_date=2026-07-14\exchange=NSE\symbol=LT\part-034503_507822-000020.parquet,1,54,,True,True,2026-07-14,LT,ok,
scratch_azcopy_selected\raw_l2,2026-07-14,NSE,LT,scratch_azcopy_selected\raw_l2\trade_date=2026-07-14\exchange=NSE\symbol=LT\part-100121_774998-049710.parquet,1,54,,True,False,2026-07-14,LT,ok,
scratch_azcopy_selected\raw_l2,2026-07-14,NSE,M&M,scratch_azcopy_selected\raw_l2\trade_date=2026-07-14\exchange=NSE\symbol=M&M\part-034503_646284-000021.parquet,1,54,,True,True,2026-07-14,M&M,ok,
scratch_azcopy_selected\raw_l2,2026-07-14,NSE,M&M,scratch_azcopy_selected\raw_l2\trade_date=2026-07-14\exchange=NSE\symbol=M&M\part-100121_909056-049711.parquet,1,54,,True,False,2026-07-14,M&M,ok,
scratch_azcopy_selected\raw_l2,2026-07-14,NSE,MARUTI,scratch_azcopy_selected\raw_l2\trade_date=2026-07-14\exchange=NSE\symbol=MARUTI\part-034503_791797-000022.parquet,1,54,,True,True,2026-07-14,MARUTI,ok,
scratch_azcopy_selected\raw_l2,2026-07-14,NSE,MARUTI,scratch_azcopy_selected\raw_l2\trade_date=2026-07-14\exchange=NSE\symbol=MARUTI\part-100122_045792-049712.parquet,1,54,,True,False,2026-07-14,MARUTI,ok,
scratch_azcopy_selected\raw_l2,2026-07-14,NSE,NESTLEIND,scratch_azcopy_selected\raw_l2\trade_date=2026-07-14\exchange=NSE\symbol=NESTLEIND\part-034503_918807-000023.parquet,1,54,,True,True,2026-07-14,NESTLEIND,ok,
scratch_azcopy_selected\raw_l2,2026-07-14,NSE,NESTLEIND,scratch_azcopy_selected\raw_l2\trade_date=2026-07-14\exchange=NSE\symbol=NESTLEIND\part-100122_195009-049713.parquet,1,54,,True,False,2026-07-14,NESTLEIND,ok,
scratch_azcopy_selected\raw_l2,2026-07-14,NSE,NIFTYBEES,scratch_azcopy_selected\raw_l2\trade_date=2026-07-14\exchange=NSE\symbol=NIFTYBEES\part-034504_048836-000024.parquet,1,54,,True,False,2026-07-14,NIFTYBEES,ok,
scratch_azcopy_selected\raw_l2,2026-07-14,NSE,NIFTYBEES,scratch_azcopy_selected\raw_l2\trade_date=2026-07-14\exchange=NSE\symbol=NIFTYBEES\part-100122_330537-049714.parquet,1,54,,True,False,2026-07-14,NIFTYBEES,ok,
scratch_azcopy_selected\raw_l2,2026-07-14,NSE,ONGC,scratch_azcopy_selected\raw_l2\trade_date=2026-07-14\exchange=NSE\symbol=ONGC\part-034504_188129-000025.parquet,1,54,,True,True,2026-07-14,ONGC,ok,
scratch_azcopy_selected\raw_l2,2026-07-14,NSE,ONGC,scratch_azcopy_selected\raw_l2\trade_date=2026-07-14\exchange=NSE\symbol=ONGC\part-100122_482859-049715.parquet,1,54,,True,False,2026-07-14,ONGC,ok,
scratch_azcopy_selected\raw_l2,2026-07-14,NSE,RELIANCE,scratch_azcopy_selected\raw_l2\trade_date=2026-07-14\exchange=NSE\symbol=RELIANCE\part-034504_340968-000026.parquet,1,54,,True,True,2026-07-14,RELIANCE,ok,
scratch_azcopy_selected\raw_l2,2026-07-14,NSE,RELIANCE,scratch_azcopy_selected\raw_l2\trade_date=2026-07-14\exchange=NSE\symbol=RELIANCE\part-100140_835336-049730.parquet,1,54,,True,False,2026-07-14,RELIANCE,ok,
scratch_azcopy_selected\raw_l2,2026-07-14,NSE,SBIN,scratch_azcopy_selected\raw_l2\trade_date=2026-07-14\exchange=NSE\symbol=SBIN\part-034504_489891-000027.parquet,1,54,,True,True,2026-07-14,SBIN,ok,
scratch_azcopy_selected\raw_l2,2026-07-14,NSE,SBIN,scratch_azcopy_selected\raw_l2\trade_date=2026-07-14\exchange=NSE\symbol=SBIN\part-100141_008621-049731.parquet,1,54,,True,False,2026-07-14,SBIN,ok,
scratch_azcopy_selected\raw_l2,2026-07-14,NSE,SUNPHARMA,scratch_azcopy_selected\raw_l2\trade_date=2026-07-14\exchange=NSE\symbol=SUNPHARMA\part-034504_658564-000028.parquet,1,54,,True,True,2026-07-14,SUNPHARMA,ok,
scratch_azcopy_selected\raw_l2,2026-07-14,NSE,SUNPHARMA,scratch_azcopy_selected\raw_l2\trade_date=2026-07-14\exchange=NSE\symbol=SUNPHARMA\part-100122_775631-049717.parquet,1,54,,True,False,2026-07-14,SUNPHARMA,ok,
scratch_azcopy_selected\raw_l2,2026-07-14,NSE,TCS,scratch_azcopy_selected\raw_l2\trade_date=2026-07-14\exchange=NSE\symbol=TCS\part-034504_838768-000029.parquet,2,54,,True,True,2026-07-14,TCS,ok,
scratch_azcopy_selected\raw_l2,2026-07-14,NSE,TCS,scratch_azcopy_selected\raw_l2\trade_date=2026-07-14\exchange=NSE\symbol=TCS\part-100122_919601-049718.parquet,1,54,,True,False,2026-07-14,TCS,ok,
scratch_azcopy_selected\raw_l2,2026-07-14,NSE,TECHM,scratch_azcopy_selected\raw_l2\trade_date=2026-07-14\exchange=NSE\symbol=TECHM\part-034504_986692-000030.parquet,1,54,,True,True,2026-07-14,TECHM,ok,
scratch_azcopy_selected\raw_l2,2026-07-14,NSE,TECHM,scratch_azcopy_selected\raw_l2\trade_date=2026-07-14\exchange=NSE\symbol=TECHM\part-100123_059873-049719.parquet,1,54,,True,False,2026-07-14,TECHM,ok,
scratch_azcopy_selected\raw_l2,2026-07-14,NSE,ULTRACEMCO,scratch_azcopy_selected\raw_l2\trade_date=2026-07-14\exchange=NSE\symbol=ULTRACEMCO\part-034505_129076-000031.parquet,1,54,,True,True,2026-07-14,ULTRACEMCO,ok,
scratch_azcopy_selected\raw_l2,2026-07-14,NSE,ULTRACEMCO,scratch_azcopy_selected\raw_l2\trade_date=2026-07-14\exchange=NSE\symbol=ULTRACEMCO\part-100123_201560-049720.parquet,1,54,,True,False,2026-07-14,ULTRACEMCO,ok,
scratch_azcopy_selected\raw_l2,2026-07-14,NSE,WIPRO,scratch_azcopy_selected\raw_l2\trade_date=2026-07-14\exchange=NSE\symbol=WIPRO\part-034505_294518-000032.parquet,1,54,,True,True,2026-07-14,WIPRO,ok,
scratch_azcopy_selected\raw_l2,2026-07-14,NSE,WIPRO,scratch_azcopy_selected\raw_l2\trade_date=2026-07-14\exchange=NSE\symbol=WIPRO\part-100141_162655-049732.parquet,1,54,,True,False,2026-07-14,WIPRO,ok,
real_data_sample\l2_multiday_panel,2026-07-08,NSE,ADANIPORTS,real_data_sample\l2_multiday_panel\trade_date=2026-07-08\exchange=NSE\symbol=ADANIPORTS\part-073443_831343-000001.parquet,5,54,,True,True,2026-07-08,ADANIPORTS,ok,
real_data_sample\l2_multiday_panel,2026-07-08,NSE,ADANIPORTS,real_data_sample\l2_multiday_panel\trade_date=2026-07-08\exchange=NSE\symbol=ADANIPORTS\part-100140_507866-020481.parquet,1,54,,True,False,2026-07-08,ADANIPORTS,ok,
real_data_sample\l2_multiday_panel,2026-07-08,NSE,AXISBANK,real_data_sample\l2_multiday_panel\trade_date=2026-07-08\exchange=NSE\symbol=AXISBANK\part-073443_970901-000002.parquet,18,54,,True,True,2026-07-08,AXISBANK,ok,
real_data_sample\l2_multiday_panel,2026-07-08,NSE,AXISBANK,real_data_sample\l2_multiday_panel\trade_date=2026-07-08\exchange=NSE\symbol=AXISBANK\part-100140_620396-020482.parquet,1,54,,True,False,2026-07-08,AXISBANK,ok,
real_data_sample\l2_multiday_panel,2026-07-08,NSE,BAJAJ-AUTO,real_data_sample\l2_multiday_panel\trade_date=2026-07-08\exchange=NSE\symbol=BAJAJ-AUTO\part-073444_080201-000003.parquet,12,54,,True,True,2026-07-08,BAJAJ-AUTO,ok,
real_data_sample\l2_multiday_panel,2026-07-08,NSE,BAJAJ-AUTO,real_data_sample\l2_multiday_panel\trade_date=2026-07-08\exchange=NSE\symbol=BAJAJ-AUTO\part-100140_731059-020483.parquet,1,54,,True,False,2026-07-08,BAJAJ-AUTO,ok,
real_data_sample\l2_multiday_panel,2026-07-08,NSE,BANKBEES,real_data_sample\l2_multiday_panel\trade_date=2026-07-08\exchange=NSE\symbol=BANKBEES\part-073444_224685-000004.parquet,10,54,,True,True,2026-07-08,BANKBEES,ok,
real_data_sample\l2_multiday_panel,2026-07-08,NSE,BANKBEES,real_data_sample\l2_multiday_panel\trade_date=2026-07-08\exchange=NSE\symbol=BANKBEES\part-100140_848136-020484.parquet,1,54,,True,False,2026-07-08,BANKBEES,ok,
real_data_sample\l2_multiday_panel,2026-07-08,NSE,BHARTIARTL,real_data_sample\l2_multiday_panel\trade_date=2026-07-08\exchange=NSE\symbol=BHARTIARTL\part-073444_337478-000005.parquet,12,54,,True,True,2026-07-08,BHARTIARTL,ok,
real_data_sample\l2_multiday_panel,2026-07-08,NSE,BHARTIARTL,real_data_sample\l2_multiday_panel\trade_date=2026-07-08\exchange=NSE\symbol=BHARTIARTL\part-100109_725200-020453.parquet,4,54,,True,False,2026-07-08,BHARTIARTL,ok,
real_data_sample\l2_multiday_panel,2026-07-08,NSE,BPCL,real_data_sample\l2_multiday_panel\trade_date=2026-07-08\exchange=NSE\symbol=BPCL\part-073444_450400-000006.parquet,6,54,,True,True,2026-07-08,BPCL,ok,
real_data_sample\l2_multiday_panel,2026-07-08,NSE,BPCL,real_data_sample\l2_multiday_panel\trade_date=2026-07-08\exchange=NSE\symbol=BPCL\part-100109_851351-020454.parquet,3,54,,True,False,2026-07-08,BPCL,ok,
real_data_sample\l2_multiday_panel,2026-07-08,NSE,BRITANNIA,real_data_sample\l2_multiday_panel\trade_date=2026-07-08\exchange=NSE\symbol=BRITANNIA\part-073444_559438-000007.parquet,3,54,,True,True,2026-07-08,BRITANNIA,ok,
real_data_sample\l2_multiday_panel,2026-07-08,NSE,BRITANNIA,real_data_sample\l2_multiday_panel\trade_date=2026-07-08\exchange=NSE\symbol=BRITANNIA\part-100140_948824-020485.parquet,1,54,,True,False,2026-07-08,BRITANNIA,ok,
real_data_sample\l2_multiday_panel,2026-07-08,NSE,CIPLA,real_data_sample\l2_multiday_panel\trade_date=2026-07-08\exchange=NSE\symbol=CIPLA\part-073444_685953-000008.parquet,8,54,,True,True,2026-07-08,CIPLA,ok,
real_data_sample\l2_multiday_panel,2026-07-08,NSE,CIPLA,real_data_sample\l2_multiday_panel\trade_date=2026-07-08\exchange=NSE\symbol=CIPLA\part-100110_070390-020456.parquet,3,54,,True,False,2026-07-08,CIPLA,ok,
real_data_sample\l2_multiday_panel,2026-07-08,NSE,DRREDDY,real_data_sample\l2_multiday_panel\trade_date=2026-07-08\exchange=NSE\symbol=DRREDDY\part-073444_858308-000009.parquet,6,54,,True,True,2026-07-08,DRREDDY,ok,
real_data_sample\l2_multiday_panel,2026-07-08,NSE,DRREDDY,real_data_sample\l2_multiday_panel\trade_date=2026-07-08\exchange=NSE\symbol=DRREDDY\part-100141_075547-020486.parquet,1,54,,True,False,2026-07-08,DRREDDY,ok,
real_data_sample\l2_multiday_panel,2026-07-08,NSE,GOLDBEES,real_data_sample\l2_multiday_panel\trade_date=2026-07-08\exchange=NSE\symbol=GOLDBEES\part-073444_976748-000010.parquet,16,54,,True,True,2026-07-08,GOLDBEES,ok,
real_data_sample\l2_multiday_panel,2026-07-08,NSE,GOLDBEES,real_data_sample\l2_multiday_panel\trade_date=2026-07-08\exchange=NSE\symbol=GOLDBEES\part-100141_199842-020487.parquet,1,54,,True,False,2026-07-08,GOLDBEES,ok,
real_data_sample\l2_multiday_panel,2026-07-08,NSE,HCLTECH,real_data_sample\l2_multiday_panel\trade_date=2026-07-08\exchange=NSE\symbol=HCLTECH\part-073445_125270-000011.parquet,8,54,,True,True,2026-07-08,HCLTECH,ok,
real_data_sample\l2_multiday_panel,2026-07-08,NSE,HCLTECH,real_data_sample\l2_multiday_panel\trade_date=2026-07-08\exchange=NSE\symbol=HCLTECH\part-100141_316106-020488.parquet,1,54,,True,False,2026-07-08,HCLTECH,ok,
real_data_sample\l2_multiday_panel,2026-07-08,NSE,HDFCBANK,real_data_sample\l2_multiday_panel\trade_date=2026-07-08\exchange=NSE\symbol=HDFCBANK\part-073445_239174-000012.parquet,16,54,,True,True,2026-07-08,HDFCBANK,ok,
real_data_sample\l2_multiday_panel,2026-07-08,NSE,HDFCBANK,real_data_sample\l2_multiday_panel\trade_date=2026-07-08\exchange=NSE\symbol=HDFCBANK\part-100141_430919-020489.parquet,1,54,,True,False,2026-07-08,HDFCBANK,ok,
real_data_sample\l2_multiday_panel,2026-07-08,NSE,HINDUNILVR,real_data_sample\l2_multiday_panel\trade_date=2026-07-08\exchange=NSE\symbol=HINDUNILVR\part-073445_351918-000013.parquet,4,54,,True,True,2026-07-08,HINDUNILVR,ok,
real_data_sample\l2_multiday_panel,2026-07-08,NSE,HINDUNILVR,real_data_sample\l2_multiday_panel\trade_date=2026-07-08\exchange=NSE\symbol=HINDUNILVR\part-100141_557253-020490.parquet,1,54,,True,False,2026-07-08,HINDUNILVR,ok,
real_data_sample\l2_multiday_panel,2026-07-08,NSE,ICICIBANK,real_data_sample\l2_multiday_panel\trade_date=2026-07-08\exchange=NSE\symbol=ICICIBANK\part-073445_486437-000014.parquet,17,54,,True,True,2026-07-08,ICICIBANK,ok,
real_data_sample\l2_multiday_panel,2026-07-08,NSE,ICICIBANK,real_data_sample\l2_multiday_panel\trade_date=2026-07-08\exchange=NSE\symbol=ICICIBANK\part-100141_666872-020491.parquet,1,54,,True,False,2026-07-08,ICICIBANK,ok,
real_data_sample\l2_multiday_panel,2026-07-08,NSE,INFY,real_data_sample\l2_multiday_panel\trade_date=2026-07-08\exchange=NSE\symbol=INFY\part-073445_602798-000015.parquet,19,54,,True,True,2026-07-08,INFY,ok,
real_data_sample\l2_multiday_panel,2026-07-08,NSE,INFY,real_data_sample\l2_multiday_panel\trade_date=2026-07-08\exchange=NSE\symbol=INFY\part-100141_770666-020492.parquet,1,54,,True,False,2026-07-08,INFY,ok,
real_data_sample\l2_multiday_panel,2026-07-08,NSE,ITBEES,real_data_sample\l2_multiday_panel\trade_date=2026-07-08\exchange=NSE\symbol=ITBEES\part-073445_718369-000016.parquet,6,54,,True,True,2026-07-08,ITBEES,ok,
real_data_sample\l2_multiday_panel,2026-07-08,NSE,ITBEES,real_data_sample\l2_multiday_panel\trade_date=2026-07-08\exchange=NSE\symbol=ITBEES\part-100141_879358-020493.parquet,1,54,,True,False,2026-07-08,ITBEES,ok,
real_data_sample\l2_multiday_panel,2026-07-08,NSE,ITC,real_data_sample\l2_multiday_panel\trade_date=2026-07-08\exchange=NSE\symbol=ITC\part-073445_866169-000017.parquet,16,54,,True,True,2026-07-08,ITC,ok,
real_data_sample\l2_multiday_panel,2026-07-08,NSE,ITC,real_data_sample\l2_multiday_panel\trade_date=2026-07-08\exchange=NSE\symbol=ITC\part-100142_006553-020494.parquet,1,54,,True,False,2026-07-08,ITC,ok,
real_data_sample\l2_multiday_panel,2026-07-08,NSE,JUNIORBEES,real_data_sample\l2_multiday_panel\trade_date=2026-07-08\exchange=NSE\symbol=JUNIORBEES\part-073445_997997-000018.parquet,12,54,,True,True,2026-07-08,JUNIORBEES,ok,
real_data_sample\l2_multiday_panel,2026-07-08,NSE,JUNIORBEES,real_data_sample\l2_multiday_panel\trade_date=2026-07-08\exchange=NSE\symbol=JUNIORBEES\part-100142_116738-020495.parquet,1,54,,True,False,2026-07-08,JUNIORBEES,ok,
real_data_sample\l2_multiday_panel,2026-07-08,NSE,KOTAKBANK,real_data_sample\l2_multiday_panel\trade_date=2026-07-08\exchange=NSE\symbol=KOTAKBANK\part-073446_107086-000019.parquet,19,54,,True,True,2026-07-08,KOTAKBANK,ok,
real_data_sample\l2_multiday_panel,2026-07-08,NSE,KOTAKBANK,real_data_sample\l2_multiday_panel\trade_date=2026-07-08\exchange=NSE\symbol=KOTAKBANK\part-100142_239451-020496.parquet,1,54,,True,False,2026-07-08,KOTAKBANK,ok,
real_data_sample\l2_multiday_panel,2026-07-08,NSE,LT,real_data_sample\l2_multiday_panel\trade_date=2026-07-08\exchange=NSE\symbol=LT\part-073446_226721-000020.parquet,17,54,,True,True,2026-07-08,LT,ok,
real_data_sample\l2_multiday_panel,2026-07-08,NSE,LT,real_data_sample\l2_multiday_panel\trade_date=2026-07-08\exchange=NSE\symbol=LT\part-100142_357559-020497.parquet,1,54,,True,False,2026-07-08,LT,ok,
real_data_sample\l2_multiday_panel,2026-07-08,NSE,M&M,real_data_sample\l2_multiday_panel\trade_date=2026-07-08\exchange=NSE\symbol=M&M\part-073446_344136-000021.parquet,18,54,,True,True,2026-07-08,M&M,ok,
real_data_sample\l2_multiday_panel,2026-07-08,NSE,M&M,real_data_sample\l2_multiday_panel\trade_date=2026-07-08\exchange=NSE\symbol=M&M\part-100142_459029-020498.parquet,1,54,,True,False,2026-07-08,M&M,ok,
real_data_sample\l2_multiday_panel,2026-07-08,NSE,MARUTI,real_data_sample\l2_multiday_panel\trade_date=2026-07-08\exchange=NSE\symbol=MARUTI\part-073446_469930-000022.parquet,6,54,,True,True,2026-07-08,MARUTI,ok,
real_data_sample\l2_multiday_panel,2026-07-08,NSE,MARUTI,real_data_sample\l2_multiday_panel\trade_date=2026-07-08\exchange=NSE\symbol=MARUTI\part-100142_602509-020499.parquet,1,54,,True,False,2026-07-08,MARUTI,ok,
real_data_sample\l2_multiday_panel,2026-07-08,NSE,NESTLEIND,real_data_sample\l2_multiday_panel\trade_date=2026-07-08\exchange=NSE\symbol=NESTLEIND\part-073446_613957-000023.parquet,5,54,,True,True,2026-07-08,NESTLEIND,ok,
real_data_sample\l2_multiday_panel,2026-07-08,NSE,NESTLEIND,real_data_sample\l2_multiday_panel\trade_date=2026-07-08\exchange=NSE\symbol=NESTLEIND\part-100142_710474-020500.parquet,1,54,,True,False,2026-07-08,NESTLEIND,ok,
real_data_sample\l2_multiday_panel,2026-07-08,NSE,NIFTYBEES,real_data_sample\l2_multiday_panel\trade_date=2026-07-08\exchange=NSE\symbol=NIFTYBEES\part-073446_725850-000024.parquet,12,54,,True,True,2026-07-08,NIFTYBEES,ok,
real_data_sample\l2_multiday_panel,2026-07-08,NSE,NIFTYBEES,real_data_sample\l2_multiday_panel\trade_date=2026-07-08\exchange=NSE\symbol=NIFTYBEES\part-100142_818192-020501.parquet,1,54,,True,False,2026-07-08,NIFTYBEES,ok,
real_data_sample\l2_multiday_panel,2026-07-08,NSE,ONGC,real_data_sample\l2_multiday_panel\trade_date=2026-07-08\exchange=NSE\symbol=ONGC\part-073446_843264-000025.parquet,6,54,,True,True,2026-07-08,ONGC,ok,
real_data_sample\l2_multiday_panel,2026-07-08,NSE,ONGC,real_data_sample\l2_multiday_panel\trade_date=2026-07-08\exchange=NSE\symbol=ONGC\part-100142_959084-020502.parquet,1,54,,True,False,2026-07-08,ONGC,ok,
real_data_sample\l2_multiday_panel,2026-07-08,NSE,RELIANCE,real_data_sample\l2_multiday_panel\trade_date=2026-07-08\exchange=NSE\symbol=RELIANCE\part-073446_959823-000026.parquet,18,54,,True,True,2026-07-08,RELIANCE,ok,
real_data_sample\l2_multiday_panel,2026-07-08,NSE,RELIANCE,real_data_sample\l2_multiday_panel\trade_date=2026-07-08\exchange=NSE\symbol=RELIANCE\part-100112_301811-020474.parquet,3,54,,True,False,2026-07-08,RELIANCE,ok,
real_data_sample\l2_multiday_panel,2026-07-08,NSE,SBIN,real_data_sample\l2_multiday_panel\trade_date=2026-07-08\exchange=NSE\symbol=SBIN\part-073447_069045-000027.parquet,16,54,,True,True,2026-07-08,SBIN,ok,
real_data_sample\l2_multiday_panel,2026-07-08,NSE,SBIN,real_data_sample\l2_multiday_panel\trade_date=2026-07-08\exchange=NSE\symbol=SBIN\part-100112_430562-020475.parquet,2,54,,True,False,2026-07-08,SBIN,ok,
real_data_sample\l2_multiday_panel,2026-07-08,NSE,SUNPHARMA,real_data_sample\l2_multiday_panel\trade_date=2026-07-08\exchange=NSE\symbol=SUNPHARMA\part-073447_183315-000028.parquet,17,54,,True,True,2026-07-08,SUNPHARMA,ok,
real_data_sample\l2_multiday_panel,2026-07-08,NSE,SUNPHARMA,real_data_sample\l2_multiday_panel\trade_date=2026-07-08\exchange=NSE\symbol=SUNPHARMA\part-100143_068866-020503.parquet,1,54,,True,False,2026-07-08,SUNPHARMA,ok,
real_data_sample\l2_multiday_panel,2026-07-08,NSE,TCS,real_data_sample\l2_multiday_panel\trade_date=2026-07-08\exchange=NSE\symbol=TCS\part-073447_291090-000029.parquet,7,54,,True,True,2026-07-08,TCS,ok,
real_data_sample\l2_multiday_panel,2026-07-08,NSE,TCS,real_data_sample\l2_multiday_panel\trade_date=2026-07-08\exchange=NSE\symbol=TCS\part-100143_191036-020504.parquet,1,54,,True,False,2026-07-08,TCS,ok,
real_data_sample\l2_multiday_panel,2026-07-08,NSE,TECHM,real_data_sample\l2_multiday_panel\trade_date=2026-07-08\exchange=NSE\symbol=TECHM\part-073447_402618-000030.parquet,4,54,,True,True,2026-07-08,TECHM,ok,
real_data_sample\l2_multiday_panel,2026-07-08,NSE,TECHM,real_data_sample\l2_multiday_panel\trade_date=2026-07-08\exchange=NSE\symbol=TECHM\part-100143_301299-020505.parquet,1,54,,True,False,2026-07-08,TECHM,ok,
real_data_sample\l2_multiday_panel,2026-07-08,NSE,ULTRACEMCO,real_data_sample\l2_multiday_panel\trade_date=2026-07-08\exchange=NSE\symbol=ULTRACEMCO\part-073447_534086-000031.parquet,6,54,,True,True,2026-07-08,ULTRACEMCO,ok,
real_data_sample\l2_multiday_panel,2026-07-08,NSE,ULTRACEMCO,real_data_sample\l2_multiday_panel\trade_date=2026-07-08\exchange=NSE\symbol=ULTRACEMCO\part-100143_410092-020506.parquet,1,54,,True,False,2026-07-08,ULTRACEMCO,ok,
real_data_sample\l2_multiday_panel,2026-07-08,NSE,WIPRO,real_data_sample\l2_multiday_panel\trade_date=2026-07-08\exchange=NSE\symbol=WIPRO\part-073447_655264-000032.parquet,7,54,,True,True,2026-07-08,WIPRO,ok,
real_data_sample\l2_multiday_panel,2026-07-08,NSE,WIPRO,real_data_sample\l2_multiday_panel\trade_date=2026-07-08\exchange=NSE\symbol=WIPRO\part-100143_527368-020507.parquet,1,54,,True,False,2026-07-08,WIPRO,ok,
real_data_sample\l2_multiday_panel,2026-07-09,NSE,ADANIPORTS,real_data_sample\l2_multiday_panel\trade_date=2026-07-09\exchange=NSE\symbol=ADANIPORTS\part-062603_563467-000001.parquet,6,54,,True,False,2026-07-09,ADANIPORTS,ok,
real_data_sample\l2_multiday_panel,2026-07-09,NSE,ADANIPORTS,real_data_sample\l2_multiday_panel\trade_date=2026-07-09\exchange=NSE\symbol=ADANIPORTS\part-100144_494501-028555.parquet,1,54,,True,False,2026-07-09,ADANIPORTS,ok,
real_data_sample\l2_multiday_panel,2026-07-09,NSE,AXISBANK,real_data_sample\l2_multiday_panel\trade_date=2026-07-09\exchange=NSE\symbol=AXISBANK\part-062603_714610-000002.parquet,19,54,,True,False,2026-07-09,AXISBANK,ok,
real_data_sample\l2_multiday_panel,2026-07-09,NSE,AXISBANK,real_data_sample\l2_multiday_panel\trade_date=2026-07-09\exchange=NSE\symbol=AXISBANK\part-100125_997677-028533.parquet,1,54,,True,False,2026-07-09,AXISBANK,ok,
real_data_sample\l2_multiday_panel,2026-07-09,NSE,BAJAJ-AUTO,real_data_sample\l2_multiday_panel\trade_date=2026-07-09\exchange=NSE\symbol=BAJAJ-AUTO\part-062603_859366-000003.parquet,11,54,,True,False,2026-07-09,BAJAJ-AUTO,ok,
real_data_sample\l2_multiday_panel,2026-07-09,NSE,BAJAJ-AUTO,real_data_sample\l2_multiday_panel\trade_date=2026-07-09\exchange=NSE\symbol=BAJAJ-AUTO\part-100144_647566-028556.parquet,1,54,,True,False,2026-07-09,BAJAJ-AUTO,ok,
real_data_sample\l2_multiday_panel,2026-07-09,NSE,BANKBEES,real_data_sample\l2_multiday_panel\trade_date=2026-07-09\exchange=NSE\symbol=BANKBEES\part-062604_015424-000004.parquet,11,54,,True,False,2026-07-09,BANKBEES,ok,
real_data_sample\l2_multiday_panel,2026-07-09,NSE,BANKBEES,real_data_sample\l2_multiday_panel\trade_date=2026-07-09\exchange=NSE\symbol=BANKBEES\part-100144_772018-028557.parquet,1,54,,True,False,2026-07-09,BANKBEES,ok,
real_data_sample\l2_multiday_panel,2026-07-09,NSE,BHARTIARTL,real_data_sample\l2_multiday_panel\trade_date=2026-07-09\exchange=NSE\symbol=BHARTIARTL\part-062604_161207-000005.parquet,19,54,,True,False,2026-07-09,BHARTIARTL,ok,
real_data_sample\l2_multiday_panel,2026-07-09,NSE,BHARTIARTL,real_data_sample\l2_multiday_panel\trade_date=2026-07-09\exchange=NSE\symbol=BHARTIARTL\part-100126_122846-028534.parquet,1,54,,True,False,2026-07-09,BHARTIARTL,ok,
real_data_sample\l2_multiday_panel,2026-07-09,NSE,BPCL,real_data_sample\l2_multiday_panel\trade_date=2026-07-09\exchange=NSE\symbol=BPCL\part-062604_289867-000006.parquet,5,54,,True,False,2026-07-09,BPCL,ok,
real_data_sample\l2_multiday_panel,2026-07-09,NSE,BPCL,real_data_sample\l2_multiday_panel\trade_date=2026-07-09\exchange=NSE\symbol=BPCL\part-100144_934637-028558.parquet,1,54,,True,False,2026-07-09,BPCL,ok,
real_data_sample\l2_multiday_panel,2026-07-09,NSE,BRITANNIA,real_data_sample\l2_multiday_panel\trade_date=2026-07-09\exchange=NSE\symbol=BRITANNIA\part-062604_429679-000007.parquet,4,54,,True,False,2026-07-09,BRITANNIA,ok,
real_data_sample\l2_multiday_panel,2026-07-09,NSE,BRITANNIA,real_data_sample\l2_multiday_panel\trade_date=2026-07-09\exchange=NSE\symbol=BRITANNIA\part-100459_570740-028560.parquet,1,54,,True,False,2026-07-09,BRITANNIA,ok,
real_data_sample\l2_multiday_panel,2026-07-09,NSE,CIPLA,real_data_sample\l2_multiday_panel\trade_date=2026-07-09\exchange=NSE\symbol=CIPLA\part-062604_571900-000008.parquet,7,54,,True,False,2026-07-09,CIPLA,ok,
real_data_sample\l2_multiday_panel,2026-07-09,NSE,CIPLA,real_data_sample\l2_multiday_panel\trade_date=2026-07-09\exchange=NSE\symbol=CIPLA\part-100145_058507-028559.parquet,1,54,,True,False,2026-07-09,CIPLA,ok,
real_data_sample\l2_multiday_panel,2026-07-09,NSE,DRREDDY,real_data_sample\l2_multiday_panel\trade_date=2026-07-09\exchange=NSE\symbol=DRREDDY\part-062604_717234-000009.parquet,16,54,,True,False,2026-07-09,DRREDDY,ok,
real_data_sample\l2_multiday_panel,2026-07-09,NSE,DRREDDY,real_data_sample\l2_multiday_panel\trade_date=2026-07-09\exchange=NSE\symbol=DRREDDY\part-100112_873910-028526.parquet,1,54,,True,False,2026-07-09,DRREDDY,ok,
real_data_sample\l2_multiday_panel,2026-07-09,NSE,GOLDBEES,real_data_sample\l2_multiday_panel\trade_date=2026-07-09\exchange=NSE\symbol=GOLDBEES\part-062604_855433-000010.parquet,12,54,,True,False,2026-07-09,GOLDBEES,ok,
real_data_sample\l2_multiday_panel,2026-07-09,NSE,GOLDBEES,real_data_sample\l2_multiday_panel\trade_date=2026-07-09\exchange=NSE\symbol=GOLDBEES\part-100126_253050-028535.parquet,1,54,,True,False,2026-07-09,GOLDBEES,ok,
real_data_sample\l2_multiday_panel,2026-07-09,NSE,HCLTECH,real_data_sample\l2_multiday_panel\trade_date=2026-07-09\exchange=NSE\symbol=HCLTECH\part-062604_988832-000011.parquet,6,54,,True,False,2026-07-09,HCLTECH,ok,
real_data_sample\l2_multiday_panel,2026-07-09,NSE,HCLTECH,real_data_sample\l2_multiday_panel\trade_date=2026-07-09\exchange=NSE\symbol=HCLTECH\part-100126_375203-028536.parquet,1,54,,True,False,2026-07-09,HCLTECH,ok,
real_data_sample\l2_multiday_panel,2026-07-09,NSE,HDFCBANK,real_data_sample\l2_multiday_panel\trade_date=2026-07-09\exchange=NSE\symbol=HDFCBANK\part-062605_125051-000012.parquet,19,54,,True,False,2026-07-09,HDFCBANK,ok,
real_data_sample\l2_multiday_panel,2026-07-09,NSE,HDFCBANK,real_data_sample\l2_multiday_panel\trade_date=2026-07-09\exchange=NSE\symbol=HDFCBANK\part-100112_998234-028527.parquet,1,54,,True,False,2026-07-09,HDFCBANK,ok,
real_data_sample\l2_multiday_panel,2026-07-09,NSE,HINDUNILVR,real_data_sample\l2_multiday_panel\trade_date=2026-07-09\exchange=NSE\symbol=HINDUNILVR\part-062605_266987-000013.parquet,7,54,,True,False,2026-07-09,HINDUNILVR,ok,
real_data_sample\l2_multiday_panel,2026-07-09,NSE,HINDUNILVR,real_data_sample\l2_multiday_panel\trade_date=2026-07-09\exchange=NSE\symbol=HINDUNILVR\part-100113_138124-028528.parquet,1,54,,True,False,2026-07-09,HINDUNILVR,ok,
real_data_sample\l2_multiday_panel,2026-07-09,NSE,ICICIBANK,real_data_sample\l2_multiday_panel\trade_date=2026-07-09\exchange=NSE\symbol=ICICIBANK\part-062605_407053-000014.parquet,11,54,,True,False,2026-07-09,ICICIBANK,ok,
real_data_sample\l2_multiday_panel,2026-07-09,NSE,ICICIBANK,real_data_sample\l2_multiday_panel\trade_date=2026-07-09\exchange=NSE\symbol=ICICIBANK\part-100126_496570-028537.parquet,1,54,,True,False,2026-07-09,ICICIBANK,ok,
real_data_sample\l2_multiday_panel,2026-07-09,NSE,INFY,real_data_sample\l2_multiday_panel\trade_date=2026-07-09\exchange=NSE\symbol=INFY\part-062605_543700-000015.parquet,11,54,,True,False,2026-07-09,INFY,ok,
real_data_sample\l2_multiday_panel,2026-07-09,NSE,INFY,real_data_sample\l2_multiday_panel\trade_date=2026-07-09\exchange=NSE\symbol=INFY\part-100113_270322-028529.parquet,1,54,,True,False,2026-07-09,INFY,ok,
real_data_sample\l2_multiday_panel,2026-07-09,NSE,ITBEES,real_data_sample\l2_multiday_panel\trade_date=2026-07-09\exchange=NSE\symbol=ITBEES\part-062605_682267-000016.parquet,6,54,,True,False,2026-07-09,ITBEES,ok,
real_data_sample\l2_multiday_panel,2026-07-09,NSE,ITBEES,real_data_sample\l2_multiday_panel\trade_date=2026-07-09\exchange=NSE\symbol=ITBEES\part-100126_622573-028538.parquet,1,54,,True,False,2026-07-09,ITBEES,ok,
real_data_sample\l2_multiday_panel,2026-07-09,NSE,ITC,real_data_sample\l2_multiday_panel\trade_date=2026-07-09\exchange=NSE\symbol=ITC\part-062605_817390-000017.parquet,6,54,,True,False,2026-07-09,ITC,ok,
real_data_sample\l2_multiday_panel,2026-07-09,NSE,ITC,real_data_sample\l2_multiday_panel\trade_date=2026-07-09\exchange=NSE\symbol=ITC\part-100126_745885-028539.parquet,1,54,,True,False,2026-07-09,ITC,ok,
real_data_sample\l2_multiday_panel,2026-07-09,NSE,JUNIORBEES,real_data_sample\l2_multiday_panel\trade_date=2026-07-09\exchange=NSE\symbol=JUNIORBEES\part-062605_956663-000018.parquet,10,54,,True,False,2026-07-09,JUNIORBEES,ok,
real_data_sample\l2_multiday_panel,2026-07-09,NSE,JUNIORBEES,real_data_sample\l2_multiday_panel\trade_date=2026-07-09\exchange=NSE\symbol=JUNIORBEES\part-100126_870322-028540.parquet,1,54,,True,False,2026-07-09,JUNIORBEES,ok,
real_data_sample\l2_multiday_panel,2026-07-09,NSE,KOTAKBANK,real_data_sample\l2_multiday_panel\trade_date=2026-07-09\exchange=NSE\symbol=KOTAKBANK\part-062606_134313-000019.parquet,19,54,,True,False,2026-07-09,KOTAKBANK,ok,
real_data_sample\l2_multiday_panel,2026-07-09,NSE,KOTAKBANK,real_data_sample\l2_multiday_panel\trade_date=2026-07-09\exchange=NSE\symbol=KOTAKBANK\part-100126_991948-028541.parquet,1,54,,True,False,2026-07-09,KOTAKBANK,ok,
real_data_sample\l2_multiday_panel,2026-07-09,NSE,LT,real_data_sample\l2_multiday_panel\trade_date=2026-07-09\exchange=NSE\symbol=LT\part-062606_274994-000020.parquet,5,54,,True,False,2026-07-09,LT,ok,
real_data_sample\l2_multiday_panel,2026-07-09,NSE,LT,real_data_sample\l2_multiday_panel\trade_date=2026-07-09\exchange=NSE\symbol=LT\part-100127_126341-028542.parquet,1,54,,True,False,2026-07-09,LT,ok,
real_data_sample\l2_multiday_panel,2026-07-09,NSE,M&M,real_data_sample\l2_multiday_panel\trade_date=2026-07-09\exchange=NSE\symbol=M&M\part-062606_408397-000021.parquet,17,54,,True,False,2026-07-09,M&M,ok,
real_data_sample\l2_multiday_panel,2026-07-09,NSE,M&M,real_data_sample\l2_multiday_panel\trade_date=2026-07-09\exchange=NSE\symbol=M&M\part-100127_275178-028543.parquet,1,54,,True,False,2026-07-09,M&M,ok,
real_data_sample\l2_multiday_panel,2026-07-09,NSE,MARUTI,real_data_sample\l2_multiday_panel\trade_date=2026-07-09\exchange=NSE\symbol=MARUTI\part-062606_541546-000022.parquet,19,54,,True,False,2026-07-09,MARUTI,ok,
real_data_sample\l2_multiday_panel,2026-07-09,NSE,MARUTI,real_data_sample\l2_multiday_panel\trade_date=2026-07-09\exchange=NSE\symbol=MARUTI\part-100127_396080-028544.parquet,1,54,,True,False,2026-07-09,MARUTI,ok,
real_data_sample\l2_multiday_panel,2026-07-09,NSE,NESTLEIND,real_data_sample\l2_multiday_panel\trade_date=2026-07-09\exchange=NSE\symbol=NESTLEIND\part-062606_708199-000023.parquet,6,54,,True,False,2026-07-09,NESTLEIND,ok,
real_data_sample\l2_multiday_panel,2026-07-09,NSE,NESTLEIND,real_data_sample\l2_multiday_panel\trade_date=2026-07-09\exchange=NSE\symbol=NESTLEIND\part-100127_534944-028545.parquet,1,54,,True,False,2026-07-09,NESTLEIND,ok,
real_data_sample\l2_multiday_panel,2026-07-09,NSE,NIFTYBEES,real_data_sample\l2_multiday_panel\trade_date=2026-07-09\exchange=NSE\symbol=NIFTYBEES\part-062606_871561-000024.parquet,12,54,,True,False,2026-07-09,NIFTYBEES,ok,
real_data_sample\l2_multiday_panel,2026-07-09,NSE,NIFTYBEES,real_data_sample\l2_multiday_panel\trade_date=2026-07-09\exchange=NSE\symbol=NIFTYBEES\part-100127_659215-028546.parquet,1,54,,True,False,2026-07-09,NIFTYBEES,ok,
real_data_sample\l2_multiday_panel,2026-07-09,NSE,ONGC,real_data_sample\l2_multiday_panel\trade_date=2026-07-09\exchange=NSE\symbol=ONGC\part-062607_032914-000025.parquet,6,54,,True,False,2026-07-09,ONGC,ok,
real_data_sample\l2_multiday_panel,2026-07-09,NSE,ONGC,real_data_sample\l2_multiday_panel\trade_date=2026-07-09\exchange=NSE\symbol=ONGC\part-100127_783397-028547.parquet,1,54,,True,False,2026-07-09,ONGC,ok,
real_data_sample\l2_multiday_panel,2026-07-09,NSE,RELIANCE,real_data_sample\l2_multiday_panel\trade_date=2026-07-09\exchange=NSE\symbol=RELIANCE\part-062607_166803-000026.parquet,19,54,,True,False,2026-07-09,RELIANCE,ok,
real_data_sample\l2_multiday_panel,2026-07-09,NSE,RELIANCE,real_data_sample\l2_multiday_panel\trade_date=2026-07-09\exchange=NSE\symbol=RELIANCE\part-100127_926700-028548.parquet,1,54,,True,False,2026-07-09,RELIANCE,ok,
real_data_sample\l2_multiday_panel,2026-07-09,NSE,SBIN,real_data_sample\l2_multiday_panel\trade_date=2026-07-09\exchange=NSE\symbol=SBIN\part-062607_297281-000027.parquet,7,54,,True,False,2026-07-09,SBIN,ok,
real_data_sample\l2_multiday_panel,2026-07-09,NSE,SBIN,real_data_sample\l2_multiday_panel\trade_date=2026-07-09\exchange=NSE\symbol=SBIN\part-100128_058790-028549.parquet,1,54,,True,False,2026-07-09,SBIN,ok,
real_data_sample\l2_multiday_panel,2026-07-09,NSE,SUNPHARMA,real_data_sample\l2_multiday_panel\trade_date=2026-07-09\exchange=NSE\symbol=SUNPHARMA\part-062607_430516-000028.parquet,19,54,,True,False,2026-07-09,SUNPHARMA,ok,
real_data_sample\l2_multiday_panel,2026-07-09,NSE,SUNPHARMA,real_data_sample\l2_multiday_panel\trade_date=2026-07-09\exchange=NSE\symbol=SUNPHARMA\part-100128_181143-028550.parquet,1,54,,True,False,2026-07-09,SUNPHARMA,ok,
real_data_sample\l2_multiday_panel,2026-07-09,NSE,TCS,real_data_sample\l2_multiday_panel\trade_date=2026-07-09\exchange=NSE\symbol=TCS\part-062607_576207-000029.parquet,19,54,,True,False,2026-07-09,TCS,ok,
real_data_sample\l2_multiday_panel,2026-07-09,NSE,TCS,real_data_sample\l2_multiday_panel\trade_date=2026-07-09\exchange=NSE\symbol=TCS\part-100128_305657-028551.parquet,1,54,,True,False,2026-07-09,TCS,ok,
real_data_sample\l2_multiday_panel,2026-07-09,NSE,TECHM,real_data_sample\l2_multiday_panel\trade_date=2026-07-09\exchange=NSE\symbol=TECHM\part-062607_717273-000030.parquet,6,54,,True,False,2026-07-09,TECHM,ok,
real_data_sample\l2_multiday_panel,2026-07-09,NSE,TECHM,real_data_sample\l2_multiday_panel\trade_date=2026-07-09\exchange=NSE\symbol=TECHM\part-100128_428176-028552.parquet,1,54,,True,False,2026-07-09,TECHM,ok,
real_data_sample\l2_multiday_panel,2026-07-09,NSE,ULTRACEMCO,real_data_sample\l2_multiday_panel\trade_date=2026-07-09\exchange=NSE\symbol=ULTRACEMCO\part-062607_847509-000031.parquet,6,54,,True,False,2026-07-09,ULTRACEMCO,ok,
real_data_sample\l2_multiday_panel,2026-07-09,NSE,ULTRACEMCO,real_data_sample\l2_multiday_panel\trade_date=2026-07-09\exchange=NSE\symbol=ULTRACEMCO\part-100128_554751-028553.parquet,1,54,,True,False,2026-07-09,ULTRACEMCO,ok,
real_data_sample\l2_multiday_panel,2026-07-09,NSE,WIPRO,real_data_sample\l2_multiday_panel\trade_date=2026-07-09\exchange=NSE\symbol=WIPRO\part-062607_986353-000032.parquet,7,54,,True,False,2026-07-09,WIPRO,ok,
real_data_sample\l2_multiday_panel,2026-07-09,NSE,WIPRO,real_data_sample\l2_multiday_panel\trade_date=2026-07-09\exchange=NSE\symbol=WIPRO\part-100128_686429-028554.parquet,1,54,,True,False,2026-07-09,WIPRO,ok,
real_data_sample\l2_multiday_panel,2026-07-10,NSE,ADANIPORTS,real_data_sample\l2_multiday_panel\trade_date=2026-07-10\exchange=NSE\symbol=ADANIPORTS\part-034501_427736-000006.parquet,1,54,,True,True,2026-07-10,ADANIPORTS,ok,
real_data_sample\l2_multiday_panel,2026-07-10,NSE,ADANIPORTS,real_data_sample\l2_multiday_panel\trade_date=2026-07-10\exchange=NSE\symbol=ADANIPORTS\part-100459_922852-050494.parquet,1,54,,True,False,2026-07-10,ADANIPORTS,ok,
real_data_sample\l2_multiday_panel,2026-07-10,NSE,AXISBANK,real_data_sample\l2_multiday_panel\trade_date=2026-07-10\exchange=NSE\symbol=AXISBANK\part-034501_554219-000007.parquet,1,54,,True,True,2026-07-10,AXISBANK,ok,
real_data_sample\l2_multiday_panel,2026-07-10,NSE,AXISBANK,real_data_sample\l2_multiday_panel\trade_date=2026-07-10\exchange=NSE\symbol=AXISBANK\part-100500_057541-050495.parquet,1,54,,True,False,2026-07-10,AXISBANK,ok,
real_data_sample\l2_multiday_panel,2026-07-10,NSE,BAJAJ-AUTO,real_data_sample\l2_multiday_panel\trade_date=2026-07-10\exchange=NSE\symbol=BAJAJ-AUTO\part-034501_687922-000008.parquet,1,54,,True,True,2026-07-10,BAJAJ-AUTO,ok,
real_data_sample\l2_multiday_panel,2026-07-10,NSE,BAJAJ-AUTO,real_data_sample\l2_multiday_panel\trade_date=2026-07-10\exchange=NSE\symbol=BAJAJ-AUTO\part-100500_189033-050496.parquet,1,54,,True,False,2026-07-10,BAJAJ-AUTO,ok,
real_data_sample\l2_multiday_panel,2026-07-10,NSE,BANKBEES,real_data_sample\l2_multiday_panel\trade_date=2026-07-10\exchange=NSE\symbol=BANKBEES\part-034515_256625-000036.parquet,2,54,,True,False,2026-07-10,BANKBEES,ok,
real_data_sample\l2_multiday_panel,2026-07-10,NSE,BANKBEES,real_data_sample\l2_multiday_panel\trade_date=2026-07-10\exchange=NSE\symbol=BANKBEES\part-100500_312515-050497.parquet,1,54,,True,False,2026-07-10,BANKBEES,ok,
real_data_sample\l2_multiday_panel,2026-07-10,NSE,BHARTIARTL,real_data_sample\l2_multiday_panel\trade_date=2026-07-10\exchange=NSE\symbol=BHARTIARTL\part-034501_813567-000009.parquet,1,54,,True,True,2026-07-10,BHARTIARTL,ok,
real_data_sample\l2_multiday_panel,2026-07-10,NSE,BHARTIARTL,real_data_sample\l2_multiday_panel\trade_date=2026-07-10\exchange=NSE\symbol=BHARTIARTL\part-100500_440202-050498.parquet,1,54,,True,False,2026-07-10,BHARTIARTL,ok,
real_data_sample\l2_multiday_panel,2026-07-10,NSE,BPCL,real_data_sample\l2_multiday_panel\trade_date=2026-07-10\exchange=NSE\symbol=BPCL\part-034501_935674-000010.parquet,1,54,,True,True,2026-07-10,BPCL,ok,
real_data_sample\l2_multiday_panel,2026-07-10,NSE,BPCL,real_data_sample\l2_multiday_panel\trade_date=2026-07-10\exchange=NSE\symbol=BPCL\part-100500_560374-050499.parquet,1,54,,True,False,2026-07-10,BPCL,ok,
real_data_sample\l2_multiday_panel,2026-07-10,NSE,BRITANNIA,real_data_sample\l2_multiday_panel\trade_date=2026-07-10\exchange=NSE\symbol=BRITANNIA\part-034502_065410-000011.parquet,1,54,,True,True,2026-07-10,BRITANNIA,ok,
real_data_sample\l2_multiday_panel,2026-07-10,NSE,BRITANNIA,real_data_sample\l2_multiday_panel\trade_date=2026-07-10\exchange=NSE\symbol=BRITANNIA\part-100500_706610-050500.parquet,1,54,,True,False,2026-07-10,BRITANNIA,ok,
real_data_sample\l2_multiday_panel,2026-07-10,NSE,CIPLA,real_data_sample\l2_multiday_panel\trade_date=2026-07-10\exchange=NSE\symbol=CIPLA\part-034502_196217-000012.parquet,1,54,,True,True,2026-07-10,CIPLA,ok,
real_data_sample\l2_multiday_panel,2026-07-10,NSE,CIPLA,real_data_sample\l2_multiday_panel\trade_date=2026-07-10\exchange=NSE\symbol=CIPLA\part-100500_845851-050501.parquet,1,54,,True,False,2026-07-10,CIPLA,ok,
real_data_sample\l2_multiday_panel,2026-07-10,NSE,DRREDDY,real_data_sample\l2_multiday_panel\trade_date=2026-07-10\exchange=NSE\symbol=DRREDDY\part-034502_333833-000013.parquet,1,54,,True,True,2026-07-10,DRREDDY,ok,
real_data_sample\l2_multiday_panel,2026-07-10,NSE,DRREDDY,real_data_sample\l2_multiday_panel\trade_date=2026-07-10\exchange=NSE\symbol=DRREDDY\part-100116_245030-050470.parquet,3,54,,True,False,2026-07-10,DRREDDY,ok,
real_data_sample\l2_multiday_panel,2026-07-10,NSE,GOLDBEES,real_data_sample\l2_multiday_panel\trade_date=2026-07-10\exchange=NSE\symbol=GOLDBEES\part-034515_924773-000042.parquet,2,54,,True,False,2026-07-10,GOLDBEES,ok,
real_data_sample\l2_multiday_panel,2026-07-10,NSE,GOLDBEES,real_data_sample\l2_multiday_panel\trade_date=2026-07-10\exchange=NSE\symbol=GOLDBEES\part-100500_982747-050502.parquet,1,54,,True,False,2026-07-10,GOLDBEES,ok,
real_data_sample\l2_multiday_panel,2026-07-10,NSE,HCLTECH,real_data_sample\l2_multiday_panel\trade_date=2026-07-10\exchange=NSE\symbol=HCLTECH\part-034502_462491-000014.parquet,1,54,,True,True,2026-07-10,HCLTECH,ok,
real_data_sample\l2_multiday_panel,2026-07-10,NSE,HCLTECH,real_data_sample\l2_multiday_panel\trade_date=2026-07-10\exchange=NSE\symbol=HCLTECH\part-100116_495078-050472.parquet,3,54,,True,False,2026-07-10,HCLTECH,ok,
real_data_sample\l2_multiday_panel,2026-07-10,NSE,HDFCBANK,real_data_sample\l2_multiday_panel\trade_date=2026-07-10\exchange=NSE\symbol=HDFCBANK\part-034502_590319-000015.parquet,1,54,,True,True,2026-07-10,HDFCBANK,ok,
real_data_sample\l2_multiday_panel,2026-07-10,NSE,HDFCBANK,real_data_sample\l2_multiday_panel\trade_date=2026-07-10\exchange=NSE\symbol=HDFCBANK\part-100116_612297-050473.parquet,8,54,,True,False,2026-07-10,HDFCBANK,ok,
real_data_sample\l2_multiday_panel,2026-07-10,NSE,HINDUNILVR,real_data_sample\l2_multiday_panel\trade_date=2026-07-10\exchange=NSE\symbol=HINDUNILVR\part-034502_714378-000016.parquet,1,54,,True,True,2026-07-10,HINDUNILVR,ok,
real_data_sample\l2_multiday_panel,2026-07-10,NSE,HINDUNILVR,real_data_sample\l2_multiday_panel\trade_date=2026-07-10\exchange=NSE\symbol=HINDUNILVR\part-100501_119585-050503.parquet,1,54,,True,False,2026-07-10,HINDUNILVR,ok,
real_data_sample\l2_multiday_panel,2026-07-10,NSE,ICICIBANK,real_data_sample\l2_multiday_panel\trade_date=2026-07-10\exchange=NSE\symbol=ICICIBANK\part-034502_837031-000017.parquet,1,54,,True,True,2026-07-10,ICICIBANK,ok,
real_data_sample\l2_multiday_panel,2026-07-10,NSE,ICICIBANK,real_data_sample\l2_multiday_panel\trade_date=2026-07-10\exchange=NSE\symbol=ICICIBANK\part-100116_866685-050475.parquet,4,54,,True,False,2026-07-10,ICICIBANK,ok,
real_data_sample\l2_multiday_panel,2026-07-10,NSE,INFY,real_data_sample\l2_multiday_panel\trade_date=2026-07-10\exchange=NSE\symbol=INFY\part-034502_957663-000018.parquet,1,54,,True,True,2026-07-10,INFY,ok,
real_data_sample\l2_multiday_panel,2026-07-10,NSE,INFY,real_data_sample\l2_multiday_panel\trade_date=2026-07-10\exchange=NSE\symbol=INFY\part-100116_988612-050476.parquet,6,54,,True,True,2026-07-10,INFY,ok,
real_data_sample\l2_multiday_panel,2026-07-10,NSE,ITBEES,real_data_sample\l2_multiday_panel\trade_date=2026-07-10\exchange=NSE\symbol=ITBEES\part-034516_587518-000048.parquet,2,54,,True,False,2026-07-10,ITBEES,ok,
real_data_sample\l2_multiday_panel,2026-07-10,NSE,ITBEES,real_data_sample\l2_multiday_panel\trade_date=2026-07-10\exchange=NSE\symbol=ITBEES\part-100501_269037-050504.parquet,1,54,,True,False,2026-07-10,ITBEES,ok,
real_data_sample\l2_multiday_panel,2026-07-10,NSE,ITC,real_data_sample\l2_multiday_panel\trade_date=2026-07-10\exchange=NSE\symbol=ITC\part-034503_084233-000019.parquet,1,54,,True,True,2026-07-10,ITC,ok,
real_data_sample\l2_multiday_panel,2026-07-10,NSE,ITC,real_data_sample\l2_multiday_panel\trade_date=2026-07-10\exchange=NSE\symbol=ITC\part-100117_301894-050478.parquet,7,54,,True,False,2026-07-10,ITC,ok,
real_data_sample\l2_multiday_panel,2026-07-10,NSE,JUNIORBEES,real_data_sample\l2_multiday_panel\trade_date=2026-07-10\exchange=NSE\symbol=JUNIORBEES\part-034516_831123-000050.parquet,2,54,,True,False,2026-07-10,JUNIORBEES,ok,
real_data_sample\l2_multiday_panel,2026-07-10,NSE,JUNIORBEES,real_data_sample\l2_multiday_panel\trade_date=2026-07-10\exchange=NSE\symbol=JUNIORBEES\part-100117_423795-050479.parquet,3,54,,True,True,2026-07-10,JUNIORBEES,ok,
real_data_sample\l2_multiday_panel,2026-07-10,NSE,KOTAKBANK,real_data_sample\l2_multiday_panel\trade_date=2026-07-10\exchange=NSE\symbol=KOTAKBANK\part-034503_210949-000020.parquet,2,54,,True,True,2026-07-10,KOTAKBANK,ok,
real_data_sample\l2_multiday_panel,2026-07-10,NSE,KOTAKBANK,real_data_sample\l2_multiday_panel\trade_date=2026-07-10\exchange=NSE\symbol=KOTAKBANK\part-100501_421627-050505.parquet,1,54,,True,False,2026-07-10,KOTAKBANK,ok,
real_data_sample\l2_multiday_panel,2026-07-10,NSE,LT,real_data_sample\l2_multiday_panel\trade_date=2026-07-10\exchange=NSE\symbol=LT\part-034503_332609-000021.parquet,1,54,,True,True,2026-07-10,LT,ok,
real_data_sample\l2_multiday_panel,2026-07-10,NSE,LT,real_data_sample\l2_multiday_panel\trade_date=2026-07-10\exchange=NSE\symbol=LT\part-100501_551617-050506.parquet,1,54,,True,False,2026-07-10,LT,ok,
real_data_sample\l2_multiday_panel,2026-07-10,NSE,M&M,real_data_sample\l2_multiday_panel\trade_date=2026-07-10\exchange=NSE\symbol=M&M\part-034503_456777-000022.parquet,1,54,,True,True,2026-07-10,M&M,ok,
real_data_sample\l2_multiday_panel,2026-07-10,NSE,M&M,real_data_sample\l2_multiday_panel\trade_date=2026-07-10\exchange=NSE\symbol=M&M\part-100501_679090-050507.parquet,1,54,,True,False,2026-07-10,M&M,ok,
real_data_sample\l2_multiday_panel,2026-07-10,NSE,MARUTI,real_data_sample\l2_multiday_panel\trade_date=2026-07-10\exchange=NSE\symbol=MARUTI\part-034503_581048-000023.parquet,1,54,,True,True,2026-07-10,MARUTI,ok,
real_data_sample\l2_multiday_panel,2026-07-10,NSE,MARUTI,real_data_sample\l2_multiday_panel\trade_date=2026-07-10\exchange=NSE\symbol=MARUTI\part-100117_914479-050483.parquet,5,54,,True,False,2026-07-10,MARUTI,ok,
real_data_sample\l2_multiday_panel,2026-07-10,NSE,NESTLEIND,real_data_sample\l2_multiday_panel\trade_date=2026-07-10\exchange=NSE\symbol=NESTLEIND\part-034503_704039-000024.parquet,1,54,,True,True,2026-07-10,NESTLEIND,ok,
real_data_sample\l2_multiday_panel,2026-07-10,NSE,NESTLEIND,real_data_sample\l2_multiday_panel\trade_date=2026-07-10\exchange=NSE\symbol=NESTLEIND\part-100501_808605-050508.parquet,1,54,,True,False,2026-07-10,NESTLEIND,ok,
real_data_sample\l2_multiday_panel,2026-07-10,NSE,NIFTYBEES,real_data_sample\l2_multiday_panel\trade_date=2026-07-10\exchange=NSE\symbol=NIFTYBEES\part-034517_509328-000056.parquet,2,54,,True,False,2026-07-10,NIFTYBEES,ok,
real_data_sample\l2_multiday_panel,2026-07-10,NSE,NIFTYBEES,real_data_sample\l2_multiday_panel\trade_date=2026-07-10\exchange=NSE\symbol=NIFTYBEES\part-100501_949071-050509.parquet,1,54,,True,False,2026-07-10,NIFTYBEES,ok,
real_data_sample\l2_multiday_panel,2026-07-10,NSE,ONGC,real_data_sample\l2_multiday_panel\trade_date=2026-07-10\exchange=NSE\symbol=ONGC\part-034503_830760-000025.parquet,1,54,,True,True,2026-07-10,ONGC,ok,
real_data_sample\l2_multiday_panel,2026-07-10,NSE,ONGC,real_data_sample\l2_multiday_panel\trade_date=2026-07-10\exchange=NSE\symbol=ONGC\part-100502_083531-050510.parquet,1,54,,True,False,2026-07-10,ONGC,ok,
real_data_sample\l2_multiday_panel,2026-07-10,NSE,RELIANCE,real_data_sample\l2_multiday_panel\trade_date=2026-07-10\exchange=NSE\symbol=RELIANCE\part-034503_950112-000026.parquet,1,54,,True,True,2026-07-10,RELIANCE,ok,
real_data_sample\l2_multiday_panel,2026-07-10,NSE,RELIANCE,real_data_sample\l2_multiday_panel\trade_date=2026-07-10\exchange=NSE\symbol=RELIANCE\part-100118_427973-050487.parquet,3,54,,True,True,2026-07-10,RELIANCE,ok,
real_data_sample\l2_multiday_panel,2026-07-10,NSE,SBIN,real_data_sample\l2_multiday_panel\trade_date=2026-07-10\exchange=NSE\symbol=SBIN\part-034504_082031-000027.parquet,2,54,,True,True,2026-07-10,SBIN,ok,
real_data_sample\l2_multiday_panel,2026-07-10,NSE,SBIN,real_data_sample\l2_multiday_panel\trade_date=2026-07-10\exchange=NSE\symbol=SBIN\part-100118_549569-050488.parquet,7,54,,True,False,2026-07-10,SBIN,ok,
real_data_sample\l2_multiday_panel,2026-07-10,NSE,SUNPHARMA,real_data_sample\l2_multiday_panel\trade_date=2026-07-10\exchange=NSE\symbol=SUNPHARMA\part-034504_206778-000028.parquet,1,54,,True,True,2026-07-10,SUNPHARMA,ok,
real_data_sample\l2_multiday_panel,2026-07-10,NSE,SUNPHARMA,real_data_sample\l2_multiday_panel\trade_date=2026-07-10\exchange=NSE\symbol=SUNPHARMA\part-100502_213121-050511.parquet,1,54,,True,False,2026-07-10,SUNPHARMA,ok,
real_data_sample\l2_multiday_panel,2026-07-10,NSE,TCS,real_data_sample\l2_multiday_panel\trade_date=2026-07-10\exchange=NSE\symbol=TCS\part-034504_326835-000029.parquet,1,54,,True,True,2026-07-10,TCS,ok,
real_data_sample\l2_multiday_panel,2026-07-10,NSE,TCS,real_data_sample\l2_multiday_panel\trade_date=2026-07-10\exchange=NSE\symbol=TCS\part-100118_856115-050490.parquet,7,54,,True,True,2026-07-10,TCS,ok,
real_data_sample\l2_multiday_panel,2026-07-10,NSE,TECHM,real_data_sample\l2_multiday_panel\trade_date=2026-07-10\exchange=NSE\symbol=TECHM\part-034504_447838-000030.parquet,1,54,,True,True,2026-07-10,TECHM,ok,
real_data_sample\l2_multiday_panel,2026-07-10,NSE,TECHM,real_data_sample\l2_multiday_panel\trade_date=2026-07-10\exchange=NSE\symbol=TECHM\part-100502_338219-050512.parquet,1,54,,True,False,2026-07-10,TECHM,ok,
real_data_sample\l2_multiday_panel,2026-07-10,NSE,ULTRACEMCO,real_data_sample\l2_multiday_panel\trade_date=2026-07-10\exchange=NSE\symbol=ULTRACEMCO\part-034504_579897-000031.parquet,1,54,,True,True,2026-07-10,ULTRACEMCO,ok,
real_data_sample\l2_multiday_panel,2026-07-10,NSE,ULTRACEMCO,real_data_sample\l2_multiday_panel\trade_date=2026-07-10\exchange=NSE\symbol=ULTRACEMCO\part-100502_466504-050513.parquet,1,54,,True,False,2026-07-10,ULTRACEMCO,ok,
real_data_sample\l2_multiday_panel,2026-07-10,NSE,WIPRO,real_data_sample\l2_multiday_panel\trade_date=2026-07-10\exchange=NSE\symbol=WIPRO\part-034504_701826-000032.parquet,1,54,,True,True,2026-07-10,WIPRO,ok,
real_data_sample\l2_multiday_panel,2026-07-10,NSE,WIPRO,real_data_sample\l2_multiday_panel\trade_date=2026-07-10\exchange=NSE\symbol=WIPRO\part-100502_587143-050514.parquet,1,54,,True,False,2026-07-10,WIPRO,ok,
real_data_sample\l2_multiday_panel,2026-07-13,NSE,ADANIPORTS,real_data_sample\l2_multiday_panel\trade_date=2026-07-13\exchange=NSE\symbol=ADANIPORTS\part-034501_461115-000006.parquet,1,54,,True,True,2026-07-13,ADANIPORTS,ok,
real_data_sample\l2_multiday_panel,2026-07-13,NSE,ADANIPORTS,real_data_sample\l2_multiday_panel\trade_date=2026-07-13\exchange=NSE\symbol=ADANIPORTS\part-100140_980924-050206.parquet,1,54,,True,False,2026-07-13,ADANIPORTS,ok,
real_data_sample\l2_multiday_panel,2026-07-13,NSE,AXISBANK,real_data_sample\l2_multiday_panel\trade_date=2026-07-13\exchange=NSE\symbol=AXISBANK\part-034501_605662-000007.parquet,1,54,,True,True,2026-07-13,AXISBANK,ok,
real_data_sample\l2_multiday_panel,2026-07-13,NSE,AXISBANK,real_data_sample\l2_multiday_panel\trade_date=2026-07-13\exchange=NSE\symbol=AXISBANK\part-100122_227622-050181.parquet,1,54,,True,False,2026-07-13,AXISBANK,ok,
real_data_sample\l2_multiday_panel,2026-07-13,NSE,BAJAJ-AUTO,real_data_sample\l2_multiday_panel\trade_date=2026-07-13\exchange=NSE\symbol=BAJAJ-AUTO\part-034501_757997-000008.parquet,1,54,,True,True,2026-07-13,BAJAJ-AUTO,ok,
real_data_sample\l2_multiday_panel,2026-07-13,NSE,BAJAJ-AUTO,real_data_sample\l2_multiday_panel\trade_date=2026-07-13\exchange=NSE\symbol=BAJAJ-AUTO\part-100122_365351-050182.parquet,1,54,,True,False,2026-07-13,BAJAJ-AUTO,ok,
real_data_sample\l2_multiday_panel,2026-07-13,NSE,BANKBEES,real_data_sample\l2_multiday_panel\trade_date=2026-07-13\exchange=NSE\symbol=BANKBEES\part-034515_611482-000036.parquet,2,54,,True,True,2026-07-13,BANKBEES,ok,
real_data_sample\l2_multiday_panel,2026-07-13,NSE,BANKBEES,real_data_sample\l2_multiday_panel\trade_date=2026-07-13\exchange=NSE\symbol=BANKBEES\part-100141_131697-050207.parquet,1,54,,True,False,2026-07-13,BANKBEES,ok,
real_data_sample\l2_multiday_panel,2026-07-13,NSE,BHARTIARTL,real_data_sample\l2_multiday_panel\trade_date=2026-07-13\exchange=NSE\symbol=BHARTIARTL\part-034501_889174-000009.parquet,1,54,,True,True,2026-07-13,BHARTIARTL,ok,
real_data_sample\l2_multiday_panel,2026-07-13,NSE,BHARTIARTL,real_data_sample\l2_multiday_panel\trade_date=2026-07-13\exchange=NSE\symbol=BHARTIARTL\part-100141_292382-050208.parquet,1,54,,True,False,2026-07-13,BHARTIARTL,ok,
real_data_sample\l2_multiday_panel,2026-07-13,NSE,BPCL,real_data_sample\l2_multiday_panel\trade_date=2026-07-13\exchange=NSE\symbol=BPCL\part-034502_038569-000010.parquet,1,54,,True,True,2026-07-13,BPCL,ok,
real_data_sample\l2_multiday_panel,2026-07-13,NSE,BPCL,real_data_sample\l2_multiday_panel\trade_date=2026-07-13\exchange=NSE\symbol=BPCL\part-100122_503645-050183.parquet,1,54,,True,False,2026-07-13,BPCL,ok,
real_data_sample\l2_multiday_panel,2026-07-13,NSE,BRITANNIA,real_data_sample\l2_multiday_panel\trade_date=2026-07-13\exchange=NSE\symbol=BRITANNIA\part-034502_179937-000011.parquet,1,54,,True,True,2026-07-13,BRITANNIA,ok,
real_data_sample\l2_multiday_panel,2026-07-13,NSE,BRITANNIA,real_data_sample\l2_multiday_panel\trade_date=2026-07-13\exchange=NSE\symbol=BRITANNIA\part-100122_650311-050184.parquet,1,54,,True,False,2026-07-13,BRITANNIA,ok,
real_data_sample\l2_multiday_panel,2026-07-13,NSE,CIPLA,real_data_sample\l2_multiday_panel\trade_date=2026-07-13\exchange=NSE\symbol=CIPLA\part-034502_320381-000012.parquet,1,54,,True,True,2026-07-13,CIPLA,ok,
real_data_sample\l2_multiday_panel,2026-07-13,NSE,CIPLA,real_data_sample\l2_multiday_panel\trade_date=2026-07-13\exchange=NSE\symbol=CIPLA\part-100141_444873-050209.parquet,1,54,,True,False,2026-07-13,CIPLA,ok,
real_data_sample\l2_multiday_panel,2026-07-13,NSE,DRREDDY,real_data_sample\l2_multiday_panel\trade_date=2026-07-13\exchange=NSE\symbol=DRREDDY\part-034502_452126-000013.parquet,1,54,,True,True,2026-07-13,DRREDDY,ok,
real_data_sample\l2_multiday_panel,2026-07-13,NSE,DRREDDY,real_data_sample\l2_multiday_panel\trade_date=2026-07-13\exchange=NSE\symbol=DRREDDY\part-100122_785508-050185.parquet,1,54,,True,False,2026-07-13,DRREDDY,ok,
real_data_sample\l2_multiday_panel,2026-07-13,NSE,GOLDBEES,real_data_sample\l2_multiday_panel\trade_date=2026-07-13\exchange=NSE\symbol=GOLDBEES\part-034516_327126-000042.parquet,2,54,,True,False,2026-07-13,GOLDBEES,ok,
real_data_sample\l2_multiday_panel,2026-07-13,NSE,GOLDBEES,real_data_sample\l2_multiday_panel\trade_date=2026-07-13\exchange=NSE\symbol=GOLDBEES\part-100122_930799-050186.parquet,1,54,,True,False,2026-07-13,GOLDBEES,ok,
real_data_sample\l2_multiday_panel,2026-07-13,NSE,HCLTECH,real_data_sample\l2_multiday_panel\trade_date=2026-07-13\exchange=NSE\symbol=HCLTECH\part-034502_601925-000014.parquet,1,54,,True,True,2026-07-13,HCLTECH,ok,
real_data_sample\l2_multiday_panel,2026-07-13,NSE,HCLTECH,real_data_sample\l2_multiday_panel\trade_date=2026-07-13\exchange=NSE\symbol=HCLTECH\part-100123_073528-050187.parquet,1,54,,True,False,2026-07-13,HCLTECH,ok,
real_data_sample\l2_multiday_panel,2026-07-13,NSE,HDFCBANK,real_data_sample\l2_multiday_panel\trade_date=2026-07-13\exchange=NSE\symbol=HDFCBANK\part-034502_729724-000015.parquet,1,54,,True,True,2026-07-13,HDFCBANK,ok,
real_data_sample\l2_multiday_panel,2026-07-13,NSE,HDFCBANK,real_data_sample\l2_multiday_panel\trade_date=2026-07-13\exchange=NSE\symbol=HDFCBANK\part-100123_219242-050188.parquet,1,54,,True,False,2026-07-13,HDFCBANK,ok,
real_data_sample\l2_multiday_panel,2026-07-13,NSE,HINDUNILVR,real_data_sample\l2_multiday_panel\trade_date=2026-07-13\exchange=NSE\symbol=HINDUNILVR\part-034502_860555-000016.parquet,1,54,,True,True,2026-07-13,HINDUNILVR,ok,
real_data_sample\l2_multiday_panel,2026-07-13,NSE,HINDUNILVR,real_data_sample\l2_multiday_panel\trade_date=2026-07-13\exchange=NSE\symbol=HINDUNILVR\part-100123_361642-050189.parquet,1,54,,True,False,2026-07-13,HINDUNILVR,ok,
real_data_sample\l2_multiday_panel,2026-07-13,NSE,ICICIBANK,real_data_sample\l2_multiday_panel\trade_date=2026-07-13\exchange=NSE\symbol=ICICIBANK\part-034502_988562-000017.parquet,1,54,,True,True,2026-07-13,ICICIBANK,ok,
real_data_sample\l2_multiday_panel,2026-07-13,NSE,ICICIBANK,real_data_sample\l2_multiday_panel\trade_date=2026-07-13\exchange=NSE\symbol=ICICIBANK\part-100123_501495-050190.parquet,1,54,,True,False,2026-07-13,ICICIBANK,ok,
real_data_sample\l2_multiday_panel,2026-07-13,NSE,INFY,real_data_sample\l2_multiday_panel\trade_date=2026-07-13\exchange=NSE\symbol=INFY\part-034503_117898-000018.parquet,1,54,,True,True,2026-07-13,INFY,ok,
real_data_sample\l2_multiday_panel,2026-07-13,NSE,INFY,real_data_sample\l2_multiday_panel\trade_date=2026-07-13\exchange=NSE\symbol=INFY\part-100123_638331-050191.parquet,1,54,,True,False,2026-07-13,INFY,ok,
real_data_sample\l2_multiday_panel,2026-07-13,NSE,ITBEES,real_data_sample\l2_multiday_panel\trade_date=2026-07-13\exchange=NSE\symbol=ITBEES\part-034517_017153-000048.parquet,2,54,,True,False,2026-07-13,ITBEES,ok,
real_data_sample\l2_multiday_panel,2026-07-13,NSE,ITBEES,real_data_sample\l2_multiday_panel\trade_date=2026-07-13\exchange=NSE\symbol=ITBEES\part-100123_781513-050192.parquet,1,54,,True,False,2026-07-13,ITBEES,ok,
real_data_sample\l2_multiday_panel,2026-07-13,NSE,ITC,real_data_sample\l2_multiday_panel\trade_date=2026-07-13\exchange=NSE\symbol=ITC\part-034503_268298-000019.parquet,1,54,,True,True,2026-07-13,ITC,ok,
real_data_sample\l2_multiday_panel,2026-07-13,NSE,ITC,real_data_sample\l2_multiday_panel\trade_date=2026-07-13\exchange=NSE\symbol=ITC\part-100123_923122-050193.parquet,1,54,,True,False,2026-07-13,ITC,ok,
real_data_sample\l2_multiday_panel,2026-07-13,NSE,JUNIORBEES,real_data_sample\l2_multiday_panel\trade_date=2026-07-13\exchange=NSE\symbol=JUNIORBEES\part-034517_282487-000050.parquet,2,54,,True,False,2026-07-13,JUNIORBEES,ok,
real_data_sample\l2_multiday_panel,2026-07-13,NSE,JUNIORBEES,real_data_sample\l2_multiday_panel\trade_date=2026-07-13\exchange=NSE\symbol=JUNIORBEES\part-100124_062827-050194.parquet,1,54,,True,False,2026-07-13,JUNIORBEES,ok,
real_data_sample\l2_multiday_panel,2026-07-13,NSE,KOTAKBANK,real_data_sample\l2_multiday_panel\trade_date=2026-07-13\exchange=NSE\symbol=KOTAKBANK\part-034503_409193-000020.parquet,1,54,,True,True,2026-07-13,KOTAKBANK,ok,
real_data_sample\l2_multiday_panel,2026-07-13,NSE,KOTAKBANK,real_data_sample\l2_multiday_panel\trade_date=2026-07-13\exchange=NSE\symbol=KOTAKBANK\part-100124_217580-050195.parquet,1,54,,True,False,2026-07-13,KOTAKBANK,ok,
real_data_sample\l2_multiday_panel,2026-07-13,NSE,LT,real_data_sample\l2_multiday_panel\trade_date=2026-07-13\exchange=NSE\symbol=LT\part-034503_545025-000021.parquet,1,54,,True,True,2026-07-13,LT,ok,
real_data_sample\l2_multiday_panel,2026-07-13,NSE,LT,real_data_sample\l2_multiday_panel\trade_date=2026-07-13\exchange=NSE\symbol=LT\part-100124_362972-050196.parquet,1,54,,True,False,2026-07-13,LT,ok,
real_data_sample\l2_multiday_panel,2026-07-13,NSE,M&M,real_data_sample\l2_multiday_panel\trade_date=2026-07-13\exchange=NSE\symbol=M&M\part-034503_695120-000022.parquet,1,54,,True,True,2026-07-13,M&M,ok,
real_data_sample\l2_multiday_panel,2026-07-13,NSE,M&M,real_data_sample\l2_multiday_panel\trade_date=2026-07-13\exchange=NSE\symbol=M&M\part-100141_602057-050210.parquet,1,54,,True,False,2026-07-13,M&M,ok,
real_data_sample\l2_multiday_panel,2026-07-13,NSE,MARUTI,real_data_sample\l2_multiday_panel\trade_date=2026-07-13\exchange=NSE\symbol=MARUTI\part-034503_823825-000023.parquet,2,54,,True,True,2026-07-13,MARUTI,ok,
real_data_sample\l2_multiday_panel,2026-07-13,NSE,MARUTI,real_data_sample\l2_multiday_panel\trade_date=2026-07-13\exchange=NSE\symbol=MARUTI\part-100124_507989-050197.parquet,1,54,,True,False,2026-07-13,MARUTI,ok,
real_data_sample\l2_multiday_panel,2026-07-13,NSE,NESTLEIND,real_data_sample\l2_multiday_panel\trade_date=2026-07-13\exchange=NSE\symbol=NESTLEIND\part-034503_950077-000024.parquet,1,54,,True,True,2026-07-13,NESTLEIND,ok,
real_data_sample\l2_multiday_panel,2026-07-13,NSE,NESTLEIND,real_data_sample\l2_multiday_panel\trade_date=2026-07-13\exchange=NSE\symbol=NESTLEIND\part-100124_654903-050198.parquet,1,54,,True,False,2026-07-13,NESTLEIND,ok,
real_data_sample\l2_multiday_panel,2026-07-13,NSE,NIFTYBEES,real_data_sample\l2_multiday_panel\trade_date=2026-07-13\exchange=NSE\symbol=NIFTYBEES\part-034518_008261-000056.parquet,2,54,,True,False,2026-07-13,NIFTYBEES,ok,
real_data_sample\l2_multiday_panel,2026-07-13,NSE,NIFTYBEES,real_data_sample\l2_multiday_panel\trade_date=2026-07-13\exchange=NSE\symbol=NIFTYBEES\part-100124_794529-050199.parquet,1,54,,True,False,2026-07-13,NIFTYBEES,ok,
real_data_sample\l2_multiday_panel,2026-07-13,NSE,ONGC,real_data_sample\l2_multiday_panel\trade_date=2026-07-13\exchange=NSE\symbol=ONGC\part-034504_083380-000025.parquet,1,54,,True,True,2026-07-13,ONGC,ok,
real_data_sample\l2_multiday_panel,2026-07-13,NSE,ONGC,real_data_sample\l2_multiday_panel\trade_date=2026-07-13\exchange=NSE\symbol=ONGC\part-100124_949284-050200.parquet,1,54,,True,False,2026-07-13,ONGC,ok,
real_data_sample\l2_multiday_panel,2026-07-13,NSE,RELIANCE,real_data_sample\l2_multiday_panel\trade_date=2026-07-13\exchange=NSE\symbol=RELIANCE\part-034504_243903-000026.parquet,1,54,,True,True,2026-07-13,RELIANCE,ok,
real_data_sample\l2_multiday_panel,2026-07-13,NSE,RELIANCE,real_data_sample\l2_multiday_panel\trade_date=2026-07-13\exchange=NSE\symbol=RELIANCE\part-100108_778994-050179.parquet,1,54,,True,False,2026-07-13,RELIANCE,ok,
real_data_sample\l2_multiday_panel,2026-07-13,NSE,SBIN,real_data_sample\l2_multiday_panel\trade_date=2026-07-13\exchange=NSE\symbol=SBIN\part-034504_383495-000027.parquet,2,54,,True,True,2026-07-13,SBIN,ok,
real_data_sample\l2_multiday_panel,2026-07-13,NSE,SBIN,real_data_sample\l2_multiday_panel\trade_date=2026-07-13\exchange=NSE\symbol=SBIN\part-100125_096592-050201.parquet,1,54,,True,False,2026-07-13,SBIN,ok,
real_data_sample\l2_multiday_panel,2026-07-13,NSE,SUNPHARMA,real_data_sample\l2_multiday_panel\trade_date=2026-07-13\exchange=NSE\symbol=SUNPHARMA\part-034504_524718-000028.parquet,2,54,,True,True,2026-07-13,SUNPHARMA,ok,
real_data_sample\l2_multiday_panel,2026-07-13,NSE,SUNPHARMA,real_data_sample\l2_multiday_panel\trade_date=2026-07-13\exchange=NSE\symbol=SUNPHARMA\part-100125_256362-050202.parquet,1,54,,True,False,2026-07-13,SUNPHARMA,ok,
real_data_sample\l2_multiday_panel,2026-07-13,NSE,TCS,real_data_sample\l2_multiday_panel\trade_date=2026-07-13\exchange=NSE\symbol=TCS\part-034504_658177-000029.parquet,1,54,,True,True,2026-07-13,TCS,ok,
real_data_sample\l2_multiday_panel,2026-07-13,NSE,TCS,real_data_sample\l2_multiday_panel\trade_date=2026-07-13\exchange=NSE\symbol=TCS\part-100108_924738-050180.parquet,1,54,,True,False,2026-07-13,TCS,ok,
real_data_sample\l2_multiday_panel,2026-07-13,NSE,TECHM,real_data_sample\l2_multiday_panel\trade_date=2026-07-13\exchange=NSE\symbol=TECHM\part-034504_798344-000030.parquet,1,54,,True,True,2026-07-13,TECHM,ok,
real_data_sample\l2_multiday_panel,2026-07-13,NSE,TECHM,real_data_sample\l2_multiday_panel\trade_date=2026-07-13\exchange=NSE\symbol=TECHM\part-100125_418803-050203.parquet,1,54,,True,False,2026-07-13,TECHM,ok,
real_data_sample\l2_multiday_panel,2026-07-13,NSE,ULTRACEMCO,real_data_sample\l2_multiday_panel\trade_date=2026-07-13\exchange=NSE\symbol=ULTRACEMCO\part-034504_922769-000031.parquet,1,54,,True,True,2026-07-13,ULTRACEMCO,ok,
real_data_sample\l2_multiday_panel,2026-07-13,NSE,ULTRACEMCO,real_data_sample\l2_multiday_panel\trade_date=2026-07-13\exchange=NSE\symbol=ULTRACEMCO\part-100125_566742-050204.parquet,1,54,,True,False,2026-07-13,ULTRACEMCO,ok,
real_data_sample\l2_multiday_panel,2026-07-13,NSE,WIPRO,real_data_sample\l2_multiday_panel\trade_date=2026-07-13\exchange=NSE\symbol=WIPRO\part-034505_052199-000032.parquet,1,54,,True,True,2026-07-13,WIPRO,ok,
real_data_sample\l2_multiday_panel,2026-07-13,NSE,WIPRO,real_data_sample\l2_multiday_panel\trade_date=2026-07-13\exchange=NSE\symbol=WIPRO\part-100125_705145-050205.parquet,1,54,,True,False,2026-07-13,WIPRO,ok,
real_data_sample\l2_multiday_panel,2026-07-14,NSE,ADANIPORTS,real_data_sample\l2_multiday_panel\trade_date=2026-07-14\exchange=NSE\symbol=ADANIPORTS\part-034500_632676-000001.parquet,1,54,,True,True,2026-07-14,ADANIPORTS,ok,
real_data_sample\l2_multiday_panel,2026-07-14,NSE,ADANIPORTS,real_data_sample\l2_multiday_panel\trade_date=2026-07-14\exchange=NSE\symbol=ADANIPORTS\part-100139_611568-049722.parquet,1,54,,True,False,2026-07-14,ADANIPORTS,ok,
real_data_sample\l2_multiday_panel,2026-07-14,NSE,AXISBANK,real_data_sample\l2_multiday_panel\trade_date=2026-07-14\exchange=NSE\symbol=AXISBANK\part-034500_798004-000002.parquet,1,54,,True,True,2026-07-14,AXISBANK,ok,
real_data_sample\l2_multiday_panel,2026-07-14,NSE,AXISBANK,real_data_sample\l2_multiday_panel\trade_date=2026-07-14\exchange=NSE\symbol=AXISBANK\part-100139_756420-049723.parquet,1,54,,True,False,2026-07-14,AXISBANK,ok,
real_data_sample\l2_multiday_panel,2026-07-14,NSE,BAJAJ-AUTO,real_data_sample\l2_multiday_panel\trade_date=2026-07-14\exchange=NSE\symbol=BAJAJ-AUTO\part-034500_954024-000003.parquet,2,54,,True,True,2026-07-14,BAJAJ-AUTO,ok,
real_data_sample\l2_multiday_panel,2026-07-14,NSE,BAJAJ-AUTO,real_data_sample\l2_multiday_panel\trade_date=2026-07-14\exchange=NSE\symbol=BAJAJ-AUTO\part-100119_773845-049696.parquet,1,54,,True,False,2026-07-14,BAJAJ-AUTO,ok,
real_data_sample\l2_multiday_panel,2026-07-14,NSE,BANKBEES,real_data_sample\l2_multiday_panel\trade_date=2026-07-14\exchange=NSE\symbol=BANKBEES\part-034501_115368-000004.parquet,1,54,,True,False,2026-07-14,BANKBEES,ok,
real_data_sample\l2_multiday_panel,2026-07-14,NSE,BANKBEES,real_data_sample\l2_multiday_panel\trade_date=2026-07-14\exchange=NSE\symbol=BANKBEES\part-100139_904980-049724.parquet,1,54,,True,False,2026-07-14,BANKBEES,ok,
real_data_sample\l2_multiday_panel,2026-07-14,NSE,BHARTIARTL,real_data_sample\l2_multiday_panel\trade_date=2026-07-14\exchange=NSE\symbol=BHARTIARTL\part-034501_274405-000005.parquet,2,54,,True,True,2026-07-14,BHARTIARTL,ok,
real_data_sample\l2_multiday_panel,2026-07-14,NSE,BHARTIARTL,real_data_sample\l2_multiday_panel\trade_date=2026-07-14\exchange=NSE\symbol=BHARTIARTL\part-100119_906571-049697.parquet,1,54,,True,False,2026-07-14,BHARTIARTL,ok,
real_data_sample\l2_multiday_panel,2026-07-14,NSE,BPCL,real_data_sample\l2_multiday_panel\trade_date=2026-07-14\exchange=NSE\symbol=BPCL\part-034501_414136-000006.parquet,1,54,,True,True,2026-07-14,BPCL,ok,
real_data_sample\l2_multiday_panel,2026-07-14,NSE,BPCL,real_data_sample\l2_multiday_panel\trade_date=2026-07-14\exchange=NSE\symbol=BPCL\part-100140_055285-049725.parquet,1,54,,True,False,2026-07-14,BPCL,ok,
real_data_sample\l2_multiday_panel,2026-07-14,NSE,BRITANNIA,real_data_sample\l2_multiday_panel\trade_date=2026-07-14\exchange=NSE\symbol=BRITANNIA\part-034501_562116-000007.parquet,1,54,,True,True,2026-07-14,BRITANNIA,ok,
real_data_sample\l2_multiday_panel,2026-07-14,NSE,BRITANNIA,real_data_sample\l2_multiday_panel\trade_date=2026-07-14\exchange=NSE\symbol=BRITANNIA\part-100120_192084-049699.parquet,1,54,,True,False,2026-07-14,BRITANNIA,ok,
real_data_sample\l2_multiday_panel,2026-07-14,NSE,CIPLA,real_data_sample\l2_multiday_panel\trade_date=2026-07-14\exchange=NSE\symbol=CIPLA\part-034501_706625-000008.parquet,1,54,,True,True,2026-07-14,CIPLA,ok,
real_data_sample\l2_multiday_panel,2026-07-14,NSE,CIPLA,real_data_sample\l2_multiday_panel\trade_date=2026-07-14\exchange=NSE\symbol=CIPLA\part-100120_331836-049700.parquet,1,54,,True,False,2026-07-14,CIPLA,ok,
real_data_sample\l2_multiday_panel,2026-07-14,NSE,DRREDDY,real_data_sample\l2_multiday_panel\trade_date=2026-07-14\exchange=NSE\symbol=DRREDDY\part-034501_839149-000009.parquet,1,54,,True,True,2026-07-14,DRREDDY,ok,
real_data_sample\l2_multiday_panel,2026-07-14,NSE,DRREDDY,real_data_sample\l2_multiday_panel\trade_date=2026-07-14\exchange=NSE\symbol=DRREDDY\part-100140_216627-049726.parquet,1,54,,True,False,2026-07-14,DRREDDY,ok,
real_data_sample\l2_multiday_panel,2026-07-14,NSE,GOLDBEES,real_data_sample\l2_multiday_panel\trade_date=2026-07-14\exchange=NSE\symbol=GOLDBEES\part-034501_979205-000010.parquet,1,54,,True,False,2026-07-14,GOLDBEES,ok,
real_data_sample\l2_multiday_panel,2026-07-14,NSE,GOLDBEES,real_data_sample\l2_multiday_panel\trade_date=2026-07-14\exchange=NSE\symbol=GOLDBEES\part-100120_471606-049701.parquet,1,54,,True,False,2026-07-14,GOLDBEES,ok,
real_data_sample\l2_multiday_panel,2026-07-14,NSE,HCLTECH,real_data_sample\l2_multiday_panel\trade_date=2026-07-14\exchange=NSE\symbol=HCLTECH\part-034502_145371-000011.parquet,2,54,,True,True,2026-07-14,HCLTECH,ok,
real_data_sample\l2_multiday_panel,2026-07-14,NSE,HCLTECH,real_data_sample\l2_multiday_panel\trade_date=2026-07-14\exchange=NSE\symbol=HCLTECH\part-100140_372066-049727.parquet,1,54,,True,False,2026-07-14,HCLTECH,ok,
real_data_sample\l2_multiday_panel,2026-07-14,NSE,HDFCBANK,real_data_sample\l2_multiday_panel\trade_date=2026-07-14\exchange=NSE\symbol=HDFCBANK\part-034502_307986-000012.parquet,2,54,,True,True,2026-07-14,HDFCBANK,ok,
real_data_sample\l2_multiday_panel,2026-07-14,NSE,HDFCBANK,real_data_sample\l2_multiday_panel\trade_date=2026-07-14\exchange=NSE\symbol=HDFCBANK\part-100120_774208-049703.parquet,1,54,,True,False,2026-07-14,HDFCBANK,ok,
real_data_sample\l2_multiday_panel,2026-07-14,NSE,HINDUNILVR,real_data_sample\l2_multiday_panel\trade_date=2026-07-14\exchange=NSE\symbol=HINDUNILVR\part-034502_458235-000013.parquet,1,54,,True,True,2026-07-14,HINDUNILVR,ok,
real_data_sample\l2_multiday_panel,2026-07-14,NSE,HINDUNILVR,real_data_sample\l2_multiday_panel\trade_date=2026-07-14\exchange=NSE\symbol=HINDUNILVR\part-100120_911778-049704.parquet,1,54,,True,False,2026-07-14,HINDUNILVR,ok,
real_data_sample\l2_multiday_panel,2026-07-14,NSE,ICICIBANK,real_data_sample\l2_multiday_panel\trade_date=2026-07-14\exchange=NSE\symbol=ICICIBANK\part-034502_624959-000014.parquet,2,54,,True,True,2026-07-14,ICICIBANK,ok,
real_data_sample\l2_multiday_panel,2026-07-14,NSE,ICICIBANK,real_data_sample\l2_multiday_panel\trade_date=2026-07-14\exchange=NSE\symbol=ICICIBANK\part-100121_048327-049705.parquet,1,54,,True,False,2026-07-14,ICICIBANK,ok,
real_data_sample\l2_multiday_panel,2026-07-14,NSE,INFY,real_data_sample\l2_multiday_panel\trade_date=2026-07-14\exchange=NSE\symbol=INFY\part-034502_778784-000015.parquet,2,54,,True,True,2026-07-14,INFY,ok,
real_data_sample\l2_multiday_panel,2026-07-14,NSE,INFY,real_data_sample\l2_multiday_panel\trade_date=2026-07-14\exchange=NSE\symbol=INFY\part-100121_213170-049706.parquet,1,54,,True,False,2026-07-14,INFY,ok,
real_data_sample\l2_multiday_panel,2026-07-14,NSE,ITBEES,real_data_sample\l2_multiday_panel\trade_date=2026-07-14\exchange=NSE\symbol=ITBEES\part-034502_932658-000016.parquet,1,54,,True,False,2026-07-14,ITBEES,ok,
real_data_sample\l2_multiday_panel,2026-07-14,NSE,ITBEES,real_data_sample\l2_multiday_panel\trade_date=2026-07-14\exchange=NSE\symbol=ITBEES\part-100140_527770-049728.parquet,1,54,,True,False,2026-07-14,ITBEES,ok,
real_data_sample\l2_multiday_panel,2026-07-14,NSE,ITC,real_data_sample\l2_multiday_panel\trade_date=2026-07-14\exchange=NSE\symbol=ITC\part-034503_084404-000017.parquet,2,54,,True,True,2026-07-14,ITC,ok,
real_data_sample\l2_multiday_panel,2026-07-14,NSE,ITC,real_data_sample\l2_multiday_panel\trade_date=2026-07-14\exchange=NSE\symbol=ITC\part-100140_688473-049729.parquet,1,54,,True,False,2026-07-14,ITC,ok,
real_data_sample\l2_multiday_panel,2026-07-14,NSE,JUNIORBEES,real_data_sample\l2_multiday_panel\trade_date=2026-07-14\exchange=NSE\symbol=JUNIORBEES\part-034503_213734-000018.parquet,1,54,,True,False,2026-07-14,JUNIORBEES,ok,
real_data_sample\l2_multiday_panel,2026-07-14,NSE,JUNIORBEES,real_data_sample\l2_multiday_panel\trade_date=2026-07-14\exchange=NSE\symbol=JUNIORBEES\part-100121_489966-049708.parquet,1,54,,True,False,2026-07-14,JUNIORBEES,ok,
real_data_sample\l2_multiday_panel,2026-07-14,NSE,KOTAKBANK,real_data_sample\l2_multiday_panel\trade_date=2026-07-14\exchange=NSE\symbol=KOTAKBANK\part-034503_345395-000019.parquet,2,54,,True,True,2026-07-14,KOTAKBANK,ok,
real_data_sample\l2_multiday_panel,2026-07-14,NSE,KOTAKBANK,real_data_sample\l2_multiday_panel\trade_date=2026-07-14\exchange=NSE\symbol=KOTAKBANK\part-100121_630926-049709.parquet,2,54,,True,False,2026-07-14,KOTAKBANK,ok,
real_data_sample\l2_multiday_panel,2026-07-14,NSE,LT,real_data_sample\l2_multiday_panel\trade_date=2026-07-14\exchange=NSE\symbol=LT\part-034503_507822-000020.parquet,1,54,,True,True,2026-07-14,LT,ok,
real_data_sample\l2_multiday_panel,2026-07-14,NSE,LT,real_data_sample\l2_multiday_panel\trade_date=2026-07-14\exchange=NSE\symbol=LT\part-100121_774998-049710.parquet,1,54,,True,False,2026-07-14,LT,ok,
real_data_sample\l2_multiday_panel,2026-07-14,NSE,M&M,real_data_sample\l2_multiday_panel\trade_date=2026-07-14\exchange=NSE\symbol=M&M\part-034503_646284-000021.parquet,1,54,,True,True,2026-07-14,M&M,ok,
real_data_sample\l2_multiday_panel,2026-07-14,NSE,M&M,real_data_sample\l2_multiday_panel\trade_date=2026-07-14\exchange=NSE\symbol=M&M\part-100121_909056-049711.parquet,1,54,,True,False,2026-07-14,M&M,ok,
real_data_sample\l2_multiday_panel,2026-07-14,NSE,MARUTI,real_data_sample\l2_multiday_panel\trade_date=2026-07-14\exchange=NSE\symbol=MARUTI\part-034503_791797-000022.parquet,1,54,,True,True,2026-07-14,MARUTI,ok,
real_data_sample\l2_multiday_panel,2026-07-14,NSE,MARUTI,real_data_sample\l2_multiday_panel\trade_date=2026-07-14\exchange=NSE\symbol=MARUTI\part-100122_045792-049712.parquet,1,54,,True,False,2026-07-14,MARUTI,ok,
real_data_sample\l2_multiday_panel,2026-07-14,NSE,NESTLEIND,real_data_sample\l2_multiday_panel\trade_date=2026-07-14\exchange=NSE\symbol=NESTLEIND\part-034503_918807-000023.parquet,1,54,,True,True,2026-07-14,NESTLEIND,ok,
real_data_sample\l2_multiday_panel,2026-07-14,NSE,NESTLEIND,real_data_sample\l2_multiday_panel\trade_date=2026-07-14\exchange=NSE\symbol=NESTLEIND\part-100122_195009-049713.parquet,1,54,,True,False,2026-07-14,NESTLEIND,ok,
real_data_sample\l2_multiday_panel,2026-07-14,NSE,NIFTYBEES,real_data_sample\l2_multiday_panel\trade_date=2026-07-14\exchange=NSE\symbol=NIFTYBEES\part-034504_048836-000024.parquet,1,54,,True,False,2026-07-14,NIFTYBEES,ok,
real_data_sample\l2_multiday_panel,2026-07-14,NSE,NIFTYBEES,real_data_sample\l2_multiday_panel\trade_date=2026-07-14\exchange=NSE\symbol=NIFTYBEES\part-100122_330537-049714.parquet,1,54,,True,False,2026-07-14,NIFTYBEES,ok,
real_data_sample\l2_multiday_panel,2026-07-14,NSE,ONGC,real_data_sample\l2_multiday_panel\trade_date=2026-07-14\exchange=NSE\symbol=ONGC\part-034504_188129-000025.parquet,1,54,,True,True,2026-07-14,ONGC,ok,
real_data_sample\l2_multiday_panel,2026-07-14,NSE,ONGC,real_data_sample\l2_multiday_panel\trade_date=2026-07-14\exchange=NSE\symbol=ONGC\part-100122_482859-049715.parquet,1,54,,True,False,2026-07-14,ONGC,ok,
real_data_sample\l2_multiday_panel,2026-07-14,NSE,RELIANCE,real_data_sample\l2_multiday_panel\trade_date=2026-07-14\exchange=NSE\symbol=RELIANCE\part-034504_340968-000026.parquet,1,54,,True,True,2026-07-14,RELIANCE,ok,
real_data_sample\l2_multiday_panel,2026-07-14,NSE,RELIANCE,real_data_sample\l2_multiday_panel\trade_date=2026-07-14\exchange=NSE\symbol=RELIANCE\part-100140_835336-049730.parquet,1,54,,True,False,2026-07-14,RELIANCE,ok,
real_data_sample\l2_multiday_panel,2026-07-14,NSE,SBIN,real_data_sample\l2_multiday_panel\trade_date=2026-07-14\exchange=NSE\symbol=SBIN\part-034504_489891-000027.parquet,1,54,,True,True,2026-07-14,SBIN,ok,
real_data_sample\l2_multiday_panel,2026-07-14,NSE,SBIN,real_data_sample\l2_multiday_panel\trade_date=2026-07-14\exchange=NSE\symbol=SBIN\part-100141_008621-049731.parquet,1,54,,True,False,2026-07-14,SBIN,ok,
real_data_sample\l2_multiday_panel,2026-07-14,NSE,SUNPHARMA,real_data_sample\l2_multiday_panel\trade_date=2026-07-14\exchange=NSE\symbol=SUNPHARMA\part-034504_658564-000028.parquet,1,54,,True,True,2026-07-14,SUNPHARMA,ok,
real_data_sample\l2_multiday_panel,2026-07-14,NSE,SUNPHARMA,real_data_sample\l2_multiday_panel\trade_date=2026-07-14\exchange=NSE\symbol=SUNPHARMA\part-100122_775631-049717.parquet,1,54,,True,False,2026-07-14,SUNPHARMA,ok,
real_data_sample\l2_multiday_panel,2026-07-14,NSE,TCS,real_data_sample\l2_multiday_panel\trade_date=2026-07-14\exchange=NSE\symbol=TCS\part-034504_838768-000029.parquet,2,54,,True,True,2026-07-14,TCS,ok,
real_data_sample\l2_multiday_panel,2026-07-14,NSE,TCS,real_data_sample\l2_multiday_panel\trade_date=2026-07-14\exchange=NSE\symbol=TCS\part-100122_919601-049718.parquet,1,54,,True,False,2026-07-14,TCS,ok,
real_data_sample\l2_multiday_panel,2026-07-14,NSE,TECHM,real_data_sample\l2_multiday_panel\trade_date=2026-07-14\exchange=NSE\symbol=TECHM\part-034504_986692-000030.parquet,1,54,,True,True,2026-07-14,TECHM,ok,
real_data_sample\l2_multiday_panel,2026-07-14,NSE,TECHM,real_data_sample\l2_multiday_panel\trade_date=2026-07-14\exchange=NSE\symbol=TECHM\part-100123_059873-049719.parquet,1,54,,True,False,2026-07-14,TECHM,ok,
real_data_sample\l2_multiday_panel,2026-07-14,NSE,ULTRACEMCO,real_data_sample\l2_multiday_panel\trade_date=2026-07-14\exchange=NSE\symbol=ULTRACEMCO\part-034505_129076-000031.parquet,1,54,,True,True,2026-07-14,ULTRACEMCO,ok,
real_data_sample\l2_multiday_panel,2026-07-14,NSE,ULTRACEMCO,real_data_sample\l2_multiday_panel\trade_date=2026-07-14\exchange=NSE\symbol=ULTRACEMCO\part-100123_201560-049720.parquet,1,54,,True,False,2026-07-14,ULTRACEMCO,ok,
real_data_sample\l2_multiday_panel,2026-07-14,NSE,WIPRO,real_data_sample\l2_multiday_panel\trade_date=2026-07-14\exchange=NSE\symbol=WIPRO\part-034505_294518-000032.parquet,1,54,,True,True,2026-07-14,WIPRO,ok,
real_data_sample\l2_multiday_panel,2026-07-14,NSE,WIPRO,real_data_sample\l2_multiday_panel\trade_date=2026-07-14\exchange=NSE\symbol=WIPRO\part-100141_162655-049732.parquet,1,54,,True,False,2026-07-14,WIPRO,ok,
