trade_date,symbol,row_count,entry_row,source_ret_bps,event_l1_imbalance,event_l25_imbalance,event_spread_bps
2026-01-01,AXISBANK,271,21,0.0,0.017743979721166033,0.016579259008627983,1.519064256418392
2026-01-01,BANKBEES,271,21,0.0,0.3227445997458704,0.3233248515691264,3.5059016010290054
2026-01-01,HCLTECH,271,21,0.0,-0.29733163913595934,-0.2983378561736771,2.4630541871936114
2026-01-01,HDFCBANK,271,21,0.0,-0.5784919653893696,-0.5781224220425673,1.2260912211871353
2026-01-01,ICICIBANK,271,21,0.0,-0.37670384138785623,-0.37650951199338295,1.426228339157423
2026-01-01,INFY,271,21,0.0,-0.17888198757763976,-0.179210875331565,1.8153762367254742
2026-01-01,ITBEES,271,21,0.0,0.7334137515078407,0.735426731078905,3.1210986267182013
2026-01-01,NIFTYBEES,271,21,0.0,0.6196078431372549,0.6194381434304659,1.4558689717912146
2026-01-01,RELIANCE,271,21,0.0,0.436498150431566,0.43672864900444297,1.54213894671945
2026-01-01,TCS,271,21,0.0,-0.0050568900126422255,-0.008776371308016877,1.8368002938884647
2026-01-02,AXISBANK,271,21,0.0,0.015233949945593036,0.015829218704618064,3.795066413662239
2026-01-02,BANKBEES,271,21,0.0,0.33070866141732286,0.3297808465926148,5.838393274171327
2026-01-02,HCLTECH,271,21,0.0,-0.30484037075180226,-0.30470038482682793,4.935022207599187
2026-01-02,HDFCBANK,271,21,0.0,-0.5717514124293785,-0.5717948717948718,3.053248656570591
2026-01-02,ICICIBANK,271,21,0.0,-0.37037037037037035,-0.369627078029055,3.564554074285307
2026-01-02,INFY,271,21,0.0,-0.20853080568720378,-0.20766409510560263,4.570801718621446
2026-01-02,ITBEES,271,21,0.0,0.7386990077177509,0.7388169511477339,6.234413965088256
2026-01-02,NIFTYBEES,271,21,0.0,0.6232044198895028,0.6229169738976552,3.6354382520821154
2026-01-02,RELIANCE,271,21,0.0,0.44419391206313413,0.44484574868322047,3.0776332999930056
2026-01-02,TCS,271,21,0.0,-0.006528835690968444,-0.00943944234679059,3.6682103718656602
2026-01-05,AXISBANK,271,21,0.0,0.012364760432766615,0.01300041271151465,1.518602885344101
2026-01-05,BANKBEES,271,21,0.0,0.32727272727272727,0.32781456953642385,3.009278609045619
2026-01-05,HCLTECH,271,21,0.0,-0.29421487603305785,-0.29529905098212317,2.4614374794876475
2026-01-05,HDFCBANK,271,21,0.0,-0.5775729646697388,-0.5789581624282198,1.2232415902129548
2026-01-05,ICICIBANK,271,21,0.0,-0.3681592039800995,-0.36824623560673164,1.4226774790158305
2026-01-05,INFY,271,21,0.0,-0.1884297520661157,-0.18759655705142353,1.8173557473858981
2026-01-05,ITBEES,271,21,0.0,0.7361769352290679,0.7374525516659637,3.1181789834752465
2026-01-05,NIFTYBEES,271,21,0.0,0.6189683860232945,0.6207509442346145,1.0923788369796714
2026-01-05,RELIANCE,271,21,0.0,0.4354587869362364,0.4367863815652896,1.5447594037232217
2026-01-05,TCS,271,21,0.0,-0.006482982171799027,-0.007142857142857143,1.3785497656452863
2026-01-06,AXISBANK,271,21,0.0,0.019580419580419582,0.019604182225541448,1.5157256536553096
2026-01-06,BANKBEES,271,21,0.0,0.32716927453769556,0.3279529054310672,3.501867662752179
2026-01-06,HCLTECH,271,21,0.0,-0.2913719943422914,-0.2923512747875354,2.453185051925378
2026-01-06,HDFCBANK,271,21,0.0,-0.5737931034482758,-0.5748480942736144,1.2249647822627885
2026-01-06,ICICIBANK,271,21,0.0,-0.3706777316735823,-0.3716765140324963,1.424095699231312
2026-01-06,INFY,271,21,0.0,-0.18723404255319148,-0.18632834690399547,1.8124150430432089
2026-01-06,ITBEES,271,21,0.0,0.7393103448275862,0.7384020618556701,3.116235587409788
2026-01-06,NIFTYBEES,271,21,0.0,0.6195190947666195,0.619973569945252,1.4590020426036063
2026-01-06,RELIANCE,271,21,0.0,0.44039270687237025,0.4419692998876825,1.539408866995424
2026-01-06,TCS,271,21,0.0,-0.005625879043600563,-0.0069470521967705595,1.8382352941159752
2026-01-07,AXISBANK,271,21,0.0,0.0052677787532923615,0.00492091388400703,3.8370040672243113
2026-01-07,BANKBEES,271,21,0.0,0.31037489102005233,0.31034081656391765,8.38518170688759
2026-01-07,HCLTECH,271,21,0.0,-0.31479897348160824,-0.3134345394361374,4.9954208642089455
2026-01-07,HDFCBANK,271,21,0.0,-0.595256312165264,-0.5952429563086974,3.085848299697587
2026-01-07,ICICIBANK,271,21,0.0,-0.3968379446640316,-0.396160742537707,3.591695998850658
2026-01-07,INFY,271,21,0.0,-0.22422874341610233,-0.22375025095362377,4.577077993409008
2026-01-07,ITBEES,271,21,0.0,0.7292539815590947,0.7301196734146068,6.249999999999867
2026-01-07,NIFTYBEES,271,21,0.0,0.6027178257394085,0.6026666666666667,3.6724201248631188
2026-01-07,RELIANCE,271,21,0.0,0.41189591078066917,0.41186390239063586,3.1082446188504433
2026-01-07,TCS,271,21,0.0,-0.03111495246326707,-0.027559963099630998,3.728213253796845
2026-01-08,AXISBANK,271,21,0.0,0.01560758082497213,0.01606903734563309,2.3379052369073765
2026-01-08,BANKBEES,271,21,0.0,0.3275663206459054,0.3263044482068647,4.41178965944362
2026-01-08,HCLTECH,271,21,0.0,-0.29768467475192945,-0.2991465567981165,3.3288948069229662
2026-01-08,HDFCBANK,271,21,0.0,-0.5755879059350504,-0.5759976087281423,1.842072946088386
2026-01-08,ICICIBANK,271,21,0.0,-0.37374860956618466,-0.3744617668893838,2.189461392497114
2026-01-08,INFY,271,21,0.0,-0.19079685746352412,-0.19188136608747752,2.800074668657406
2026-01-08,ITBEES,271,21,0.0,0.730883813306852,0.7316459051152928,3.2154340836017887
2026-01-08,NIFTYBEES,271,21,0.0,0.6180159635119726,0.6187794856186273,1.8325087044167623
2026-01-08,RELIANCE,271,21,0.0,0.4362050163576881,0.4366996507566938,2.334993773349584
2026-01-08,TCS,271,21,0.0,-0.007033997655334115,-0.0065717415115005475,2.302873986735446
2026-01-09,AXISBANK,271,21,0.0,0.018205461638491547,0.019100538287897203,1.5134317063928726
2026-01-09,BANKBEES,271,21,0.0,0.3258278145695364,0.3269094766619519,3.6696635585732897
2026-01-09,HCLTECH,271,21,0.0,-0.29357798165137616,-0.2924610809865314,2.4572037021865385
2026-01-09,HDFCBANK,271,21,0.0,-0.5714285714285714,-0.5735783027121609,1.2215978499880618
2026-01-09,ICICIBANK,271,21,0.0,-0.3716129032258065,-0.37198483804272914,1.4256183619648262
2026-01-09,INFY,271,21,0.0,-0.18823529411764706,-0.1897784754927612,1.8165304268829983
2026-01-09,ITBEES,271,21,0.0,0.7404479578392622,0.7412944073162153,3.1172069825430206
2026-01-09,NIFTYBEES,271,21,0.0,0.6202365308804205,0.6202420627960007,1.454386794168653
2026-01-09,RELIANCE,271,21,0.0,0.4420772303595206,0.4432201883774658,1.537397186563498
2026-01-09,TCS,271,21,0.0,-0.012610340479192938,-0.012285425782564793,1.8392495861692613
2026-01-12,AXISBANK,271,21,0.0,0.035487959442332066,0.03585320480297649,1.507272590248289
2026-01-12,BANKBEES,271,21,0.0,0.32108843537414966,0.32237559026516527,3.50116705568394
2026-01-12,HCLTECH,271,21,0.0,-0.27672955974842767,-0.27866375692462647,2.451581269918727
2026-01-12,HDFCBANK,271,21,0.0,-0.5616264294790343,-0.5628498727735369,1.2153621779292993
2026-01-12,ICICIBANK,271,21,0.0,-0.3574144486692015,-0.3569615970225004,1.420959147423219
2026-01-12,INFY,271,21,0.0,-0.17358490566037735,-0.17324156454591239,1.811594202896903
2026-01-12,ITBEES,271,21,0.0,0.7443708609271523,0.7445190947666195,3.0998140111587134
2026-01-12,NIFTYBEES,271,21,0.0,0.6179310344827587,0.6186003683241252,1.453118756131088
2026-01-12,RELIANCE,271,21,0.0,0.45579078455790784,0.45670599966760844,1.534566101435168
2026-01-12,TCS,271,21,0.0,0.007585335018963337,0.00810126582278481,1.8251505749228456
2026-01-13,AXISBANK,271,21,0.0,0.020075282308657464,0.019762183888795845,1.518141794443946
2026-01-13,BANKBEES,271,21,0.0,0.32313341493268055,0.3232603724273113,4.178435927863482
2026-01-13,HCLTECH,271,21,0.0,-0.30133657351154314,-0.3008433344145313,3.288121660502186
2026-01-13,HDFCBANK,271,21,0.0,-0.5717916137229987,-0.5734396200814111,1.2207776353539979
2026-01-13,ICICIBANK,271,21,0.0,-0.3713927227101631,-0.3714620666555016,1.423487544482691
2026-01-13,INFY,271,21,0.0,-0.193390452876377,-0.19330065359477125,1.8163654527295021
2026-01-13,ITBEES,271,21,0.0,0.7381242387332522,0.7377662168753049,3.1181789834752465
2026-01-13,NIFTYBEES,271,21,0.0,0.619108280254777,0.6202380952380953,1.819703752229551
2026-01-13,RELIANCE,271,21,0.0,0.44218551461245237,0.44206955046649704,1.542495758137016
2026-01-13,TCS,271,21,0.0,-0.012150668286755772,-0.012647964974866224,2.3007546475243883
2026-01-14,AXISBANK,271,21,0.0,0.03345280764635603,0.03444426726199968,1.5106881184382919
2026-01-14,BANKBEES,271,21,0.0,0.33375474083438683,0.333052134300658,3.505433421802506
2026-01-14,HCLTECH,271,21,0.0,-0.2783625730994152,-0.27989384951607865,2.446183953032897
2026-01-14,HDFCBANK,271,21,0.0,-0.5606595995288575,-0.5624213836477987,1.2186947778931538
2026-01-14,ICICIBANK,271,21,0.0,-0.3575685339690107,-0.35724510895498646,1.4178363816818766
2026-01-14,INFY,271,21,0.0,-0.1718931475029036,-0.17175631685010076,1.8057060310585544
2026-01-14,ITBEES,271,21,0.0,0.7414012738853503,0.7427308280904608,3.103662321538799
2026-01-14,NIFTYBEES,271,21,0.0,0.6198675496688741,0.6208237581757116,1.4521691777099457
2026-01-14,RELIANCE,271,21,0.0,0.4544378698224852,0.45490443847733375,1.5353907569479923
2026-01-14,TCS,271,21,0.0,0.013904982618771726,0.012064965197215777,1.8287386275320756
2026-01-15,AXISBANK,271,21,0.0,0.04055496264674493,0.04101979774960832,1.4853323431104204
2026-01-15,BANKBEES,271,21,0.0,0.33373349339735897,0.33242550464594683,3.603544577484845
2026-01-15,HCLTECH,271,21,0.0,-0.2934648581997534,-0.29279131007241604,2.3994241382064665
2026-01-15,HDFCBANK,271,21,0.0,-0.5693950177935944,-0.5686243470001583,1.1919661481616632
2026-01-15,ICICIBANK,271,21,0.0,-0.3660606060606061,-0.36628377285228925,1.394116826990419
2026-01-15,INFY,271,21,0.0,-0.18726591760299627,-0.18796867188801866,1.8032639076732981
2026-01-15,ITBEES,271,21,0.0,0.73992673992674,0.7416883963494133,3.0988534242324177
2026-01-15,NIFTYBEES,271,21,0.0,0.6181818181818182,0.6186701181038667,1.4354925533831138
2026-01-15,RELIANCE,271,21,0.0,0.4479041916167665,0.44741048593350385,1.522185858893717
2026-01-15,TCS,271,21,0.0,0.0,-0.001955352778230406,1.8048912553022785
2026-01-16,AXISBANK,271,21,0.0,0.01696969696969697,0.01812004530011325,1.4877631481071594
2026-01-16,BANKBEES,271,21,0.0,0.3242603550295858,0.3235898246168431,3.613310120553613
2026-01-16,HCLTECH,271,21,0.0,-0.2994152046783626,-0.29998439207117217,2.435658033611712
2026-01-16,HDFCBANK,271,21,0.0,-0.5735115431348724,-0.5746026597469996,1.2160272390104305
2026-01-16,ICICIBANK,271,21,0.0,-0.37271619975639464,-0.3716468866850919,1.4115322182232017
2026-01-16,INFY,271,21,0.0,-0.19262782401902498,-0.1923504205681638,1.7966223499824425
2026-01-16,ITBEES,271,21,0.0,0.7431302270011948,0.7427432216905901,3.0562347188257983
2026-01-16,NIFTYBEES,271,21,0.0,0.6205191594561187,0.6200923787528868,1.447387465625288
2026-01-16,RELIANCE,271,21,0.0,0.4364060676779463,0.4377141077545936,1.5069318866790649
2026-01-16,TCS,271,21,0.0,-0.011976047904191617,-0.01198849104859335,1.8294077292459923
2026-01-19,AXISBANK,271,21,0.0,0.019834710743801654,0.021196732170457054,1.518141794443946
2026-01-19,BANKBEES,271,21,0.0,0.32948929159802304,0.32944798768418737,2.9973523387665897
2026-01-19,HCLTECH,271,21,0.0,-0.2926829268292683,-0.2920104211897525,2.4521824423733407
2026-01-19,HDFCBANK,271,21,0.0,-0.571900826446281,-0.5719646799116997,1.2227928588899823
2026-01-19,ICICIBANK,271,21,0.0,-0.3681592039800995,-0.3689922480620155,1.4250089063043683
2026-01-19,INFY,271,21,0.0,-0.1841680129240711,-0.18399482312338222,1.8153762367254742
2026-01-19,ITBEES,271,21,0.0,0.7413509060955519,0.7410910690717114,3.1065548306921436
2026-01-19,NIFTYBEES,271,21,0.0,0.6214876033057851,0.621770810333407,1.0925379656953842
2026-01-19,RELIANCE,271,21,0.0,0.4451718494271686,0.4451486013986014,1.5360983102904617
2026-01-19,TCS,271,21,0.0,-0.006546644844517185,-0.004369674459252786,1.3744444953485462
2026-01-20,AXISBANK,271,21,0.0,0.03084223013048636,0.03213042101930991,1.5084093823067009
2026-01-20,BANKBEES,271,21,0.0,0.33373349339735897,0.33520269187630186,4.159318537250857
2026-01-20,HCLTECH,271,21,0.0,-0.2918238993710692,-0.29209333557159645,3.2741262175664314
2026-01-20,HDFCBANK,271,21,0.0,-0.5663082437275986,-0.5660979110189762,1.220330709622585
2026-01-20,ICICIBANK,271,21,0.0,-0.3603385731559855,-0.3620077469335055,1.4198494959537518
2026-01-20,INFY,271,21,0.0,-0.17852834740651388,-0.1800032200933827,1.8138944313445082
2026-01-20,ITBEES,271,21,0.0,0.7422934648581998,0.7427583936800527,3.1113876789063832
2026-01-20,NIFTYBEES,271,21,0.0,0.6220570012391574,0.6233250620347395,1.815738824125886
2026-01-20,RELIANCE,271,21,0.0,0.4455569461827284,0.446207818242566,1.5377518068587228
2026-01-20,TCS,271,21,0.0,0.0,-0.00016539861065167054,2.292000916800367
2026-01-21,AXISBANK,271,21,0.0,0.01859229747675963,0.020382842963488124,1.516185277841297
2026-01-21,BANKBEES,271,21,0.0,0.3285528031290743,0.32991125804767707,3.672910614712132
2026-01-21,HCLTECH,271,21,0.0,-0.2948207171314741,-0.2943991492378589,2.4574049803403875
2026-01-21,HDFCBANK,271,21,0.0,-0.5721854304635762,-0.5723125884016973,1.222195062332226
2026-01-21,ICICIBANK,271,21,0.0,-0.3732303732303732,-0.37278818072496134,1.424298532972835
2026-01-21,INFY,271,21,0.0,-0.18972332015810275,-0.18835736897643335,1.8166954310114038
2026-01-21,ITBEES,271,21,0.0,0.7404479578392622,0.740193491644679,3.10945273631779
2026-01-21,NIFTYBEES,271,21,0.0,0.6173800259403373,0.6190064047083261,1.458895616017347
2026-01-21,RELIANCE,271,21,0.0,0.4423841059602649,0.4440516174650875,1.537397186563498
2026-01-21,TCS,271,21,0.0,-0.005270092226613966,-0.0063324538258575196,1.8323408153899965
2026-01-22,AXISBANK,271,21,0.0,0.01553829078801332,0.015701377573692787,2.307337332717694
2026-01-22,BANKBEES,271,21,0.0,0.3275663206459054,0.32620073891625617,4.362050163576729
2026-01-22,HCLTECH,271,21,0.0,-0.29132947976878615,-0.2921486965910844,3.3347228011679113
2026-01-22,HDFCBANK,271,21,0.0,-0.5761226725082147,-0.5774009647712323,1.8796992481214403
2026-01-22,ICICIBANK,271,21,0.0,-0.3711340206185567,-0.37119706466901087,2.174858634188448
2026-01-22,INFY,271,21,0.0,-0.18815331010452963,-0.18880793675399163,2.7979854504752337
2026-01-22,ITBEES,271,21,0.0,0.7367280606717227,0.7366594360086768,3.1836994587704583
2026-01-22,NIFTYBEES,271,21,0.0,0.6147091108671789,0.6160831990625458,1.8379650051467202
2026-01-22,RELIANCE,271,21,0.0,0.44087256027554533,0.441550482610694,2.327385570210876
2026-01-22,TCS,271,21,0.0,-0.006888633754305396,-0.007966906695265818,2.3078698361412417
2026-01-23,AXISBANK,271,21,0.0,0.02593192868719611,0.024881003894418,1.514119161178329
2026-01-23,BANKBEES,271,21,0.0,0.32310177705977383,0.3243476385594134,2.999800013331611
2026-01-23,HCLTECH,271,21,0.0,-0.2894308943089431,-0.2911419887103778,2.457002457003947
2026-01-23,HDFCBANK,271,21,0.0,-0.5709624796084829,-0.5710239651416122,1.2231667787905662
2026-01-23,ICICIBANK,271,21,0.0,-0.36661211129296234,-0.367052654577234,1.4258216297144473
2026-01-23,INFY,271,21,0.0,-0.1841680129240711,-0.18399482312338222,1.8152114721369161
2026-01-23,ITBEES,271,21,0.0,0.7413509060955519,0.7410910690717114,3.114294612271914
2026-01-23,NIFTYBEES,271,21,0.0,0.6194398682042833,0.6213421342134213,1.0937329104243525
2026-01-23,RELIANCE,271,21,0.0,0.4469820554649266,0.44565454149422784,1.53633430634541
2026-01-23,TCS,271,21,0.0,0.0,-0.0006429489927132448,1.3714912681730909
2026-01-26,AXISBANK,271,21,0.0,0.020486555697823303,0.02153478037942232,1.5130882130431642
2026-01-26,BANKBEES,271,21,0.0,0.3329253365973072,0.3329521320045744,5.1653753228350485
2026-01-26,HCLTECH,271,21,0.0,-0.2878228782287823,-0.28862255787227054,2.4537870112870483
2026-01-26,HDFCBANK,271,21,0.0,-0.564042303172738,-0.5654015056461732,1.217137293086937
2026-01-26,ICICIBANK,271,21,0.0,-0.3640836408364084,-0.3637110016420361,1.4226774790158305
2026-01-26,INFY,271,21,0.0,-0.17793594306049823,-0.17817548305353184,1.8107741059286382
2026-01-26,ITBEES,271,21,0.0,0.7422934648581998,0.7427583936800527,3.113325031132631
2026-01-26,NIFTYBEES,271,21,0.0,0.6219974715549936,0.6221734728315896,1.452643811738105
2026-01-26,RELIANCE,271,21,0.0,0.45274212368728123,0.452803738317757,1.5336247220308679
2026-01-26,TCS,271,21,0.0,0.0,0.0012757136022962844,1.8267342558345478
2026-01-27,AXISBANK,271,21,0.0,0.027434842249657063,0.026744825059534714,1.5002625459458816
2026-01-27,BANKBEES,271,21,0.0,0.3263009845288326,0.328515111695138,3.4643746803689175
2026-01-27,HCLTECH,271,21,0.0,-0.29045643153526973,-0.2904357459379616,2.4209167204644495
2026-01-27,HDFCBANK,271,21,0.0,-0.5698478561549101,-0.5696085672082718,1.2113136696750377
2026-01-27,ICICIBANK,271,21,0.0,-0.36388508891928867,-0.36504747991234476,1.4082523588230214
2026-01-27,INFY,271,21,0.0,-0.18083670715249664,-0.18122860745811564,1.8018018018001631
2026-01-27,ITBEES,271,21,0.0,0.738944365192582,0.7404303942106265,3.0637254901976454
2026-01-27,NIFTYBEES,271,21,0.0,0.6224066390041494,0.6230840258541089,1.4496955639323161
2026-01-27,RELIANCE,271,21,0.0,0.44566712517193946,0.4468514778777309,1.511944360447879
2026-01-27,TCS,271,21,0.0,0.0,-0.0007346189164370982,1.8197534234115411
2026-01-28,AXISBANK,271,21,0.0,0.011806375442739079,0.011347517730496455,1.517565824417979
2026-01-28,BANKBEES,271,21,0.0,0.32399512789281365,0.32254917899528535,4.184030392796774
2026-01-28,HCLTECH,271,21,0.0,-0.2979242979242979,-0.29851719080984196,3.2951643463206484
2026-01-28,HDFCBANK,271,21,0.0,-0.5807200929152149,-0.5800651061850876,1.2240651202646762
2026-01-28,ICICIBANK,271,21,0.0,-0.36061684460260973,-0.3609308215925281,1.424095699231312
2026-01-28,INFY,271,21,0.0,-0.19649122807017544,-0.19765807962529275,1.8196706396146438
2026-01-28,ITBEES,271,21,0.0,0.7329479768786127,0.7344955260721999,3.1172069825430206
2026-01-28,NIFTYBEES,271,21,0.0,0.6144721233689205,0.6148488206427102,1.8255504034470542
2026-01-28,RELIANCE,271,21,0.0,0.43508771929824563,0.4346604215456675,1.545236807541107
2026-01-28,TCS,271,21,0.0,-0.014302741358760428,-0.014001591089896579,2.2953679474819815
2026-01-29,AXISBANK,271,21,0.0,0.029216467463479414,0.030136500620457366,1.5126304643778967
2026-01-29,BANKBEES,271,21,0.0,0.33725490196078434,0.33734729493891796,3.4958050339598543
2026-01-29,HCLTECH,271,21,0.0,-0.2805662805662806,-0.28139494932142245,2.4529844644332126
2026-01-29,HDFCBANK,271,21,0.0,-0.5660881174899867,-0.5668210976478973,1.2207031250002776
2026-01-29,ICICIBANK,271,21,0.0,-0.3604806408544726,-0.36178934236321514,1.4185403220089756
2026-01-29,INFY,271,21,0.0,-0.17314930991217065,-0.17250041869033664,1.8099547511295755
2026-01-29,ITBEES,271,21,0.0,0.7415426251691475,0.7433628318584071,3.100775193800036
2026-01-29,NIFTYBEES,271,21,0.0,0.6261558784676354,0.6259918885558102,1.4554981442385422
2026-01-29,RELIANCE,271,21,0.0,0.4511082138200782,0.45196658545074836,1.5353907569479923
2026-01-29,TCS,271,21,0.0,0.007662835249042145,0.0068201193520886615,1.8269845619808671
2026-01-30,AXISBANK,271,21,0.0,0.023591087811271297,0.02378870036732552,1.5130882130431642
2026-01-30,BANKBEES,271,21,0.0,0.3303225806451613,0.33120909404064763,3.674628361448365
2026-01-30,HCLTECH,271,21,0.0,-0.2913907284768212,-0.29225601131541723,2.456398919184103
2026-01-30,HDFCBANK,271,21,0.0,-0.570673712021136,-0.5716804796332217,1.2212994626285143
2026-01-30,ICICIBANK,271,21,0.0,-0.3679369250985545,-0.36835642869671986,1.423690205011713
2026-01-30,INFY,271,21,0.0,-0.18908122503328895,-0.18773333333333334,1.813729935613
2026-01-30,ITBEES,271,21,0.0,0.7404479578392622,0.740193491644679,3.1181789834752465
2026-01-30,NIFTYBEES,271,21,0.0,0.6229086229086229,0.6232606081429307,1.4534355583016771
2026-01-30,RELIANCE,271,21,0.0,0.44152431011826543,0.44202771443606387,1.5379883112891837
2026-01-30,TCS,271,21,0.0,0.0,-0.002268760907504363,1.8343575162803398
2026-02-02,AXISBANK,271,21,0.0,0.012422360248447204,0.013764510779436153,1.5060240963841725
2026-02-02,BANKBEES,271,21,0.0,0.3437862950058072,0.3428925747946055,3.4855928827518983
2026-02-02,HCLTECH,271,21,0.0,-0.27633069082672707,-0.2756536194650144,2.4453863710462542
2026-02-02,HDFCBANK,271,21,0.0,-0.556407447973713,-0.5559941520467836,1.2120477546818103
2026-02-02,ICICIBANK,271,21,0.0,-0.34906695938529086,-0.348615790244617,1.4173339947561867
2026-02-02,INFY,271,21,0.0,-0.16610549943883277,-0.16731575793888556,1.8060321473726337
2026-02-02,ITBEES,271,21,0.0,0.7456037514654161,0.7473008918792051,3.105590062111183
2026-02-02,NIFTYBEES,271,21,0.0,0.6292397660818714,0.6301904464564471,1.4499583136971623
2026-02-02,RELIANCE,271,21,0.0,0.46051167964404893,0.4610360694671219,1.5343306482533035
2026-02-02,TCS,271,21,0.0,0.013528748590755355,0.01429431236834186,1.8213277479286538
2026-02-03,AXISBANK,271,21,0.0,0.0163265306122449,0.01670601053205012,1.5128593040833442
2026-02-03,BANKBEES,271,21,0.0,0.33195020746887965,0.33130193905817173,3.497435214174983
2026-02-03,HCLTECH,271,21,0.0,-0.2909090909090909,-0.2914488424197162,2.459016393444114
2026-02-03,HDFCBANK,271,21,0.0,-0.5694635488308115,-0.5694087403598972,1.2204051745182172
2026-02-03,ICICIBANK,271,21,0.0,-0.3633916554508748,-0.36370170709793354,1.4197487044796302
2026-02-03,INFY,271,21,0.0,-0.18331053351573187,-0.18279766252739227,1.81471735777194
2026-02-03,ITBEES,271,21,0.0,0.7364238410596027,0.7363861386138614,3.1123560535319053
2026-02-03,NIFTYBEES,271,21,0.0,0.6153846153846154,0.616825797153666,1.4539110206442143
2026-02-03,RELIANCE,271,21,0.0,0.4369063772048847,0.4387902933719667,1.5382248884790455
2026-02-03,TCS,271,21,0.0,0.0053404539385847796,0.00427578834847675,1.831166453030997
2026-02-04,AXISBANK,271,21,0.0,0.0,0.0008939974457215837,1.522997258605281
2026-02-04,BANKBEES,271,21,0.0,0.3171987641606591,0.3181693238042881,3.8521446396553927
2026-02-04,HCLTECH,271,21,0.0,-0.3130434782608696,-0.3120567375886525,2.4697456162011573
2026-02-04,HDFCBANK,271,21,0.0,-0.5873465533522191,-0.5873235887096774,1.2360175514495118
2026-02-04,ICICIBANK,271,21,0.0,-0.38703527168732127,-0.3872280880295128,1.4325621373830348
2026-02-04,INFY,271,21,0.0,-0.20020222446916078,-0.20024288220213196,1.8178512997640928
2026-02-04,ITBEES,271,21,0.0,0.7353244078269825,0.7354315557998901,3.126954346465919
2026-02-04,NIFTYBEES,271,21,0.0,0.6130030959752322,0.6142404627461782,1.4587360052521956
2026-02-04,RELIANCE,271,21,0.0,0.4262607040913416,0.4266666666666667,1.5478678120891998
2026-02-04,TCS,271,21,0.0,-0.023506366307541625,-0.023264932688537444,1.8411120316675453
2026-02-05,AXISBANK,271,21,0.0,0.014302741358760428,0.013522112631244034,1.5197568389043927
2026-02-05,BANKBEES,271,21,0.0,0.3214723926380368,0.32235872235872237,4.1769698589854976
2026-02-05,HCLTECH,271,21,0.0,-0.29582806573957016,-0.29649004387445155,3.2733224222593367
2026-02-05,HDFCBANK,271,21,0.0,-0.5793742757821553,-0.5807299721620786,1.2254151093685772
2026-02-05,ICICIBANK,271,21,0.0,-0.37545126353790614,-0.3753613877288789,1.4308198597799788
2026-02-05,INFY,271,21,0.0,-0.19447779111644659,-0.19503205128205128,1.82033312096155
2026-02-05,ITBEES,271,21,0.0,0.7372353673723536,0.7388630319148937,3.1104199066867837
2026-02-05,NIFTYBEES,271,21,0.0,0.6150178784266984,0.615237792269763,1.824551160414953
2026-02-05,RELIANCE,271,21,0.0,0.4362336114421931,0.43645617941784637,1.5422578655154646
2026-02-05,TCS,271,21,0.0,-0.014475271411338963,-0.012717321313586607,2.296949650863653
2026-02-06,AXISBANK,271,21,0.0,0.007050528789659225,0.007057716436637391,1.5192950470984918
2026-02-06,BANKBEES,271,21,0.0,0.31452581032412963,0.3166159269347861,3.5213038885261896
2026-02-06,HCLTECH,271,21,0.0,-0.3037667071688943,-0.30408692831657474,2.4671052631593904
2026-02-06,HDFCBANK,271,21,0.0,-0.5812574139976275,-0.58153894870171,1.2278978389000825
2026-02-06,ICICIBANK,271,21,0.0,-0.37959667852906287,-0.38014566181127296,1.4320492624949555
2026-02-06,INFY,271,21,0.0,-0.19728729963008632,-0.19601711652402898,1.819008640289387
2026-02-06,ITBEES,271,21,0.0,0.7350427350427351,0.7361473272490222,3.1152647975071686
2026-02-06,NIFTYBEES,271,21,0.0,0.6260657734470159,0.6272150869777272,1.4536468365018158
2026-02-06,RELIANCE,271,21,0.0,0.4328180737217598,0.43262974131090304,1.5478678120891998
2026-02-06,TCS,271,21,0.0,0.013777267508610792,0.012563199019457637,1.833180568284309
2026-02-09,AXISBANK,271,21,0.0,0.022650056625141562,0.0223666314039595,2.270663033605469
2026-02-09,BANKBEES,271,21,0.0,0.32408435072142067,0.3249888905347356,4.3462271405167145
2026-02-09,HCLTECH,271,21,0.0,-0.30096051227321235,-0.30158052114480993,3.285151116950259
2026-02-09,HDFCBANK,271,21,0.0,-0.5736434108527132,-0.5741945019213716,1.8312782322058023
2026-02-09,ICICIBANK,271,21,0.0,-0.36919592298980747,-0.3694633408919123,2.1416333523697495
2026-02-09,INFY,271,21,0.0,-0.193756727664155,-0.1935344827586207,2.724300762803801
2026-02-09,ITBEES,271,21,0.0,0.7395715896279594,0.7401053423626787,3.10945273631779
2026-02-09,NIFTYBEES,271,21,0.0,0.6187845303867403,0.6190265486725663,1.8229546448888498
2026-02-09,RELIANCE,271,21,0.0,0.44004400440044006,0.44008810572687224,2.314814814816218
2026-02-09,TCS,271,21,0.0,-0.008465608465608466,-0.010450501341618415,2.2963167080003672
2026-02-10,AXISBANK,271,21,0.0,0.03707995365005794,0.03789050417568821,1.5063643895461738
2026-02-10,BANKBEES,271,21,0.0,0.33691756272401435,0.33838303300908945,3.6644069490485416
2026-02-10,HCLTECH,271,21,0.0,-0.287515762925599,-0.28795018512285425,2.4424000651302977
2026-02-10,HDFCBANK,271,21,0.0,-0.5584562996594779,-0.5596121799727314,1.217137293086937
2026-02-10,ICICIBANK,271,21,0.0,-0.353757225433526,-0.35364912822095357,1.4172335600910253
2026-02-10,INFY,271,21,0.0,-0.17149478563151796,-0.17151252706464584,1.8097909691434757
2026-02-10,ITBEES,271,21,0.0,0.7422166874221668,0.744139650872818,3.1113876789063832
2026-02-10,NIFTYBEES,271,21,0.0,0.628158844765343,0.6284337349397591,1.449012859989874
2026-02-10,RELIANCE,271,21,0.0,0.45979614949037373,0.45942269910835726,1.5295197308048751
2026-02-10,TCS,271,21,0.0,0.006936416184971098,0.008640641876253664,1.8245678055014867
2026-02-11,AXISBANK,271,21,0.0,0.017743979721166033,0.016579259008627983,1.5157256536553096
2026-02-11,BANKBEES,271,21,0.0,0.3260025873221216,0.3256777758590917,3.4999416676394794
2026-02-11,HCLTECH,271,21,0.0,-0.30036630036630035,-0.3023142112125163,2.4662939822423096
2026-02-11,HDFCBANK,271,21,0.0,-0.5771643663739021,-0.5770519262981575,1.2215978499880618
2026-02-11,ICICIBANK,271,21,0.0,-0.37515527950310557,-0.3757254186702039,1.4260249554354232
2026-02-11,INFY,271,21,0.0,-0.1910828025477707,-0.19214419316442782,1.8173557473858981
2026-02-11,ITBEES,271,21,0.0,0.7386215864759428,0.7394549557368513,3.116235587409788
2026-02-11,NIFTYBEES,271,21,0.0,0.617157490396927,0.6183558366091266,1.4559219625814812
2026-02-11,RELIANCE,271,21,0.0,0.44046094750320103,0.4399247991796274,1.5441630636198695
2026-02-11,TCS,271,21,0.0,-0.012484394506866416,-0.013331111481419763,1.8357887007209648
2026-02-12,AXISBANK,271,21,0.0,0.019834710743801654,0.02228596646072374,1.5122873345921974
2026-02-12,BANKBEES,271,21,0.0,0.3283582089552239,0.3285366393624087,3.0069159065862094
2026-02-12,HCLTECH,271,21,0.0,-0.29132569558101473,-0.2918942538780861,2.4574049803403875
2026-02-12,HDFCBANK,271,21,0.0,-0.5704809286898839,-0.5720611025016604,1.2196609342605529
2026-02-12,ICICIBANK,271,21,0.0,-0.3681592039800995,-0.3691319751992914,1.4278574998218427
2026-02-12,INFY,271,21,0.0,-0.1884297520661157,-0.18759655705142353,1.8157058556497332
2026-02-12,ITBEES,271,21,0.0,0.7387687188019967,0.7407242834925573,3.114294612271914
2026-02-12,NIFTYBEES,271,21,0.0,0.6202321724709784,0.620682019486271,1.0926971407748212
2026-02-12,RELIANCE,271,21,0.0,0.4451718494271686,0.4455856643356643,1.5366884364181184
2026-02-12,TCS,271,21,0.0,-0.006633499170812604,-0.00597609561752988,1.3770311209041672
2026-02-13,AXISBANK,271,21,0.0,0.013847675568743818,0.013465346534653465,3.795066413662239
2026-02-13,BANKBEES,271,21,0.0,0.32398753894080995,0.3253429402798947,7.522819218294355
2026-02-13,HCLTECH,271,21,0.0,-0.30109670987038883,-0.3013571048430016,4.929346040091267
2026-02-13,HDFCBANK,271,21,0.0,-0.5798237022526934,-0.579793491046922,3.065791894046232
2026-02-13,ICICIBANK,271,21,0.0,-0.3824928639391056,-0.3812849162011173,3.5816618911174785
2026-02-13,INFY,271,21,0.0,-0.20018885741265344,-0.20138626339004412,4.563292872136533
2026-02-13,ITBEES,271,21,0.0,0.7394594594594595,0.7402278955719025,6.226650062267473
2026-02-13,NIFTYBEES,271,21,0.0,0.6238341968911917,0.6235993913404344,3.6354382520821154
2026-02-13,RELIANCE,271,21,0.0,0.440713536201469,0.44123826866507915,3.0878493129524744
2026-02-13,TCS,271,21,0.0,-0.008171603677221655,-0.01049618320610687,3.6776536569656004
2026-02-16,AXISBANK,271,21,0.0,0.010741138560687433,0.010032965457933208,1.5176809834576221
2026-02-16,BANKBEES,271,21,0.0,0.3213872832369942,0.32217250424317234,4.013579276552487
2026-02-16,HCLTECH,271,21,0.0,-0.29558998808104886,-0.29553045967870206,2.4602263408229827
2026-02-16,HDFCBANK,271,21,0.0,-0.5809217577706324,-0.5816049206122157,1.2260912211871353
2026-02-16,ICICIBANK,271,21,0.0,-0.38306878306878306,-0.382909604519774,1.4310246136236797
2026-02-16,INFY,271,21,0.0,-0.19235225955967555,-0.19192700278379216,1.8204988166761833
2026-02-16,ITBEES,271,21,0.0,0.7391812865497076,0.7393409339372169,3.1123560535319053
2026-02-16,NIFTYBEES,271,21,0.0,0.615916955017301,0.618013856812933,1.824151769427631
2026-02-16,RELIANCE,271,21,0.0,0.4433849821215733,0.4446388800509068,1.5448787270202802
2026-02-16,TCS,271,21,0.0,-0.014234875444839857,-0.01155794806839772,2.2904260192395784
2026-02-17,AXISBANK,271,21,0.0,0.013777267508610792,0.015170088875268158,1.519410468738475
2026-02-17,BANKBEES,271,21,0.0,0.3258026159334126,0.3262974131090303,4.008082967317575
2026-02-17,HCLTECH,271,21,0.0,-0.30056497175141245,-0.3011158021712907,2.465280631111468
2026-02-17,HDFCBANK,271,21,0.0,-0.578420467185762,-0.5782989461184503,1.2252649635486457
2026-02-17,ICICIBANK,271,21,0.0,-0.3742824339839265,-0.373735825927061,1.4257199885945642
2026-02-17,INFY,271,21,0.0,-0.19252548131370328,-0.1940456400181351,1.8153762367254742
2026-02-17,ITBEES,271,21,0.0,0.7384615384615385,0.739535618385721,3.1123560535319053
2026-02-17,NIFTYBEES,271,21,0.0,0.6175438596491228,0.6183861401592009,1.8247509214996305
2026-02-17,RELIANCE,271,21,0.0,0.440324449594438,0.4399938137952366,1.5414258188810643
2026-02-17,TCS,271,21,0.0,-0.007202881152460984,-0.0059275873117590515,2.2907408255829935
2026-02-18,AXISBANK,271,21,0.0,0.0288,0.027564102564102563,1.5158405335762124
2026-02-18,BANKBEES,271,21,0.0,0.3284072249589491,0.3274122807017544,3.003704568969457
2026-02-18,HCLTECH,271,21,0.0,-0.2932454695222405,-0.29306930693069305,2.456600065508963
2026-02-18,HDFCBANK,271,21,0.0,-0.5700483091787439,-0.5697699419479682,1.2178042988494517
2026-02-18,ICICIBANK,271,21,0.0,-0.37073170731707317,-0.3719062092922275,1.4251104460598933
2026-02-18,INFY,271,21,0.0,-0.19001610305958133,-0.19135669748441195,1.8114301240833754
2026-02-18,ITBEES,271,21,0.0,0.7406199021207178,0.741506968641115,3.116235587409788
2026-02-18,NIFTYBEES,271,21,0.0,0.6199021207177814,0.6190372467871923,1.0913059294299585
2026-02-18,RELIANCE,271,21,0.0,0.4451718494271686,0.4451486013986014,1.5386982612713145
2026-02-18,TCS,271,21,0.0,-0.0128,-0.011324786324786324,1.3752005500810538
2026-02-19,AXISBANK,271,21,0.0,0.008072653884964682,0.008214381901427417,2.282583884957426
2026-02-19,BANKBEES,271,21,0.0,0.31908237747653806,0.3196493181185639,4.357006401447714
2026-02-19,HCLTECH,271,21,0.0,-0.2998921251348436,-0.29988482579902104,3.300330033004051
2026-02-19,HDFCBANK,271,21,0.0,-0.5822532402791625,-0.5826237360298031,1.8416206261521295
2026-02-19,ICICIBANK,271,21,0.0,-0.3766632548618219,-0.37863679825160496,2.1448487881601097
2026-02-19,INFY,271,21,0.0,-0.20178041543026706,-0.20261351636747624,2.729257641920984
2026-02-19,ITBEES,271,21,0.0,0.7339449541284404,0.734866004625221,3.123048094940041
2026-02-19,NIFTYBEES,271,21,0.0,0.6169045005488474,0.6183709346615881,1.8305630812041946
2026-02-19,RELIANCE,271,21,0.0,0.4318869828456105,0.432669000807972,2.3173180905295423
2026-02-19,TCS,271,21,0.0,-0.023369036027263874,-0.02377858627858628,2.304466055215007
2026-02-20,AXISBANK,271,21,0.0,0.02554278416347382,0.026764405046027957,1.514119161178329
2026-02-20,BANKBEES,271,21,0.0,0.33205619412515963,0.33157176951926354,3.5030944000539876
2026-02-20,HCLTECH,271,21,0.0,-0.2815884476534296,-0.2828461291358818,2.4475809741368573
2026-02-20,HDFCBANK,271,21,0.0,-0.5800240673886883,-0.5802409638554217,1.2245897624298647
2026-02-20,ICICIBANK,271,21,0.0,-0.3655083655083655,-0.365807560137457,1.425313568985501
2026-02-20,INFY,271,21,0.0,-0.1802252816020025,-0.1805880387570999,1.8120866177407402
2026-02-20,ITBEES,271,21,0.0,0.7414012738853503,0.7427308280904608,3.1123560535319053
2026-02-20,NIFTYBEES,271,21,0.0,0.6157697121401752,0.6162712996992984,1.4546512473641886
2026-02-20,RELIANCE,271,21,0.0,0.44589308996088656,0.445353289244692,1.5404760070865398
2026-02-20,TCS,271,21,0.0,0.0,0.0,1.8292404079210272
2026-02-23,AXISBANK,271,21,0.0,0.014134275618374558,0.015401540154015401,1.5157256536553096
2026-02-23,BANKBEES,271,21,0.0,0.3210463733650416,0.3218536740199968,4.0104271104855185
2026-02-23,HCLTECH,271,21,0.0,-0.3022432113341204,-0.30102442868400314,2.464268112370252
2026-02-23,HDFCBANK,271,21,0.0,-0.5670945157526255,-0.5672013705030369,1.2222697549351917
2026-02-23,ICICIBANK,271,21,0.0,-0.37280187573270807,-0.37458926615553123,1.426431780900403
2026-02-23,INFY,271,21,0.0,-0.19460726846424384,-0.19433578469723048,1.814882032666226
2026-02-23,ITBEES,271,21,0.0,0.7365911799761621,0.7382657120127287,3.120124804991579
2026-02-23,NIFTYBEES,271,21,0.0,0.617611580217129,0.6185799388182257,1.8179834927102998
2026-02-23,RELIANCE,271,21,0.0,0.4457978075517661,0.4464314745569826,1.5409507666233566
2026-02-23,TCS,271,21,0.0,-0.014167650531286895,-0.01307910494799874,2.2981109527968013
2026-02-24,AXISBANK,271,21,0.0,0.02593192868719611,0.02596840510711967,3.7870181019465274
2026-02-24,BANKBEES,271,21,0.0,0.3317683881064163,0.334517342248224,9.487666034156431
2026-02-24,HCLTECH,271,21,0.0,-0.2889983579638752,-0.29072571804428854,4.919645785504563
2026-02-24,HDFCBANK,271,21,0.0,-0.568659127625202,-0.569333620875566,3.047294002925402
2026-02-24,ICICIBANK,271,21,0.0,-0.36661211129296234,-0.367052654577234,3.564554074285307
2026-02-24,INFY,271,21,0.0,-0.1886178861788618,-0.18971130887779467,4.548762736535663
2026-02-24,ITBEES,271,21,0.0,0.7366720516962844,0.7387834339948232,6.2402496099853755
2026-02-24,NIFTYBEES,271,21,0.0,0.6219312602291326,0.621722027972028,3.6447133432963787
2026-02-24,RELIANCE,271,21,0.0,0.45190839694656487,0.4523033020790868,3.0665440049054244
2026-02-24,TCS,271,21,0.0,-0.012718600953895072,-0.012521222410865875,3.6703982382096805
2026-02-25,AXISBANK,271,21,0.0,0.019363762102351315,0.019198818534244048,1.5173355587591646
2026-02-25,BANKBEES,271,21,0.0,0.3236514522821577,0.32428439519852265,3.5067797742307856
2026-02-25,HCLTECH,271,21,0.0,-0.29850746268656714,-0.29922115558775586,2.4574049803403875
2026-02-25,HDFCBANK,271,21,0.0,-0.5753803596127247,-0.5749354005167958,1.2227928588899823
2026-02-25,ICICIBANK,271,21,0.0,-0.37516869095816463,-0.37506755539542425,1.4261266400459602
2026-02-25,INFY,271,21,0.0,-0.18862690707350901,-0.18959451953341974,1.8198362147390181
2026-02-25,ITBEES,271,21,0.0,0.7361299052774019,0.7378973988439307,3.1210986267182013
2026-02-25,NIFTYBEES,271,21,0.0,0.6175243393602226,0.6191979205347197,1.4569295210351656
2026-02-25,RELIANCE,271,21,0.0,0.44195804195804195,0.44193427931292006,1.5430908108945722
2026-02-25,TCS,271,21,0.0,-0.013679890560875513,-0.011685229140040169,1.838488762237859
2026-02-26,AXISBANK,271,21,0.0,0.011299435028248588,0.010858090785703513,1.519641364638291
2026-02-26,BANKBEES,271,21,0.0,0.3220536756126021,0.32206821367388255,4.012505642586212
2026-02-26,HCLTECH,271,21,0.0,-0.30011723329425555,-0.29990613266583227,2.4703557312249216
2026-02-26,HDFCBANK,271,21,0.0,-0.5764294049008168,-0.577480143279863,1.2275210212977687
2026-02-26,ICICIBANK,271,21,0.0,-0.3757292882147025,-0.37564242329855163,1.4248058702005093
2026-02-26,INFY,271,21,0.0,-0.19977553310886645,-0.1993708807669263,1.8204988166761833
2026-02-26,ITBEES,271,21,0.0,0.7365911799761621,0.7382657120127287,3.120124804991579
2026-02-26,NIFTYBEES,271,21,0.0,0.618531889290012,0.6182752529307853,1.8283541156255299
2026-02-26,RELIANCE,271,21,0.0,0.4362801377726751,0.43594851363775666,1.5426147319692873
2026-02-26,TCS,271,21,0.0,-0.013498312710911136,-0.016066066066066066,2.3043598488339936
2026-02-27,AXISBANK,271,21,0.0,0.010938924339106655,0.009854014598540146,3.8017031630170313
2026-02-27,BANKBEES,271,21,0.0,0.31948291782086796,0.31916204559457795,8.359107247345984
2026-02-27,HCLTECH,271,21,0.0,-0.3036837376460018,-0.30460321265883483,4.9386780805015755
2026-02-27,HDFCBANK,271,21,0.0,-0.5854077253218885,-0.5853658536585366,3.064288778574493
2026-02-27,ICICIBANK,271,21,0.0,-0.39068994181213634,-0.39023849140321687,3.5953117135255623
2026-02-27,INFY,271,21,0.0,-0.20125786163522014,-0.20151042915368017,4.546281142025823
2026-02-27,ITBEES,271,21,0.0,0.7445805843543827,0.7445604326499812,6.242197253431967
2026-02-27,NIFTYBEES,271,21,0.0,0.6138248847926268,0.6138991389913899,3.6467070235564836
2026-02-27,RELIANCE,271,21,0.0,0.4274678111587983,0.4272133776199748,3.0976535274536587
2026-02-27,TCS,271,21,0.0,-0.010938924339106655,-0.014476885644768856,3.6725887159699173
2026-03-02,AXISBANK,271,21,0.0,0.014723926380368098,0.013104013104013105,1.518141794443946
2026-03-02,BANKBEES,271,21,0.0,0.32522407170294493,0.3250726371560417,3.668562090411939
2026-03-02,HCLTECH,271,21,0.0,-0.3080513418903151,-0.3081594518841482,2.464268112370252
2026-03-02,HDFCBANK,271,21,0.0,-0.5784919653893696,-0.5781224220425673,1.2230919765169124
2026-03-02,ICICIBANK,271,21,0.0,-0.3757725587144623,-0.37584557003794755,1.4276536512245375
2026-03-02,INFY,271,21,0.0,-0.19732034104750304,-0.19769143228743294,1.82033312096155
2026-03-02,ITBEES,271,21,0.0,0.7448107448107448,0.7449478487614081,3.1075201988828827
2026-03-02,NIFTYBEES,271,21,0.0,0.6183699870633894,0.6186118784530387,1.4577259475226119
2026-03-02,RELIANCE,271,21,0.0,0.4357405140758874,0.4361111111111111,1.5423768026532392
2026-03-02,TCS,271,21,0.0,-0.021505376344086023,-0.01992984693877551,1.8389959082345222
2026-03-03,AXISBANK,271,21,0.0,0.044044044044044044,0.044889779559118236,1.5390534821071034
2026-03-03,BANKBEES,271,21,0.0,0.34023991275899673,0.3388153107262407,4.184730754423261
2026-03-03,HCLTECH,271,21,0.0,-0.2794577685088634,-0.2787364319510159,3.343363423603005
2026-03-03,HDFCBANK,271,21,0.0,-0.557711950970378,-0.5586912065439673,1.2242149721493878
2026-03-03,ICICIBANK,271,21,0.0,-0.34933605720122574,-0.35082458770614694,1.4419610670498781
2026-03-03,INFY,271,21,0.0,-0.16786079836233367,-0.16789617486338798,1.829826166512517
2026-03-03,ITBEES,271,21,0.0,0.7471143756558237,0.7478297395687482,3.129890453833493
2026-03-03,NIFTYBEES,271,21,0.0,0.6296691568836713,0.6296454506621102,1.822423093745858
2026-03-03,RELIANCE,271,21,0.0,0.458546571136131,0.4595000682966808,1.5473887814299272
2026-03-03,TCS,271,21,0.0,0.01634320735444331,0.014585605234460196,2.313957793409848
2026-03-04,AXISBANK,271,21,0.0,0.03055229142185664,0.02948094715383409,1.4935404376076877
2026-03-04,BANKBEES,271,21,0.0,0.32883435582822085,0.32923832923832924,3.9572615749902567
2026-03-04,HCLTECH,271,21,0.0,-0.28875739644970416,-0.2890538619491392,2.402691013935244
2026-03-04,HDFCBANK,271,21,0.0,-0.5654692931633836,-0.5668110114444788,1.213150551983777
2026-03-04,ICICIBANK,271,21,0.0,-0.3606936416184971,-0.3614625115705029,1.4091453533435176
2026-03-04,INFY,271,21,0.0,-0.18604651162790697,-0.18559058977291293,1.7954933117878216
2026-03-04,ITBEES,271,21,0.0,0.7398273736128237,0.7397959183673469,3.0950170225930083
2026-03-04,NIFTYBEES,271,21,0.0,0.623030303030303,0.6226750768235484,1.79134422470459
2026-03-04,RELIANCE,271,21,0.0,0.43029637760702527,0.43135531135531135,1.5114873035069945
2026-03-04,TCS,271,21,0.0,0.0,0.0,2.276867030965392
2026-03-05,AXISBANK,271,21,0.0,0.020434227330779056,0.020627344016365495,1.517565824417979
2026-03-05,BANKBEES,271,21,0.0,0.33034571062740076,0.3284908562638865,3.83691445348833
2026-03-05,HCLTECH,271,21,0.0,-0.29865361077111385,-0.29929750040843,2.461639451874576
2026-03-05,HDFCBANK,271,21,0.0,-0.5714285714285714,-0.5723367697594501,1.2229423994132655
2026-03-05,ICICIBANK,271,21,0.0,-0.3656998738965952,-0.3662683049991584,1.4231836618518854
2026-03-05,INFY,271,21,0.0,-0.18385093167701863,-0.18404907975460122,1.8099547511295755
2026-03-05,ITBEES,271,21,0.0,0.7430639324487334,0.744122383252818,3.108486167235937
2026-03-05,NIFTYBEES,271,21,0.0,0.621656050955414,0.6216629824859717,1.453065969195745
2026-03-05,RELIANCE,271,21,0.0,0.43580683156654887,0.4355548569632191,1.5455950540944212
2026-03-05,TCS,271,21,0.0,0.0,-0.0027411341442521845,1.8374753089259543
2026-03-06,AXISBANK,271,21,0.0,0.02480270574971815,0.023924164911224798,1.5167602002126914
2026-03-06,BANKBEES,271,21,0.0,0.32395950506186727,0.3260771655907521,3.8349951645716174
2026-03-06,HCLTECH,271,21,0.0,-0.29418472063854045,-0.29432354283975043,2.4602263408229827
2026-03-06,HDFCBANK,271,21,0.0,-0.5701459034792368,-0.5708508088675854,1.2224938875294504
2026-03-06,ICICIBANK,271,21,0.0,-0.36610169491525424,-0.36787330316742084,1.42683883855351
2026-03-06,INFY,271,21,0.0,-0.18757062146892656,-0.1866988387875132,1.815046737453902
2026-03-06,ITBEES,271,21,0.0,0.7402452619843924,0.741594763463255,3.116235587409788
2026-03-06,NIFTYBEES,271,21,0.0,0.6232356134636265,0.6242573540066657,1.4501685820984107
2026-03-06,RELIANCE,271,21,0.0,0.44048943270300334,0.4417396467270298,1.5416634548681527
2026-03-06,TCS,271,21,0.0,-0.013407821229050279,-0.0113314447592068,1.8336007334386257
2026-03-09,AXISBANK,271,21,0.0,0.03372243839169909,0.03393939393939394,1.5086369465191636
2026-03-09,BANKBEES,271,21,0.0,0.3319946452476573,0.3336311651179414,3.495630461923202
2026-03-09,HCLTECH,271,21,0.0,-0.288021534320323,-0.2876392382321236,2.448379988573855
2026-03-09,HDFCBANK,271,21,0.0,-0.5625806451612904,-0.5638023075598416,1.2200329408896813
2026-03-09,ICICIBANK,271,21,0.0,-0.35963777490297544,-0.35883267138663444,1.4201519562596423
2026-03-09,INFY,271,21,0.0,-0.17654808959156784,-0.17745339430179388,1.8086453246522467
2026-03-09,ITBEES,271,21,0.0,0.7415426251691475,0.7433628318584071,3.1104199066867837
2026-03-09,NIFTYBEES,271,21,0.0,0.6217331499312242,0.6233933161953727,1.4538581761335958
2026-03-09,RELIANCE,271,21,0.0,0.45006657789613846,0.4504888888888889,1.5343306482533035
2026-03-09,TCS,271,21,0.0,0.00535475234270415,0.003930677148472396,1.8270680126071845
2026-03-10,AXISBANK,271,21,0.0,0.01859229747675963,0.020382842963488124,1.513775355737553
2026-03-10,BANKBEES,271,21,0.0,0.32684824902723736,0.3258874458874459,3.5043804755951
2026-03-10,HCLTECH,271,21,0.0,-0.2988505747126437,-0.29861939662519177,2.457002457003947
2026-03-10,HDFCBANK,271,21,0.0,-0.570673712021136,-0.5714033850493653,1.2191405059422011
2026-03-10,ICICIBANK,271,21,0.0,-0.36821192052980134,-0.36910022980378293,1.4259232853275738
2026-03-10,INFY,271,21,0.0,-0.18872870249017037,-0.18932633420822398,1.814388097614492
2026-03-10,ITBEES,271,21,0.0,0.741222366710013,0.7415379274431523,3.105590062111183
2026-03-10,NIFTYBEES,271,21,0.0,0.6205059920106525,0.6208674013508709,1.4534355583016771
2026-03-10,RELIANCE,271,21,0.0,0.44121532364597094,0.44285714285714284,1.5389350569409472
2026-03-10,TCS,271,21,0.0,-0.00517464424320828,-0.007943360386807114,1.8333486112388435
2026-03-11,AXISBANK,271,21,0.0,0.027359781121751026,0.02629176556509038,1.5133171912836372
2026-03-11,BANKBEES,271,21,0.0,0.3300423131170663,0.32937853107344633,3.4984839902714886
2026-03-11,HCLTECH,271,21,0.0,-0.29254571026722925,-0.29247231086915715,2.4541884816750206
2026-03-11,HDFCBANK,271,21,0.0,-0.5702364394993046,-0.5705532862978091,1.2223444566681672
2026-03-11,ICICIBANK,271,21,0.0,-0.3651452282157676,-0.3662543843455787,1.4212620807280094
2026-03-11,INFY,271,21,0.0,-0.1835883171070932,-0.18451828475960647,1.8158707100058604
2026-03-11,ITBEES,271,21,0.0,0.7390691114245416,0.7407756024096386,3.113325031132631
2026-03-11,NIFTYBEES,271,21,0.0,0.6216596343178622,0.6219718309859155,1.453118756131088
2026-03-11,RELIANCE,271,21,0.0,0.44130127298444133,0.44268177525967894,1.5432098765418063
2026-03-11,TCS,271,21,0.0,-0.005625879043600563,-0.005444986856928276,1.8317534459865867
2026-03-12,AXISBANK,271,21,0.0,0.014201183431952662,0.015479387142631496,1.4799467219183473
2026-03-12,BANKBEES,271,21,0.0,0.32569360675512665,0.32587345033005954,3.9224659235774375
2026-03-12,HCLTECH,271,21,0.0,-0.29917550058892817,-0.29943414020748194,2.42875647668357
2026-03-12,HDFCBANK,271,21,0.0,-0.5670225385527876,-0.568556048131729,1.2094092036043145
2026-03-12,ICICIBANK,271,21,0.0,-0.3724304715840387,-0.3723369916074887,1.4040999719183196
2026-03-12,INFY,271,21,0.0,-0.18424242424242424,-0.18475974761365474,1.7929179740010586
2026-03-12,ITBEES,271,21,0.0,0.7374847374847375,0.7394916911045943,3.05810397553456
2026-03-12,NIFTYBEES,271,21,0.0,0.6179640718562874,0.6180655475619504,1.7864160920365633
2026-03-12,RELIANCE,271,21,0.0,0.43937575030012005,0.43976289650752964,1.529870725924007
2026-03-12,TCS,271,21,0.0,-0.01410105757931845,-0.013172338090010977,2.2815423226100844
2026-03-13,AXISBANK,271,21,0.0,0.047116165718927704,0.0480164751788424,3.7613781689611074
2026-03-13,BANKBEES,271,21,0.0,0.3473053892215569,0.34622846057286316,8.296551953008331
2026-03-13,HCLTECH,271,21,0.0,-0.25525743292240755,-0.25512770897832815,4.842224194981329
2026-03-13,HDFCBANK,271,21,0.0,-0.5401563610518835,-0.5405405405405406,3.0003000300030007
2026-03-13,ICICIBANK,271,21,0.0,-0.34331983805668015,-0.344533275713051,3.544590954203885
2026-03-13,INFY,271,21,0.0,-0.1759853345554537,-0.17561452855570503,4.452359750667854
2026-03-13,ITBEES,271,21,0.0,0.7518307567127747,0.7525784388231462,6.188118811879956
2026-03-13,NIFTYBEES,271,21,0.0,0.6349206349206349,0.6351577304648311,3.6239762267167763
2026-03-13,RELIANCE,271,21,0.0,0.4577893820713664,0.45791245791245794,3.070781513894239
2026-03-13,TCS,271,21,0.0,0.010109519797809604,0.013490725126475547,3.6408319300947847
2026-03-16,AXISBANK,271,21,0.0,0.026016260162601626,0.024967433782023447,1.5121729925906964
2026-03-16,BANKBEES,271,21,0.0,0.3284072249589491,0.327121245340934,3.0071168431947273
2026-03-16,HCLTECH,271,21,0.0,-0.2932454695222405,-0.29306930693069305,2.4574049803403875
2026-03-16,HDFCBANK,271,21,0.0,-0.5714285714285714,-0.5709274281955712,1.2198097096855665
2026-03-16,ICICIBANK,271,21,0.0,-0.36541598694942906,-0.36680461773034195,1.423082396471079
2026-03-16,INFY,271,21,0.0,-0.1857379767827529,-0.1872924507416427,1.8134010336390014
2026-03-16,ITBEES,271,21,0.0,0.7380560131795717,0.7401540154015401,3.113325031132631
2026-03-16,NIFTYBEES,271,21,0.0,0.6220095693779905,0.6240681576144835,1.0885341074031043
2026-03-16,RELIANCE,271,21,0.0,0.44112769485903813,0.4436572946646004,1.5388166499965032
2026-03-16,TCS,271,21,0.0,-0.006482982171799027,-0.004110774556469061,1.3744444953485462
2026-03-17,AXISBANK,271,21,0.0,0.02269503546099291,0.02272296913463359,1.512973749905783
2026-03-17,BANKBEES,271,21,0.0,0.3282336578581363,0.32992944671370217,3.5051993790795746
2026-03-17,HCLTECH,271,21,0.0,-0.2958748221906117,-0.2942851718245681,2.455192732629139
2026-03-17,HDFCBANK,271,21,0.0,-0.5706293706293706,-0.5707617625093353,1.2230919765169124
2026-03-17,ICICIBANK,271,21,0.0,-0.36879432624113473,-0.36924824843779586,1.4228799089360096
2026-03-17,INFY,271,21,0.0,-0.1902097902097902,-0.18950709484690068,1.8181818181801646
2026-03-17,ITBEES,271,21,0.0,0.7419804741980475,0.7417613107428784,3.104625892581532
2026-03-17,NIFTYBEES,271,21,0.0,0.6227208976157083,0.6217480816020962,1.4564520827272236
2026-03-17,RELIANCE,271,21,0.0,0.4425531914893617,0.4438553304298428,1.5414258188810643
2026-03-17,TCS,271,21,0.0,-0.005641748942172073,-0.006401807569196009,1.8347782211829315
2026-03-18,AXISBANK,271,21,0.0,0.007643312101910828,0.007993197278911564,1.5197568389043927
2026-03-18,BANKBEES,271,21,0.0,0.3155149934810952,0.3175017397355602,3.514938488575156
2026-03-18,HCLTECH,271,21,0.0,-0.30451612903225805,-0.3043403375818119,2.464875523785675
2026-03-18,HDFCBANK,271,21,0.0,-0.5813060179257362,-0.5807554264228337,1.2261663907795075
2026-03-18,ICICIBANK,271,21,0.0,-0.38095238095238093,-0.38000343583576707,1.4314342971660858
2026-03-18,INFY,271,21,0.0,-0.1976592977893368,-0.197882312098594,1.8165304268829983
2026-03-18,ITBEES,271,21,0.0,0.7362784471218207,0.7371336669049321,3.114294612271914
2026-03-18,NIFTYBEES,271,21,0.0,0.6184397163120567,0.620337057375497,1.4563460278169544
2026-03-18,RELIANCE,271,21,0.0,0.43312101910828027,0.4325794932834552,1.5447594037232217
2026-03-18,TCS,271,21,0.0,-0.011157601115760111,-0.01005399366970769,1.839334161034124
2026-03-19,AXISBANK,271,21,0.0,0.007566204287515763,0.00706951691634405,1.5225334957372525
2026-03-19,BANKBEES,271,21,0.0,0.3300423131170663,0.32912822443984185,3.5155269105220786
2026-03-19,HCLTECH,271,21,0.0,-0.309552599758162,-0.3117637566564467,2.4709661477634013
2026-03-19,HDFCBANK,271,21,0.0,-0.5828144458281445,-0.5832779255319149,1.2287276525160993
2026-03-19,ICICIBANK,271,21,0.0,-0.3656207366984993,-0.3645966126388636,1.42795944595206
2026-03-19,INFY,271,21,0.0,-0.20322180916976457,-0.20373739044154127,1.82033312096155
2026-03-19,ITBEES,271,21,0.0,0.7342747111681643,0.7352185089974294,3.1210986267182013
2026-03-19,NIFTYBEES,271,21,0.0,0.6120358514724712,0.6125448641257905,1.4589488273706266
2026-03-19,RELIANCE,271,21,0.0,0.43236409608091025,0.4319217141893032,1.5458339774311751
2026-03-19,TCS,271,21,0.0,-0.02002503128911139,-0.02088205813564985,1.8379818958787433
2026-03-20,AXISBANK,271,21,0.0,0.01444043321299639,0.014294892386765179,1.5198723307245645
2026-03-20,BANKBEES,271,21,0.0,0.32546583850931676,0.32498756425136793,4.178854993731718
2026-03-20,HCLTECH,271,21,0.0,-0.30012004801920766,-0.30123377663835926,3.286500698380278
2026-03-20,HDFCBANK,271,21,0.0,-0.5710627400768246,-0.5715262348316527,1.2224191675328249
2026-03-20,ICICIBANK,271,21,0.0,-0.3751493428912784,-0.3764555750518424,1.429694760169029
2026-03-20,INFY,271,21,0.0,-0.19488428745432398,-0.19346447732076086,1.8211619012934392
2026-03-20,ITBEES,271,21,0.0,0.7389659520807061,0.7395622895622895,3.116235587409788
2026-03-20,NIFTYBEES,271,21,0.0,0.6194690265486725,0.6194735065811677,1.8270847036472768
2026-03-20,RELIANCE,271,21,0.0,0.4400494437577256,0.4395314304570203,1.5388166499965032
2026-03-20,TCS,271,21,0.0,-0.01221001221001221,-0.012713936430317848,2.2922110667950304
2026-03-23,AXISBANK,271,21,0.0,0.019769357495881382,0.01957765068191817,1.518141794443946
2026-03-23,BANKBEES,271,21,0.0,0.3228995057660626,0.32592918407741367,3.005510101854461
2026-03-23,HCLTECH,271,21,0.0,-0.2972536348949919,-0.2973031283710895,2.457606291471734
2026-03-23,HDFCBANK,271,21,0.0,-0.5714285714285714,-0.5735584301688226,1.2220457045096267
2026-03-23,ICICIBANK,271,21,0.0,-0.367816091954023,-0.3700942775707082,1.4259232853275738
2026-03-23,INFY,271,21,0.0,-0.18923327895595432,-0.19037246787192333,1.8124150430432089
2026-03-23,ITBEES,271,21,0.0,0.7380560131795717,0.7401540154015401,3.108486167235937
2026-03-23,NIFTYBEES,271,21,0.0,0.6194398682042833,0.6201055873295205,1.0943712836965205
2026-03-23,RELIANCE,271,21,0.0,0.44084278768233387,0.44059727331746373,1.539882968894714
2026-03-23,TCS,271,21,0.0,-0.013223140495867768,-0.009269476936658574,1.3777267508619147
2026-03-24,AXISBANK,271,21,0.0,0.016506189821182942,0.017076753580609623,1.518141794443946
2026-03-24,BANKBEES,271,21,0.0,0.3262411347517731,0.3264533232342359,3.502101260757061
2026-03-24,HCLTECH,271,21,0.0,-0.300132802124834,-0.3007798652959943,2.4620434961032576
2026-03-24,HDFCBANK,271,21,0.0,-0.5738396624472574,-0.5738967136150235,1.223391240518996
2026-03-24,ICICIBANK,271,21,0.0,-0.37130801687763715,-0.37082238077356366,1.4249073810205577
2026-03-24,INFY,271,21,0.0,-0.19319727891156463,-0.19306211405739193,1.8168604651166917
2026-03-24,ITBEES,271,21,0.0,0.7393103448275862,0.7384020618556701,3.1113876789063832
2026-03-24,NIFTYBEES,271,21,0.0,0.6181818181818182,0.6196788648244959,1.4543339150676435
2026-03-24,RELIANCE,271,21,0.0,0.44195804195804195,0.44193427931292006,1.5436863229395297
2026-03-24,TCS,271,21,0.0,-0.013568521031207599,-0.012133285041651575,1.8382352941159752
2026-03-25,AXISBANK,271,21,0.0,0.02860858257477243,0.02621527777777778,1.5132026935011387
2026-03-25,BANKBEES,271,21,0.0,0.3198031980319803,0.32025607353906765,3.6754878374751674
2026-03-25,HCLTECH,271,21,0.0,-0.2924901185770751,-0.29282448118185017,2.453385672227302
2026-03-25,HDFCBANK,271,21,0.0,-0.5804111245465539,-0.5798902517753389,1.225865767697322
2026-03-25,ICICIBANK,271,21,0.0,-0.37017310252996005,-0.36917881265552793,1.424095699231312
2026-03-25,INFY,271,21,0.0,-0.18908122503328895,-0.18773333333333334,1.8185124568107425
2026-03-25,ITBEES,271,21,0.0,0.7403462050599201,0.7409777777777777,3.10945273631779
2026-03-25,NIFTYBEES,271,21,0.0,0.621870882740448,0.6214172674520837,1.458151064448951
2026-03-25,RELIANCE,271,21,0.0,0.4435590969455511,0.4433811802232855,1.5411882561458388
2026-03-25,TCS,271,21,0.0,0.0,-0.0010282776349614395,1.8318373328452597
2026-03-26,AXISBANK,271,21,0.0,0.012307692307692308,0.010674695497468181,2.2822365918614067
2026-03-26,BANKBEES,271,21,0.0,0.32408435072142067,0.324396385720634,5.837224816544743
2026-03-26,HCLTECH,271,21,0.0,-0.3007518796992481,-0.3002150537634409,3.2813781788358565
2026-03-26,HDFCBANK,271,21,0.0,-0.5754614549402823,-0.5758585712215621,1.8362100624308637
2026-03-26,ICICIBANK,271,21,0.0,-0.3764458464773922,-0.376140350877193,2.145615791731902
2026-03-26,INFY,271,21,0.0,-0.193756727664155,-0.1934185946256646,2.731494127287212
2026-03-26,ITBEES,271,21,0.0,0.7339449541284404,0.734866004625221,3.116235587409788
2026-03-26,NIFTYBEES,271,21,0.0,0.6192090395480226,0.6201176293168451,1.8221574344027467
2026-03-26,RELIANCE,271,21,0.0,0.44173140954495005,0.4417123389127537,2.308757888255768
2026-03-26,TCS,271,21,0.0,-0.022244691607684528,-0.020912034538586078,2.3061666897283337
2026-03-27,AXISBANK,271,21,0.0,0.020752269779507133,0.019909972299168976,1.5158405335762124
2026-03-27,BANKBEES,271,21,0.0,0.32847682119205296,0.3292661361626879,3.6636136552877145
2026-03-27,HCLTECH,271,21,0.0,-0.2952503209242619,-0.296949965729952,2.4572037021865385
2026-03-27,HDFCBANK,271,21,0.0,-0.5653798256537983,-0.5669160432252701,1.2233164107899288
2026-03-27,ICICIBANK,271,21,0.0,-0.3712418300653595,-0.3706159483510731,1.4249073810205577
2026-03-27,INFY,271,21,0.0,-0.18708827404479578,-0.1864555848724714,1.8120866177407402
2026-03-27,ITBEES,271,21,0.0,0.7387387387387387,0.738704689915822,3.1210986267182013
2026-03-27,NIFTYBEES,271,21,0.0,0.6186107470511141,0.6194891532540238,1.4582042214998951
2026-03-27,RELIANCE,271,21,0.0,0.43211334120425027,0.43246650906225376,1.5435671837620244
2026-03-27,TCS,271,21,0.0,-0.005270092226613966,-0.005275189027606823,1.83621006243156
2026-03-30,AXISBANK,271,21,0.0,0.03115264797507788,0.03172623995566639,3.777576307041403
2026-03-30,BANKBEES,271,21,0.0,0.34165834165834164,0.3418210905212638,5.651595744681381
2026-03-30,HCLTECH,271,21,0.0,-0.2789317507418398,-0.278738286920945,4.902761889196838
2026-03-30,HDFCBANK,271,21,0.0,-0.5637305699481865,-0.5650670723274789,3.0445107471229376
2026-03-30,ICICIBANK,271,21,0.0,-0.3515850144092219,-0.35174977566978594,3.5303254960107324
2026-03-30,INFY,271,21,0.0,-0.17008797653958943,-0.169971301852335,4.510599909788001
2026-03-30,ITBEES,271,21,0.0,0.74090407938258,0.7423484402589758,6.222775357808345
2026-03-30,NIFTYBEES,271,21,0.0,0.6266804550155118,0.6272940527114668,3.628842036506976
2026-03-30,RELIANCE,271,21,0.0,0.45141065830721006,0.4512620276112118,3.074321727767763
2026-03-30,TCS,271,21,0.0,0.008008008008008008,0.008550434201736807,3.6598197538779536
2026-03-31,AXISBANK,271,21,0.0,0.025348542458808618,0.02689445196211096,1.5110305228169045
2026-03-31,BANKBEES,271,21,0.0,0.3303225806451613,0.33120909404064763,3.4991252186959323
2026-03-31,HCLTECH,271,21,0.0,-0.2822085889570552,-0.28468468468468466,2.4549918166954328
2026-03-31,HDFCBANK,271,21,0.0,-0.5685019206145967,-0.5694753033669459,1.218175173590239
2026-03-31,ICICIBANK,271,21,0.0,-0.36386449184441655,-0.36331658291457286,1.4225762856536417
2026-03-31,INFY,271,21,0.0,-0.18437900128040974,-0.18321654418048197,1.8135654697138686
2026-03-31,ITBEES,271,21,0.0,0.7363057324840764,0.7385609797584624,3.1172069825430206
2026-03-31,NIFTYBEES,271,21,0.0,0.6208718626155878,0.6216931216931217,1.452749328104179
2026-03-31,RELIANCE,271,21,0.0,0.44415243101182655,0.44483423960708646,1.540594669542794
2026-03-31,TCS,271,21,0.0,0.0,-0.0006836438215689625,1.8314179753678443
2026-04-01,AXISBANK,271,21,0.0,0.039177277179236046,0.03947196444909162,3.769317753486619
2026-04-01,BANKBEES,271,21,0.0,0.3350895679662803,0.33581774715229923,5.671487430981637
2026-04-01,HCLTECH,271,21,0.0,-0.2801175318315377,-0.2789177885243759,4.883607357969531
2026-04-01,HDFCBANK,271,21,0.0,-0.5628140703517588,-0.5623658798283262,3.0430284218854604
2026-04-01,ICICIBANK,271,21,0.0,-0.35179786200194363,-0.35274283491116587,3.550379890648299
2026-04-01,INFY,271,21,0.0,-0.1671415004748338,-0.16662442980233147,4.51222813825467
2026-04-01,ITBEES,271,21,0.0,0.743940990516333,0.7444803825059767,6.205398696867243
2026-04-01,NIFTYBEES,271,21,0.0,0.629812438302073,0.6310104070609933,3.6321371494995907
2026-04-01,RELIANCE,271,21,0.0,0.44919786096256686,0.4493932905067809,3.0632562413852886
2026-04-01,TCS,271,21,0.0,0.015763546798029555,0.013145786775338505,3.651800794265428
2026-04-02,AXISBANK,271,21,0.0,0.025717111770524232,0.02521119324181626,3.7867312935474096
2026-04-02,BANKBEES,271,21,0.0,0.3196803196803197,0.32342354352752967,8.349057391420509
2026-04-02,HCLTECH,271,21,0.0,-0.24107744107744108,-0.24166741532656544,4.856333468230749
2026-04-02,HDFCBANK,271,21,0.0,-0.5700099304865939,-0.5700278256260766,3.0482228860574287
2026-04-02,ICICIBANK,271,21,0.0,-0.36656596173212486,-0.36742373336917084,3.554418141750195
2026-04-02,INFY,271,21,0.0,-0.1884498480243161,-0.18850574712643678,4.535558780841799
2026-04-02,ITBEES,271,21,0.0,0.7375609756097561,0.7382192137464202,6.2402496099853755
2026-04-02,NIFTYBEES,271,21,0.0,0.6226600985221675,0.6234876380852183,3.6370249136214854
2026-04-02,RELIANCE,271,21,0.0,0.44764649375600385,0.44866042815023716,3.0778701138801448
2026-04-02,TCS,271,21,0.0,0.0,-0.00404040404040404,3.6675377068707973
2026-04-03,AXISBANK,271,21,0.0,0.02560819462227913,0.02632028713040506,1.5117157974287083
2026-04-03,BANKBEES,271,21,0.0,0.32674571805006586,0.32717678100263853,3.502568550268909
2026-04-03,HCLTECH,271,21,0.0,-0.29403973509933773,-0.2938992042440318,2.4614374794876475
2026-04-03,HDFCBANK,271,21,0.0,-0.5729303547963206,-0.5735835818277495,1.2241400416210395
2026-04-03,ICICIBANK,271,21,0.0,-0.3728813559322034,-0.37156282631395754,1.4261266400459602
2026-04-03,INFY,271,21,0.0,-0.18641810918774968,-0.18752221827230714,1.8178512997640928
2026-04-03,ITBEES,271,21,0.0,0.7404479578392622,0.7412944073162153,3.1123560535319053
2026-04-03,NIFTYBEES,271,21,0.0,0.6205997392438071,0.6221719457013575,1.4544925639054442
2026-04-03,RELIANCE,271,21,0.0,0.43902439024390244,0.44010282776349613,1.5444015444001395
2026-04-03,TCS,271,21,0.0,-0.013003901170351105,-0.010243055555555556,1.83200512961478
2026-04-06,AXISBANK,271,21,0.0,0.01225114854517611,0.012474437627811861,3.039513677812241
2026-04-06,BANKBEES,271,21,0.0,0.3273905996758509,0.3263362908461372,9.534483047020894
2026-04-06,HCLTECH,271,21,0.0,-0.3029366306027821,-0.3021671826625387,4.923278903749151
2026-04-06,HDFCBANK,271,21,0.0,-0.5728314238952537,-0.5739890710382514,2.4431956999761235
2026-04-06,ICICIBANK,271,21,0.0,-0.3698854337152209,-0.3714223290364868,2.8567347521789097
2026-04-06,INFY,271,21,0.0,-0.1884297520661157,-0.18741721854304635,3.6254871748399435
2026-04-06,ITBEES,271,21,0.0,0.7387687188019967,0.7407242834925573,6.23247117482179
2026-04-06,NIFTYBEES,271,21,0.0,0.6176,0.6177350427350428,2.918004085205139
2026-04-06,RELIANCE,271,21,0.0,0.4330827067669173,0.4328448102790604,3.098133374640722
2026-04-06,TCS,271,21,0.0,-0.012965964343598054,-0.010168758113370835,3.664178079053392
2026-04-07,AXISBANK,271,21,0.0,0.007134363852556481,0.0076178384383431205,1.5226494099719687
2026-04-07,BANKBEES,271,21,0.0,0.31845597104945716,0.3180428134556575,3.5072483131811807
2026-04-07,HCLTECH,271,21,0.0,-0.30680507497116494,-0.3082371054657429,2.472187886280856
2026-04-07,HDFCBANK,271,21,0.0,-0.5792610250297974,-0.581066030230708,1.226391954869055
2026-04-07,ICICIBANK,271,21,0.0,-0.37992831541218636,-0.37974481658692183,1.4289797084884646
2026-04-07,INFY,271,21,0.0,-0.20256111757857975,-0.2021441889372281,1.819505094614679
2026-04-07,ITBEES,271,21,0.0,0.7334137515078407,0.735426731078905,3.1191515907666907
2026-04-07,NIFTYBEES,271,21,0.0,0.6123936816524909,0.6144363341443634,1.4601737606761926
2026-04-07,RELIANCE,271,21,0.0,0.4300578034682081,0.42978395061728397,1.5488267637268291
2026-04-07,TCS,271,21,0.0,-0.018979833926453145,-0.019629570998891878,1.8407731247107049
2026-04-08,AXISBANK,271,21,0.0,0.019448946515397084,0.018610690326769097,1.516300227443655
2026-04-08,BANKBEES,271,21,0.0,0.32727272727272727,0.32649459519082286,2.99960005332539
2026-04-08,HCLTECH,271,21,0.0,-0.2988871224165342,-0.29845043515177244,2.4574049803403875
2026-04-08,HDFCBANK,271,21,0.0,-0.573268921095008,-0.5749301225542894,1.223915305061168
2026-04-08,ICICIBANK,271,21,0.0,-0.37037037037037035,-0.3719630187056547,1.4254151521633918
2026-04-08,INFY,271,21,0.0,-0.1886178861788618,-0.18971130887779467,1.814388097614492
2026-04-08,ITBEES,271,21,0.0,0.7373572593800979,0.7397081245915923,3.1191515907666907
2026-04-08,NIFTYBEES,271,21,0.0,0.6194398682042833,0.6201055873295205,1.0929359903811693
2026-04-08,RELIANCE,271,21,0.0,0.44122383252818037,0.4403354117394109,1.541069502234901
2026-04-08,TCS,271,21,0.0,-0.006482982171799027,-0.007790521532135901,1.3742556115445805
2026-04-09,AXISBANK,271,21,0.0,0.012409513960703205,0.011042097998619738,3.7670458826188504
2026-04-09,BANKBEES,271,21,0.0,0.34396135265700484,0.3448098001289491,5.649248151533303
2026-04-09,HCLTECH,271,21,0.0,-0.3069207622868606,-0.3070539419087137,4.906771344454604
2026-04-09,HDFCBANK,271,21,0.0,-0.5534246575342465,-0.5541067511576895,3.039698461912578
2026-04-09,ICICIBANK,271,21,0.0,-0.3470319634703196,-0.3462897526501767,3.5455963693093175
2026-04-09,INFY,271,21,0.0,-0.16975609756097562,-0.16976956125504492,4.515080368430557
2026-04-09,ITBEES,271,21,0.0,0.7492739593417231,0.7489664082687338,6.188118811879956
2026-04-09,NIFTYBEES,271,21,0.0,0.6140904311251314,0.6153522312657873,3.635966985418533
2026-04-09,RELIANCE,271,21,0.0,0.46648793565683644,0.46684951108991174,3.0520372348532248
2026-04-09,TCS,271,21,0.0,-0.014721345951629864,-0.014734774066797643,3.662668253821661
2026-04-10,AXISBANK,271,21,0.0,0.03115264797507788,0.03146659273634599,1.5111446921028946
2026-04-10,BANKBEES,271,21,0.0,0.34088669950738915,0.34222981856429135,3.821994748911865
2026-04-10,HCLTECH,271,21,0.0,-0.2860103626943005,-0.284805751417116,2.4495794888540425
2026-04-10,HDFCBANK,271,21,0.0,-0.5638406537282942,-0.5639907319067738,1.2178042988494517
2026-04-10,ICICIBANK,271,21,0.0,-0.3591331269349845,-0.35964187327823693,1.4221716561192168
2026-04-10,INFY,271,21,0.0,-0.19775739041794088,-0.1988845055094545,1.8157058556497332
2026-04-10,ITBEES,271,21,0.0,0.746177370030581,0.7462930213576384,3.102699348432519
2026-04-10,NIFTYBEES,271,21,0.0,0.6253934942287513,0.6262428231340148,1.4517475411033451
2026-04-10,RELIANCE,271,21,0.0,0.45554445554445555,0.4556725769897347,1.5349194167292257
2026-04-10,TCS,271,21,0.0,0.008105369807497468,0.007166035694970254,1.8290731171982761
2026-04-13,AXISBANK,271,21,0.0,0.017478152309612985,0.01566405599066822,1.5152663080539848
2026-04-13,BANKBEES,271,21,0.0,0.3285528031290743,0.32991125804767707,3.6686232657402873
2026-04-13,HCLTECH,271,21,0.0,-0.29403973509933773,-0.2933168316831683,2.4596212183320043
2026-04-13,HDFCBANK,271,21,0.0,-0.5703022339027596,-0.5711278723031047,1.2194378391564265
2026-04-13,ICICIBANK,271,21,0.0,-0.36821192052980134,-0.36910022980378293,1.4238929232524953
2026-04-13,INFY,271,21,0.0,-0.18641810918774968,-0.18752221827230714,1.8138944313445082
2026-04-13,ITBEES,271,21,0.0,0.7386215864759428,0.7394549557368513,3.116235587409788
2026-04-13,NIFTYBEES,271,21,0.0,0.6209573091849935,0.6232509932630852,1.4557100225642503
2026-04-13,RELIANCE,271,21,0.0,0.4456094364351245,0.44559132260321904,1.5366884364181184
2026-04-13,TCS,271,21,0.0,0.0,-0.0019090593543908366,1.8353675323487704
2026-04-14,AXISBANK,271,21,0.0,0.019417475728155338,0.01888539159414923,1.514119161178329
2026-04-14,BANKBEES,271,21,0.0,0.3263009845288326,0.3261359369132557,3.4988337220913475
2026-04-14,HCLTECH,271,21,0.0,-0.30144167758846657,-0.30201224846894137,2.468729427254399
2026-04-14,HDFCBANK,271,21,0.0,-0.5742024965325936,-0.5743380855397149,1.221821736208965
2026-04-14,ICICIBANK,271,21,0.0,-0.37209302325581395,-0.37296803652968036,1.425313568985501
2026-04-14,INFY,271,21,0.0,-0.19099590723055934,-0.19195046439628483,1.8170255292090989
2026-04-14,ITBEES,271,21,0.0,0.7390691114245416,0.7399736396158916,3.1123560535319053
2026-04-14,NIFTYBEES,271,21,0.0,0.6185852981969486,0.6191446028513238,1.4558689717912146
2026-04-14,RELIANCE,271,21,0.0,0.43983402489626555,0.44089397857406726,1.5391719255044287
2026-04-14,TCS,271,21,0.0,-0.02069857697283312,-0.01847375690607735,1.8386577798190586
2026-04-15,AXISBANK,271,21,0.0,0.01844532279314888,0.019873373197326766,1.5177961599760605
2026-04-15,BANKBEES,271,21,0.0,0.32847682119205296,0.327970297029703,3.5019844578600607
2026-04-15,HCLTECH,271,21,0.0,-0.2988505747126437,-0.2984998295260825,2.464875523785675
2026-04-15,HDFCBANK,271,21,0.0,-0.574002574002574,-0.574888354517348,1.2248147467698296
2026-04-15,ICICIBANK,271,21,0.0,-0.36671001300390116,-0.3671875,1.420959147423219
2026-04-15,INFY,271,21,0.0,-0.1888745148771022,-0.1902952857882922,1.8132366273782239
2026-04-15,ITBEES,271,21,0.0,0.7403462050599201,0.7409777777777777,3.113325031132631
2026-04-15,NIFTYBEES,271,21,0.0,0.6179921773142112,0.6191056203236471,1.4561869744061895
2026-04-15,RELIANCE,271,21,0.0,0.44046094750320103,0.4399247991796274,1.543924656477115
2026-04-15,TCS,271,21,0.0,-0.012706480304955527,-0.012042062415196744,1.8326766242100745
2026-04-16,AXISBANK,271,21,0.0,0.02502844141069397,0.02369020501138952,1.5010507355152016
2026-04-16,BANKBEES,271,21,0.0,0.3568242640499554,0.35591001071301037,3.8064345293263964
2026-04-16,HCLTECH,271,21,0.0,-0.25774058577405856,-0.25736936132201876,2.430133657352628
2026-04-16,HDFCBANK,271,21,0.0,-0.5468354430379747,-0.546509009009009,1.2080942313489464
2026-04-16,ICICIBANK,271,21,0.0,-0.3330585325638912,-0.3327100747910251,1.4090460758069991
2026-04-16,INFY,271,21,0.0,-0.14113873295910184,-0.14186369958275383,1.7925965761409475
2026-04-16,ITBEES,271,21,0.0,0.7546174142480211,0.7546062668700857,3.0826140567194855
2026-04-16,NIFTYBEES,271,21,0.0,0.6366095581605049,0.6379497052099627,1.4466022928633184
2026-04-16,RELIANCE,271,21,0.0,0.47337278106508873,0.47344084808841774,1.5242740644771395
2026-04-16,TCS,271,21,0.0,0.04527081649151172,0.04271383885233524,1.8128257421238894
2026-04-17,AXISBANK,271,21,0.0,0.030267753201396973,0.029676817899316345,1.5094339622627782
2026-04-17,BANKBEES,271,21,0.0,0.33210332103321033,0.3299950747003776,4.005273610253652
2026-04-17,HCLTECH,271,21,0.0,-0.2970059880239521,-0.2968350383631714,2.4433946896885033
2026-04-17,HDFCBANK,271,21,0.0,-0.5696670776818742,-0.5715931533903884,1.2216724696111754
2026-04-17,ICICIBANK,271,21,0.0,-0.36809815950920244,-0.3673435964624959,1.4243999715123243
2026-04-17,INFY,271,21,0.0,-0.1735261401557286,-0.1747327790973872,1.8066847335123586
2026-04-17,ITBEES,271,21,0.0,0.7374847374847375,0.7394492423007984,3.1113876789063832
2026-04-17,NIFTYBEES,271,21,0.0,0.6189889025893958,0.6199802501645819,1.822423093745858
2026-04-17,RELIANCE,271,21,0.0,0.4444444444444444,0.4439260123312781,1.5423768026532392
2026-04-17,TCS,271,21,0.0,-0.007453416149068323,-0.006300779306914276,2.288853284504463
2026-04-20,AXISBANK,271,21,0.0,0.024360535931790498,0.02438627865387742,1.4821402104642467
2026-04-20,BANKBEES,271,21,0.0,0.3279901356350185,0.3288888888888889,3.6027774138613142
2026-04-20,HCLTECH,271,21,0.0,-0.2905982905982906,-0.2915580182529335,2.430921319179601
2026-04-20,HDFCBANK,271,21,0.0,-0.56865127582017,-0.570316301703163,1.2102874432666753
2026-04-20,ICICIBANK,271,21,0.0,-0.3656441717791411,-0.3670160497870947,1.4155283459554493
2026-04-20,INFY,271,21,0.0,-0.15920398009950248,-0.16013809587040234,1.7814197915742898
2026-04-20,ITBEES,271,21,0.0,0.7398273736128237,0.7411125740618828,3.0740854595751643
2026-04-20,NIFTYBEES,271,21,0.0,0.6205191594561187,0.6216171617161717,1.4224751066863606
2026-04-20,RELIANCE,271,21,0.0,0.44632086851628466,0.44630494284334243,1.5152663080539848
2026-04-20,TCS,271,21,0.0,0.0,-0.001955352778230406,1.8130722509296118
2026-04-21,AXISBANK,271,21,0.0,0.03407601572739188,0.033065080475857246,1.5104599350505663
2026-04-21,BANKBEES,271,21,0.0,0.3355525965379494,0.33469605403483826,3.4934788395002063
2026-04-21,HCLTECH,271,21,0.0,-0.2913719943422914,-0.2923512747875354,2.4598228927513492
2026-04-21,HDFCBANK,271,21,0.0,-0.5702127659574469,-0.5726188221927665,1.2209266833529424
2026-04-21,ICICIBANK,271,21,0.0,-0.3702664796633941,-0.3710915558884104,1.424298532972835
2026-04-21,INFY,271,21,0.0,-0.17748344370860927,-0.17874823196605374,1.8073377914336302
2026-04-21,ITBEES,271,21,0.0,0.7393103448275862,0.7384020618556701,3.114294612271914
2026-04-21,NIFTYBEES,271,21,0.0,0.620199146514936,0.6210826210826211,1.4563460278169544
2026-04-21,RELIANCE,271,21,0.0,0.4438122332859175,0.4434105582985188,1.5377518068587228
2026-04-21,TCS,271,21,0.0,0.0,-0.0018674136321195146,1.8317534459865867
2026-04-22,AXISBANK,271,21,0.0,0.030037546933667083,0.029397026891598465,1.5102318205848029
2026-04-22,BANKBEES,271,21,0.0,0.3320754716981132,0.3323820715125063,3.4963870666983516
2026-04-22,HCLTECH,271,21,0.0,-0.2893725992317542,-0.28952315843445564,2.4588148512413293
2026-04-22,HDFCBANK,271,21,0.0,-0.5641025641025641,-0.565677966101695,1.2197353174363939
2026-04-22,ICICIBANK,271,21,0.0,-0.3722721437740693,-0.37245160185026555,1.424095699231312
2026-04-22,INFY,271,21,0.0,-0.17401668653158522,-0.1746460951169079,1.8097909691434757
2026-04-22,ITBEES,271,21,0.0,0.7447595561035758,0.7444042132982225,3.103662321538799
2026-04-22,NIFTYBEES,271,21,0.0,0.6248431618569636,0.6250209345168314,1.453699665649821
2026-04-22,RELIANCE,271,21,0.0,0.45018450184501846,0.45082909210310296,1.5384615384601394
2026-04-22,TCS,271,21,0.0,0.00718562874251497,0.00671462829736211,1.8293240647584876
2026-04-23,AXISBANK,271,21,0.0,0.0,0.0003794586390083481,1.5240417587445358
2026-04-23,BANKBEES,271,21,0.0,0.3055295220243674,0.3064516129032258,3.8685370202176173
2026-04-23,HCLTECH,271,21,0.0,-0.3069207622868606,-0.3068790149892934,2.4671052631593904
2026-04-23,HDFCBANK,271,21,0.0,-0.5855072463768116,-0.5849664775657556,1.2263167576187717
2026-04-23,ICICIBANK,271,21,0.0,-0.3861671469740634,-0.385847968209204,1.4344115326690485
2026-04-23,INFY,271,21,0.0,-0.20218037661050545,-0.2028832165057532,1.824318161087708
2026-04-23,ITBEES,271,21,0.0,0.7311827956989247,0.7324549960866162,3.1250000000004885
2026-04-23,NIFTYBEES,271,21,0.0,0.6081982840800763,0.6079653899987276,1.4648258688235112
2026-04-23,RELIANCE,271,21,0.0,0.41601392515230634,0.41621182208802693,1.5629884338859448
2026-04-23,TCS,271,21,0.0,-0.023323615160349854,-0.02321058091286307,1.8447631785273757
2026-04-24,AXISBANK,271,21,0.0,0.027359781121751026,0.02629176556509038,1.5112588786462555
2026-04-24,BANKBEES,271,21,0.0,0.3346938775510204,0.3338782924613987,3.4980760581667205
2026-04-24,HCLTECH,271,21,0.0,-0.28493894165535955,-0.2871376811594203,2.4511806520136816
2026-04-24,HDFCBANK,271,21,0.0,-0.5682758620689655,-0.569692505984165,1.2224938875294504
2026-04-24,ICICIBANK,271,21,0.0,-0.37202797202797205,-0.37147657270860557,1.4219694276560122
2026-04-24,INFY,271,21,0.0,-0.19319727891156463,-0.19306211405739193,1.814388097614492
2026-04-24,ITBEES,271,21,0.0,0.7390691114245416,0.7407756024096386,3.105590062111183
2026-04-24,NIFTYBEES,271,21,0.0,0.6217331499312242,0.6233933161953727,1.4516421702057873
2026-04-24,RELIANCE,271,21,0.0,0.44689655172413795,0.44696132596685084,1.5369246138480401
2026-04-24,TCS,271,21,0.0,-0.005532503457814661,-0.004430496584825549,1.8351149240725375
2026-04-27,AXISBANK,271,21,0.0,0.029769959404600813,0.02926829268292683,1.5122873345921974
2026-04-27,BANKBEES,271,21,0.0,0.33378196500672946,0.33447098976109213,3.503737319808402
2026-04-27,HCLTECH,271,21,0.0,-0.2912621359223301,-0.2917978152194038,2.459016393444114
2026-04-27,HDFCBANK,271,21,0.0,-0.5668016194331984,-0.5674653215636822,1.2176560121754527
2026-04-27,ICICIBANK,271,21,0.0,-0.36535859269282817,-0.36434248554913296,1.4218683349925032
2026-04-27,INFY,271,21,0.0,-0.18083670715249664,-0.18122860745811564,1.8086453246522467
2026-04-27,ITBEES,271,21,0.0,0.7415426251691475,0.7433628318584071,3.10945273631779
2026-04-27,NIFTYBEES,271,21,0.0,0.6238030095759234,0.6242922374429224,1.4544396771151358
2026-04-27,RELIANCE,271,21,0.0,0.4379172229639519,0.43735519515237925,1.542495758137016
2026-04-27,TCS,271,21,0.0,0.0,0.0,1.831921227385556
2026-04-28,AXISBANK,271,21,0.0,0.03592814371257485,0.03516062010548186,1.508978421608914
2026-04-28,BANKBEES,271,21,0.0,0.3378212974296206,0.3365463159614442,3.6668500091675793
2026-04-28,HCLTECH,271,21,0.0,-0.2843488649940263,-0.2827751196172249,2.454389266137237
2026-04-28,HDFCBANK,271,21,0.0,-0.5603751465416178,-0.5619718309859155,1.2154360376774118
2026-04-28,ICICIBANK,271,21,0.0,-0.37763975155279506,-0.3764920424403183,1.4219694276560122
2026-04-28,INFY,271,21,0.0,-0.17149478563151796,-0.17151252706464584,1.8055430170627924
2026-04-28,ITBEES,271,21,0.0,0.7448609431680774,0.7454809554551324,3.105590062111183
2026-04-28,NIFTYBEES,271,21,0.0,0.6167741935483871,0.618776916451335,1.451220839529936
2026-04-28,RELIANCE,271,21,0.0,0.4569460390355913,0.4577076310144039,1.5328019619868596
2026-04-28,TCS,271,21,0.0,0.014268727705112961,0.010791937787652753,1.8304123003710744
2026-04-29,AXISBANK,271,21,0.0,0.02249718785151856,0.022819396487013963,2.2384718698698296
2026-04-29,BANKBEES,271,21,0.0,0.3329820864067439,0.3340365682137834,5.722320319142351
2026-04-29,HCLTECH,271,21,0.0,-0.30535894843276035,-0.3059490084985836,3.1915742439965764
2026-04-29,HDFCBANK,271,21,0.0,-0.577124868835257,-0.5782913165266107,1.7973758312860497
2026-04-29,ICICIBANK,271,21,0.0,-0.37433155080213903,-0.3752497858978019,2.115059221657886
2026-04-29,INFY,271,21,0.0,-0.1820151679306609,-0.1821598959086309,2.6525198939008123
2026-04-29,ITBEES,271,21,0.0,0.7421790722761596,0.7433054995680968,3.0674846625760774
2026-04-29,NIFTYBEES,271,21,0.0,0.6237942122186495,0.6249821147517528,1.7684091391388332
2026-04-29,RELIANCE,271,21,0.0,0.44617092119866814,0.44615612501851576,2.294630564478771
2026-04-29,TCS,271,21,0.0,0.008483563096500531,0.004812455767869781,2.231047253580831
2026-04-30,AXISBANK,271,21,0.0,0.032017075773746,0.030626780626780627,2.262443438915399
2026-04-30,BANKBEES,271,21,0.0,0.3300546448087432,0.33104856351173984,5.839269924423542
2026-04-30,HCLTECH,271,21,0.0,-0.2905027932960894,-0.29123173277661796,3.2773453502670296
2026-04-30,HDFCBANK,271,21,0.0,-0.5603190428713859,-0.5618097139055223,1.8278194114418722
2026-04-30,ICICIBANK,271,21,0.0,-0.36443468715697036,-0.36531419364288853,2.130076682760256
2026-04-30,INFY,271,21,0.0,-0.17497456765005087,-0.1749457111834962,2.7122321670730907
2026-04-30,ITBEES,271,21,0.0,0.7456230690010298,0.7456019791094007,3.1075201988828827
2026-04-30,NIFTYBEES,271,21,0.0,0.6209223847019123,0.6217717717717718,1.821427270409507
2026-04-30,RELIANCE,271,21,0.0,0.45016077170418006,0.44943498784151054,2.2984983144342213
2026-04-30,TCS,271,21,0.0,0.0,0.001546681664791901,2.2808137943618285
2026-05-01,AXISBANK,271,21,0.0,0.025477707006369428,0.026526101003230742,1.5133171912836372
2026-05-01,BANKBEES,271,21,0.0,0.33375474083438683,0.333052134300658,3.505491937367254
2026-05-01,HCLTECH,271,21,0.0,-0.28363636363636363,-0.28432799611838916,2.449179524858801
2026-05-01,HDFCBANK,271,21,0.0,-0.5674653215636822,-0.5682545026089884,1.2213740458004159
2026-05-01,ICICIBANK,271,21,0.0,-0.3640960809102402,-0.3639892001349983,1.420959147423219
2026-05-01,INFY,271,21,0.0,-0.17668711656441718,-0.17769407140517524,1.8081547780494123
2026-05-01,ITBEES,271,21,0.0,0.7448107448107448,0.7449478487614081,3.1017369727040984
2026-05-01,NIFTYBEES,271,21,0.0,0.623574144486692,0.6242598545085434,1.453118756131088
2026-05-01,RELIANCE,271,21,0.0,0.4489281210592686,0.44874600235650564,1.539527365099265
2026-05-01,TCS,271,21,0.0,0.0,-0.0019090593543908366,1.8310826276019052
2026-05-04,AXISBANK,271,21,0.0,0.02119205298013245,0.021919745448117377,1.5095478904071662
2026-05-04,BANKBEES,271,21,0.0,0.3258278145695364,0.3271441202475685,3.659895859327366
2026-05-04,HCLTECH,271,21,0.0,-0.2846441947565543,-0.2869521746375604,2.446183953032897
2026-05-04,HDFCBANK,271,21,0.0,-0.5660377358490566,-0.5673996978344804,1.2186205215698604
2026-05-04,ICICIBANK,271,21,0.0,-0.3656998738965952,-0.36446239273094394,1.4239943040214886
2026-05-04,INFY,271,21,0.0,-0.1795817958179582,-0.17875902823374917,1.8107741059286382
2026-05-04,ITBEES,271,21,0.0,0.7414880201765448,0.7433092072041744,3.1065548306921436
2026-05-04,NIFTYBEES,271,21,0.0,0.6229508196721312,0.624263839811543,1.4515894904907687
2026-05-04,RELIANCE,271,21,0.0,0.4475347661188369,0.4487006412419845,1.5357444521235157
2026-05-04,TCS,271,21,0.0,-0.005312084993359893,-0.005851063829787234,1.8326766242100745
2026-05-05,AXISBANK,271,21,0.0,0.0352035203520352,0.03332354668232531,1.5164151944805935
2026-05-05,BANKBEES,271,21,0.0,0.3178206583427923,0.32025450689289503,4.0160642570282645
2026-05-05,HCLTECH,271,21,0.0,-0.30056497175141245,-0.3011158021712907,2.4632564249934683
2026-05-05,HDFCBANK,271,21,0.0,-0.5805038335158818,-0.5802631578947368,1.2238404112106567
2026-05-05,ICICIBANK,271,21,0.0,-0.3759733036707453,-0.3772268408551069,1.4282653717063876
2026-05-05,INFY,271,21,0.0,-0.1943502824858757,-0.1942391796109184,1.820830298616583
2026-05-05,ITBEES,271,21,0.0,0.736,0.7375324081134665,3.1210986267182013
2026-05-05,NIFTYBEES,271,21,0.0,0.6148723640399556,0.6147237446304251,1.824351443062406
2026-05-05,RELIANCE,271,21,0.0,0.43439911797133407,0.43532008830022073,1.545475620122444
2026-05-05,TCS,271,21,0.0,-0.006764374295377677,-0.010230179028132993,2.2981109527968013
2026-05-06,AXISBANK,271,21,0.0,0.0353356890459364,0.03569182389937107,1.5078407720148181
2026-05-06,BANKBEES,271,21,0.0,0.3361963190184049,0.33688175565018014,3.497493463016882
2026-05-06,HCLTECH,271,21,0.0,-0.2783625730994152,-0.2786450202934749,2.4509803921583484
2026-05-06,HDFCBANK,271,21,0.0,-0.5671267252195734,-0.5677440964662536,1.2154360376774118
2026-05-06,ICICIBANK,271,21,0.0,-0.3580683156654888,-0.3571765445684641,1.4193456816410863
2026-05-06,INFY,271,21,0.0,-0.17391304347826086,-0.17349019607843139,1.805869074490457
2026-05-06,ITBEES,271,21,0.0,0.7454764776839565,0.7455335586673105,3.1075201988828827
2026-05-06,NIFTYBEES,271,21,0.0,0.626360338573156,0.6279257465698144,1.4498006524110354
2026-05-06,RELIANCE,271,21,0.0,0.45614035087719296,0.4557515217730607,1.5317454239108945
2026-05-06,TCS,271,21,0.0,0.0071174377224199285,0.007441418619379354,1.8259003971337517
2026-05-07,AXISBANK,271,21,0.0,0.0,0.0001274534794799898,2.2815423226097384
2026-05-07,BANKBEES,271,21,0.0,0.346336822074215,0.34683255046337436,4.330879168471048
2026-05-07,HCLTECH,271,21,0.0,-0.31469194312796206,-0.3138990767674213,3.2902854322619968
2026-05-07,HDFCBANK,271,21,0.0,-0.5526552655265526,-0.5526062935383137,1.8291567587339463
2026-05-07,ICICIBANK,271,21,0.0,-0.38703527168732127,-0.38697366747233175,2.1483815525634093
2026-05-07,INFY,271,21,0.0,-0.21396192203082504,-0.21362041853151081,2.7442371020852043
2026-05-07,ITBEES,271,21,0.0,0.7487781036168133,0.7488256784968684,3.116235587409788
2026-05-07,NIFTYBEES,271,21,0.0,0.60543580131209,0.6064282141070535,1.824950726330804
2026-05-07,RELIANCE,271,21,0.0,0.42569511025886864,0.42720061412487204,2.321083172148409
2026-05-07,TCS,271,21,0.0,0.01637852593266606,0.018210513536481728,2.296633135822884
2026-05-08,AXISBANK,271,21,0.0,0.004656577415599534,0.004662004662004662,3.808653260207191
2026-05-08,BANKBEES,271,21,0.0,0.3243933588761175,0.32418144611186905,5.700298427388791
2026-05-08,HCLTECH,271,21,0.0,-0.29357798165137616,-0.2924610809865314,4.940304652119465
2026-05-08,HDFCBANK,271,21,0.0,-0.5820721769499418,-0.5828154133001865,3.064288778574493
2026-05-08,ICICIBANK,271,21,0.0,-0.3798358733880422,-0.381377151799687,3.57577057855968
2026-05-08,INFY,271,21,0.0,-0.19785458879618595,-0.19920445505171042,4.555393586005831
2026-05-08,ITBEES,271,21,0.0,0.7372353673723536,0.7371571072319202,6.244146113017803
2026-05-08,NIFTYBEES,271,21,0.0,0.6140567200986436,0.6153086419753087,3.645244778187684
2026-05-08,RELIANCE,271,21,0.0,0.4307334109429569,0.4305469235550031,3.0883261272397386
2026-05-08,TCS,271,21,0.0,-0.019161676646706587,-0.01853923605561771,3.680191369949982
2026-05-11,AXISBANK,271,21,0.0,-0.0036463081130355514,-0.004744525547445255,2.2888532845041167
2026-05-11,BANKBEES,271,21,0.0,0.32764505119453924,0.32761499924092913,5.864316472027593
2026-05-11,HCLTECH,271,21,0.0,-0.32,-0.3209583679278852,3.2951643463206484
2026-05-11,HDFCBANK,271,21,0.0,-0.5884509624197983,-0.5896526418786693,1.8469494551496306
2026-05-11,ICICIBANK,271,21,0.0,-0.3650273224043716,-0.3649890590809628,2.1508459994261147
2026-05-11,INFY,271,21,0.0,-0.211306765523633,-0.21076066790352505,2.733983413833541
2026-05-11,ITBEES,271,21,0.0,0.7377584330794341,0.7384168482207698,3.126954346465919
2026-05-11,NIFTYBEES,271,21,0.0,0.6113886113886113,0.6116517797626984,1.8257503834079956
2026-05-11,RELIANCE,271,21,0.0,0.44394110985277463,0.44452841596130593,2.325761686952124
2026-05-11,TCS,271,21,0.0,-0.024459078080903106,-0.026358729760261077,2.3019198011141295
2026-05-12,AXISBANK,271,21,0.0,0.028004667444574097,0.02881619937694704,1.4763416254524655
2026-05-12,BANKBEES,271,21,0.0,0.3352601156069364,0.33513346705755287,3.6258158085573746
2026-05-12,HCLTECH,271,21,0.0,-0.2870264064293915,-0.2858893825647311,2.4150700370307083
2026-05-12,HDFCBANK,271,21,0.0,-0.5677267373380448,-0.5681496620028298,1.2020675561969314
2026-05-12,ICICIBANK,271,21,0.0,-0.365361803084223,-0.364514086736309,1.4146272457210742
2026-05-12,INFY,271,21,0.0,-0.1837968561064087,-0.18382827630729504,1.7906706061424071
2026-05-12,ITBEES,271,21,0.0,0.7406513872135102,0.7422315247142167,3.0562347188257983
2026-05-12,NIFTYBEES,271,21,0.0,0.6233453670276775,0.623293172690763,1.4324595330168892
2026-05-12,RELIANCE,271,21,0.0,0.4483985765124555,0.44791006966434455,1.525203996034816
2026-05-12,TCS,271,21,0.0,0.0,-0.0001590836780146357,1.8018829677016577
2026-05-13,AXISBANK,271,21,0.0,0.0088008800880088,0.00763246734184647,1.4895360095333694
2026-05-13,BANKBEES,271,21,0.0,0.3205574912891986,0.32088048364594635,3.939592908732913
2026-05-13,HCLTECH,271,21,0.0,-0.3023516237402016,-0.3043933054393305,2.4366471734889097
2026-05-13,HDFCBANK,271,21,0.0,-0.5817782656421515,-0.5821004833748352,1.2169891687966743
2026-05-13,ICICIBANK,271,21,0.0,-0.3754427390791027,-0.374881815316735,1.409542603425509
2026-05-13,INFY,271,21,0.0,-0.19888268156424582,-0.1991948710302669,1.8076644974696805
2026-05-13,ITBEES,271,21,0.0,0.736,0.7359670530811471,3.0590394616084464
2026-05-13,NIFTYBEES,271,21,0.0,0.6143344709897611,0.614240170031881,1.7978497716734878
2026-05-13,RELIANCE,271,21,0.0,0.43159065628476084,0.432833605462372,1.522185858893717
2026-05-13,TCS,271,21,0.0,-0.013590033975084938,-0.015721844293272863,2.2693232877955793
2026-05-14,AXISBANK,271,21,0.0,-0.019591836734693877,-0.020477072214355733,2.295859799494563
2026-05-14,BANKBEES,271,21,0.0,0.34707574304889743,0.34710849539406347,5.8216899534268585
2026-05-14,HCLTECH,271,21,0.0,-0.31627906976744186,-0.31591360476663355,3.2762716029147643
2026-05-14,HDFCBANK,271,21,0.0,-0.5558685446009389,-0.5568224533266508,1.8252616208320427
2026-05-14,ICICIBANK,271,21,0.0,-0.3500473036896878,-0.35029675464073745,2.127810483012657
2026-05-14,INFY,271,21,0.0,-0.20915032679738563,-0.20979195216145508,2.718622564568934
2026-05-14,ITBEES,271,21,0.0,0.7497603068072867,0.7496482026352821,3.100775193800036
2026-05-14,NIFTYBEES,271,21,0.0,0.6311713455953534,0.6322180596822116,1.8091688678204771
2026-05-14,RELIANCE,271,21,0.0,0.4623955431754875,0.46313963573287076,2.292876796086476
2026-05-14,TCS,271,21,0.0,-0.03210576015108593,-0.030497794580970385,2.296105804555474
2026-05-15,AXISBANK,271,21,0.0,0.01606425702811245,0.015546819156540386,1.5195259079170755
2026-05-15,BANKBEES,271,21,0.0,0.32447552447552447,0.3261762509335325,3.5081271612575193
2026-05-15,HCLTECH,271,21,0.0,-0.303595206391478,-0.30234624955563455,2.4580090127012033
2026-05-15,HDFCBANK,271,21,0.0,-0.5753052917232022,-0.576268115942029,1.2247397428035403
2026-05-15,ICICIBANK,271,21,0.0,-0.3748326639892905,-0.3750893495353824,1.4280614066391868
2026-05-15,INFY,271,21,0.0,-0.1955085865257596,-0.1960853464997355,1.8163654527295021
2026-05-15,ITBEES,271,21,0.0,0.7339449541284404,0.7359580052493438,3.1210986267182013
2026-05-15,NIFTYBEES,271,21,0.0,0.6168741355463347,0.61865189289012,1.4556040756921569
2026-05-15,RELIANCE,271,21,0.0,0.4379172229639519,0.43735519515237925,1.5433289605682958
2026-05-15,TCS,271,21,0.0,-0.013422818791946308,-0.013617631248880128,1.8346940647651178
2026-05-18,AXISBANK,271,21,0.0,0.006659267480577136,0.007998814990371797,3.7684654808561957
2026-05-18,BANKBEES,271,21,0.0,0.319365798414496,0.3186696900982615,5.641093708521898
2026-05-18,HCLTECH,271,21,0.0,-0.3078579117330463,-0.309051724137931,4.909180166911382
2026-05-18,HDFCBANK,271,21,0.0,-0.5802879291251384,-0.581350672380671,3.0513853289393387
2026-05-18,ICICIBANK,271,21,0.0,-0.3788049605411499,-0.3794192868963442,3.5107428731919677
2026-05-18,INFY,271,21,0.0,-0.19473081328751432,-0.196300259899098,4.4955943175687825
2026-05-18,ITBEES,271,21,0.0,0.7338618346545867,0.7356009070294784,6.106870229006418
2026-05-18,NIFTYBEES,271,21,0.0,0.6168446026097272,0.6170044331855605,3.6002304147473625
2026-05-18,RELIANCE,271,21,0.0,0.43159065628476084,0.432833605462372,3.0747943731252483
2026-05-18,TCS,271,21,0.0,-0.02011173184357542,-0.019979126285969883,3.646806764825305
2026-05-19,AXISBANK,271,21,0.0,0.023346303501945526,0.023718836565096952,1.5122873345921974
2026-05-19,BANKBEES,271,21,0.0,0.33202614379084966,0.33060013956734124,3.5081271612575193
2026-05-19,HCLTECH,271,21,0.0,-0.2901155327342747,-0.2907813570938999,2.456801244778925
2026-05-19,HDFCBANK,271,21,0.0,-0.5696040868454662,-0.5695533583361746,1.2185462742950433
2026-05-19,ICICIBANK,271,21,0.0,-0.3655083655083655,-0.365807560137457,1.4208581983521276
2026-05-19,INFY,271,21,0.0,-0.1832258064516129,-0.18377540475370308,1.814882032666226
2026-05-19,ITBEES,271,21,0.0,0.7414012738853503,0.7427308280904608,3.10945273631779
2026-05-19,NIFTYBEES,271,21,0.0,0.6208718626155878,0.621626389133886,1.4583637159114944
2026-05-19,RELIANCE,271,21,0.0,0.4453024453024453,0.44665864971654357,1.5357444521235157
2026-05-19,TCS,271,21,0.0,0.0,-0.0012152777777777778,1.8294077292459923
2026-05-20,AXISBANK,271,21,0.0,0.02053915275994865,0.020901147849922905,1.5165301789509056
2026-05-20,BANKBEES,271,21,0.0,0.33034571062740076,0.328832678174671,4.176132567152212
2026-05-20,HCLTECH,271,21,0.0,-0.29666254635352285,-0.2979706319089259,3.2900148050673708
2026-05-20,HDFCBANK,271,21,0.0,-0.5703422053231939,-0.5714769074606666,1.2201818070895338
2026-05-20,ICICIBANK,271,21,0.0,-0.3684879288437103,-0.3701441899915182,1.4239943040214886
2026-05-20,INFY,271,21,0.0,-0.20202020202020202,-0.2029658478130617,1.8251505749228456
2026-05-20,ITBEES,271,21,0.0,0.7388535031847133,0.7397143828629718,3.114294612271914
2026-05-20,NIFTYBEES,271,21,0.0,0.6217228464419475,0.6228961839693384,1.8184463194650626
2026-05-20,RELIANCE,271,21,0.0,0.4441591784338896,0.4438731790916881,1.5366884364181184
2026-05-20,TCS,271,21,0.0,-0.0076824583866837385,-0.006152794394120663,2.2893772893772892
2026-05-21,AXISBANK,271,21,0.0,0.02663115845539281,0.028261642374688943,1.5144631228233039
2026-05-21,BANKBEES,271,21,0.0,0.3310344827586207,0.3314306757503222,3.5072483131811807
2026-05-21,HCLTECH,271,21,0.0,-0.2892223738062756,-0.2883670125614418,2.4559967253391886
2026-05-21,HDFCBANK,271,21,0.0,-0.5642384105960265,-0.5663012729844413,1.2175077616122572
2026-05-21,ICICIBANK,271,21,0.0,-0.3616734143049933,-0.3635381012430193,1.4228799089360096
2026-05-21,INFY,271,21,0.0,-0.18381344307270234,-0.18348287859366416,1.8127435874199713
2026-05-21,ITBEES,271,21,0.0,0.7415426251691475,0.7433628318584071,3.1017369727040984
2026-05-21,NIFTYBEES,271,21,0.0,0.6238030095759234,0.6239269406392695,1.4515894904907687
2026-05-21,RELIANCE,271,21,0.0,0.44914134742404227,0.4506172839506173,1.5346838551261934
2026-05-21,TCS,271,21,0.0,0.0,-0.0009154155986818016,1.834441641823601
2026-05-22,AXISBANK,271,21,0.0,0.03819095477386935,0.03754861204237629,3.7670458826188504
2026-05-22,BANKBEES,271,21,0.0,0.33504624871531347,0.33685365519133176,5.654603512507182
2026-05-22,HCLTECH,271,21,0.0,-0.28601921024546423,-0.28713858424725824,4.910787362906442
2026-05-22,HDFCBANK,271,21,0.0,-0.5638406537282942,-0.5638718473074301,3.042472921990994
2026-05-22,ICICIBANK,271,21,0.0,-0.3525954946131244,-0.35367925761338387,3.536818278276862
2026-05-22,INFY,271,21,0.0,-0.17182817182817184,-0.17224370083988802,4.51997830410414
2026-05-22,ITBEES,271,21,0.0,0.7433439829605963,0.7440306992609437,6.205398696867243
2026-05-22,NIFTYBEES,271,21,0.0,0.6276923076923077,0.6278401313988503,3.6353060927738383
2026-05-22,RELIANCE,271,21,0.0,0.4496288441145281,0.4503114382785957,3.074321727767763
2026-05-22,TCS,271,21,0.0,0.0,0.0014062719729995782,3.652801241953253
2026-05-25,AXISBANK,271,21,0.0,0.004362050163576881,0.004948333575898705,1.5234613040832226
2026-05-25,BANKBEES,271,21,0.0,0.31496062992125984,0.31646899864885153,4.016131461369987
2026-05-25,HCLTECH,271,21,0.0,-0.3054626532887402,-0.3055059523809524,2.4602263408229827
2026-05-25,HDFCBANK,271,21,0.0,-0.5794813979706878,-0.5802859292701279,1.2243648607273836
2026-05-25,ICICIBANK,271,21,0.0,-0.3825136612021858,-0.38287631271878647,1.429286071607557
2026-05-25,INFY,271,21,0.0,-0.1961231470923603,-0.1971702418986764,1.8176860856134276
2026-05-25,ITBEES,271,21,0.0,0.7358708189158016,0.7363398491611512,3.1152647975071686
2026-05-25,NIFTYBEES,271,21,0.0,0.6146682188591386,0.6160658794282163,1.8239521394942007
2026-05-25,RELIANCE,271,21,0.0,0.4403444034440344,0.44210872064378387,1.5457145065309952
2026-05-25,TCS,271,21,0.0,-0.013559322033898305,-0.015530759951749096,2.3025558369790464
2026-05-26,AXISBANK,271,21,0.0,0.02607561929595828,0.02487821851078636,1.5133171912836372
2026-05-26,BANKBEES,271,21,0.0,0.32669322709163345,0.3283105832299238,3.667400146696461
2026-05-26,HCLTECH,271,21,0.0,-0.2928104575163399,-0.29256803907885554,2.456600065508963
2026-05-26,HDFCBANK,271,21,0.0,-0.5678073510773131,-0.5686971235194586,1.2170632264348897
2026-05-26,ICICIBANK,271,21,0.0,-0.3679369250985545,-0.36835642869671986,1.426940639269731
2026-05-26,INFY,271,21,0.0,-0.18158890290037832,-0.18164983164983164,1.8097909691434757
2026-05-26,ITBEES,271,21,0.0,0.7413127413127413,0.7421405256828724,3.1113876789063832
2026-05-26,NIFTYBEES,271,21,0.0,0.622568093385214,0.6224030470914127,1.455127505548418
2026-05-26,RELIANCE,271,21,0.0,0.4420772303595206,0.4432201883774658,1.5382248884790455
2026-05-26,TCS,271,21,0.0,0.0,-0.0019090593543908366,1.8291567587346393
2026-05-27,AXISBANK,271,21,0.0,0.025142857142857144,0.02715484363081617,1.5543638765838619
2026-05-27,BANKBEES,271,21,0.0,0.3314020857473928,0.33183856502242154,4.223686433519176
2026-05-27,HCLTECH,271,21,0.0,-0.2893226176808266,-0.288735632183908,3.310710147327354
2026-05-27,HDFCBANK,271,21,0.0,-0.5672316384180791,-0.5672047065922462,1.2519561815325075
2026-05-27,ICICIBANK,271,21,0.0,-0.3612040133779264,-0.3614583333333333,1.4585764294052328
2026-05-27,INFY,271,21,0.0,-0.18265895953757225,-0.18237926245949698,1.8221574344027467
2026-05-27,ITBEES,271,21,0.0,0.7453551912568306,0.7457701283547258,3.1836994587704583
2026-05-27,NIFTYBEES,271,21,0.0,0.6197854588796186,0.6198886237072394,1.8439977872030746
2026-05-27,RELIANCE,271,21,0.0,0.4520396912899669,0.4519641018096219,1.5752993068686634
2026-05-27,TCS,271,21,0.0,-0.022099447513812154,-0.018286388438283438,2.3224487900041804
2026-05-28,AXISBANK,271,21,0.0,0.023064250411861616,0.023762376237623763,1.5177961599760605
2026-05-28,BANKBEES,271,21,0.0,0.32114467408585057,0.3219439728353141,3.002101471028887
2026-05-28,HCLTECH,271,21,0.0,-0.3008,-0.2990813928647725,2.4578076355886824
2026-05-28,HDFCBANK,271,21,0.0,-0.571900826446281,-0.5719646799116997,1.222120378856206
2026-05-28,ICICIBANK,271,21,0.0,-0.3723916532905297,-0.37269609944277754,1.4266352806908158
2026-05-28,INFY,271,21,0.0,-0.19334389857369255,-0.1933573090755236,1.8209960848588311
2026-05-28,ITBEES,271,21,0.0,0.7373572593800979,0.7397081245915923,3.1172069825430206
2026-05-28,NIFTYBEES,271,21,0.0,0.6163723916532905,0.6183026146592371,1.0947306962498016
2026-05-28,RELIANCE,271,21,0.0,0.4364207221350079,0.4379454926624738,1.539527365099265
2026-05-28,TCS,271,21,0.0,-0.012718600953895072,-0.01188707280832095,1.3778533045502555
2026-05-29,AXISBANK,271,21,0.0,0.024906600249066,0.025261758351337878,1.5164151944805935
2026-05-29,BANKBEES,271,21,0.0,0.33034571062740076,0.328832678174671,4.17669072440524
2026-05-29,HCLTECH,271,21,0.0,-0.2900378310214376,-0.2912948307795925,3.276539973788425
2026-05-29,HDFCBANK,271,21,0.0,-0.5686032138442522,-0.5690252350321623,1.220479648502139
2026-05-29,ICICIBANK,271,21,0.0,-0.3643122676579926,-0.3647039364869335,1.4213630872009488
2026-05-29,INFY,271,21,0.0,-0.1845764854614412,-0.18545393182585218,1.816035594298061
2026-05-29,ITBEES,271,21,0.0,0.7437425506555423,0.7446706967865097,3.1113876789063832
2026-05-29,NIFTYBEES,271,21,0.0,0.6207759699624531,0.6226194453725359,1.8153432814149286
2026-05-29,RELIANCE,271,21,0.0,0.44388398486759145,0.4457162093923582,1.5409507666233566
2026-05-29,TCS,271,21,0.0,0.0,-0.002362071874472752,2.2936831964769024
2026-06-01,AXISBANK,271,21,0.0,0.02618657937806874,0.024256993006993008,1.5157256536553096
2026-06-01,BANKBEES,271,21,0.0,0.3295638126009693,0.3312473025463962,2.9961549345017837
2026-06-01,HCLTECH,271,21,0.0,-0.29213483146067415,-0.2903986283754822,2.4588148512413293
2026-06-01,HDFCBANK,271,21,0.0,-0.5691056910569106,-0.570343030829353,1.2229423994132655
2026-06-01,ICICIBANK,271,21,0.0,-0.36276083467094705,-0.3646882365545318,1.4250089063043683
2026-06-01,INFY,271,21,0.0,-0.18298555377207062,-0.1828118302614659,1.814388097614492
2026-06-01,ITBEES,271,21,0.0,0.7406199021207178,0.741506968641115,3.1152647975071686
2026-06-01,NIFTYBEES,271,21,0.0,0.6194398682042833,0.6213421342134213,1.0894037330224677
2026-06-01,RELIANCE,271,21,0.0,0.44552845528455287,0.44560260586319217,1.5385798907611774
2026-06-01,TCS,271,21,0.0,-0.006482982171799027,-0.004110774556469061,1.3728092252767452
2026-06-02,AXISBANK,271,21,0.0,0.012972972972972972,0.012408021930457366,2.3322708543882023
2026-06-02,BANKBEES,271,21,0.0,0.32764505119453924,0.3259945338597024,4.448094162731659
2026-06-02,HCLTECH,271,21,0.0,-0.30204962243797195,-0.3023758099352052,3.3408502463884653
2026-06-02,HDFCBANK,271,21,0.0,-0.5767138193688792,-0.5780682643427741,1.8765246762992092
2026-06-02,ICICIBANK,271,21,0.0,-0.38065194532071506,-0.37987650856020205,2.1830883423079217
2026-06-02,INFY,271,21,0.0,-0.19633225458468176,-0.19651598042038584,2.7739251040238737
2026-06-02,ITBEES,271,21,0.0,0.7367280606717227,0.7366594360086768,3.1908104658576932
2026-06-02,NIFTYBEES,271,21,0.0,0.6148867313915858,0.6151742009789807,1.8370871146713958
2026-06-02,RELIANCE,271,21,0.0,0.43422459893048126,0.4348322626695218,2.3768024084927473
2026-06-02,TCS,271,21,0.0,-0.006968641114982578,-0.0058905596031623006,2.360271903323263
2026-06-03,AXISBANK,271,21,0.0,0.02269503546099291,0.021965536830145807,3.7830067337519857
2026-06-03,BANKBEES,271,21,0.0,0.32538569424964936,0.32590789966304756,5.670068707890036
2026-06-03,HCLTECH,271,21,0.0,-0.29535864978902954,-0.29547587760465555,4.919242436664008
2026-06-03,HDFCBANK,271,21,0.0,-0.5746164574616457,-0.5738223794451685,3.0553009471432935
2026-06-03,ICICIBANK,271,21,0.0,-0.37099023709902373,-0.37113594040968345,3.559225512528474
2026-06-03,INFY,271,21,0.0,-0.19151846785225718,-0.19156318480642806,4.548762736535663
2026-06-03,ITBEES,271,21,0.0,0.7390691114245416,0.7407756024096386,6.23247117482179
2026-06-03,NIFTYBEES,271,21,0.0,0.620979020979021,0.6219193427931292,3.633192849877297
2026-06-03,RELIANCE,271,21,0.0,0.44039270687237025,0.4419692998876825,3.082851637765634
2026-06-03,TCS,271,21,0.0,0.0,-0.00284846183061147,3.673431903754831
2026-06-04,AXISBANK,271,21,0.0,0.025974025974025976,0.024739993696816894,1.516300227443655
2026-06-04,BANKBEES,271,21,0.0,0.32977461447212336,0.3299034351749248,4.0026016910993665
2026-06-04,HCLTECH,271,21,0.0,-0.296028880866426,-0.2951662116589048,2.4549918166954328
2026-06-04,HDFCBANK,271,21,0.0,-0.5731559854897219,-0.5725350976278845,1.222195062332226
2026-06-04,ICICIBANK,271,21,0.0,-0.365361803084223,-0.366846105129829,1.4231836618518854
2026-06-04,INFY,271,21,0.0,-0.18399044205495818,-0.18542729591836735,1.8162005085365556
2026-06-04,ITBEES,271,21,0.0,0.7415204678362574,0.7420009364757296,3.10945273631779
2026-06-04,NIFTYBEES,271,21,0.0,0.6218487394957983,0.6211757168028191,1.8139602379919957
2026-06-04,RELIANCE,271,21,0.0,0.44417767106842737,0.4442486382569689,1.5385798907611774
2026-06-04,TCS,271,21,0.0,-0.007050528789659225,-0.004705882352941176,2.2873873461732006
2026-06-05,AXISBANK,271,21,0.0,0.03778040141676505,0.0371946414499606,1.511944360447879
2026-06-05,BANKBEES,271,21,0.0,0.3303684879288437,0.33180661577608145,3.4966199340624513
2026-06-05,HCLTECH,271,21,0.0,-0.28299643281807374,-0.28186002221869544,2.450379808870003
2026-06-05,HDFCBANK,271,21,0.0,-0.5625744934445769,-0.563315303849825,1.2173595471425251
2026-06-05,ICICIBANK,271,21,0.0,-0.3596597812879708,-0.3603048483865737,1.4224751066843393
2026-06-05,INFY,271,21,0.0,-0.17611580217129072,-0.17632850241545894,1.8101185627662726
2026-06-05,ITBEES,271,21,0.0,0.7447595561035758,0.7444042132982225,3.1104199066867837
2026-06-05,NIFTYBEES,271,21,0.0,0.6238993710691824,0.6250839489590329,1.452749328104179
2026-06-05,RELIANCE,271,21,0.0,0.4531435349940688,0.4545598480050665,1.5371608638847551
2026-06-05,TCS,271,21,0.0,0.0,0.0025952960259529602,1.829826166512517
2026-06-08,AXISBANK,271,21,0.0,0.02269503546099291,0.021965536830145807,1.5158405335762124
2026-06-08,BANKBEES,271,21,0.0,0.32716927453769556,0.3282051282051282,3.505433421802506
2026-06-08,HCLTECH,271,21,0.0,-0.299039780521262,-0.29884636513459073,2.462851982595473
2026-06-08,HDFCBANK,271,21,0.0,-0.573049645390071,-0.5726188221927665,1.222867624578527
2026-06-08,ICICIBANK,271,21,0.0,-0.3706777316735823,-0.3716765140324963,1.4256183619648262
2026-06-08,INFY,271,21,0.0,-0.1896792189679219,-0.18953639918078571,1.8162005085365556
2026-06-08,ITBEES,271,21,0.0,0.7390691114245416,0.7399736396158916,3.1075201988828827
2026-06-08,NIFTYBEES,271,21,0.0,0.6205923836389281,0.6202221803803427,1.4583105472317792
2026-06-08,RELIANCE,271,21,0.0,0.44130127298444133,0.44268177525967894,1.5415446277173228
2026-06-08,TCS,271,21,0.0,-0.005610098176718092,-0.006551853238487458,1.8361257746138913
2026-06-09,AXISBANK,271,21,0.0,0.029216467463479414,0.0299645390070922,1.510916370779221
2026-06-09,BANKBEES,271,21,0.0,0.33288227334235454,0.3335140018066847,3.4932463903126685
2026-06-09,HCLTECH,271,21,0.0,-0.28761651131824234,-0.2871867780344766,2.450379808870003
2026-06-09,HDFCBANK,271,21,0.0,-0.5657370517928287,-0.5665662116645985,1.220554131576013
2026-06-09,ICICIBANK,271,21,0.0,-0.3731138545953361,-0.37305509793153946,1.420252804999613
2026-06-09,INFY,271,21,0.0,-0.18231292517006803,-0.18180167090446786,1.8089725036183566
2026-06-09,ITBEES,271,21,0.0,0.7443105756358769,0.7439242315939957,3.108486167235937
2026-06-09,NIFTYBEES,271,21,0.0,0.6238030095759234,0.6242922374429224,1.456080958102015
2026-06-09,RELIANCE,271,21,0.0,0.44952893674293404,0.4487156457697144,1.5384615384601394
2026-06-09,TCS,271,21,0.0,0.00535475234270415,0.003930677148472396,1.8308311973640192
2026-06-10,AXISBANK,271,21,0.0,0.004449388209121246,0.004008313539192399,1.5238095238081377
2026-06-10,BANKBEES,271,21,0.0,0.3252858958068615,0.326039016115352,4.18774498308151
2026-06-10,HCLTECH,271,21,0.0,-0.30700778642936594,-0.30893705463182897,3.2929941549361237
2026-06-10,HDFCBANK,271,21,0.0,-0.5821064552661381,-0.5820737605804112,1.2256403971077672
2026-06-10,ICICIBANK,271,21,0.0,-0.38453038674033146,-0.385375202712664,1.4294903866774746
2026-06-10,INFY,271,21,0.0,-0.20636663007683864,-0.206123644887196,1.822821728035413
2026-06-10,ITBEES,271,21,0.0,0.7365911799761621,0.7363983455297487,3.1181789834752465
2026-06-10,NIFTYBEES,271,21,0.0,0.6106696935300795,0.6114225117406453,1.8256837185509376
2026-06-10,RELIANCE,271,21,0.0,0.426550598476605,0.4270984606447865,1.547508511297164
2026-06-10,TCS,271,21,0.0,-0.022296544035674472,-0.022318107424490405,2.3025558369790464
2026-06-11,AXISBANK,271,21,0.0,0.025477707006369428,0.026526101003230742,1.511830070300442
2026-06-11,BANKBEES,271,21,0.0,0.32947232947232946,0.3301838172135372,3.503971167321677
2026-06-11,HCLTECH,271,21,0.0,-0.2889733840304182,-0.2883964817320704,2.4535863253451753
2026-06-11,HDFCBANK,271,21,0.0,-0.5703022339027596,-0.5711278723031047,1.2233164107899288
2026-06-11,ICICIBANK,271,21,0.0,-0.36959370904325034,-0.37095363079615046,1.422373942109704
2026-06-11,INFY,271,21,0.0,-0.18369987063389392,-0.1842832469775475,1.8134010336390014
2026-06-11,ITBEES,271,21,0.0,0.7447595561035758,0.7444042132982225,3.1104199066867837
2026-06-11,NIFTYBEES,271,21,0.0,0.6222222222222222,0.6221640488656196,1.4571948998165252
2026-06-11,RELIANCE,271,21,0.0,0.445019404915912,0.44620963564151267,1.5357444521235157
2026-06-11,TCS,271,21,0.0,-0.00517464424320828,-0.0044897254360214125,1.830496064433878
2026-06-12,AXISBANK,271,21,0.0,0.014300306435137897,0.015126737530662305,3.8508934072704863
2026-06-12,BANKBEES,271,21,0.0,0.2907421576128539,0.2889955083707636,7.572443038401465
2026-06-12,HCLTECH,271,21,0.0,-0.3441603317208017,-0.34651913324112493,4.989604989604233
2026-06-12,HDFCBANK,271,21,0.0,-0.6122168840082362,-0.6124691018950837,3.09674222717701
2026-06-12,ICICIBANK,271,21,0.0,-0.417910447761194,-0.4171249762943296,3.610368979709726
2026-06-12,INFY,271,21,0.0,-0.24814565070802427,-0.24946023749550197,4.614248800295313
2026-06-12,ITBEES,271,21,0.0,0.7167286245353159,0.7178419121293266,6.297229219143444
2026-06-12,NIFTYBEES,271,21,0.0,0.5985401459854015,0.5986365112000865,3.6678403755876885
2026-06-12,RELIANCE,271,21,0.0,0.39080459770114945,0.3901867051501759,3.125488357556579
2026-06-12,TCS,271,21,0.0,-0.017733990147783252,-0.01696029450433868,3.731517328234441
2026-06-15,AXISBANK,271,21,0.0,0.01734820322180917,0.017529353398379362,1.5179113539772728
2026-06-15,BANKBEES,271,21,0.0,0.3214723926380368,0.32235872235872237,4.184730754423261
2026-06-15,HCLTECH,271,21,0.0,-0.30317273795534666,-0.30285445420326224,3.285151116950259
2026-06-15,HDFCBANK,271,21,0.0,-0.5666266506602641,-0.5671474358974359,1.2192148256525572
2026-06-15,ICICIBANK,271,21,0.0,-0.376357056694813,-0.37588538312942693,1.426940639269731
2026-06-15,INFY,271,21,0.0,-0.1918819188191882,-0.1927433918896733,1.8145527127567185
2026-06-15,ITBEES,271,21,0.0,0.7373612823674476,0.7384362139917695,3.1113876789063832
2026-06-15,NIFTYBEES,271,21,0.0,0.616729088639201,0.618563572737877,1.8232205367565404
2026-06-15,RELIANCE,271,21,0.0,0.4326812428078251,0.433113193057902,1.542971763617077
2026-06-15,TCS,271,21,0.0,-0.02120141342756184,-0.01823612639522088,2.3007546475243883
2026-06-16,AXISBANK,271,21,0.0,0.030127462340672075,0.030157748221466132,1.5112588786462555
2026-06-16,BANKBEES,271,21,0.0,0.3321212121212121,0.33069082672706684,3.999533387771578
2026-06-16,HCLTECH,271,21,0.0,-0.2850521436848204,-0.28544920364929643,2.4509803921583484
2026-06-16,HDFCBANK,271,21,0.0,-0.5690276110444178,-0.5693910256410256,1.2178042988494517
2026-06-16,ICICIBANK,271,21,0.0,-0.36321303841676367,-0.3629019729687743,1.4199503017381476
2026-06-16,INFY,271,21,0.0,-0.17927823050058206,-0.18008079552517092,1.8114301240833754
2026-06-16,ITBEES,271,21,0.0,0.7451428571428571,0.7453463533719866,3.104625892581532
2026-06-16,NIFTYBEES,271,21,0.0,0.6221142162818954,0.6226078494972429,1.8189093819350057
2026-06-16,RELIANCE,271,21,0.0,0.4371327849588719,0.4382745098039216,1.5460729746447548
2026-06-16,TCS,271,21,0.0,0.0,0.0006272541947624275,2.2900064120179535
2026-06-17,AXISBANK,271,21,0.0,0.019448946515397084,0.018610690326769097,1.5149219815182964
2026-06-17,BANKBEES,271,21,0.0,0.3262642740619902,0.326290568503594,3.009127687317362
2026-06-17,HCLTECH,271,21,0.0,-0.29497568881685576,-0.2969054317247349,2.460024600247494
2026-06-17,HDFCBANK,271,21,0.0,-0.5741626794258373,-0.5760221465076661,1.223915305061168
2026-06-17,ICICIBANK,271,21,0.0,-0.3715670436187399,-0.37208800690250216,1.426228339157423
2026-06-17,INFY,271,21,0.0,-0.18536585365853658,-0.18432479374728614,1.8155410312277187
2026-06-17,ITBEES,271,21,0.0,0.7373572593800979,0.7397081245915923,3.116235587409788
2026-06-17,NIFTYBEES,271,21,0.0,0.6194398682042833,0.6201055873295205,1.0936132983367133
2026-06-17,RELIANCE,271,21,0.0,0.4384,0.43995726495726495,1.5400015400018905
2026-06-17,TCS,271,21,0.0,-0.006482982171799027,-0.007790521532135901,1.3742556115445805
2026-06-18,AXISBANK,271,21,0.0,0.03345280764635603,0.03364158163265306,3.7821482602118004
2026-06-18,BANKBEES,271,21,0.0,0.3345724907063197,0.33526298379093616,5.663457374155176
2026-06-18,HCLTECH,271,21,0.0,-0.27464008859357697,-0.2736810994532289,4.863813229573091
2026-06-18,HDFCBANK,271,21,0.0,-0.5514316012725344,-0.5528029445073612,3.0200531529354917
2026-06-18,ICICIBANK,271,21,0.0,-0.35842293906810035,-0.35825892857142855,3.5453449620648088
2026-06-18,INFY,271,21,0.0,-0.18002466091245375,-0.1792297564186965,4.51997830410414
2026-06-18,ITBEES,271,21,0.0,0.7414012738853503,0.7427308280904608,6.213109661386495
2026-06-18,NIFTYBEES,271,21,0.0,0.6248462484624846,0.626231122783979,3.6362314097677446
2026-06-18,RELIANCE,271,21,0.0,0.4544378698224852,0.45458853261728005,3.074321727767763
2026-06-18,TCS,271,21,0.0,0.014268727705112961,0.010791937787652753,3.6536353671911854
2026-06-19,AXISBANK,271,21,0.0,0.027672955974842768,0.026024177300201477,1.5130882130431642
2026-06-19,BANKBEES,271,21,0.0,0.336969696969697,0.3352208380520951,5.160216396170544
2026-06-19,HCLTECH,271,21,0.0,-0.29109159347553326,-0.29073856975381007,2.45821042281182
2026-06-19,HDFCBANK,271,21,0.0,-0.5696361355081556,-0.570088762351365,1.2212248885635066
2026-06-19,ICICIBANK,271,21,0.0,-0.3649815043156597,-0.3651028806584362,1.4218683349925032
2026-06-19,INFY,271,21,0.0,-0.18159509202453988,-0.1817586376289504,1.8155410312277187
2026-06-19,ITBEES,271,21,0.0,0.743801652892562,0.744918859303608,3.0998140111587134
2026-06-19,NIFTYBEES,271,21,0.0,0.6200762388818297,0.6213970837572058,1.4560279557374947
2026-06-19,RELIANCE,271,21,0.0,0.44772447724477243,0.44754555902150717,1.538106590787091
2026-06-19,TCS,271,21,0.0,-0.007643312101910828,-0.005612244897959183,1.831921227385556
2026-06-22,AXISBANK,271,21,0.0,-0.004333694474539545,-0.0034697123030215412,1.5273004963712724
2026-06-22,BANKBEES,271,21,0.0,0.31228473019517794,0.3116286195802053,3.6839813791472182
2026-06-22,HCLTECH,271,21,0.0,-0.3022974607013301,-0.30304986283685653,2.4892134085625175
2026-06-22,HDFCBANK,271,21,0.0,-0.5764854614412137,-0.5763455373713514,1.2343393198793151
2026-06-22,ICICIBANK,271,21,0.0,-0.39013933547695606,-0.39173340961098396,1.4321518080903552
2026-06-22,INFY,271,21,0.0,-0.21344717182497333,-0.21392963965247117,1.8256503879490469
2026-06-22,ITBEES,271,21,0.0,0.7311586051743532,0.7311618132692885,3.129890453833493
2026-06-22,NIFTYBEES,271,21,0.0,0.6054644808743169,0.6059810357403356,1.4655235582898665
2026-06-22,RELIANCE,271,21,0.0,0.41870350690754515,0.42008225783576797,1.5485869144391646
2026-06-22,TCS,271,21,0.0,-0.03769633507853403,-0.03800475059382423,1.8460402436777317
2026-06-23,AXISBANK,271,21,0.0,0.05201793721973094,0.050622307324078505,1.5055706112620102
2026-06-23,BANKBEES,271,21,0.0,0.34560906515580736,0.3475740390674228,3.8220582614623226
2026-06-23,HCLTECH,271,21,0.0,-0.2719703977798335,-0.2715714109369214,2.4457850970157717
2026-06-23,HDFCBANK,271,21,0.0,-0.5635808748728383,-0.5637474541751527,1.221971039286647
2026-06-23,ICICIBANK,271,21,0.0,-0.3450134770889488,-0.344484412470024,1.4132278123236681
2026-06-23,INFY,271,21,0.0,-0.1568281938325991,-0.1563418361349477,1.7990465053525728
2026-06-23,ITBEES,271,21,0.0,0.7487781036168133,0.7488256784968684,3.102699348432519
2026-06-23,NIFTYBEES,271,21,0.0,0.6342376052385407,0.6351267007864186,1.4460793174513018
2026-06-23,RELIANCE,271,21,0.0,0.46253469010175763,0.4636464633995803,1.528818223513572
2026-06-23,TCS,271,21,0.0,0.023701002734731084,0.022992700729927006,1.8254004472235246
2026-06-24,AXISBANK,271,21,0.0,0.03098927294398093,0.031493558135835854,1.5117157974287083
2026-06-24,BANKBEES,271,21,0.0,0.3295880149812734,0.33027828695217465,5.1666666666657575
2026-06-24,HCLTECH,271,21,0.0,-0.2899628252788104,-0.29006118736563585,2.4465829391612672
2026-06-24,HDFCBANK,271,21,0.0,-0.5672727272727273,-0.5677993527508091,1.217137293086937
2026-06-24,ICICIBANK,271,21,0.0,-0.358913813459268,-0.3595399401291949,1.4220705346988443
2026-06-24,INFY,271,21,0.0,-0.17964071856287425,-0.17899952053699855,1.811594202896903
2026-06-24,ITBEES,271,21,0.0,0.7422934648581998,0.7427583936800527,3.104625892581532
2026-06-24,NIFTYBEES,271,21,0.0,0.6197183098591549,0.621432233806187,1.4534883720937668
2026-06-24,RELIANCE,271,21,0.0,0.44528301886792454,0.4458620110794024,1.5358623867304984
2026-06-24,TCS,271,21,0.0,0.0,0.0022275258552108194,1.8303285439740598
2026-06-25,AXISBANK,271,21,0.0,0.011350737797956867,0.010907438266929253,3.749531308586427
2026-06-25,BANKBEES,271,21,0.0,0.32546583850931676,0.3268688877838555,5.642123429745908
2026-06-25,HCLTECH,271,21,0.0,-0.2870928829915561,-0.2896940418679549,4.80499719708424
2026-06-25,HDFCBANK,271,21,0.0,-0.5731559854897219,-0.5744715184766823,3.0345329853735508
2026-06-25,ICICIBANK,271,21,0.0,-0.3724304715840387,-0.3720142027114267,3.544339689515843
2026-06-25,INFY,271,21,0.0,-0.18929016189290163,-0.1881961762261014,4.50815976918222
2026-06-25,ITBEES,271,21,0.0,0.7398273736128237,0.7411125740618828,6.157635467981257
2026-06-25,NIFTYBEES,271,21,0.0,0.6166868198307134,0.6182405165456013,3.5832019492626754
2026-06-25,RELIANCE,271,21,0.0,0.4390832328106152,0.44027688345138444,3.0229746070139885
2026-06-25,TCS,271,21,0.0,-0.012180267965895249,-0.010404812225654364,3.6599871900435863
2026-06-26,AXISBANK,271,21,0.0,-0.004419889502762431,-0.0020652013571323203,1.5257857796768801
2026-06-26,BANKBEES,271,21,0.0,0.3377885783718105,0.3371715861174181,3.5090064498886533
2026-06-26,HCLTECH,271,21,0.0,-0.2874845105328377,-0.286848635235732,2.464875523785675
2026-06-26,HDFCBANK,271,21,0.0,-0.5870755750273823,-0.5884502923976608,1.2294074256211303
2026-06-26,ICICIBANK,271,21,0.0,-0.3879598662207358,-0.38803749442047314,1.4320492624949555
2026-06-26,INFY,271,21,0.0,-0.17783191230207065,-0.1775321086002276,1.8193395797329706
2026-06-26,ITBEES,271,21,0.0,0.7324913892078071,0.7323015629788538,3.1289111389241437
2026-06-26,NIFTYBEES,271,21,0.0,0.6111771700356718,0.6122837644818283,1.4601204599386917
2026-06-26,RELIANCE,271,21,0.0,0.4225352112676056,0.42313810556760667,1.5500271254750482
2026-06-26,TCS,271,21,0.0,0.0,0.0025885779000161787,1.8418750287797163
2026-06-29,AXISBANK,271,21,0.0,0.027603513174404015,0.02763819095477387,1.5132026935011387
2026-06-29,BANKBEES,271,21,0.0,0.3329129886506936,0.3332772260562195,3.4954559073210887
2026-06-29,HCLTECH,271,21,0.0,-0.29161290322580646,-0.29033924573790254,2.4509803921583484
2026-06-29,HDFCBANK,271,21,0.0,-0.5678073510773131,-0.5686971235194586,1.2213740458004159
2026-06-29,ICICIBANK,271,21,0.0,-0.36114570361145704,-0.3618683510638298,1.4231836618518854
2026-06-29,INFY,271,21,0.0,-0.1822849807445443,-0.1835161069225497,1.8099547511295755
2026-06-29,ITBEES,271,21,0.0,0.7414012738853503,0.7427308280904608,3.113325031132631
2026-06-29,NIFTYBEES,271,21,0.0,0.6248431618569636,0.6250209345168314,1.4531715468997901
2026-06-29,RELIANCE,271,21,0.0,0.4477987421383648,0.44869857262804363,1.5359803394520042
2026-06-29,TCS,271,21,0.0,0.0,-0.0008523695874531196,1.8314179753678443
2026-06-30,AXISBANK,271,21,0.0,0.08088714938030006,0.08145505177965365,3.729951510630362
2026-06-30,BANKBEES,271,21,0.0,0.36635780470420526,0.36728483119353306,8.248783304462593
2026-06-30,HCLTECH,271,21,0.0,-0.232527759634226,-0.2350121993726037,4.853190973064055
2026-06-30,HDFCBANK,271,21,0.0,-0.5909451945988881,-0.5923060618906316,3.037482534475427
2026-06-30,ICICIBANK,271,21,0.0,-0.3172504957038995,-0.31743232519178205,3.5161744022503516
2026-06-30,INFY,271,21,0.0,-0.12782440284054228,-0.12704565030146425,4.4778792763747095
2026-06-30,ITBEES,271,21,0.0,0.7582659808963997,0.7587491422409568,6.167129201355542
2026-06-30,NIFTYBEES,271,21,0.0,0.6421455938697318,0.6420611389428483,3.613369467028825
2026-06-30,RELIANCE,271,21,0.0,0.4839371155160629,0.4849977200182399,3.041825095057726
2026-06-30,TCS,271,21,0.0,0.05178446466060182,0.04695668409260642,3.6312468793980393
