scenario_id,trade_date,symbol,proxy_symbol,proxy_date,side,side_sign,raw_score,target_l25_imbalance,target_l1_imbalance,source_shift_days,target_only,etf_l1_only,entry_row,exit_row,entry_price,exit_price,quantity,gross_pnl_inr,cost200_inr,net_pnl_inr,cost_model_version
P455_contiguous_cross_asset_etf_pressure_primary,2026-01-01,AXISBANK,BANKBEES,2026-01-01,long,1,0.6549393326425668,0.016579259008627983,0.017743979721166033,0,0,0,21,261,1316.6,1316.6,75,0.0,165.09932188000002,-165.09932188000002,zerodha_equity_intraday_nse_order_formula_v2_2026_07_14
P455_contiguous_cross_asset_etf_pressure_primary,2026-01-02,AXISBANK,BANKBEES,2026-01-02,long,1,0.6674763025375386,0.015829218704618064,0.015233949945593036,0,0,0,21,261,1317.5,1317.5,75,0.0,165.1134715,-165.1134715,zerodha_equity_intraday_nse_order_formula_v2_2026_07_14
P455_contiguous_cross_asset_etf_pressure_primary,2026-01-05,AXISBANK,BANKBEES,2026-01-05,long,1,0.662129345428605,0.01300041271151465,0.012364760432766615,0,0,0,21,261,1317.0,1317.0,75,0.0,165.10561060000003,-165.10561060000003,zerodha_equity_intraday_nse_order_formula_v2_2026_07_14
P455_contiguous_cross_asset_etf_pressure_primary,2026-01-06,AXISBANK,BANKBEES,2026-01-06,long,1,0.6657079019749051,0.019604182225541448,0.019580419580419582,0,0,0,21,261,1319.5,1319.5,75,0.0,165.1449151,-165.1449151,zerodha_equity_intraday_nse_order_formula_v2_2026_07_14
P455_contiguous_cross_asset_etf_pressure_primary,2026-01-07,AXISBANK,BANKBEES,2026-01-07,long,1,0.6231420900698388,0.00492091388400703,0.0052677787532923615,0,0,0,21,261,1303.1,1303.1,76,0.0,165.16023861440001,-165.16023861440001,zerodha_equity_intraday_nse_order_formula_v2_2026_07_14
P455_contiguous_cross_asset_etf_pressure_primary,2026-01-08,AXISBANK,BANKBEES,2026-01-08,long,1,0.660643415086546,0.01606903734563309,0.01560758082497213,0,0,0,21,261,1283.1999999999998,1283.1999999999998,77,0.0,165.1121927936,-165.1121927936,zerodha_equity_intraday_nse_order_formula_v2_2026_07_14
P455_contiguous_cross_asset_etf_pressure_primary,2026-01-09,AXISBANK,BANKBEES,2026-01-09,long,1,0.6633692224678525,0.019100538287897203,0.018205461638491547,0,0,0,21,261,1321.5,1321.5,75,0.0,165.1763587,-165.1763587,zerodha_equity_intraday_nse_order_formula_v2_2026_07_14
P455_contiguous_cross_asset_etf_pressure_primary,2026-01-12,AXISBANK,BANKBEES,2026-01-12,long,1,0.6626777829318188,0.03585320480297649,0.035487959442332066,0,0,0,21,261,1326.9,1326.9,75,0.0,165.26125642,-165.26125642,zerodha_equity_intraday_nse_order_formula_v2_2026_07_14
P455_contiguous_cross_asset_etf_pressure_primary,2026-01-13,AXISBANK,BANKBEES,2026-01-13,long,1,0.6564018367990205,0.019762183888795845,0.020075282308657464,0,0,0,21,261,1317.4,1317.4,75,0.0,165.11189932,-165.11189932,zerodha_equity_intraday_nse_order_formula_v2_2026_07_14
P455_contiguous_cross_asset_etf_pressure_primary,2026-01-14,AXISBANK,BANKBEES,2026-01-14,long,1,0.6833264022323159,0.03444426726199968,0.03345280764635603,0,0,0,21,261,1323.9,1323.9,75,0.0,165.21409101999998,-165.21409101999998,zerodha_equity_intraday_nse_order_formula_v2_2026_07_14
P455_contiguous_cross_asset_etf_pressure_primary,2026-01-15,AXISBANK,BANKBEES,2026-01-15,long,1,0.6853609081666978,0.04101979774960832,0.04055496264674493,0,0,0,21,261,1346.5,1346.5,74,0.0,165.287144984,-165.287144984,zerodha_equity_intraday_nse_order_formula_v2_2026_07_14
P455_contiguous_cross_asset_etf_pressure_primary,2026-01-16,AXISBANK,BANKBEES,2026-01-16,long,1,0.6562396718837429,0.01812004530011325,0.01696969696969697,0,0,0,21,261,1344.3000000000002,1344.3000000000002,74,0.0,165.2530181968,-165.2530181968,zerodha_equity_intraday_nse_order_formula_v2_2026_07_14
P455_contiguous_cross_asset_etf_pressure_primary,2026-01-19,AXISBANK,BANKBEES,2026-01-19,long,1,0.6694943414536033,0.021196732170457054,0.019834710743801654,0,0,0,21,261,1317.4,1317.4,75,0.0,165.11189932,-165.11189932,zerodha_equity_intraday_nse_order_formula_v2_2026_07_14
P455_contiguous_cross_asset_etf_pressure_primary,2026-01-20,AXISBANK,BANKBEES,2026-01-20,long,1,0.6864705942622586,0.03213042101930991,0.03084223013048636,0,0,0,21,261,1325.9,1325.9,75,0.0,165.24553462,-165.24553462,zerodha_equity_intraday_nse_order_formula_v2_2026_07_14
P455_contiguous_cross_asset_etf_pressure_primary,2026-01-21,AXISBANK,BANKBEES,2026-01-21,long,1,0.6700139375770982,0.020382842963488124,0.01859229747675963,0,0,0,21,261,1319.1,1319.1,75,0.0,165.13862637999998,-165.13862637999998,zerodha_equity_intraday_nse_order_formula_v2_2026_07_14
P455_contiguous_cross_asset_etf_pressure_primary,2026-01-22,AXISBANK,BANKBEES,2026-01-22,long,1,0.6602521666193587,0.015701377573692787,0.01553829078801332,0,0,0,21,261,1300.1999999999998,1300.1999999999998,76,0.0,165.11403748479998,-165.11403748479998,zerodha_equity_intraday_nse_order_formula_v2_2026_07_14
P455_contiguous_cross_asset_etf_pressure_primary,2026-01-23,AXISBANK,BANKBEES,2026-01-23,long,1,0.6611357790660358,0.024881003894418,0.02593192868719611,0,0,0,21,261,1320.9,1320.9,75,0.0,165.16692562,-165.16692562,zerodha_equity_intraday_nse_order_formula_v2_2026_07_14
P455_contiguous_cross_asset_etf_pressure_primary,2026-01-26,AXISBANK,BANKBEES,2026-01-26,long,1,0.67667165419886,0.02153478037942232,0.020486555697823303,0,0,0,21,261,1321.8000000000002,1321.8000000000002,75,0.0,165.18107523999998,-165.18107523999998,zerodha_equity_intraday_nse_order_formula_v2_2026_07_14
P455_contiguous_cross_asset_etf_pressure_primary,2026-01-27,AXISBANK,BANKBEES,2026-01-27,long,1,0.6704026359200433,0.026744825059534714,0.027434842249657063,0,0,0,21,261,1333.1,1333.1,75,0.0,165.35873158,-165.35873158,zerodha_equity_intraday_nse_order_formula_v2_2026_07_14
P455_contiguous_cross_asset_etf_pressure_primary,2026-01-28,AXISBANK,BANKBEES,2026-01-28,long,1,0.6507721168558189,0.011347517730496455,0.011806375442739079,0,0,0,21,261,1317.9,1317.9,75,0.0,165.11976022000002,-165.11976022000002,zerodha_equity_intraday_nse_order_formula_v2_2026_07_14
P455_contiguous_cross_asset_etf_pressure_primary,2026-01-29,AXISBANK,BANKBEES,2026-01-29,long,1,0.6897628401880647,0.030136500620457366,0.029216467463479414,0,0,0,21,261,1322.1999999999998,1322.1999999999998,75,0.0,165.18736396,-165.18736396,zerodha_equity_intraday_nse_order_formula_v2_2026_07_14
P455_contiguous_cross_asset_etf_pressure_primary,2026-01-30,AXISBANK,BANKBEES,2026-01-30,long,1,0.6743125382649581,0.02378870036732552,0.023591087811271297,0,0,0,21,261,1321.8000000000002,1321.8000000000002,75,0.0,165.18107523999998,-165.18107523999998,zerodha_equity_intraday_nse_order_formula_v2_2026_07_14
P455_contiguous_cross_asset_etf_pressure_primary,2026-02-02,AXISBANK,BANKBEES,2026-02-02,long,1,0.6926674049789291,0.013764510779436153,0.012422360248447204,0,0,0,21,261,1328.0,1328.0,75,0.0,165.27855040000003,-165.27855040000003,zerodha_equity_intraday_nse_order_formula_v2_2026_07_14
P455_contiguous_cross_asset_etf_pressure_primary,2026-02-03,AXISBANK,BANKBEES,2026-02-03,long,1,0.6709568833823685,0.01670601053205012,0.0163265306122449,0,0,0,21,261,1322.0,1322.0,75,0.0,165.18421960000003,-165.18421960000003,zerodha_equity_intraday_nse_order_formula_v2_2026_07_14
P455_contiguous_cross_asset_etf_pressure_primary,2026-02-04,AXISBANK,BANKBEES,2026-02-04,long,1,0.636785646331437,0.0008939974457215837,0.0,0,0,0,21,261,1313.1999999999998,1313.1999999999998,76,0.0,165.32114599679997,-165.32114599679997,zerodha_equity_intraday_nse_order_formula_v2_2026_07_14
P455_contiguous_cross_asset_etf_pressure_primary,2026-02-05,AXISBANK,BANKBEES,2026-02-05,long,1,0.6514785010330668,0.013522112631244034,0.014302741358760428,0,0,0,21,261,1316.0,1316.0,75,0.0,165.0898888,-165.0898888,zerodha_equity_intraday_nse_order_formula_v2_2026_07_14
P455_contiguous_cross_asset_etf_pressure_primary,2026-02-06,AXISBANK,BANKBEES,2026-02-06,long,1,0.6367607120878909,0.007057716436637391,0.007050528789659225,0,0,0,21,261,1316.4,1316.4,75,0.0,165.09617752,-165.09617752,zerodha_equity_intraday_nse_order_formula_v2_2026_07_14
P455_contiguous_cross_asset_etf_pressure_primary,2026-02-09,AXISBANK,BANKBEES,2026-02-09,long,1,0.661161096771451,0.0223666314039595,0.022650056625141562,0,0,0,21,261,1321.1999999999998,1321.1999999999998,75,0.0,165.17164215999998,-165.17164215999998,zerodha_equity_intraday_nse_order_formula_v2_2026_07_14
P455_contiguous_cross_asset_etf_pressure_primary,2026-02-10,AXISBANK,BANKBEES,2026-02-10,long,1,0.695711318106023,0.03789050417568821,0.03707995365005794,0,0,0,21,261,1327.6999999999998,1327.6999999999998,75,0.0,165.27383386,-165.27383386,zerodha_equity_intraday_nse_order_formula_v2_2026_07_14
P455_contiguous_cross_asset_etf_pressure_primary,2026-02-11,AXISBANK,BANKBEES,2026-02-11,long,1,0.6596451812224974,0.016579259008627983,0.017743979721166033,0,0,0,21,261,1319.5,1319.5,75,0.0,165.1449151,-165.1449151,zerodha_equity_intraday_nse_order_formula_v2_2026_07_14
P455_contiguous_cross_asset_etf_pressure_primary,2026-02-12,AXISBANK,BANKBEES,2026-02-12,long,1,0.6682162619551792,0.02228596646072374,0.019834710743801654,0,0,0,21,261,1322.5,1322.5,75,0.0,165.1920805,-165.1920805,zerodha_equity_intraday_nse_order_formula_v2_2026_07_14
P455_contiguous_cross_asset_etf_pressure_primary,2026-02-13,AXISBANK,BANKBEES,2026-02-13,long,1,0.6574185538271161,0.013465346534653465,0.013847675568743818,0,0,0,21,261,1317.5,1317.5,75,0.0,165.1134715,-165.1134715,zerodha_equity_intraday_nse_order_formula_v2_2026_07_14
P455_contiguous_cross_asset_etf_pressure_primary,2026-02-16,AXISBANK,BANKBEES,2026-02-16,long,1,0.6493614912153113,0.010032965457933208,0.010741138560687433,0,0,0,21,261,1317.8000000000002,1317.8000000000002,75,0.0,165.11818804000004,-165.11818804000004,zerodha_equity_intraday_nse_order_formula_v2_2026_07_14
P455_contiguous_cross_asset_etf_pressure_primary,2026-02-17,AXISBANK,BANKBEES,2026-02-17,long,1,0.6601798706556947,0.015170088875268158,0.013777267508610792,0,0,0,21,261,1316.3000000000002,1316.3000000000002,75,0.0,165.09460534,-165.09460534,zerodha_equity_intraday_nse_order_formula_v2_2026_07_14
P455_contiguous_cross_asset_etf_pressure_primary,2026-02-18,AXISBANK,BANKBEES,2026-02-18,long,1,0.66860661268556,0.027564102564102563,0.0288,0,0,0,21,261,1319.4,1319.4,75,0.0,165.14334292,-165.14334292,zerodha_equity_intraday_nse_order_formula_v2_2026_07_14
P455_contiguous_cross_asset_etf_pressure_primary,2026-02-19,AXISBANK,BANKBEES,2026-02-19,long,1,0.6434058271878415,0.008214381901427417,0.008072653884964682,0,0,0,21,261,1314.3000000000002,1314.3000000000002,76,0.0,165.33867056320003,-165.33867056320003,zerodha_equity_intraday_nse_order_formula_v2_2026_07_14
P455_contiguous_cross_asset_etf_pressure_primary,2026-02-20,AXISBANK,BANKBEES,2026-02-20,long,1,0.6765257415615411,0.026764405046027957,0.02554278416347382,0,0,0,21,261,1320.9,1320.9,75,0.0,165.16692562,-165.16692562,zerodha_equity_intraday_nse_order_formula_v2_2026_07_14
P455_contiguous_cross_asset_etf_pressure_primary,2026-02-23,AXISBANK,BANKBEES,2026-02-23,long,1,0.6514081181170013,0.015401540154015401,0.014134275618374558,0,0,0,21,261,1319.5,1319.5,75,0.0,165.1449151,-165.1449151,zerodha_equity_intraday_nse_order_formula_v2_2026_07_14
P455_contiguous_cross_asset_etf_pressure_primary,2026-02-24,AXISBANK,BANKBEES,2026-02-24,long,1,0.6820188870500078,0.02596840510711967,0.02593192868719611,0,0,0,21,261,1320.3,1320.3,75,0.0,165.15749254,-165.15749254,zerodha_equity_intraday_nse_order_formula_v2_2026_07_14
P455_contiguous_cross_asset_etf_pressure_primary,2026-02-25,AXISBANK,BANKBEES,2026-02-25,long,1,0.6581681996641673,0.019198818534244048,0.019363762102351315,0,0,0,21,261,1318.1,1318.1,75,0.0,165.12290458,-165.12290458,zerodha_equity_intraday_nse_order_formula_v2_2026_07_14
P455_contiguous_cross_asset_etf_pressure_primary,2026-02-26,AXISBANK,BANKBEES,2026-02-26,long,1,0.6495654727406168,0.010858090785703513,0.011299435028248588,0,0,0,21,261,1316.1,1316.1,75,0.0,165.09146098000002,-165.09146098000002,zerodha_equity_intraday_nse_order_formula_v2_2026_07_14
P455_contiguous_cross_asset_etf_pressure_primary,2026-02-27,AXISBANK,BANKBEES,2026-02-27,long,1,0.643251098488426,0.009854014598540146,0.010938924339106655,0,0,0,21,261,1315.2,1315.2,76,0.0,165.3530088448,-165.3530088448,zerodha_equity_intraday_nse_order_formula_v2_2026_07_14
P455_contiguous_cross_asset_etf_pressure_primary,2026-03-02,AXISBANK,BANKBEES,2026-03-02,long,1,0.65669728086409,0.013104013104013105,0.014723926380368098,0,0,0,21,261,1317.4,1317.4,75,0.0,165.11189932,-165.11189932,zerodha_equity_intraday_nse_order_formula_v2_2026_07_14
P455_contiguous_cross_asset_etf_pressure_primary,2026-03-03,AXISBANK,BANKBEES,2026-03-03,long,1,0.7000755112320406,0.044889779559118236,0.044044044044044044,0,0,0,21,261,1299.5,1299.5,76,0.0,165.102885488,-165.102885488,zerodha_equity_intraday_nse_order_formula_v2_2026_07_14
P455_contiguous_cross_asset_etf_pressure_primary,2026-03-04,AXISBANK,BANKBEES,2026-03-04,long,1,0.6732171320535756,0.02948094715383409,0.03055229142185664,0,0,0,21,261,1339.1,1339.1,74,0.0,165.17235488160003,-165.17235488160003,zerodha_equity_intraday_nse_order_formula_v2_2026_07_14
P455_contiguous_cross_asset_etf_pressure_primary,2026-03-05,AXISBANK,BANKBEES,2026-03-05,long,1,0.6672953845359558,0.020627344016365495,0.020434227330779056,0,0,0,21,261,1317.9,1317.9,75,0.0,165.11976022000002,-165.11976022000002,zerodha_equity_intraday_nse_order_formula_v2_2026_07_14
P455_contiguous_cross_asset_etf_pressure_primary,2026-03-06,AXISBANK,BANKBEES,2026-03-06,long,1,0.6641164136371166,0.023924164911224798,0.02480270574971815,0,0,0,21,261,1318.6,1318.6,75,0.0,165.13076547999998,-165.13076547999998,zerodha_equity_intraday_nse_order_formula_v2_2026_07_14
P455_contiguous_cross_asset_etf_pressure_primary,2026-03-09,AXISBANK,BANKBEES,2026-03-09,long,1,0.6842320272055797,0.03393939393939394,0.03372243839169909,0,0,0,21,261,1325.6999999999998,1325.6999999999998,75,0.0,165.24239026,-165.24239026,zerodha_equity_intraday_nse_order_formula_v2_2026_07_14
P455_contiguous_cross_asset_etf_pressure_primary,2026-03-10,AXISBANK,BANKBEES,2026-03-10,long,1,0.6619663132566358,0.020382842963488124,0.01859229747675963,0,0,0,21,261,1321.1999999999998,1321.1999999999998,75,0.0,165.17164215999998,-165.17164215999998,zerodha_equity_intraday_nse_order_formula_v2_2026_07_14
P455_contiguous_cross_asset_etf_pressure_primary,2026-03-11,AXISBANK,BANKBEES,2026-03-11,long,1,0.6719029449294378,0.02629176556509038,0.027359781121751026,0,0,0,21,261,1321.6,1321.6,75,0.0,165.17793088,-165.17793088,zerodha_equity_intraday_nse_order_formula_v2_2026_07_14
P455_contiguous_cross_asset_etf_pressure_primary,2026-03-12,AXISBANK,BANKBEES,2026-03-12,long,1,0.6594865942314349,0.015479387142631496,0.014201183431952662,0,0,0,21,261,1351.4,1351.4,73,0.0,165.07986877279998,-165.07986877279998,zerodha_equity_intraday_nse_order_formula_v2_2026_07_14
P455_contiguous_cross_asset_etf_pressure_primary,2026-03-13,AXISBANK,BANKBEES,2026-03-13,long,1,0.7164651587351475,0.0480164751788424,0.047116165718927704,0,0,0,21,261,1329.3,1329.3,75,0.0,165.29898874,-165.29898874,zerodha_equity_intraday_nse_order_formula_v2_2026_07_14
P455_contiguous_cross_asset_etf_pressure_primary,2026-03-16,AXISBANK,BANKBEES,2026-03-16,long,1,0.6667262075728797,0.024967433782023447,0.026016260162601626,0,0,0,21,261,1322.6,1322.6,75,0.0,165.19365268,-165.19365268,zerodha_equity_intraday_nse_order_formula_v2_2026_07_14
P455_contiguous_cross_asset_etf_pressure_primary,2026-03-17,AXISBANK,BANKBEES,2026-03-17,long,1,0.6712203779947211,0.02272296913463359,0.02269503546099291,0,0,0,21,261,1321.9,1321.9,75,0.0,165.18264742000002,-165.18264742000002,zerodha_equity_intraday_nse_order_formula_v2_2026_07_14
P455_contiguous_cross_asset_etf_pressure_primary,2026-03-18,AXISBANK,BANKBEES,2026-03-18,long,1,0.6390000781105761,0.007993197278911564,0.007643312101910828,0,0,0,21,261,1316.0,1316.0,75,0.0,165.0898888,-165.0898888,zerodha_equity_intraday_nse_order_formula_v2_2026_07_14
P455_contiguous_cross_asset_etf_pressure_primary,2026-03-19,AXISBANK,BANKBEES,2026-03-19,long,1,0.6617912073378557,0.00706951691634405,0.007566204287515763,0,0,0,21,261,1313.6,1313.6,76,0.0,165.3275185664,-165.3275185664,zerodha_equity_intraday_nse_order_formula_v2_2026_07_14
P455_contiguous_cross_asset_etf_pressure_primary,2026-03-20,AXISBANK,BANKBEES,2026-03-20,long,1,0.6571225746961185,0.014294892386765179,0.01444043321299639,0,0,0,21,261,1315.9,1315.9,75,0.0,165.08831662,-165.08831662,zerodha_equity_intraday_nse_order_formula_v2_2026_07_14
P455_contiguous_cross_asset_etf_pressure_primary,2026-03-23,AXISBANK,BANKBEES,2026-03-23,long,1,0.6616471934957864,0.01957765068191817,0.019769357495881382,0,0,0,21,261,1317.4,1317.4,75,0.0,165.11189932,-165.11189932,zerodha_equity_intraday_nse_order_formula_v2_2026_07_14
P455_contiguous_cross_asset_etf_pressure_primary,2026-03-24,AXISBANK,BANKBEES,2026-03-24,long,1,0.6614450232587766,0.017076753580609623,0.016506189821182942,0,0,0,21,261,1317.4,1317.4,75,0.0,165.11189932,-165.11189932,zerodha_equity_intraday_nse_order_formula_v2_2026_07_14
P455_contiguous_cross_asset_etf_pressure_primary,2026-03-25,AXISBANK,BANKBEES,2026-03-25,long,1,0.6536197859670242,0.02621527777777778,0.02860858257477243,0,0,0,21,261,1321.6999999999998,1321.6999999999998,75,0.0,165.17950306,-165.17950306,zerodha_equity_intraday_nse_order_formula_v2_2026_07_14
P455_contiguous_cross_asset_etf_pressure_primary,2026-03-26,AXISBANK,BANKBEES,2026-03-26,long,1,0.6541301191900021,0.010674695497468181,0.012307692307692308,0,0,0,21,261,1314.5,1314.5,76,0.0,165.34185684800002,-165.34185684800002,zerodha_equity_intraday_nse_order_formula_v2_2026_07_14
P455_contiguous_cross_asset_etf_pressure_primary,2026-03-27,AXISBANK,BANKBEES,2026-03-27,long,1,0.6684872584749603,0.019909972299168976,0.020752269779507133,0,0,0,21,261,1319.4,1319.4,75,0.0,165.14334292,-165.14334292,zerodha_equity_intraday_nse_order_formula_v2_2026_07_14
P455_contiguous_cross_asset_etf_pressure_primary,2026-03-30,AXISBANK,BANKBEES,2026-03-30,long,1,0.6995053010203608,0.03172623995566639,0.03115264797507788,0,0,0,21,261,1323.6,1323.6,75,0.0,165.20937447999998,-165.20937447999998,zerodha_equity_intraday_nse_order_formula_v2_2026_07_14
P455_contiguous_cross_asset_etf_pressure_primary,2026-03-31,AXISBANK,BANKBEES,2026-03-31,long,1,0.6758654140623508,0.02689445196211096,0.025348542458808618,0,0,0,21,261,1323.6,1323.6,75,0.0,165.20937447999998,-165.20937447999998,zerodha_equity_intraday_nse_order_formula_v2_2026_07_14
P455_contiguous_cross_asset_etf_pressure_primary,2026-04-01,AXISBANK,BANKBEES,2026-04-01,long,1,0.6913714765291443,0.03947196444909162,0.039177277179236046,0,0,0,21,261,1326.5,1326.5,75,0.0,165.25496769999998,-165.25496769999998,zerodha_equity_intraday_nse_order_formula_v2_2026_07_14
P455_contiguous_cross_asset_etf_pressure_primary,2026-04-02,AXISBANK,BANKBEES,2026-04-02,long,1,0.6594526836759674,0.02521119324181626,0.025717111770524232,0,0,0,21,261,1320.4,1320.4,75,0.0,165.15906472,-165.15906472,zerodha_equity_intraday_nse_order_formula_v2_2026_07_14
P455_contiguous_cross_asset_etf_pressure_primary,2026-04-03,AXISBANK,BANKBEES,2026-04-03,long,1,0.6675137055704796,0.02632028713040506,0.02560819462227913,0,0,0,21,261,1323.0,1323.0,75,0.0,165.1999414,-165.1999414,zerodha_equity_intraday_nse_order_formula_v2_2026_07_14
P455_contiguous_cross_asset_etf_pressure_primary,2026-04-06,AXISBANK,BANKBEES,2026-04-06,long,1,0.6589098005061803,0.012474437627811861,0.01225114854517611,0,0,0,21,261,1316.0,1316.0,75,0.0,165.0898888,-165.0898888,zerodha_equity_intraday_nse_order_formula_v2_2026_07_14
P455_contiguous_cross_asset_etf_pressure_primary,2026-04-07,AXISBANK,BANKBEES,2026-04-07,long,1,0.6398945461304866,0.0076178384383431205,0.007134363852556481,0,0,0,21,261,1313.5,1313.5,76,0.0,165.325925424,-165.325925424,zerodha_equity_intraday_nse_order_formula_v2_2026_07_14
P455_contiguous_cross_asset_etf_pressure_primary,2026-04-08,AXISBANK,BANKBEES,2026-04-08,long,1,0.6622945355450303,0.018610690326769097,0.019448946515397084,0,0,0,21,261,1319.0,1319.0,75,0.0,165.1370542,-165.1370542,zerodha_equity_intraday_nse_order_formula_v2_2026_07_14
P455_contiguous_cross_asset_etf_pressure_primary,2026-04-09,AXISBANK,BANKBEES,2026-04-09,long,1,0.695140649257208,0.011042097998619738,0.012409513960703205,0,0,0,21,261,1327.3,1327.3,75,0.0,165.26754514,-165.26754514,zerodha_equity_intraday_nse_order_formula_v2_2026_07_14
P455_contiguous_cross_asset_etf_pressure_primary,2026-04-10,AXISBANK,BANKBEES,2026-04-10,long,1,0.7001929334967557,0.03146659273634599,0.03115264797507788,0,0,0,21,261,1323.5,1323.5,75,0.0,165.2078023,-165.2078023,zerodha_equity_intraday_nse_order_formula_v2_2026_07_14
P455_contiguous_cross_asset_etf_pressure_primary,2026-04-13,AXISBANK,BANKBEES,2026-04-13,long,1,0.6676545440906883,0.01566405599066822,0.017478152309612985,0,0,0,21,261,1319.9,1319.9,75,0.0,165.15120382,-165.15120382,zerodha_equity_intraday_nse_order_formula_v2_2026_07_14
P455_contiguous_cross_asset_etf_pressure_primary,2026-04-14,AXISBANK,BANKBEES,2026-04-14,long,1,0.661714569623586,0.01888539159414923,0.019417475728155338,0,0,0,21,261,1320.9,1320.9,75,0.0,165.16692562,-165.16692562,zerodha_equity_intraday_nse_order_formula_v2_2026_07_14
P455_contiguous_cross_asset_etf_pressure_primary,2026-04-15,AXISBANK,BANKBEES,2026-04-15,long,1,0.6658772806580694,0.019873373197326766,0.01844532279314888,0,0,0,21,261,1317.6999999999998,1317.6999999999998,75,0.0,165.11661586000002,-165.11661586000002,zerodha_equity_intraday_nse_order_formula_v2_2026_07_14
P455_contiguous_cross_asset_etf_pressure_primary,2026-04-16,AXISBANK,BANKBEES,2026-04-16,long,1,0.7236651239317156,0.02369020501138952,0.02502844141069397,0,0,0,21,261,1332.4,1332.4,75,0.0,165.34772632,-165.34772632,zerodha_equity_intraday_nse_order_formula_v2_2026_07_14
P455_contiguous_cross_asset_etf_pressure_primary,2026-04-17,AXISBANK,BANKBEES,2026-04-17,long,1,0.6748285583504133,0.029676817899316345,0.030267753201396973,0,0,0,21,261,1325.0,1325.0,75,0.0,165.23138500000002,-165.23138500000002,zerodha_equity_intraday_nse_order_formula_v2_2026_07_14
P455_contiguous_cross_asset_etf_pressure_primary,2026-04-20,AXISBANK,BANKBEES,2026-04-20,long,1,0.6699709171047165,0.02438627865387742,0.024360535931790498,0,0,0,21,261,1349.4,1349.4,74,0.0,165.3321302944,-165.3321302944,zerodha_equity_intraday_nse_order_formula_v2_2026_07_14
P455_contiguous_cross_asset_etf_pressure_primary,2026-04-21,AXISBANK,BANKBEES,2026-04-21,long,1,0.6859246483076051,0.033065080475857246,0.03407601572739188,0,0,0,21,261,1324.1,1324.1,75,0.0,165.21723538,-165.21723538,zerodha_equity_intraday_nse_order_formula_v2_2026_07_14
P455_contiguous_cross_asset_etf_pressure_primary,2026-04-22,AXISBANK,BANKBEES,2026-04-22,long,1,0.6794626564708118,0.029397026891598465,0.030037546933667083,0,0,0,21,261,1324.3000000000002,1324.3000000000002,75,0.0,165.22037974,-165.22037974,zerodha_equity_intraday_nse_order_formula_v2_2026_07_14
P455_contiguous_cross_asset_etf_pressure_primary,2026-04-23,AXISBANK,BANKBEES,2026-04-23,long,1,0.6130929551259559,0.0003794586390083481,0.0,0,0,0,21,261,1312.3000000000002,1312.3000000000002,76,0.0,165.30680771520002,-165.30680771520002,zerodha_equity_intraday_nse_order_formula_v2_2026_07_14
P455_contiguous_cross_asset_etf_pressure_primary,2026-04-24,AXISBANK,BANKBEES,2026-04-24,long,1,0.6809024677053426,0.02629176556509038,0.027359781121751026,0,0,0,21,261,1323.4,1323.4,75,0.0,165.20623012,-165.20623012,zerodha_equity_intraday_nse_order_formula_v2_2026_07_14
P455_contiguous_cross_asset_etf_pressure_primary,2026-04-27,AXISBANK,BANKBEES,2026-04-27,long,1,0.6835761258636477,0.02926829268292683,0.029769959404600813,0,0,0,21,261,1322.5,1322.5,75,0.0,165.1920805,-165.1920805,zerodha_equity_intraday_nse_order_formula_v2_2026_07_14
P455_contiguous_cross_asset_etf_pressure_primary,2026-04-28,AXISBANK,BANKBEES,2026-04-28,long,1,0.6906729419756293,0.03516062010548186,0.03592814371257485,0,0,0,21,261,1325.4,1325.4,75,0.0,165.23767371999998,-165.23767371999998,zerodha_equity_intraday_nse_order_formula_v2_2026_07_14
P455_contiguous_cross_asset_etf_pressure_primary,2026-04-29,AXISBANK,BANKBEES,2026-04-29,long,1,0.6794828346710738,0.022819396487013963,0.02249718785151856,0,0,0,21,261,1340.1999999999998,1340.1999999999998,74,0.0,165.1894182752,-165.1894182752,zerodha_equity_intraday_nse_order_formula_v2_2026_07_14
P455_contiguous_cross_asset_etf_pressure_primary,2026-04-30,AXISBANK,BANKBEES,2026-04-30,long,1,0.67741051733687,0.030626780626780627,0.032017075773746,0,0,0,21,261,1326.0,1326.0,75,0.0,165.24710679999998,-165.24710679999998,zerodha_equity_intraday_nse_order_formula_v2_2026_07_14
P455_contiguous_cross_asset_etf_pressure_primary,2026-05-01,AXISBANK,BANKBEES,2026-05-01,long,1,0.6793673191029314,0.026526101003230742,0.025477707006369428,0,0,0,21,261,1321.6,1321.6,75,0.0,165.17793088,-165.17793088,zerodha_equity_intraday_nse_order_formula_v2_2026_07_14
P455_contiguous_cross_asset_etf_pressure_primary,2026-05-04,AXISBANK,BANKBEES,2026-05-04,long,1,0.6652481132191957,0.021919745448117377,0.02119205298013245,0,0,0,21,261,1324.9,1324.9,75,0.0,165.22981282,-165.22981282,zerodha_equity_intraday_nse_order_formula_v2_2026_07_14
P455_contiguous_cross_asset_etf_pressure_primary,2026-05-05,AXISBANK,BANKBEES,2026-05-05,long,1,0.6571707871269528,0.03332354668232531,0.0352035203520352,0,0,0,21,261,1318.9,1318.9,75,0.0,165.13548201999998,-165.13548201999998,zerodha_equity_intraday_nse_order_formula_v2_2026_07_14
P455_contiguous_cross_asset_etf_pressure_primary,2026-05-06,AXISBANK,BANKBEES,2026-05-06,long,1,0.6916094232500458,0.03569182389937107,0.0353356890459364,0,0,0,21,261,1326.4,1326.4,75,0.0,165.25339551999997,-165.25339551999997,zerodha_equity_intraday_nse_order_formula_v2_2026_07_14
P455_contiguous_cross_asset_etf_pressure_primary,2026-05-07,AXISBANK,BANKBEES,2026-05-07,long,1,0.6937288276664887,0.0001274534794799898,0.0,0,0,0,21,261,1314.9,1314.9,76,0.0,165.3482294176,-165.3482294176,zerodha_equity_intraday_nse_order_formula_v2_2026_07_14
P455_contiguous_cross_asset_etf_pressure_primary,2026-05-08,AXISBANK,BANKBEES,2026-05-08,long,1,0.6506938945547405,0.004662004662004662,0.004656577415599534,0,0,0,21,261,1312.8,1312.8,76,0.0,165.31477342719998,-165.31477342719998,zerodha_equity_intraday_nse_order_formula_v2_2026_07_14
P455_contiguous_cross_asset_etf_pressure_primary,2026-05-12,AXISBANK,BANKBEES,2026-05-12,long,1,0.6846750338035793,0.02881619937694704,0.028004667444574097,0,0,0,21,261,1354.6999999999998,1354.6999999999998,73,0.0,165.13036719439998,-165.13036719439998,zerodha_equity_intraday_nse_order_formula_v2_2026_07_14
P455_contiguous_cross_asset_etf_pressure_primary,2026-05-13,AXISBANK,BANKBEES,2026-05-13,long,1,0.6455772009628159,0.00763246734184647,0.0088008800880088,0,0,0,21,261,1342.6999999999998,1342.6999999999998,74,0.0,165.22819871520002,-165.22819871520002,zerodha_equity_intraday_nse_order_formula_v2_2026_07_14
P455_contiguous_cross_asset_etf_pressure_primary,2026-05-15,AXISBANK,BANKBEES,2026-05-15,long,1,0.6601259114453352,0.015546819156540386,0.01606425702811245,0,0,0,21,261,1316.1999999999998,1316.1999999999998,75,0.0,165.09303315999998,-165.09303315999998,zerodha_equity_intraday_nse_order_formula_v2_2026_07_14
P455_contiguous_cross_asset_etf_pressure_primary,2026-05-18,AXISBANK,BANKBEES,2026-05-18,long,1,0.6413387876917089,0.007998814990371797,0.006659267480577136,0,0,0,21,261,1326.8,1326.8,75,0.0,165.25968424,-165.25968424,zerodha_equity_intraday_nse_order_formula_v2_2026_07_14
P455_contiguous_cross_asset_etf_pressure_primary,2026-05-19,AXISBANK,BANKBEES,2026-05-19,long,1,0.6730596974172309,0.023718836565096952,0.023346303501945526,0,0,0,21,261,1322.5,1322.5,75,0.0,165.1920805,-165.1920805,zerodha_equity_intraday_nse_order_formula_v2_2026_07_14
P455_contiguous_cross_asset_etf_pressure_primary,2026-05-20,AXISBANK,BANKBEES,2026-05-20,long,1,0.6681159302743034,0.020901147849922905,0.02053915275994865,0,0,0,21,261,1318.8000000000002,1318.8000000000002,75,0.0,165.13390983999997,-165.13390983999997,zerodha_equity_intraday_nse_order_formula_v2_2026_07_14
P455_contiguous_cross_asset_etf_pressure_primary,2026-05-21,AXISBANK,BANKBEES,2026-05-21,long,1,0.6769921726879888,0.028261642374688943,0.02663115845539281,0,0,0,21,261,1320.6,1320.6,75,0.0,165.16220907999997,-165.16220907999997,zerodha_equity_intraday_nse_order_formula_v2_2026_07_14
P455_contiguous_cross_asset_etf_pressure_primary,2026-05-22,AXISBANK,BANKBEES,2026-05-22,long,1,0.6924816164038516,0.03754861204237629,0.03819095477386935,0,0,0,21,261,1327.3,1327.3,75,0.0,165.26754514,-165.26754514,zerodha_equity_intraday_nse_order_formula_v2_2026_07_14
P455_contiguous_cross_asset_etf_pressure_primary,2026-05-25,AXISBANK,BANKBEES,2026-05-25,long,1,0.6354121640856524,0.004948333575898705,0.004362050163576881,0,0,0,21,261,1312.8000000000002,1312.8000000000002,76,0.0,165.31477342719998,-165.31477342719998,zerodha_equity_intraday_nse_order_formula_v2_2026_07_14
P455_contiguous_cross_asset_etf_pressure_primary,2026-05-26,AXISBANK,BANKBEES,2026-05-26,long,1,0.6690602757152407,0.02487821851078636,0.02607561929595828,0,0,0,21,261,1321.6,1321.6,75,0.0,165.17793088,-165.17793088,zerodha_equity_intraday_nse_order_formula_v2_2026_07_14
P455_contiguous_cross_asset_etf_pressure_primary,2026-05-27,AXISBANK,BANKBEES,2026-05-27,long,1,0.6772545518602512,0.02715484363081617,0.025142857142857144,0,0,0,21,261,1286.6999999999998,1286.6999999999998,77,0.0,165.16868646160003,-165.16868646160003,zerodha_equity_intraday_nse_order_formula_v2_2026_07_14
P455_contiguous_cross_asset_etf_pressure_primary,2026-05-28,AXISBANK,BANKBEES,2026-05-28,long,1,0.6557691337894401,0.023762376237623763,0.023064250411861616,0,0,0,21,261,1317.6999999999998,1317.6999999999998,75,0.0,165.11661586000002,-165.11661586000002,zerodha_equity_intraday_nse_order_formula_v2_2026_07_14
P455_contiguous_cross_asset_etf_pressure_primary,2026-05-29,AXISBANK,BANKBEES,2026-05-29,long,1,0.6702962355250109,0.025261758351337878,0.024906600249066,0,0,0,21,261,1318.9,1318.9,75,0.0,165.13548201999998,-165.13548201999998,zerodha_equity_intraday_nse_order_formula_v2_2026_07_14
P455_contiguous_cross_asset_etf_pressure_primary,2026-06-01,AXISBANK,BANKBEES,2026-06-01,long,1,0.6746231015962889,0.024256993006993008,0.02618657937806874,0,0,0,21,261,1319.5,1319.5,75,0.0,165.1449151,-165.1449151,zerodha_equity_intraday_nse_order_formula_v2_2026_07_14
P455_contiguous_cross_asset_etf_pressure_primary,2026-06-02,AXISBANK,BANKBEES,2026-06-02,long,1,0.6581930786846335,0.012408021930457366,0.012972972972972972,0,0,0,21,261,1286.3000000000002,1286.3000000000002,77,0.0,165.1622300424,-165.1622300424,zerodha_equity_intraday_nse_order_formula_v2_2026_07_14
P455_contiguous_cross_asset_etf_pressure_primary,2026-06-03,AXISBANK,BANKBEES,2026-06-03,long,1,0.6627985677411681,0.021965536830145807,0.02269503546099291,0,0,0,21,261,1321.7,1321.7,75,0.0,165.17950306,-165.17950306,zerodha_equity_intraday_nse_order_formula_v2_2026_07_14
P455_contiguous_cross_asset_etf_pressure_primary,2026-06-04,AXISBANK,BANKBEES,2026-06-04,long,1,0.6721768671982581,0.024739993696816894,0.025974025974025976,0,0,0,21,261,1319.0,1319.0,75,0.0,165.1370542,-165.1370542,zerodha_equity_intraday_nse_order_formula_v2_2026_07_14
P455_contiguous_cross_asset_etf_pressure_primary,2026-06-05,AXISBANK,BANKBEES,2026-06-05,long,1,0.6822105522771432,0.0371946414499606,0.03778040141676505,0,0,0,21,261,1322.8000000000002,1322.8000000000002,75,0.0,165.19679703999998,-165.19679703999998,zerodha_equity_intraday_nse_order_formula_v2_2026_07_14
P455_contiguous_cross_asset_etf_pressure_primary,2026-06-08,AXISBANK,BANKBEES,2026-06-08,long,1,0.6673930248253294,0.021965536830145807,0.02269503546099291,0,0,0,21,261,1319.4,1319.4,75,0.0,165.14334292,-165.14334292,zerodha_equity_intraday_nse_order_formula_v2_2026_07_14
P455_contiguous_cross_asset_etf_pressure_primary,2026-06-09,AXISBANK,BANKBEES,2026-06-09,long,1,0.6820102731169155,0.0299645390070922,0.029216467463479414,0,0,0,21,261,1323.6999999999998,1323.6999999999998,75,0.0,165.21094666,-165.21094666,zerodha_equity_intraday_nse_order_formula_v2_2026_07_14
P455_contiguous_cross_asset_etf_pressure_primary,2026-06-10,AXISBANK,BANKBEES,2026-06-10,long,1,0.6540821890003002,0.004008313539192399,0.004449388209121246,0,0,0,21,261,1312.5,1312.5,76,0.0,165.30999400000002,-165.30999400000002,zerodha_equity_intraday_nse_order_formula_v2_2026_07_14
P455_contiguous_cross_asset_etf_pressure_primary,2026-06-11,AXISBANK,BANKBEES,2026-06-11,long,1,0.6736306849286897,0.026526101003230742,0.025477707006369428,0,0,0,21,261,1322.9,1322.9,75,0.0,165.19836922,-165.19836922,zerodha_equity_intraday_nse_order_formula_v2_2026_07_14
P455_contiguous_cross_asset_etf_pressure_primary,2026-06-12,AXISBANK,BANKBEES,2026-06-12,long,1,0.5855543855068583,0.015126737530662305,0.014300306435137897,0,0,0,21,261,1298.4,1298.4,77,0.0,165.35753672319998,-165.35753672319998,zerodha_equity_intraday_nse_order_formula_v2_2026_07_14
P455_contiguous_cross_asset_etf_pressure_primary,2026-06-15,AXISBANK,BANKBEES,2026-06-15,long,1,0.6534821214166344,0.017529353398379362,0.01734820322180917,0,0,0,21,261,1317.6,1317.6,75,0.0,165.11504368000004,-165.11504368000004,zerodha_equity_intraday_nse_order_formula_v2_2026_07_14
P455_contiguous_cross_asset_etf_pressure_primary,2026-06-16,AXISBANK,BANKBEES,2026-06-16,long,1,0.6764605275648667,0.030157748221466132,0.030127462340672075,0,0,0,21,261,1323.4,1323.4,75,0.0,165.20623012,-165.20623012,zerodha_equity_intraday_nse_order_formula_v2_2026_07_14
P455_contiguous_cross_asset_etf_pressure_primary,2026-06-17,AXISBANK,BANKBEES,2026-06-17,long,1,0.6618864821705726,0.018610690326769097,0.019448946515397084,0,0,0,21,261,1320.1999999999998,1320.1999999999998,75,0.0,165.15592036,-165.15592036,zerodha_equity_intraday_nse_order_formula_v2_2026_07_14
P455_contiguous_cross_asset_etf_pressure_primary,2026-06-18,AXISBANK,BANKBEES,2026-06-18,long,1,0.6873467583981988,0.03364158163265306,0.03345280764635603,0,0,0,21,261,1322.0,1322.0,75,0.0,165.18421960000003,-165.18421960000003,zerodha_equity_intraday_nse_order_formula_v2_2026_07_14
P455_contiguous_cross_asset_etf_pressure_primary,2026-06-19,AXISBANK,BANKBEES,2026-06-19,long,1,0.683453764754291,0.026024177300201477,0.027672955974842768,0,0,0,21,261,1321.8000000000002,1321.8000000000002,75,0.0,165.18107523999998,-165.18107523999998,zerodha_equity_intraday_nse_order_formula_v2_2026_07_14
P455_contiguous_cross_asset_etf_pressure_primary,2026-06-23,AXISBANK,BANKBEES,2026-06-23,long,1,0.7204592317968849,0.050622307324078505,0.05201793721973094,0,0,0,21,261,1328.4,1328.4,75,0.0,165.28483912000002,-165.28483912000002,zerodha_equity_intraday_nse_order_formula_v2_2026_07_14
P455_contiguous_cross_asset_etf_pressure_primary,2026-06-24,AXISBANK,BANKBEES,2026-06-24,long,1,0.6763033529722672,0.031493558135835854,0.03098927294398093,0,0,0,21,261,1323.0,1323.0,75,0.0,165.1999414,-165.1999414,zerodha_equity_intraday_nse_order_formula_v2_2026_07_14
P455_contiguous_cross_asset_etf_pressure_primary,2026-06-25,AXISBANK,BANKBEES,2026-06-25,long,1,0.6591914947011756,0.010907438266929253,0.011350737797956867,0,0,0,21,261,1333.5,1333.5,74,0.0,165.08548669599998,-165.08548669599998,zerodha_equity_intraday_nse_order_formula_v2_2026_07_14
P455_contiguous_cross_asset_etf_pressure_primary,2026-06-29,AXISBANK,BANKBEES,2026-06-29,long,1,0.6803735475898259,0.02763819095477387,0.027603513174404015,0,0,0,21,261,1321.6999999999998,1321.6999999999998,75,0.0,165.17950306,-165.17950306,zerodha_equity_intraday_nse_order_formula_v2_2026_07_14
P455_contiguous_cross_asset_etf_pressure_primary,2026-06-30,AXISBANK,BANKBEES,2026-06-30,long,1,0.775297188276893,0.08145505177965365,0.08088714938030006,0,0,0,21,261,1340.5,1340.5,74,0.0,165.194071928,-165.194071928,zerodha_equity_intraday_nse_order_formula_v2_2026_07_14
P455_contiguous_cross_asset_etf_pressure_primary,2026-01-12,TCS,ITBEES,2026-01-12,long,1,1.4930888224446315,0.00810126582278481,0.007585335018963337,0,0,0,21,261,2191.6000000000004,2191.6000000000004,45,0.0,165.07353812799997,-165.07353812799997,zerodha_equity_intraday_nse_order_formula_v2_2026_07_14
P455_contiguous_cross_asset_etf_pressure_primary,2026-01-14,TCS,ITBEES,2026-01-14,long,1,1.4914941387795293,0.012064965197215777,0.013904982618771726,0,0,0,21,261,2187.3,2187.3,45,0.0,165.032975884,-165.032975884,zerodha_equity_intraday_nse_order_formula_v2_2026_07_14
P455_contiguous_cross_asset_etf_pressure_primary,2026-01-26,TCS,ITBEES,2026-01-26,long,1,1.4861546441612536,0.0012757136022962844,0.0,0,0,0,21,261,2189.7,2189.7,45,0.0,165.05561527600003,-165.05561527600003,zerodha_equity_intraday_nse_order_formula_v2_2026_07_14
P455_contiguous_cross_asset_etf_pressure_primary,2026-01-29,TCS,ITBEES,2026-01-29,long,1,1.4901357233928585,0.0068201193520886615,0.007662835249042145,0,0,0,21,261,2189.3999999999996,2189.3999999999996,45,0.0,165.052785352,-165.052785352,zerodha_equity_intraday_nse_order_formula_v2_2026_07_14
P455_contiguous_cross_asset_etf_pressure_primary,2026-02-02,TCS,ITBEES,2026-02-02,long,1,1.5017489399425812,0.01429431236834186,0.013528748590755355,0,0,0,21,261,2196.2,2196.2,45,0.0,165.116930296,-165.116930296,zerodha_equity_intraday_nse_order_formula_v2_2026_07_14
P455_contiguous_cross_asset_etf_pressure_primary,2026-02-03,TCS,ITBEES,2026-02-03,long,1,1.474910171401961,0.00427578834847675,0.0053404539385847796,0,0,0,21,261,2184.3999999999996,2184.3999999999996,45,0.0,165.00561995199996,-165.00561995199996,zerodha_equity_intraday_nse_order_formula_v2_2026_07_14
P455_contiguous_cross_asset_etf_pressure_primary,2026-02-06,TCS,ITBEES,2026-02-06,long,1,1.4785762540077731,0.012563199019457637,0.013777267508610792,0,0,0,21,261,2182.0,2182.0,45,0.0,164.98298056,-164.98298056,zerodha_equity_intraday_nse_order_formula_v2_2026_07_14
P455_contiguous_cross_asset_etf_pressure_primary,2026-02-10,TCS,ITBEES,2026-02-10,long,1,1.4925996226837628,0.008640641876253664,0.006936416184971098,0,0,0,21,261,2192.3,2192.3,45,0.0,165.08014128399998,-165.08014128399998,zerodha_equity_intraday_nse_order_formula_v2_2026_07_14
P455_contiguous_cross_asset_etf_pressure_primary,2026-03-03,TCS,ITBEES,2026-03-03,long,1,1.5029522817547265,0.014585605234460196,0.01634320735444331,0,0,0,21,261,2160.8,2160.8,46,0.0,165.2359548032,-165.2359548032,zerodha_equity_intraday_nse_order_formula_v2_2026_07_14
P455_contiguous_cross_asset_etf_pressure_primary,2026-03-09,TCS,ITBEES,2026-03-09,long,1,1.4886910022910504,0.003930677148472396,0.00535475234270415,0,0,0,21,261,2189.3,2189.3,45,0.0,165.051842044,-165.051842044,zerodha_equity_intraday_nse_order_formula_v2_2026_07_14
P455_contiguous_cross_asset_etf_pressure_primary,2026-03-13,TCS,ITBEES,2026-03-13,long,1,1.5119022402095303,0.013490725126475547,0.010109519797809604,0,0,0,21,261,2197.3,2197.3,45,0.0,165.12730668400002,-165.12730668400002,zerodha_equity_intraday_nse_order_formula_v2_2026_07_14
P455_contiguous_cross_asset_etf_pressure_primary,2026-03-30,TCS,ITBEES,2026-03-30,long,1,1.48897209761882,0.008550434201736807,0.008008008008008008,0,0,0,21,261,2185.9,2185.9,45,0.0,165.019769572,-165.019769572,zerodha_equity_intraday_nse_order_formula_v2_2026_07_14
P455_contiguous_cross_asset_etf_pressure_primary,2026-04-01,TCS,ITBEES,2026-04-01,long,1,1.4955336583996226,0.013145786775338505,0.015763546798029555,0,0,0,21,261,2190.7,2190.7,45,0.0,165.065048356,-165.065048356,zerodha_equity_intraday_nse_order_formula_v2_2026_07_14
P455_contiguous_cross_asset_etf_pressure_primary,2026-04-10,TCS,ITBEES,2026-04-10,long,1,1.496169060562762,0.007166035694970254,0.008105369807497468,0,0,0,21,261,2186.8999999999996,2186.8999999999996,45,0.0,165.029202652,-165.029202652,zerodha_equity_intraday_nse_order_formula_v2_2026_07_14
P455_contiguous_cross_asset_etf_pressure_primary,2026-04-16,TCS,ITBEES,2026-04-16,long,1,1.530569453166339,0.04271383885233524,0.04527081649151172,0,0,0,21,261,2206.5,2206.5,45,0.0,165.21409101999998,-165.21409101999998,zerodha_equity_intraday_nse_order_formula_v2_2026_07_14
P455_contiguous_cross_asset_etf_pressure_primary,2026-04-22,TCS,ITBEES,2026-04-22,long,1,1.492165740745126,0.00671462829736211,0.00718562874251497,0,0,0,21,261,2186.6000000000004,2186.6000000000004,45,0.0,165.026372728,-165.026372728,zerodha_equity_intraday_nse_order_formula_v2_2026_07_14
P455_contiguous_cross_asset_etf_pressure_primary,2026-04-28,TCS,ITBEES,2026-04-28,long,1,1.496357879804091,0.010791937787652753,0.014268727705112961,0,0,0,21,261,2185.3,2185.3,45,0.0,165.01410972399998,-165.01410972399998,zerodha_equity_intraday_nse_order_formula_v2_2026_07_14
P455_contiguous_cross_asset_etf_pressure_primary,2026-04-29,TCS,ITBEES,2026-04-29,long,1,1.4890172270201285,0.004812455767869781,0.008483563096500531,0,0,0,21,261,2241.1,2241.1,44,0.0,165.0706872416,-165.0706872416,zerodha_equity_intraday_nse_order_formula_v2_2026_07_14
P455_contiguous_cross_asset_etf_pressure_primary,2026-04-30,TCS,ITBEES,2026-04-30,long,1,1.4919772990511975,0.001546681664791901,0.0,0,0,0,21,261,2192.2,2192.2,45,0.0,165.079197976,-165.079197976,zerodha_equity_intraday_nse_order_formula_v2_2026_07_14
P455_contiguous_cross_asset_etf_pressure_primary,2026-05-06,TCS,ITBEES,2026-05-06,long,1,1.4947878266443106,0.007441418619379354,0.0071174377224199285,0,0,0,21,261,2190.7,2190.7,45,0.0,165.065048356,-165.065048356,zerodha_equity_intraday_nse_order_formula_v2_2026_07_14
P455_contiguous_cross_asset_etf_pressure_primary,2026-05-07,TCS,ITBEES,2026-05-07,long,1,1.5067566137619777,0.018210513536481728,0.01637852593266606,0,0,0,21,261,2177.1,2177.1,45,0.0,162.936758468,-162.936758468,zerodha_equity_intraday_nse_order_formula_v2_2026_07_14
P455_contiguous_cross_asset_etf_pressure_primary,2026-05-22,TCS,ITBEES,2026-05-22,long,1,1.488764534508387,0.0014062719729995782,0.0,0,0,0,21,261,2190.1,2190.1,45,0.0,165.059388508,-165.059388508,zerodha_equity_intraday_nse_order_formula_v2_2026_07_14
P455_contiguous_cross_asset_etf_pressure_primary,2026-06-05,TCS,ITBEES,2026-06-05,long,1,1.4901060746094215,0.0025952960259529602,0.0,0,0,0,21,261,2186.0,2186.0,45,0.0,165.02071288000002,-165.02071288000002,zerodha_equity_intraday_nse_order_formula_v2_2026_07_14
P455_contiguous_cross_asset_etf_pressure_primary,2026-06-09,TCS,ITBEES,2026-06-09,long,1,1.4898138017622276,0.003930677148472396,0.00535475234270415,0,0,0,21,261,2184.8,2184.8,45,0.0,165.00939318399998,-165.00939318399998,zerodha_equity_intraday_nse_order_formula_v2_2026_07_14
P455_contiguous_cross_asset_etf_pressure_primary,2026-06-16,TCS,ITBEES,2026-06-16,long,1,1.4910063338413544,0.0006272541947624275,0.0,0,0,0,21,261,2183.4,2183.4,45,0.0,164.996186872,-164.996186872,zerodha_equity_intraday_nse_order_formula_v2_2026_07_14
P455_contiguous_cross_asset_etf_pressure_primary,2026-06-18,TCS,ITBEES,2026-06-18,long,1,1.4908576250747478,0.010791937787652753,0.014268727705112961,0,0,0,21,261,2189.6,2189.6,45,0.0,165.05467196799998,-165.05467196799998,zerodha_equity_intraday_nse_order_formula_v2_2026_07_14
P455_contiguous_cross_asset_etf_pressure_primary,2026-06-23,TCS,ITBEES,2026-06-23,long,1,1.5091477073587003,0.022992700729927006,0.023701002734731084,0,0,0,21,261,2191.3,2191.3,45,0.0,165.07070820399997,-165.07070820399997,zerodha_equity_intraday_nse_order_formula_v2_2026_07_14
P455_contiguous_cross_asset_etf_pressure_primary,2026-06-24,TCS,ITBEES,2026-06-24,long,1,1.4866305502877109,0.0022275258552108194,0.0,0,0,0,21,261,2185.3999999999996,2185.3999999999996,45,0.0,165.01505303199997,-165.01505303199997,zerodha_equity_intraday_nse_order_formula_v2_2026_07_14
P455_contiguous_cross_asset_etf_pressure_primary,2026-06-26,TCS,ITBEES,2026-06-26,long,1,1.4658974149077157,0.0025885779000161787,0.0,0,0,0,21,261,2171.7,2171.7,46,0.0,165.3410602768,-165.3410602768,zerodha_equity_intraday_nse_order_formula_v2_2026_07_14
P455_contiguous_cross_asset_etf_pressure_primary,2026-06-30,TCS,ITBEES,2026-06-30,long,1,1.5409766265282168,0.04695668409260642,0.05178446466060182,0,0,0,21,261,2203.1,2203.1,45,0.0,165.182018548,-165.182018548,zerodha_equity_intraday_nse_order_formula_v2_2026_07_14
P455_contiguous_cross_asset_etf_pressure_primary,2026-01-01,RELIANCE,NIFTYBEES,2026-01-01,long,1,1.4572406113631533,0.43672864900444297,0.436498150431566,0,0,0,21,261,1296.9,1296.9,77,0.0,165.3333251512,-165.3333251512,zerodha_equity_intraday_nse_order_formula_v2_2026_07_14
P455_contiguous_cross_asset_etf_pressure_primary,2026-01-02,RELIANCE,NIFTYBEES,2026-01-02,long,1,1.4682568221369205,0.44484574868322047,0.44419391206313413,0,0,0,21,261,1299.7,1299.7,76,0.0,165.10607177280002,-165.10607177280002,zerodha_equity_intraday_nse_order_formula_v2_2026_07_14
P455_contiguous_cross_asset_etf_pressure_primary,2026-01-05,RELIANCE,NIFTYBEES,2026-01-05,long,1,1.459895079251874,0.4367863815652896,0.4354587869362364,0,0,0,21,261,1294.6999999999998,1294.6999999999998,77,0.0,165.29781484560002,-165.29781484560002,zerodha_equity_intraday_nse_order_formula_v2_2026_07_14
P455_contiguous_cross_asset_etf_pressure_primary,2026-01-06,RELIANCE,NIFTYBEES,2026-01-06,long,1,1.4609317898343452,0.4419692998876825,0.44039270687237025,0,0,0,21,261,1299.1999999999998,1299.1999999999998,76,0.0,165.09810606079998,-165.09810606079998,zerodha_equity_intraday_nse_order_formula_v2_2026_07_14
P455_contiguous_cross_asset_etf_pressure_primary,2026-01-07,RELIANCE,NIFTYBEES,2026-01-07,long,1,1.4112652845286513,0.41186390239063586,0.41189591078066917,0,0,0,21,261,1286.9,1286.9,77,0.0,165.1719146712,-165.1719146712,zerodha_equity_intraday_nse_order_formula_v2_2026_07_14
P455_contiguous_cross_asset_etf_pressure_primary,2026-01-08,RELIANCE,NIFTYBEES,2026-01-08,long,1,1.4559087966156015,0.4366996507566938,0.4362050163576881,0,0,0,21,261,1284.8000000000002,1284.8000000000002,77,0.0,165.1380184704,-165.1380184704,zerodha_equity_intraday_nse_order_formula_v2_2026_07_14
P455_contiguous_cross_asset_etf_pressure_primary,2026-01-09,RELIANCE,NIFTYBEES,2026-01-09,long,1,1.4620942197807343,0.4432201883774658,0.4420772303595206,0,0,0,21,261,1300.9,1300.9,76,0.0,165.12518948160002,-165.12518948160002,zerodha_equity_intraday_nse_order_formula_v2_2026_07_14
P455_contiguous_cross_asset_etf_pressure_primary,2026-01-12,RELIANCE,NIFTYBEES,2026-01-12,long,1,1.4655537364820548,0.45670599966760844,0.45579078455790784,0,0,0,21,261,1303.3000000000002,1303.3000000000002,76,0.0,165.1634248992,-165.1634248992,zerodha_equity_intraday_nse_order_formula_v2_2026_07_14
P455_contiguous_cross_asset_etf_pressure_primary,2026-01-13,RELIANCE,NIFTYBEES,2026-01-13,long,1,1.461510965709439,0.44206955046649704,0.44218551461245237,0,0,0,21,261,1296.6,1296.6,77,0.0,165.32848283680002,-165.32848283680002,zerodha_equity_intraday_nse_order_formula_v2_2026_07_14
P455_contiguous_cross_asset_etf_pressure_primary,2026-01-14,RELIANCE,NIFTYBEES,2026-01-14,long,1,1.46909973559009,0.45490443847733375,0.4544378698224852,0,0,0,21,261,1302.6,1302.6,76,0.0,165.15227290239997,-165.15227290239997,zerodha_equity_intraday_nse_order_formula_v2_2026_07_14
P455_contiguous_cross_asset_etf_pressure_primary,2026-01-15,RELIANCE,NIFTYBEES,2026-01-15,long,1,1.4610454791744854,0.44741048593350385,0.4479041916167665,0,0,0,21,261,1313.9,1313.9,76,0.0,165.3322979936,-165.3322979936,zerodha_equity_intraday_nse_order_formula_v2_2026_07_14
P455_contiguous_cross_asset_etf_pressure_primary,2026-01-16,RELIANCE,NIFTYBEES,2026-01-16,long,1,1.4590418113830703,0.4377141077545936,0.4364060676779463,0,0,0,21,261,1327.1999999999998,1327.1999999999998,75,0.0,165.26597295999997,-165.26597295999997,zerodha_equity_intraday_nse_order_formula_v2_2026_07_14
P455_contiguous_cross_asset_etf_pressure_primary,2026-01-19,RELIANCE,NIFTYBEES,2026-01-19,long,1,1.4661159213661146,0.4451486013986014,0.4451718494271686,0,0,0,21,261,1302.0,1302.0,76,0.0,165.142714048,-165.142714048,zerodha_equity_intraday_nse_order_formula_v2_2026_07_14
P455_contiguous_cross_asset_etf_pressure_primary,2026-01-20,RELIANCE,NIFTYBEES,2026-01-20,long,1,1.469754033190762,0.446207818242566,0.4455569461827284,0,0,0,21,261,1300.6,1300.6,76,0.0,165.1204100544,-165.1204100544,zerodha_equity_intraday_nse_order_formula_v2_2026_07_14
P455_contiguous_cross_asset_etf_pressure_primary,2026-01-21,RELIANCE,NIFTYBEES,2026-01-21,long,1,1.460038618149196,0.4440516174650875,0.4423841059602649,0,0,0,21,261,1300.9,1300.9,76,0.0,165.12518948160002,-165.12518948160002,zerodha_equity_intraday_nse_order_formula_v2_2026_07_14
P455_contiguous_cross_asset_etf_pressure_primary,2026-01-22,RELIANCE,NIFTYBEES,2026-01-22,long,1,1.4529416394304386,0.441550482610694,0.44087256027554533,0,0,0,21,261,1289.0,1289.0,77,0.0,165.205810872,-165.205810872,zerodha_equity_intraday_nse_order_formula_v2_2026_07_14
P455_contiguous_cross_asset_etf_pressure_primary,2026-01-23,RELIANCE,NIFTYBEES,2026-01-23,long,1,1.4655115391739566,0.44565454149422784,0.4469820554649266,0,0,0,21,261,1301.8000000000002,1301.8000000000002,76,0.0,165.1395277632,-165.1395277632,zerodha_equity_intraday_nse_order_formula_v2_2026_07_14
P455_contiguous_cross_asset_etf_pressure_primary,2026-01-26,RELIANCE,NIFTYBEES,2026-01-26,long,1,1.4707488148220578,0.452803738317757,0.45274212368728123,0,0,0,21,261,1304.1,1304.1,76,0.0,165.1761700384,-165.1761700384,zerodha_equity_intraday_nse_order_formula_v2_2026_07_14
P455_contiguous_cross_asset_etf_pressure_primary,2026-01-27,RELIANCE,NIFTYBEES,2026-01-27,long,1,1.4695937906470833,0.4468514778777309,0.44566712517193946,0,0,0,21,261,1322.8000000000002,1322.8000000000002,75,0.0,165.19679703999998,-165.19679703999998,zerodha_equity_intraday_nse_order_formula_v2_2026_07_14
P455_contiguous_cross_asset_etf_pressure_primary,2026-01-28,RELIANCE,NIFTYBEES,2026-01-28,long,1,1.447027852058254,0.4346604215456675,0.43508771929824563,0,0,0,21,261,1294.3000000000002,1294.3000000000002,77,0.0,165.2913584264,-165.2913584264,zerodha_equity_intraday_nse_order_formula_v2_2026_07_14
P455_contiguous_cross_asset_etf_pressure_primary,2026-01-29,RELIANCE,NIFTYBEES,2026-01-29,long,1,1.4779670698369947,0.45196658545074836,0.4511082138200782,0,0,0,21,261,1302.6,1302.6,76,0.0,165.15227290239997,-165.15227290239997,zerodha_equity_intraday_nse_order_formula_v2_2026_07_14
P455_contiguous_cross_asset_etf_pressure_primary,2026-01-30,RELIANCE,NIFTYBEES,2026-01-30,long,1,1.4675350735038935,0.44202771443606387,0.44152431011826543,0,0,0,21,261,1300.4,1300.4,76,0.0,165.1172237696,-165.1172237696,zerodha_equity_intraday_nse_order_formula_v2_2026_07_14
P455_contiguous_cross_asset_etf_pressure_primary,2026-02-02,RELIANCE,NIFTYBEES,2026-02-02,long,1,1.490898927646455,0.4610360694671219,0.46051167964404893,0,0,0,21,261,1303.5,1303.5,76,0.0,165.166611184,-165.166611184,zerodha_equity_intraday_nse_order_formula_v2_2026_07_14
P455_contiguous_cross_asset_etf_pressure_primary,2026-02-03,RELIANCE,NIFTYBEES,2026-02-03,long,1,1.4530467409933154,0.4387902933719667,0.4369063772048847,0,0,0,21,261,1300.1999999999998,1300.1999999999998,76,0.0,165.11403748479998,-165.11403748479998,zerodha_equity_intraday_nse_order_formula_v2_2026_07_14
P455_contiguous_cross_asset_etf_pressure_primary,2026-02-04,RELIANCE,NIFTYBEES,2026-02-04,long,1,1.4418142588256897,0.4266666666666667,0.4262607040913416,0,0,0,21,261,1292.1,1292.1,77,0.0,165.2558481208,-165.2558481208,zerodha_equity_intraday_nse_order_formula_v2_2026_07_14
P455_contiguous_cross_asset_etf_pressure_primary,2026-02-05,RELIANCE,NIFTYBEES,2026-02-05,long,1,1.4487036742484494,0.43645617941784637,0.4362336114421931,0,0,0,21,261,1296.8000000000002,1296.8000000000002,77,0.0,165.33171104640002,-165.33171104640002,zerodha_equity_intraday_nse_order_formula_v2_2026_07_14
P455_contiguous_cross_asset_etf_pressure_primary,2026-02-06,RELIANCE,NIFTYBEES,2026-02-06,long,1,1.470745044610906,0.43262974131090304,0.4328180737217598,0,0,0,21,261,1292.1,1292.1,77,0.0,165.2558481208,-165.2558481208,zerodha_equity_intraday_nse_order_formula_v2_2026_07_14
P455_contiguous_cross_asset_etf_pressure_primary,2026-02-09,RELIANCE,NIFTYBEES,2026-02-09,long,1,1.458097150208569,0.44008810572687224,0.44004400440044006,0,0,0,21,261,1296.0,1296.0,77,0.0,165.31879820799998,-165.31879820799998,zerodha_equity_intraday_nse_order_formula_v2_2026_07_14
P455_contiguous_cross_asset_etf_pressure_primary,2026-02-10,RELIANCE,NIFTYBEES,2026-02-10,long,1,1.4865788194336969,0.45942269910835726,0.45979614949037373,0,0,0,21,261,1307.6,1307.6,76,0.0,165.2319300224,-165.2319300224,zerodha_equity_intraday_nse_order_formula_v2_2026_07_14
P455_contiguous_cross_asset_etf_pressure_primary,2026-02-11,RELIANCE,NIFTYBEES,2026-02-11,long,1,1.456674072808067,0.4399247991796274,0.44046094750320103,0,0,0,21,261,1295.1999999999998,1295.1999999999998,77,0.0,165.3058853696,-165.3058853696,zerodha_equity_intraday_nse_order_formula_v2_2026_07_14
P455_contiguous_cross_asset_etf_pressure_primary,2026-02-12,RELIANCE,NIFTYBEES,2026-02-12,long,1,1.464156871140374,0.4455856643356643,0.4451718494271686,0,0,0,21,261,1301.5,1301.5,76,0.0,165.13474833600003,-165.13474833600003,zerodha_equity_intraday_nse_order_formula_v2_2026_07_14
P455_contiguous_cross_asset_etf_pressure_primary,2026-02-13,RELIANCE,NIFTYBEES,2026-02-13,long,1,1.4678179170134085,0.44123826866507915,0.440713536201469,0,0,0,21,261,1295.4,1295.4,77,0.0,165.3091135792,-165.3091135792,zerodha_equity_intraday_nse_order_formula_v2_2026_07_14
P455_contiguous_cross_asset_etf_pressure_primary,2026-02-16,RELIANCE,NIFTYBEES,2026-02-16,long,1,1.4583471536513193,0.4446388800509068,0.4433849821215733,0,0,0,21,261,1294.6,1294.6,77,0.0,165.2962007408,-165.2962007408,zerodha_equity_intraday_nse_order_formula_v2_2026_07_14
P455_contiguous_cross_asset_etf_pressure_primary,2026-02-17,RELIANCE,NIFTYBEES,2026-02-17,long,1,1.45676918721602,0.4399938137952366,0.440324449594438,0,0,0,21,261,1297.5,1297.5,77,0.0,165.34300978000002,-165.34300978000002,zerodha_equity_intraday_nse_order_formula_v2_2026_07_14
P455_contiguous_cross_asset_etf_pressure_primary,2026-02-18,RELIANCE,NIFTYBEES,2026-02-18,long,1,1.4606487942736852,0.4451486013986014,0.4451718494271686,0,0,0,21,261,1299.8000000000002,1299.8000000000002,76,0.0,165.1076649152,-165.1076649152,zerodha_equity_intraday_nse_order_formula_v2_2026_07_14
P455_contiguous_cross_asset_etf_pressure_primary,2026-02-19,RELIANCE,NIFTYBEES,2026-02-19,long,1,1.4530763697271623,0.432669000807972,0.4318869828456105,0,0,0,21,261,1294.6,1294.6,77,0.0,165.2962007408,-165.2962007408,zerodha_equity_intraday_nse_order_formula_v2_2026_07_14
P455_contiguous_cross_asset_etf_pressure_primary,2026-02-20,RELIANCE,NIFTYBEES,2026-02-20,long,1,1.4552192440209428,0.445353289244692,0.44589308996088656,0,0,0,21,261,1298.3000000000002,1298.3000000000002,77,0.0,165.35592261840003,-165.35592261840003,zerodha_equity_intraday_nse_order_formula_v2_2026_07_14
P455_contiguous_cross_asset_etf_pressure_primary,2026-02-23,RELIANCE,NIFTYBEES,2026-02-23,long,1,1.4603756149149427,0.4464314745569826,0.4457978075517661,0,0,0,21,261,1297.9,1297.9,77,0.0,165.34946619919998,-165.34946619919998,zerodha_equity_intraday_nse_order_formula_v2_2026_07_14
P455_contiguous_cross_asset_etf_pressure_primary,2026-02-24,RELIANCE,NIFTYBEES,2026-02-24,long,1,1.4695957069835994,0.4523033020790868,0.45190839694656487,0,0,0,21,261,1304.4,1304.4,76,0.0,165.18094946559998,-165.18094946559998,zerodha_equity_intraday_nse_order_formula_v2_2026_07_14
P455_contiguous_cross_asset_etf_pressure_primary,2026-02-25,RELIANCE,NIFTYBEES,2026-02-25,long,1,1.4593629807258994,0.44193427931292006,0.44195804195804195,0,0,0,21,261,1296.1,1296.1,77,0.0,165.3204123128,-165.3204123128,zerodha_equity_intraday_nse_order_formula_v2_2026_07_14
P455_contiguous_cross_asset_etf_pressure_primary,2026-02-26,RELIANCE,NIFTYBEES,2026-02-26,long,1,1.454524762680449,0.43594851363775666,0.4362801377726751,0,0,0,21,261,1296.5,1296.5,77,0.0,165.32686873200004,-165.32686873200004,zerodha_equity_intraday_nse_order_formula_v2_2026_07_14
P455_contiguous_cross_asset_etf_pressure_primary,2026-02-27,RELIANCE,NIFTYBEES,2026-02-27,long,1,1.4414049667927673,0.4272133776199748,0.4274678111587983,0,0,0,21,261,1291.3,1291.3,77,0.0,165.24293528239997,-165.24293528239997,zerodha_equity_intraday_nse_order_formula_v2_2026_07_14
P455_contiguous_cross_asset_etf_pressure_primary,2026-03-02,RELIANCE,NIFTYBEES,2026-03-02,long,1,1.455279312461633,0.4361111111111111,0.4357405140758874,0,0,0,21,261,1296.6999999999998,1296.6999999999998,77,0.0,165.3300969416,-165.3300969416,zerodha_equity_intraday_nse_order_formula_v2_2026_07_14
P455_contiguous_cross_asset_etf_pressure_primary,2026-03-03,RELIANCE,NIFTYBEES,2026-03-03,long,1,1.489040935472561,0.4595000682966808,0.458546571136131,0,0,0,21,261,1292.5,1292.5,77,0.0,165.26230454,-165.26230454,zerodha_equity_intraday_nse_order_formula_v2_2026_07_14
P455_contiguous_cross_asset_etf_pressure_primary,2026-03-04,RELIANCE,NIFTYBEES,2026-03-04,long,1,1.4610278093247524,0.43135531135531135,0.43029637760702527,0,0,0,21,261,1323.1999999999998,1323.1999999999998,75,0.0,165.20308576,-165.20308576,zerodha_equity_intraday_nse_order_formula_v2_2026_07_14
P455_contiguous_cross_asset_etf_pressure_primary,2026-03-05,RELIANCE,NIFTYBEES,2026-03-05,long,1,1.4611033934535531,0.4355548569632191,0.43580683156654887,0,0,0,21,261,1294.0,1294.0,77,0.0,165.28651611200002,-165.28651611200002,zerodha_equity_intraday_nse_order_formula_v2_2026_07_14
P455_contiguous_cross_asset_etf_pressure_primary,2026-03-06,RELIANCE,NIFTYBEES,2026-03-06,long,1,1.4693845313768463,0.4417396467270298,0.44048943270300334,0,0,0,21,261,1297.3000000000002,1297.3000000000002,77,0.0,165.3397815704,-165.3397815704,zerodha_equity_intraday_nse_order_formula_v2_2026_07_14
P455_contiguous_cross_asset_etf_pressure_primary,2026-03-09,RELIANCE,NIFTYBEES,2026-03-09,long,1,1.4720310768351899,0.4504888888888889,0.45006657789613846,0,0,0,21,261,1303.5,1303.5,76,0.0,165.166611184,-165.166611184,zerodha_equity_intraday_nse_order_formula_v2_2026_07_14
P455_contiguous_cross_asset_etf_pressure_primary,2026-03-10,RELIANCE,NIFTYBEES,2026-03-10,long,1,1.4631633741303132,0.44285714285714284,0.44121532364597094,0,0,0,21,261,1299.6,1299.6,76,0.0,165.10447863039997,-165.10447863039997,zerodha_equity_intraday_nse_order_formula_v2_2026_07_14
P455_contiguous_cross_asset_etf_pressure_primary,2026-03-11,RELIANCE,NIFTYBEES,2026-03-11,long,1,1.4652845496016704,0.44268177525967894,0.44130127298444133,0,0,0,21,261,1296.0,1296.0,77,0.0,165.31879820799998,-165.31879820799998,zerodha_equity_intraday_nse_order_formula_v2_2026_07_14
P455_contiguous_cross_asset_etf_pressure_primary,2026-03-12,RELIANCE,NIFTYBEES,2026-03-12,long,1,1.4560125433776656,0.43976289650752964,0.43937575030012005,0,0,0,21,261,1307.3000000000002,1307.3000000000002,76,0.0,165.2271505952,-165.2271505952,zerodha_equity_intraday_nse_order_formula_v2_2026_07_14
P455_contiguous_cross_asset_etf_pressure_primary,2026-03-13,RELIANCE,NIFTYBEES,2026-03-13,long,1,1.4992716898858913,0.45791245791245794,0.4577893820713664,0,0,0,21,261,1302.6,1302.6,76,0.0,165.15227290239997,-165.15227290239997,zerodha_equity_intraday_nse_order_formula_v2_2026_07_14
P455_contiguous_cross_asset_etf_pressure_primary,2026-03-16,RELIANCE,NIFTYBEES,2026-03-16,long,1,1.4699649625612672,0.4436572946646004,0.44112769485903813,0,0,0,21,261,1299.6999999999998,1299.6999999999998,76,0.0,165.1060717728,-165.1060717728,zerodha_equity_intraday_nse_order_formula_v2_2026_07_14
P455_contiguous_cross_asset_etf_pressure_primary,2026-03-17,RELIANCE,NIFTYBEES,2026-03-17,long,1,1.4654238284191137,0.4438553304298428,0.4425531914893617,0,0,0,21,261,1297.5,1297.5,77,0.0,165.34300978000002,-165.34300978000002,zerodha_equity_intraday_nse_order_formula_v2_2026_07_14
P455_contiguous_cross_asset_etf_pressure_primary,2026-03-18,RELIANCE,NIFTYBEES,2026-03-18,long,1,1.4569638613927216,0.4325794932834552,0.43312101910828027,0,0,0,21,261,1294.6999999999998,1294.6999999999998,77,0.0,165.29781484560002,-165.29781484560002,zerodha_equity_intraday_nse_order_formula_v2_2026_07_14
P455_contiguous_cross_asset_etf_pressure_primary,2026-03-19,RELIANCE,NIFTYBEES,2026-03-19,long,1,1.4410505853462325,0.4319217141893032,0.43236409608091025,0,0,0,21,261,1293.8000000000002,1293.8000000000002,77,0.0,165.28328790240002,-165.28328790240002,zerodha_equity_intraday_nse_order_formula_v2_2026_07_14
P455_contiguous_cross_asset_etf_pressure_primary,2026-03-20,RELIANCE,NIFTYBEES,2026-03-20,long,1,1.4587127283908456,0.4395314304570203,0.4400494437577256,0,0,0,21,261,1299.6999999999998,1299.6999999999998,76,0.0,165.1060717728,-165.1060717728,zerodha_equity_intraday_nse_order_formula_v2_2026_07_14
P455_contiguous_cross_asset_etf_pressure_primary,2026-03-23,RELIANCE,NIFTYBEES,2026-03-23,long,1,1.4605098113177728,0.44059727331746373,0.44084278768233387,0,0,0,21,261,1298.8000000000002,1298.8000000000002,76,0.0,165.0917334912,-165.0917334912,zerodha_equity_intraday_nse_order_formula_v2_2026_07_14
P455_contiguous_cross_asset_etf_pressure_primary,2026-03-24,RELIANCE,NIFTYBEES,2026-03-24,long,1,1.4603248693054518,0.44193427931292006,0.44195804195804195,0,0,0,21,261,1295.6,1295.6,77,0.0,165.3123417888,-165.3123417888,zerodha_equity_intraday_nse_order_formula_v2_2026_07_14
P455_contiguous_cross_asset_etf_pressure_primary,2026-03-25,RELIANCE,NIFTYBEES,2026-03-25,long,1,1.4645251250158102,0.4433811802232855,0.4435590969455511,0,0,0,21,261,1297.6999999999998,1297.6999999999998,77,0.0,165.34623798959998,-165.34623798959998,zerodha_equity_intraday_nse_order_formula_v2_2026_07_14
P455_contiguous_cross_asset_etf_pressure_primary,2026-03-26,RELIANCE,NIFTYBEES,2026-03-26,long,1,1.461091428090067,0.4417123389127537,0.44173140954495005,0,0,0,21,261,1299.4,1299.4,76,0.0,165.10129234559997,-165.10129234559997,zerodha_equity_intraday_nse_order_formula_v2_2026_07_14
P455_contiguous_cross_asset_etf_pressure_primary,2026-03-27,RELIANCE,NIFTYBEES,2026-03-27,long,1,1.4552115610391745,0.43246650906225376,0.43211334120425027,0,0,0,21,261,1295.6999999999998,1295.6999999999998,77,0.0,165.3139558936,-165.3139558936,zerodha_equity_intraday_nse_order_formula_v2_2026_07_14
P455_contiguous_cross_asset_etf_pressure_primary,2026-03-30,RELIANCE,NIFTYBEES,2026-03-30,long,1,1.4802191192285394,0.4512620276112118,0.45141065830721006,0,0,0,21,261,1301.1,1301.1,76,0.0,165.1283757664,-165.1283757664,zerodha_equity_intraday_nse_order_formula_v2_2026_07_14
P455_contiguous_cross_asset_etf_pressure_primary,2026-03-31,RELIANCE,NIFTYBEES,2026-03-31,long,1,1.4658033631897867,0.44483423960708646,0.44415243101182655,0,0,0,21,261,1298.1999999999998,1298.1999999999998,77,0.0,165.3543085136,-165.3543085136,zerodha_equity_intraday_nse_order_formula_v2_2026_07_14
P455_contiguous_cross_asset_etf_pressure_primary,2026-04-01,RELIANCE,NIFTYBEES,2026-04-01,long,1,1.4867174593753771,0.4493932905067809,0.44919786096256686,0,0,0,21,261,1305.8,1305.8,76,0.0,165.2032534592,-165.2032534592,zerodha_equity_intraday_nse_order_formula_v2_2026_07_14
P455_contiguous_cross_asset_etf_pressure_primary,2026-04-02,RELIANCE,NIFTYBEES,2026-04-02,long,1,1.4713054902455553,0.44866042815023716,0.44764649375600385,0,0,0,21,261,1299.6,1299.6,76,0.0,165.10447863039997,-165.10447863039997,zerodha_equity_intraday_nse_order_formula_v2_2026_07_14
P455_contiguous_cross_asset_etf_pressure_primary,2026-04-03,RELIANCE,NIFTYBEES,2026-04-03,long,1,1.464395305284463,0.44010282776349613,0.43902439024390244,0,0,0,21,261,1295.0,1295.0,77,0.0,165.30265716000002,-165.30265716000002,zerodha_equity_intraday_nse_order_formula_v2_2026_07_14
P455_contiguous_cross_asset_etf_pressure_primary,2026-04-06,RELIANCE,NIFTYBEES,2026-04-06,long,1,1.4518924906096158,0.4328448102790604,0.4330827067669173,0,0,0,21,261,1291.1,1291.1,77,0.0,165.23970707279997,-165.23970707279997,zerodha_equity_intraday_nse_order_formula_v2_2026_07_14
P455_contiguous_cross_asset_etf_pressure_primary,2026-04-07,RELIANCE,NIFTYBEES,2026-04-07,long,1,1.4437646435973688,0.42978395061728397,0.4300578034682081,0,0,0,21,261,1291.3000000000002,1291.3000000000002,77,0.0,165.2429352824,-165.2429352824,zerodha_equity_intraday_nse_order_formula_v2_2026_07_14
P455_contiguous_cross_asset_etf_pressure_primary,2026-04-08,RELIANCE,NIFTYBEES,2026-04-08,long,1,1.4603788805287463,0.4403354117394109,0.44122383252818037,0,0,0,21,261,1297.8000000000002,1297.8000000000002,77,0.0,165.3478520944,-165.3478520944,zerodha_equity_intraday_nse_order_formula_v2_2026_07_14
P455_contiguous_cross_asset_etf_pressure_primary,2026-04-09,RELIANCE,NIFTYBEES,2026-04-09,long,1,1.4641292180765304,0.46684951108991174,0.46648793565683644,0,0,0,21,261,1310.6,1310.6,76,0.0,165.2797242944,-165.2797242944,zerodha_equity_intraday_nse_order_formula_v2_2026_07_14
P455_contiguous_cross_asset_etf_pressure_primary,2026-04-10,RELIANCE,NIFTYBEES,2026-04-10,long,1,1.4803219347628969,0.4556725769897347,0.45554445554445555,0,0,0,21,261,1303.0,1303.0,76,0.0,165.158645472,-165.158645472,zerodha_equity_intraday_nse_order_formula_v2_2026_07_14
P455_contiguous_cross_asset_etf_pressure_primary,2026-04-13,RELIANCE,NIFTYBEES,2026-04-13,long,1,1.46929764782778,0.44559132260321904,0.4456094364351245,0,0,0,21,261,1301.5,1301.5,76,0.0,165.13474833600003,-165.13474833600003,zerodha_equity_intraday_nse_order_formula_v2_2026_07_14
P455_contiguous_cross_asset_etf_pressure_primary,2026-04-14,RELIANCE,NIFTYBEES,2026-04-14,long,1,1.458736194989681,0.44089397857406726,0.43983402489626555,0,0,0,21,261,1299.4,1299.4,76,0.0,165.10129234559997,-165.10129234559997,zerodha_equity_intraday_nse_order_formula_v2_2026_07_14
P455_contiguous_cross_asset_etf_pressure_primary,2026-04-15,RELIANCE,NIFTYBEES,2026-04-15,long,1,1.458173640237108,0.4399247991796274,0.44046094750320103,0,0,0,21,261,1295.4,1295.4,77,0.0,165.3091135792,-165.3091135792,zerodha_equity_intraday_nse_order_formula_v2_2026_07_14
P455_contiguous_cross_asset_etf_pressure_primary,2026-04-16,RELIANCE,NIFTYBEES,2026-04-16,long,1,1.5126198344641344,0.47344084808841774,0.47337278106508873,0,0,0,21,261,1312.1,1312.1,76,0.0,165.3036214304,-165.3036214304,zerodha_equity_intraday_nse_order_formula_v2_2026_07_14
P455_contiguous_cross_asset_etf_pressure_primary,2026-04-17,RELIANCE,NIFTYBEES,2026-04-17,long,1,1.4619235064948028,0.4439260123312781,0.4444444444444444,0,0,0,21,261,1296.6999999999998,1296.6999999999998,77,0.0,165.3300969416,-165.3300969416,zerodha_equity_intraday_nse_order_formula_v2_2026_07_14
P455_contiguous_cross_asset_etf_pressure_primary,2026-04-20,RELIANCE,NIFTYBEES,2026-04-20,long,1,1.4663867948540146,0.44630494284334243,0.44632086851628466,0,0,0,21,261,1319.9,1319.9,75,0.0,165.15120382,-165.15120382,zerodha_equity_intraday_nse_order_formula_v2_2026_07_14
P455_contiguous_cross_asset_etf_pressure_primary,2026-04-21,RELIANCE,NIFTYBEES,2026-04-21,long,1,1.4638705213145016,0.4434105582985188,0.4438122332859175,0,0,0,21,261,1300.6,1300.6,76,0.0,165.1204100544,-165.1204100544,zerodha_equity_intraday_nse_order_formula_v2_2026_07_14
P455_contiguous_cross_asset_etf_pressure_primary,2026-04-22,RELIANCE,NIFTYBEES,2026-04-22,long,1,1.4754564150852143,0.45082909210310296,0.45018450184501846,0,0,0,21,261,1300.0,1300.0,76,0.0,165.11085119999998,-165.11085119999998,zerodha_equity_intraday_nse_order_formula_v2_2026_07_14
P455_contiguous_cross_asset_etf_pressure_primary,2026-04-23,RELIANCE,NIFTYBEES,2026-04-23,long,1,1.4240366910414688,0.41621182208802693,0.41601392515230634,0,0,0,21,261,1279.6,1279.6,78,0.0,165.32231989119998,-165.32231989119998,zerodha_equity_intraday_nse_order_formula_v2_2026_07_14
P455_contiguous_cross_asset_etf_pressure_primary,2026-04-24,RELIANCE,NIFTYBEES,2026-04-24,long,1,1.470267295374171,0.44696132596685084,0.44689655172413795,0,0,0,21,261,1301.3000000000002,1301.3000000000002,76,0.0,165.13156205120004,-165.13156205120004,zerodha_equity_intraday_nse_order_formula_v2_2026_07_14
P455_contiguous_cross_asset_etf_pressure_primary,2026-04-27,RELIANCE,NIFTYBEES,2026-04-27,long,1,1.4672620724620344,0.43735519515237925,0.4379172229639519,0,0,0,21,261,1296.6,1296.6,77,0.0,165.32848283680002,-165.32848283680002,zerodha_equity_intraday_nse_order_formula_v2_2026_07_14
P455_contiguous_cross_asset_etf_pressure_primary,2026-04-28,RELIANCE,NIFTYBEES,2026-04-28,long,1,1.466407648409872,0.4577076310144039,0.4569460390355913,0,0,0,21,261,1304.8000000000002,1304.8000000000002,76,0.0,165.18732203519997,-165.18732203519997,zerodha_equity_intraday_nse_order_formula_v2_2026_07_14
P455_contiguous_cross_asset_etf_pressure_primary,2026-04-29,RELIANCE,NIFTYBEES,2026-04-29,long,1,1.4730422920127635,0.44615612501851576,0.44617092119866814,0,0,0,21,261,1307.4,1307.4,76,0.0,165.2287437376,-165.2287437376,zerodha_equity_intraday_nse_order_formula_v2_2026_07_14
P455_contiguous_cross_asset_etf_pressure_primary,2026-04-30,RELIANCE,NIFTYBEES,2026-04-30,long,1,1.4682610374642988,0.44943498784151054,0.45016077170418006,0,0,0,21,261,1305.1999999999998,1305.1999999999998,76,0.0,165.1936946048,-165.1936946048,zerodha_equity_intraday_nse_order_formula_v2_2026_07_14
P455_contiguous_cross_asset_etf_pressure_primary,2026-05-01,RELIANCE,NIFTYBEES,2026-05-01,long,1,1.4728927101953395,0.44874600235650564,0.4489281210592686,0,0,0,21,261,1299.1,1299.1,76,0.0,165.0965129184,-165.0965129184,zerodha_equity_intraday_nse_order_formula_v2_2026_07_14
P455_contiguous_cross_asset_etf_pressure_primary,2026-05-04,RELIANCE,NIFTYBEES,2026-05-04,long,1,1.4728780002440782,0.4487006412419845,0.4475347661188369,0,0,0,21,261,1302.3000000000002,1302.3000000000002,76,0.0,165.1474934752,-165.1474934752,zerodha_equity_intraday_nse_order_formula_v2_2026_07_14
P455_contiguous_cross_asset_etf_pressure_primary,2026-05-05,RELIANCE,NIFTYBEES,2026-05-05,long,1,1.4471075334109607,0.43532008830022073,0.43439911797133407,0,0,0,21,261,1294.1,1294.1,77,0.0,165.28813021680003,-165.28813021680003,zerodha_equity_intraday_nse_order_formula_v2_2026_07_14
P455_contiguous_cross_asset_etf_pressure_primary,2026-05-06,RELIANCE,NIFTYBEES,2026-05-06,long,1,1.483727254026159,0.4557515217730607,0.45614035087719296,0,0,0,21,261,1305.6999999999998,1305.6999999999998,76,0.0,165.2016603168,-165.2016603168,zerodha_equity_intraday_nse_order_formula_v2_2026_07_14
P455_contiguous_cross_asset_etf_pressure_primary,2026-05-07,RELIANCE,NIFTYBEES,2026-05-07,long,1,1.426456735276543,0.42720061412487204,0.42569511025886864,0,0,0,21,261,1292.5,1292.5,77,0.0,165.26230454,-165.26230454,zerodha_equity_intraday_nse_order_formula_v2_2026_07_14
P455_contiguous_cross_asset_etf_pressure_primary,2026-05-08,RELIANCE,NIFTYBEES,2026-05-08,long,1,1.445890745728119,0.4305469235550031,0.4307334109429569,0,0,0,21,261,1295.2,1295.2,77,0.0,165.3058853696,-165.3058853696,zerodha_equity_intraday_nse_order_formula_v2_2026_07_14
P455_contiguous_cross_asset_etf_pressure_primary,2026-05-11,RELIANCE,NIFTYBEES,2026-05-11,long,1,1.4455677675060497,0.44452841596130593,0.44394110985277463,0,0,0,21,261,1289.9,1289.9,77,0.0,165.2203378152,-165.2203378152,zerodha_equity_intraday_nse_order_formula_v2_2026_07_14
P455_contiguous_cross_asset_etf_pressure_primary,2026-05-12,RELIANCE,NIFTYBEES,2026-05-12,long,1,1.4705413802136982,0.44791006966434455,0.4483985765124555,0,0,0,21,261,1311.3000000000002,1311.3000000000002,76,0.0,165.2908762912,-165.2908762912,zerodha_equity_intraday_nse_order_formula_v2_2026_07_14
P455_contiguous_cross_asset_etf_pressure_primary,2026-05-13,RELIANCE,NIFTYBEES,2026-05-13,long,1,1.444897142794948,0.432833605462372,0.43159065628476084,0,0,0,21,261,1313.9,1313.9,76,0.0,165.3322979936,-165.3322979936,zerodha_equity_intraday_nse_order_formula_v2_2026_07_14
P455_contiguous_cross_asset_etf_pressure_primary,2026-05-14,RELIANCE,NIFTYBEES,2026-05-14,long,1,1.4960059372308585,0.46313963573287076,0.4623955431754875,0,0,0,21,261,1308.4,1308.4,76,0.0,165.2446751616,-165.2446751616,zerodha_equity_intraday_nse_order_formula_v2_2026_07_14
P455_contiguous_cross_asset_etf_pressure_primary,2026-05-15,RELIANCE,NIFTYBEES,2026-05-15,long,1,1.4559813833564297,0.43735519515237925,0.4379172229639519,0,0,0,21,261,1295.9,1295.9,77,0.0,165.31718410320002,-165.31718410320002,zerodha_equity_intraday_nse_order_formula_v2_2026_07_14
P455_contiguous_cross_asset_etf_pressure_primary,2026-05-18,RELIANCE,NIFTYBEES,2026-05-18,long,1,1.450425669102307,0.432833605462372,0.43159065628476084,0,0,0,21,261,1300.9,1300.9,76,0.0,165.12518948160002,-165.12518948160002,zerodha_equity_intraday_nse_order_formula_v2_2026_07_14
P455_contiguous_cross_asset_etf_pressure_primary,2026-05-19,RELIANCE,NIFTYBEES,2026-05-19,long,1,1.4665821031260438,0.44665864971654357,0.4453024453024453,0,0,0,21,261,1302.3000000000002,1302.3000000000002,76,0.0,165.1474934752,-165.1474934752,zerodha_equity_intraday_nse_order_formula_v2_2026_07_14
P455_contiguous_cross_asset_etf_pressure_primary,2026-05-20,RELIANCE,NIFTYBEES,2026-05-20,long,1,1.467728957484521,0.4438731790916881,0.4441591784338896,0,0,0,21,261,1301.5,1301.5,76,0.0,165.13474833600003,-165.13474833600003,zerodha_equity_intraday_nse_order_formula_v2_2026_07_14
P455_contiguous_cross_asset_etf_pressure_primary,2026-05-21,RELIANCE,NIFTYBEES,2026-05-21,long,1,1.4731625232538477,0.4506172839506173,0.44914134742404227,0,0,0,21,261,1303.1999999999998,1303.1999999999998,76,0.0,165.16183175679998,-165.16183175679998,zerodha_equity_intraday_nse_order_formula_v2_2026_07_14
P455_contiguous_cross_asset_etf_pressure_primary,2026-05-22,RELIANCE,NIFTYBEES,2026-05-22,long,1,1.4808359819369985,0.4503114382785957,0.4496288441145281,0,0,0,21,261,1301.1,1301.1,76,0.0,165.1283757664,-165.1283757664,zerodha_equity_intraday_nse_order_formula_v2_2026_07_14
P455_contiguous_cross_asset_etf_pressure_primary,2026-05-25,RELIANCE,NIFTYBEES,2026-05-25,long,1,1.4531861191783246,0.44210872064378387,0.4403444034440344,0,0,0,21,261,1293.9,1293.9,77,0.0,165.28490200720003,-165.28490200720003,zerodha_equity_intraday_nse_order_formula_v2_2026_07_14
P455_contiguous_cross_asset_etf_pressure_primary,2026-05-26,RELIANCE,NIFTYBEES,2026-05-26,long,1,1.4664161883715583,0.4432201883774658,0.4420772303595206,0,0,0,21,261,1300.1999999999998,1300.1999999999998,76,0.0,165.11403748479998,-165.11403748479998,zerodha_equity_intraday_nse_order_formula_v2_2026_07_14
P455_contiguous_cross_asset_etf_pressure_primary,2026-05-27,RELIANCE,NIFTYBEES,2026-05-27,long,1,1.4657592983192897,0.4519641018096219,0.4520396912899669,0,0,0,21,261,1269.6,1269.6,78,0.0,165.15881317120002,-165.15881317120002,zerodha_equity_intraday_nse_order_formula_v2_2026_07_14
P455_contiguous_cross_asset_etf_pressure_primary,2026-05-28,RELIANCE,NIFTYBEES,2026-05-28,long,1,1.4555779756497111,0.4379454926624738,0.4364207221350079,0,0,0,21,261,1299.1,1299.1,76,0.0,165.0965129184,-165.0965129184,zerodha_equity_intraday_nse_order_formula_v2_2026_07_14
P455_contiguous_cross_asset_etf_pressure_primary,2026-05-29,RELIANCE,NIFTYBEES,2026-05-29,long,1,1.4680969954412508,0.4457162093923582,0.44388398486759145,0,0,0,21,261,1297.9,1297.9,77,0.0,165.34946619919998,-165.34946619919998,zerodha_equity_intraday_nse_order_formula_v2_2026_07_14
P455_contiguous_cross_asset_etf_pressure_primary,2026-06-01,RELIANCE,NIFTYBEES,2026-06-01,long,1,1.4654855713584387,0.44560260586319217,0.44552845528455287,0,0,0,21,261,1299.9,1299.9,76,0.0,165.10925805760002,-165.10925805760002,zerodha_equity_intraday_nse_order_formula_v2_2026_07_14
P455_contiguous_cross_asset_etf_pressure_primary,2026-06-02,RELIANCE,NIFTYBEES,2026-06-02,long,1,1.4477645332927223,0.4348322626695218,0.43422459893048126,0,0,0,21,261,1262.1999999999998,1262.1999999999998,79,0.0,165.30240561120002,-165.30240561120002,zerodha_equity_intraday_nse_order_formula_v2_2026_07_14
P455_contiguous_cross_asset_etf_pressure_primary,2026-06-03,RELIANCE,NIFTYBEES,2026-06-03,long,1,1.4648233355300997,0.4419692998876825,0.44039270687237025,0,0,0,21,261,1297.5,1297.5,77,0.0,165.34300978000002,-165.34300978000002,zerodha_equity_intraday_nse_order_formula_v2_2026_07_14
P455_contiguous_cross_asset_etf_pressure_primary,2026-06-04,RELIANCE,NIFTYBEES,2026-06-04,long,1,1.4644757527341228,0.4442486382569689,0.44417767106842737,0,0,0,21,261,1299.9,1299.9,76,0.0,165.10925805760002,-165.10925805760002,zerodha_equity_intraday_nse_order_formula_v2_2026_07_14
P455_contiguous_cross_asset_etf_pressure_primary,2026-06-05,RELIANCE,NIFTYBEES,2026-06-05,long,1,1.4774478219205989,0.4545598480050665,0.4531435349940688,0,0,0,21,261,1301.1,1301.1,76,0.0,165.1283757664,-165.1283757664,zerodha_equity_intraday_nse_order_formula_v2_2026_07_14
P455_contiguous_cross_asset_etf_pressure_primary,2026-06-08,RELIANCE,NIFTYBEES,2026-06-08,long,1,1.461785248390525,0.44268177525967894,0.44130127298444133,0,0,0,21,261,1297.4,1297.4,77,0.0,165.34139567520003,-165.34139567520003,zerodha_equity_intraday_nse_order_formula_v2_2026_07_14
P455_contiguous_cross_asset_etf_pressure_primary,2026-06-09,RELIANCE,NIFTYBEES,2026-06-09,long,1,1.472942297770702,0.4487156457697144,0.44952893674293404,0,0,0,21,261,1300.0,1300.0,76,0.0,165.11085119999998,-165.11085119999998,zerodha_equity_intraday_nse_order_formula_v2_2026_07_14
P455_contiguous_cross_asset_etf_pressure_primary,2026-06-10,RELIANCE,NIFTYBEES,2026-06-10,long,1,1.4363942538036838,0.4270984606447865,0.426550598476605,0,0,0,21,261,1292.4,1292.4,77,0.0,165.26069043520002,-165.26069043520002,zerodha_equity_intraday_nse_order_formula_v2_2026_07_14
P455_contiguous_cross_asset_etf_pressure_primary,2026-06-11,RELIANCE,NIFTYBEES,2026-06-11,long,1,1.4674329155519956,0.44620963564151267,0.445019404915912,0,0,0,21,261,1302.3000000000002,1302.3000000000002,76,0.0,165.1474934752,-165.1474934752,zerodha_equity_intraday_nse_order_formula_v2_2026_07_14
P455_contiguous_cross_asset_etf_pressure_primary,2026-06-12,RELIANCE,NIFTYBEES,2026-06-12,long,1,1.392366374975261,0.3901867051501759,0.39080459770114945,0,0,0,21,261,1279.8,1279.8,78,0.0,165.3255900256,-165.3255900256,zerodha_equity_intraday_nse_order_formula_v2_2026_07_14
P455_contiguous_cross_asset_etf_pressure_primary,2026-06-15,RELIANCE,NIFTYBEES,2026-06-15,long,1,1.453683742004705,0.433113193057902,0.4326812428078251,0,0,0,21,261,1296.1999999999998,1296.1999999999998,77,0.0,165.3220264176,-165.3220264176,zerodha_equity_intraday_nse_order_formula_v2_2026_07_14
P455_contiguous_cross_asset_etf_pressure_primary,2026-06-16,RELIANCE,NIFTYBEES,2026-06-16,long,1,1.4643529538964466,0.4382745098039216,0.4371327849588719,0,0,0,21,261,1293.6,1293.6,77,0.0,165.2800596928,-165.2800596928,zerodha_equity_intraday_nse_order_formula_v2_2026_07_14
P455_contiguous_cross_asset_etf_pressure_primary,2026-06-17,RELIANCE,NIFTYBEES,2026-06-17,long,1,1.4601898071376733,0.43995726495726495,0.4384,0,0,0,21,261,1298.6999999999998,1298.6999999999998,77,0.0,165.3623790376,-165.3623790376,zerodha_equity_intraday_nse_order_formula_v2_2026_07_14
P455_contiguous_cross_asset_etf_pressure_primary,2026-06-18,RELIANCE,NIFTYBEES,2026-06-18,long,1,1.479756511876598,0.45458853261728005,0.4544378698224852,0,0,0,21,261,1301.1,1301.1,76,0.0,165.1283757664,-165.1283757664,zerodha_equity_intraday_nse_order_formula_v2_2026_07_14
P455_contiguous_cross_asset_etf_pressure_primary,2026-06-19,RELIANCE,NIFTYBEES,2026-06-19,long,1,1.4665669470251652,0.44754555902150717,0.44772447724477243,0,0,0,21,261,1300.3000000000002,1300.3000000000002,76,0.0,165.1156306272,-165.1156306272,zerodha_equity_intraday_nse_order_formula_v2_2026_07_14
P455_contiguous_cross_asset_etf_pressure_primary,2026-06-22,RELIANCE,NIFTYBEES,2026-06-22,long,1,1.4220032003985552,0.42008225783576797,0.41870350690754515,0,0,0,21,261,1291.5,1291.5,77,0.0,165.24616349200002,-165.24616349200002,zerodha_equity_intraday_nse_order_formula_v2_2026_07_14
P455_contiguous_cross_asset_etf_pressure_primary,2026-06-23,RELIANCE,NIFTYBEES,2026-06-23,long,1,1.5020766332726274,0.4636464633995803,0.46253469010175763,0,0,0,21,261,1308.1999999999998,1308.1999999999998,76,0.0,165.2414888768,-165.2414888768,zerodha_equity_intraday_nse_order_formula_v2_2026_07_14
P455_contiguous_cross_asset_etf_pressure_primary,2026-06-24,RELIANCE,NIFTYBEES,2026-06-24,long,1,1.465795473152075,0.4458620110794024,0.44528301886792454,0,0,0,21,261,1302.1999999999998,1302.1999999999998,76,0.0,165.14590033279998,-165.14590033279998,zerodha_equity_intraday_nse_order_formula_v2_2026_07_14
P455_contiguous_cross_asset_etf_pressure_primary,2026-06-25,RELIANCE,NIFTYBEES,2026-06-25,long,1,1.4566194748168948,0.44027688345138444,0.4390832328106152,0,0,0,21,261,1323.2,1323.2,75,0.0,165.20308576,-165.20308576,zerodha_equity_intraday_nse_order_formula_v2_2026_07_14
P455_contiguous_cross_asset_etf_pressure_primary,2026-06-26,RELIANCE,NIFTYBEES,2026-06-26,long,1,1.4361365817474598,0.42313810556760667,0.4225352112676056,0,0,0,21,261,1290.3000000000002,1290.3000000000002,77,0.0,165.2267942344,-165.2267942344,zerodha_equity_intraday_nse_order_formula_v2_2026_07_14
P455_contiguous_cross_asset_etf_pressure_primary,2026-06-29,RELIANCE,NIFTYBEES,2026-06-29,long,1,1.4743911553476845,0.44869857262804363,0.4477987421383648,0,0,0,21,261,1302.1,1302.1,76,0.0,165.1443071904,-165.1443071904,zerodha_equity_intraday_nse_order_formula_v2_2026_07_14
P455_contiguous_cross_asset_etf_pressure_primary,2026-06-30,RELIANCE,NIFTYBEES,2026-06-30,long,1,1.5266211378948167,0.4849977200182399,0.4839371155160629,0,0,0,21,261,1315.0,1315.0,76,0.0,165.34982255999998,-165.34982255999998,zerodha_equity_intraday_nse_order_formula_v2_2026_07_14
P455_contiguous_cross_asset_etf_pressure_source_time_shift,2026-01-01,AXISBANK,BANKBEES,2026-01-02,long,1,0.6678513226895436,0.016579259008627983,0.017743979721166033,1,0,0,21,261,1316.6,1316.6,75,0.0,165.09932188000002,-165.09932188000002,zerodha_equity_intraday_nse_order_formula_v2_2026_07_14
P455_contiguous_cross_asset_etf_pressure_source_time_shift,2026-01-02,AXISBANK,BANKBEES,2026-01-05,long,1,0.6635437484251567,0.015829218704618064,0.015233949945593036,1,0,0,21,261,1317.5,1317.5,75,0.0,165.1134715,-165.1134715,zerodha_equity_intraday_nse_order_formula_v2_2026_07_14
P455_contiguous_cross_asset_etf_pressure_source_time_shift,2026-01-05,AXISBANK,BANKBEES,2026-01-06,long,1,0.6624060172178917,0.01300041271151465,0.012364760432766615,1,0,0,21,261,1317.0,1317.0,75,0.0,165.10561060000003,-165.10561060000003,zerodha_equity_intraday_nse_order_formula_v2_2026_07_14
P455_contiguous_cross_asset_etf_pressure_source_time_shift,2026-01-06,AXISBANK,BANKBEES,2026-01-07,long,1,0.6304837242406061,0.019604182225541448,0.019580419580419582,1,0,0,21,261,1319.5,1319.5,75,0.0,165.1449151,-165.1449151,zerodha_equity_intraday_nse_order_formula_v2_2026_07_14
P455_contiguous_cross_asset_etf_pressure_source_time_shift,2026-01-07,AXISBANK,BANKBEES,2026-01-08,long,1,0.6550693533557329,0.00492091388400703,0.0052677787532923615,1,0,0,21,261,1303.1,1303.1,76,0.0,165.16023861440001,-165.16023861440001,zerodha_equity_intraday_nse_order_formula_v2_2026_07_14
P455_contiguous_cross_asset_etf_pressure_source_time_shift,2026-01-08,AXISBANK,BANKBEES,2026-01-09,long,1,0.6618534719967204,0.01606903734563309,0.01560758082497213,1,0,0,21,261,1283.1999999999998,1283.1999999999998,77,0.0,165.1121927936,-165.1121927936,zerodha_equity_intraday_nse_order_formula_v2_2026_07_14
P455_contiguous_cross_asset_etf_pressure_source_time_shift,2026-01-09,AXISBANK,BANKBEES,2026-01-12,long,1,0.6543014496742792,0.019100538287897203,0.018205461638491547,1,0,0,21,261,1321.5,1321.5,75,0.0,165.1763587,-165.1763587,zerodha_equity_intraday_nse_order_formula_v2_2026_07_14
P455_contiguous_cross_asset_etf_pressure_source_time_shift,2026-01-12,AXISBANK,BANKBEES,2026-01-13,long,1,0.6644473472561109,0.03585320480297649,0.035487959442332066,1,0,0,21,261,1326.9,1326.9,75,0.0,165.26125642,-165.26125642,zerodha_equity_intraday_nse_order_formula_v2_2026_07_14
P455_contiguous_cross_asset_etf_pressure_source_time_shift,2026-01-13,AXISBANK,BANKBEES,2026-01-14,long,1,0.6759853605457139,0.019762183888795845,0.020075282308657464,1,0,0,21,261,1317.4,1317.4,75,0.0,165.11189932,-165.11189932,zerodha_equity_intraday_nse_order_formula_v2_2026_07_14
P455_contiguous_cross_asset_etf_pressure_source_time_shift,2026-01-14,AXISBANK,BANKBEES,2026-01-15,long,1,0.6820731429228936,0.03444426726199968,0.03345280764635603,1,0,0,21,261,1323.9,1323.9,75,0.0,165.21409101999998,-165.21409101999998,zerodha_equity_intraday_nse_order_formula_v2_2026_07_14
P455_contiguous_cross_asset_etf_pressure_source_time_shift,2026-01-15,AXISBANK,BANKBEES,2026-01-16,long,1,0.6676895481084903,0.04101979774960832,0.04055496264674493,1,0,0,21,261,1346.5,1346.5,74,0.0,165.287144984,-165.287144984,zerodha_equity_intraday_nse_order_formula_v2_2026_07_14
P455_contiguous_cross_asset_etf_pressure_source_time_shift,2026-01-16,AXISBANK,BANKBEES,2026-01-19,long,1,0.6679559980184314,0.01812004530011325,0.01696969696969697,1,0,0,21,261,1344.3000000000002,1344.3000000000002,74,0.0,165.2530181968,-165.2530181968,zerodha_equity_intraday_nse_order_formula_v2_2026_07_14
P455_contiguous_cross_asset_etf_pressure_source_time_shift,2026-01-19,AXISBANK,BANKBEES,2026-01-20,long,1,0.6810037498378323,0.021196732170457054,0.019834710743801654,1,0,0,21,261,1317.4,1317.4,75,0.0,165.11189932,-165.11189932,zerodha_equity_intraday_nse_order_formula_v2_2026_07_14
P455_contiguous_cross_asset_etf_pressure_source_time_shift,2026-01-20,AXISBANK,BANKBEES,2026-01-21,long,1,0.6758877266050091,0.03213042101930991,0.03084223013048636,1,0,0,21,261,1325.9,1325.9,75,0.0,165.24553462,-165.24553462,zerodha_equity_intraday_nse_order_formula_v2_2026_07_14
P455_contiguous_cross_asset_etf_pressure_source_time_shift,2026-01-21,AXISBANK,BANKBEES,2026-01-22,long,1,0.6625928993142564,0.020382842963488124,0.01859229747675963,1,0,0,21,261,1319.1,1319.1,75,0.0,165.13862637999998,-165.13862637999998,zerodha_equity_intraday_nse_order_formula_v2_2026_07_14
P455_contiguous_cross_asset_etf_pressure_source_time_shift,2026-01-22,AXISBANK,BANKBEES,2026-01-23,long,1,0.6565459659056732,0.015701377573692787,0.01553829078801332,1,0,0,21,261,1300.1999999999998,1300.1999999999998,76,0.0,165.11403748479998,-165.11403748479998,zerodha_equity_intraday_nse_order_formula_v2_2026_07_14
P455_contiguous_cross_asset_etf_pressure_source_time_shift,2026-01-23,AXISBANK,BANKBEES,2026-01-26,long,1,0.6783447659563578,0.024881003894418,0.02593192868719611,1,0,0,21,261,1320.9,1320.9,75,0.0,165.16692562,-165.16692562,zerodha_equity_intraday_nse_order_formula_v2_2026_07_14
P455_contiguous_cross_asset_etf_pressure_source_time_shift,2026-01-26,AXISBANK,BANKBEES,2026-01-27,long,1,0.6677976135799871,0.02153478037942232,0.020486555697823303,1,0,0,21,261,1321.8000000000002,1321.8000000000002,75,0.0,165.18107523999998,-165.18107523999998,zerodha_equity_intraday_nse_order_formula_v2_2026_07_14
P455_contiguous_cross_asset_etf_pressure_source_time_shift,2026-01-27,AXISBANK,BANKBEES,2026-01-28,long,1,0.6584707705203381,0.026744825059534714,0.027434842249657063,1,0,0,21,261,1333.1,1333.1,75,0.0,165.35873158,-165.35873158,zerodha_equity_intraday_nse_order_formula_v2_2026_07_14
P455_contiguous_cross_asset_etf_pressure_source_time_shift,2026-01-28,AXISBANK,BANKBEES,2026-01-29,long,1,0.6803683487430842,0.011347517730496455,0.011806375442739079,1,0,0,21,261,1317.9,1317.9,75,0.0,165.11976022000002,-165.11976022000002,zerodha_equity_intraday_nse_order_formula_v2_2026_07_14
P455_contiguous_cross_asset_etf_pressure_source_time_shift,2026-01-29,AXISBANK,BANKBEES,2026-01-30,long,1,0.677486438391524,0.030136500620457366,0.029216467463479414,1,0,0,21,261,1322.1999999999998,1322.1999999999998,75,0.0,165.18736396,-165.18736396,zerodha_equity_intraday_nse_order_formula_v2_2026_07_14
P455_contiguous_cross_asset_etf_pressure_source_time_shift,2026-01-30,AXISBANK,BANKBEES,2026-02-02,long,1,0.6976794997728738,0.02378870036732552,0.023591087811271297,1,0,0,21,261,1321.8000000000002,1321.8000000000002,75,0.0,165.18107523999998,-165.18107523999998,zerodha_equity_intraday_nse_order_formula_v2_2026_07_14
P455_contiguous_cross_asset_etf_pressure_source_time_shift,2026-02-02,AXISBANK,BANKBEES,2026-02-03,long,1,0.6694861335060616,0.013764510779436153,0.012422360248447204,1,0,0,21,261,1328.0,1328.0,75,0.0,165.27855040000003,-165.27855040000003,zerodha_equity_intraday_nse_order_formula_v2_2026_07_14
P455_contiguous_cross_asset_etf_pressure_source_time_shift,2026-02-03,AXISBANK,BANKBEES,2026-02-04,long,1,0.6446916528746012,0.01670601053205012,0.0163265306122449,1,0,0,21,261,1322.0,1322.0,75,0.0,165.18421960000003,-165.18421960000003,zerodha_equity_intraday_nse_order_formula_v2_2026_07_14
P455_contiguous_cross_asset_etf_pressure_source_time_shift,2026-02-04,AXISBANK,BANKBEES,2026-02-05,long,1,0.6451644434403055,0.0008939974457215837,0.0,1,0,0,21,261,1313.1999999999998,1313.1999999999998,76,0.0,165.32114599679997,-165.32114599679997,zerodha_equity_intraday_nse_order_formula_v2_2026_07_14
P455_contiguous_cross_asset_etf_pressure_source_time_shift,2026-02-05,AXISBANK,BANKBEES,2026-02-06,long,1,0.6399929101851942,0.013522112631244034,0.014302741358760428,1,0,0,21,261,1316.0,1316.0,75,0.0,165.0898888,-165.0898888,zerodha_equity_intraday_nse_order_formula_v2_2026_07_14
P455_contiguous_cross_asset_etf_pressure_source_time_shift,2026-02-06,AXISBANK,BANKBEES,2026-02-09,long,1,0.65350663928779,0.007057716436637391,0.007050528789659225,1,0,0,21,261,1316.4,1316.4,75,0.0,165.09617752,-165.09617752,zerodha_equity_intraday_nse_order_formula_v2_2026_07_14
P455_contiguous_cross_asset_etf_pressure_source_time_shift,2026-02-09,AXISBANK,BANKBEES,2026-02-10,long,1,0.6879493817201586,0.0223666314039595,0.022650056625141562,1,0,0,21,261,1321.1999999999998,1321.1999999999998,75,0.0,165.17164215999998,-165.17164215999998,zerodha_equity_intraday_nse_order_formula_v2_2026_07_14
P455_contiguous_cross_asset_etf_pressure_source_time_shift,2026-02-10,AXISBANK,BANKBEES,2026-02-11,long,1,0.6703008038060275,0.03789050417568821,0.03707995365005794,1,0,0,21,261,1327.6999999999998,1327.6999999999998,75,0.0,165.27383386,-165.27383386,zerodha_equity_intraday_nse_order_formula_v2_2026_07_14
P455_contiguous_cross_asset_etf_pressure_source_time_shift,2026-02-11,AXISBANK,BANKBEES,2026-02-12,long,1,0.6653629082291314,0.016579259008627983,0.017743979721166033,1,0,0,21,261,1319.5,1319.5,75,0.0,165.1449151,-165.1449151,zerodha_equity_intraday_nse_order_formula_v2_2026_07_14
P455_contiguous_cross_asset_etf_pressure_source_time_shift,2026-02-12,AXISBANK,BANKBEES,2026-02-13,long,1,0.6618288637901513,0.02228596646072374,0.019834710743801654,1,0,0,21,261,1322.5,1322.5,75,0.0,165.1920805,-165.1920805,zerodha_equity_intraday_nse_order_formula_v2_2026_07_14
P455_contiguous_cross_asset_etf_pressure_source_time_shift,2026-02-13,AXISBANK,BANKBEES,2026-02-16,long,1,0.6510776817536714,0.013465346534653465,0.013847675568743818,1,0,0,21,261,1317.5,1317.5,75,0.0,165.1134715,-165.1134715,zerodha_equity_intraday_nse_order_formula_v2_2026_07_14
P455_contiguous_cross_asset_etf_pressure_source_time_shift,2026-02-16,AXISBANK,BANKBEES,2026-02-17,long,1,0.6576113089470272,0.010032965457933208,0.010741138560687433,1,0,0,21,261,1317.8000000000002,1317.8000000000002,75,0.0,165.11818804000004,-165.11818804000004,zerodha_equity_intraday_nse_order_formula_v2_2026_07_14
P455_contiguous_cross_asset_etf_pressure_source_time_shift,2026-02-17,AXISBANK,BANKBEES,2026-02-18,long,1,0.6624096058411428,0.015170088875268158,0.013777267508610792,1,0,0,21,261,1316.3000000000002,1316.3000000000002,75,0.0,165.09460534,-165.09460534,zerodha_equity_intraday_nse_order_formula_v2_2026_07_14
P455_contiguous_cross_asset_etf_pressure_source_time_shift,2026-02-18,AXISBANK,BANKBEES,2026-02-19,long,1,0.653080687519179,0.027564102564102563,0.0288,1,0,0,21,261,1319.4,1319.4,75,0.0,165.14334292,-165.14334292,zerodha_equity_intraday_nse_order_formula_v2_2026_07_14
P455_contiguous_cross_asset_etf_pressure_source_time_shift,2026-02-19,AXISBANK,BANKBEES,2026-02-20,long,1,0.6672507299892407,0.008214381901427417,0.008072653884964682,1,0,0,21,261,1314.3000000000002,1314.3000000000002,76,0.0,165.33867056320003,-165.33867056320003,zerodha_equity_intraday_nse_order_formula_v2_2026_07_14
P455_contiguous_cross_asset_etf_pressure_source_time_shift,2026-02-20,AXISBANK,BANKBEES,2026-02-23,long,1,0.6570895505630077,0.026764405046027957,0.02554278416347382,1,0,0,21,261,1320.9,1320.9,75,0.0,165.16692562,-165.16692562,zerodha_equity_intraday_nse_order_formula_v2_2026_07_14
P455_contiguous_cross_asset_etf_pressure_source_time_shift,2026-02-23,AXISBANK,BANKBEES,2026-02-24,long,1,0.6767354545734556,0.015401540154015401,0.014134275618374558,1,0,0,21,261,1319.5,1319.5,75,0.0,165.1449151,-165.1449151,zerodha_equity_intraday_nse_order_formula_v2_2026_07_14
P455_contiguous_cross_asset_etf_pressure_source_time_shift,2026-02-24,AXISBANK,BANKBEES,2026-02-25,long,1,0.6615529929506051,0.02596840510711967,0.02593192868719611,1,0,0,21,261,1320.3,1320.3,75,0.0,165.15749254,-165.15749254,zerodha_equity_intraday_nse_order_formula_v2_2026_07_14
P455_contiguous_cross_asset_etf_pressure_source_time_shift,2026-02-25,AXISBANK,BANKBEES,2026-02-26,long,1,0.6537358366148871,0.019198818534244048,0.019363762102351315,1,0,0,21,261,1318.1,1318.1,75,0.0,165.12290458,-165.12290458,zerodha_equity_intraday_nse_order_formula_v2_2026_07_14
P455_contiguous_cross_asset_etf_pressure_source_time_shift,2026-02-26,AXISBANK,BANKBEES,2026-02-27,long,1,0.6437531365820076,0.010858090785703513,0.011299435028248588,1,0,0,21,261,1316.1,1316.1,75,0.0,165.09146098000002,-165.09146098000002,zerodha_equity_intraday_nse_order_formula_v2_2026_07_14
P455_contiguous_cross_asset_etf_pressure_source_time_shift,2026-02-27,AXISBANK,BANKBEES,2026-03-02,long,1,0.6550722816113534,0.009854014598540146,0.010938924339106655,1,0,0,21,261,1315.2,1315.2,76,0.0,165.3530088448,-165.3530088448,zerodha_equity_intraday_nse_order_formula_v2_2026_07_14
P455_contiguous_cross_asset_etf_pressure_source_time_shift,2026-03-02,AXISBANK,BANKBEES,2026-03-03,long,1,0.684182628004488,0.013104013104013105,0.014723926380368098,1,0,0,21,261,1317.4,1317.4,75,0.0,165.11189932,-165.11189932,zerodha_equity_intraday_nse_order_formula_v2_2026_07_14
P455_contiguous_cross_asset_etf_pressure_source_time_shift,2026-03-03,AXISBANK,BANKBEES,2026-03-04,long,1,0.6809215482562176,0.044889779559118236,0.044044044044044044,1,0,0,21,261,1299.5,1299.5,76,0.0,165.102885488,-165.102885488,zerodha_equity_intraday_nse_order_formula_v2_2026_07_14
P455_contiguous_cross_asset_etf_pressure_source_time_shift,2026-03-04,AXISBANK,BANKBEES,2026-03-05,long,1,0.67172218610469,0.02948094715383409,0.03055229142185664,1,0,0,21,261,1339.1,1339.1,74,0.0,165.17235488160003,-165.17235488160003,zerodha_equity_intraday_nse_order_formula_v2_2026_07_14
P455_contiguous_cross_asset_etf_pressure_source_time_shift,2026-03-05,AXISBANK,BANKBEES,2026-03-06,long,1,0.662468003189687,0.020627344016365495,0.020434227330779056,1,0,0,21,261,1317.9,1317.9,75,0.0,165.11976022000002,-165.11976022000002,zerodha_equity_intraday_nse_order_formula_v2_2026_07_14
P455_contiguous_cross_asset_etf_pressure_source_time_shift,2026-03-06,AXISBANK,BANKBEES,2026-03-09,long,1,0.6792244126914951,0.023924164911224798,0.02480270574971815,1,0,0,21,261,1318.6,1318.6,75,0.0,165.13076547999998,-165.13076547999998,zerodha_equity_intraday_nse_order_formula_v2_2026_07_14
P455_contiguous_cross_asset_etf_pressure_source_time_shift,2026-03-09,AXISBANK,BANKBEES,2026-03-10,long,1,0.6687445887445888,0.03393939393939394,0.03372243839169909,1,0,0,21,261,1325.6999999999998,1325.6999999999998,75,0.0,165.24239026,-165.24239026,zerodha_equity_intraday_nse_order_formula_v2_2026_07_14
P455_contiguous_cross_asset_etf_pressure_source_time_shift,2026-03-10,AXISBANK,BANKBEES,2026-03-11,long,1,0.6689484836286367,0.020382842963488124,0.01859229747675963,1,0,0,21,261,1321.1999999999998,1321.1999999999998,75,0.0,165.17164215999998,-165.17164215999998,zerodha_equity_intraday_nse_order_formula_v2_2026_07_14
P455_contiguous_cross_asset_etf_pressure_source_time_shift,2026-03-11,AXISBANK,BANKBEES,2026-03-12,long,1,0.6648927834426642,0.02629176556509038,0.027359781121751026,1,0,0,21,261,1321.6,1321.6,75,0.0,165.17793088,-165.17793088,zerodha_equity_intraday_nse_order_formula_v2_2026_07_14
P455_contiguous_cross_asset_etf_pressure_source_time_shift,2026-03-12,AXISBANK,BANKBEES,2026-03-13,long,1,0.7001966147170421,0.015479387142631496,0.014201183431952662,1,0,0,21,261,1351.4,1351.4,73,0.0,165.07986877279998,-165.07986877279998,zerodha_equity_intraday_nse_order_formula_v2_2026_07_14
P455_contiguous_cross_asset_etf_pressure_source_time_shift,2026-03-13,AXISBANK,BANKBEES,2026-03-16,long,1,0.6782507282712892,0.0480164751788424,0.047116165718927704,1,0,0,21,261,1329.3,1329.3,75,0.0,165.29898874,-165.29898874,zerodha_equity_intraday_nse_order_formula_v2_2026_07_14
P455_contiguous_cross_asset_etf_pressure_source_time_shift,2026-03-16,AXISBANK,BANKBEES,2026-03-17,long,1,0.672342610318416,0.024967433782023447,0.026016260162601626,1,0,0,21,261,1322.6,1322.6,75,0.0,165.19365268,-165.19365268,zerodha_equity_intraday_nse_order_formula_v2_2026_07_14
P455_contiguous_cross_asset_etf_pressure_source_time_shift,2026-03-17,AXISBANK,BANKBEES,2026-03-18,long,1,0.6463649640384371,0.02272296913463359,0.02269503546099291,1,0,0,21,261,1321.9,1321.9,75,0.0,165.18264742000002,-165.18264742000002,zerodha_equity_intraday_nse_order_formula_v2_2026_07_14
P455_contiguous_cross_asset_etf_pressure_source_time_shift,2026-03-18,AXISBANK,BANKBEES,2026-03-19,long,1,0.6622530475191395,0.007993197278911564,0.007643312101910828,1,0,0,21,261,1316.0,1316.0,75,0.0,165.0898888,-165.0898888,zerodha_equity_intraday_nse_order_formula_v2_2026_07_14
P455_contiguous_cross_asset_etf_pressure_source_time_shift,2026-03-19,AXISBANK,BANKBEES,2026-03-20,long,1,0.6535098869609078,0.00706951691634405,0.007566204287515763,1,0,0,21,261,1313.6,1313.6,76,0.0,165.3275185664,-165.3275185664,zerodha_equity_intraday_nse_order_formula_v2_2026_07_14
P455_contiguous_cross_asset_etf_pressure_source_time_shift,2026-03-20,AXISBANK,BANKBEES,2026-03-23,long,1,0.6590058143482099,0.014294892386765179,0.01444043321299639,1,0,0,21,261,1315.9,1315.9,75,0.0,165.08831662,-165.08831662,zerodha_equity_intraday_nse_order_formula_v2_2026_07_14
P455_contiguous_cross_asset_etf_pressure_source_time_shift,2026-03-23,AXISBANK,BANKBEES,2026-03-24,long,1,0.6626954718094309,0.01957765068191817,0.019769357495881382,1,0,0,21,261,1317.4,1317.4,75,0.0,165.11189932,-165.11189932,zerodha_equity_intraday_nse_order_formula_v2_2026_07_14
P455_contiguous_cross_asset_etf_pressure_source_time_shift,2026-03-24,AXISBANK,BANKBEES,2026-03-25,long,1,0.6490505238684401,0.017076753580609623,0.016506189821182942,1,0,0,21,261,1317.4,1317.4,75,0.0,165.11189932,-165.11189932,zerodha_equity_intraday_nse_order_formula_v2_2026_07_14
P455_contiguous_cross_asset_etf_pressure_source_time_shift,2026-03-25,AXISBANK,BANKBEES,2026-03-26,long,1,0.6619004103301569,0.02621527777777778,0.02860858257477243,1,0,0,21,261,1321.6999999999998,1321.6999999999998,75,0.0,165.17950306,-165.17950306,zerodha_equity_intraday_nse_order_formula_v2_2026_07_14
P455_contiguous_cross_asset_etf_pressure_source_time_shift,2026-03-26,AXISBANK,BANKBEES,2026-03-27,long,1,0.6638696200741099,0.010674695497468181,0.012307692307692308,1,0,0,21,261,1314.5,1314.5,76,0.0,165.34185684800002,-165.34185684800002,zerodha_equity_intraday_nse_order_formula_v2_2026_07_14
P455_contiguous_cross_asset_etf_pressure_source_time_shift,2026-03-27,AXISBANK,BANKBEES,2026-03-30,long,1,0.6935971671921121,0.019909972299168976,0.020752269779507133,1,0,0,21,261,1319.4,1319.4,75,0.0,165.14334292,-165.14334292,zerodha_equity_intraday_nse_order_formula_v2_2026_07_14
P455_contiguous_cross_asset_etf_pressure_source_time_shift,2026-03-30,AXISBANK,BANKBEES,2026-03-31,long,1,0.6782813080591285,0.03172623995566639,0.03115264797507788,1,0,0,21,261,1323.6,1323.6,75,0.0,165.20937447999998,-165.20937447999998,zerodha_equity_intraday_nse_order_formula_v2_2026_07_14
P455_contiguous_cross_asset_etf_pressure_source_time_shift,2026-03-31,AXISBANK,BANKBEES,2026-04-01,long,1,0.685082720285654,0.02689445196211096,0.025348542458808618,1,0,0,21,261,1323.6,1323.6,75,0.0,165.20937447999998,-165.20937447999998,zerodha_equity_intraday_nse_order_formula_v2_2026_07_14
P455_contiguous_cross_asset_etf_pressure_source_time_shift,2026-04-01,AXISBANK,BANKBEES,2026-04-02,long,1,0.6665830692796051,0.03947196444909162,0.039177277179236046,1,0,0,21,261,1326.5,1326.5,75,0.0,165.25496769999998,-165.25496769999998,zerodha_equity_intraday_nse_order_formula_v2_2026_07_14
P455_contiguous_cross_asset_etf_pressure_source_time_shift,2026-04-02,AXISBANK,BANKBEES,2026-04-03,long,1,0.6669591586261852,0.02521119324181626,0.025717111770524232,1,0,0,21,261,1320.4,1320.4,75,0.0,165.15906472,-165.15906472,zerodha_equity_intraday_nse_order_formula_v2_2026_07_14
P455_contiguous_cross_asset_etf_pressure_source_time_shift,2026-04-03,AXISBANK,BANKBEES,2026-04-06,long,1,0.6658327252574769,0.02632028713040506,0.02560819462227913,1,0,0,21,261,1323.0,1323.0,75,0.0,165.1999414,-165.1999414,zerodha_equity_intraday_nse_order_formula_v2_2026_07_14
P455_contiguous_cross_asset_etf_pressure_source_time_shift,2026-04-06,AXISBANK,BANKBEES,2026-04-07,long,1,0.6423228457252209,0.012474437627811861,0.01225114854517611,1,0,0,21,261,1316.0,1316.0,75,0.0,165.0898888,-165.0898888,zerodha_equity_intraday_nse_order_formula_v2_2026_07_14
P455_contiguous_cross_asset_etf_pressure_source_time_shift,2026-04-07,AXISBANK,BANKBEES,2026-04-08,long,1,0.6567981096008173,0.0076178384383431205,0.007134363852556481,1,0,0,21,261,1313.5,1313.5,76,0.0,165.325925424,-165.325925424,zerodha_equity_intraday_nse_order_formula_v2_2026_07_14
P455_contiguous_cross_asset_etf_pressure_source_time_shift,2026-04-08,AXISBANK,BANKBEES,2026-04-09,long,1,0.6989249454212827,0.018610690326769097,0.019448946515397084,1,0,0,21,261,1319.0,1319.0,75,0.0,165.1370542,-165.1370542,zerodha_equity_intraday_nse_order_formula_v2_2026_07_14
P455_contiguous_cross_asset_etf_pressure_source_time_shift,2026-04-09,AXISBANK,BANKBEES,2026-04-10,long,1,0.6899806861278925,0.011042097998619738,0.012409513960703205,1,0,0,21,261,1327.3,1327.3,75,0.0,165.26754514,-165.26754514,zerodha_equity_intraday_nse_order_formula_v2_2026_07_14
P455_contiguous_cross_asset_etf_pressure_source_time_shift,2026-04-10,AXISBANK,BANKBEES,2026-04-13,long,1,0.6755558124635271,0.03146659273634599,0.03115264797507788,1,0,0,21,261,1323.5,1323.5,75,0.0,165.2078023,-165.2078023,zerodha_equity_intraday_nse_order_formula_v2_2026_07_14
P455_contiguous_cross_asset_etf_pressure_source_time_shift,2026-04-13,AXISBANK,BANKBEES,2026-04-14,long,1,0.6601039018218455,0.01566405599066822,0.017478152309612985,1,0,0,21,261,1319.9,1319.9,75,0.0,165.15120382,-165.15120382,zerodha_equity_intraday_nse_order_formula_v2_2026_07_14
P455_contiguous_cross_asset_etf_pressure_source_time_shift,2026-04-14,AXISBANK,BANKBEES,2026-04-15,long,1,0.6653832898564805,0.01888539159414923,0.019417475728155338,1,0,0,21,261,1320.9,1320.9,75,0.0,165.16692562,-165.16692562,zerodha_equity_intraday_nse_order_formula_v2_2026_07_14
P455_contiguous_cross_asset_etf_pressure_source_time_shift,2026-04-15,AXISBANK,BANKBEES,2026-04-16,long,1,0.7217567080246842,0.019873373197326766,0.01844532279314888,1,0,0,21,261,1317.6999999999998,1317.6999999999998,75,0.0,165.11661586000002,-165.11661586000002,zerodha_equity_intraday_nse_order_formula_v2_2026_07_14
P455_contiguous_cross_asset_etf_pressure_source_time_shift,2026-04-16,AXISBANK,BANKBEES,2026-04-17,long,1,0.6718352519064499,0.02369020501138952,0.02502844141069397,1,0,0,21,261,1332.4,1332.4,75,0.0,165.34772632,-165.34772632,zerodha_equity_intraday_nse_order_formula_v2_2026_07_14
P455_contiguous_cross_asset_etf_pressure_source_time_shift,2026-04-17,AXISBANK,BANKBEES,2026-04-20,long,1,0.672616186727436,0.029676817899316345,0.030267753201396973,1,0,0,21,261,1325.0,1325.0,75,0.0,165.23138500000002,-165.23138500000002,zerodha_equity_intraday_nse_order_formula_v2_2026_07_14
P455_contiguous_cross_asset_etf_pressure_source_time_shift,2026-04-20,AXISBANK,BANKBEES,2026-04-21,long,1,0.6815852473966152,0.02438627865387742,0.024360535931790498,1,0,0,21,261,1349.4,1349.4,74,0.0,165.3321302944,-165.3321302944,zerodha_equity_intraday_nse_order_formula_v2_2026_07_14
P455_contiguous_cross_asset_etf_pressure_source_time_shift,2026-04-21,AXISBANK,BANKBEES,2026-04-22,long,1,0.6812966832629412,0.033065080475857246,0.03407601572739188,1,0,0,21,261,1324.1,1324.1,75,0.0,165.21723538,-165.21723538,zerodha_equity_intraday_nse_order_formula_v2_2026_07_14
P455_contiguous_cross_asset_etf_pressure_source_time_shift,2026-04-22,AXISBANK,BANKBEES,2026-04-23,long,1,0.6276017392522508,0.029397026891598465,0.030037546933667083,1,0,0,21,261,1324.3000000000002,1324.3000000000002,75,0.0,165.22037974,-165.22037974,zerodha_equity_intraday_nse_order_formula_v2_2026_07_14
P455_contiguous_cross_asset_etf_pressure_source_time_shift,2026-04-23,AXISBANK,BANKBEES,2026-04-24,long,1,0.6679463142423017,0.0003794586390083481,0.0,1,0,0,21,261,1312.3000000000002,1312.3000000000002,76,0.0,165.30680771520002,-165.30680771520002,zerodha_equity_intraday_nse_order_formula_v2_2026_07_14
P455_contiguous_cross_asset_etf_pressure_source_time_shift,2026-04-24,AXISBANK,BANKBEES,2026-04-27,long,1,0.6820878623047294,0.02629176556509038,0.027359781121751026,1,0,0,21,261,1323.4,1323.4,75,0.0,165.20623012,-165.20623012,zerodha_equity_intraday_nse_order_formula_v2_2026_07_14
P455_contiguous_cross_asset_etf_pressure_source_time_shift,2026-04-27,AXISBANK,BANKBEES,2026-04-28,long,1,0.6877267782643518,0.02926829268292683,0.029769959404600813,1,0,0,21,261,1322.5,1322.5,75,0.0,165.1920805,-165.1920805,zerodha_equity_intraday_nse_order_formula_v2_2026_07_14
P455_contiguous_cross_asset_etf_pressure_source_time_shift,2026-04-28,AXISBANK,BANKBEES,2026-04-29,long,1,0.6856534464803078,0.03516062010548186,0.03592814371257485,1,0,0,21,261,1325.4,1325.4,75,0.0,165.23767371999998,-165.23767371999998,zerodha_equity_intraday_nse_order_formula_v2_2026_07_14
P455_contiguous_cross_asset_etf_pressure_source_time_shift,2026-04-29,AXISBANK,BANKBEES,2026-04-30,long,1,0.6735068252669867,0.022819396487013963,0.02249718785151856,1,0,0,21,261,1340.1999999999998,1340.1999999999998,74,0.0,165.1894182752,-165.1894182752,zerodha_equity_intraday_nse_order_formula_v2_2026_07_14
P455_contiguous_cross_asset_etf_pressure_source_time_shift,2026-04-30,AXISBANK,BANKBEES,2026-05-01,long,1,0.6814176589147063,0.030626780626780627,0.032017075773746,1,0,0,21,261,1326.0,1326.0,75,0.0,165.24710679999998,-165.24710679999998,zerodha_equity_intraday_nse_order_formula_v2_2026_07_14
P455_contiguous_cross_asset_etf_pressure_source_time_shift,2026-05-01,AXISBANK,BANKBEES,2026-05-04,long,1,0.6675512909967524,0.026526101003230742,0.025477707006369428,1,0,0,21,261,1321.6,1321.6,75,0.0,165.17793088,-165.17793088,zerodha_equity_intraday_nse_order_formula_v2_2026_07_14
P455_contiguous_cross_asset_etf_pressure_source_time_shift,2026-05-04,AXISBANK,BANKBEES,2026-05-05,long,1,0.6514688865098488,0.021919745448117377,0.02119205298013245,1,0,0,21,261,1324.9,1324.9,75,0.0,165.22981282,-165.22981282,zerodha_equity_intraday_nse_order_formula_v2_2026_07_14
P455_contiguous_cross_asset_etf_pressure_source_time_shift,2026-05-05,AXISBANK,BANKBEES,2026-05-06,long,1,0.690425284641523,0.03332354668232531,0.0352035203520352,1,0,0,21,261,1318.9,1318.9,75,0.0,165.13548201999998,-165.13548201999998,zerodha_equity_intraday_nse_order_formula_v2_2026_07_14
P455_contiguous_cross_asset_etf_pressure_source_time_shift,2026-05-06,AXISBANK,BANKBEES,2026-05-07,long,1,0.7115110128764343,0.03569182389937107,0.0353356890459364,1,0,0,21,261,1326.4,1326.4,75,0.0,165.25339551999997,-165.25339551999997,zerodha_equity_intraday_nse_order_formula_v2_2026_07_14
P455_contiguous_cross_asset_etf_pressure_source_time_shift,2026-05-07,AXISBANK,BANKBEES,2026-05-08,long,1,0.6484266189634781,0.0001274534794799898,0.0,1,0,0,21,261,1314.9,1314.9,76,0.0,165.3482294176,-165.3482294176,zerodha_equity_intraday_nse_order_formula_v2_2026_07_14
P455_contiguous_cross_asset_etf_pressure_source_time_shift,2026-05-08,AXISBANK,BANKBEES,2026-05-11,long,1,0.6575610008128606,0.004662004662004662,0.004656577415599534,1,0,0,21,261,1312.8,1312.8,76,0.0,165.31477342719998,-165.31477342719998,zerodha_equity_intraday_nse_order_formula_v2_2026_07_14
P455_contiguous_cross_asset_etf_pressure_source_time_shift,2026-05-12,AXISBANK,BANKBEES,2026-05-13,long,1,0.6561690669803663,0.02881619937694704,0.028004667444574097,1,0,0,21,261,1354.6999999999998,1354.6999999999998,73,0.0,165.13036719439998,-165.13036719439998,zerodha_equity_intraday_nse_order_formula_v2_2026_07_14
P455_contiguous_cross_asset_etf_pressure_source_time_shift,2026-05-13,AXISBANK,BANKBEES,2026-05-14,long,1,0.6980332244590501,0.00763246734184647,0.0088008800880088,1,0,0,21,261,1342.6999999999998,1342.6999999999998,74,0.0,165.22819871520002,-165.22819871520002,zerodha_equity_intraday_nse_order_formula_v2_2026_07_14
P455_contiguous_cross_asset_etf_pressure_source_time_shift,2026-05-15,AXISBANK,BANKBEES,2026-05-18,long,1,0.6451127897747932,0.015546819156540386,0.01606425702811245,1,0,0,21,261,1316.1999999999998,1316.1999999999998,75,0.0,165.09303315999998,-165.09303315999998,zerodha_equity_intraday_nse_order_formula_v2_2026_07_14
P455_contiguous_cross_asset_etf_pressure_source_time_shift,2026-05-18,AXISBANK,BANKBEES,2026-05-19,long,1,0.6651996866298684,0.007998814990371797,0.006659267480577136,1,0,0,21,261,1326.8,1326.8,75,0.0,165.25968424,-165.25968424,zerodha_equity_intraday_nse_order_formula_v2_2026_07_14
P455_contiguous_cross_asset_etf_pressure_source_time_shift,2026-05-19,AXISBANK,BANKBEES,2026-05-20,long,1,0.6695247746318904,0.023718836565096952,0.023346303501945526,1,0,0,21,261,1322.5,1322.5,75,0.0,165.1920805,-165.1920805,zerodha_equity_intraday_nse_order_formula_v2_2026_07_14
P455_contiguous_cross_asset_etf_pressure_source_time_shift,2026-05-20,AXISBANK,BANKBEES,2026-05-21,long,1,0.6733119254256058,0.020901147849922905,0.02053915275994865,1,0,0,21,261,1318.8000000000002,1318.8000000000002,75,0.0,165.13390983999997,-165.13390983999997,zerodha_equity_intraday_nse_order_formula_v2_2026_07_14
P455_contiguous_cross_asset_etf_pressure_source_time_shift,2026-05-21,AXISBANK,BANKBEES,2026-05-22,long,1,0.687838131570008,0.028261642374688943,0.02663115845539281,1,0,0,21,261,1320.6,1320.6,75,0.0,165.16220907999997,-165.16220907999997,zerodha_equity_intraday_nse_order_formula_v2_2026_07_14
P455_contiguous_cross_asset_etf_pressure_source_time_shift,2026-05-22,AXISBANK,BANKBEES,2026-05-25,long,1,0.6517123033188912,0.03754861204237629,0.03819095477386935,1,0,0,21,261,1327.3,1327.3,75,0.0,165.26754514,-165.26754514,zerodha_equity_intraday_nse_order_formula_v2_2026_07_14
P455_contiguous_cross_asset_etf_pressure_source_time_shift,2026-05-25,AXISBANK,BANKBEES,2026-05-26,long,1,0.6590953332477969,0.004948333575898705,0.004362050163576881,1,0,0,21,261,1312.8000000000002,1312.8000000000002,76,0.0,165.31477342719998,-165.31477342719998,zerodha_equity_intraday_nse_order_formula_v2_2026_07_14
P455_contiguous_cross_asset_etf_pressure_source_time_shift,2026-05-26,AXISBANK,BANKBEES,2026-05-27,long,1,0.6761162393002362,0.02487821851078636,0.02607561929595828,1,0,0,21,261,1321.6,1321.6,75,0.0,165.17793088,-165.17793088,zerodha_equity_intraday_nse_order_formula_v2_2026_07_14
P455_contiguous_cross_asset_etf_pressure_source_time_shift,2026-05-27,AXISBANK,BANKBEES,2026-05-28,long,1,0.6574653674860363,0.02715484363081617,0.025142857142857144,1,0,0,21,261,1286.6999999999998,1286.6999999999998,77,0.0,165.16868646160003,-165.16868646160003,zerodha_equity_intraday_nse_order_formula_v2_2026_07_14
P455_contiguous_cross_asset_etf_pressure_source_time_shift,2026-05-28,AXISBANK,BANKBEES,2026-05-29,long,1,0.6695465444681539,0.023762376237623763,0.023064250411861616,1,0,0,21,261,1317.6999999999998,1317.6999999999998,75,0.0,165.11661586000002,-165.11661586000002,zerodha_equity_intraday_nse_order_formula_v2_2026_07_14
P455_contiguous_cross_asset_etf_pressure_source_time_shift,2026-05-29,AXISBANK,BANKBEES,2026-06-01,long,1,0.6751254842684614,0.025261758351337878,0.024906600249066,1,0,0,21,261,1318.9,1318.9,75,0.0,165.13548201999998,-165.13548201999998,zerodha_equity_intraday_nse_order_formula_v2_2026_07_14
P455_contiguous_cross_asset_etf_pressure_source_time_shift,2026-06-01,AXISBANK,BANKBEES,2026-06-02,long,1,0.6641175642229012,0.024256993006993008,0.02618657937806874,1,0,0,21,261,1319.5,1319.5,75,0.0,165.1449151,-165.1449151,zerodha_equity_intraday_nse_order_formula_v2_2026_07_14
P455_contiguous_cross_asset_etf_pressure_source_time_shift,2026-06-02,AXISBANK,BANKBEES,2026-06-03,long,1,0.6580198102913238,0.012408021930457366,0.012972972972972972,1,0,0,21,261,1286.3000000000002,1286.3000000000002,77,0.0,165.1622300424,-165.1622300424,zerodha_equity_intraday_nse_order_formula_v2_2026_07_14
P455_contiguous_cross_asset_etf_pressure_source_time_shift,2026-06-03,AXISBANK,BANKBEES,2026-06-04,long,1,0.6707896387649226,0.021965536830145807,0.02269503546099291,1,0,0,21,261,1321.7,1321.7,75,0.0,165.17950306,-165.17950306,zerodha_equity_intraday_nse_order_formula_v2_2026_07_14
P455_contiguous_cross_asset_etf_pressure_source_time_shift,2026-06-04,AXISBANK,BANKBEES,2026-06-05,long,1,0.6759832284005713,0.024739993696816894,0.025974025974025976,1,0,0,21,261,1319.0,1319.0,75,0.0,165.1370542,-165.1370542,zerodha_equity_intraday_nse_order_formula_v2_2026_07_14
P455_contiguous_cross_asset_etf_pressure_source_time_shift,2026-06-05,AXISBANK,BANKBEES,2026-06-08,long,1,0.6750075771352367,0.0371946414499606,0.03778040141676505,1,0,0,21,261,1322.8000000000002,1322.8000000000002,75,0.0,165.19679703999998,-165.19679703999998,zerodha_equity_intraday_nse_order_formula_v2_2026_07_14
P455_contiguous_cross_asset_etf_pressure_source_time_shift,2026-06-08,AXISBANK,BANKBEES,2026-06-09,long,1,0.6780107720284424,0.021965536830145807,0.02269503546099291,1,0,0,21,261,1319.4,1319.4,75,0.0,165.14334292,-165.14334292,zerodha_equity_intraday_nse_order_formula_v2_2026_07_14
P455_contiguous_cross_asset_etf_pressure_source_time_shift,2026-06-09,AXISBANK,BANKBEES,2026-06-10,long,1,0.6670603017342501,0.0299645390070922,0.029216467463479414,1,0,0,21,261,1323.6999999999998,1323.6999999999998,75,0.0,165.21094666,-165.21094666,zerodha_equity_intraday_nse_order_formula_v2_2026_07_14
P455_contiguous_cross_asset_etf_pressure_source_time_shift,2026-06-10,AXISBANK,BANKBEES,2026-06-11,long,1,0.6623717911966706,0.004008313539192399,0.004449388209121246,1,0,0,21,261,1312.5,1312.5,76,0.0,165.30999400000002,-165.30999400000002,zerodha_equity_intraday_nse_order_formula_v2_2026_07_14
P455_contiguous_cross_asset_etf_pressure_source_time_shift,2026-06-11,AXISBANK,BANKBEES,2026-06-12,long,1,0.5912540672431426,0.026526101003230742,0.025477707006369428,1,0,0,21,261,1322.9,1322.9,75,0.0,165.19836922,-165.19836922,zerodha_equity_intraday_nse_order_formula_v2_2026_07_14
P455_contiguous_cross_asset_etf_pressure_source_time_shift,2026-06-12,AXISBANK,BANKBEES,2026-06-15,long,1,0.6522808134827759,0.015126737530662305,0.014300306435137897,1,0,0,21,261,1298.4,1298.4,77,0.0,165.35753672319998,-165.35753672319998,zerodha_equity_intraday_nse_order_formula_v2_2026_07_14
P455_contiguous_cross_asset_etf_pressure_source_time_shift,2026-06-15,AXISBANK,BANKBEES,2026-06-16,long,1,0.6701463301533234,0.017529353398379362,0.01734820322180917,1,0,0,21,261,1317.6,1317.6,75,0.0,165.11504368000004,-165.11504368000004,zerodha_equity_intraday_nse_order_formula_v2_2026_07_14
P455_contiguous_cross_asset_etf_pressure_source_time_shift,2026-06-16,AXISBANK,BANKBEES,2026-06-17,long,1,0.6676600111179211,0.030157748221466132,0.030127462340672075,1,0,0,21,261,1323.4,1323.4,75,0.0,165.20623012,-165.20623012,zerodha_equity_intraday_nse_order_formula_v2_2026_07_14
P455_contiguous_cross_asset_etf_pressure_source_time_shift,2026-06-17,AXISBANK,BANKBEES,2026-06-18,long,1,0.6798313127452569,0.018610690326769097,0.019448946515397084,1,0,0,21,261,1320.1999999999998,1320.1999999999998,75,0.0,165.15592036,-165.15592036,zerodha_equity_intraday_nse_order_formula_v2_2026_07_14
P455_contiguous_cross_asset_etf_pressure_source_time_shift,2026-06-18,AXISBANK,BANKBEES,2026-06-19,long,1,0.6872624669205167,0.03364158163265306,0.03345280764635603,1,0,0,21,261,1322.0,1322.0,75,0.0,165.18421960000003,-165.18421960000003,zerodha_equity_intraday_nse_order_formula_v2_2026_07_14
P455_contiguous_cross_asset_etf_pressure_source_time_shift,2026-06-19,AXISBANK,BANKBEES,2026-06-22,long,1,0.6362693278105114,0.026024177300201477,0.027672955974842768,1,0,0,21,261,1321.8000000000002,1321.8000000000002,75,0.0,165.18107523999998,-165.18107523999998,zerodha_equity_intraday_nse_order_formula_v2_2026_07_14
P455_contiguous_cross_asset_etf_pressure_source_time_shift,2026-06-23,AXISBANK,BANKBEES,2026-06-24,long,1,0.6858677275663886,0.050622307324078505,0.05201793721973094,1,0,0,21,261,1328.4,1328.4,75,0.0,165.28483912000002,-165.28483912000002,zerodha_equity_intraday_nse_order_formula_v2_2026_07_14
P455_contiguous_cross_asset_etf_pressure_source_time_shift,2026-06-24,AXISBANK,BANKBEES,2026-06-25,long,1,0.6694845546356288,0.031493558135835854,0.03098927294398093,1,0,0,21,261,1323.0,1323.0,75,0.0,165.1999414,-165.1999414,zerodha_equity_intraday_nse_order_formula_v2_2026_07_14
P455_contiguous_cross_asset_etf_pressure_source_time_shift,2026-06-25,AXISBANK,BANKBEES,2026-06-26,long,1,0.6797968913683008,0.010907438266929253,0.011350737797956867,1,0,0,21,261,1333.5,1333.5,74,0.0,165.08548669599998,-165.08548669599998,zerodha_equity_intraday_nse_order_formula_v2_2026_07_14
P455_contiguous_cross_asset_etf_pressure_source_time_shift,2026-06-29,AXISBANK,BANKBEES,2026-06-30,long,1,0.748388757864453,0.02763819095477387,0.027603513174404015,1,0,0,21,261,1321.6999999999998,1321.6999999999998,75,0.0,165.17950306,-165.17950306,zerodha_equity_intraday_nse_order_formula_v2_2026_07_14
P455_contiguous_cross_asset_etf_pressure_source_time_shift,2026-01-12,TCS,ITBEES,2026-01-13,long,1,1.4795830666620022,0.00810126582278481,0.007585335018963337,1,0,0,21,261,2191.6000000000004,2191.6000000000004,45,0.0,165.07353812799997,-165.07353812799997,zerodha_equity_intraday_nse_order_formula_v2_2026_07_14
P455_contiguous_cross_asset_etf_pressure_source_time_shift,2026-01-14,TCS,ITBEES,2026-01-15,long,1,1.4894092752974344,0.012064965197215777,0.013904982618771726,1,0,0,21,261,2187.3,2187.3,45,0.0,165.032975884,-165.032975884,zerodha_equity_intraday_nse_order_formula_v2_2026_07_14
P455_contiguous_cross_asset_etf_pressure_source_time_shift,2026-01-26,TCS,ITBEES,2026-01-27,long,1,1.4814986452224013,0.0012757136022962844,0.0,1,0,0,21,261,2189.7,2189.7,45,0.0,165.05561527600003,-165.05561527600003,zerodha_equity_intraday_nse_order_formula_v2_2026_07_14
P455_contiguous_cross_asset_etf_pressure_source_time_shift,2026-01-29,TCS,ITBEES,2026-01-30,long,1,1.4837970429654022,0.0068201193520886615,0.007662835249042145,1,0,0,21,261,2189.3999999999996,2189.3999999999996,45,0.0,165.052785352,-165.052785352,zerodha_equity_intraday_nse_order_formula_v2_2026_07_14
P455_contiguous_cross_asset_etf_pressure_source_time_shift,2026-02-02,TCS,ITBEES,2026-02-03,long,1,1.4799194334118937,0.01429431236834186,0.013528748590755355,1,0,0,21,261,2196.2,2196.2,45,0.0,165.116930296,-165.116930296,zerodha_equity_intraday_nse_order_formula_v2_2026_07_14
P455_contiguous_cross_asset_etf_pressure_source_time_shift,2026-02-03,TCS,ITBEES,2026-02-04,long,1,1.4730010057740186,0.00427578834847675,0.0053404539385847796,1,0,0,21,261,2184.3999999999996,2184.3999999999996,45,0.0,165.00561995199996,-165.00561995199996,zerodha_equity_intraday_nse_order_formula_v2_2026_07_14
P455_contiguous_cross_asset_etf_pressure_source_time_shift,2026-02-06,TCS,ITBEES,2026-02-09,long,1,1.486492284235086,0.012563199019457637,0.013777267508610792,1,0,0,21,261,2182.0,2182.0,45,0.0,164.98298056,-164.98298056,zerodha_equity_intraday_nse_order_formula_v2_2026_07_14
P455_contiguous_cross_asset_etf_pressure_source_time_shift,2026-02-10,TCS,ITBEES,2026-02-11,long,1,1.4832302324118294,0.008640641876253664,0.006936416184971098,1,0,0,21,261,2192.3,2192.3,45,0.0,165.08014128399998,-165.08014128399998,zerodha_equity_intraday_nse_order_formula_v2_2026_07_14
P455_contiguous_cross_asset_etf_pressure_source_time_shift,2026-03-03,TCS,ITBEES,2026-03-04,long,1,1.486884639351924,0.014585605234460196,0.01634320735444331,1,0,0,21,261,2160.8,2160.8,46,0.0,165.2359548032,-165.2359548032,zerodha_equity_intraday_nse_order_formula_v2_2026_07_14
P455_contiguous_cross_asset_etf_pressure_source_time_shift,2026-03-09,TCS,ITBEES,2026-03-10,long,1,1.4850411934605408,0.003930677148472396,0.00535475234270415,1,0,0,21,261,2189.3,2189.3,45,0.0,165.051842044,-165.051842044,zerodha_equity_intraday_nse_order_formula_v2_2026_07_14
P455_contiguous_cross_asset_etf_pressure_source_time_shift,2026-03-13,TCS,ITBEES,2026-03-16,long,1,1.4870533933663181,0.013490725126475547,0.010109519797809604,1,0,0,21,261,2197.3,2197.3,45,0.0,165.12730668400002,-165.12730668400002,zerodha_equity_intraday_nse_order_formula_v2_2026_07_14
P455_contiguous_cross_asset_etf_pressure_source_time_shift,2026-03-30,TCS,ITBEES,2026-03-31,long,1,1.4813971766177931,0.008550434201736807,0.008008008008008008,1,0,0,21,261,2185.9,2185.9,45,0.0,165.019769572,-165.019769572,zerodha_equity_intraday_nse_order_formula_v2_2026_07_14
P455_contiguous_cross_asset_etf_pressure_source_time_shift,2026-04-01,TCS,ITBEES,2026-04-02,long,1,1.4830113208805096,0.013145786775338505,0.015763546798029555,1,0,0,21,261,2190.7,2190.7,45,0.0,165.065048356,-165.065048356,zerodha_equity_intraday_nse_order_formula_v2_2026_07_14
P455_contiguous_cross_asset_etf_pressure_source_time_shift,2026-04-10,TCS,ITBEES,2026-04-13,long,1,1.4824929293211877,0.007166035694970254,0.008105369807497468,1,0,0,21,261,2186.8999999999996,2186.8999999999996,45,0.0,165.029202652,-165.029202652,zerodha_equity_intraday_nse_order_formula_v2_2026_07_14
P455_contiguous_cross_asset_etf_pressure_source_time_shift,2026-04-16,TCS,ITBEES,2026-04-17,long,1,1.5002554040277645,0.04271383885233524,0.04527081649151172,1,0,0,21,261,2206.5,2206.5,45,0.0,165.21409101999998,-165.21409101999998,zerodha_equity_intraday_nse_order_formula_v2_2026_07_14
P455_contiguous_cross_asset_etf_pressure_source_time_shift,2026-04-22,TCS,ITBEES,2026-04-23,long,1,1.4682673063219136,0.00671462829736211,0.00718562874251497,1,0,0,21,261,2186.6000000000004,2186.6000000000004,45,0.0,165.026372728,-165.026372728,zerodha_equity_intraday_nse_order_formula_v2_2026_07_14
P455_contiguous_cross_asset_etf_pressure_source_time_shift,2026-04-28,TCS,ITBEES,2026-04-29,long,1,1.4920069680300199,0.010791937787652753,0.014268727705112961,1,0,0,21,261,2185.3,2185.3,45,0.0,165.01410972399998,-165.01410972399998,zerodha_equity_intraday_nse_order_formula_v2_2026_07_14
P455_contiguous_cross_asset_etf_pressure_source_time_shift,2026-04-29,TCS,ITBEES,2026-04-30,long,1,1.4936101861027364,0.004812455767869781,0.008483563096500531,1,0,0,21,261,2241.1,2241.1,44,0.0,165.0706872416,-165.0706872416,zerodha_equity_intraday_nse_order_formula_v2_2026_07_14
P455_contiguous_cross_asset_etf_pressure_source_time_shift,2026-04-30,TCS,ITBEES,2026-05-01,long,1,1.4906690383552121,0.001546681664791901,0.0,1,0,0,21,261,2192.2,2192.2,45,0.0,165.079197976,-165.079197976,zerodha_equity_intraday_nse_order_formula_v2_2026_07_14
P455_contiguous_cross_asset_etf_pressure_source_time_shift,2026-05-06,TCS,ITBEES,2026-05-07,long,1,1.5013720663034265,0.007441418619379354,0.0071174377224199285,1,0,0,21,261,2190.7,2190.7,45,0.0,165.065048356,-165.065048356,zerodha_equity_intraday_nse_order_formula_v2_2026_07_14
P455_contiguous_cross_asset_etf_pressure_source_time_shift,2026-05-07,TCS,ITBEES,2026-05-08,long,1,1.4834194712320812,0.018210513536481728,0.01637852593266606,1,0,0,21,261,2177.1,2177.1,45,0.0,162.936758468,-162.936758468,zerodha_equity_intraday_nse_order_formula_v2_2026_07_14
P455_contiguous_cross_asset_etf_pressure_source_time_shift,2026-05-22,TCS,ITBEES,2026-05-25,long,1,1.4733828343088022,0.0014062719729995782,0.0,1,0,0,21,261,2190.1,2190.1,45,0.0,165.059388508,-165.059388508,zerodha_equity_intraday_nse_order_formula_v2_2026_07_14
P455_contiguous_cross_asset_etf_pressure_source_time_shift,2026-06-05,TCS,ITBEES,2026-06-08,long,1,1.4812449272447596,0.0025952960259529602,0.0,1,0,0,21,261,2186.0,2186.0,45,0.0,165.02071288000002,-165.02071288000002,zerodha_equity_intraday_nse_order_formula_v2_2026_07_14
P455_contiguous_cross_asset_etf_pressure_source_time_shift,2026-06-09,TCS,ITBEES,2026-06-10,long,1,1.4747620296337336,0.003930677148472396,0.00535475234270415,1,0,0,21,261,2184.8,2184.8,45,0.0,165.00939318399998,-165.00939318399998,zerodha_equity_intraday_nse_order_formula_v2_2026_07_14
P455_contiguous_cross_asset_etf_pressure_source_time_shift,2026-06-16,TCS,ITBEES,2026-06-17,long,1,1.4797298762805657,0.0006272541947624275,0.0,1,0,0,21,261,2183.4,2183.4,45,0.0,164.996186872,-164.996186872,zerodha_equity_intraday_nse_order_formula_v2_2026_07_14
P455_contiguous_cross_asset_etf_pressure_source_time_shift,2026-06-18,TCS,ITBEES,2026-06-19,long,1,1.4952336875010424,0.010791937787652753,0.014268727705112961,1,0,0,21,261,2189.6,2189.6,45,0.0,165.05467196799998,-165.05467196799998,zerodha_equity_intraday_nse_order_formula_v2_2026_07_14
P455_contiguous_cross_asset_etf_pressure_source_time_shift,2026-06-23,TCS,ITBEES,2026-06-24,long,1,1.4970131377250688,0.022992700729927006,0.023701002734731084,1,0,0,21,261,2191.3,2191.3,45,0.0,165.07070820399997,-165.07070820399997,zerodha_equity_intraday_nse_order_formula_v2_2026_07_14
P455_contiguous_cross_asset_etf_pressure_source_time_shift,2026-06-24,TCS,ITBEES,2026-06-25,long,1,1.483338911051371,0.0022275258552108194,0.0,1,0,0,21,261,2185.3999999999996,2185.3999999999996,45,0.0,165.01505303199997,-165.01505303199997,zerodha_equity_intraday_nse_order_formula_v2_2026_07_14
P455_contiguous_cross_asset_etf_pressure_source_time_shift,2026-06-26,TCS,ITBEES,2026-06-29,long,1,1.4867559451309296,0.0025885779000161787,0.0,1,0,0,21,261,2171.7,2171.7,46,0.0,165.3410602768,-165.3410602768,zerodha_equity_intraday_nse_order_formula_v2_2026_07_14
P455_contiguous_cross_asset_etf_pressure_source_time_shift,2026-01-01,RELIANCE,NIFTYBEES,2026-01-02,long,1,1.464198272297532,0.43672864900444297,0.436498150431566,1,0,0,21,261,1296.9,1296.9,77,0.0,165.3333251512,-165.3333251512,zerodha_equity_intraday_nse_order_formula_v2_2026_07_14
P455_contiguous_cross_asset_etf_pressure_source_time_shift,2026-01-02,RELIANCE,NIFTYBEES,2026-01-05,long,1,1.4639247628108394,0.44484574868322047,0.44419391206313413,1,0,0,21,261,1299.7,1299.7,76,0.0,165.10607177280002,-165.10607177280002,zerodha_equity_intraday_nse_order_formula_v2_2026_07_14
P455_contiguous_cross_asset_etf_pressure_source_time_shift,2026-01-05,RELIANCE,NIFTYBEES,2026-01-06,long,1,1.4583403306731488,0.4367863815652896,0.4354587869362364,1,0,0,21,261,1294.6999999999998,1294.6999999999998,77,0.0,165.29781484560002,-165.29781484560002,zerodha_equity_intraday_nse_order_formula_v2_2026_07_14
P455_contiguous_cross_asset_etf_pressure_source_time_shift,2026-01-06,RELIANCE,NIFTYBEES,2026-01-07,long,1,1.4263179832771746,0.4419692998876825,0.44039270687237025,1,0,0,21,261,1299.1999999999998,1299.1999999999998,76,0.0,165.09810606079998,-165.09810606079998,zerodha_equity_intraday_nse_order_formula_v2_2026_07_14
P455_contiguous_cross_asset_etf_pressure_source_time_shift,2026-01-07,RELIANCE,NIFTYBEES,2026-01-08,long,1,1.4434909224325725,0.41186390239063586,0.41189591078066917,1,0,0,21,261,1286.9,1286.9,77,0.0,165.1719146712,-165.1719146712,zerodha_equity_intraday_nse_order_formula_v2_2026_07_14
P455_contiguous_cross_asset_etf_pressure_source_time_shift,2026-01-08,RELIANCE,NIFTYBEES,2026-01-09,long,1,1.4588339509703483,0.4366996507566938,0.4362050163576881,1,0,0,21,261,1284.8000000000002,1284.8000000000002,77,0.0,165.1380184704,-165.1380184704,zerodha_equity_intraday_nse_order_formula_v2_2026_07_14
P455_contiguous_cross_asset_etf_pressure_source_time_shift,2026-01-09,RELIANCE,NIFTYBEES,2026-01-12,long,1,1.4588108308369834,0.4432201883774658,0.4420772303595206,1,0,0,21,261,1300.9,1300.9,76,0.0,165.12518948160002,-165.12518948160002,zerodha_equity_intraday_nse_order_formula_v2_2026_07_14
P455_contiguous_cross_asset_etf_pressure_source_time_shift,2026-01-12,RELIANCE,NIFTYBEES,2026-01-13,long,1,1.4688291903099948,0.45670599966760844,0.45579078455790784,1,0,0,21,261,1303.3000000000002,1303.3000000000002,76,0.0,165.1634248992,-165.1634248992,zerodha_equity_intraday_nse_order_formula_v2_2026_07_14
P455_contiguous_cross_asset_etf_pressure_source_time_shift,2026-01-13,RELIANCE,NIFTYBEES,2026-01-14,long,1,1.4626822915846716,0.44206955046649704,0.44218551461245237,1,0,0,21,261,1296.6,1296.6,77,0.0,165.32848283680002,-165.32848283680002,zerodha_equity_intraday_nse_order_formula_v2_2026_07_14
P455_contiguous_cross_asset_etf_pressure_source_time_shift,2026-01-14,RELIANCE,NIFTYBEES,2026-01-15,long,1,1.4647924554464002,0.45490443847733375,0.4544378698224852,1,0,0,21,261,1302.6,1302.6,76,0.0,165.15227290239997,-165.15227290239997,zerodha_equity_intraday_nse_order_formula_v2_2026_07_14
P455_contiguous_cross_asset_etf_pressure_source_time_shift,2026-01-15,RELIANCE,NIFTYBEES,2026-01-16,long,1,1.4638900004725255,0.44741048593350385,0.4479041916167665,1,0,0,21,261,1313.9,1313.9,76,0.0,165.3322979936,-165.3322979936,zerodha_equity_intraday_nse_order_formula_v2_2026_07_14
P455_contiguous_cross_asset_etf_pressure_source_time_shift,2026-01-16,RELIANCE,NIFTYBEES,2026-01-19,long,1,1.4623986745441107,0.4377141077545936,0.4364060676779463,1,0,0,21,261,1327.1999999999998,1327.1999999999998,75,0.0,165.26597295999997,-165.26597295999997,zerodha_equity_intraday_nse_order_formula_v2_2026_07_14
P455_contiguous_cross_asset_etf_pressure_source_time_shift,2026-01-19,RELIANCE,NIFTYBEES,2026-01-20,long,1,1.4692244247687796,0.4451486013986014,0.4451718494271686,1,0,0,21,261,1302.0,1302.0,76,0.0,165.142714048,-165.142714048,zerodha_equity_intraday_nse_order_formula_v2_2026_07_14
P455_contiguous_cross_asset_etf_pressure_source_time_shift,2026-01-20,RELIANCE,NIFTYBEES,2026-01-21,long,1,1.4611167185379352,0.446207818242566,0.4455569461827284,1,0,0,21,261,1300.6,1300.6,76,0.0,165.1204100544,-165.1204100544,zerodha_equity_intraday_nse_order_formula_v2_2026_07_14
P455_contiguous_cross_asset_etf_pressure_source_time_shift,2026-01-21,RELIANCE,NIFTYBEES,2026-01-22,long,1,1.4541922068576354,0.4440516174650875,0.4423841059602649,1,0,0,21,261,1300.9,1300.9,76,0.0,165.12518948160002,-165.12518948160002,zerodha_equity_intraday_nse_order_formula_v2_2026_07_14
P455_contiguous_cross_asset_etf_pressure_source_time_shift,2026-01-22,RELIANCE,NIFTYBEES,2026-01-23,long,1,1.4634595097321896,0.441550482610694,0.44087256027554533,1,0,0,21,261,1289.0,1289.0,77,0.0,165.205810872,-165.205810872,zerodha_equity_intraday_nse_order_formula_v2_2026_07_14
P455_contiguous_cross_asset_etf_pressure_source_time_shift,2026-01-23,RELIANCE,NIFTYBEES,2026-01-26,long,1,1.4671742164102932,0.44565454149422784,0.4469820554649266,1,0,0,21,261,1301.8000000000002,1301.8000000000002,76,0.0,165.1395277632,-165.1395277632,zerodha_equity_intraday_nse_order_formula_v2_2026_07_14
P455_contiguous_cross_asset_etf_pressure_source_time_shift,2026-01-26,RELIANCE,NIFTYBEES,2026-01-27,long,1,1.4725699208670964,0.452803738317757,0.45274212368728123,1,0,0,21,261,1304.1,1304.1,76,0.0,165.1761700384,-165.1761700384,zerodha_equity_intraday_nse_order_formula_v2_2026_07_14
P455_contiguous_cross_asset_etf_pressure_source_time_shift,2026-01-27,RELIANCE,NIFTYBEES,2026-01-28,long,1,1.4531233802242858,0.4468514778777309,0.44566712517193946,1,0,0,21,261,1322.8000000000002,1322.8000000000002,75,0.0,165.19679703999998,-165.19679703999998,zerodha_equity_intraday_nse_order_formula_v2_2026_07_14
P455_contiguous_cross_asset_etf_pressure_source_time_shift,2026-01-28,RELIANCE,NIFTYBEES,2026-01-29,long,1,1.469313987884454,0.4346604215456675,0.43508771929824563,1,0,0,21,261,1294.3000000000002,1294.3000000000002,77,0.0,165.2913584264,-165.2913584264,zerodha_equity_intraday_nse_order_formula_v2_2026_07_14
P455_contiguous_cross_asset_etf_pressure_source_time_shift,2026-01-29,RELIANCE,NIFTYBEES,2026-01-30,long,1,1.4725045090112356,0.45196658545074836,0.4511082138200782,1,0,0,21,261,1302.6,1302.6,76,0.0,165.15227290239997,-165.15227290239997,zerodha_equity_intraday_nse_order_formula_v2_2026_07_14
P455_contiguous_cross_asset_etf_pressure_source_time_shift,2026-01-30,RELIANCE,NIFTYBEES,2026-02-02,long,1,1.4813947501309261,0.44202771443606387,0.44152431011826543,1,0,0,21,261,1300.4,1300.4,76,0.0,165.1172237696,-165.1172237696,zerodha_equity_intraday_nse_order_formula_v2_2026_07_14
P455_contiguous_cross_asset_etf_pressure_source_time_shift,2026-02-02,RELIANCE,NIFTYBEES,2026-02-03,long,1,1.464169629040893,0.4610360694671219,0.46051167964404893,1,0,0,21,261,1303.5,1303.5,76,0.0,165.166611184,-165.166611184,zerodha_equity_intraday_nse_order_formula_v2_2026_07_14
P455_contiguous_cross_asset_etf_pressure_source_time_shift,2026-02-03,RELIANCE,NIFTYBEES,2026-02-04,long,1,1.4478760721783397,0.4387902933719667,0.4369063772048847,1,0,0,21,261,1300.1999999999998,1300.1999999999998,76,0.0,165.11403748479998,-165.11403748479998,zerodha_equity_intraday_nse_order_formula_v2_2026_07_14
P455_contiguous_cross_asset_etf_pressure_source_time_shift,2026-02-04,RELIANCE,NIFTYBEES,2026-02-05,long,1,1.4438089178728595,0.4266666666666667,0.4262607040913416,1,0,0,21,261,1292.1,1292.1,77,0.0,165.2558481208,-165.2558481208,zerodha_equity_intraday_nse_order_formula_v2_2026_07_14
P455_contiguous_cross_asset_etf_pressure_source_time_shift,2026-02-05,RELIANCE,NIFTYBEES,2026-02-06,long,1,1.4726582636643777,0.43645617941784637,0.4362336114421931,1,0,0,21,261,1296.8000000000002,1296.8000000000002,77,0.0,165.33171104640002,-165.33171104640002,zerodha_equity_intraday_nse_order_formula_v2_2026_07_14
P455_contiguous_cross_asset_etf_pressure_source_time_shift,2026-02-06,RELIANCE,NIFTYBEES,2026-02-09,long,1,1.454367968000584,0.43262974131090304,0.4328180737217598,1,0,0,21,261,1292.1,1292.1,77,0.0,165.2558481208,-165.2558481208,zerodha_equity_intraday_nse_order_formula_v2_2026_07_14
P455_contiguous_cross_asset_etf_pressure_source_time_shift,2026-02-09,RELIANCE,NIFTYBEES,2026-02-10,long,1,1.4769115227429543,0.44008810572687224,0.44004400440044006,1,0,0,21,261,1296.0,1296.0,77,0.0,165.31879820799998,-165.31879820799998,zerodha_equity_intraday_nse_order_formula_v2_2026_07_14
P455_contiguous_cross_asset_etf_pressure_source_time_shift,2026-02-10,RELIANCE,NIFTYBEES,2026-02-11,long,1,1.466423022772432,0.45942269910835726,0.45979614949037373,1,0,0,21,261,1307.6,1307.6,76,0.0,165.2319300224,-165.2319300224,zerodha_equity_intraday_nse_order_formula_v2_2026_07_14
P455_contiguous_cross_asset_etf_pressure_source_time_shift,2026-02-11,RELIANCE,NIFTYBEES,2026-02-12,long,1,1.4613264385623557,0.4399247991796274,0.44046094750320103,1,0,0,21,261,1295.1999999999998,1295.1999999999998,77,0.0,165.3058853696,-165.3058853696,zerodha_equity_intraday_nse_order_formula_v2_2026_07_14
P455_contiguous_cross_asset_etf_pressure_source_time_shift,2026-02-12,RELIANCE,NIFTYBEES,2026-02-13,long,1,1.469991614848701,0.4455856643356643,0.4451718494271686,1,0,0,21,261,1301.5,1301.5,76,0.0,165.13474833600003,-165.13474833600003,zerodha_equity_intraday_nse_order_formula_v2_2026_07_14
P455_contiguous_cross_asset_etf_pressure_source_time_shift,2026-02-13,RELIANCE,NIFTYBEES,2026-02-16,long,1,1.4566468479584056,0.44123826866507915,0.440713536201469,1,0,0,21,261,1295.4,1295.4,77,0.0,165.3091135792,-165.3091135792,zerodha_equity_intraday_nse_order_formula_v2_2026_07_14
P455_contiguous_cross_asset_etf_pressure_source_time_shift,2026-02-16,RELIANCE,NIFTYBEES,2026-02-17,long,1,1.4590917203438551,0.4446388800509068,0.4433849821215733,1,0,0,21,261,1294.6,1294.6,77,0.0,165.2962007408,-165.2962007408,zerodha_equity_intraday_nse_order_formula_v2_2026_07_14
P455_contiguous_cross_asset_etf_pressure_source_time_shift,2026-02-17,RELIANCE,NIFTYBEES,2026-02-18,long,1,1.458071400472003,0.4399938137952366,0.440324449594438,1,0,0,21,261,1297.5,1297.5,77,0.0,165.34300978000002,-165.34300978000002,zerodha_equity_intraday_nse_order_formula_v2_2026_07_14
P455_contiguous_cross_asset_etf_pressure_source_time_shift,2026-02-18,RELIANCE,NIFTYBEES,2026-02-19,long,1,1.4593161700224768,0.4451486013986014,0.4451718494271686,1,0,0,21,261,1299.8000000000002,1299.8000000000002,76,0.0,165.1076649152,-165.1076649152,zerodha_equity_intraday_nse_order_formula_v2_2026_07_14
P455_contiguous_cross_asset_etf_pressure_source_time_shift,2026-02-19,RELIANCE,NIFTYBEES,2026-02-20,long,1,1.4488770998025828,0.432669000807972,0.4318869828456105,1,0,0,21,261,1294.6,1294.6,77,0.0,165.2962007408,-165.2962007408,zerodha_equity_intraday_nse_order_formula_v2_2026_07_14
P455_contiguous_cross_asset_etf_pressure_source_time_shift,2026-02-20,RELIANCE,NIFTYBEES,2026-02-23,long,1,1.4598365222587975,0.445353289244692,0.44589308996088656,1,0,0,21,261,1298.3000000000002,1298.3000000000002,77,0.0,165.35592261840003,-165.35592261840003,zerodha_equity_intraday_nse_order_formula_v2_2026_07_14
P455_contiguous_cross_asset_etf_pressure_source_time_shift,2026-02-23,RELIANCE,NIFTYBEES,2026-02-24,long,1,1.4666597932225474,0.4464314745569826,0.4457978075517661,1,0,0,21,261,1297.9,1297.9,77,0.0,165.34946619919998,-165.34946619919998,zerodha_equity_intraday_nse_order_formula_v2_2026_07_14
P455_contiguous_cross_asset_etf_pressure_source_time_shift,2026-02-24,RELIANCE,NIFTYBEES,2026-02-25,long,1,1.4645474921089827,0.4523033020790868,0.45190839694656487,1,0,0,21,261,1304.4,1304.4,76,0.0,165.18094946559998,-165.18094946559998,zerodha_equity_intraday_nse_order_formula_v2_2026_07_14
P455_contiguous_cross_asset_etf_pressure_source_time_shift,2026-02-25,RELIANCE,NIFTYBEES,2026-02-26,long,1,1.4575176455180308,0.44193427931292006,0.44195804195804195,1,0,0,21,261,1296.1,1296.1,77,0.0,165.3204123128,-165.3204123128,zerodha_equity_intraday_nse_order_formula_v2_2026_07_14
P455_contiguous_cross_asset_etf_pressure_source_time_shift,2026-02-26,RELIANCE,NIFTYBEES,2026-02-27,long,1,1.4457725348016581,0.43594851363775666,0.4362801377726751,1,0,0,21,261,1296.5,1296.5,77,0.0,165.32686873200004,-165.32686873200004,zerodha_equity_intraday_nse_order_formula_v2_2026_07_14
P455_contiguous_cross_asset_etf_pressure_source_time_shift,2026-02-27,RELIANCE,NIFTYBEES,2026-03-02,long,1,1.4508304457160648,0.4272133776199748,0.4274678111587983,1,0,0,21,261,1291.3,1291.3,77,0.0,165.24293528239997,-165.24293528239997,zerodha_equity_intraday_nse_order_formula_v2_2026_07_14
P455_contiguous_cross_asset_etf_pressure_source_time_shift,2026-03-02,RELIANCE,NIFTYBEES,2026-03-03,long,1,1.477346456879776,0.4361111111111111,0.4357405140758874,1,0,0,21,261,1296.6999999999998,1296.6999999999998,77,0.0,165.3300969416,-165.3300969416,zerodha_equity_intraday_nse_order_formula_v2_2026_07_14
P455_contiguous_cross_asset_etf_pressure_source_time_shift,2026-03-03,RELIANCE,NIFTYBEES,2026-03-04,long,1,1.4751001877954373,0.4595000682966808,0.458546571136131,1,0,0,21,261,1292.5,1292.5,77,0.0,165.26230454,-165.26230454,zerodha_equity_intraday_nse_order_formula_v2_2026_07_14
P455_contiguous_cross_asset_etf_pressure_source_time_shift,2026-03-04,RELIANCE,NIFTYBEES,2026-03-05,long,1,1.459003620649599,0.43135531135531135,0.43029637760702527,1,0,0,21,261,1323.1999999999998,1323.1999999999998,75,0.0,165.20308576,-165.20308576,zerodha_equity_intraday_nse_order_formula_v2_2026_07_14
P455_contiguous_cross_asset_etf_pressure_source_time_shift,2026-03-05,RELIANCE,NIFTYBEES,2026-03-06,long,1,1.466292136494941,0.4355548569632191,0.43580683156654887,1,0,0,21,261,1294.0,1294.0,77,0.0,165.28651611200002,-165.28651611200002,zerodha_equity_intraday_nse_order_formula_v2_2026_07_14
P455_contiguous_cross_asset_etf_pressure_source_time_shift,2026-03-06,RELIANCE,NIFTYBEES,2026-03-09,long,1,1.4676564557542604,0.4417396467270298,0.44048943270300334,1,0,0,21,261,1297.3000000000002,1297.3000000000002,77,0.0,165.3397815704,-165.3397815704,zerodha_equity_intraday_nse_order_formula_v2_2026_07_14
P455_contiguous_cross_asset_etf_pressure_source_time_shift,2026-03-09,RELIANCE,NIFTYBEES,2026-03-10,long,1,1.4669792471461862,0.4504888888888889,0.45006657789613846,1,0,0,21,261,1303.5,1303.5,76,0.0,165.166611184,-165.166611184,zerodha_equity_intraday_nse_order_formula_v2_2026_07_14
P455_contiguous_cross_asset_etf_pressure_source_time_shift,2026-03-10,RELIANCE,NIFTYBEES,2026-03-11,long,1,1.4653722334004025,0.44285714285714284,0.44121532364597094,1,0,0,21,261,1299.6,1299.6,76,0.0,165.10447863039997,-165.10447863039997,zerodha_equity_intraday_nse_order_formula_v2_2026_07_14
P455_contiguous_cross_asset_etf_pressure_source_time_shift,2026-03-11,RELIANCE,NIFTYBEES,2026-03-12,long,1,1.4574719827537403,0.44268177525967894,0.44130127298444133,1,0,0,21,261,1296.0,1296.0,77,0.0,165.31879820799998,-165.31879820799998,zerodha_equity_intraday_nse_order_formula_v2_2026_07_14
P455_contiguous_cross_asset_etf_pressure_source_time_shift,2026-03-12,RELIANCE,NIFTYBEES,2026-03-13,long,1,1.490196909183427,0.43976289650752964,0.43937575030012005,1,0,0,21,261,1307.3000000000002,1307.3000000000002,76,0.0,165.2271505952,-165.2271505952,zerodha_equity_intraday_nse_order_formula_v2_2026_07_14
P455_contiguous_cross_asset_etf_pressure_source_time_shift,2026-03-13,RELIANCE,NIFTYBEES,2026-03-16,long,1,1.477092544185196,0.45791245791245794,0.4577893820713664,1,0,0,21,261,1302.6,1302.6,76,0.0,165.15227290239997,-165.15227290239997,zerodha_equity_intraday_nse_order_formula_v2_2026_07_14
P455_contiguous_cross_asset_etf_pressure_source_time_shift,2026-03-16,RELIANCE,NIFTYBEES,2026-03-17,long,1,1.4653248105364924,0.4436572946646004,0.44112769485903813,1,0,0,21,261,1299.6999999999998,1299.6999999999998,76,0.0,165.1060717728,-165.1060717728,zerodha_equity_intraday_nse_order_formula_v2_2026_07_14
P455_contiguous_cross_asset_etf_pressure_source_time_shift,2026-03-17,RELIANCE,NIFTYBEES,2026-03-18,long,1,1.4626017799659154,0.4438553304298428,0.4425531914893617,1,0,0,21,261,1297.5,1297.5,77,0.0,165.34300978000002,-165.34300978000002,zerodha_equity_intraday_nse_order_formula_v2_2026_07_14
P455_contiguous_cross_asset_etf_pressure_source_time_shift,2026-03-18,RELIANCE,NIFTYBEES,2026-03-19,long,1,1.4413794748933084,0.4325794932834552,0.43312101910828027,1,0,0,21,261,1294.6999999999998,1294.6999999999998,77,0.0,165.29781484560002,-165.29781484560002,zerodha_equity_intraday_nse_order_formula_v2_2026_07_14
P455_contiguous_cross_asset_etf_pressure_source_time_shift,2026-03-19,RELIANCE,NIFTYBEES,2026-03-20,long,1,1.454907870256987,0.4319217141893032,0.43236409608091025,1,0,0,21,261,1293.8000000000002,1293.8000000000002,77,0.0,165.28328790240002,-165.28328790240002,zerodha_equity_intraday_nse_order_formula_v2_2026_07_14
P455_contiguous_cross_asset_etf_pressure_source_time_shift,2026-03-20,RELIANCE,NIFTYBEES,2026-03-23,long,1,1.4599768898875511,0.4395314304570203,0.4400494437577256,1,0,0,21,261,1299.6999999999998,1299.6999999999998,76,0.0,165.1060717728,-165.1060717728,zerodha_equity_intraday_nse_order_formula_v2_2026_07_14
P455_contiguous_cross_asset_etf_pressure_source_time_shift,2026-03-23,RELIANCE,NIFTYBEES,2026-03-24,long,1,1.4596563663077236,0.44059727331746373,0.44084278768233387,1,0,0,21,261,1298.8000000000002,1298.8000000000002,76,0.0,165.0917334912,-165.0917334912,zerodha_equity_intraday_nse_order_formula_v2_2026_07_14
P455_contiguous_cross_asset_etf_pressure_source_time_shift,2026-03-24,RELIANCE,NIFTYBEES,2026-03-25,long,1,1.4638016745606275,0.44193427931292006,0.44195804195804195,1,0,0,21,261,1295.6,1295.6,77,0.0,165.3123417888,-165.3123417888,zerodha_equity_intraday_nse_order_formula_v2_2026_07_14
P455_contiguous_cross_asset_etf_pressure_source_time_shift,2026-03-25,RELIANCE,NIFTYBEES,2026-03-26,long,1,1.461925848745333,0.4433811802232855,0.4435590969455511,1,0,0,21,261,1297.6999999999998,1297.6999999999998,77,0.0,165.34623798959998,-165.34623798959998,zerodha_equity_intraday_nse_order_formula_v2_2026_07_14
P455_contiguous_cross_asset_etf_pressure_source_time_shift,2026-03-26,RELIANCE,NIFTYBEES,2026-03-27,long,1,1.4598344759644244,0.4417123389127537,0.44173140954495005,1,0,0,21,261,1299.4,1299.4,76,0.0,165.10129234559997,-165.10129234559997,zerodha_equity_intraday_nse_order_formula_v2_2026_07_14
P455_contiguous_cross_asset_etf_pressure_source_time_shift,2026-03-27,RELIANCE,NIFTYBEES,2026-03-30,long,1,1.4708213599540605,0.43246650906225376,0.43211334120425027,1,0,0,21,261,1295.6999999999998,1295.6999999999998,77,0.0,165.3139558936,-165.3139558936,zerodha_equity_intraday_nse_order_formula_v2_2026_07_14
P455_contiguous_cross_asset_etf_pressure_source_time_shift,2026-03-30,RELIANCE,NIFTYBEES,2026-03-31,long,1,1.4690172571918494,0.4512620276112118,0.45141065830721006,1,0,0,21,261,1301.1,1301.1,76,0.0,165.1283757664,-165.1283757664,zerodha_equity_intraday_nse_order_formula_v2_2026_07_14
P455_contiguous_cross_asset_etf_pressure_source_time_shift,2026-03-31,RELIANCE,NIFTYBEES,2026-04-01,long,1,1.4844379339255298,0.44483423960708646,0.44415243101182655,1,0,0,21,261,1298.1999999999998,1298.1999999999998,77,0.0,165.3543085136,-165.3543085136,zerodha_equity_intraday_nse_order_formula_v2_2026_07_14
P455_contiguous_cross_asset_etf_pressure_source_time_shift,2026-04-01,RELIANCE,NIFTYBEES,2026-04-02,long,1,1.4716719214238272,0.4493932905067809,0.44919786096256686,1,0,0,21,261,1305.8,1305.8,76,0.0,165.2032534592,-165.2032534592,zerodha_equity_intraday_nse_order_formula_v2_2026_07_14
P455_contiguous_cross_asset_etf_pressure_source_time_shift,2026-04-02,RELIANCE,NIFTYBEES,2026-04-03,long,1,1.4686741054778336,0.44866042815023716,0.44764649375600385,1,0,0,21,261,1299.6,1299.6,76,0.0,165.10447863039997,-165.10447863039997,zerodha_equity_intraday_nse_order_formula_v2_2026_07_14
P455_contiguous_cross_asset_etf_pressure_source_time_shift,2026-04-03,RELIANCE,NIFTYBEES,2026-04-06,long,1,1.4555214993518335,0.44010282776349613,0.43902439024390244,1,0,0,21,261,1295.0,1295.0,77,0.0,165.30265716000002,-165.30265716000002,zerodha_equity_intraday_nse_order_formula_v2_2026_07_14
P455_contiguous_cross_asset_etf_pressure_source_time_shift,2026-04-06,RELIANCE,NIFTYBEES,2026-04-07,long,1,1.445295073428257,0.4328448102790604,0.4330827067669173,1,0,0,21,261,1291.1,1291.1,77,0.0,165.23970707279997,-165.23970707279997,zerodha_equity_intraday_nse_order_formula_v2_2026_07_14
P455_contiguous_cross_asset_etf_pressure_source_time_shift,2026-04-07,RELIANCE,NIFTYBEES,2026-04-08,long,1,1.455103149967683,0.42978395061728397,0.4300578034682081,1,0,0,21,261,1291.3000000000002,1291.3000000000002,77,0.0,165.2429352824,-165.2429352824,zerodha_equity_intraday_nse_order_formula_v2_2026_07_14
P455_contiguous_cross_asset_etf_pressure_source_time_shift,2026-04-08,RELIANCE,NIFTYBEES,2026-04-09,long,1,1.45087216840128,0.4403354117394109,0.44122383252818037,1,0,0,21,261,1297.8000000000002,1297.8000000000002,77,0.0,165.3478520944,-165.3478520944,zerodha_equity_intraday_nse_order_formula_v2_2026_07_14
P455_contiguous_cross_asset_etf_pressure_source_time_shift,2026-04-09,RELIANCE,NIFTYBEES,2026-04-10,long,1,1.4859104018129854,0.46684951108991174,0.46648793565683644,1,0,0,21,261,1310.6,1310.6,76,0.0,165.2797242944,-165.2797242944,zerodha_equity_intraday_nse_order_formula_v2_2026_07_14
P455_contiguous_cross_asset_etf_pressure_source_time_shift,2026-04-10,RELIANCE,NIFTYBEES,2026-04-13,long,1,1.4743382750210376,0.4556725769897347,0.45554445554445555,1,0,0,21,261,1303.0,1303.0,76,0.0,165.158645472,-165.158645472,zerodha_equity_intraday_nse_order_formula_v2_2026_07_14
P455_contiguous_cross_asset_etf_pressure_source_time_shift,2026-04-13,RELIANCE,NIFTYBEES,2026-04-14,long,1,1.461084867004257,0.44559132260321904,0.4456094364351245,1,0,0,21,261,1301.5,1301.5,76,0.0,165.13474833600003,-165.13474833600003,zerodha_equity_intraday_nse_order_formula_v2_2026_07_14
P455_contiguous_cross_asset_etf_pressure_source_time_shift,2026-04-14,RELIANCE,NIFTYBEES,2026-04-15,long,1,1.4586582299343278,0.44089397857406726,0.43983402489626555,1,0,0,21,261,1299.4,1299.4,76,0.0,165.10129234559997,-165.10129234559997,zerodha_equity_intraday_nse_order_formula_v2_2026_07_14
P455_contiguous_cross_asset_etf_pressure_source_time_shift,2026-04-15,RELIANCE,NIFTYBEES,2026-04-16,long,1,1.4958618100097392,0.4399247991796274,0.44046094750320103,1,0,0,21,261,1295.4,1295.4,77,0.0,165.3091135792,-165.3091135792,zerodha_equity_intraday_nse_order_formula_v2_2026_07_14
P455_contiguous_cross_asset_etf_pressure_source_time_shift,2026-04-16,RELIANCE,NIFTYBEES,2026-04-17,long,1,1.4766809243733727,0.47344084808841774,0.47337278106508873,1,0,0,21,261,1312.1,1312.1,76,0.0,165.3036214304,-165.3036214304,zerodha_equity_intraday_nse_order_formula_v2_2026_07_14
P455_contiguous_cross_asset_etf_pressure_source_time_shift,2026-04-17,RELIANCE,NIFTYBEES,2026-04-20,long,1,1.4651973295979823,0.4439260123312781,0.4444444444444444,1,0,0,21,261,1296.6999999999998,1296.6999999999998,77,0.0,165.3300969416,-165.3300969416,zerodha_equity_intraday_nse_order_formula_v2_2026_07_14
P455_contiguous_cross_asset_etf_pressure_source_time_shift,2026-04-20,RELIANCE,NIFTYBEES,2026-04-21,long,1,1.4653177135869135,0.44630494284334243,0.44632086851628466,1,0,0,21,261,1319.9,1319.9,75,0.0,165.15120382,-165.15120382,zerodha_equity_intraday_nse_order_formula_v2_2026_07_14
P455_contiguous_cross_asset_etf_pressure_source_time_shift,2026-04-21,RELIANCE,NIFTYBEES,2026-04-22,long,1,1.471747148182922,0.4434105582985188,0.4438122332859175,1,0,0,21,261,1300.6,1300.6,76,0.0,165.1204100544,-165.1204100544,zerodha_equity_intraday_nse_order_formula_v2_2026_07_14
P455_contiguous_cross_asset_etf_pressure_source_time_shift,2026-04-22,RELIANCE,NIFTYBEES,2026-04-23,long,1,1.4413453260490068,0.45082909210310296,0.45018450184501846,1,0,0,21,261,1300.0,1300.0,76,0.0,165.11085119999998,-165.11085119999998,zerodha_equity_intraday_nse_order_formula_v2_2026_07_14
P455_contiguous_cross_asset_etf_pressure_source_time_shift,2026-04-23,RELIANCE,NIFTYBEES,2026-04-24,long,1,1.454892543434759,0.41621182208802693,0.41601392515230634,1,0,0,21,261,1279.6,1279.6,78,0.0,165.32231989119998,-165.32231989119998,zerodha_equity_intraday_nse_order_formula_v2_2026_07_14
P455_contiguous_cross_asset_etf_pressure_source_time_shift,2026-04-24,RELIANCE,NIFTYBEES,2026-04-27,long,1,1.4720651378692702,0.44696132596685084,0.44689655172413795,1,0,0,21,261,1301.3000000000002,1301.3000000000002,76,0.0,165.13156205120004,-165.13156205120004,zerodha_equity_intraday_nse_order_formula_v2_2026_07_14
P455_contiguous_cross_asset_etf_pressure_source_time_shift,2026-04-27,RELIANCE,NIFTYBEES,2026-04-28,long,1,1.4562314304788597,0.43735519515237925,0.4379172229639519,1,0,0,21,261,1296.6,1296.6,77,0.0,165.32848283680002,-165.32848283680002,zerodha_equity_intraday_nse_order_formula_v2_2026_07_14
P455_contiguous_cross_asset_etf_pressure_source_time_shift,2026-04-28,RELIANCE,NIFTYBEES,2026-04-29,long,1,1.4788180450107076,0.4577076310144039,0.4569460390355913,1,0,0,21,261,1304.8000000000002,1304.8000000000002,76,0.0,165.18732203519997,-165.18732203519997,zerodha_equity_intraday_nse_order_formula_v2_2026_07_14
P455_contiguous_cross_asset_etf_pressure_source_time_shift,2026-04-29,RELIANCE,NIFTYBEES,2026-04-30,long,1,1.4666216060528015,0.44615612501851576,0.44617092119866814,1,0,0,21,261,1307.4,1307.4,76,0.0,165.2287437376,-165.2287437376,zerodha_equity_intraday_nse_order_formula_v2_2026_07_14
P455_contiguous_cross_asset_etf_pressure_source_time_shift,2026-04-30,RELIANCE,NIFTYBEES,2026-05-01,long,1,1.473237202937842,0.44943498784151054,0.45016077170418006,1,0,0,21,261,1305.1999999999998,1305.1999999999998,76,0.0,165.1936946048,-165.1936946048,zerodha_equity_intraday_nse_order_formula_v2_2026_07_14
P455_contiguous_cross_asset_etf_pressure_source_time_shift,2026-05-01,RELIANCE,NIFTYBEES,2026-05-04,long,1,1.4729006808013387,0.44874600235650564,0.4489281210592686,1,0,0,21,261,1299.1,1299.1,76,0.0,165.0965129184,-165.0965129184,zerodha_equity_intraday_nse_order_formula_v2_2026_07_14
P455_contiguous_cross_asset_etf_pressure_source_time_shift,2026-05-04,RELIANCE,NIFTYBEES,2026-05-05,long,1,1.4537978098818425,0.4487006412419845,0.4475347661188369,1,0,0,21,261,1302.3000000000002,1302.3000000000002,76,0.0,165.1474934752,-165.1474934752,zerodha_equity_intraday_nse_order_formula_v2_2026_07_14
P455_contiguous_cross_asset_etf_pressure_source_time_shift,2026-05-05,RELIANCE,NIFTYBEES,2026-05-06,long,1,1.4735115372897392,0.43532008830022073,0.43439911797133407,1,0,0,21,261,1294.1,1294.1,77,0.0,165.28813021680003,-165.28813021680003,zerodha_equity_intraday_nse_order_formula_v2_2026_07_14
P455_contiguous_cross_asset_etf_pressure_source_time_shift,2026-05-06,RELIANCE,NIFTYBEES,2026-05-07,long,1,1.4407321891006373,0.4557515217730607,0.45614035087719296,1,0,0,21,261,1305.6999999999998,1305.6999999999998,76,0.0,165.2016603168,-165.2016603168,zerodha_equity_intraday_nse_order_formula_v2_2026_07_14
P455_contiguous_cross_asset_etf_pressure_source_time_shift,2026-05-07,RELIANCE,NIFTYBEES,2026-05-08,long,1,1.4442175910130532,0.42720061412487204,0.42569511025886864,1,0,0,21,261,1292.5,1292.5,77,0.0,165.26230454,-165.26230454,zerodha_equity_intraday_nse_order_formula_v2_2026_07_14
P455_contiguous_cross_asset_etf_pressure_source_time_shift,2026-05-08,RELIANCE,NIFTYBEES,2026-05-11,long,1,1.4385770213028983,0.4305469235550031,0.4307334109429569,1,0,0,21,261,1295.2,1295.2,77,0.0,165.3058853696,-165.3058853696,zerodha_equity_intraday_nse_order_formula_v2_2026_07_14
P455_contiguous_cross_asset_etf_pressure_source_time_shift,2026-05-11,RELIANCE,NIFTYBEES,2026-05-12,long,1,1.468850553362179,0.44452841596130593,0.44394110985277463,1,0,0,21,261,1289.9,1289.9,77,0.0,165.2203378152,-165.2203378152,zerodha_equity_intraday_nse_order_formula_v2_2026_07_14
P455_contiguous_cross_asset_etf_pressure_source_time_shift,2026-05-12,RELIANCE,NIFTYBEES,2026-05-13,long,1,1.4524353748959342,0.44791006966434455,0.4483985765124555,1,0,0,21,261,1311.3000000000002,1311.3000000000002,76,0.0,165.2908762912,-165.2908762912,zerodha_equity_intraday_nse_order_formula_v2_2026_07_14
P455_contiguous_cross_asset_etf_pressure_source_time_shift,2026-05-13,RELIANCE,NIFTYBEES,2026-05-14,long,1,1.480852922095609,0.432833605462372,0.43159065628476084,1,0,0,21,261,1313.9,1313.9,76,0.0,165.3322979936,-165.3322979936,zerodha_equity_intraday_nse_order_formula_v2_2026_07_14
P455_contiguous_cross_asset_etf_pressure_source_time_shift,2026-05-14,RELIANCE,NIFTYBEES,2026-05-15,long,1,1.4688736036466754,0.46313963573287076,0.4623955431754875,1,0,0,21,261,1308.4,1308.4,76,0.0,165.2446751616,-165.2446751616,zerodha_equity_intraday_nse_order_formula_v2_2026_07_14
P455_contiguous_cross_asset_etf_pressure_source_time_shift,2026-05-15,RELIANCE,NIFTYBEES,2026-05-18,long,1,1.4526864639473107,0.43735519515237925,0.4379172229639519,1,0,0,21,261,1295.9,1295.9,77,0.0,165.31718410320002,-165.31718410320002,zerodha_equity_intraday_nse_order_formula_v2_2026_07_14
P455_contiguous_cross_asset_etf_pressure_source_time_shift,2026-05-18,RELIANCE,NIFTYBEES,2026-05-19,long,1,1.459669580998958,0.432833605462372,0.43159065628476084,1,0,0,21,261,1300.9,1300.9,76,0.0,165.12518948160002,-165.12518948160002,zerodha_equity_intraday_nse_order_formula_v2_2026_07_14
P455_contiguous_cross_asset_etf_pressure_source_time_shift,2026-05-19,RELIANCE,NIFTYBEES,2026-05-20,long,1,1.4691216927969486,0.44665864971654357,0.4453024453024453,1,0,0,21,261,1302.3000000000002,1302.3000000000002,76,0.0,165.1474934752,-165.1474934752,zerodha_equity_intraday_nse_order_formula_v2_2026_07_14
P455_contiguous_cross_asset_etf_pressure_source_time_shift,2026-05-20,RELIANCE,NIFTYBEES,2026-05-21,long,1,1.469790470824383,0.4438731790916881,0.4441591784338896,1,0,0,21,261,1301.5,1301.5,76,0.0,165.13474833600003,-165.13474833600003,zerodha_equity_intraday_nse_order_formula_v2_2026_07_14
P455_contiguous_cross_asset_etf_pressure_source_time_shift,2026-05-21,RELIANCE,NIFTYBEES,2026-05-22,long,1,1.4809889047730094,0.4506172839506173,0.44914134742404227,1,0,0,21,261,1303.1999999999998,1303.1999999999998,76,0.0,165.16183175679998,-165.16183175679998,zerodha_equity_intraday_nse_order_formula_v2_2026_07_14
P455_contiguous_cross_asset_etf_pressure_source_time_shift,2026-05-22,RELIANCE,NIFTYBEES,2026-05-25,long,1,1.4572874779957306,0.4503114382785957,0.4496288441145281,1,0,0,21,261,1301.1,1301.1,76,0.0,165.1283757664,-165.1283757664,zerodha_equity_intraday_nse_order_formula_v2_2026_07_14
P455_contiguous_cross_asset_etf_pressure_source_time_shift,2026-05-25,RELIANCE,NIFTYBEES,2026-05-26,long,1,1.4658604545047174,0.44210872064378387,0.4403444034440344,1,0,0,21,261,1293.9,1293.9,77,0.0,165.28490200720003,-165.28490200720003,zerodha_equity_intraday_nse_order_formula_v2_2026_07_14
P455_contiguous_cross_asset_etf_pressure_source_time_shift,2026-05-26,RELIANCE,NIFTYBEES,2026-05-27,long,1,1.4613873416032117,0.4432201883774658,0.4420772303595206,1,0,0,21,261,1300.1999999999998,1300.1999999999998,76,0.0,165.11403748479998,-165.11403748479998,zerodha_equity_intraday_nse_order_formula_v2_2026_07_14
P455_contiguous_cross_asset_etf_pressure_source_time_shift,2026-05-27,RELIANCE,NIFTYBEES,2026-05-28,long,1,1.462587280223285,0.4519641018096219,0.4520396912899669,1,0,0,21,261,1269.6,1269.6,78,0.0,165.15881317120002,-165.15881317120002,zerodha_equity_intraday_nse_order_formula_v2_2026_07_14
P455_contiguous_cross_asset_etf_pressure_source_time_shift,2026-05-28,RELIANCE,NIFTYBEES,2026-05-29,long,1,1.4642116370763087,0.4379454926624738,0.4364207221350079,1,0,0,21,261,1299.1,1299.1,76,0.0,165.0965129184,-165.0965129184,zerodha_equity_intraday_nse_order_formula_v2_2026_07_14
P455_contiguous_cross_asset_etf_pressure_source_time_shift,2026-05-29,RELIANCE,NIFTYBEES,2026-06-01,long,1,1.4655423731230217,0.4457162093923582,0.44388398486759145,1,0,0,21,261,1297.9,1297.9,77,0.0,165.34946619919998,-165.34946619919998,zerodha_equity_intraday_nse_order_formula_v2_2026_07_14
P455_contiguous_cross_asset_etf_pressure_source_time_shift,2026-06-01,RELIANCE,NIFTYBEES,2026-06-02,long,1,1.4531497048895574,0.44560260586319217,0.44552845528455287,1,0,0,21,261,1299.9,1299.9,76,0.0,165.10925805760002,-165.10925805760002,zerodha_equity_intraday_nse_order_formula_v2_2026_07_14
P455_contiguous_cross_asset_etf_pressure_source_time_shift,2026-06-02,RELIANCE,NIFTYBEES,2026-06-03,long,1,1.4612548169210193,0.4348322626695218,0.43422459893048126,1,0,0,21,261,1262.1999999999998,1262.1999999999998,79,0.0,165.30240561120002,-165.30240561120002,zerodha_equity_intraday_nse_order_formula_v2_2026_07_14
P455_contiguous_cross_asset_etf_pressure_source_time_shift,2026-06-03,RELIANCE,NIFTYBEES,2026-06-04,long,1,1.4633360835494795,0.4419692998876825,0.44039270687237025,1,0,0,21,261,1297.5,1297.5,77,0.0,165.34300978000002,-165.34300978000002,zerodha_equity_intraday_nse_order_formula_v2_2026_07_14
P455_contiguous_cross_asset_etf_pressure_source_time_shift,2026-06-04,RELIANCE,NIFTYBEES,2026-06-05,long,1,1.4722922170465502,0.4442486382569689,0.44417767106842737,1,0,0,21,261,1299.9,1299.9,76,0.0,165.10925805760002,-165.10925805760002,zerodha_equity_intraday_nse_order_formula_v2_2026_07_14
P455_contiguous_cross_asset_etf_pressure_source_time_shift,2026-06-05,RELIANCE,NIFTYBEES,2026-06-08,long,1,1.4677242847632186,0.4545598480050665,0.4531435349940688,1,0,0,21,261,1301.1,1301.1,76,0.0,165.1283757664,-165.1283757664,zerodha_equity_intraday_nse_order_formula_v2_2026_07_14
P455_contiguous_cross_asset_etf_pressure_source_time_shift,2026-06-08,RELIANCE,NIFTYBEES,2026-06-09,long,1,1.4699253625156843,0.44268177525967894,0.44130127298444133,1,0,0,21,261,1297.4,1297.4,77,0.0,165.34139567520003,-165.34139567520003,zerodha_equity_intraday_nse_order_formula_v2_2026_07_14
P455_contiguous_cross_asset_etf_pressure_source_time_shift,2026-06-09,RELIANCE,NIFTYBEES,2026-06-10,long,1,1.447202846366148,0.4487156457697144,0.44952893674293404,1,0,0,21,261,1300.0,1300.0,76,0.0,165.11085119999998,-165.11085119999998,zerodha_equity_intraday_nse_order_formula_v2_2026_07_14
P455_contiguous_cross_asset_etf_pressure_source_time_shift,2026-06-10,RELIANCE,NIFTYBEES,2026-06-11,long,1,1.4578773280536326,0.4270984606447865,0.426550598476605,1,0,0,21,261,1292.4,1292.4,77,0.0,165.26069043520002,-165.26069043520002,zerodha_equity_intraday_nse_order_formula_v2_2026_07_14
P455_contiguous_cross_asset_etf_pressure_source_time_shift,2026-06-11,RELIANCE,NIFTYBEES,2026-06-12,long,1,1.4203778402209295,0.44620963564151267,0.445019404915912,1,0,0,21,261,1302.3000000000002,1302.3000000000002,76,0.0,165.1474934752,-165.1474934752,zerodha_equity_intraday_nse_order_formula_v2_2026_07_14
P455_contiguous_cross_asset_etf_pressure_source_time_shift,2026-06-12,RELIANCE,NIFTYBEES,2026-06-15,long,1,1.432220498050842,0.3901867051501759,0.39080459770114945,1,0,0,21,261,1279.8,1279.8,78,0.0,165.3255900256,-165.3255900256,zerodha_equity_intraday_nse_order_formula_v2_2026_07_14
P455_contiguous_cross_asset_etf_pressure_source_time_shift,2026-06-15,RELIANCE,NIFTYBEES,2026-06-16,long,1,1.461772295523437,0.433113193057902,0.4326812428078251,1,0,0,21,261,1296.1999999999998,1296.1999999999998,77,0.0,165.3220264176,-165.3220264176,zerodha_equity_intraday_nse_order_formula_v2_2026_07_14
P455_contiguous_cross_asset_etf_pressure_source_time_shift,2026-06-16,RELIANCE,NIFTYBEES,2026-06-17,long,1,1.4593484295610017,0.4382745098039216,0.4371327849588719,1,0,0,21,261,1293.6,1293.6,77,0.0,165.2800596928,-165.2800596928,zerodha_equity_intraday_nse_order_formula_v2_2026_07_14
P455_contiguous_cross_asset_etf_pressure_source_time_shift,2026-06-17,RELIANCE,NIFTYBEES,2026-06-18,long,1,1.4724408780465903,0.43995726495726495,0.4384,1,0,0,21,261,1298.6999999999998,1298.6999999999998,77,0.0,165.3623790376,-165.3623790376,zerodha_equity_intraday_nse_order_formula_v2_2026_07_14
P455_contiguous_cross_asset_etf_pressure_source_time_shift,2026-06-18,RELIANCE,NIFTYBEES,2026-06-19,long,1,1.4700884338230518,0.45458853261728005,0.4544378698224852,1,0,0,21,261,1301.1,1301.1,76,0.0,165.1283757664,-165.1283757664,zerodha_equity_intraday_nse_order_formula_v2_2026_07_14
P455_contiguous_cross_asset_etf_pressure_source_time_shift,2026-06-19,RELIANCE,NIFTYBEES,2026-06-22,long,1,1.4357348509914247,0.44754555902150717,0.44772447724477243,1,0,0,21,261,1300.3000000000002,1300.3000000000002,76,0.0,165.1156306272,-165.1156306272,zerodha_equity_intraday_nse_order_formula_v2_2026_07_14
P455_contiguous_cross_asset_etf_pressure_source_time_shift,2026-06-22,RELIANCE,NIFTYBEES,2026-06-23,long,1,1.4802945304907213,0.42008225783576797,0.41870350690754515,1,0,0,21,261,1291.5,1291.5,77,0.0,165.24616349200002,-165.24616349200002,zerodha_equity_intraday_nse_order_formula_v2_2026_07_14
P455_contiguous_cross_asset_etf_pressure_source_time_shift,2026-06-23,RELIANCE,NIFTYBEES,2026-06-24,long,1,1.474687699312164,0.4636464633995803,0.46253469010175763,1,0,0,21,261,1308.1999999999998,1308.1999999999998,76,0.0,165.2414888768,-165.2414888768,zerodha_equity_intraday_nse_order_formula_v2_2026_07_14
P455_contiguous_cross_asset_etf_pressure_source_time_shift,2026-06-24,RELIANCE,NIFTYBEES,2026-06-25,long,1,1.4594120386309037,0.4458620110794024,0.44528301886792454,1,0,0,21,261,1302.1999999999998,1302.1999999999998,76,0.0,165.14590033279998,-165.14590033279998,zerodha_equity_intraday_nse_order_formula_v2_2026_07_14
P455_contiguous_cross_asset_etf_pressure_source_time_shift,2026-06-25,RELIANCE,NIFTYBEES,2026-06-26,long,1,1.4447059706893488,0.44027688345138444,0.4390832328106152,1,0,0,21,261,1323.2,1323.2,75,0.0,165.20308576,-165.20308576,zerodha_equity_intraday_nse_order_formula_v2_2026_07_14
P455_contiguous_cross_asset_etf_pressure_source_time_shift,2026-06-26,RELIANCE,NIFTYBEES,2026-06-29,long,1,1.4616109218174662,0.42313810556760667,0.4225352112676056,1,0,0,21,261,1290.3000000000002,1290.3000000000002,77,0.0,165.2267942344,-165.2267942344,zerodha_equity_intraday_nse_order_formula_v2_2026_07_14
P455_contiguous_cross_asset_etf_pressure_source_time_shift,2026-06-29,RELIANCE,NIFTYBEES,2026-06-30,long,1,1.5084715641997184,0.44869857262804363,0.4477987421383648,1,0,0,21,261,1302.1,1302.1,76,0.0,165.1443071904,-165.1443071904,zerodha_equity_intraday_nse_order_formula_v2_2026_07_14
P455_contiguous_cross_asset_etf_pressure_side_flip,2026-01-01,AXISBANK,BANKBEES,2026-01-01,short,-1,0.6549393326425668,0.016579259008627983,0.017743979721166033,0,0,0,21,261,1316.6,1316.6,75,-0.0,165.09932188000002,-165.09932188000002,zerodha_equity_intraday_nse_order_formula_v2_2026_07_14
P455_contiguous_cross_asset_etf_pressure_side_flip,2026-01-02,AXISBANK,BANKBEES,2026-01-02,short,-1,0.6674763025375386,0.015829218704618064,0.015233949945593036,0,0,0,21,261,1317.5,1317.5,75,-0.0,165.1134715,-165.1134715,zerodha_equity_intraday_nse_order_formula_v2_2026_07_14
P455_contiguous_cross_asset_etf_pressure_side_flip,2026-01-05,AXISBANK,BANKBEES,2026-01-05,short,-1,0.662129345428605,0.01300041271151465,0.012364760432766615,0,0,0,21,261,1317.0,1317.0,75,-0.0,165.10561060000003,-165.10561060000003,zerodha_equity_intraday_nse_order_formula_v2_2026_07_14
P455_contiguous_cross_asset_etf_pressure_side_flip,2026-01-06,AXISBANK,BANKBEES,2026-01-06,short,-1,0.6657079019749051,0.019604182225541448,0.019580419580419582,0,0,0,21,261,1319.5,1319.5,75,-0.0,165.1449151,-165.1449151,zerodha_equity_intraday_nse_order_formula_v2_2026_07_14
P455_contiguous_cross_asset_etf_pressure_side_flip,2026-01-07,AXISBANK,BANKBEES,2026-01-07,short,-1,0.6231420900698388,0.00492091388400703,0.0052677787532923615,0,0,0,21,261,1303.1,1303.1,76,-0.0,165.16023861440001,-165.16023861440001,zerodha_equity_intraday_nse_order_formula_v2_2026_07_14
P455_contiguous_cross_asset_etf_pressure_side_flip,2026-01-08,AXISBANK,BANKBEES,2026-01-08,short,-1,0.660643415086546,0.01606903734563309,0.01560758082497213,0,0,0,21,261,1283.1999999999998,1283.1999999999998,77,-0.0,165.1121927936,-165.1121927936,zerodha_equity_intraday_nse_order_formula_v2_2026_07_14
P455_contiguous_cross_asset_etf_pressure_side_flip,2026-01-09,AXISBANK,BANKBEES,2026-01-09,short,-1,0.6633692224678525,0.019100538287897203,0.018205461638491547,0,0,0,21,261,1321.5,1321.5,75,-0.0,165.1763587,-165.1763587,zerodha_equity_intraday_nse_order_formula_v2_2026_07_14
P455_contiguous_cross_asset_etf_pressure_side_flip,2026-01-12,AXISBANK,BANKBEES,2026-01-12,short,-1,0.6626777829318188,0.03585320480297649,0.035487959442332066,0,0,0,21,261,1326.9,1326.9,75,-0.0,165.26125642,-165.26125642,zerodha_equity_intraday_nse_order_formula_v2_2026_07_14
P455_contiguous_cross_asset_etf_pressure_side_flip,2026-01-13,AXISBANK,BANKBEES,2026-01-13,short,-1,0.6564018367990205,0.019762183888795845,0.020075282308657464,0,0,0,21,261,1317.4,1317.4,75,-0.0,165.11189932,-165.11189932,zerodha_equity_intraday_nse_order_formula_v2_2026_07_14
P455_contiguous_cross_asset_etf_pressure_side_flip,2026-01-14,AXISBANK,BANKBEES,2026-01-14,short,-1,0.6833264022323159,0.03444426726199968,0.03345280764635603,0,0,0,21,261,1323.9,1323.9,75,-0.0,165.21409101999998,-165.21409101999998,zerodha_equity_intraday_nse_order_formula_v2_2026_07_14
P455_contiguous_cross_asset_etf_pressure_side_flip,2026-01-15,AXISBANK,BANKBEES,2026-01-15,short,-1,0.6853609081666978,0.04101979774960832,0.04055496264674493,0,0,0,21,261,1346.5,1346.5,74,-0.0,165.287144984,-165.287144984,zerodha_equity_intraday_nse_order_formula_v2_2026_07_14
P455_contiguous_cross_asset_etf_pressure_side_flip,2026-01-16,AXISBANK,BANKBEES,2026-01-16,short,-1,0.6562396718837429,0.01812004530011325,0.01696969696969697,0,0,0,21,261,1344.3000000000002,1344.3000000000002,74,-0.0,165.2530181968,-165.2530181968,zerodha_equity_intraday_nse_order_formula_v2_2026_07_14
P455_contiguous_cross_asset_etf_pressure_side_flip,2026-01-19,AXISBANK,BANKBEES,2026-01-19,short,-1,0.6694943414536033,0.021196732170457054,0.019834710743801654,0,0,0,21,261,1317.4,1317.4,75,-0.0,165.11189932,-165.11189932,zerodha_equity_intraday_nse_order_formula_v2_2026_07_14
P455_contiguous_cross_asset_etf_pressure_side_flip,2026-01-20,AXISBANK,BANKBEES,2026-01-20,short,-1,0.6864705942622586,0.03213042101930991,0.03084223013048636,0,0,0,21,261,1325.9,1325.9,75,-0.0,165.24553462,-165.24553462,zerodha_equity_intraday_nse_order_formula_v2_2026_07_14
P455_contiguous_cross_asset_etf_pressure_side_flip,2026-01-21,AXISBANK,BANKBEES,2026-01-21,short,-1,0.6700139375770982,0.020382842963488124,0.01859229747675963,0,0,0,21,261,1319.1,1319.1,75,-0.0,165.13862637999998,-165.13862637999998,zerodha_equity_intraday_nse_order_formula_v2_2026_07_14
P455_contiguous_cross_asset_etf_pressure_side_flip,2026-01-22,AXISBANK,BANKBEES,2026-01-22,short,-1,0.6602521666193587,0.015701377573692787,0.01553829078801332,0,0,0,21,261,1300.1999999999998,1300.1999999999998,76,-0.0,165.11403748479998,-165.11403748479998,zerodha_equity_intraday_nse_order_formula_v2_2026_07_14
P455_contiguous_cross_asset_etf_pressure_side_flip,2026-01-23,AXISBANK,BANKBEES,2026-01-23,short,-1,0.6611357790660358,0.024881003894418,0.02593192868719611,0,0,0,21,261,1320.9,1320.9,75,-0.0,165.16692562,-165.16692562,zerodha_equity_intraday_nse_order_formula_v2_2026_07_14
P455_contiguous_cross_asset_etf_pressure_side_flip,2026-01-26,AXISBANK,BANKBEES,2026-01-26,short,-1,0.67667165419886,0.02153478037942232,0.020486555697823303,0,0,0,21,261,1321.8000000000002,1321.8000000000002,75,-0.0,165.18107523999998,-165.18107523999998,zerodha_equity_intraday_nse_order_formula_v2_2026_07_14
P455_contiguous_cross_asset_etf_pressure_side_flip,2026-01-27,AXISBANK,BANKBEES,2026-01-27,short,-1,0.6704026359200433,0.026744825059534714,0.027434842249657063,0,0,0,21,261,1333.1,1333.1,75,-0.0,165.35873158,-165.35873158,zerodha_equity_intraday_nse_order_formula_v2_2026_07_14
P455_contiguous_cross_asset_etf_pressure_side_flip,2026-01-28,AXISBANK,BANKBEES,2026-01-28,short,-1,0.6507721168558189,0.011347517730496455,0.011806375442739079,0,0,0,21,261,1317.9,1317.9,75,-0.0,165.11976022000002,-165.11976022000002,zerodha_equity_intraday_nse_order_formula_v2_2026_07_14
P455_contiguous_cross_asset_etf_pressure_side_flip,2026-01-29,AXISBANK,BANKBEES,2026-01-29,short,-1,0.6897628401880647,0.030136500620457366,0.029216467463479414,0,0,0,21,261,1322.1999999999998,1322.1999999999998,75,-0.0,165.18736396,-165.18736396,zerodha_equity_intraday_nse_order_formula_v2_2026_07_14
P455_contiguous_cross_asset_etf_pressure_side_flip,2026-01-30,AXISBANK,BANKBEES,2026-01-30,short,-1,0.6743125382649581,0.02378870036732552,0.023591087811271297,0,0,0,21,261,1321.8000000000002,1321.8000000000002,75,-0.0,165.18107523999998,-165.18107523999998,zerodha_equity_intraday_nse_order_formula_v2_2026_07_14
P455_contiguous_cross_asset_etf_pressure_side_flip,2026-02-02,AXISBANK,BANKBEES,2026-02-02,short,-1,0.6926674049789291,0.013764510779436153,0.012422360248447204,0,0,0,21,261,1328.0,1328.0,75,-0.0,165.27855040000003,-165.27855040000003,zerodha_equity_intraday_nse_order_formula_v2_2026_07_14
P455_contiguous_cross_asset_etf_pressure_side_flip,2026-02-03,AXISBANK,BANKBEES,2026-02-03,short,-1,0.6709568833823685,0.01670601053205012,0.0163265306122449,0,0,0,21,261,1322.0,1322.0,75,-0.0,165.18421960000003,-165.18421960000003,zerodha_equity_intraday_nse_order_formula_v2_2026_07_14
P455_contiguous_cross_asset_etf_pressure_side_flip,2026-02-04,AXISBANK,BANKBEES,2026-02-04,short,-1,0.636785646331437,0.0008939974457215837,0.0,0,0,0,21,261,1313.1999999999998,1313.1999999999998,76,-0.0,165.32114599679997,-165.32114599679997,zerodha_equity_intraday_nse_order_formula_v2_2026_07_14
P455_contiguous_cross_asset_etf_pressure_side_flip,2026-02-05,AXISBANK,BANKBEES,2026-02-05,short,-1,0.6514785010330668,0.013522112631244034,0.014302741358760428,0,0,0,21,261,1316.0,1316.0,75,-0.0,165.0898888,-165.0898888,zerodha_equity_intraday_nse_order_formula_v2_2026_07_14
P455_contiguous_cross_asset_etf_pressure_side_flip,2026-02-06,AXISBANK,BANKBEES,2026-02-06,short,-1,0.6367607120878909,0.007057716436637391,0.007050528789659225,0,0,0,21,261,1316.4,1316.4,75,-0.0,165.09617752,-165.09617752,zerodha_equity_intraday_nse_order_formula_v2_2026_07_14
P455_contiguous_cross_asset_etf_pressure_side_flip,2026-02-09,AXISBANK,BANKBEES,2026-02-09,short,-1,0.661161096771451,0.0223666314039595,0.022650056625141562,0,0,0,21,261,1321.1999999999998,1321.1999999999998,75,-0.0,165.17164215999998,-165.17164215999998,zerodha_equity_intraday_nse_order_formula_v2_2026_07_14
P455_contiguous_cross_asset_etf_pressure_side_flip,2026-02-10,AXISBANK,BANKBEES,2026-02-10,short,-1,0.695711318106023,0.03789050417568821,0.03707995365005794,0,0,0,21,261,1327.6999999999998,1327.6999999999998,75,-0.0,165.27383386,-165.27383386,zerodha_equity_intraday_nse_order_formula_v2_2026_07_14
P455_contiguous_cross_asset_etf_pressure_side_flip,2026-02-11,AXISBANK,BANKBEES,2026-02-11,short,-1,0.6596451812224974,0.016579259008627983,0.017743979721166033,0,0,0,21,261,1319.5,1319.5,75,-0.0,165.1449151,-165.1449151,zerodha_equity_intraday_nse_order_formula_v2_2026_07_14
P455_contiguous_cross_asset_etf_pressure_side_flip,2026-02-12,AXISBANK,BANKBEES,2026-02-12,short,-1,0.6682162619551792,0.02228596646072374,0.019834710743801654,0,0,0,21,261,1322.5,1322.5,75,-0.0,165.1920805,-165.1920805,zerodha_equity_intraday_nse_order_formula_v2_2026_07_14
P455_contiguous_cross_asset_etf_pressure_side_flip,2026-02-13,AXISBANK,BANKBEES,2026-02-13,short,-1,0.6574185538271161,0.013465346534653465,0.013847675568743818,0,0,0,21,261,1317.5,1317.5,75,-0.0,165.1134715,-165.1134715,zerodha_equity_intraday_nse_order_formula_v2_2026_07_14
P455_contiguous_cross_asset_etf_pressure_side_flip,2026-02-16,AXISBANK,BANKBEES,2026-02-16,short,-1,0.6493614912153113,0.010032965457933208,0.010741138560687433,0,0,0,21,261,1317.8000000000002,1317.8000000000002,75,-0.0,165.11818804000004,-165.11818804000004,zerodha_equity_intraday_nse_order_formula_v2_2026_07_14
P455_contiguous_cross_asset_etf_pressure_side_flip,2026-02-17,AXISBANK,BANKBEES,2026-02-17,short,-1,0.6601798706556947,0.015170088875268158,0.013777267508610792,0,0,0,21,261,1316.3000000000002,1316.3000000000002,75,-0.0,165.09460534,-165.09460534,zerodha_equity_intraday_nse_order_formula_v2_2026_07_14
P455_contiguous_cross_asset_etf_pressure_side_flip,2026-02-18,AXISBANK,BANKBEES,2026-02-18,short,-1,0.66860661268556,0.027564102564102563,0.0288,0,0,0,21,261,1319.4,1319.4,75,-0.0,165.14334292,-165.14334292,zerodha_equity_intraday_nse_order_formula_v2_2026_07_14
P455_contiguous_cross_asset_etf_pressure_side_flip,2026-02-19,AXISBANK,BANKBEES,2026-02-19,short,-1,0.6434058271878415,0.008214381901427417,0.008072653884964682,0,0,0,21,261,1314.3000000000002,1314.3000000000002,76,-0.0,165.33867056320003,-165.33867056320003,zerodha_equity_intraday_nse_order_formula_v2_2026_07_14
P455_contiguous_cross_asset_etf_pressure_side_flip,2026-02-20,AXISBANK,BANKBEES,2026-02-20,short,-1,0.6765257415615411,0.026764405046027957,0.02554278416347382,0,0,0,21,261,1320.9,1320.9,75,-0.0,165.16692562,-165.16692562,zerodha_equity_intraday_nse_order_formula_v2_2026_07_14
P455_contiguous_cross_asset_etf_pressure_side_flip,2026-02-23,AXISBANK,BANKBEES,2026-02-23,short,-1,0.6514081181170013,0.015401540154015401,0.014134275618374558,0,0,0,21,261,1319.5,1319.5,75,-0.0,165.1449151,-165.1449151,zerodha_equity_intraday_nse_order_formula_v2_2026_07_14
P455_contiguous_cross_asset_etf_pressure_side_flip,2026-02-24,AXISBANK,BANKBEES,2026-02-24,short,-1,0.6820188870500078,0.02596840510711967,0.02593192868719611,0,0,0,21,261,1320.3,1320.3,75,-0.0,165.15749254,-165.15749254,zerodha_equity_intraday_nse_order_formula_v2_2026_07_14
P455_contiguous_cross_asset_etf_pressure_side_flip,2026-02-25,AXISBANK,BANKBEES,2026-02-25,short,-1,0.6581681996641673,0.019198818534244048,0.019363762102351315,0,0,0,21,261,1318.1,1318.1,75,-0.0,165.12290458,-165.12290458,zerodha_equity_intraday_nse_order_formula_v2_2026_07_14
P455_contiguous_cross_asset_etf_pressure_side_flip,2026-02-26,AXISBANK,BANKBEES,2026-02-26,short,-1,0.6495654727406168,0.010858090785703513,0.011299435028248588,0,0,0,21,261,1316.1,1316.1,75,-0.0,165.09146098000002,-165.09146098000002,zerodha_equity_intraday_nse_order_formula_v2_2026_07_14
P455_contiguous_cross_asset_etf_pressure_side_flip,2026-02-27,AXISBANK,BANKBEES,2026-02-27,short,-1,0.643251098488426,0.009854014598540146,0.010938924339106655,0,0,0,21,261,1315.2,1315.2,76,-0.0,165.3530088448,-165.3530088448,zerodha_equity_intraday_nse_order_formula_v2_2026_07_14
P455_contiguous_cross_asset_etf_pressure_side_flip,2026-03-02,AXISBANK,BANKBEES,2026-03-02,short,-1,0.65669728086409,0.013104013104013105,0.014723926380368098,0,0,0,21,261,1317.4,1317.4,75,-0.0,165.11189932,-165.11189932,zerodha_equity_intraday_nse_order_formula_v2_2026_07_14
P455_contiguous_cross_asset_etf_pressure_side_flip,2026-03-03,AXISBANK,BANKBEES,2026-03-03,short,-1,0.7000755112320406,0.044889779559118236,0.044044044044044044,0,0,0,21,261,1299.5,1299.5,76,-0.0,165.102885488,-165.102885488,zerodha_equity_intraday_nse_order_formula_v2_2026_07_14
P455_contiguous_cross_asset_etf_pressure_side_flip,2026-03-04,AXISBANK,BANKBEES,2026-03-04,short,-1,0.6732171320535756,0.02948094715383409,0.03055229142185664,0,0,0,21,261,1339.1,1339.1,74,-0.0,165.17235488160003,-165.17235488160003,zerodha_equity_intraday_nse_order_formula_v2_2026_07_14
P455_contiguous_cross_asset_etf_pressure_side_flip,2026-03-05,AXISBANK,BANKBEES,2026-03-05,short,-1,0.6672953845359558,0.020627344016365495,0.020434227330779056,0,0,0,21,261,1317.9,1317.9,75,-0.0,165.11976022000002,-165.11976022000002,zerodha_equity_intraday_nse_order_formula_v2_2026_07_14
P455_contiguous_cross_asset_etf_pressure_side_flip,2026-03-06,AXISBANK,BANKBEES,2026-03-06,short,-1,0.6641164136371166,0.023924164911224798,0.02480270574971815,0,0,0,21,261,1318.6,1318.6,75,-0.0,165.13076547999998,-165.13076547999998,zerodha_equity_intraday_nse_order_formula_v2_2026_07_14
P455_contiguous_cross_asset_etf_pressure_side_flip,2026-03-09,AXISBANK,BANKBEES,2026-03-09,short,-1,0.6842320272055797,0.03393939393939394,0.03372243839169909,0,0,0,21,261,1325.6999999999998,1325.6999999999998,75,-0.0,165.24239026,-165.24239026,zerodha_equity_intraday_nse_order_formula_v2_2026_07_14
P455_contiguous_cross_asset_etf_pressure_side_flip,2026-03-10,AXISBANK,BANKBEES,2026-03-10,short,-1,0.6619663132566358,0.020382842963488124,0.01859229747675963,0,0,0,21,261,1321.1999999999998,1321.1999999999998,75,-0.0,165.17164215999998,-165.17164215999998,zerodha_equity_intraday_nse_order_formula_v2_2026_07_14
P455_contiguous_cross_asset_etf_pressure_side_flip,2026-03-11,AXISBANK,BANKBEES,2026-03-11,short,-1,0.6719029449294378,0.02629176556509038,0.027359781121751026,0,0,0,21,261,1321.6,1321.6,75,-0.0,165.17793088,-165.17793088,zerodha_equity_intraday_nse_order_formula_v2_2026_07_14
P455_contiguous_cross_asset_etf_pressure_side_flip,2026-03-12,AXISBANK,BANKBEES,2026-03-12,short,-1,0.6594865942314349,0.015479387142631496,0.014201183431952662,0,0,0,21,261,1351.4,1351.4,73,-0.0,165.07986877279998,-165.07986877279998,zerodha_equity_intraday_nse_order_formula_v2_2026_07_14
P455_contiguous_cross_asset_etf_pressure_side_flip,2026-03-13,AXISBANK,BANKBEES,2026-03-13,short,-1,0.7164651587351475,0.0480164751788424,0.047116165718927704,0,0,0,21,261,1329.3,1329.3,75,-0.0,165.29898874,-165.29898874,zerodha_equity_intraday_nse_order_formula_v2_2026_07_14
P455_contiguous_cross_asset_etf_pressure_side_flip,2026-03-16,AXISBANK,BANKBEES,2026-03-16,short,-1,0.6667262075728797,0.024967433782023447,0.026016260162601626,0,0,0,21,261,1322.6,1322.6,75,-0.0,165.19365268,-165.19365268,zerodha_equity_intraday_nse_order_formula_v2_2026_07_14
P455_contiguous_cross_asset_etf_pressure_side_flip,2026-03-17,AXISBANK,BANKBEES,2026-03-17,short,-1,0.6712203779947211,0.02272296913463359,0.02269503546099291,0,0,0,21,261,1321.9,1321.9,75,-0.0,165.18264742000002,-165.18264742000002,zerodha_equity_intraday_nse_order_formula_v2_2026_07_14
P455_contiguous_cross_asset_etf_pressure_side_flip,2026-03-18,AXISBANK,BANKBEES,2026-03-18,short,-1,0.6390000781105761,0.007993197278911564,0.007643312101910828,0,0,0,21,261,1316.0,1316.0,75,-0.0,165.0898888,-165.0898888,zerodha_equity_intraday_nse_order_formula_v2_2026_07_14
P455_contiguous_cross_asset_etf_pressure_side_flip,2026-03-19,AXISBANK,BANKBEES,2026-03-19,short,-1,0.6617912073378557,0.00706951691634405,0.007566204287515763,0,0,0,21,261,1313.6,1313.6,76,-0.0,165.3275185664,-165.3275185664,zerodha_equity_intraday_nse_order_formula_v2_2026_07_14
P455_contiguous_cross_asset_etf_pressure_side_flip,2026-03-20,AXISBANK,BANKBEES,2026-03-20,short,-1,0.6571225746961185,0.014294892386765179,0.01444043321299639,0,0,0,21,261,1315.9,1315.9,75,-0.0,165.08831662,-165.08831662,zerodha_equity_intraday_nse_order_formula_v2_2026_07_14
P455_contiguous_cross_asset_etf_pressure_side_flip,2026-03-23,AXISBANK,BANKBEES,2026-03-23,short,-1,0.6616471934957864,0.01957765068191817,0.019769357495881382,0,0,0,21,261,1317.4,1317.4,75,-0.0,165.11189932,-165.11189932,zerodha_equity_intraday_nse_order_formula_v2_2026_07_14
P455_contiguous_cross_asset_etf_pressure_side_flip,2026-03-24,AXISBANK,BANKBEES,2026-03-24,short,-1,0.6614450232587766,0.017076753580609623,0.016506189821182942,0,0,0,21,261,1317.4,1317.4,75,-0.0,165.11189932,-165.11189932,zerodha_equity_intraday_nse_order_formula_v2_2026_07_14
P455_contiguous_cross_asset_etf_pressure_side_flip,2026-03-25,AXISBANK,BANKBEES,2026-03-25,short,-1,0.6536197859670242,0.02621527777777778,0.02860858257477243,0,0,0,21,261,1321.6999999999998,1321.6999999999998,75,-0.0,165.17950306,-165.17950306,zerodha_equity_intraday_nse_order_formula_v2_2026_07_14
P455_contiguous_cross_asset_etf_pressure_side_flip,2026-03-26,AXISBANK,BANKBEES,2026-03-26,short,-1,0.6541301191900021,0.010674695497468181,0.012307692307692308,0,0,0,21,261,1314.5,1314.5,76,-0.0,165.34185684800002,-165.34185684800002,zerodha_equity_intraday_nse_order_formula_v2_2026_07_14
P455_contiguous_cross_asset_etf_pressure_side_flip,2026-03-27,AXISBANK,BANKBEES,2026-03-27,short,-1,0.6684872584749603,0.019909972299168976,0.020752269779507133,0,0,0,21,261,1319.4,1319.4,75,-0.0,165.14334292,-165.14334292,zerodha_equity_intraday_nse_order_formula_v2_2026_07_14
P455_contiguous_cross_asset_etf_pressure_side_flip,2026-03-30,AXISBANK,BANKBEES,2026-03-30,short,-1,0.6995053010203608,0.03172623995566639,0.03115264797507788,0,0,0,21,261,1323.6,1323.6,75,-0.0,165.20937447999998,-165.20937447999998,zerodha_equity_intraday_nse_order_formula_v2_2026_07_14
P455_contiguous_cross_asset_etf_pressure_side_flip,2026-03-31,AXISBANK,BANKBEES,2026-03-31,short,-1,0.6758654140623508,0.02689445196211096,0.025348542458808618,0,0,0,21,261,1323.6,1323.6,75,-0.0,165.20937447999998,-165.20937447999998,zerodha_equity_intraday_nse_order_formula_v2_2026_07_14
P455_contiguous_cross_asset_etf_pressure_side_flip,2026-04-01,AXISBANK,BANKBEES,2026-04-01,short,-1,0.6913714765291443,0.03947196444909162,0.039177277179236046,0,0,0,21,261,1326.5,1326.5,75,-0.0,165.25496769999998,-165.25496769999998,zerodha_equity_intraday_nse_order_formula_v2_2026_07_14
P455_contiguous_cross_asset_etf_pressure_side_flip,2026-04-02,AXISBANK,BANKBEES,2026-04-02,short,-1,0.6594526836759674,0.02521119324181626,0.025717111770524232,0,0,0,21,261,1320.4,1320.4,75,-0.0,165.15906472,-165.15906472,zerodha_equity_intraday_nse_order_formula_v2_2026_07_14
P455_contiguous_cross_asset_etf_pressure_side_flip,2026-04-03,AXISBANK,BANKBEES,2026-04-03,short,-1,0.6675137055704796,0.02632028713040506,0.02560819462227913,0,0,0,21,261,1323.0,1323.0,75,-0.0,165.1999414,-165.1999414,zerodha_equity_intraday_nse_order_formula_v2_2026_07_14
P455_contiguous_cross_asset_etf_pressure_side_flip,2026-04-06,AXISBANK,BANKBEES,2026-04-06,short,-1,0.6589098005061803,0.012474437627811861,0.01225114854517611,0,0,0,21,261,1316.0,1316.0,75,-0.0,165.0898888,-165.0898888,zerodha_equity_intraday_nse_order_formula_v2_2026_07_14
P455_contiguous_cross_asset_etf_pressure_side_flip,2026-04-07,AXISBANK,BANKBEES,2026-04-07,short,-1,0.6398945461304866,0.0076178384383431205,0.007134363852556481,0,0,0,21,261,1313.5,1313.5,76,-0.0,165.325925424,-165.325925424,zerodha_equity_intraday_nse_order_formula_v2_2026_07_14
P455_contiguous_cross_asset_etf_pressure_side_flip,2026-04-08,AXISBANK,BANKBEES,2026-04-08,short,-1,0.6622945355450303,0.018610690326769097,0.019448946515397084,0,0,0,21,261,1319.0,1319.0,75,-0.0,165.1370542,-165.1370542,zerodha_equity_intraday_nse_order_formula_v2_2026_07_14
P455_contiguous_cross_asset_etf_pressure_side_flip,2026-04-09,AXISBANK,BANKBEES,2026-04-09,short,-1,0.695140649257208,0.011042097998619738,0.012409513960703205,0,0,0,21,261,1327.3,1327.3,75,-0.0,165.26754514,-165.26754514,zerodha_equity_intraday_nse_order_formula_v2_2026_07_14
P455_contiguous_cross_asset_etf_pressure_side_flip,2026-04-10,AXISBANK,BANKBEES,2026-04-10,short,-1,0.7001929334967557,0.03146659273634599,0.03115264797507788,0,0,0,21,261,1323.5,1323.5,75,-0.0,165.2078023,-165.2078023,zerodha_equity_intraday_nse_order_formula_v2_2026_07_14
P455_contiguous_cross_asset_etf_pressure_side_flip,2026-04-13,AXISBANK,BANKBEES,2026-04-13,short,-1,0.6676545440906883,0.01566405599066822,0.017478152309612985,0,0,0,21,261,1319.9,1319.9,75,-0.0,165.15120382,-165.15120382,zerodha_equity_intraday_nse_order_formula_v2_2026_07_14
P455_contiguous_cross_asset_etf_pressure_side_flip,2026-04-14,AXISBANK,BANKBEES,2026-04-14,short,-1,0.661714569623586,0.01888539159414923,0.019417475728155338,0,0,0,21,261,1320.9,1320.9,75,-0.0,165.16692562,-165.16692562,zerodha_equity_intraday_nse_order_formula_v2_2026_07_14
P455_contiguous_cross_asset_etf_pressure_side_flip,2026-04-15,AXISBANK,BANKBEES,2026-04-15,short,-1,0.6658772806580694,0.019873373197326766,0.01844532279314888,0,0,0,21,261,1317.6999999999998,1317.6999999999998,75,-0.0,165.11661586000002,-165.11661586000002,zerodha_equity_intraday_nse_order_formula_v2_2026_07_14
P455_contiguous_cross_asset_etf_pressure_side_flip,2026-04-16,AXISBANK,BANKBEES,2026-04-16,short,-1,0.7236651239317156,0.02369020501138952,0.02502844141069397,0,0,0,21,261,1332.4,1332.4,75,-0.0,165.34772632,-165.34772632,zerodha_equity_intraday_nse_order_formula_v2_2026_07_14
P455_contiguous_cross_asset_etf_pressure_side_flip,2026-04-17,AXISBANK,BANKBEES,2026-04-17,short,-1,0.6748285583504133,0.029676817899316345,0.030267753201396973,0,0,0,21,261,1325.0,1325.0,75,-0.0,165.23138500000002,-165.23138500000002,zerodha_equity_intraday_nse_order_formula_v2_2026_07_14
P455_contiguous_cross_asset_etf_pressure_side_flip,2026-04-20,AXISBANK,BANKBEES,2026-04-20,short,-1,0.6699709171047165,0.02438627865387742,0.024360535931790498,0,0,0,21,261,1349.4,1349.4,74,-0.0,165.3321302944,-165.3321302944,zerodha_equity_intraday_nse_order_formula_v2_2026_07_14
P455_contiguous_cross_asset_etf_pressure_side_flip,2026-04-21,AXISBANK,BANKBEES,2026-04-21,short,-1,0.6859246483076051,0.033065080475857246,0.03407601572739188,0,0,0,21,261,1324.1,1324.1,75,-0.0,165.21723538,-165.21723538,zerodha_equity_intraday_nse_order_formula_v2_2026_07_14
P455_contiguous_cross_asset_etf_pressure_side_flip,2026-04-22,AXISBANK,BANKBEES,2026-04-22,short,-1,0.6794626564708118,0.029397026891598465,0.030037546933667083,0,0,0,21,261,1324.3000000000002,1324.3000000000002,75,-0.0,165.22037974,-165.22037974,zerodha_equity_intraday_nse_order_formula_v2_2026_07_14
P455_contiguous_cross_asset_etf_pressure_side_flip,2026-04-23,AXISBANK,BANKBEES,2026-04-23,short,-1,0.6130929551259559,0.0003794586390083481,0.0,0,0,0,21,261,1312.3000000000002,1312.3000000000002,76,-0.0,165.30680771520002,-165.30680771520002,zerodha_equity_intraday_nse_order_formula_v2_2026_07_14
P455_contiguous_cross_asset_etf_pressure_side_flip,2026-04-24,AXISBANK,BANKBEES,2026-04-24,short,-1,0.6809024677053426,0.02629176556509038,0.027359781121751026,0,0,0,21,261,1323.4,1323.4,75,-0.0,165.20623012,-165.20623012,zerodha_equity_intraday_nse_order_formula_v2_2026_07_14
P455_contiguous_cross_asset_etf_pressure_side_flip,2026-04-27,AXISBANK,BANKBEES,2026-04-27,short,-1,0.6835761258636477,0.02926829268292683,0.029769959404600813,0,0,0,21,261,1322.5,1322.5,75,-0.0,165.1920805,-165.1920805,zerodha_equity_intraday_nse_order_formula_v2_2026_07_14
P455_contiguous_cross_asset_etf_pressure_side_flip,2026-04-28,AXISBANK,BANKBEES,2026-04-28,short,-1,0.6906729419756293,0.03516062010548186,0.03592814371257485,0,0,0,21,261,1325.4,1325.4,75,-0.0,165.23767371999998,-165.23767371999998,zerodha_equity_intraday_nse_order_formula_v2_2026_07_14
P455_contiguous_cross_asset_etf_pressure_side_flip,2026-04-29,AXISBANK,BANKBEES,2026-04-29,short,-1,0.6794828346710738,0.022819396487013963,0.02249718785151856,0,0,0,21,261,1340.1999999999998,1340.1999999999998,74,-0.0,165.1894182752,-165.1894182752,zerodha_equity_intraday_nse_order_formula_v2_2026_07_14
P455_contiguous_cross_asset_etf_pressure_side_flip,2026-04-30,AXISBANK,BANKBEES,2026-04-30,short,-1,0.67741051733687,0.030626780626780627,0.032017075773746,0,0,0,21,261,1326.0,1326.0,75,-0.0,165.24710679999998,-165.24710679999998,zerodha_equity_intraday_nse_order_formula_v2_2026_07_14
P455_contiguous_cross_asset_etf_pressure_side_flip,2026-05-01,AXISBANK,BANKBEES,2026-05-01,short,-1,0.6793673191029314,0.026526101003230742,0.025477707006369428,0,0,0,21,261,1321.6,1321.6,75,-0.0,165.17793088,-165.17793088,zerodha_equity_intraday_nse_order_formula_v2_2026_07_14
P455_contiguous_cross_asset_etf_pressure_side_flip,2026-05-04,AXISBANK,BANKBEES,2026-05-04,short,-1,0.6652481132191957,0.021919745448117377,0.02119205298013245,0,0,0,21,261,1324.9,1324.9,75,-0.0,165.22981282,-165.22981282,zerodha_equity_intraday_nse_order_formula_v2_2026_07_14
P455_contiguous_cross_asset_etf_pressure_side_flip,2026-05-05,AXISBANK,BANKBEES,2026-05-05,short,-1,0.6571707871269528,0.03332354668232531,0.0352035203520352,0,0,0,21,261,1318.9,1318.9,75,-0.0,165.13548201999998,-165.13548201999998,zerodha_equity_intraday_nse_order_formula_v2_2026_07_14
P455_contiguous_cross_asset_etf_pressure_side_flip,2026-05-06,AXISBANK,BANKBEES,2026-05-06,short,-1,0.6916094232500458,0.03569182389937107,0.0353356890459364,0,0,0,21,261,1326.4,1326.4,75,-0.0,165.25339551999997,-165.25339551999997,zerodha_equity_intraday_nse_order_formula_v2_2026_07_14
P455_contiguous_cross_asset_etf_pressure_side_flip,2026-05-07,AXISBANK,BANKBEES,2026-05-07,short,-1,0.6937288276664887,0.0001274534794799898,0.0,0,0,0,21,261,1314.9,1314.9,76,-0.0,165.3482294176,-165.3482294176,zerodha_equity_intraday_nse_order_formula_v2_2026_07_14
P455_contiguous_cross_asset_etf_pressure_side_flip,2026-05-08,AXISBANK,BANKBEES,2026-05-08,short,-1,0.6506938945547405,0.004662004662004662,0.004656577415599534,0,0,0,21,261,1312.8,1312.8,76,-0.0,165.31477342719998,-165.31477342719998,zerodha_equity_intraday_nse_order_formula_v2_2026_07_14
P455_contiguous_cross_asset_etf_pressure_side_flip,2026-05-12,AXISBANK,BANKBEES,2026-05-12,short,-1,0.6846750338035793,0.02881619937694704,0.028004667444574097,0,0,0,21,261,1354.6999999999998,1354.6999999999998,73,-0.0,165.13036719439998,-165.13036719439998,zerodha_equity_intraday_nse_order_formula_v2_2026_07_14
P455_contiguous_cross_asset_etf_pressure_side_flip,2026-05-13,AXISBANK,BANKBEES,2026-05-13,short,-1,0.6455772009628159,0.00763246734184647,0.0088008800880088,0,0,0,21,261,1342.6999999999998,1342.6999999999998,74,-0.0,165.22819871520002,-165.22819871520002,zerodha_equity_intraday_nse_order_formula_v2_2026_07_14
P455_contiguous_cross_asset_etf_pressure_side_flip,2026-05-15,AXISBANK,BANKBEES,2026-05-15,short,-1,0.6601259114453352,0.015546819156540386,0.01606425702811245,0,0,0,21,261,1316.1999999999998,1316.1999999999998,75,-0.0,165.09303315999998,-165.09303315999998,zerodha_equity_intraday_nse_order_formula_v2_2026_07_14
P455_contiguous_cross_asset_etf_pressure_side_flip,2026-05-18,AXISBANK,BANKBEES,2026-05-18,short,-1,0.6413387876917089,0.007998814990371797,0.006659267480577136,0,0,0,21,261,1326.8,1326.8,75,-0.0,165.25968424,-165.25968424,zerodha_equity_intraday_nse_order_formula_v2_2026_07_14
P455_contiguous_cross_asset_etf_pressure_side_flip,2026-05-19,AXISBANK,BANKBEES,2026-05-19,short,-1,0.6730596974172309,0.023718836565096952,0.023346303501945526,0,0,0,21,261,1322.5,1322.5,75,-0.0,165.1920805,-165.1920805,zerodha_equity_intraday_nse_order_formula_v2_2026_07_14
P455_contiguous_cross_asset_etf_pressure_side_flip,2026-05-20,AXISBANK,BANKBEES,2026-05-20,short,-1,0.6681159302743034,0.020901147849922905,0.02053915275994865,0,0,0,21,261,1318.8000000000002,1318.8000000000002,75,-0.0,165.13390983999997,-165.13390983999997,zerodha_equity_intraday_nse_order_formula_v2_2026_07_14
P455_contiguous_cross_asset_etf_pressure_side_flip,2026-05-21,AXISBANK,BANKBEES,2026-05-21,short,-1,0.6769921726879888,0.028261642374688943,0.02663115845539281,0,0,0,21,261,1320.6,1320.6,75,-0.0,165.16220907999997,-165.16220907999997,zerodha_equity_intraday_nse_order_formula_v2_2026_07_14
P455_contiguous_cross_asset_etf_pressure_side_flip,2026-05-22,AXISBANK,BANKBEES,2026-05-22,short,-1,0.6924816164038516,0.03754861204237629,0.03819095477386935,0,0,0,21,261,1327.3,1327.3,75,-0.0,165.26754514,-165.26754514,zerodha_equity_intraday_nse_order_formula_v2_2026_07_14
P455_contiguous_cross_asset_etf_pressure_side_flip,2026-05-25,AXISBANK,BANKBEES,2026-05-25,short,-1,0.6354121640856524,0.004948333575898705,0.004362050163576881,0,0,0,21,261,1312.8000000000002,1312.8000000000002,76,-0.0,165.31477342719998,-165.31477342719998,zerodha_equity_intraday_nse_order_formula_v2_2026_07_14
P455_contiguous_cross_asset_etf_pressure_side_flip,2026-05-26,AXISBANK,BANKBEES,2026-05-26,short,-1,0.6690602757152407,0.02487821851078636,0.02607561929595828,0,0,0,21,261,1321.6,1321.6,75,-0.0,165.17793088,-165.17793088,zerodha_equity_intraday_nse_order_formula_v2_2026_07_14
P455_contiguous_cross_asset_etf_pressure_side_flip,2026-05-27,AXISBANK,BANKBEES,2026-05-27,short,-1,0.6772545518602512,0.02715484363081617,0.025142857142857144,0,0,0,21,261,1286.6999999999998,1286.6999999999998,77,-0.0,165.16868646160003,-165.16868646160003,zerodha_equity_intraday_nse_order_formula_v2_2026_07_14
P455_contiguous_cross_asset_etf_pressure_side_flip,2026-05-28,AXISBANK,BANKBEES,2026-05-28,short,-1,0.6557691337894401,0.023762376237623763,0.023064250411861616,0,0,0,21,261,1317.6999999999998,1317.6999999999998,75,-0.0,165.11661586000002,-165.11661586000002,zerodha_equity_intraday_nse_order_formula_v2_2026_07_14
P455_contiguous_cross_asset_etf_pressure_side_flip,2026-05-29,AXISBANK,BANKBEES,2026-05-29,short,-1,0.6702962355250109,0.025261758351337878,0.024906600249066,0,0,0,21,261,1318.9,1318.9,75,-0.0,165.13548201999998,-165.13548201999998,zerodha_equity_intraday_nse_order_formula_v2_2026_07_14
P455_contiguous_cross_asset_etf_pressure_side_flip,2026-06-01,AXISBANK,BANKBEES,2026-06-01,short,-1,0.6746231015962889,0.024256993006993008,0.02618657937806874,0,0,0,21,261,1319.5,1319.5,75,-0.0,165.1449151,-165.1449151,zerodha_equity_intraday_nse_order_formula_v2_2026_07_14
P455_contiguous_cross_asset_etf_pressure_side_flip,2026-06-02,AXISBANK,BANKBEES,2026-06-02,short,-1,0.6581930786846335,0.012408021930457366,0.012972972972972972,0,0,0,21,261,1286.3000000000002,1286.3000000000002,77,-0.0,165.1622300424,-165.1622300424,zerodha_equity_intraday_nse_order_formula_v2_2026_07_14
P455_contiguous_cross_asset_etf_pressure_side_flip,2026-06-03,AXISBANK,BANKBEES,2026-06-03,short,-1,0.6627985677411681,0.021965536830145807,0.02269503546099291,0,0,0,21,261,1321.7,1321.7,75,-0.0,165.17950306,-165.17950306,zerodha_equity_intraday_nse_order_formula_v2_2026_07_14
P455_contiguous_cross_asset_etf_pressure_side_flip,2026-06-04,AXISBANK,BANKBEES,2026-06-04,short,-1,0.6721768671982581,0.024739993696816894,0.025974025974025976,0,0,0,21,261,1319.0,1319.0,75,-0.0,165.1370542,-165.1370542,zerodha_equity_intraday_nse_order_formula_v2_2026_07_14
P455_contiguous_cross_asset_etf_pressure_side_flip,2026-06-05,AXISBANK,BANKBEES,2026-06-05,short,-1,0.6822105522771432,0.0371946414499606,0.03778040141676505,0,0,0,21,261,1322.8000000000002,1322.8000000000002,75,-0.0,165.19679703999998,-165.19679703999998,zerodha_equity_intraday_nse_order_formula_v2_2026_07_14
P455_contiguous_cross_asset_etf_pressure_side_flip,2026-06-08,AXISBANK,BANKBEES,2026-06-08,short,-1,0.6673930248253294,0.021965536830145807,0.02269503546099291,0,0,0,21,261,1319.4,1319.4,75,-0.0,165.14334292,-165.14334292,zerodha_equity_intraday_nse_order_formula_v2_2026_07_14
P455_contiguous_cross_asset_etf_pressure_side_flip,2026-06-09,AXISBANK,BANKBEES,2026-06-09,short,-1,0.6820102731169155,0.0299645390070922,0.029216467463479414,0,0,0,21,261,1323.6999999999998,1323.6999999999998,75,-0.0,165.21094666,-165.21094666,zerodha_equity_intraday_nse_order_formula_v2_2026_07_14
P455_contiguous_cross_asset_etf_pressure_side_flip,2026-06-10,AXISBANK,BANKBEES,2026-06-10,short,-1,0.6540821890003002,0.004008313539192399,0.004449388209121246,0,0,0,21,261,1312.5,1312.5,76,-0.0,165.30999400000002,-165.30999400000002,zerodha_equity_intraday_nse_order_formula_v2_2026_07_14
P455_contiguous_cross_asset_etf_pressure_side_flip,2026-06-11,AXISBANK,BANKBEES,2026-06-11,short,-1,0.6736306849286897,0.026526101003230742,0.025477707006369428,0,0,0,21,261,1322.9,1322.9,75,-0.0,165.19836922,-165.19836922,zerodha_equity_intraday_nse_order_formula_v2_2026_07_14
P455_contiguous_cross_asset_etf_pressure_side_flip,2026-06-12,AXISBANK,BANKBEES,2026-06-12,short,-1,0.5855543855068583,0.015126737530662305,0.014300306435137897,0,0,0,21,261,1298.4,1298.4,77,-0.0,165.35753672319998,-165.35753672319998,zerodha_equity_intraday_nse_order_formula_v2_2026_07_14
P455_contiguous_cross_asset_etf_pressure_side_flip,2026-06-15,AXISBANK,BANKBEES,2026-06-15,short,-1,0.6534821214166344,0.017529353398379362,0.01734820322180917,0,0,0,21,261,1317.6,1317.6,75,-0.0,165.11504368000004,-165.11504368000004,zerodha_equity_intraday_nse_order_formula_v2_2026_07_14
P455_contiguous_cross_asset_etf_pressure_side_flip,2026-06-16,AXISBANK,BANKBEES,2026-06-16,short,-1,0.6764605275648667,0.030157748221466132,0.030127462340672075,0,0,0,21,261,1323.4,1323.4,75,-0.0,165.20623012,-165.20623012,zerodha_equity_intraday_nse_order_formula_v2_2026_07_14
P455_contiguous_cross_asset_etf_pressure_side_flip,2026-06-17,AXISBANK,BANKBEES,2026-06-17,short,-1,0.6618864821705726,0.018610690326769097,0.019448946515397084,0,0,0,21,261,1320.1999999999998,1320.1999999999998,75,-0.0,165.15592036,-165.15592036,zerodha_equity_intraday_nse_order_formula_v2_2026_07_14
P455_contiguous_cross_asset_etf_pressure_side_flip,2026-06-18,AXISBANK,BANKBEES,2026-06-18,short,-1,0.6873467583981988,0.03364158163265306,0.03345280764635603,0,0,0,21,261,1322.0,1322.0,75,-0.0,165.18421960000003,-165.18421960000003,zerodha_equity_intraday_nse_order_formula_v2_2026_07_14
P455_contiguous_cross_asset_etf_pressure_side_flip,2026-06-19,AXISBANK,BANKBEES,2026-06-19,short,-1,0.683453764754291,0.026024177300201477,0.027672955974842768,0,0,0,21,261,1321.8000000000002,1321.8000000000002,75,-0.0,165.18107523999998,-165.18107523999998,zerodha_equity_intraday_nse_order_formula_v2_2026_07_14
P455_contiguous_cross_asset_etf_pressure_side_flip,2026-06-23,AXISBANK,BANKBEES,2026-06-23,short,-1,0.7204592317968849,0.050622307324078505,0.05201793721973094,0,0,0,21,261,1328.4,1328.4,75,-0.0,165.28483912000002,-165.28483912000002,zerodha_equity_intraday_nse_order_formula_v2_2026_07_14
P455_contiguous_cross_asset_etf_pressure_side_flip,2026-06-24,AXISBANK,BANKBEES,2026-06-24,short,-1,0.6763033529722672,0.031493558135835854,0.03098927294398093,0,0,0,21,261,1323.0,1323.0,75,-0.0,165.1999414,-165.1999414,zerodha_equity_intraday_nse_order_formula_v2_2026_07_14
P455_contiguous_cross_asset_etf_pressure_side_flip,2026-06-25,AXISBANK,BANKBEES,2026-06-25,short,-1,0.6591914947011756,0.010907438266929253,0.011350737797956867,0,0,0,21,261,1333.5,1333.5,74,-0.0,165.08548669599998,-165.08548669599998,zerodha_equity_intraday_nse_order_formula_v2_2026_07_14
P455_contiguous_cross_asset_etf_pressure_side_flip,2026-06-29,AXISBANK,BANKBEES,2026-06-29,short,-1,0.6803735475898259,0.02763819095477387,0.027603513174404015,0,0,0,21,261,1321.6999999999998,1321.6999999999998,75,-0.0,165.17950306,-165.17950306,zerodha_equity_intraday_nse_order_formula_v2_2026_07_14
P455_contiguous_cross_asset_etf_pressure_side_flip,2026-06-30,AXISBANK,BANKBEES,2026-06-30,short,-1,0.775297188276893,0.08145505177965365,0.08088714938030006,0,0,0,21,261,1340.5,1340.5,74,-0.0,165.194071928,-165.194071928,zerodha_equity_intraday_nse_order_formula_v2_2026_07_14
P455_contiguous_cross_asset_etf_pressure_side_flip,2026-01-12,TCS,ITBEES,2026-01-12,short,-1,1.4930888224446315,0.00810126582278481,0.007585335018963337,0,0,0,21,261,2191.6000000000004,2191.6000000000004,45,-0.0,165.07353812799997,-165.07353812799997,zerodha_equity_intraday_nse_order_formula_v2_2026_07_14
P455_contiguous_cross_asset_etf_pressure_side_flip,2026-01-14,TCS,ITBEES,2026-01-14,short,-1,1.4914941387795293,0.012064965197215777,0.013904982618771726,0,0,0,21,261,2187.3,2187.3,45,-0.0,165.032975884,-165.032975884,zerodha_equity_intraday_nse_order_formula_v2_2026_07_14
P455_contiguous_cross_asset_etf_pressure_side_flip,2026-01-26,TCS,ITBEES,2026-01-26,short,-1,1.4861546441612536,0.0012757136022962844,0.0,0,0,0,21,261,2189.7,2189.7,45,-0.0,165.05561527600003,-165.05561527600003,zerodha_equity_intraday_nse_order_formula_v2_2026_07_14
P455_contiguous_cross_asset_etf_pressure_side_flip,2026-01-29,TCS,ITBEES,2026-01-29,short,-1,1.4901357233928585,0.0068201193520886615,0.007662835249042145,0,0,0,21,261,2189.3999999999996,2189.3999999999996,45,-0.0,165.052785352,-165.052785352,zerodha_equity_intraday_nse_order_formula_v2_2026_07_14
P455_contiguous_cross_asset_etf_pressure_side_flip,2026-02-02,TCS,ITBEES,2026-02-02,short,-1,1.5017489399425812,0.01429431236834186,0.013528748590755355,0,0,0,21,261,2196.2,2196.2,45,-0.0,165.116930296,-165.116930296,zerodha_equity_intraday_nse_order_formula_v2_2026_07_14
P455_contiguous_cross_asset_etf_pressure_side_flip,2026-02-03,TCS,ITBEES,2026-02-03,short,-1,1.474910171401961,0.00427578834847675,0.0053404539385847796,0,0,0,21,261,2184.3999999999996,2184.3999999999996,45,-0.0,165.00561995199996,-165.00561995199996,zerodha_equity_intraday_nse_order_formula_v2_2026_07_14
P455_contiguous_cross_asset_etf_pressure_side_flip,2026-02-06,TCS,ITBEES,2026-02-06,short,-1,1.4785762540077731,0.012563199019457637,0.013777267508610792,0,0,0,21,261,2182.0,2182.0,45,-0.0,164.98298056,-164.98298056,zerodha_equity_intraday_nse_order_formula_v2_2026_07_14
P455_contiguous_cross_asset_etf_pressure_side_flip,2026-02-10,TCS,ITBEES,2026-02-10,short,-1,1.4925996226837628,0.008640641876253664,0.006936416184971098,0,0,0,21,261,2192.3,2192.3,45,-0.0,165.08014128399998,-165.08014128399998,zerodha_equity_intraday_nse_order_formula_v2_2026_07_14
P455_contiguous_cross_asset_etf_pressure_side_flip,2026-03-03,TCS,ITBEES,2026-03-03,short,-1,1.5029522817547265,0.014585605234460196,0.01634320735444331,0,0,0,21,261,2160.8,2160.8,46,-0.0,165.2359548032,-165.2359548032,zerodha_equity_intraday_nse_order_formula_v2_2026_07_14
P455_contiguous_cross_asset_etf_pressure_side_flip,2026-03-09,TCS,ITBEES,2026-03-09,short,-1,1.4886910022910504,0.003930677148472396,0.00535475234270415,0,0,0,21,261,2189.3,2189.3,45,-0.0,165.051842044,-165.051842044,zerodha_equity_intraday_nse_order_formula_v2_2026_07_14
P455_contiguous_cross_asset_etf_pressure_side_flip,2026-03-13,TCS,ITBEES,2026-03-13,short,-1,1.5119022402095303,0.013490725126475547,0.010109519797809604,0,0,0,21,261,2197.3,2197.3,45,-0.0,165.12730668400002,-165.12730668400002,zerodha_equity_intraday_nse_order_formula_v2_2026_07_14
P455_contiguous_cross_asset_etf_pressure_side_flip,2026-03-30,TCS,ITBEES,2026-03-30,short,-1,1.48897209761882,0.008550434201736807,0.008008008008008008,0,0,0,21,261,2185.9,2185.9,45,-0.0,165.019769572,-165.019769572,zerodha_equity_intraday_nse_order_formula_v2_2026_07_14
P455_contiguous_cross_asset_etf_pressure_side_flip,2026-04-01,TCS,ITBEES,2026-04-01,short,-1,1.4955336583996226,0.013145786775338505,0.015763546798029555,0,0,0,21,261,2190.7,2190.7,45,-0.0,165.065048356,-165.065048356,zerodha_equity_intraday_nse_order_formula_v2_2026_07_14
P455_contiguous_cross_asset_etf_pressure_side_flip,2026-04-10,TCS,ITBEES,2026-04-10,short,-1,1.496169060562762,0.007166035694970254,0.008105369807497468,0,0,0,21,261,2186.8999999999996,2186.8999999999996,45,-0.0,165.029202652,-165.029202652,zerodha_equity_intraday_nse_order_formula_v2_2026_07_14
P455_contiguous_cross_asset_etf_pressure_side_flip,2026-04-16,TCS,ITBEES,2026-04-16,short,-1,1.530569453166339,0.04271383885233524,0.04527081649151172,0,0,0,21,261,2206.5,2206.5,45,-0.0,165.21409101999998,-165.21409101999998,zerodha_equity_intraday_nse_order_formula_v2_2026_07_14
P455_contiguous_cross_asset_etf_pressure_side_flip,2026-04-22,TCS,ITBEES,2026-04-22,short,-1,1.492165740745126,0.00671462829736211,0.00718562874251497,0,0,0,21,261,2186.6000000000004,2186.6000000000004,45,-0.0,165.026372728,-165.026372728,zerodha_equity_intraday_nse_order_formula_v2_2026_07_14
P455_contiguous_cross_asset_etf_pressure_side_flip,2026-04-28,TCS,ITBEES,2026-04-28,short,-1,1.496357879804091,0.010791937787652753,0.014268727705112961,0,0,0,21,261,2185.3,2185.3,45,-0.0,165.01410972399998,-165.01410972399998,zerodha_equity_intraday_nse_order_formula_v2_2026_07_14
P455_contiguous_cross_asset_etf_pressure_side_flip,2026-04-29,TCS,ITBEES,2026-04-29,short,-1,1.4890172270201285,0.004812455767869781,0.008483563096500531,0,0,0,21,261,2241.1,2241.1,44,-0.0,165.0706872416,-165.0706872416,zerodha_equity_intraday_nse_order_formula_v2_2026_07_14
P455_contiguous_cross_asset_etf_pressure_side_flip,2026-04-30,TCS,ITBEES,2026-04-30,short,-1,1.4919772990511975,0.001546681664791901,0.0,0,0,0,21,261,2192.2,2192.2,45,-0.0,165.079197976,-165.079197976,zerodha_equity_intraday_nse_order_formula_v2_2026_07_14
P455_contiguous_cross_asset_etf_pressure_side_flip,2026-05-06,TCS,ITBEES,2026-05-06,short,-1,1.4947878266443106,0.007441418619379354,0.0071174377224199285,0,0,0,21,261,2190.7,2190.7,45,-0.0,165.065048356,-165.065048356,zerodha_equity_intraday_nse_order_formula_v2_2026_07_14
P455_contiguous_cross_asset_etf_pressure_side_flip,2026-05-07,TCS,ITBEES,2026-05-07,short,-1,1.5067566137619777,0.018210513536481728,0.01637852593266606,0,0,0,21,261,2177.1,2177.1,45,-0.0,162.936758468,-162.936758468,zerodha_equity_intraday_nse_order_formula_v2_2026_07_14
P455_contiguous_cross_asset_etf_pressure_side_flip,2026-05-22,TCS,ITBEES,2026-05-22,short,-1,1.488764534508387,0.0014062719729995782,0.0,0,0,0,21,261,2190.1,2190.1,45,-0.0,165.059388508,-165.059388508,zerodha_equity_intraday_nse_order_formula_v2_2026_07_14
P455_contiguous_cross_asset_etf_pressure_side_flip,2026-06-05,TCS,ITBEES,2026-06-05,short,-1,1.4901060746094215,0.0025952960259529602,0.0,0,0,0,21,261,2186.0,2186.0,45,-0.0,165.02071288000002,-165.02071288000002,zerodha_equity_intraday_nse_order_formula_v2_2026_07_14
P455_contiguous_cross_asset_etf_pressure_side_flip,2026-06-09,TCS,ITBEES,2026-06-09,short,-1,1.4898138017622276,0.003930677148472396,0.00535475234270415,0,0,0,21,261,2184.8,2184.8,45,-0.0,165.00939318399998,-165.00939318399998,zerodha_equity_intraday_nse_order_formula_v2_2026_07_14
P455_contiguous_cross_asset_etf_pressure_side_flip,2026-06-16,TCS,ITBEES,2026-06-16,short,-1,1.4910063338413544,0.0006272541947624275,0.0,0,0,0,21,261,2183.4,2183.4,45,-0.0,164.996186872,-164.996186872,zerodha_equity_intraday_nse_order_formula_v2_2026_07_14
P455_contiguous_cross_asset_etf_pressure_side_flip,2026-06-18,TCS,ITBEES,2026-06-18,short,-1,1.4908576250747478,0.010791937787652753,0.014268727705112961,0,0,0,21,261,2189.6,2189.6,45,-0.0,165.05467196799998,-165.05467196799998,zerodha_equity_intraday_nse_order_formula_v2_2026_07_14
P455_contiguous_cross_asset_etf_pressure_side_flip,2026-06-23,TCS,ITBEES,2026-06-23,short,-1,1.5091477073587003,0.022992700729927006,0.023701002734731084,0,0,0,21,261,2191.3,2191.3,45,-0.0,165.07070820399997,-165.07070820399997,zerodha_equity_intraday_nse_order_formula_v2_2026_07_14
P455_contiguous_cross_asset_etf_pressure_side_flip,2026-06-24,TCS,ITBEES,2026-06-24,short,-1,1.4866305502877109,0.0022275258552108194,0.0,0,0,0,21,261,2185.3999999999996,2185.3999999999996,45,-0.0,165.01505303199997,-165.01505303199997,zerodha_equity_intraday_nse_order_formula_v2_2026_07_14
P455_contiguous_cross_asset_etf_pressure_side_flip,2026-06-26,TCS,ITBEES,2026-06-26,short,-1,1.4658974149077157,0.0025885779000161787,0.0,0,0,0,21,261,2171.7,2171.7,46,-0.0,165.3410602768,-165.3410602768,zerodha_equity_intraday_nse_order_formula_v2_2026_07_14
P455_contiguous_cross_asset_etf_pressure_side_flip,2026-06-30,TCS,ITBEES,2026-06-30,short,-1,1.5409766265282168,0.04695668409260642,0.05178446466060182,0,0,0,21,261,2203.1,2203.1,45,-0.0,165.182018548,-165.182018548,zerodha_equity_intraday_nse_order_formula_v2_2026_07_14
P455_contiguous_cross_asset_etf_pressure_side_flip,2026-01-01,RELIANCE,NIFTYBEES,2026-01-01,short,-1,1.4572406113631533,0.43672864900444297,0.436498150431566,0,0,0,21,261,1296.9,1296.9,77,-0.0,165.3333251512,-165.3333251512,zerodha_equity_intraday_nse_order_formula_v2_2026_07_14
P455_contiguous_cross_asset_etf_pressure_side_flip,2026-01-02,RELIANCE,NIFTYBEES,2026-01-02,short,-1,1.4682568221369205,0.44484574868322047,0.44419391206313413,0,0,0,21,261,1299.7,1299.7,76,-0.0,165.10607177280002,-165.10607177280002,zerodha_equity_intraday_nse_order_formula_v2_2026_07_14
P455_contiguous_cross_asset_etf_pressure_side_flip,2026-01-05,RELIANCE,NIFTYBEES,2026-01-05,short,-1,1.459895079251874,0.4367863815652896,0.4354587869362364,0,0,0,21,261,1294.6999999999998,1294.6999999999998,77,-0.0,165.29781484560002,-165.29781484560002,zerodha_equity_intraday_nse_order_formula_v2_2026_07_14
P455_contiguous_cross_asset_etf_pressure_side_flip,2026-01-06,RELIANCE,NIFTYBEES,2026-01-06,short,-1,1.4609317898343452,0.4419692998876825,0.44039270687237025,0,0,0,21,261,1299.1999999999998,1299.1999999999998,76,-0.0,165.09810606079998,-165.09810606079998,zerodha_equity_intraday_nse_order_formula_v2_2026_07_14
P455_contiguous_cross_asset_etf_pressure_side_flip,2026-01-07,RELIANCE,NIFTYBEES,2026-01-07,short,-1,1.4112652845286513,0.41186390239063586,0.41189591078066917,0,0,0,21,261,1286.9,1286.9,77,-0.0,165.1719146712,-165.1719146712,zerodha_equity_intraday_nse_order_formula_v2_2026_07_14
P455_contiguous_cross_asset_etf_pressure_side_flip,2026-01-08,RELIANCE,NIFTYBEES,2026-01-08,short,-1,1.4559087966156015,0.4366996507566938,0.4362050163576881,0,0,0,21,261,1284.8000000000002,1284.8000000000002,77,-0.0,165.1380184704,-165.1380184704,zerodha_equity_intraday_nse_order_formula_v2_2026_07_14
P455_contiguous_cross_asset_etf_pressure_side_flip,2026-01-09,RELIANCE,NIFTYBEES,2026-01-09,short,-1,1.4620942197807343,0.4432201883774658,0.4420772303595206,0,0,0,21,261,1300.9,1300.9,76,-0.0,165.12518948160002,-165.12518948160002,zerodha_equity_intraday_nse_order_formula_v2_2026_07_14
P455_contiguous_cross_asset_etf_pressure_side_flip,2026-01-12,RELIANCE,NIFTYBEES,2026-01-12,short,-1,1.4655537364820548,0.45670599966760844,0.45579078455790784,0,0,0,21,261,1303.3000000000002,1303.3000000000002,76,-0.0,165.1634248992,-165.1634248992,zerodha_equity_intraday_nse_order_formula_v2_2026_07_14
P455_contiguous_cross_asset_etf_pressure_side_flip,2026-01-13,RELIANCE,NIFTYBEES,2026-01-13,short,-1,1.461510965709439,0.44206955046649704,0.44218551461245237,0,0,0,21,261,1296.6,1296.6,77,-0.0,165.32848283680002,-165.32848283680002,zerodha_equity_intraday_nse_order_formula_v2_2026_07_14
P455_contiguous_cross_asset_etf_pressure_side_flip,2026-01-14,RELIANCE,NIFTYBEES,2026-01-14,short,-1,1.46909973559009,0.45490443847733375,0.4544378698224852,0,0,0,21,261,1302.6,1302.6,76,-0.0,165.15227290239997,-165.15227290239997,zerodha_equity_intraday_nse_order_formula_v2_2026_07_14
P455_contiguous_cross_asset_etf_pressure_side_flip,2026-01-15,RELIANCE,NIFTYBEES,2026-01-15,short,-1,1.4610454791744854,0.44741048593350385,0.4479041916167665,0,0,0,21,261,1313.9,1313.9,76,-0.0,165.3322979936,-165.3322979936,zerodha_equity_intraday_nse_order_formula_v2_2026_07_14
P455_contiguous_cross_asset_etf_pressure_side_flip,2026-01-16,RELIANCE,NIFTYBEES,2026-01-16,short,-1,1.4590418113830703,0.4377141077545936,0.4364060676779463,0,0,0,21,261,1327.1999999999998,1327.1999999999998,75,-0.0,165.26597295999997,-165.26597295999997,zerodha_equity_intraday_nse_order_formula_v2_2026_07_14
P455_contiguous_cross_asset_etf_pressure_side_flip,2026-01-19,RELIANCE,NIFTYBEES,2026-01-19,short,-1,1.4661159213661146,0.4451486013986014,0.4451718494271686,0,0,0,21,261,1302.0,1302.0,76,-0.0,165.142714048,-165.142714048,zerodha_equity_intraday_nse_order_formula_v2_2026_07_14
P455_contiguous_cross_asset_etf_pressure_side_flip,2026-01-20,RELIANCE,NIFTYBEES,2026-01-20,short,-1,1.469754033190762,0.446207818242566,0.4455569461827284,0,0,0,21,261,1300.6,1300.6,76,-0.0,165.1204100544,-165.1204100544,zerodha_equity_intraday_nse_order_formula_v2_2026_07_14
P455_contiguous_cross_asset_etf_pressure_side_flip,2026-01-21,RELIANCE,NIFTYBEES,2026-01-21,short,-1,1.460038618149196,0.4440516174650875,0.4423841059602649,0,0,0,21,261,1300.9,1300.9,76,-0.0,165.12518948160002,-165.12518948160002,zerodha_equity_intraday_nse_order_formula_v2_2026_07_14
P455_contiguous_cross_asset_etf_pressure_side_flip,2026-01-22,RELIANCE,NIFTYBEES,2026-01-22,short,-1,1.4529416394304386,0.441550482610694,0.44087256027554533,0,0,0,21,261,1289.0,1289.0,77,-0.0,165.205810872,-165.205810872,zerodha_equity_intraday_nse_order_formula_v2_2026_07_14
P455_contiguous_cross_asset_etf_pressure_side_flip,2026-01-23,RELIANCE,NIFTYBEES,2026-01-23,short,-1,1.4655115391739566,0.44565454149422784,0.4469820554649266,0,0,0,21,261,1301.8000000000002,1301.8000000000002,76,-0.0,165.1395277632,-165.1395277632,zerodha_equity_intraday_nse_order_formula_v2_2026_07_14
P455_contiguous_cross_asset_etf_pressure_side_flip,2026-01-26,RELIANCE,NIFTYBEES,2026-01-26,short,-1,1.4707488148220578,0.452803738317757,0.45274212368728123,0,0,0,21,261,1304.1,1304.1,76,-0.0,165.1761700384,-165.1761700384,zerodha_equity_intraday_nse_order_formula_v2_2026_07_14
P455_contiguous_cross_asset_etf_pressure_side_flip,2026-01-27,RELIANCE,NIFTYBEES,2026-01-27,short,-1,1.4695937906470833,0.4468514778777309,0.44566712517193946,0,0,0,21,261,1322.8000000000002,1322.8000000000002,75,-0.0,165.19679703999998,-165.19679703999998,zerodha_equity_intraday_nse_order_formula_v2_2026_07_14
P455_contiguous_cross_asset_etf_pressure_side_flip,2026-01-28,RELIANCE,NIFTYBEES,2026-01-28,short,-1,1.447027852058254,0.4346604215456675,0.43508771929824563,0,0,0,21,261,1294.3000000000002,1294.3000000000002,77,-0.0,165.2913584264,-165.2913584264,zerodha_equity_intraday_nse_order_formula_v2_2026_07_14
P455_contiguous_cross_asset_etf_pressure_side_flip,2026-01-29,RELIANCE,NIFTYBEES,2026-01-29,short,-1,1.4779670698369947,0.45196658545074836,0.4511082138200782,0,0,0,21,261,1302.6,1302.6,76,-0.0,165.15227290239997,-165.15227290239997,zerodha_equity_intraday_nse_order_formula_v2_2026_07_14
P455_contiguous_cross_asset_etf_pressure_side_flip,2026-01-30,RELIANCE,NIFTYBEES,2026-01-30,short,-1,1.4675350735038935,0.44202771443606387,0.44152431011826543,0,0,0,21,261,1300.4,1300.4,76,-0.0,165.1172237696,-165.1172237696,zerodha_equity_intraday_nse_order_formula_v2_2026_07_14
P455_contiguous_cross_asset_etf_pressure_side_flip,2026-02-02,RELIANCE,NIFTYBEES,2026-02-02,short,-1,1.490898927646455,0.4610360694671219,0.46051167964404893,0,0,0,21,261,1303.5,1303.5,76,-0.0,165.166611184,-165.166611184,zerodha_equity_intraday_nse_order_formula_v2_2026_07_14
P455_contiguous_cross_asset_etf_pressure_side_flip,2026-02-03,RELIANCE,NIFTYBEES,2026-02-03,short,-1,1.4530467409933154,0.4387902933719667,0.4369063772048847,0,0,0,21,261,1300.1999999999998,1300.1999999999998,76,-0.0,165.11403748479998,-165.11403748479998,zerodha_equity_intraday_nse_order_formula_v2_2026_07_14
P455_contiguous_cross_asset_etf_pressure_side_flip,2026-02-04,RELIANCE,NIFTYBEES,2026-02-04,short,-1,1.4418142588256897,0.4266666666666667,0.4262607040913416,0,0,0,21,261,1292.1,1292.1,77,-0.0,165.2558481208,-165.2558481208,zerodha_equity_intraday_nse_order_formula_v2_2026_07_14
P455_contiguous_cross_asset_etf_pressure_side_flip,2026-02-05,RELIANCE,NIFTYBEES,2026-02-05,short,-1,1.4487036742484494,0.43645617941784637,0.4362336114421931,0,0,0,21,261,1296.8000000000002,1296.8000000000002,77,-0.0,165.33171104640002,-165.33171104640002,zerodha_equity_intraday_nse_order_formula_v2_2026_07_14
P455_contiguous_cross_asset_etf_pressure_side_flip,2026-02-06,RELIANCE,NIFTYBEES,2026-02-06,short,-1,1.470745044610906,0.43262974131090304,0.4328180737217598,0,0,0,21,261,1292.1,1292.1,77,-0.0,165.2558481208,-165.2558481208,zerodha_equity_intraday_nse_order_formula_v2_2026_07_14
P455_contiguous_cross_asset_etf_pressure_side_flip,2026-02-09,RELIANCE,NIFTYBEES,2026-02-09,short,-1,1.458097150208569,0.44008810572687224,0.44004400440044006,0,0,0,21,261,1296.0,1296.0,77,-0.0,165.31879820799998,-165.31879820799998,zerodha_equity_intraday_nse_order_formula_v2_2026_07_14
P455_contiguous_cross_asset_etf_pressure_side_flip,2026-02-10,RELIANCE,NIFTYBEES,2026-02-10,short,-1,1.4865788194336969,0.45942269910835726,0.45979614949037373,0,0,0,21,261,1307.6,1307.6,76,-0.0,165.2319300224,-165.2319300224,zerodha_equity_intraday_nse_order_formula_v2_2026_07_14
P455_contiguous_cross_asset_etf_pressure_side_flip,2026-02-11,RELIANCE,NIFTYBEES,2026-02-11,short,-1,1.456674072808067,0.4399247991796274,0.44046094750320103,0,0,0,21,261,1295.1999999999998,1295.1999999999998,77,-0.0,165.3058853696,-165.3058853696,zerodha_equity_intraday_nse_order_formula_v2_2026_07_14
P455_contiguous_cross_asset_etf_pressure_side_flip,2026-02-12,RELIANCE,NIFTYBEES,2026-02-12,short,-1,1.464156871140374,0.4455856643356643,0.4451718494271686,0,0,0,21,261,1301.5,1301.5,76,-0.0,165.13474833600003,-165.13474833600003,zerodha_equity_intraday_nse_order_formula_v2_2026_07_14
P455_contiguous_cross_asset_etf_pressure_side_flip,2026-02-13,RELIANCE,NIFTYBEES,2026-02-13,short,-1,1.4678179170134085,0.44123826866507915,0.440713536201469,0,0,0,21,261,1295.4,1295.4,77,-0.0,165.3091135792,-165.3091135792,zerodha_equity_intraday_nse_order_formula_v2_2026_07_14
P455_contiguous_cross_asset_etf_pressure_side_flip,2026-02-16,RELIANCE,NIFTYBEES,2026-02-16,short,-1,1.4583471536513193,0.4446388800509068,0.4433849821215733,0,0,0,21,261,1294.6,1294.6,77,-0.0,165.2962007408,-165.2962007408,zerodha_equity_intraday_nse_order_formula_v2_2026_07_14
P455_contiguous_cross_asset_etf_pressure_side_flip,2026-02-17,RELIANCE,NIFTYBEES,2026-02-17,short,-1,1.45676918721602,0.4399938137952366,0.440324449594438,0,0,0,21,261,1297.5,1297.5,77,-0.0,165.34300978000002,-165.34300978000002,zerodha_equity_intraday_nse_order_formula_v2_2026_07_14
P455_contiguous_cross_asset_etf_pressure_side_flip,2026-02-18,RELIANCE,NIFTYBEES,2026-02-18,short,-1,1.4606487942736852,0.4451486013986014,0.4451718494271686,0,0,0,21,261,1299.8000000000002,1299.8000000000002,76,-0.0,165.1076649152,-165.1076649152,zerodha_equity_intraday_nse_order_formula_v2_2026_07_14
P455_contiguous_cross_asset_etf_pressure_side_flip,2026-02-19,RELIANCE,NIFTYBEES,2026-02-19,short,-1,1.4530763697271623,0.432669000807972,0.4318869828456105,0,0,0,21,261,1294.6,1294.6,77,-0.0,165.2962007408,-165.2962007408,zerodha_equity_intraday_nse_order_formula_v2_2026_07_14
P455_contiguous_cross_asset_etf_pressure_side_flip,2026-02-20,RELIANCE,NIFTYBEES,2026-02-20,short,-1,1.4552192440209428,0.445353289244692,0.44589308996088656,0,0,0,21,261,1298.3000000000002,1298.3000000000002,77,-0.0,165.35592261840003,-165.35592261840003,zerodha_equity_intraday_nse_order_formula_v2_2026_07_14
P455_contiguous_cross_asset_etf_pressure_side_flip,2026-02-23,RELIANCE,NIFTYBEES,2026-02-23,short,-1,1.4603756149149427,0.4464314745569826,0.4457978075517661,0,0,0,21,261,1297.9,1297.9,77,-0.0,165.34946619919998,-165.34946619919998,zerodha_equity_intraday_nse_order_formula_v2_2026_07_14
P455_contiguous_cross_asset_etf_pressure_side_flip,2026-02-24,RELIANCE,NIFTYBEES,2026-02-24,short,-1,1.4695957069835994,0.4523033020790868,0.45190839694656487,0,0,0,21,261,1304.4,1304.4,76,-0.0,165.18094946559998,-165.18094946559998,zerodha_equity_intraday_nse_order_formula_v2_2026_07_14
P455_contiguous_cross_asset_etf_pressure_side_flip,2026-02-25,RELIANCE,NIFTYBEES,2026-02-25,short,-1,1.4593629807258994,0.44193427931292006,0.44195804195804195,0,0,0,21,261,1296.1,1296.1,77,-0.0,165.3204123128,-165.3204123128,zerodha_equity_intraday_nse_order_formula_v2_2026_07_14
P455_contiguous_cross_asset_etf_pressure_side_flip,2026-02-26,RELIANCE,NIFTYBEES,2026-02-26,short,-1,1.454524762680449,0.43594851363775666,0.4362801377726751,0,0,0,21,261,1296.5,1296.5,77,-0.0,165.32686873200004,-165.32686873200004,zerodha_equity_intraday_nse_order_formula_v2_2026_07_14
P455_contiguous_cross_asset_etf_pressure_side_flip,2026-02-27,RELIANCE,NIFTYBEES,2026-02-27,short,-1,1.4414049667927673,0.4272133776199748,0.4274678111587983,0,0,0,21,261,1291.3,1291.3,77,-0.0,165.24293528239997,-165.24293528239997,zerodha_equity_intraday_nse_order_formula_v2_2026_07_14
P455_contiguous_cross_asset_etf_pressure_side_flip,2026-03-02,RELIANCE,NIFTYBEES,2026-03-02,short,-1,1.455279312461633,0.4361111111111111,0.4357405140758874,0,0,0,21,261,1296.6999999999998,1296.6999999999998,77,-0.0,165.3300969416,-165.3300969416,zerodha_equity_intraday_nse_order_formula_v2_2026_07_14
P455_contiguous_cross_asset_etf_pressure_side_flip,2026-03-03,RELIANCE,NIFTYBEES,2026-03-03,short,-1,1.489040935472561,0.4595000682966808,0.458546571136131,0,0,0,21,261,1292.5,1292.5,77,-0.0,165.26230454,-165.26230454,zerodha_equity_intraday_nse_order_formula_v2_2026_07_14
P455_contiguous_cross_asset_etf_pressure_side_flip,2026-03-04,RELIANCE,NIFTYBEES,2026-03-04,short,-1,1.4610278093247524,0.43135531135531135,0.43029637760702527,0,0,0,21,261,1323.1999999999998,1323.1999999999998,75,-0.0,165.20308576,-165.20308576,zerodha_equity_intraday_nse_order_formula_v2_2026_07_14
P455_contiguous_cross_asset_etf_pressure_side_flip,2026-03-05,RELIANCE,NIFTYBEES,2026-03-05,short,-1,1.4611033934535531,0.4355548569632191,0.43580683156654887,0,0,0,21,261,1294.0,1294.0,77,-0.0,165.28651611200002,-165.28651611200002,zerodha_equity_intraday_nse_order_formula_v2_2026_07_14
P455_contiguous_cross_asset_etf_pressure_side_flip,2026-03-06,RELIANCE,NIFTYBEES,2026-03-06,short,-1,1.4693845313768463,0.4417396467270298,0.44048943270300334,0,0,0,21,261,1297.3000000000002,1297.3000000000002,77,-0.0,165.3397815704,-165.3397815704,zerodha_equity_intraday_nse_order_formula_v2_2026_07_14
P455_contiguous_cross_asset_etf_pressure_side_flip,2026-03-09,RELIANCE,NIFTYBEES,2026-03-09,short,-1,1.4720310768351899,0.4504888888888889,0.45006657789613846,0,0,0,21,261,1303.5,1303.5,76,-0.0,165.166611184,-165.166611184,zerodha_equity_intraday_nse_order_formula_v2_2026_07_14
P455_contiguous_cross_asset_etf_pressure_side_flip,2026-03-10,RELIANCE,NIFTYBEES,2026-03-10,short,-1,1.4631633741303132,0.44285714285714284,0.44121532364597094,0,0,0,21,261,1299.6,1299.6,76,-0.0,165.10447863039997,-165.10447863039997,zerodha_equity_intraday_nse_order_formula_v2_2026_07_14
P455_contiguous_cross_asset_etf_pressure_side_flip,2026-03-11,RELIANCE,NIFTYBEES,2026-03-11,short,-1,1.4652845496016704,0.44268177525967894,0.44130127298444133,0,0,0,21,261,1296.0,1296.0,77,-0.0,165.31879820799998,-165.31879820799998,zerodha_equity_intraday_nse_order_formula_v2_2026_07_14
P455_contiguous_cross_asset_etf_pressure_side_flip,2026-03-12,RELIANCE,NIFTYBEES,2026-03-12,short,-1,1.4560125433776656,0.43976289650752964,0.43937575030012005,0,0,0,21,261,1307.3000000000002,1307.3000000000002,76,-0.0,165.2271505952,-165.2271505952,zerodha_equity_intraday_nse_order_formula_v2_2026_07_14
P455_contiguous_cross_asset_etf_pressure_side_flip,2026-03-13,RELIANCE,NIFTYBEES,2026-03-13,short,-1,1.4992716898858913,0.45791245791245794,0.4577893820713664,0,0,0,21,261,1302.6,1302.6,76,-0.0,165.15227290239997,-165.15227290239997,zerodha_equity_intraday_nse_order_formula_v2_2026_07_14
P455_contiguous_cross_asset_etf_pressure_side_flip,2026-03-16,RELIANCE,NIFTYBEES,2026-03-16,short,-1,1.4699649625612672,0.4436572946646004,0.44112769485903813,0,0,0,21,261,1299.6999999999998,1299.6999999999998,76,-0.0,165.1060717728,-165.1060717728,zerodha_equity_intraday_nse_order_formula_v2_2026_07_14
P455_contiguous_cross_asset_etf_pressure_side_flip,2026-03-17,RELIANCE,NIFTYBEES,2026-03-17,short,-1,1.4654238284191137,0.4438553304298428,0.4425531914893617,0,0,0,21,261,1297.5,1297.5,77,-0.0,165.34300978000002,-165.34300978000002,zerodha_equity_intraday_nse_order_formula_v2_2026_07_14
P455_contiguous_cross_asset_etf_pressure_side_flip,2026-03-18,RELIANCE,NIFTYBEES,2026-03-18,short,-1,1.4569638613927216,0.4325794932834552,0.43312101910828027,0,0,0,21,261,1294.6999999999998,1294.6999999999998,77,-0.0,165.29781484560002,-165.29781484560002,zerodha_equity_intraday_nse_order_formula_v2_2026_07_14
P455_contiguous_cross_asset_etf_pressure_side_flip,2026-03-19,RELIANCE,NIFTYBEES,2026-03-19,short,-1,1.4410505853462325,0.4319217141893032,0.43236409608091025,0,0,0,21,261,1293.8000000000002,1293.8000000000002,77,-0.0,165.28328790240002,-165.28328790240002,zerodha_equity_intraday_nse_order_formula_v2_2026_07_14
P455_contiguous_cross_asset_etf_pressure_side_flip,2026-03-20,RELIANCE,NIFTYBEES,2026-03-20,short,-1,1.4587127283908456,0.4395314304570203,0.4400494437577256,0,0,0,21,261,1299.6999999999998,1299.6999999999998,76,-0.0,165.1060717728,-165.1060717728,zerodha_equity_intraday_nse_order_formula_v2_2026_07_14
P455_contiguous_cross_asset_etf_pressure_side_flip,2026-03-23,RELIANCE,NIFTYBEES,2026-03-23,short,-1,1.4605098113177728,0.44059727331746373,0.44084278768233387,0,0,0,21,261,1298.8000000000002,1298.8000000000002,76,-0.0,165.0917334912,-165.0917334912,zerodha_equity_intraday_nse_order_formula_v2_2026_07_14
P455_contiguous_cross_asset_etf_pressure_side_flip,2026-03-24,RELIANCE,NIFTYBEES,2026-03-24,short,-1,1.4603248693054518,0.44193427931292006,0.44195804195804195,0,0,0,21,261,1295.6,1295.6,77,-0.0,165.3123417888,-165.3123417888,zerodha_equity_intraday_nse_order_formula_v2_2026_07_14
P455_contiguous_cross_asset_etf_pressure_side_flip,2026-03-25,RELIANCE,NIFTYBEES,2026-03-25,short,-1,1.4645251250158102,0.4433811802232855,0.4435590969455511,0,0,0,21,261,1297.6999999999998,1297.6999999999998,77,-0.0,165.34623798959998,-165.34623798959998,zerodha_equity_intraday_nse_order_formula_v2_2026_07_14
P455_contiguous_cross_asset_etf_pressure_side_flip,2026-03-26,RELIANCE,NIFTYBEES,2026-03-26,short,-1,1.461091428090067,0.4417123389127537,0.44173140954495005,0,0,0,21,261,1299.4,1299.4,76,-0.0,165.10129234559997,-165.10129234559997,zerodha_equity_intraday_nse_order_formula_v2_2026_07_14
P455_contiguous_cross_asset_etf_pressure_side_flip,2026-03-27,RELIANCE,NIFTYBEES,2026-03-27,short,-1,1.4552115610391745,0.43246650906225376,0.43211334120425027,0,0,0,21,261,1295.6999999999998,1295.6999999999998,77,-0.0,165.3139558936,-165.3139558936,zerodha_equity_intraday_nse_order_formula_v2_2026_07_14
P455_contiguous_cross_asset_etf_pressure_side_flip,2026-03-30,RELIANCE,NIFTYBEES,2026-03-30,short,-1,1.4802191192285394,0.4512620276112118,0.45141065830721006,0,0,0,21,261,1301.1,1301.1,76,-0.0,165.1283757664,-165.1283757664,zerodha_equity_intraday_nse_order_formula_v2_2026_07_14
P455_contiguous_cross_asset_etf_pressure_side_flip,2026-03-31,RELIANCE,NIFTYBEES,2026-03-31,short,-1,1.4658033631897867,0.44483423960708646,0.44415243101182655,0,0,0,21,261,1298.1999999999998,1298.1999999999998,77,-0.0,165.3543085136,-165.3543085136,zerodha_equity_intraday_nse_order_formula_v2_2026_07_14
P455_contiguous_cross_asset_etf_pressure_side_flip,2026-04-01,RELIANCE,NIFTYBEES,2026-04-01,short,-1,1.4867174593753771,0.4493932905067809,0.44919786096256686,0,0,0,21,261,1305.8,1305.8,76,-0.0,165.2032534592,-165.2032534592,zerodha_equity_intraday_nse_order_formula_v2_2026_07_14
P455_contiguous_cross_asset_etf_pressure_side_flip,2026-04-02,RELIANCE,NIFTYBEES,2026-04-02,short,-1,1.4713054902455553,0.44866042815023716,0.44764649375600385,0,0,0,21,261,1299.6,1299.6,76,-0.0,165.10447863039997,-165.10447863039997,zerodha_equity_intraday_nse_order_formula_v2_2026_07_14
P455_contiguous_cross_asset_etf_pressure_side_flip,2026-04-03,RELIANCE,NIFTYBEES,2026-04-03,short,-1,1.464395305284463,0.44010282776349613,0.43902439024390244,0,0,0,21,261,1295.0,1295.0,77,-0.0,165.30265716000002,-165.30265716000002,zerodha_equity_intraday_nse_order_formula_v2_2026_07_14
P455_contiguous_cross_asset_etf_pressure_side_flip,2026-04-06,RELIANCE,NIFTYBEES,2026-04-06,short,-1,1.4518924906096158,0.4328448102790604,0.4330827067669173,0,0,0,21,261,1291.1,1291.1,77,-0.0,165.23970707279997,-165.23970707279997,zerodha_equity_intraday_nse_order_formula_v2_2026_07_14
P455_contiguous_cross_asset_etf_pressure_side_flip,2026-04-07,RELIANCE,NIFTYBEES,2026-04-07,short,-1,1.4437646435973688,0.42978395061728397,0.4300578034682081,0,0,0,21,261,1291.3000000000002,1291.3000000000002,77,-0.0,165.2429352824,-165.2429352824,zerodha_equity_intraday_nse_order_formula_v2_2026_07_14
P455_contiguous_cross_asset_etf_pressure_side_flip,2026-04-08,RELIANCE,NIFTYBEES,2026-04-08,short,-1,1.4603788805287463,0.4403354117394109,0.44122383252818037,0,0,0,21,261,1297.8000000000002,1297.8000000000002,77,-0.0,165.3478520944,-165.3478520944,zerodha_equity_intraday_nse_order_formula_v2_2026_07_14
P455_contiguous_cross_asset_etf_pressure_side_flip,2026-04-09,RELIANCE,NIFTYBEES,2026-04-09,short,-1,1.4641292180765304,0.46684951108991174,0.46648793565683644,0,0,0,21,261,1310.6,1310.6,76,-0.0,165.2797242944,-165.2797242944,zerodha_equity_intraday_nse_order_formula_v2_2026_07_14
P455_contiguous_cross_asset_etf_pressure_side_flip,2026-04-10,RELIANCE,NIFTYBEES,2026-04-10,short,-1,1.4803219347628969,0.4556725769897347,0.45554445554445555,0,0,0,21,261,1303.0,1303.0,76,-0.0,165.158645472,-165.158645472,zerodha_equity_intraday_nse_order_formula_v2_2026_07_14
P455_contiguous_cross_asset_etf_pressure_side_flip,2026-04-13,RELIANCE,NIFTYBEES,2026-04-13,short,-1,1.46929764782778,0.44559132260321904,0.4456094364351245,0,0,0,21,261,1301.5,1301.5,76,-0.0,165.13474833600003,-165.13474833600003,zerodha_equity_intraday_nse_order_formula_v2_2026_07_14
P455_contiguous_cross_asset_etf_pressure_side_flip,2026-04-14,RELIANCE,NIFTYBEES,2026-04-14,short,-1,1.458736194989681,0.44089397857406726,0.43983402489626555,0,0,0,21,261,1299.4,1299.4,76,-0.0,165.10129234559997,-165.10129234559997,zerodha_equity_intraday_nse_order_formula_v2_2026_07_14
P455_contiguous_cross_asset_etf_pressure_side_flip,2026-04-15,RELIANCE,NIFTYBEES,2026-04-15,short,-1,1.458173640237108,0.4399247991796274,0.44046094750320103,0,0,0,21,261,1295.4,1295.4,77,-0.0,165.3091135792,-165.3091135792,zerodha_equity_intraday_nse_order_formula_v2_2026_07_14
P455_contiguous_cross_asset_etf_pressure_side_flip,2026-04-16,RELIANCE,NIFTYBEES,2026-04-16,short,-1,1.5126198344641344,0.47344084808841774,0.47337278106508873,0,0,0,21,261,1312.1,1312.1,76,-0.0,165.3036214304,-165.3036214304,zerodha_equity_intraday_nse_order_formula_v2_2026_07_14
P455_contiguous_cross_asset_etf_pressure_side_flip,2026-04-17,RELIANCE,NIFTYBEES,2026-04-17,short,-1,1.4619235064948028,0.4439260123312781,0.4444444444444444,0,0,0,21,261,1296.6999999999998,1296.6999999999998,77,-0.0,165.3300969416,-165.3300969416,zerodha_equity_intraday_nse_order_formula_v2_2026_07_14
P455_contiguous_cross_asset_etf_pressure_side_flip,2026-04-20,RELIANCE,NIFTYBEES,2026-04-20,short,-1,1.4663867948540146,0.44630494284334243,0.44632086851628466,0,0,0,21,261,1319.9,1319.9,75,-0.0,165.15120382,-165.15120382,zerodha_equity_intraday_nse_order_formula_v2_2026_07_14
P455_contiguous_cross_asset_etf_pressure_side_flip,2026-04-21,RELIANCE,NIFTYBEES,2026-04-21,short,-1,1.4638705213145016,0.4434105582985188,0.4438122332859175,0,0,0,21,261,1300.6,1300.6,76,-0.0,165.1204100544,-165.1204100544,zerodha_equity_intraday_nse_order_formula_v2_2026_07_14
P455_contiguous_cross_asset_etf_pressure_side_flip,2026-04-22,RELIANCE,NIFTYBEES,2026-04-22,short,-1,1.4754564150852143,0.45082909210310296,0.45018450184501846,0,0,0,21,261,1300.0,1300.0,76,-0.0,165.11085119999998,-165.11085119999998,zerodha_equity_intraday_nse_order_formula_v2_2026_07_14
P455_contiguous_cross_asset_etf_pressure_side_flip,2026-04-23,RELIANCE,NIFTYBEES,2026-04-23,short,-1,1.4240366910414688,0.41621182208802693,0.41601392515230634,0,0,0,21,261,1279.6,1279.6,78,-0.0,165.32231989119998,-165.32231989119998,zerodha_equity_intraday_nse_order_formula_v2_2026_07_14
P455_contiguous_cross_asset_etf_pressure_side_flip,2026-04-24,RELIANCE,NIFTYBEES,2026-04-24,short,-1,1.470267295374171,0.44696132596685084,0.44689655172413795,0,0,0,21,261,1301.3000000000002,1301.3000000000002,76,-0.0,165.13156205120004,-165.13156205120004,zerodha_equity_intraday_nse_order_formula_v2_2026_07_14
P455_contiguous_cross_asset_etf_pressure_side_flip,2026-04-27,RELIANCE,NIFTYBEES,2026-04-27,short,-1,1.4672620724620344,0.43735519515237925,0.4379172229639519,0,0,0,21,261,1296.6,1296.6,77,-0.0,165.32848283680002,-165.32848283680002,zerodha_equity_intraday_nse_order_formula_v2_2026_07_14
P455_contiguous_cross_asset_etf_pressure_side_flip,2026-04-28,RELIANCE,NIFTYBEES,2026-04-28,short,-1,1.466407648409872,0.4577076310144039,0.4569460390355913,0,0,0,21,261,1304.8000000000002,1304.8000000000002,76,-0.0,165.18732203519997,-165.18732203519997,zerodha_equity_intraday_nse_order_formula_v2_2026_07_14
P455_contiguous_cross_asset_etf_pressure_side_flip,2026-04-29,RELIANCE,NIFTYBEES,2026-04-29,short,-1,1.4730422920127635,0.44615612501851576,0.44617092119866814,0,0,0,21,261,1307.4,1307.4,76,-0.0,165.2287437376,-165.2287437376,zerodha_equity_intraday_nse_order_formula_v2_2026_07_14
P455_contiguous_cross_asset_etf_pressure_side_flip,2026-04-30,RELIANCE,NIFTYBEES,2026-04-30,short,-1,1.4682610374642988,0.44943498784151054,0.45016077170418006,0,0,0,21,261,1305.1999999999998,1305.1999999999998,76,-0.0,165.1936946048,-165.1936946048,zerodha_equity_intraday_nse_order_formula_v2_2026_07_14
P455_contiguous_cross_asset_etf_pressure_side_flip,2026-05-01,RELIANCE,NIFTYBEES,2026-05-01,short,-1,1.4728927101953395,0.44874600235650564,0.4489281210592686,0,0,0,21,261,1299.1,1299.1,76,-0.0,165.0965129184,-165.0965129184,zerodha_equity_intraday_nse_order_formula_v2_2026_07_14
P455_contiguous_cross_asset_etf_pressure_side_flip,2026-05-04,RELIANCE,NIFTYBEES,2026-05-04,short,-1,1.4728780002440782,0.4487006412419845,0.4475347661188369,0,0,0,21,261,1302.3000000000002,1302.3000000000002,76,-0.0,165.1474934752,-165.1474934752,zerodha_equity_intraday_nse_order_formula_v2_2026_07_14
P455_contiguous_cross_asset_etf_pressure_side_flip,2026-05-05,RELIANCE,NIFTYBEES,2026-05-05,short,-1,1.4471075334109607,0.43532008830022073,0.43439911797133407,0,0,0,21,261,1294.1,1294.1,77,-0.0,165.28813021680003,-165.28813021680003,zerodha_equity_intraday_nse_order_formula_v2_2026_07_14
P455_contiguous_cross_asset_etf_pressure_side_flip,2026-05-06,RELIANCE,NIFTYBEES,2026-05-06,short,-1,1.483727254026159,0.4557515217730607,0.45614035087719296,0,0,0,21,261,1305.6999999999998,1305.6999999999998,76,-0.0,165.2016603168,-165.2016603168,zerodha_equity_intraday_nse_order_formula_v2_2026_07_14
P455_contiguous_cross_asset_etf_pressure_side_flip,2026-05-07,RELIANCE,NIFTYBEES,2026-05-07,short,-1,1.426456735276543,0.42720061412487204,0.42569511025886864,0,0,0,21,261,1292.5,1292.5,77,-0.0,165.26230454,-165.26230454,zerodha_equity_intraday_nse_order_formula_v2_2026_07_14
P455_contiguous_cross_asset_etf_pressure_side_flip,2026-05-08,RELIANCE,NIFTYBEES,2026-05-08,short,-1,1.445890745728119,0.4305469235550031,0.4307334109429569,0,0,0,21,261,1295.2,1295.2,77,-0.0,165.3058853696,-165.3058853696,zerodha_equity_intraday_nse_order_formula_v2_2026_07_14
P455_contiguous_cross_asset_etf_pressure_side_flip,2026-05-11,RELIANCE,NIFTYBEES,2026-05-11,short,-1,1.4455677675060497,0.44452841596130593,0.44394110985277463,0,0,0,21,261,1289.9,1289.9,77,-0.0,165.2203378152,-165.2203378152,zerodha_equity_intraday_nse_order_formula_v2_2026_07_14
P455_contiguous_cross_asset_etf_pressure_side_flip,2026-05-12,RELIANCE,NIFTYBEES,2026-05-12,short,-1,1.4705413802136982,0.44791006966434455,0.4483985765124555,0,0,0,21,261,1311.3000000000002,1311.3000000000002,76,-0.0,165.2908762912,-165.2908762912,zerodha_equity_intraday_nse_order_formula_v2_2026_07_14
P455_contiguous_cross_asset_etf_pressure_side_flip,2026-05-13,RELIANCE,NIFTYBEES,2026-05-13,short,-1,1.444897142794948,0.432833605462372,0.43159065628476084,0,0,0,21,261,1313.9,1313.9,76,-0.0,165.3322979936,-165.3322979936,zerodha_equity_intraday_nse_order_formula_v2_2026_07_14
P455_contiguous_cross_asset_etf_pressure_side_flip,2026-05-14,RELIANCE,NIFTYBEES,2026-05-14,short,-1,1.4960059372308585,0.46313963573287076,0.4623955431754875,0,0,0,21,261,1308.4,1308.4,76,-0.0,165.2446751616,-165.2446751616,zerodha_equity_intraday_nse_order_formula_v2_2026_07_14
P455_contiguous_cross_asset_etf_pressure_side_flip,2026-05-15,RELIANCE,NIFTYBEES,2026-05-15,short,-1,1.4559813833564297,0.43735519515237925,0.4379172229639519,0,0,0,21,261,1295.9,1295.9,77,-0.0,165.31718410320002,-165.31718410320002,zerodha_equity_intraday_nse_order_formula_v2_2026_07_14
P455_contiguous_cross_asset_etf_pressure_side_flip,2026-05-18,RELIANCE,NIFTYBEES,2026-05-18,short,-1,1.450425669102307,0.432833605462372,0.43159065628476084,0,0,0,21,261,1300.9,1300.9,76,-0.0,165.12518948160002,-165.12518948160002,zerodha_equity_intraday_nse_order_formula_v2_2026_07_14
P455_contiguous_cross_asset_etf_pressure_side_flip,2026-05-19,RELIANCE,NIFTYBEES,2026-05-19,short,-1,1.4665821031260438,0.44665864971654357,0.4453024453024453,0,0,0,21,261,1302.3000000000002,1302.3000000000002,76,-0.0,165.1474934752,-165.1474934752,zerodha_equity_intraday_nse_order_formula_v2_2026_07_14
P455_contiguous_cross_asset_etf_pressure_side_flip,2026-05-20,RELIANCE,NIFTYBEES,2026-05-20,short,-1,1.467728957484521,0.4438731790916881,0.4441591784338896,0,0,0,21,261,1301.5,1301.5,76,-0.0,165.13474833600003,-165.13474833600003,zerodha_equity_intraday_nse_order_formula_v2_2026_07_14
P455_contiguous_cross_asset_etf_pressure_side_flip,2026-05-21,RELIANCE,NIFTYBEES,2026-05-21,short,-1,1.4731625232538477,0.4506172839506173,0.44914134742404227,0,0,0,21,261,1303.1999999999998,1303.1999999999998,76,-0.0,165.16183175679998,-165.16183175679998,zerodha_equity_intraday_nse_order_formula_v2_2026_07_14
P455_contiguous_cross_asset_etf_pressure_side_flip,2026-05-22,RELIANCE,NIFTYBEES,2026-05-22,short,-1,1.4808359819369985,0.4503114382785957,0.4496288441145281,0,0,0,21,261,1301.1,1301.1,76,-0.0,165.1283757664,-165.1283757664,zerodha_equity_intraday_nse_order_formula_v2_2026_07_14
P455_contiguous_cross_asset_etf_pressure_side_flip,2026-05-25,RELIANCE,NIFTYBEES,2026-05-25,short,-1,1.4531861191783246,0.44210872064378387,0.4403444034440344,0,0,0,21,261,1293.9,1293.9,77,-0.0,165.28490200720003,-165.28490200720003,zerodha_equity_intraday_nse_order_formula_v2_2026_07_14
P455_contiguous_cross_asset_etf_pressure_side_flip,2026-05-26,RELIANCE,NIFTYBEES,2026-05-26,short,-1,1.4664161883715583,0.4432201883774658,0.4420772303595206,0,0,0,21,261,1300.1999999999998,1300.1999999999998,76,-0.0,165.11403748479998,-165.11403748479998,zerodha_equity_intraday_nse_order_formula_v2_2026_07_14
P455_contiguous_cross_asset_etf_pressure_side_flip,2026-05-27,RELIANCE,NIFTYBEES,2026-05-27,short,-1,1.4657592983192897,0.4519641018096219,0.4520396912899669,0,0,0,21,261,1269.6,1269.6,78,-0.0,165.15881317120002,-165.15881317120002,zerodha_equity_intraday_nse_order_formula_v2_2026_07_14
P455_contiguous_cross_asset_etf_pressure_side_flip,2026-05-28,RELIANCE,NIFTYBEES,2026-05-28,short,-1,1.4555779756497111,0.4379454926624738,0.4364207221350079,0,0,0,21,261,1299.1,1299.1,76,-0.0,165.0965129184,-165.0965129184,zerodha_equity_intraday_nse_order_formula_v2_2026_07_14
P455_contiguous_cross_asset_etf_pressure_side_flip,2026-05-29,RELIANCE,NIFTYBEES,2026-05-29,short,-1,1.4680969954412508,0.4457162093923582,0.44388398486759145,0,0,0,21,261,1297.9,1297.9,77,-0.0,165.34946619919998,-165.34946619919998,zerodha_equity_intraday_nse_order_formula_v2_2026_07_14
P455_contiguous_cross_asset_etf_pressure_side_flip,2026-06-01,RELIANCE,NIFTYBEES,2026-06-01,short,-1,1.4654855713584387,0.44560260586319217,0.44552845528455287,0,0,0,21,261,1299.9,1299.9,76,-0.0,165.10925805760002,-165.10925805760002,zerodha_equity_intraday_nse_order_formula_v2_2026_07_14
P455_contiguous_cross_asset_etf_pressure_side_flip,2026-06-02,RELIANCE,NIFTYBEES,2026-06-02,short,-1,1.4477645332927223,0.4348322626695218,0.43422459893048126,0,0,0,21,261,1262.1999999999998,1262.1999999999998,79,-0.0,165.30240561120002,-165.30240561120002,zerodha_equity_intraday_nse_order_formula_v2_2026_07_14
P455_contiguous_cross_asset_etf_pressure_side_flip,2026-06-03,RELIANCE,NIFTYBEES,2026-06-03,short,-1,1.4648233355300997,0.4419692998876825,0.44039270687237025,0,0,0,21,261,1297.5,1297.5,77,-0.0,165.34300978000002,-165.34300978000002,zerodha_equity_intraday_nse_order_formula_v2_2026_07_14
P455_contiguous_cross_asset_etf_pressure_side_flip,2026-06-04,RELIANCE,NIFTYBEES,2026-06-04,short,-1,1.4644757527341228,0.4442486382569689,0.44417767106842737,0,0,0,21,261,1299.9,1299.9,76,-0.0,165.10925805760002,-165.10925805760002,zerodha_equity_intraday_nse_order_formula_v2_2026_07_14
P455_contiguous_cross_asset_etf_pressure_side_flip,2026-06-05,RELIANCE,NIFTYBEES,2026-06-05,short,-1,1.4774478219205989,0.4545598480050665,0.4531435349940688,0,0,0,21,261,1301.1,1301.1,76,-0.0,165.1283757664,-165.1283757664,zerodha_equity_intraday_nse_order_formula_v2_2026_07_14
P455_contiguous_cross_asset_etf_pressure_side_flip,2026-06-08,RELIANCE,NIFTYBEES,2026-06-08,short,-1,1.461785248390525,0.44268177525967894,0.44130127298444133,0,0,0,21,261,1297.4,1297.4,77,-0.0,165.34139567520003,-165.34139567520003,zerodha_equity_intraday_nse_order_formula_v2_2026_07_14
P455_contiguous_cross_asset_etf_pressure_side_flip,2026-06-09,RELIANCE,NIFTYBEES,2026-06-09,short,-1,1.472942297770702,0.4487156457697144,0.44952893674293404,0,0,0,21,261,1300.0,1300.0,76,-0.0,165.11085119999998,-165.11085119999998,zerodha_equity_intraday_nse_order_formula_v2_2026_07_14
P455_contiguous_cross_asset_etf_pressure_side_flip,2026-06-10,RELIANCE,NIFTYBEES,2026-06-10,short,-1,1.4363942538036838,0.4270984606447865,0.426550598476605,0,0,0,21,261,1292.4,1292.4,77,-0.0,165.26069043520002,-165.26069043520002,zerodha_equity_intraday_nse_order_formula_v2_2026_07_14
P455_contiguous_cross_asset_etf_pressure_side_flip,2026-06-11,RELIANCE,NIFTYBEES,2026-06-11,short,-1,1.4674329155519956,0.44620963564151267,0.445019404915912,0,0,0,21,261,1302.3000000000002,1302.3000000000002,76,-0.0,165.1474934752,-165.1474934752,zerodha_equity_intraday_nse_order_formula_v2_2026_07_14
P455_contiguous_cross_asset_etf_pressure_side_flip,2026-06-12,RELIANCE,NIFTYBEES,2026-06-12,short,-1,1.392366374975261,0.3901867051501759,0.39080459770114945,0,0,0,21,261,1279.8,1279.8,78,-0.0,165.3255900256,-165.3255900256,zerodha_equity_intraday_nse_order_formula_v2_2026_07_14
P455_contiguous_cross_asset_etf_pressure_side_flip,2026-06-15,RELIANCE,NIFTYBEES,2026-06-15,short,-1,1.453683742004705,0.433113193057902,0.4326812428078251,0,0,0,21,261,1296.1999999999998,1296.1999999999998,77,-0.0,165.3220264176,-165.3220264176,zerodha_equity_intraday_nse_order_formula_v2_2026_07_14
P455_contiguous_cross_asset_etf_pressure_side_flip,2026-06-16,RELIANCE,NIFTYBEES,2026-06-16,short,-1,1.4643529538964466,0.4382745098039216,0.4371327849588719,0,0,0,21,261,1293.6,1293.6,77,-0.0,165.2800596928,-165.2800596928,zerodha_equity_intraday_nse_order_formula_v2_2026_07_14
P455_contiguous_cross_asset_etf_pressure_side_flip,2026-06-17,RELIANCE,NIFTYBEES,2026-06-17,short,-1,1.4601898071376733,0.43995726495726495,0.4384,0,0,0,21,261,1298.6999999999998,1298.6999999999998,77,-0.0,165.3623790376,-165.3623790376,zerodha_equity_intraday_nse_order_formula_v2_2026_07_14
P455_contiguous_cross_asset_etf_pressure_side_flip,2026-06-18,RELIANCE,NIFTYBEES,2026-06-18,short,-1,1.479756511876598,0.45458853261728005,0.4544378698224852,0,0,0,21,261,1301.1,1301.1,76,-0.0,165.1283757664,-165.1283757664,zerodha_equity_intraday_nse_order_formula_v2_2026_07_14
P455_contiguous_cross_asset_etf_pressure_side_flip,2026-06-19,RELIANCE,NIFTYBEES,2026-06-19,short,-1,1.4665669470251652,0.44754555902150717,0.44772447724477243,0,0,0,21,261,1300.3000000000002,1300.3000000000002,76,-0.0,165.1156306272,-165.1156306272,zerodha_equity_intraday_nse_order_formula_v2_2026_07_14
P455_contiguous_cross_asset_etf_pressure_side_flip,2026-06-22,RELIANCE,NIFTYBEES,2026-06-22,short,-1,1.4220032003985552,0.42008225783576797,0.41870350690754515,0,0,0,21,261,1291.5,1291.5,77,-0.0,165.24616349200002,-165.24616349200002,zerodha_equity_intraday_nse_order_formula_v2_2026_07_14
P455_contiguous_cross_asset_etf_pressure_side_flip,2026-06-23,RELIANCE,NIFTYBEES,2026-06-23,short,-1,1.5020766332726274,0.4636464633995803,0.46253469010175763,0,0,0,21,261,1308.1999999999998,1308.1999999999998,76,-0.0,165.2414888768,-165.2414888768,zerodha_equity_intraday_nse_order_formula_v2_2026_07_14
P455_contiguous_cross_asset_etf_pressure_side_flip,2026-06-24,RELIANCE,NIFTYBEES,2026-06-24,short,-1,1.465795473152075,0.4458620110794024,0.44528301886792454,0,0,0,21,261,1302.1999999999998,1302.1999999999998,76,-0.0,165.14590033279998,-165.14590033279998,zerodha_equity_intraday_nse_order_formula_v2_2026_07_14
P455_contiguous_cross_asset_etf_pressure_side_flip,2026-06-25,RELIANCE,NIFTYBEES,2026-06-25,short,-1,1.4566194748168948,0.44027688345138444,0.4390832328106152,0,0,0,21,261,1323.2,1323.2,75,-0.0,165.20308576,-165.20308576,zerodha_equity_intraday_nse_order_formula_v2_2026_07_14
P455_contiguous_cross_asset_etf_pressure_side_flip,2026-06-26,RELIANCE,NIFTYBEES,2026-06-26,short,-1,1.4361365817474598,0.42313810556760667,0.4225352112676056,0,0,0,21,261,1290.3000000000002,1290.3000000000002,77,-0.0,165.2267942344,-165.2267942344,zerodha_equity_intraday_nse_order_formula_v2_2026_07_14
P455_contiguous_cross_asset_etf_pressure_side_flip,2026-06-29,RELIANCE,NIFTYBEES,2026-06-29,short,-1,1.4743911553476845,0.44869857262804363,0.4477987421383648,0,0,0,21,261,1302.1,1302.1,76,-0.0,165.1443071904,-165.1443071904,zerodha_equity_intraday_nse_order_formula_v2_2026_07_14
P455_contiguous_cross_asset_etf_pressure_side_flip,2026-06-30,RELIANCE,NIFTYBEES,2026-06-30,short,-1,1.5266211378948167,0.4849977200182399,0.4839371155160629,0,0,0,21,261,1315.0,1315.0,76,-0.0,165.34982255999998,-165.34982255999998,zerodha_equity_intraday_nse_order_formula_v2_2026_07_14
P455_contiguous_cross_asset_target_only_l1_l5,2026-01-01,AXISBANK,target_only,2026-01-01,long,1,0.016579259008627983,0.016579259008627983,0.017743979721166033,0,1,0,21,261,1316.6,1316.6,75,0.0,165.09932188000002,-165.09932188000002,zerodha_equity_intraday_nse_order_formula_v2_2026_07_14
P455_contiguous_cross_asset_target_only_l1_l5,2026-01-02,AXISBANK,target_only,2026-01-02,long,1,0.015829218704618064,0.015829218704618064,0.015233949945593036,0,1,0,21,261,1317.5,1317.5,75,0.0,165.1134715,-165.1134715,zerodha_equity_intraday_nse_order_formula_v2_2026_07_14
P455_contiguous_cross_asset_target_only_l1_l5,2026-01-05,AXISBANK,target_only,2026-01-05,long,1,0.01300041271151465,0.01300041271151465,0.012364760432766615,0,1,0,21,261,1317.0,1317.0,75,0.0,165.10561060000003,-165.10561060000003,zerodha_equity_intraday_nse_order_formula_v2_2026_07_14
P455_contiguous_cross_asset_target_only_l1_l5,2026-01-06,AXISBANK,target_only,2026-01-06,long,1,0.019604182225541448,0.019604182225541448,0.019580419580419582,0,1,0,21,261,1319.5,1319.5,75,0.0,165.1449151,-165.1449151,zerodha_equity_intraday_nse_order_formula_v2_2026_07_14
P455_contiguous_cross_asset_target_only_l1_l5,2026-01-07,AXISBANK,target_only,2026-01-07,long,1,0.00492091388400703,0.00492091388400703,0.0052677787532923615,0,1,0,21,261,1303.1,1303.1,76,0.0,165.16023861440001,-165.16023861440001,zerodha_equity_intraday_nse_order_formula_v2_2026_07_14
P455_contiguous_cross_asset_target_only_l1_l5,2026-01-08,AXISBANK,target_only,2026-01-08,long,1,0.01606903734563309,0.01606903734563309,0.01560758082497213,0,1,0,21,261,1283.1999999999998,1283.1999999999998,77,0.0,165.1121927936,-165.1121927936,zerodha_equity_intraday_nse_order_formula_v2_2026_07_14
P455_contiguous_cross_asset_target_only_l1_l5,2026-01-09,AXISBANK,target_only,2026-01-09,long,1,0.019100538287897203,0.019100538287897203,0.018205461638491547,0,1,0,21,261,1321.5,1321.5,75,0.0,165.1763587,-165.1763587,zerodha_equity_intraday_nse_order_formula_v2_2026_07_14
P455_contiguous_cross_asset_target_only_l1_l5,2026-01-12,AXISBANK,target_only,2026-01-12,long,1,0.03585320480297649,0.03585320480297649,0.035487959442332066,0,1,0,21,261,1326.9,1326.9,75,0.0,165.26125642,-165.26125642,zerodha_equity_intraday_nse_order_formula_v2_2026_07_14
P455_contiguous_cross_asset_target_only_l1_l5,2026-01-13,AXISBANK,target_only,2026-01-13,long,1,0.019762183888795845,0.019762183888795845,0.020075282308657464,0,1,0,21,261,1317.4,1317.4,75,0.0,165.11189932,-165.11189932,zerodha_equity_intraday_nse_order_formula_v2_2026_07_14
P455_contiguous_cross_asset_target_only_l1_l5,2026-01-14,AXISBANK,target_only,2026-01-14,long,1,0.03444426726199968,0.03444426726199968,0.03345280764635603,0,1,0,21,261,1323.9,1323.9,75,0.0,165.21409101999998,-165.21409101999998,zerodha_equity_intraday_nse_order_formula_v2_2026_07_14
P455_contiguous_cross_asset_target_only_l1_l5,2026-01-15,AXISBANK,target_only,2026-01-15,long,1,0.04101979774960832,0.04101979774960832,0.04055496264674493,0,1,0,21,261,1346.5,1346.5,74,0.0,165.287144984,-165.287144984,zerodha_equity_intraday_nse_order_formula_v2_2026_07_14
P455_contiguous_cross_asset_target_only_l1_l5,2026-01-16,AXISBANK,target_only,2026-01-16,long,1,0.01812004530011325,0.01812004530011325,0.01696969696969697,0,1,0,21,261,1344.3000000000002,1344.3000000000002,74,0.0,165.2530181968,-165.2530181968,zerodha_equity_intraday_nse_order_formula_v2_2026_07_14
P455_contiguous_cross_asset_target_only_l1_l5,2026-01-19,AXISBANK,target_only,2026-01-19,long,1,0.021196732170457054,0.021196732170457054,0.019834710743801654,0,1,0,21,261,1317.4,1317.4,75,0.0,165.11189932,-165.11189932,zerodha_equity_intraday_nse_order_formula_v2_2026_07_14
P455_contiguous_cross_asset_target_only_l1_l5,2026-01-20,AXISBANK,target_only,2026-01-20,long,1,0.03213042101930991,0.03213042101930991,0.03084223013048636,0,1,0,21,261,1325.9,1325.9,75,0.0,165.24553462,-165.24553462,zerodha_equity_intraday_nse_order_formula_v2_2026_07_14
P455_contiguous_cross_asset_target_only_l1_l5,2026-01-21,AXISBANK,target_only,2026-01-21,long,1,0.020382842963488124,0.020382842963488124,0.01859229747675963,0,1,0,21,261,1319.1,1319.1,75,0.0,165.13862637999998,-165.13862637999998,zerodha_equity_intraday_nse_order_formula_v2_2026_07_14
P455_contiguous_cross_asset_target_only_l1_l5,2026-01-22,AXISBANK,target_only,2026-01-22,long,1,0.015701377573692787,0.015701377573692787,0.01553829078801332,0,1,0,21,261,1300.1999999999998,1300.1999999999998,76,0.0,165.11403748479998,-165.11403748479998,zerodha_equity_intraday_nse_order_formula_v2_2026_07_14
P455_contiguous_cross_asset_target_only_l1_l5,2026-01-23,AXISBANK,target_only,2026-01-23,long,1,0.024881003894418,0.024881003894418,0.02593192868719611,0,1,0,21,261,1320.9,1320.9,75,0.0,165.16692562,-165.16692562,zerodha_equity_intraday_nse_order_formula_v2_2026_07_14
P455_contiguous_cross_asset_target_only_l1_l5,2026-01-26,AXISBANK,target_only,2026-01-26,long,1,0.02153478037942232,0.02153478037942232,0.020486555697823303,0,1,0,21,261,1321.8000000000002,1321.8000000000002,75,0.0,165.18107523999998,-165.18107523999998,zerodha_equity_intraday_nse_order_formula_v2_2026_07_14
P455_contiguous_cross_asset_target_only_l1_l5,2026-01-27,AXISBANK,target_only,2026-01-27,long,1,0.026744825059534714,0.026744825059534714,0.027434842249657063,0,1,0,21,261,1333.1,1333.1,75,0.0,165.35873158,-165.35873158,zerodha_equity_intraday_nse_order_formula_v2_2026_07_14
P455_contiguous_cross_asset_target_only_l1_l5,2026-01-28,AXISBANK,target_only,2026-01-28,long,1,0.011347517730496455,0.011347517730496455,0.011806375442739079,0,1,0,21,261,1317.9,1317.9,75,0.0,165.11976022000002,-165.11976022000002,zerodha_equity_intraday_nse_order_formula_v2_2026_07_14
P455_contiguous_cross_asset_target_only_l1_l5,2026-01-29,AXISBANK,target_only,2026-01-29,long,1,0.030136500620457366,0.030136500620457366,0.029216467463479414,0,1,0,21,261,1322.1999999999998,1322.1999999999998,75,0.0,165.18736396,-165.18736396,zerodha_equity_intraday_nse_order_formula_v2_2026_07_14
P455_contiguous_cross_asset_target_only_l1_l5,2026-01-30,AXISBANK,target_only,2026-01-30,long,1,0.02378870036732552,0.02378870036732552,0.023591087811271297,0,1,0,21,261,1321.8000000000002,1321.8000000000002,75,0.0,165.18107523999998,-165.18107523999998,zerodha_equity_intraday_nse_order_formula_v2_2026_07_14
P455_contiguous_cross_asset_target_only_l1_l5,2026-02-02,AXISBANK,target_only,2026-02-02,long,1,0.013764510779436153,0.013764510779436153,0.012422360248447204,0,1,0,21,261,1328.0,1328.0,75,0.0,165.27855040000003,-165.27855040000003,zerodha_equity_intraday_nse_order_formula_v2_2026_07_14
P455_contiguous_cross_asset_target_only_l1_l5,2026-02-03,AXISBANK,target_only,2026-02-03,long,1,0.01670601053205012,0.01670601053205012,0.0163265306122449,0,1,0,21,261,1322.0,1322.0,75,0.0,165.18421960000003,-165.18421960000003,zerodha_equity_intraday_nse_order_formula_v2_2026_07_14
P455_contiguous_cross_asset_target_only_l1_l5,2026-02-04,AXISBANK,target_only,2026-02-04,long,1,0.0008939974457215837,0.0008939974457215837,0.0,0,1,0,21,261,1313.1999999999998,1313.1999999999998,76,0.0,165.32114599679997,-165.32114599679997,zerodha_equity_intraday_nse_order_formula_v2_2026_07_14
P455_contiguous_cross_asset_target_only_l1_l5,2026-02-05,AXISBANK,target_only,2026-02-05,long,1,0.013522112631244034,0.013522112631244034,0.014302741358760428,0,1,0,21,261,1316.0,1316.0,75,0.0,165.0898888,-165.0898888,zerodha_equity_intraday_nse_order_formula_v2_2026_07_14
P455_contiguous_cross_asset_target_only_l1_l5,2026-02-06,AXISBANK,target_only,2026-02-06,long,1,0.007057716436637391,0.007057716436637391,0.007050528789659225,0,1,0,21,261,1316.4,1316.4,75,0.0,165.09617752,-165.09617752,zerodha_equity_intraday_nse_order_formula_v2_2026_07_14
P455_contiguous_cross_asset_target_only_l1_l5,2026-02-09,AXISBANK,target_only,2026-02-09,long,1,0.0223666314039595,0.0223666314039595,0.022650056625141562,0,1,0,21,261,1321.1999999999998,1321.1999999999998,75,0.0,165.17164215999998,-165.17164215999998,zerodha_equity_intraday_nse_order_formula_v2_2026_07_14
P455_contiguous_cross_asset_target_only_l1_l5,2026-02-10,AXISBANK,target_only,2026-02-10,long,1,0.03789050417568821,0.03789050417568821,0.03707995365005794,0,1,0,21,261,1327.6999999999998,1327.6999999999998,75,0.0,165.27383386,-165.27383386,zerodha_equity_intraday_nse_order_formula_v2_2026_07_14
P455_contiguous_cross_asset_target_only_l1_l5,2026-02-11,AXISBANK,target_only,2026-02-11,long,1,0.016579259008627983,0.016579259008627983,0.017743979721166033,0,1,0,21,261,1319.5,1319.5,75,0.0,165.1449151,-165.1449151,zerodha_equity_intraday_nse_order_formula_v2_2026_07_14
P455_contiguous_cross_asset_target_only_l1_l5,2026-02-12,AXISBANK,target_only,2026-02-12,long,1,0.02228596646072374,0.02228596646072374,0.019834710743801654,0,1,0,21,261,1322.5,1322.5,75,0.0,165.1920805,-165.1920805,zerodha_equity_intraday_nse_order_formula_v2_2026_07_14
P455_contiguous_cross_asset_target_only_l1_l5,2026-02-13,AXISBANK,target_only,2026-02-13,long,1,0.013465346534653465,0.013465346534653465,0.013847675568743818,0,1,0,21,261,1317.5,1317.5,75,0.0,165.1134715,-165.1134715,zerodha_equity_intraday_nse_order_formula_v2_2026_07_14
P455_contiguous_cross_asset_target_only_l1_l5,2026-02-16,AXISBANK,target_only,2026-02-16,long,1,0.010032965457933208,0.010032965457933208,0.010741138560687433,0,1,0,21,261,1317.8000000000002,1317.8000000000002,75,0.0,165.11818804000004,-165.11818804000004,zerodha_equity_intraday_nse_order_formula_v2_2026_07_14
P455_contiguous_cross_asset_target_only_l1_l5,2026-02-17,AXISBANK,target_only,2026-02-17,long,1,0.015170088875268158,0.015170088875268158,0.013777267508610792,0,1,0,21,261,1316.3000000000002,1316.3000000000002,75,0.0,165.09460534,-165.09460534,zerodha_equity_intraday_nse_order_formula_v2_2026_07_14
P455_contiguous_cross_asset_target_only_l1_l5,2026-02-18,AXISBANK,target_only,2026-02-18,long,1,0.027564102564102563,0.027564102564102563,0.0288,0,1,0,21,261,1319.4,1319.4,75,0.0,165.14334292,-165.14334292,zerodha_equity_intraday_nse_order_formula_v2_2026_07_14
P455_contiguous_cross_asset_target_only_l1_l5,2026-02-19,AXISBANK,target_only,2026-02-19,long,1,0.008214381901427417,0.008214381901427417,0.008072653884964682,0,1,0,21,261,1314.3000000000002,1314.3000000000002,76,0.0,165.33867056320003,-165.33867056320003,zerodha_equity_intraday_nse_order_formula_v2_2026_07_14
P455_contiguous_cross_asset_target_only_l1_l5,2026-02-20,AXISBANK,target_only,2026-02-20,long,1,0.026764405046027957,0.026764405046027957,0.02554278416347382,0,1,0,21,261,1320.9,1320.9,75,0.0,165.16692562,-165.16692562,zerodha_equity_intraday_nse_order_formula_v2_2026_07_14
P455_contiguous_cross_asset_target_only_l1_l5,2026-02-23,AXISBANK,target_only,2026-02-23,long,1,0.015401540154015401,0.015401540154015401,0.014134275618374558,0,1,0,21,261,1319.5,1319.5,75,0.0,165.1449151,-165.1449151,zerodha_equity_intraday_nse_order_formula_v2_2026_07_14
P455_contiguous_cross_asset_target_only_l1_l5,2026-02-24,AXISBANK,target_only,2026-02-24,long,1,0.02596840510711967,0.02596840510711967,0.02593192868719611,0,1,0,21,261,1320.3,1320.3,75,0.0,165.15749254,-165.15749254,zerodha_equity_intraday_nse_order_formula_v2_2026_07_14
P455_contiguous_cross_asset_target_only_l1_l5,2026-02-25,AXISBANK,target_only,2026-02-25,long,1,0.019198818534244048,0.019198818534244048,0.019363762102351315,0,1,0,21,261,1318.1,1318.1,75,0.0,165.12290458,-165.12290458,zerodha_equity_intraday_nse_order_formula_v2_2026_07_14
P455_contiguous_cross_asset_target_only_l1_l5,2026-02-26,AXISBANK,target_only,2026-02-26,long,1,0.010858090785703513,0.010858090785703513,0.011299435028248588,0,1,0,21,261,1316.1,1316.1,75,0.0,165.09146098000002,-165.09146098000002,zerodha_equity_intraday_nse_order_formula_v2_2026_07_14
P455_contiguous_cross_asset_target_only_l1_l5,2026-02-27,AXISBANK,target_only,2026-02-27,long,1,0.009854014598540146,0.009854014598540146,0.010938924339106655,0,1,0,21,261,1315.2,1315.2,76,0.0,165.3530088448,-165.3530088448,zerodha_equity_intraday_nse_order_formula_v2_2026_07_14
P455_contiguous_cross_asset_target_only_l1_l5,2026-03-02,AXISBANK,target_only,2026-03-02,long,1,0.013104013104013105,0.013104013104013105,0.014723926380368098,0,1,0,21,261,1317.4,1317.4,75,0.0,165.11189932,-165.11189932,zerodha_equity_intraday_nse_order_formula_v2_2026_07_14
P455_contiguous_cross_asset_target_only_l1_l5,2026-03-03,AXISBANK,target_only,2026-03-03,long,1,0.044889779559118236,0.044889779559118236,0.044044044044044044,0,1,0,21,261,1299.5,1299.5,76,0.0,165.102885488,-165.102885488,zerodha_equity_intraday_nse_order_formula_v2_2026_07_14
P455_contiguous_cross_asset_target_only_l1_l5,2026-03-04,AXISBANK,target_only,2026-03-04,long,1,0.02948094715383409,0.02948094715383409,0.03055229142185664,0,1,0,21,261,1339.1,1339.1,74,0.0,165.17235488160003,-165.17235488160003,zerodha_equity_intraday_nse_order_formula_v2_2026_07_14
P455_contiguous_cross_asset_target_only_l1_l5,2026-03-05,AXISBANK,target_only,2026-03-05,long,1,0.020627344016365495,0.020627344016365495,0.020434227330779056,0,1,0,21,261,1317.9,1317.9,75,0.0,165.11976022000002,-165.11976022000002,zerodha_equity_intraday_nse_order_formula_v2_2026_07_14
P455_contiguous_cross_asset_target_only_l1_l5,2026-03-06,AXISBANK,target_only,2026-03-06,long,1,0.023924164911224798,0.023924164911224798,0.02480270574971815,0,1,0,21,261,1318.6,1318.6,75,0.0,165.13076547999998,-165.13076547999998,zerodha_equity_intraday_nse_order_formula_v2_2026_07_14
P455_contiguous_cross_asset_target_only_l1_l5,2026-03-09,AXISBANK,target_only,2026-03-09,long,1,0.03393939393939394,0.03393939393939394,0.03372243839169909,0,1,0,21,261,1325.6999999999998,1325.6999999999998,75,0.0,165.24239026,-165.24239026,zerodha_equity_intraday_nse_order_formula_v2_2026_07_14
P455_contiguous_cross_asset_target_only_l1_l5,2026-03-10,AXISBANK,target_only,2026-03-10,long,1,0.020382842963488124,0.020382842963488124,0.01859229747675963,0,1,0,21,261,1321.1999999999998,1321.1999999999998,75,0.0,165.17164215999998,-165.17164215999998,zerodha_equity_intraday_nse_order_formula_v2_2026_07_14
P455_contiguous_cross_asset_target_only_l1_l5,2026-03-11,AXISBANK,target_only,2026-03-11,long,1,0.02629176556509038,0.02629176556509038,0.027359781121751026,0,1,0,21,261,1321.6,1321.6,75,0.0,165.17793088,-165.17793088,zerodha_equity_intraday_nse_order_formula_v2_2026_07_14
P455_contiguous_cross_asset_target_only_l1_l5,2026-03-12,AXISBANK,target_only,2026-03-12,long,1,0.015479387142631496,0.015479387142631496,0.014201183431952662,0,1,0,21,261,1351.4,1351.4,73,0.0,165.07986877279998,-165.07986877279998,zerodha_equity_intraday_nse_order_formula_v2_2026_07_14
P455_contiguous_cross_asset_target_only_l1_l5,2026-03-13,AXISBANK,target_only,2026-03-13,long,1,0.0480164751788424,0.0480164751788424,0.047116165718927704,0,1,0,21,261,1329.3,1329.3,75,0.0,165.29898874,-165.29898874,zerodha_equity_intraday_nse_order_formula_v2_2026_07_14
P455_contiguous_cross_asset_target_only_l1_l5,2026-03-16,AXISBANK,target_only,2026-03-16,long,1,0.024967433782023447,0.024967433782023447,0.026016260162601626,0,1,0,21,261,1322.6,1322.6,75,0.0,165.19365268,-165.19365268,zerodha_equity_intraday_nse_order_formula_v2_2026_07_14
P455_contiguous_cross_asset_target_only_l1_l5,2026-03-17,AXISBANK,target_only,2026-03-17,long,1,0.02272296913463359,0.02272296913463359,0.02269503546099291,0,1,0,21,261,1321.9,1321.9,75,0.0,165.18264742000002,-165.18264742000002,zerodha_equity_intraday_nse_order_formula_v2_2026_07_14
P455_contiguous_cross_asset_target_only_l1_l5,2026-03-18,AXISBANK,target_only,2026-03-18,long,1,0.007993197278911564,0.007993197278911564,0.007643312101910828,0,1,0,21,261,1316.0,1316.0,75,0.0,165.0898888,-165.0898888,zerodha_equity_intraday_nse_order_formula_v2_2026_07_14
P455_contiguous_cross_asset_target_only_l1_l5,2026-03-19,AXISBANK,target_only,2026-03-19,long,1,0.00706951691634405,0.00706951691634405,0.007566204287515763,0,1,0,21,261,1313.6,1313.6,76,0.0,165.3275185664,-165.3275185664,zerodha_equity_intraday_nse_order_formula_v2_2026_07_14
P455_contiguous_cross_asset_target_only_l1_l5,2026-03-20,AXISBANK,target_only,2026-03-20,long,1,0.014294892386765179,0.014294892386765179,0.01444043321299639,0,1,0,21,261,1315.9,1315.9,75,0.0,165.08831662,-165.08831662,zerodha_equity_intraday_nse_order_formula_v2_2026_07_14
P455_contiguous_cross_asset_target_only_l1_l5,2026-03-23,AXISBANK,target_only,2026-03-23,long,1,0.01957765068191817,0.01957765068191817,0.019769357495881382,0,1,0,21,261,1317.4,1317.4,75,0.0,165.11189932,-165.11189932,zerodha_equity_intraday_nse_order_formula_v2_2026_07_14
P455_contiguous_cross_asset_target_only_l1_l5,2026-03-24,AXISBANK,target_only,2026-03-24,long,1,0.017076753580609623,0.017076753580609623,0.016506189821182942,0,1,0,21,261,1317.4,1317.4,75,0.0,165.11189932,-165.11189932,zerodha_equity_intraday_nse_order_formula_v2_2026_07_14
P455_contiguous_cross_asset_target_only_l1_l5,2026-03-25,AXISBANK,target_only,2026-03-25,long,1,0.02621527777777778,0.02621527777777778,0.02860858257477243,0,1,0,21,261,1321.6999999999998,1321.6999999999998,75,0.0,165.17950306,-165.17950306,zerodha_equity_intraday_nse_order_formula_v2_2026_07_14
P455_contiguous_cross_asset_target_only_l1_l5,2026-03-26,AXISBANK,target_only,2026-03-26,long,1,0.010674695497468181,0.010674695497468181,0.012307692307692308,0,1,0,21,261,1314.5,1314.5,76,0.0,165.34185684800002,-165.34185684800002,zerodha_equity_intraday_nse_order_formula_v2_2026_07_14
P455_contiguous_cross_asset_target_only_l1_l5,2026-03-27,AXISBANK,target_only,2026-03-27,long,1,0.019909972299168976,0.019909972299168976,0.020752269779507133,0,1,0,21,261,1319.4,1319.4,75,0.0,165.14334292,-165.14334292,zerodha_equity_intraday_nse_order_formula_v2_2026_07_14
P455_contiguous_cross_asset_target_only_l1_l5,2026-03-30,AXISBANK,target_only,2026-03-30,long,1,0.03172623995566639,0.03172623995566639,0.03115264797507788,0,1,0,21,261,1323.6,1323.6,75,0.0,165.20937447999998,-165.20937447999998,zerodha_equity_intraday_nse_order_formula_v2_2026_07_14
P455_contiguous_cross_asset_target_only_l1_l5,2026-03-31,AXISBANK,target_only,2026-03-31,long,1,0.02689445196211096,0.02689445196211096,0.025348542458808618,0,1,0,21,261,1323.6,1323.6,75,0.0,165.20937447999998,-165.20937447999998,zerodha_equity_intraday_nse_order_formula_v2_2026_07_14
P455_contiguous_cross_asset_target_only_l1_l5,2026-04-01,AXISBANK,target_only,2026-04-01,long,1,0.03947196444909162,0.03947196444909162,0.039177277179236046,0,1,0,21,261,1326.5,1326.5,75,0.0,165.25496769999998,-165.25496769999998,zerodha_equity_intraday_nse_order_formula_v2_2026_07_14
P455_contiguous_cross_asset_target_only_l1_l5,2026-04-02,AXISBANK,target_only,2026-04-02,long,1,0.02521119324181626,0.02521119324181626,0.025717111770524232,0,1,0,21,261,1320.4,1320.4,75,0.0,165.15906472,-165.15906472,zerodha_equity_intraday_nse_order_formula_v2_2026_07_14
P455_contiguous_cross_asset_target_only_l1_l5,2026-04-03,AXISBANK,target_only,2026-04-03,long,1,0.02632028713040506,0.02632028713040506,0.02560819462227913,0,1,0,21,261,1323.0,1323.0,75,0.0,165.1999414,-165.1999414,zerodha_equity_intraday_nse_order_formula_v2_2026_07_14
P455_contiguous_cross_asset_target_only_l1_l5,2026-04-06,AXISBANK,target_only,2026-04-06,long,1,0.012474437627811861,0.012474437627811861,0.01225114854517611,0,1,0,21,261,1316.0,1316.0,75,0.0,165.0898888,-165.0898888,zerodha_equity_intraday_nse_order_formula_v2_2026_07_14
P455_contiguous_cross_asset_target_only_l1_l5,2026-04-07,AXISBANK,target_only,2026-04-07,long,1,0.0076178384383431205,0.0076178384383431205,0.007134363852556481,0,1,0,21,261,1313.5,1313.5,76,0.0,165.325925424,-165.325925424,zerodha_equity_intraday_nse_order_formula_v2_2026_07_14
P455_contiguous_cross_asset_target_only_l1_l5,2026-04-08,AXISBANK,target_only,2026-04-08,long,1,0.018610690326769097,0.018610690326769097,0.019448946515397084,0,1,0,21,261,1319.0,1319.0,75,0.0,165.1370542,-165.1370542,zerodha_equity_intraday_nse_order_formula_v2_2026_07_14
P455_contiguous_cross_asset_target_only_l1_l5,2026-04-09,AXISBANK,target_only,2026-04-09,long,1,0.011042097998619738,0.011042097998619738,0.012409513960703205,0,1,0,21,261,1327.3,1327.3,75,0.0,165.26754514,-165.26754514,zerodha_equity_intraday_nse_order_formula_v2_2026_07_14
P455_contiguous_cross_asset_target_only_l1_l5,2026-04-10,AXISBANK,target_only,2026-04-10,long,1,0.03146659273634599,0.03146659273634599,0.03115264797507788,0,1,0,21,261,1323.5,1323.5,75,0.0,165.2078023,-165.2078023,zerodha_equity_intraday_nse_order_formula_v2_2026_07_14
P455_contiguous_cross_asset_target_only_l1_l5,2026-04-13,AXISBANK,target_only,2026-04-13,long,1,0.01566405599066822,0.01566405599066822,0.017478152309612985,0,1,0,21,261,1319.9,1319.9,75,0.0,165.15120382,-165.15120382,zerodha_equity_intraday_nse_order_formula_v2_2026_07_14
P455_contiguous_cross_asset_target_only_l1_l5,2026-04-14,AXISBANK,target_only,2026-04-14,long,1,0.01888539159414923,0.01888539159414923,0.019417475728155338,0,1,0,21,261,1320.9,1320.9,75,0.0,165.16692562,-165.16692562,zerodha_equity_intraday_nse_order_formula_v2_2026_07_14
P455_contiguous_cross_asset_target_only_l1_l5,2026-04-15,AXISBANK,target_only,2026-04-15,long,1,0.019873373197326766,0.019873373197326766,0.01844532279314888,0,1,0,21,261,1317.6999999999998,1317.6999999999998,75,0.0,165.11661586000002,-165.11661586000002,zerodha_equity_intraday_nse_order_formula_v2_2026_07_14
P455_contiguous_cross_asset_target_only_l1_l5,2026-04-16,AXISBANK,target_only,2026-04-16,long,1,0.02369020501138952,0.02369020501138952,0.02502844141069397,0,1,0,21,261,1332.4,1332.4,75,0.0,165.34772632,-165.34772632,zerodha_equity_intraday_nse_order_formula_v2_2026_07_14
P455_contiguous_cross_asset_target_only_l1_l5,2026-04-17,AXISBANK,target_only,2026-04-17,long,1,0.029676817899316345,0.029676817899316345,0.030267753201396973,0,1,0,21,261,1325.0,1325.0,75,0.0,165.23138500000002,-165.23138500000002,zerodha_equity_intraday_nse_order_formula_v2_2026_07_14
P455_contiguous_cross_asset_target_only_l1_l5,2026-04-20,AXISBANK,target_only,2026-04-20,long,1,0.02438627865387742,0.02438627865387742,0.024360535931790498,0,1,0,21,261,1349.4,1349.4,74,0.0,165.3321302944,-165.3321302944,zerodha_equity_intraday_nse_order_formula_v2_2026_07_14
P455_contiguous_cross_asset_target_only_l1_l5,2026-04-21,AXISBANK,target_only,2026-04-21,long,1,0.033065080475857246,0.033065080475857246,0.03407601572739188,0,1,0,21,261,1324.1,1324.1,75,0.0,165.21723538,-165.21723538,zerodha_equity_intraday_nse_order_formula_v2_2026_07_14
P455_contiguous_cross_asset_target_only_l1_l5,2026-04-22,AXISBANK,target_only,2026-04-22,long,1,0.029397026891598465,0.029397026891598465,0.030037546933667083,0,1,0,21,261,1324.3000000000002,1324.3000000000002,75,0.0,165.22037974,-165.22037974,zerodha_equity_intraday_nse_order_formula_v2_2026_07_14
P455_contiguous_cross_asset_target_only_l1_l5,2026-04-23,AXISBANK,target_only,2026-04-23,long,1,0.0003794586390083481,0.0003794586390083481,0.0,0,1,0,21,261,1312.3000000000002,1312.3000000000002,76,0.0,165.30680771520002,-165.30680771520002,zerodha_equity_intraday_nse_order_formula_v2_2026_07_14
P455_contiguous_cross_asset_target_only_l1_l5,2026-04-24,AXISBANK,target_only,2026-04-24,long,1,0.02629176556509038,0.02629176556509038,0.027359781121751026,0,1,0,21,261,1323.4,1323.4,75,0.0,165.20623012,-165.20623012,zerodha_equity_intraday_nse_order_formula_v2_2026_07_14
P455_contiguous_cross_asset_target_only_l1_l5,2026-04-27,AXISBANK,target_only,2026-04-27,long,1,0.02926829268292683,0.02926829268292683,0.029769959404600813,0,1,0,21,261,1322.5,1322.5,75,0.0,165.1920805,-165.1920805,zerodha_equity_intraday_nse_order_formula_v2_2026_07_14
P455_contiguous_cross_asset_target_only_l1_l5,2026-04-28,AXISBANK,target_only,2026-04-28,long,1,0.03516062010548186,0.03516062010548186,0.03592814371257485,0,1,0,21,261,1325.4,1325.4,75,0.0,165.23767371999998,-165.23767371999998,zerodha_equity_intraday_nse_order_formula_v2_2026_07_14
P455_contiguous_cross_asset_target_only_l1_l5,2026-04-29,AXISBANK,target_only,2026-04-29,long,1,0.022819396487013963,0.022819396487013963,0.02249718785151856,0,1,0,21,261,1340.1999999999998,1340.1999999999998,74,0.0,165.1894182752,-165.1894182752,zerodha_equity_intraday_nse_order_formula_v2_2026_07_14
P455_contiguous_cross_asset_target_only_l1_l5,2026-04-30,AXISBANK,target_only,2026-04-30,long,1,0.030626780626780627,0.030626780626780627,0.032017075773746,0,1,0,21,261,1326.0,1326.0,75,0.0,165.24710679999998,-165.24710679999998,zerodha_equity_intraday_nse_order_formula_v2_2026_07_14
P455_contiguous_cross_asset_target_only_l1_l5,2026-05-01,AXISBANK,target_only,2026-05-01,long,1,0.026526101003230742,0.026526101003230742,0.025477707006369428,0,1,0,21,261,1321.6,1321.6,75,0.0,165.17793088,-165.17793088,zerodha_equity_intraday_nse_order_formula_v2_2026_07_14
P455_contiguous_cross_asset_target_only_l1_l5,2026-05-04,AXISBANK,target_only,2026-05-04,long,1,0.021919745448117377,0.021919745448117377,0.02119205298013245,0,1,0,21,261,1324.9,1324.9,75,0.0,165.22981282,-165.22981282,zerodha_equity_intraday_nse_order_formula_v2_2026_07_14
P455_contiguous_cross_asset_target_only_l1_l5,2026-05-05,AXISBANK,target_only,2026-05-05,long,1,0.03332354668232531,0.03332354668232531,0.0352035203520352,0,1,0,21,261,1318.9,1318.9,75,0.0,165.13548201999998,-165.13548201999998,zerodha_equity_intraday_nse_order_formula_v2_2026_07_14
P455_contiguous_cross_asset_target_only_l1_l5,2026-05-06,AXISBANK,target_only,2026-05-06,long,1,0.03569182389937107,0.03569182389937107,0.0353356890459364,0,1,0,21,261,1326.4,1326.4,75,0.0,165.25339551999997,-165.25339551999997,zerodha_equity_intraday_nse_order_formula_v2_2026_07_14
P455_contiguous_cross_asset_target_only_l1_l5,2026-05-07,AXISBANK,target_only,2026-05-07,long,1,0.0001274534794799898,0.0001274534794799898,0.0,0,1,0,21,261,1314.9,1314.9,76,0.0,165.3482294176,-165.3482294176,zerodha_equity_intraday_nse_order_formula_v2_2026_07_14
P455_contiguous_cross_asset_target_only_l1_l5,2026-05-08,AXISBANK,target_only,2026-05-08,long,1,0.004662004662004662,0.004662004662004662,0.004656577415599534,0,1,0,21,261,1312.8,1312.8,76,0.0,165.31477342719998,-165.31477342719998,zerodha_equity_intraday_nse_order_formula_v2_2026_07_14
P455_contiguous_cross_asset_target_only_l1_l5,2026-05-11,AXISBANK,target_only,2026-05-11,short,-1,-0.004744525547445255,-0.004744525547445255,-0.0036463081130355514,0,1,0,21,261,1310.6999999999998,1310.6999999999998,76,-0.0,165.2813174368,-165.2813174368,zerodha_equity_intraday_nse_order_formula_v2_2026_07_14
P455_contiguous_cross_asset_target_only_l1_l5,2026-05-12,AXISBANK,target_only,2026-05-12,long,1,0.02881619937694704,0.02881619937694704,0.028004667444574097,0,1,0,21,261,1354.6999999999998,1354.6999999999998,73,0.0,165.13036719439998,-165.13036719439998,zerodha_equity_intraday_nse_order_formula_v2_2026_07_14
P455_contiguous_cross_asset_target_only_l1_l5,2026-05-13,AXISBANK,target_only,2026-05-13,long,1,0.00763246734184647,0.00763246734184647,0.0088008800880088,0,1,0,21,261,1342.6999999999998,1342.6999999999998,74,0.0,165.22819871520002,-165.22819871520002,zerodha_equity_intraday_nse_order_formula_v2_2026_07_14
P455_contiguous_cross_asset_target_only_l1_l5,2026-05-14,AXISBANK,target_only,2026-05-14,short,-1,-0.020477072214355733,-0.020477072214355733,-0.019591836734693877,0,1,0,21,261,1306.6999999999998,1306.6999999999998,76,-0.0,165.2175917408,-165.2175917408,zerodha_equity_intraday_nse_order_formula_v2_2026_07_14
P455_contiguous_cross_asset_target_only_l1_l5,2026-05-15,AXISBANK,target_only,2026-05-15,long,1,0.015546819156540386,0.015546819156540386,0.01606425702811245,0,1,0,21,261,1316.1999999999998,1316.1999999999998,75,0.0,165.09303315999998,-165.09303315999998,zerodha_equity_intraday_nse_order_formula_v2_2026_07_14
P455_contiguous_cross_asset_target_only_l1_l5,2026-05-18,AXISBANK,target_only,2026-05-18,long,1,0.007998814990371797,0.007998814990371797,0.006659267480577136,0,1,0,21,261,1326.8,1326.8,75,0.0,165.25968424,-165.25968424,zerodha_equity_intraday_nse_order_formula_v2_2026_07_14
P455_contiguous_cross_asset_target_only_l1_l5,2026-05-19,AXISBANK,target_only,2026-05-19,long,1,0.023718836565096952,0.023718836565096952,0.023346303501945526,0,1,0,21,261,1322.5,1322.5,75,0.0,165.1920805,-165.1920805,zerodha_equity_intraday_nse_order_formula_v2_2026_07_14
P455_contiguous_cross_asset_target_only_l1_l5,2026-05-20,AXISBANK,target_only,2026-05-20,long,1,0.020901147849922905,0.020901147849922905,0.02053915275994865,0,1,0,21,261,1318.8000000000002,1318.8000000000002,75,0.0,165.13390983999997,-165.13390983999997,zerodha_equity_intraday_nse_order_formula_v2_2026_07_14
P455_contiguous_cross_asset_target_only_l1_l5,2026-05-21,AXISBANK,target_only,2026-05-21,long,1,0.028261642374688943,0.028261642374688943,0.02663115845539281,0,1,0,21,261,1320.6,1320.6,75,0.0,165.16220907999997,-165.16220907999997,zerodha_equity_intraday_nse_order_formula_v2_2026_07_14
P455_contiguous_cross_asset_target_only_l1_l5,2026-05-22,AXISBANK,target_only,2026-05-22,long,1,0.03754861204237629,0.03754861204237629,0.03819095477386935,0,1,0,21,261,1327.3,1327.3,75,0.0,165.26754514,-165.26754514,zerodha_equity_intraday_nse_order_formula_v2_2026_07_14
P455_contiguous_cross_asset_target_only_l1_l5,2026-05-25,AXISBANK,target_only,2026-05-25,long,1,0.004948333575898705,0.004948333575898705,0.004362050163576881,0,1,0,21,261,1312.8000000000002,1312.8000000000002,76,0.0,165.31477342719998,-165.31477342719998,zerodha_equity_intraday_nse_order_formula_v2_2026_07_14
P455_contiguous_cross_asset_target_only_l1_l5,2026-05-26,AXISBANK,target_only,2026-05-26,long,1,0.02487821851078636,0.02487821851078636,0.02607561929595828,0,1,0,21,261,1321.6,1321.6,75,0.0,165.17793088,-165.17793088,zerodha_equity_intraday_nse_order_formula_v2_2026_07_14
P455_contiguous_cross_asset_target_only_l1_l5,2026-05-27,AXISBANK,target_only,2026-05-27,long,1,0.02715484363081617,0.02715484363081617,0.025142857142857144,0,1,0,21,261,1286.6999999999998,1286.6999999999998,77,0.0,165.16868646160003,-165.16868646160003,zerodha_equity_intraday_nse_order_formula_v2_2026_07_14
P455_contiguous_cross_asset_target_only_l1_l5,2026-05-28,AXISBANK,target_only,2026-05-28,long,1,0.023762376237623763,0.023762376237623763,0.023064250411861616,0,1,0,21,261,1317.6999999999998,1317.6999999999998,75,0.0,165.11661586000002,-165.11661586000002,zerodha_equity_intraday_nse_order_formula_v2_2026_07_14
P455_contiguous_cross_asset_target_only_l1_l5,2026-05-29,AXISBANK,target_only,2026-05-29,long,1,0.025261758351337878,0.025261758351337878,0.024906600249066,0,1,0,21,261,1318.9,1318.9,75,0.0,165.13548201999998,-165.13548201999998,zerodha_equity_intraday_nse_order_formula_v2_2026_07_14
P455_contiguous_cross_asset_target_only_l1_l5,2026-06-01,AXISBANK,target_only,2026-06-01,long,1,0.024256993006993008,0.024256993006993008,0.02618657937806874,0,1,0,21,261,1319.5,1319.5,75,0.0,165.1449151,-165.1449151,zerodha_equity_intraday_nse_order_formula_v2_2026_07_14
P455_contiguous_cross_asset_target_only_l1_l5,2026-06-02,AXISBANK,target_only,2026-06-02,long,1,0.012408021930457366,0.012408021930457366,0.012972972972972972,0,1,0,21,261,1286.3000000000002,1286.3000000000002,77,0.0,165.1622300424,-165.1622300424,zerodha_equity_intraday_nse_order_formula_v2_2026_07_14
P455_contiguous_cross_asset_target_only_l1_l5,2026-06-03,AXISBANK,target_only,2026-06-03,long,1,0.021965536830145807,0.021965536830145807,0.02269503546099291,0,1,0,21,261,1321.7,1321.7,75,0.0,165.17950306,-165.17950306,zerodha_equity_intraday_nse_order_formula_v2_2026_07_14
P455_contiguous_cross_asset_target_only_l1_l5,2026-06-04,AXISBANK,target_only,2026-06-04,long,1,0.024739993696816894,0.024739993696816894,0.025974025974025976,0,1,0,21,261,1319.0,1319.0,75,0.0,165.1370542,-165.1370542,zerodha_equity_intraday_nse_order_formula_v2_2026_07_14
P455_contiguous_cross_asset_target_only_l1_l5,2026-06-05,AXISBANK,target_only,2026-06-05,long,1,0.0371946414499606,0.0371946414499606,0.03778040141676505,0,1,0,21,261,1322.8000000000002,1322.8000000000002,75,0.0,165.19679703999998,-165.19679703999998,zerodha_equity_intraday_nse_order_formula_v2_2026_07_14
P455_contiguous_cross_asset_target_only_l1_l5,2026-06-08,AXISBANK,target_only,2026-06-08,long,1,0.021965536830145807,0.021965536830145807,0.02269503546099291,0,1,0,21,261,1319.4,1319.4,75,0.0,165.14334292,-165.14334292,zerodha_equity_intraday_nse_order_formula_v2_2026_07_14
P455_contiguous_cross_asset_target_only_l1_l5,2026-06-09,AXISBANK,target_only,2026-06-09,long,1,0.0299645390070922,0.0299645390070922,0.029216467463479414,0,1,0,21,261,1323.6999999999998,1323.6999999999998,75,0.0,165.21094666,-165.21094666,zerodha_equity_intraday_nse_order_formula_v2_2026_07_14
P455_contiguous_cross_asset_target_only_l1_l5,2026-06-10,AXISBANK,target_only,2026-06-10,long,1,0.004008313539192399,0.004008313539192399,0.004449388209121246,0,1,0,21,261,1312.5,1312.5,76,0.0,165.30999400000002,-165.30999400000002,zerodha_equity_intraday_nse_order_formula_v2_2026_07_14
P455_contiguous_cross_asset_target_only_l1_l5,2026-06-11,AXISBANK,target_only,2026-06-11,long,1,0.026526101003230742,0.026526101003230742,0.025477707006369428,0,1,0,21,261,1322.9,1322.9,75,0.0,165.19836922,-165.19836922,zerodha_equity_intraday_nse_order_formula_v2_2026_07_14
P455_contiguous_cross_asset_target_only_l1_l5,2026-06-12,AXISBANK,target_only,2026-06-12,long,1,0.015126737530662305,0.015126737530662305,0.014300306435137897,0,1,0,21,261,1298.4,1298.4,77,0.0,165.35753672319998,-165.35753672319998,zerodha_equity_intraday_nse_order_formula_v2_2026_07_14
P455_contiguous_cross_asset_target_only_l1_l5,2026-06-15,AXISBANK,target_only,2026-06-15,long,1,0.017529353398379362,0.017529353398379362,0.01734820322180917,0,1,0,21,261,1317.6,1317.6,75,0.0,165.11504368000004,-165.11504368000004,zerodha_equity_intraday_nse_order_formula_v2_2026_07_14
P455_contiguous_cross_asset_target_only_l1_l5,2026-06-16,AXISBANK,target_only,2026-06-16,long,1,0.030157748221466132,0.030157748221466132,0.030127462340672075,0,1,0,21,261,1323.4,1323.4,75,0.0,165.20623012,-165.20623012,zerodha_equity_intraday_nse_order_formula_v2_2026_07_14
P455_contiguous_cross_asset_target_only_l1_l5,2026-06-17,AXISBANK,target_only,2026-06-17,long,1,0.018610690326769097,0.018610690326769097,0.019448946515397084,0,1,0,21,261,1320.1999999999998,1320.1999999999998,75,0.0,165.15592036,-165.15592036,zerodha_equity_intraday_nse_order_formula_v2_2026_07_14
P455_contiguous_cross_asset_target_only_l1_l5,2026-06-18,AXISBANK,target_only,2026-06-18,long,1,0.03364158163265306,0.03364158163265306,0.03345280764635603,0,1,0,21,261,1322.0,1322.0,75,0.0,165.18421960000003,-165.18421960000003,zerodha_equity_intraday_nse_order_formula_v2_2026_07_14
P455_contiguous_cross_asset_target_only_l1_l5,2026-06-19,AXISBANK,target_only,2026-06-19,long,1,0.026024177300201477,0.026024177300201477,0.027672955974842768,0,1,0,21,261,1321.8000000000002,1321.8000000000002,75,0.0,165.18107523999998,-165.18107523999998,zerodha_equity_intraday_nse_order_formula_v2_2026_07_14
P455_contiguous_cross_asset_target_only_l1_l5,2026-06-22,AXISBANK,target_only,2026-06-22,short,-1,-0.0034697123030215412,-0.0034697123030215412,-0.004333694474539545,0,1,0,21,261,1309.5,1309.5,76,-0.0,165.26219972799998,-165.26219972799998,zerodha_equity_intraday_nse_order_formula_v2_2026_07_14
P455_contiguous_cross_asset_target_only_l1_l5,2026-06-23,AXISBANK,target_only,2026-06-23,long,1,0.050622307324078505,0.050622307324078505,0.05201793721973094,0,1,0,21,261,1328.4,1328.4,75,0.0,165.28483912000002,-165.28483912000002,zerodha_equity_intraday_nse_order_formula_v2_2026_07_14
P455_contiguous_cross_asset_target_only_l1_l5,2026-06-24,AXISBANK,target_only,2026-06-24,long,1,0.031493558135835854,0.031493558135835854,0.03098927294398093,0,1,0,21,261,1323.0,1323.0,75,0.0,165.1999414,-165.1999414,zerodha_equity_intraday_nse_order_formula_v2_2026_07_14
P455_contiguous_cross_asset_target_only_l1_l5,2026-06-25,AXISBANK,target_only,2026-06-25,long,1,0.010907438266929253,0.010907438266929253,0.011350737797956867,0,1,0,21,261,1333.5,1333.5,74,0.0,165.08548669599998,-165.08548669599998,zerodha_equity_intraday_nse_order_formula_v2_2026_07_14
P455_contiguous_cross_asset_target_only_l1_l5,2026-06-26,AXISBANK,target_only,2026-06-26,short,-1,-0.0020652013571323203,-0.0020652013571323203,-0.004419889502762431,0,1,0,21,261,1310.8000000000002,1310.8000000000002,76,-0.0,165.2829105792,-165.2829105792,zerodha_equity_intraday_nse_order_formula_v2_2026_07_14
P455_contiguous_cross_asset_target_only_l1_l5,2026-06-29,AXISBANK,target_only,2026-06-29,long,1,0.02763819095477387,0.02763819095477387,0.027603513174404015,0,1,0,21,261,1321.6999999999998,1321.6999999999998,75,0.0,165.17950306,-165.17950306,zerodha_equity_intraday_nse_order_formula_v2_2026_07_14
P455_contiguous_cross_asset_target_only_l1_l5,2026-06-30,AXISBANK,target_only,2026-06-30,long,1,0.08145505177965365,0.08145505177965365,0.08088714938030006,0,1,0,21,261,1340.5,1340.5,74,0.0,165.194071928,-165.194071928,zerodha_equity_intraday_nse_order_formula_v2_2026_07_14
P455_contiguous_cross_asset_target_only_l1_l5,2026-01-01,HDFCBANK,target_only,2026-01-01,short,-1,-0.5781224220425673,-0.5781224220425673,-0.5784919653893696,0,1,0,21,261,815.5999999999999,815.5999999999999,122,-0.0,165.25825879680002,-165.25825879680002,zerodha_equity_intraday_nse_order_formula_v2_2026_07_14
P455_contiguous_cross_asset_target_only_l1_l5,2026-01-02,HDFCBANK,target_only,2026-01-02,short,-1,-0.5717948717948718,-0.5717948717948718,-0.5717514124293785,0,1,0,21,261,818.8,818.8,122,-0.0,165.34009600640002,-165.34009600640002,zerodha_equity_intraday_nse_order_formula_v2_2026_07_14
P455_contiguous_cross_asset_target_only_l1_l5,2026-01-05,HDFCBANK,target_only,2026-01-05,short,-1,-0.5789581624282198,-0.5789581624282198,-0.5775729646697388,0,1,0,21,261,817.5,817.5,122,-0.0,165.30684964000002,-165.30684964000002,zerodha_equity_intraday_nse_order_formula_v2_2026_07_14
P455_contiguous_cross_asset_target_only_l1_l5,2026-01-06,HDFCBANK,target_only,2026-01-06,short,-1,-0.5748480942736144,-0.5748480942736144,-0.5737931034482758,0,1,0,21,261,816.3499999999999,816.3499999999999,122,-0.0,165.27743939279998,-165.27743939279998,zerodha_equity_intraday_nse_order_formula_v2_2026_07_14
P455_contiguous_cross_asset_target_only_l1_l5,2026-01-07,HDFCBANK,target_only,2026-01-07,short,-1,-0.5952429563086974,-0.5952429563086974,-0.595256312165264,0,1,0,21,261,810.15,810.15,123,-0.0,165.28870668279998,-165.28870668279998,zerodha_equity_intraday_nse_order_formula_v2_2026_07_14
P455_contiguous_cross_asset_target_only_l1_l5,2026-01-08,HDFCBANK,target_only,2026-01-08,short,-1,-0.5759976087281423,-0.5759976087281423,-0.5755879059350504,0,1,0,21,261,814.3,814.3,122,-0.0,165.22501243040003,-165.22501243040003,zerodha_equity_intraday_nse_order_formula_v2_2026_07_14
P455_contiguous_cross_asset_target_only_l1_l5,2026-01-09,HDFCBANK,target_only,2026-01-09,short,-1,-0.5735783027121609,-0.5735783027121609,-0.5714285714285714,0,1,0,21,261,818.5999999999999,818.5999999999999,122,-0.0,165.3349811808,-165.3349811808,zerodha_equity_intraday_nse_order_formula_v2_2026_07_14
P455_contiguous_cross_asset_target_only_l1_l5,2026-01-12,HDFCBANK,target_only,2026-01-12,short,-1,-0.5628498727735369,-0.5628498727735369,-0.5616264294790343,0,1,0,21,261,822.8,822.8,121,-0.0,165.26991389119996,-165.26991389119996,zerodha_equity_intraday_nse_order_formula_v2_2026_07_14
P455_contiguous_cross_asset_target_only_l1_l5,2026-01-13,HDFCBANK,target_only,2026-01-13,short,-1,-0.5734396200814111,-0.5734396200814111,-0.5717916137229987,0,1,0,21,261,819.1500000000001,819.1500000000001,122,-0.0,165.34904695120002,-165.34904695120002,zerodha_equity_intraday_nse_order_formula_v2_2026_07_14
P455_contiguous_cross_asset_target_only_l1_l5,2026-01-14,HDFCBANK,target_only,2026-01-14,short,-1,-0.5624213836477987,-0.5624213836477987,-0.5606595995288575,0,1,0,21,261,820.55,820.55,121,-0.0,165.2128437572,-165.2128437572,zerodha_equity_intraday_nse_order_formula_v2_2026_07_14
P455_contiguous_cross_asset_target_only_l1_l5,2026-01-15,HDFCBANK,target_only,2026-01-15,short,-1,-0.5686243470001583,-0.5686243470001583,-0.5693950177935944,0,1,0,21,261,838.95,838.95,119,-0.0,165.32782252120003,-165.32782252120003,zerodha_equity_intraday_nse_order_formula_v2_2026_07_14
P455_contiguous_cross_asset_target_only_l1_l5,2026-01-16,HDFCBANK,target_only,2026-01-16,short,-1,-0.5746026597469996,-0.5746026597469996,-0.5735115431348724,0,1,0,21,261,822.3499999999999,822.3499999999999,121,-0.0,165.25849986439997,-165.25849986439997,zerodha_equity_intraday_nse_order_formula_v2_2026_07_14
P455_contiguous_cross_asset_target_only_l1_l5,2026-01-19,HDFCBANK,target_only,2026-01-19,short,-1,-0.5719646799116997,-0.5719646799116997,-0.571900826446281,0,1,0,21,261,817.8,817.8,122,-0.0,165.3145218784,-165.3145218784,zerodha_equity_intraday_nse_order_formula_v2_2026_07_14
P455_contiguous_cross_asset_target_only_l1_l5,2026-01-20,HDFCBANK,target_only,2026-01-20,short,-1,-0.5660979110189762,-0.5660979110189762,-0.5663082437275986,0,1,0,21,261,819.45,819.45,122,-0.0,165.3567191896,-165.3567191896,zerodha_equity_intraday_nse_order_formula_v2_2026_07_14
P455_contiguous_cross_asset_target_only_l1_l5,2026-01-21,HDFCBANK,target_only,2026-01-21,short,-1,-0.5723125884016973,-0.5723125884016973,-0.5721854304635762,0,1,0,21,261,818.2,818.2,122,-0.0,165.32475152959998,-165.32475152959998,zerodha_equity_intraday_nse_order_formula_v2_2026_07_14
P455_contiguous_cross_asset_target_only_l1_l5,2026-01-22,HDFCBANK,target_only,2026-01-22,short,-1,-0.5774009647712323,-0.5774009647712323,-0.5761226725082147,0,1,0,21,261,798.0,798.0,125,-0.0,165.30999400000002,-165.30999400000002,zerodha_equity_intraday_nse_order_formula_v2_2026_07_14
P455_contiguous_cross_asset_target_only_l1_l5,2026-01-23,HDFCBANK,target_only,2026-01-23,short,-1,-0.5710239651416122,-0.5710239651416122,-0.5709624796084829,0,1,0,21,261,817.55,817.55,122,-0.0,165.3081283464,-165.3081283464,zerodha_equity_intraday_nse_order_formula_v2_2026_07_14
P455_contiguous_cross_asset_target_only_l1_l5,2026-01-26,HDFCBANK,target_only,2026-01-26,short,-1,-0.5654015056461732,-0.5654015056461732,-0.564042303172738,0,1,0,21,261,821.5999999999999,821.5999999999999,121,-0.0,165.2394764864,-165.2394764864,zerodha_equity_intraday_nse_order_formula_v2_2026_07_14
P455_contiguous_cross_asset_target_only_l1_l5,2026-01-27,HDFCBANK,target_only,2026-01-27,short,-1,-0.5696085672082718,-0.5696085672082718,-0.5698478561549101,0,1,0,21,261,825.55,825.55,121,-0.0,165.3396662772,-165.3396662772,zerodha_equity_intraday_nse_order_formula_v2_2026_07_14
P455_contiguous_cross_asset_target_only_l1_l5,2026-01-28,HDFCBANK,target_only,2026-01-28,short,-1,-0.5800651061850876,-0.5800651061850876,-0.5807200929152149,0,1,0,21,261,816.95,816.95,122,-0.0,165.29278386960002,-165.29278386960002,zerodha_equity_intraday_nse_order_formula_v2_2026_07_14
P455_contiguous_cross_asset_target_only_l1_l5,2026-01-29,HDFCBANK,target_only,2026-01-29,short,-1,-0.5668210976478973,-0.5668210976478973,-0.5660881174899867,0,1,0,21,261,819.2,819.2,122,-0.0,165.3503256576,-165.3503256576,zerodha_equity_intraday_nse_order_formula_v2_2026_07_14
P455_contiguous_cross_asset_target_only_l1_l5,2026-01-30,HDFCBANK,target_only,2026-01-30,short,-1,-0.5716804796332217,-0.5716804796332217,-0.570673712021136,0,1,0,21,261,818.8,818.8,122,-0.0,165.34009600640002,-165.34009600640002,zerodha_equity_intraday_nse_order_formula_v2_2026_07_14
P455_contiguous_cross_asset_target_only_l1_l5,2026-02-02,HDFCBANK,target_only,2026-02-02,short,-1,-0.5559941520467836,-0.5559941520467836,-0.556407447973713,0,1,0,21,261,825.05,825.05,121,-0.0,165.32698402519998,-165.32698402519998,zerodha_equity_intraday_nse_order_formula_v2_2026_07_14
P455_contiguous_cross_asset_target_only_l1_l5,2026-02-03,HDFCBANK,target_only,2026-02-03,short,-1,-0.5694087403598972,-0.5694087403598972,-0.5694635488308115,0,1,0,21,261,819.4000000000001,819.4000000000001,122,-0.0,165.3554404832,-165.3554404832,zerodha_equity_intraday_nse_order_formula_v2_2026_07_14
P455_contiguous_cross_asset_target_only_l1_l5,2026-02-04,HDFCBANK,target_only,2026-02-04,short,-1,-0.5873235887096774,-0.5873235887096774,-0.5873465533522191,0,1,0,21,261,809.05,809.05,123,-0.0,165.2603445556,-165.2603445556,zerodha_equity_intraday_nse_order_formula_v2_2026_07_14
P455_contiguous_cross_asset_target_only_l1_l5,2026-02-05,HDFCBANK,target_only,2026-02-05,short,-1,-0.5807299721620786,-0.5807299721620786,-0.5793742757821553,0,1,0,21,261,816.05,816.05,122,-0.0,165.2697671544,-165.2697671544,zerodha_equity_intraday_nse_order_formula_v2_2026_07_14
P455_contiguous_cross_asset_target_only_l1_l5,2026-02-06,HDFCBANK,target_only,2026-02-06,short,-1,-0.58153894870171,-0.58153894870171,-0.5812574139976275,0,1,0,21,261,814.4000000000001,814.4000000000001,122,-0.0,165.22756984320003,-165.22756984320003,zerodha_equity_intraday_nse_order_formula_v2_2026_07_14
P455_contiguous_cross_asset_target_only_l1_l5,2026-02-09,HDFCBANK,target_only,2026-02-09,short,-1,-0.5741945019213716,-0.5741945019213716,-0.5736434108527132,0,1,0,21,261,819.0999999999999,819.0999999999999,122,-0.0,165.34776824480002,-165.34776824480002,zerodha_equity_intraday_nse_order_formula_v2_2026_07_14
P455_contiguous_cross_asset_target_only_l1_l5,2026-02-10,HDFCBANK,target_only,2026-02-10,short,-1,-0.5596121799727314,-0.5596121799727314,-0.5584562996594779,0,1,0,21,261,821.5999999999999,821.5999999999999,121,-0.0,165.2394764864,-165.2394764864,zerodha_equity_intraday_nse_order_formula_v2_2026_07_14
P455_contiguous_cross_asset_target_only_l1_l5,2026-02-11,HDFCBANK,target_only,2026-02-11,short,-1,-0.5770519262981575,-0.5770519262981575,-0.5771643663739021,0,1,0,21,261,818.5999999999999,818.5999999999999,122,-0.0,165.3349811808,-165.3349811808,zerodha_equity_intraday_nse_order_formula_v2_2026_07_14
P455_contiguous_cross_asset_target_only_l1_l5,2026-02-12,HDFCBANK,target_only,2026-02-12,short,-1,-0.5720611025016604,-0.5720611025016604,-0.5704809286898839,0,1,0,21,261,819.9000000000001,819.9000000000001,121,-0.0,165.1963568296,-165.1963568296,zerodha_equity_intraday_nse_order_formula_v2_2026_07_14
P455_contiguous_cross_asset_target_only_l1_l5,2026-02-13,HDFCBANK,target_only,2026-02-13,short,-1,-0.579793491046922,-0.579793491046922,-0.5798237022526934,0,1,0,21,261,815.45,815.45,122,-0.0,165.25442267760002,-165.25442267760002,zerodha_equity_intraday_nse_order_formula_v2_2026_07_14
P455_contiguous_cross_asset_target_only_l1_l5,2026-02-16,HDFCBANK,target_only,2026-02-16,short,-1,-0.5816049206122157,-0.5816049206122157,-0.5809217577706324,0,1,0,21,261,815.5999999999999,815.5999999999999,122,-0.0,165.25825879680002,-165.25825879680002,zerodha_equity_intraday_nse_order_formula_v2_2026_07_14
P455_contiguous_cross_asset_target_only_l1_l5,2026-02-17,HDFCBANK,target_only,2026-02-17,short,-1,-0.5782989461184503,-0.5782989461184503,-0.578420467185762,0,1,0,21,261,816.1500000000001,816.1500000000001,122,-0.0,165.27232456720003,-165.27232456720003,zerodha_equity_intraday_nse_order_formula_v2_2026_07_14
P455_contiguous_cross_asset_target_only_l1_l5,2026-02-18,HDFCBANK,target_only,2026-02-18,short,-1,-0.5697699419479682,-0.5697699419479682,-0.5700483091787439,0,1,0,21,261,821.1500000000001,821.1500000000001,121,-0.0,165.22806245959998,-165.22806245959998,zerodha_equity_intraday_nse_order_formula_v2_2026_07_14
P455_contiguous_cross_asset_target_only_l1_l5,2026-02-19,HDFCBANK,target_only,2026-02-19,short,-1,-0.5826237360298031,-0.5826237360298031,-0.5822532402791625,0,1,0,21,261,814.5,814.5,122,-0.0,165.230127256,-165.230127256,zerodha_equity_intraday_nse_order_formula_v2_2026_07_14
P455_contiguous_cross_asset_target_only_l1_l5,2026-02-20,HDFCBANK,target_only,2026-02-20,short,-1,-0.5802409638554217,-0.5802409638554217,-0.5800240673886883,0,1,0,21,261,816.5999999999999,816.5999999999999,122,-0.0,165.28383292479998,-165.28383292479998,zerodha_equity_intraday_nse_order_formula_v2_2026_07_14
P455_contiguous_cross_asset_target_only_l1_l5,2026-02-23,HDFCBANK,target_only,2026-02-23,short,-1,-0.5672013705030369,-0.5672013705030369,-0.5670945157526255,0,1,0,21,261,818.1500000000001,818.1500000000001,122,-0.0,165.32347282319998,-165.32347282319998,zerodha_equity_intraday_nse_order_formula_v2_2026_07_14
P455_contiguous_cross_asset_target_only_l1_l5,2026-02-24,HDFCBANK,target_only,2026-02-24,short,-1,-0.569333620875566,-0.569333620875566,-0.568659127625202,0,1,0,21,261,820.4,820.4,121,-0.0,165.20903908160003,-165.20903908160003,zerodha_equity_intraday_nse_order_formula_v2_2026_07_14
P455_contiguous_cross_asset_target_only_l1_l5,2026-02-25,HDFCBANK,target_only,2026-02-25,short,-1,-0.5749354005167958,-0.5749354005167958,-0.5753803596127247,0,1,0,21,261,817.8,817.8,122,-0.0,165.3145218784,-165.3145218784,zerodha_equity_intraday_nse_order_formula_v2_2026_07_14
P455_contiguous_cross_asset_target_only_l1_l5,2026-02-26,HDFCBANK,target_only,2026-02-26,short,-1,-0.577480143279863,-0.577480143279863,-0.5764294049008168,0,1,0,21,261,814.6500000000001,814.6500000000001,122,-0.0,165.23396337519998,-165.23396337519998,zerodha_equity_intraday_nse_order_formula_v2_2026_07_14
P455_contiguous_cross_asset_target_only_l1_l5,2026-02-27,HDFCBANK,target_only,2026-02-27,short,-1,-0.5853658536585366,-0.5853658536585366,-0.5854077253218885,0,1,0,21,261,815.85,815.85,122,-0.0,165.2646523288,-165.2646523288,zerodha_equity_intraday_nse_order_formula_v2_2026_07_14
P455_contiguous_cross_asset_target_only_l1_l5,2026-03-02,HDFCBANK,target_only,2026-03-02,short,-1,-0.5781224220425673,-0.5781224220425673,-0.5784919653893696,0,1,0,21,261,817.5999999999999,817.5999999999999,122,-0.0,165.30940705280003,-165.30940705280003,zerodha_equity_intraday_nse_order_formula_v2_2026_07_14
P455_contiguous_cross_asset_target_only_l1_l5,2026-03-03,HDFCBANK,target_only,2026-03-03,short,-1,-0.5586912065439673,-0.5586912065439673,-0.557711950970378,0,1,0,21,261,816.8499999999999,816.8499999999999,122,-0.0,165.29022645679999,-165.29022645679999,zerodha_equity_intraday_nse_order_formula_v2_2026_07_14
P455_contiguous_cross_asset_target_only_l1_l5,2026-03-04,HDFCBANK,target_only,2026-03-04,short,-1,-0.5668110114444788,-0.5668110114444788,-0.5654692931633836,0,1,0,21,261,824.3,824.3,121,-0.0,165.3079606472,-165.3079606472,zerodha_equity_intraday_nse_order_formula_v2_2026_07_14
P455_contiguous_cross_asset_target_only_l1_l5,2026-03-05,HDFCBANK,target_only,2026-03-05,short,-1,-0.5723367697594501,-0.5723367697594501,-0.5714285714285714,0,1,0,21,261,817.7,817.7,122,-0.0,165.3119644656,-165.3119644656,zerodha_equity_intraday_nse_order_formula_v2_2026_07_14
P455_contiguous_cross_asset_target_only_l1_l5,2026-03-06,HDFCBANK,target_only,2026-03-06,short,-1,-0.5708508088675854,-0.5708508088675854,-0.5701459034792368,0,1,0,21,261,818.0,818.0,122,-0.0,165.319636704,-165.319636704,zerodha_equity_intraday_nse_order_formula_v2_2026_07_14
P455_contiguous_cross_asset_target_only_l1_l5,2026-03-09,HDFCBANK,target_only,2026-03-09,short,-1,-0.5638023075598416,-0.5638023075598416,-0.5625806451612904,0,1,0,21,261,819.6500000000001,819.6500000000001,122,-0.0,165.3618340152,-165.3618340152,zerodha_equity_intraday_nse_order_formula_v2_2026_07_14
P455_contiguous_cross_asset_target_only_l1_l5,2026-03-10,HDFCBANK,target_only,2026-03-10,short,-1,-0.5714033850493653,-0.5714033850493653,-0.570673712021136,0,1,0,21,261,820.25,820.25,121,-0.0,165.205234406,-165.205234406,zerodha_equity_intraday_nse_order_formula_v2_2026_07_14
P455_contiguous_cross_asset_target_only_l1_l5,2026-03-11,HDFCBANK,target_only,2026-03-11,short,-1,-0.5705532862978091,-0.5705532862978091,-0.5702364394993046,0,1,0,21,261,818.0999999999999,818.0999999999999,122,-0.0,165.3221941168,-165.3221941168,zerodha_equity_intraday_nse_order_formula_v2_2026_07_14
P455_contiguous_cross_asset_target_only_l1_l5,2026-03-12,HDFCBANK,target_only,2026-03-12,short,-1,-0.568556048131729,-0.568556048131729,-0.5670225385527876,0,1,0,21,261,826.8499999999999,826.8499999999999,120,-0.0,165.19931252799998,-165.19931252799998,zerodha_equity_intraday_nse_order_formula_v2_2026_07_14
P455_contiguous_cross_asset_target_only_l1_l5,2026-03-13,HDFCBANK,target_only,2026-03-13,short,-1,-0.5405405405405406,-0.5405405405405406,-0.5401563610518835,0,1,0,21,261,833.25,833.25,120,-0.0,165.36030376,-165.36030376,zerodha_equity_intraday_nse_order_formula_v2_2026_07_14
P455_contiguous_cross_asset_target_only_l1_l5,2026-03-16,HDFCBANK,target_only,2026-03-16,short,-1,-0.5709274281955712,-0.5709274281955712,-0.5714285714285714,0,1,0,21,261,819.8,819.8,121,-0.0,165.19382037920002,-165.19382037920002,zerodha_equity_intraday_nse_order_formula_v2_2026_07_14
P455_contiguous_cross_asset_target_only_l1_l5,2026-03-17,HDFCBANK,target_only,2026-03-17,short,-1,-0.5707617625093353,-0.5707617625093353,-0.5706293706293706,0,1,0,21,261,817.5999999999999,817.5999999999999,122,-0.0,165.30940705280003,-165.30940705280003,zerodha_equity_intraday_nse_order_formula_v2_2026_07_14
P455_contiguous_cross_asset_target_only_l1_l5,2026-03-18,HDFCBANK,target_only,2026-03-18,short,-1,-0.5807554264228337,-0.5807554264228337,-0.5813060179257362,0,1,0,21,261,815.55,815.55,122,-0.0,165.2569800904,-165.2569800904,zerodha_equity_intraday_nse_order_formula_v2_2026_07_14
P455_contiguous_cross_asset_target_only_l1_l5,2026-03-19,HDFCBANK,target_only,2026-03-19,short,-1,-0.5832779255319149,-0.5832779255319149,-0.5828144458281445,0,1,0,21,261,813.8499999999999,813.8499999999999,122,-0.0,165.2135040728,-165.2135040728,zerodha_equity_intraday_nse_order_formula_v2_2026_07_14
P455_contiguous_cross_asset_target_only_l1_l5,2026-03-20,HDFCBANK,target_only,2026-03-20,short,-1,-0.5715262348316527,-0.5715262348316527,-0.5710627400768246,0,1,0,21,261,818.05,818.05,122,-0.0,165.3209154104,-165.3209154104,zerodha_equity_intraday_nse_order_formula_v2_2026_07_14
P455_contiguous_cross_asset_target_only_l1_l5,2026-03-23,HDFCBANK,target_only,2026-03-23,short,-1,-0.5735584301688226,-0.5735584301688226,-0.5714285714285714,0,1,0,21,261,818.3,818.3,122,-0.0,165.3273089424,-165.3273089424,zerodha_equity_intraday_nse_order_formula_v2_2026_07_14
P455_contiguous_cross_asset_target_only_l1_l5,2026-03-24,HDFCBANK,target_only,2026-03-24,short,-1,-0.5738967136150235,-0.5738967136150235,-0.5738396624472574,0,1,0,21,261,817.4000000000001,817.4000000000001,122,-0.0,165.30429222720002,-165.30429222720002,zerodha_equity_intraday_nse_order_formula_v2_2026_07_14
P455_contiguous_cross_asset_target_only_l1_l5,2026-03-25,HDFCBANK,target_only,2026-03-25,short,-1,-0.5798902517753389,-0.5798902517753389,-0.5804111245465539,0,1,0,21,261,815.75,815.75,122,-0.0,165.26209491600002,-165.26209491600002,zerodha_equity_intraday_nse_order_formula_v2_2026_07_14
P455_contiguous_cross_asset_target_only_l1_l5,2026-03-26,HDFCBANK,target_only,2026-03-26,short,-1,-0.5758585712215621,-0.5758585712215621,-0.5754614549402823,0,1,0,21,261,816.9000000000001,816.9000000000001,122,-0.0,165.2915051632,-165.2915051632,zerodha_equity_intraday_nse_order_formula_v2_2026_07_14
P455_contiguous_cross_asset_target_only_l1_l5,2026-03-27,HDFCBANK,target_only,2026-03-27,short,-1,-0.5669160432252701,-0.5669160432252701,-0.5653798256537983,0,1,0,21,261,817.45,817.45,122,-0.0,165.3055709336,-165.3055709336,zerodha_equity_intraday_nse_order_formula_v2_2026_07_14
P455_contiguous_cross_asset_target_only_l1_l5,2026-03-30,HDFCBANK,target_only,2026-03-30,short,-1,-0.5650670723274789,-0.5650670723274789,-0.5637305699481865,0,1,0,21,261,821.15,821.15,121,-0.0,165.22806245959998,-165.22806245959998,zerodha_equity_intraday_nse_order_formula_v2_2026_07_14
P455_contiguous_cross_asset_target_only_l1_l5,2026-03-31,HDFCBANK,target_only,2026-03-31,short,-1,-0.5694753033669459,-0.5694753033669459,-0.5685019206145967,0,1,0,21,261,820.9000000000001,820.9000000000001,121,-0.0,165.2217213336,-165.2217213336,zerodha_equity_intraday_nse_order_formula_v2_2026_07_14
P455_contiguous_cross_asset_target_only_l1_l5,2026-04-01,HDFCBANK,target_only,2026-04-01,short,-1,-0.5623658798283262,-0.5623658798283262,-0.5628140703517588,0,1,0,21,261,821.55,821.55,121,-0.0,165.2382082612,-165.2382082612,zerodha_equity_intraday_nse_order_formula_v2_2026_07_14
P455_contiguous_cross_asset_target_only_l1_l5,2026-04-02,HDFCBANK,target_only,2026-04-02,short,-1,-0.5700278256260766,-0.5700278256260766,-0.5700099304865939,0,1,0,21,261,820.15,820.15,121,-0.0,165.20269795559997,-165.20269795559997,zerodha_equity_intraday_nse_order_formula_v2_2026_07_14
P455_contiguous_cross_asset_target_only_l1_l5,2026-04-03,HDFCBANK,target_only,2026-04-03,short,-1,-0.5735835818277495,-0.5735835818277495,-0.5729303547963206,0,1,0,21,261,816.9000000000001,816.9000000000001,122,-0.0,165.2915051632,-165.2915051632,zerodha_equity_intraday_nse_order_formula_v2_2026_07_14
P455_contiguous_cross_asset_target_only_l1_l5,2026-04-06,HDFCBANK,target_only,2026-04-06,short,-1,-0.5739890710382514,-0.5739890710382514,-0.5728314238952537,0,1,0,21,261,818.6,818.6,122,-0.0,165.3349811808,-165.3349811808,zerodha_equity_intraday_nse_order_formula_v2_2026_07_14
P455_contiguous_cross_asset_target_only_l1_l5,2026-04-07,HDFCBANK,target_only,2026-04-07,short,-1,-0.581066030230708,-0.581066030230708,-0.5792610250297974,0,1,0,21,261,815.4000000000001,815.4000000000001,122,-0.0,165.25314397120002,-165.25314397120002,zerodha_equity_intraday_nse_order_formula_v2_2026_07_14
P455_contiguous_cross_asset_target_only_l1_l5,2026-04-08,HDFCBANK,target_only,2026-04-08,short,-1,-0.5749301225542894,-0.5749301225542894,-0.573268921095008,0,1,0,21,261,817.05,817.05,122,-0.0,165.2953412824,-165.2953412824,zerodha_equity_intraday_nse_order_formula_v2_2026_07_14
P455_contiguous_cross_asset_target_only_l1_l5,2026-04-09,HDFCBANK,target_only,2026-04-09,short,-1,-0.5541067511576895,-0.5541067511576895,-0.5534246575342465,0,1,0,21,261,822.45,822.45,121,-0.0,165.2610363148,-165.2610363148,zerodha_equity_intraday_nse_order_formula_v2_2026_07_14
P455_contiguous_cross_asset_target_only_l1_l5,2026-04-10,HDFCBANK,target_only,2026-04-10,short,-1,-0.5639907319067738,-0.5639907319067738,-0.5638406537282942,0,1,0,21,261,821.1500000000001,821.1500000000001,121,-0.0,165.22806245959998,-165.22806245959998,zerodha_equity_intraday_nse_order_formula_v2_2026_07_14
P455_contiguous_cross_asset_target_only_l1_l5,2026-04-13,HDFCBANK,target_only,2026-04-13,short,-1,-0.5711278723031047,-0.5711278723031047,-0.5703022339027596,0,1,0,21,261,820.05,820.05,121,-0.0,165.2001615052,-165.2001615052,zerodha_equity_intraday_nse_order_formula_v2_2026_07_14
P455_contiguous_cross_asset_target_only_l1_l5,2026-04-14,HDFCBANK,target_only,2026-04-14,short,-1,-0.5743380855397149,-0.5743380855397149,-0.5742024965325936,0,1,0,21,261,818.45,818.45,122,-0.0,165.33114506159998,-165.33114506159998,zerodha_equity_intraday_nse_order_formula_v2_2026_07_14
P455_contiguous_cross_asset_target_only_l1_l5,2026-04-15,HDFCBANK,target_only,2026-04-15,short,-1,-0.574888354517348,-0.574888354517348,-0.574002574002574,0,1,0,21,261,816.45,816.45,122,-0.0,165.2799968056,-165.2799968056,zerodha_equity_intraday_nse_order_formula_v2_2026_07_14
P455_contiguous_cross_asset_target_only_l1_l5,2026-04-16,HDFCBANK,target_only,2026-04-16,short,-1,-0.546509009009009,-0.546509009009009,-0.5468354430379747,0,1,0,21,261,827.75,827.75,120,-0.0,165.22195192,-165.22195192,zerodha_equity_intraday_nse_order_formula_v2_2026_07_14
P455_contiguous_cross_asset_target_only_l1_l5,2026-04-17,HDFCBANK,target_only,2026-04-17,short,-1,-0.5715931533903884,-0.5715931533903884,-0.5696670776818742,0,1,0,21,261,818.55,818.55,122,-0.0,165.33370247439998,-165.33370247439998,zerodha_equity_intraday_nse_order_formula_v2_2026_07_14
P455_contiguous_cross_asset_target_only_l1_l5,2026-04-20,HDFCBANK,target_only,2026-04-20,short,-1,-0.570316301703163,-0.570316301703163,-0.56865127582017,0,1,0,21,261,826.25,826.25,121,-0.0,165.35742143,-165.35742143,zerodha_equity_intraday_nse_order_formula_v2_2026_07_14
P455_contiguous_cross_asset_target_only_l1_l5,2026-04-21,HDFCBANK,target_only,2026-04-21,short,-1,-0.5726188221927665,-0.5726188221927665,-0.5702127659574469,0,1,0,21,261,819.05,819.05,122,-0.0,165.34648953840002,-165.34648953840002,zerodha_equity_intraday_nse_order_formula_v2_2026_07_14
P455_contiguous_cross_asset_target_only_l1_l5,2026-04-22,HDFCBANK,target_only,2026-04-22,short,-1,-0.565677966101695,-0.565677966101695,-0.5641025641025641,0,1,0,21,261,819.8499999999999,819.8499999999999,121,-0.0,165.19508860439998,-165.19508860439998,zerodha_equity_intraday_nse_order_formula_v2_2026_07_14
P455_contiguous_cross_asset_target_only_l1_l5,2026-04-23,HDFCBANK,target_only,2026-04-23,short,-1,-0.5849664775657556,-0.5849664775657556,-0.5855072463768116,0,1,0,21,261,815.45,815.45,122,-0.0,165.25442267760002,-165.25442267760002,zerodha_equity_intraday_nse_order_formula_v2_2026_07_14
P455_contiguous_cross_asset_target_only_l1_l5,2026-04-24,HDFCBANK,target_only,2026-04-24,short,-1,-0.569692505984165,-0.569692505984165,-0.5682758620689655,0,1,0,21,261,818.0,818.0,122,-0.0,165.319636704,-165.319636704,zerodha_equity_intraday_nse_order_formula_v2_2026_07_14
P455_contiguous_cross_asset_target_only_l1_l5,2026-04-27,HDFCBANK,target_only,2026-04-27,short,-1,-0.5674653215636822,-0.5674653215636822,-0.5668016194331984,0,1,0,21,261,821.25,821.25,121,-0.0,165.23059891,-165.23059891,zerodha_equity_intraday_nse_order_formula_v2_2026_07_14
P455_contiguous_cross_asset_target_only_l1_l5,2026-04-28,HDFCBANK,target_only,2026-04-28,short,-1,-0.5619718309859155,-0.5619718309859155,-0.5603751465416178,0,1,0,21,261,822.75,822.75,121,-0.0,165.268645666,-165.268645666,zerodha_equity_intraday_nse_order_formula_v2_2026_07_14
P455_contiguous_cross_asset_target_only_l1_l5,2026-04-29,HDFCBANK,target_only,2026-04-29,short,-1,-0.5782913165266107,-0.5782913165266107,-0.577124868835257,0,1,0,21,261,834.55,834.55,119,-0.0,165.2180633948,-165.2180633948,zerodha_equity_intraday_nse_order_formula_v2_2026_07_14
P455_contiguous_cross_asset_target_only_l1_l5,2026-04-30,HDFCBANK,target_only,2026-04-30,short,-1,-0.5618097139055223,-0.5618097139055223,-0.5603190428713859,0,1,0,21,261,820.6500000000001,820.6500000000001,121,-0.0,165.2153802076,-165.2153802076,zerodha_equity_intraday_nse_order_formula_v2_2026_07_14
P455_contiguous_cross_asset_target_only_l1_l5,2026-05-01,HDFCBANK,target_only,2026-05-01,short,-1,-0.5682545026089884,-0.5682545026089884,-0.5674653215636822,0,1,0,21,261,818.75,818.75,122,-0.0,165.33881730000002,-165.33881730000002,zerodha_equity_intraday_nse_order_formula_v2_2026_07_14
P455_contiguous_cross_asset_target_only_l1_l5,2026-05-04,HDFCBANK,target_only,2026-05-04,short,-1,-0.5673996978344804,-0.5673996978344804,-0.5660377358490566,0,1,0,21,261,820.5999999999999,820.5999999999999,121,-0.0,165.2141119824,-165.2141119824,zerodha_equity_intraday_nse_order_formula_v2_2026_07_14
P455_contiguous_cross_asset_target_only_l1_l5,2026-05-05,HDFCBANK,target_only,2026-05-05,short,-1,-0.5802631578947368,-0.5802631578947368,-0.5805038335158818,0,1,0,21,261,817.0999999999999,817.0999999999999,122,-0.0,165.2966199888,-165.2966199888,zerodha_equity_intraday_nse_order_formula_v2_2026_07_14
P455_contiguous_cross_asset_target_only_l1_l5,2026-05-06,HDFCBANK,target_only,2026-05-06,short,-1,-0.5677440964662536,-0.5677440964662536,-0.5671267252195734,0,1,0,21,261,822.75,822.75,121,-0.0,165.268645666,-165.268645666,zerodha_equity_intraday_nse_order_formula_v2_2026_07_14
P455_contiguous_cross_asset_target_only_l1_l5,2026-05-07,HDFCBANK,target_only,2026-05-07,short,-1,-0.5526062935383137,-0.5526062935383137,-0.5526552655265526,0,1,0,21,261,820.05,820.05,121,-0.0,165.2001615052,-165.2001615052,zerodha_equity_intraday_nse_order_formula_v2_2026_07_14
P455_contiguous_cross_asset_target_only_l1_l5,2026-05-08,HDFCBANK,target_only,2026-05-08,short,-1,-0.5828154133001865,-0.5828154133001865,-0.5820721769499418,0,1,0,21,261,815.85,815.85,122,-0.0,165.2646523288,-165.2646523288,zerodha_equity_intraday_nse_order_formula_v2_2026_07_14
P455_contiguous_cross_asset_target_only_l1_l5,2026-05-11,HDFCBANK,target_only,2026-05-11,short,-1,-0.5896526418786693,-0.5896526418786693,-0.5884509624197983,0,1,0,21,261,812.1500000000001,812.1500000000001,123,-0.0,165.3402741868,-165.3402741868,zerodha_equity_intraday_nse_order_formula_v2_2026_07_14
P455_contiguous_cross_asset_target_only_l1_l5,2026-05-12,HDFCBANK,target_only,2026-05-12,short,-1,-0.5681496620028298,-0.5681496620028298,-0.5677267373380448,0,1,0,21,261,831.9000000000001,831.9000000000001,120,-0.0,165.326344672,-165.326344672,zerodha_equity_intraday_nse_order_formula_v2_2026_07_14
P455_contiguous_cross_asset_target_only_l1_l5,2026-05-13,HDFCBANK,target_only,2026-05-13,short,-1,-0.5821004833748352,-0.5821004833748352,-0.5817782656421515,0,1,0,21,261,821.7,821.7,121,-0.0,165.2420129368,-165.2420129368,zerodha_equity_intraday_nse_order_formula_v2_2026_07_14
P455_contiguous_cross_asset_target_only_l1_l5,2026-05-14,HDFCBANK,target_only,2026-05-14,short,-1,-0.5568224533266508,-0.5568224533266508,-0.5558685446009389,0,1,0,21,261,821.8,821.8,121,-0.0,165.2445493872,-165.2445493872,zerodha_equity_intraday_nse_order_formula_v2_2026_07_14
P455_contiguous_cross_asset_target_only_l1_l5,2026-05-15,HDFCBANK,target_only,2026-05-15,short,-1,-0.576268115942029,-0.576268115942029,-0.5753052917232022,0,1,0,21,261,816.5,816.5,122,-0.0,165.28127551199998,-165.28127551199998,zerodha_equity_intraday_nse_order_formula_v2_2026_07_14
P455_contiguous_cross_asset_target_only_l1_l5,2026-05-18,HDFCBANK,target_only,2026-05-18,short,-1,-0.581350672380671,-0.581350672380671,-0.5802879291251384,0,1,0,21,261,819.3,819.3,122,-0.0,165.35288307039997,-165.35288307039997,zerodha_equity_intraday_nse_order_formula_v2_2026_07_14
P455_contiguous_cross_asset_target_only_l1_l5,2026-05-19,HDFCBANK,target_only,2026-05-19,short,-1,-0.5695533583361746,-0.5695533583361746,-0.5696040868454662,0,1,0,21,261,820.6500000000001,820.6500000000001,121,-0.0,165.2153802076,-165.2153802076,zerodha_equity_intraday_nse_order_formula_v2_2026_07_14
P455_contiguous_cross_asset_target_only_l1_l5,2026-05-20,HDFCBANK,target_only,2026-05-20,short,-1,-0.5714769074606666,-0.5714769074606666,-0.5703422053231939,0,1,0,21,261,819.55,819.55,122,-0.0,165.35927660240003,-165.35927660240003,zerodha_equity_intraday_nse_order_formula_v2_2026_07_14
P455_contiguous_cross_asset_target_only_l1_l5,2026-05-21,HDFCBANK,target_only,2026-05-21,short,-1,-0.5663012729844413,-0.5663012729844413,-0.5642384105960265,0,1,0,21,261,821.3499999999999,821.3499999999999,121,-0.0,165.23313536039998,-165.23313536039998,zerodha_equity_intraday_nse_order_formula_v2_2026_07_14
P455_contiguous_cross_asset_target_only_l1_l5,2026-05-22,HDFCBANK,target_only,2026-05-22,short,-1,-0.5638718473074301,-0.5638718473074301,-0.5638406537282942,0,1,0,21,261,821.7,821.7,121,-0.0,165.2420129368,-165.2420129368,zerodha_equity_intraday_nse_order_formula_v2_2026_07_14
P455_contiguous_cross_asset_target_only_l1_l5,2026-05-25,HDFCBANK,target_only,2026-05-25,short,-1,-0.5802859292701279,-0.5802859292701279,-0.5794813979706878,0,1,0,21,261,816.75,816.75,122,-0.0,165.287669044,-165.287669044,zerodha_equity_intraday_nse_order_formula_v2_2026_07_14
P455_contiguous_cross_asset_target_only_l1_l5,2026-05-26,HDFCBANK,target_only,2026-05-26,short,-1,-0.5686971235194586,-0.5686971235194586,-0.5678073510773131,0,1,0,21,261,821.6500000000001,821.6500000000001,121,-0.0,165.24074471160003,-165.24074471160003,zerodha_equity_intraday_nse_order_formula_v2_2026_07_14
P455_contiguous_cross_asset_target_only_l1_l5,2026-05-27,HDFCBANK,target_only,2026-05-27,short,-1,-0.5672047065922462,-0.5672047065922462,-0.5672316384180791,0,1,0,21,261,798.75,798.75,125,-0.0,165.32964624999997,-165.32964624999997,zerodha_equity_intraday_nse_order_formula_v2_2026_07_14
P455_contiguous_cross_asset_target_only_l1_l5,2026-05-28,HDFCBANK,target_only,2026-05-28,short,-1,-0.5719646799116997,-0.5719646799116997,-0.571900826446281,0,1,0,21,261,818.25,818.25,122,-0.0,165.326030236,-165.326030236,zerodha_equity_intraday_nse_order_formula_v2_2026_07_14
P455_contiguous_cross_asset_target_only_l1_l5,2026-05-29,HDFCBANK,target_only,2026-05-29,short,-1,-0.5690252350321623,-0.5690252350321623,-0.5686032138442522,0,1,0,21,261,819.3499999999999,819.3499999999999,122,-0.0,165.3541617768,-165.3541617768,zerodha_equity_intraday_nse_order_formula_v2_2026_07_14
P455_contiguous_cross_asset_target_only_l1_l5,2026-06-01,HDFCBANK,target_only,2026-06-01,short,-1,-0.570343030829353,-0.570343030829353,-0.5691056910569106,0,1,0,21,261,817.7,817.7,122,-0.0,165.3119644656,-165.3119644656,zerodha_equity_intraday_nse_order_formula_v2_2026_07_14
P455_contiguous_cross_asset_target_only_l1_l5,2026-06-02,HDFCBANK,target_only,2026-06-02,short,-1,-0.5780682643427741,-0.5780682643427741,-0.5767138193688792,0,1,0,21,261,799.3499999999999,799.3499999999999,125,-0.0,165.34536805000002,-165.34536805000002,zerodha_equity_intraday_nse_order_formula_v2_2026_07_14
P455_contiguous_cross_asset_target_only_l1_l5,2026-06-03,HDFCBANK,target_only,2026-06-03,short,-1,-0.5738223794451685,-0.5738223794451685,-0.5746164574616457,0,1,0,21,261,818.25,818.25,122,-0.0,165.326030236,-165.326030236,zerodha_equity_intraday_nse_order_formula_v2_2026_07_14
P455_contiguous_cross_asset_target_only_l1_l5,2026-06-04,HDFCBANK,target_only,2026-06-04,short,-1,-0.5725350976278845,-0.5725350976278845,-0.5731559854897219,0,1,0,21,261,818.2,818.2,122,-0.0,165.32475152959998,-165.32475152959998,zerodha_equity_intraday_nse_order_formula_v2_2026_07_14
P455_contiguous_cross_asset_target_only_l1_l5,2026-06-05,HDFCBANK,target_only,2026-06-05,short,-1,-0.563315303849825,-0.563315303849825,-0.5625744934445769,0,1,0,21,261,821.45,821.45,121,-0.0,165.23567181080003,-165.23567181080003,zerodha_equity_intraday_nse_order_formula_v2_2026_07_14
P455_contiguous_cross_asset_target_only_l1_l5,2026-06-08,HDFCBANK,target_only,2026-06-08,short,-1,-0.5726188221927665,-0.5726188221927665,-0.573049645390071,0,1,0,21,261,817.75,817.75,122,-0.0,165.313243172,-165.313243172,zerodha_equity_intraday_nse_order_formula_v2_2026_07_14
P455_contiguous_cross_asset_target_only_l1_l5,2026-06-09,HDFCBANK,target_only,2026-06-09,short,-1,-0.5665662116645985,-0.5665662116645985,-0.5657370517928287,0,1,0,21,261,819.3,819.3,122,-0.0,165.35288307039997,-165.35288307039997,zerodha_equity_intraday_nse_order_formula_v2_2026_07_14
P455_contiguous_cross_asset_target_only_l1_l5,2026-06-10,HDFCBANK,target_only,2026-06-10,short,-1,-0.5820737605804112,-0.5820737605804112,-0.5821064552661381,0,1,0,21,261,815.9000000000001,815.9000000000001,122,-0.0,165.26593103520003,-165.26593103520003,zerodha_equity_intraday_nse_order_formula_v2_2026_07_14
P455_contiguous_cross_asset_target_only_l1_l5,2026-06-11,HDFCBANK,target_only,2026-06-11,short,-1,-0.5711278723031047,-0.5711278723031047,-0.5703022339027596,0,1,0,21,261,817.45,817.45,122,-0.0,165.3055709336,-165.3055709336,zerodha_equity_intraday_nse_order_formula_v2_2026_07_14
P455_contiguous_cross_asset_target_only_l1_l5,2026-06-12,HDFCBANK,target_only,2026-06-12,short,-1,-0.6124691018950837,-0.6124691018950837,-0.6122168840082362,0,1,0,21,261,807.3,807.3,123,-0.0,165.21522298960002,-165.21522298960002,zerodha_equity_intraday_nse_order_formula_v2_2026_07_14
P455_contiguous_cross_asset_target_only_l1_l5,2026-06-15,HDFCBANK,target_only,2026-06-15,short,-1,-0.5671474358974359,-0.5671474358974359,-0.5666266506602641,0,1,0,21,261,820.2,820.2,121,-0.0,165.20396618080002,-165.20396618080002,zerodha_equity_intraday_nse_order_formula_v2_2026_07_14
P455_contiguous_cross_asset_target_only_l1_l5,2026-06-16,HDFCBANK,target_only,2026-06-16,short,-1,-0.5693910256410256,-0.5693910256410256,-0.5690276110444178,0,1,0,21,261,821.1500000000001,821.1500000000001,121,-0.0,165.22806245959998,-165.22806245959998,zerodha_equity_intraday_nse_order_formula_v2_2026_07_14
P455_contiguous_cross_asset_target_only_l1_l5,2026-06-17,HDFCBANK,target_only,2026-06-17,short,-1,-0.5760221465076661,-0.5760221465076661,-0.5741626794258373,0,1,0,21,261,817.05,817.05,122,-0.0,165.2953412824,-165.2953412824,zerodha_equity_intraday_nse_order_formula_v2_2026_07_14
P455_contiguous_cross_asset_target_only_l1_l5,2026-06-18,HDFCBANK,target_only,2026-06-18,short,-1,-0.5528029445073612,-0.5528029445073612,-0.5514316012725344,0,1,0,21,261,827.8,827.8,120,-0.0,165.223209664,-165.223209664,zerodha_equity_intraday_nse_order_formula_v2_2026_07_14
P455_contiguous_cross_asset_target_only_l1_l5,2026-06-19,HDFCBANK,target_only,2026-06-19,short,-1,-0.570088762351365,-0.570088762351365,-0.5696361355081556,0,1,0,21,261,818.8499999999999,818.8499999999999,122,-0.0,165.3413747128,-165.3413747128,zerodha_equity_intraday_nse_order_formula_v2_2026_07_14
P455_contiguous_cross_asset_target_only_l1_l5,2026-06-22,HDFCBANK,target_only,2026-06-22,short,-1,-0.5763455373713514,-0.5763455373713514,-0.5764854614412137,0,1,0,21,261,810.1500000000001,810.1500000000001,123,-0.0,165.28870668279998,-165.28870668279998,zerodha_equity_intraday_nse_order_formula_v2_2026_07_14
P455_contiguous_cross_asset_target_only_l1_l5,2026-06-23,HDFCBANK,target_only,2026-06-23,short,-1,-0.5637474541751527,-0.5637474541751527,-0.5635808748728383,0,1,0,21,261,818.3499999999999,818.3499999999999,122,-0.0,165.32858764879998,-165.32858764879998,zerodha_equity_intraday_nse_order_formula_v2_2026_07_14
P455_contiguous_cross_asset_target_only_l1_l5,2026-06-24,HDFCBANK,target_only,2026-06-24,short,-1,-0.5677993527508091,-0.5677993527508091,-0.5672727272727273,0,1,0,21,261,821.5999999999999,821.5999999999999,121,-0.0,165.2394764864,-165.2394764864,zerodha_equity_intraday_nse_order_formula_v2_2026_07_14
P455_contiguous_cross_asset_target_only_l1_l5,2026-06-25,HDFCBANK,target_only,2026-06-25,short,-1,-0.5744715184766823,-0.5744715184766823,-0.5731559854897219,0,1,0,21,261,823.85,823.85,121,-0.0,165.2965466204,-165.2965466204,zerodha_equity_intraday_nse_order_formula_v2_2026_07_14
P455_contiguous_cross_asset_target_only_l1_l5,2026-06-26,HDFCBANK,target_only,2026-06-26,short,-1,-0.5884502923976608,-0.5884502923976608,-0.5870755750273823,0,1,0,21,261,813.4000000000001,813.4000000000001,122,-0.0,165.2019957152,-165.2019957152,zerodha_equity_intraday_nse_order_formula_v2_2026_07_14
P455_contiguous_cross_asset_target_only_l1_l5,2026-06-29,HDFCBANK,target_only,2026-06-29,short,-1,-0.5686971235194586,-0.5686971235194586,-0.5678073510773131,0,1,0,21,261,818.75,818.75,122,-0.0,165.33881730000002,-165.33881730000002,zerodha_equity_intraday_nse_order_formula_v2_2026_07_14
P455_contiguous_cross_asset_target_only_l1_l5,2026-06-30,HDFCBANK,target_only,2026-06-30,short,-1,-0.5923060618906316,-0.5923060618906316,-0.5909451945988881,0,1,0,21,261,823.05,823.05,121,-0.0,165.2762550172,-165.2762550172,zerodha_equity_intraday_nse_order_formula_v2_2026_07_14
P455_contiguous_cross_asset_target_only_l1_l5,2026-01-01,ICICIBANK,target_only,2026-01-01,short,-1,-0.37650951199338295,-0.37650951199338295,-0.37670384138785623,0,1,0,21,261,1402.3000000000002,1402.3000000000002,71,-0.0,165.2708571992,-165.2708571992,zerodha_equity_intraday_nse_order_formula_v2_2026_07_14
P455_contiguous_cross_asset_target_only_l1_l5,2026-01-02,ICICIBANK,target_only,2026-01-02,short,-1,-0.369627078029055,-0.369627078029055,-0.37037037037037035,0,1,0,21,261,1402.7,1402.7,71,-0.0,165.2768105208,-165.2768105208,zerodha_equity_intraday_nse_order_formula_v2_2026_07_14
P455_contiguous_cross_asset_target_only_l1_l5,2026-01-05,ICICIBANK,target_only,2026-01-05,short,-1,-0.36824623560673164,-0.36824623560673164,-0.3681592039800995,0,1,0,21,261,1405.8000000000002,1405.8000000000002,71,-0.0,165.3229487632,-165.3229487632,zerodha_equity_intraday_nse_order_formula_v2_2026_07_14
P455_contiguous_cross_asset_target_only_l1_l5,2026-01-06,ICICIBANK,target_only,2026-01-06,short,-1,-0.3716765140324963,-0.3716765140324963,-0.3706777316735823,0,1,0,21,261,1404.4,1404.4,71,-0.0,165.3021121376,-165.3021121376,zerodha_equity_intraday_nse_order_formula_v2_2026_07_14
P455_contiguous_cross_asset_target_only_l1_l5,2026-01-07,ICICIBANK,target_only,2026-01-07,short,-1,-0.396160742537707,-0.396160742537707,-0.3968379446640316,0,1,0,21,261,1392.1,1392.1,71,-0.0,165.1190474984,-165.1190474984,zerodha_equity_intraday_nse_order_formula_v2_2026_07_14
P455_contiguous_cross_asset_target_only_l1_l5,2026-01-08,ICICIBANK,target_only,2026-01-08,short,-1,-0.3744617668893838,-0.3744617668893838,-0.37374860956618466,0,1,0,21,261,1370.1999999999998,1370.1999999999998,72,-0.0,165.0803299456,-165.0803299456,zerodha_equity_intraday_nse_order_formula_v2_2026_07_14
P455_contiguous_cross_asset_target_only_l1_l5,2026-01-09,ICICIBANK,target_only,2026-01-09,short,-1,-0.37198483804272914,-0.37198483804272914,-0.3716129032258065,0,1,0,21,261,1402.9,1402.9,71,-0.0,165.27978718159997,-165.27978718159997,zerodha_equity_intraday_nse_order_formula_v2_2026_07_14
P455_contiguous_cross_asset_target_only_l1_l5,2026-01-12,ICICIBANK,target_only,2026-01-12,short,-1,-0.3569615970225004,-0.3569615970225004,-0.3574144486692015,0,1,0,21,261,1407.5,1407.5,71,-0.0,165.34825038000002,-165.34825038000002,zerodha_equity_intraday_nse_order_formula_v2_2026_07_14
P455_contiguous_cross_asset_target_only_l1_l5,2026-01-13,ICICIBANK,target_only,2026-01-13,short,-1,-0.3714620666555016,-0.3714620666555016,-0.3713927227101631,0,1,0,21,261,1405.0,1405.0,71,-0.0,165.31104212,-165.31104212,zerodha_equity_intraday_nse_order_formula_v2_2026_07_14
P455_contiguous_cross_asset_target_only_l1_l5,2026-01-14,ICICIBANK,target_only,2026-01-14,short,-1,-0.35724510895498646,-0.35724510895498646,-0.3575685339690107,0,1,0,21,261,1410.6,1410.6,70,-0.0,165.098693008,-165.098693008,zerodha_equity_intraday_nse_order_formula_v2_2026_07_14
P455_contiguous_cross_asset_target_only_l1_l5,2026-01-15,ICICIBANK,target_only,2026-01-15,short,-1,-0.36628377285228925,-0.36628377285228925,-0.3660606060606061,0,1,0,21,261,1434.6,1434.6,69,-0.0,165.1501347376,-165.1501347376,zerodha_equity_intraday_nse_order_formula_v2_2026_07_14
P455_contiguous_cross_asset_target_only_l1_l5,2026-01-16,ICICIBANK,target_only,2026-01-16,short,-1,-0.3716468866850919,-0.3716468866850919,-0.37271619975639464,0,1,0,21,261,1416.9,1416.9,70,-0.0,165.19113719199999,-165.19113719199999,zerodha_equity_intraday_nse_order_formula_v2_2026_07_14
P455_contiguous_cross_asset_target_only_l1_l5,2026-01-19,ICICIBANK,target_only,2026-01-19,short,-1,-0.3689922480620155,-0.3689922480620155,-0.3681592039800995,0,1,0,21,261,1403.5,1403.5,71,-0.0,165.28871716400002,-165.28871716400002,zerodha_equity_intraday_nse_order_formula_v2_2026_07_14
P455_contiguous_cross_asset_target_only_l1_l5,2026-01-20,ICICIBANK,target_only,2026-01-20,short,-1,-0.3620077469335055,-0.3620077469335055,-0.3603385731559855,0,1,0,21,261,1408.6,1408.6,70,-0.0,165.069345648,-165.069345648,zerodha_equity_intraday_nse_order_formula_v2_2026_07_14
P455_contiguous_cross_asset_target_only_l1_l5,2026-01-21,ICICIBANK,target_only,2026-01-21,short,-1,-0.37278818072496134,-0.37278818072496134,-0.3732303732303732,0,1,0,21,261,1404.1999999999998,1404.1999999999998,71,-0.0,165.2991354768,-165.2991354768,zerodha_equity_intraday_nse_order_formula_v2_2026_07_14
P455_contiguous_cross_asset_target_only_l1_l5,2026-01-22,ICICIBANK,target_only,2026-01-22,short,-1,-0.37119706466901087,-0.37119706466901087,-0.3711340206185567,0,1,0,21,261,1379.4,1379.4,72,-0.0,165.2191848832,-165.2191848832,zerodha_equity_intraday_nse_order_formula_v2_2026_07_14
P455_contiguous_cross_asset_target_only_l1_l5,2026-01-23,ICICIBANK,target_only,2026-01-23,short,-1,-0.367052654577234,-0.367052654577234,-0.36661211129296234,0,1,0,21,261,1402.6999999999998,1402.6999999999998,71,-0.0,165.2768105208,-165.2768105208,zerodha_equity_intraday_nse_order_formula_v2_2026_07_14
P455_contiguous_cross_asset_target_only_l1_l5,2026-01-26,ICICIBANK,target_only,2026-01-26,short,-1,-0.3637110016420361,-0.3637110016420361,-0.3640836408364084,0,1,0,21,261,1405.8000000000002,1405.8000000000002,71,-0.0,165.3229487632,-165.3229487632,zerodha_equity_intraday_nse_order_formula_v2_2026_07_14
P455_contiguous_cross_asset_target_only_l1_l5,2026-01-27,ICICIBANK,target_only,2026-01-27,short,-1,-0.36504747991234476,-0.36504747991234476,-0.36388508891928867,0,1,0,21,261,1420.1999999999998,1420.1999999999998,70,-0.0,165.239560336,-165.239560336,zerodha_equity_intraday_nse_order_formula_v2_2026_07_14
P455_contiguous_cross_asset_target_only_l1_l5,2026-01-28,ICICIBANK,target_only,2026-01-28,short,-1,-0.3609308215925281,-0.3609308215925281,-0.36061684460260973,0,1,0,21,261,1404.4,1404.4,71,-0.0,165.3021121376,-165.3021121376,zerodha_equity_intraday_nse_order_formula_v2_2026_07_14
P455_contiguous_cross_asset_target_only_l1_l5,2026-01-29,ICICIBANK,target_only,2026-01-29,short,-1,-0.36178934236321514,-0.36178934236321514,-0.3604806408544726,0,1,0,21,261,1409.9,1409.9,70,-0.0,165.088421432,-165.088421432,zerodha_equity_intraday_nse_order_formula_v2_2026_07_14
P455_contiguous_cross_asset_target_only_l1_l5,2026-01-30,ICICIBANK,target_only,2026-01-30,short,-1,-0.36835642869671986,-0.36835642869671986,-0.3679369250985545,0,1,0,21,261,1404.8000000000002,1404.8000000000002,71,-0.0,165.3080654592,-165.3080654592,zerodha_equity_intraday_nse_order_formula_v2_2026_07_14
P455_contiguous_cross_asset_target_only_l1_l5,2026-02-02,ICICIBANK,target_only,2026-02-02,short,-1,-0.348615790244617,-0.348615790244617,-0.34906695938529086,0,1,0,21,261,1411.1,1411.1,70,-0.0,165.106029848,-165.106029848,zerodha_equity_intraday_nse_order_formula_v2_2026_07_14
P455_contiguous_cross_asset_target_only_l1_l5,2026-02-03,ICICIBANK,target_only,2026-02-03,short,-1,-0.36370170709793354,-0.36370170709793354,-0.3633916554508748,0,1,0,21,261,1408.6999999999998,1408.6999999999998,70,-0.0,165.07081301600002,-165.07081301600002,zerodha_equity_intraday_nse_order_formula_v2_2026_07_14
P455_contiguous_cross_asset_target_only_l1_l5,2026-02-04,ICICIBANK,target_only,2026-02-04,short,-1,-0.3872280880295128,-0.3872280880295128,-0.38703527168732127,0,1,0,21,261,1396.1,1396.1,71,-0.0,165.1785807144,-165.1785807144,zerodha_equity_intraday_nse_order_formula_v2_2026_07_14
P455_contiguous_cross_asset_target_only_l1_l5,2026-02-05,ICICIBANK,target_only,2026-02-05,short,-1,-0.3753613877288789,-0.3753613877288789,-0.37545126353790614,0,1,0,21,261,1397.8000000000002,1397.8000000000002,71,-0.0,165.20388233120002,-165.20388233120002,zerodha_equity_intraday_nse_order_formula_v2_2026_07_14
P455_contiguous_cross_asset_target_only_l1_l5,2026-02-06,ICICIBANK,target_only,2026-02-06,short,-1,-0.38014566181127296,-0.38014566181127296,-0.37959667852906287,0,1,0,21,261,1396.6,1396.6,71,-0.0,165.18602236639998,-165.18602236639998,zerodha_equity_intraday_nse_order_formula_v2_2026_07_14
P455_contiguous_cross_asset_target_only_l1_l5,2026-02-09,ICICIBANK,target_only,2026-02-09,short,-1,-0.3694633408919123,-0.3694633408919123,-0.36919592298980747,0,1,0,21,261,1400.8000000000002,1400.8000000000002,71,-0.0,165.2485322432,-165.2485322432,zerodha_equity_intraday_nse_order_formula_v2_2026_07_14
P455_contiguous_cross_asset_target_only_l1_l5,2026-02-10,ICICIBANK,target_only,2026-02-10,short,-1,-0.35364912822095357,-0.35364912822095357,-0.353757225433526,0,1,0,21,261,1411.1999999999998,1411.1999999999998,70,-0.0,165.10749721599998,-165.10749721599998,zerodha_equity_intraday_nse_order_formula_v2_2026_07_14
P455_contiguous_cross_asset_target_only_l1_l5,2026-02-11,ICICIBANK,target_only,2026-02-11,short,-1,-0.3757254186702039,-0.3757254186702039,-0.37515527950310557,0,1,0,21,261,1402.5,1402.5,71,-0.0,165.27383386,-165.27383386,zerodha_equity_intraday_nse_order_formula_v2_2026_07_14
P455_contiguous_cross_asset_target_only_l1_l5,2026-02-12,ICICIBANK,target_only,2026-02-12,short,-1,-0.3691319751992914,-0.3691319751992914,-0.3681592039800995,0,1,0,21,261,1400.6999999999998,1400.6999999999998,71,-0.0,165.2470439128,-165.2470439128,zerodha_equity_intraday_nse_order_formula_v2_2026_07_14
P455_contiguous_cross_asset_target_only_l1_l5,2026-02-13,ICICIBANK,target_only,2026-02-13,short,-1,-0.3812849162011173,-0.3812849162011173,-0.3824928639391056,0,1,0,21,261,1396.0,1396.0,71,-0.0,165.177092384,-165.177092384,zerodha_equity_intraday_nse_order_formula_v2_2026_07_14
P455_contiguous_cross_asset_target_only_l1_l5,2026-02-16,ICICIBANK,target_only,2026-02-16,short,-1,-0.382909604519774,-0.382909604519774,-0.38306878306878306,0,1,0,21,261,1397.6,1397.6,71,-0.0,165.2009056704,-165.2009056704,zerodha_equity_intraday_nse_order_formula_v2_2026_07_14
P455_contiguous_cross_asset_target_only_l1_l5,2026-02-17,ICICIBANK,target_only,2026-02-17,short,-1,-0.373735825927061,-0.373735825927061,-0.3742824339839265,0,1,0,21,261,1402.8000000000002,1402.8000000000002,71,-0.0,165.27829885120002,-165.27829885120002,zerodha_equity_intraday_nse_order_formula_v2_2026_07_14
P455_contiguous_cross_asset_target_only_l1_l5,2026-02-18,ICICIBANK,target_only,2026-02-18,short,-1,-0.3719062092922275,-0.3719062092922275,-0.37073170731707317,0,1,0,21,261,1403.4,1403.4,71,-0.0,165.2872288336,-165.2872288336,zerodha_equity_intraday_nse_order_formula_v2_2026_07_14
P455_contiguous_cross_asset_target_only_l1_l5,2026-02-19,ICICIBANK,target_only,2026-02-19,short,-1,-0.37863679825160496,-0.37863679825160496,-0.3766632548618219,0,1,0,21,261,1398.6999999999998,1398.6999999999998,71,-0.0,165.21727730479998,-165.21727730479998,zerodha_equity_intraday_nse_order_formula_v2_2026_07_14
P455_contiguous_cross_asset_target_only_l1_l5,2026-02-20,ICICIBANK,target_only,2026-02-20,short,-1,-0.365807560137457,-0.365807560137457,-0.3655083655083655,0,1,0,21,261,1403.1999999999998,1403.1999999999998,71,-0.0,165.2842521728,-165.2842521728,zerodha_equity_intraday_nse_order_formula_v2_2026_07_14
P455_contiguous_cross_asset_target_only_l1_l5,2026-02-23,ICICIBANK,target_only,2026-02-23,short,-1,-0.37458926615553123,-0.37458926615553123,-0.37280187573270807,0,1,0,21,261,1402.1,1402.1,71,-0.0,165.2678805384,-165.2678805384,zerodha_equity_intraday_nse_order_formula_v2_2026_07_14
P455_contiguous_cross_asset_target_only_l1_l5,2026-02-24,ICICIBANK,target_only,2026-02-24,short,-1,-0.367052654577234,-0.367052654577234,-0.36661211129296234,0,1,0,21,261,1402.7,1402.7,71,-0.0,165.2768105208,-165.2768105208,zerodha_equity_intraday_nse_order_formula_v2_2026_07_14
P455_contiguous_cross_asset_target_only_l1_l5,2026-02-25,ICICIBANK,target_only,2026-02-25,short,-1,-0.37506755539542425,-0.37506755539542425,-0.37516869095816463,0,1,0,21,261,1402.4,1402.4,71,-0.0,165.2723455296,-165.2723455296,zerodha_equity_intraday_nse_order_formula_v2_2026_07_14
P455_contiguous_cross_asset_target_only_l1_l5,2026-02-26,ICICIBANK,target_only,2026-02-26,short,-1,-0.37564242329855163,-0.37564242329855163,-0.3757292882147025,0,1,0,21,261,1403.6999999999998,1403.6999999999998,71,-0.0,165.2916938248,-165.2916938248,zerodha_equity_intraday_nse_order_formula_v2_2026_07_14
P455_contiguous_cross_asset_target_only_l1_l5,2026-02-27,ICICIBANK,target_only,2026-02-27,short,-1,-0.39023849140321687,-0.39023849140321687,-0.39068994181213634,0,1,0,21,261,1390.7,1390.7,71,-0.0,165.0982108728,-165.0982108728,zerodha_equity_intraday_nse_order_formula_v2_2026_07_14
P455_contiguous_cross_asset_target_only_l1_l5,2026-03-02,ICICIBANK,target_only,2026-03-02,short,-1,-0.37584557003794755,-0.37584557003794755,-0.3757725587144623,0,1,0,21,261,1400.9,1400.9,71,-0.0,165.2500205736,-165.2500205736,zerodha_equity_intraday_nse_order_formula_v2_2026_07_14
P455_contiguous_cross_asset_target_only_l1_l5,2026-03-03,ICICIBANK,target_only,2026-03-03,short,-1,-0.35082458770614694,-0.35082458770614694,-0.34933605720122574,0,1,0,21,261,1387.0,1387.0,72,-0.0,165.33389113599998,-165.33389113599998,zerodha_equity_intraday_nse_order_formula_v2_2026_07_14
P455_contiguous_cross_asset_target_only_l1_l5,2026-03-04,ICICIBANK,target_only,2026-03-04,short,-1,-0.3614625115705029,-0.3614625115705029,-0.3606936416184971,0,1,0,21,261,1419.3000000000002,1419.3000000000002,70,-0.0,165.226354024,-165.226354024,zerodha_equity_intraday_nse_order_formula_v2_2026_07_14
P455_contiguous_cross_asset_target_only_l1_l5,2026-03-05,ICICIBANK,target_only,2026-03-05,short,-1,-0.3662683049991584,-0.3662683049991584,-0.3656998738965952,0,1,0,21,261,1405.3000000000002,1405.3000000000002,71,-0.0,165.31550711120002,-165.31550711120002,zerodha_equity_intraday_nse_order_formula_v2_2026_07_14
P455_contiguous_cross_asset_target_only_l1_l5,2026-03-06,ICICIBANK,target_only,2026-03-06,short,-1,-0.36787330316742084,-0.36787330316742084,-0.36610169491525424,0,1,0,21,261,1401.6999999999998,1401.6999999999998,71,-0.0,165.2619272168,-165.2619272168,zerodha_equity_intraday_nse_order_formula_v2_2026_07_14
P455_contiguous_cross_asset_target_only_l1_l5,2026-03-09,ICICIBANK,target_only,2026-03-09,short,-1,-0.35883267138663444,-0.35883267138663444,-0.35963777490297544,0,1,0,21,261,1408.3000000000002,1408.3000000000002,71,-0.0,165.36015702319997,-165.36015702319997,zerodha_equity_intraday_nse_order_formula_v2_2026_07_14
P455_contiguous_cross_asset_target_only_l1_l5,2026-03-10,ICICIBANK,target_only,2026-03-10,short,-1,-0.36910022980378293,-0.36910022980378293,-0.36821192052980134,0,1,0,21,261,1402.6,1402.6,71,-0.0,165.2753221904,-165.2753221904,zerodha_equity_intraday_nse_order_formula_v2_2026_07_14
P455_contiguous_cross_asset_target_only_l1_l5,2026-03-11,ICICIBANK,target_only,2026-03-11,short,-1,-0.3662543843455787,-0.3662543843455787,-0.3651452282157676,0,1,0,21,261,1407.1999999999998,1407.1999999999998,71,-0.0,165.3437853888,-165.3437853888,zerodha_equity_intraday_nse_order_formula_v2_2026_07_14
P455_contiguous_cross_asset_target_only_l1_l5,2026-03-12,ICICIBANK,target_only,2026-03-12,short,-1,-0.3723369916074887,-0.3723369916074887,-0.3724304715840387,0,1,0,21,261,1424.4,1424.4,70,-0.0,165.301189792,-165.301189792,zerodha_equity_intraday_nse_order_formula_v2_2026_07_14
P455_contiguous_cross_asset_target_only_l1_l5,2026-03-13,ICICIBANK,target_only,2026-03-13,short,-1,-0.344533275713051,-0.344533275713051,-0.34331983805668015,0,1,0,21,261,1410.6,1410.6,70,-0.0,165.098693008,-165.098693008,zerodha_equity_intraday_nse_order_formula_v2_2026_07_14
P455_contiguous_cross_asset_target_only_l1_l5,2026-03-16,ICICIBANK,target_only,2026-03-16,short,-1,-0.36680461773034195,-0.36680461773034195,-0.36541598694942906,0,1,0,21,261,1405.4,1405.4,71,-0.0,165.31699544160003,-165.31699544160003,zerodha_equity_intraday_nse_order_formula_v2_2026_07_14
P455_contiguous_cross_asset_target_only_l1_l5,2026-03-17,ICICIBANK,target_only,2026-03-17,short,-1,-0.36924824843779586,-0.36924824843779586,-0.36879432624113473,0,1,0,21,261,1405.6,1405.6,71,-0.0,165.3199721024,-165.3199721024,zerodha_equity_intraday_nse_order_formula_v2_2026_07_14
P455_contiguous_cross_asset_target_only_l1_l5,2026-03-18,ICICIBANK,target_only,2026-03-18,short,-1,-0.38000343583576707,-0.38000343583576707,-0.38095238095238093,0,1,0,21,261,1397.1999999999998,1397.1999999999998,71,-0.0,165.1949523488,-165.1949523488,zerodha_equity_intraday_nse_order_formula_v2_2026_07_14
P455_contiguous_cross_asset_target_only_l1_l5,2026-03-19,ICICIBANK,target_only,2026-03-19,short,-1,-0.3645966126388636,-0.3645966126388636,-0.3656207366984993,0,1,0,21,261,1400.6,1400.6,71,-0.0,165.24555558240002,-165.24555558240002,zerodha_equity_intraday_nse_order_formula_v2_2026_07_14
P455_contiguous_cross_asset_target_only_l1_l5,2026-03-20,ICICIBANK,target_only,2026-03-20,short,-1,-0.3764555750518424,-0.3764555750518424,-0.3751493428912784,0,1,0,21,261,1398.9,1398.9,71,-0.0,165.22025396560002,-165.22025396560002,zerodha_equity_intraday_nse_order_formula_v2_2026_07_14
P455_contiguous_cross_asset_target_only_l1_l5,2026-03-23,ICICIBANK,target_only,2026-03-23,short,-1,-0.3700942775707082,-0.3700942775707082,-0.367816091954023,0,1,0,21,261,1402.6,1402.6,71,-0.0,165.2753221904,-165.2753221904,zerodha_equity_intraday_nse_order_formula_v2_2026_07_14
P455_contiguous_cross_asset_target_only_l1_l5,2026-03-24,ICICIBANK,target_only,2026-03-24,short,-1,-0.37082238077356366,-0.37082238077356366,-0.37130801687763715,0,1,0,21,261,1403.6,1403.6,71,-0.0,165.29020549439997,-165.29020549439997,zerodha_equity_intraday_nse_order_formula_v2_2026_07_14
P455_contiguous_cross_asset_target_only_l1_l5,2026-03-25,ICICIBANK,target_only,2026-03-25,short,-1,-0.36917881265552793,-0.36917881265552793,-0.37017310252996005,0,1,0,21,261,1404.4,1404.4,71,-0.0,165.3021121376,-165.3021121376,zerodha_equity_intraday_nse_order_formula_v2_2026_07_14
P455_contiguous_cross_asset_target_only_l1_l5,2026-03-26,ICICIBANK,target_only,2026-03-26,short,-1,-0.376140350877193,-0.376140350877193,-0.3764458464773922,0,1,0,21,261,1398.1999999999998,1398.1999999999998,71,-0.0,165.2098356528,-165.2098356528,zerodha_equity_intraday_nse_order_formula_v2_2026_07_14
P455_contiguous_cross_asset_target_only_l1_l5,2026-03-27,ICICIBANK,target_only,2026-03-27,short,-1,-0.3706159483510731,-0.3706159483510731,-0.3712418300653595,0,1,0,21,261,1403.6,1403.6,71,-0.0,165.29020549439997,-165.29020549439997,zerodha_equity_intraday_nse_order_formula_v2_2026_07_14
P455_contiguous_cross_asset_target_only_l1_l5,2026-03-30,ICICIBANK,target_only,2026-03-30,short,-1,-0.35174977566978594,-0.35174977566978594,-0.3515850144092219,0,1,0,21,261,1416.3,1416.3,70,-0.0,165.18233298400003,-165.18233298400003,zerodha_equity_intraday_nse_order_formula_v2_2026_07_14
P455_contiguous_cross_asset_target_only_l1_l5,2026-03-31,ICICIBANK,target_only,2026-03-31,short,-1,-0.36331658291457286,-0.36331658291457286,-0.36386449184441655,0,1,0,21,261,1405.9,1405.9,71,-0.0,165.3244370936,-165.3244370936,zerodha_equity_intraday_nse_order_formula_v2_2026_07_14
P455_contiguous_cross_asset_target_only_l1_l5,2026-04-01,ICICIBANK,target_only,2026-04-01,short,-1,-0.35274283491116587,-0.35274283491116587,-0.35179786200194363,0,1,0,21,261,1408.3,1408.3,71,-0.0,165.36015702319997,-165.36015702319997,zerodha_equity_intraday_nse_order_formula_v2_2026_07_14
P455_contiguous_cross_asset_target_only_l1_l5,2026-04-02,ICICIBANK,target_only,2026-04-02,short,-1,-0.36742373336917084,-0.36742373336917084,-0.36656596173212486,0,1,0,21,261,1406.7,1406.7,71,-0.0,165.3363437368,-165.3363437368,zerodha_equity_intraday_nse_order_formula_v2_2026_07_14
P455_contiguous_cross_asset_target_only_l1_l5,2026-04-03,ICICIBANK,target_only,2026-04-03,short,-1,-0.37156282631395754,-0.37156282631395754,-0.3728813559322034,0,1,0,21,261,1402.4,1402.4,71,-0.0,165.2723455296,-165.2723455296,zerodha_equity_intraday_nse_order_formula_v2_2026_07_14
P455_contiguous_cross_asset_target_only_l1_l5,2026-04-06,ICICIBANK,target_only,2026-04-06,short,-1,-0.3714223290364868,-0.3714223290364868,-0.3698854337152209,0,1,0,21,261,1400.2,1400.2,71,-0.0,165.23960226079998,-165.23960226079998,zerodha_equity_intraday_nse_order_formula_v2_2026_07_14
P455_contiguous_cross_asset_target_only_l1_l5,2026-04-07,ICICIBANK,target_only,2026-04-07,short,-1,-0.37974481658692183,-0.37974481658692183,-0.37992831541218636,0,1,0,21,261,1399.6,1399.6,71,-0.0,165.23067227840002,-165.23067227840002,zerodha_equity_intraday_nse_order_formula_v2_2026_07_14
P455_contiguous_cross_asset_target_only_l1_l5,2026-04-08,ICICIBANK,target_only,2026-04-08,short,-1,-0.3719630187056547,-0.3719630187056547,-0.37037037037037035,0,1,0,21,261,1403.1,1403.1,71,-0.0,165.28276384240002,-165.28276384240002,zerodha_equity_intraday_nse_order_formula_v2_2026_07_14
P455_contiguous_cross_asset_target_only_l1_l5,2026-04-09,ICICIBANK,target_only,2026-04-09,short,-1,-0.3462897526501767,-0.3462897526501767,-0.3470319634703196,0,1,0,21,261,1410.2,1410.2,70,-0.0,165.09282353600003,-165.09282353600003,zerodha_equity_intraday_nse_order_formula_v2_2026_07_14
P455_contiguous_cross_asset_target_only_l1_l5,2026-04-10,ICICIBANK,target_only,2026-04-10,short,-1,-0.35964187327823693,-0.35964187327823693,-0.3591331269349845,0,1,0,21,261,1406.3000000000002,1406.3000000000002,71,-0.0,165.3303904152,-165.3303904152,zerodha_equity_intraday_nse_order_formula_v2_2026_07_14
P455_contiguous_cross_asset_target_only_l1_l5,2026-04-13,ICICIBANK,target_only,2026-04-13,short,-1,-0.36910022980378293,-0.36910022980378293,-0.36821192052980134,0,1,0,21,261,1404.6,1404.6,71,-0.0,165.3050887984,-165.3050887984,zerodha_equity_intraday_nse_order_formula_v2_2026_07_14
P455_contiguous_cross_asset_target_only_l1_l5,2026-04-14,ICICIBANK,target_only,2026-04-14,short,-1,-0.37296803652968036,-0.37296803652968036,-0.37209302325581395,0,1,0,21,261,1403.1999999999998,1403.1999999999998,71,-0.0,165.2842521728,-165.2842521728,zerodha_equity_intraday_nse_order_formula_v2_2026_07_14
P455_contiguous_cross_asset_target_only_l1_l5,2026-04-15,ICICIBANK,target_only,2026-04-15,short,-1,-0.3671875,-0.3671875,-0.36671001300390116,0,1,0,21,261,1407.5,1407.5,71,-0.0,165.34825038000002,-165.34825038000002,zerodha_equity_intraday_nse_order_formula_v2_2026_07_14
P455_contiguous_cross_asset_target_only_l1_l5,2026-04-16,ICICIBANK,target_only,2026-04-16,short,-1,-0.3327100747910251,-0.3327100747910251,-0.3330585325638912,0,1,0,21,261,1419.4,1419.4,70,-0.0,165.22782139199998,-165.22782139199998,zerodha_equity_intraday_nse_order_formula_v2_2026_07_14
P455_contiguous_cross_asset_target_only_l1_l5,2026-04-17,ICICIBANK,target_only,2026-04-17,short,-1,-0.3673435964624959,-0.3673435964624959,-0.36809815950920244,0,1,0,21,261,1404.1,1404.1,71,-0.0,165.2976471464,-165.2976471464,zerodha_equity_intraday_nse_order_formula_v2_2026_07_14
P455_contiguous_cross_asset_target_only_l1_l5,2026-04-20,ICICIBANK,target_only,2026-04-20,short,-1,-0.3670160497870947,-0.3670160497870947,-0.3656441717791411,0,1,0,21,261,1412.9,1412.9,70,-0.0,165.13244247199998,-165.13244247199998,zerodha_equity_intraday_nse_order_formula_v2_2026_07_14
P455_contiguous_cross_asset_target_only_l1_l5,2026-04-21,ICICIBANK,target_only,2026-04-21,short,-1,-0.3710915558884104,-0.3710915558884104,-0.3702664796633941,0,1,0,21,261,1404.1999999999998,1404.1999999999998,71,-0.0,165.2991354768,-165.2991354768,zerodha_equity_intraday_nse_order_formula_v2_2026_07_14
P455_contiguous_cross_asset_target_only_l1_l5,2026-04-22,ICICIBANK,target_only,2026-04-22,short,-1,-0.37245160185026555,-0.37245160185026555,-0.3722721437740693,0,1,0,21,261,1404.4,1404.4,71,-0.0,165.3021121376,-165.3021121376,zerodha_equity_intraday_nse_order_formula_v2_2026_07_14
P455_contiguous_cross_asset_target_only_l1_l5,2026-04-23,ICICIBANK,target_only,2026-04-23,short,-1,-0.385847968209204,-0.385847968209204,-0.3861671469740634,0,1,0,21,261,1394.3000000000002,1394.3000000000002,71,-0.0,165.1517907672,-165.1517907672,zerodha_equity_intraday_nse_order_formula_v2_2026_07_14
P455_contiguous_cross_asset_target_only_l1_l5,2026-04-24,ICICIBANK,target_only,2026-04-24,short,-1,-0.37147657270860557,-0.37147657270860557,-0.37202797202797205,0,1,0,21,261,1406.5,1406.5,71,-0.0,165.33336707600003,-165.33336707600003,zerodha_equity_intraday_nse_order_formula_v2_2026_07_14
P455_contiguous_cross_asset_target_only_l1_l5,2026-04-27,ICICIBANK,target_only,2026-04-27,short,-1,-0.36434248554913296,-0.36434248554913296,-0.36535859269282817,0,1,0,21,261,1406.6,1406.6,71,-0.0,165.3348554064,-165.3348554064,zerodha_equity_intraday_nse_order_formula_v2_2026_07_14
P455_contiguous_cross_asset_target_only_l1_l5,2026-04-28,ICICIBANK,target_only,2026-04-28,short,-1,-0.3764920424403183,-0.3764920424403183,-0.37763975155279506,0,1,0,21,261,1406.5,1406.5,71,-0.0,165.33336707600003,-165.33336707600003,zerodha_equity_intraday_nse_order_formula_v2_2026_07_14
P455_contiguous_cross_asset_target_only_l1_l5,2026-04-29,ICICIBANK,target_only,2026-04-29,short,-1,-0.3752497858978019,-0.3752497858978019,-0.37433155080213903,0,1,0,21,261,1418.4,1418.4,70,-0.0,165.21314771200002,-165.21314771200002,zerodha_equity_intraday_nse_order_formula_v2_2026_07_14
P455_contiguous_cross_asset_target_only_l1_l5,2026-04-30,ICICIBANK,target_only,2026-04-30,short,-1,-0.36531419364288853,-0.36531419364288853,-0.36443468715697036,0,1,0,21,261,1408.4,1408.4,71,-0.0,165.3616453536,-165.3616453536,zerodha_equity_intraday_nse_order_formula_v2_2026_07_14
P455_contiguous_cross_asset_target_only_l1_l5,2026-05-01,ICICIBANK,target_only,2026-05-01,short,-1,-0.3639892001349983,-0.3639892001349983,-0.3640960809102402,0,1,0,21,261,1407.5,1407.5,71,-0.0,165.34825038000002,-165.34825038000002,zerodha_equity_intraday_nse_order_formula_v2_2026_07_14
P455_contiguous_cross_asset_target_only_l1_l5,2026-05-04,ICICIBANK,target_only,2026-05-04,short,-1,-0.36446239273094394,-0.36446239273094394,-0.3656998738965952,0,1,0,21,261,1404.5,1404.5,71,-0.0,165.30360046799998,-165.30360046799998,zerodha_equity_intraday_nse_order_formula_v2_2026_07_14
P455_contiguous_cross_asset_target_only_l1_l5,2026-05-05,ICICIBANK,target_only,2026-05-05,short,-1,-0.3772268408551069,-0.3772268408551069,-0.3759733036707453,0,1,0,21,261,1400.3000000000002,1400.3000000000002,71,-0.0,165.24109059120002,-165.24109059120002,zerodha_equity_intraday_nse_order_formula_v2_2026_07_14
P455_contiguous_cross_asset_target_only_l1_l5,2026-05-06,ICICIBANK,target_only,2026-05-06,short,-1,-0.3571765445684641,-0.3571765445684641,-0.3580683156654888,0,1,0,21,261,1409.1,1409.1,70,-0.0,165.076682488,-165.076682488,zerodha_equity_intraday_nse_order_formula_v2_2026_07_14
P455_contiguous_cross_asset_target_only_l1_l5,2026-05-07,ICICIBANK,target_only,2026-05-07,short,-1,-0.38697366747233175,-0.38697366747233175,-0.38703527168732127,0,1,0,21,261,1396.4,1396.4,71,-0.0,165.18304570560002,-165.18304570560002,zerodha_equity_intraday_nse_order_formula_v2_2026_07_14
P455_contiguous_cross_asset_target_only_l1_l5,2026-05-08,ICICIBANK,target_only,2026-05-08,short,-1,-0.381377151799687,-0.381377151799687,-0.3798358733880422,0,1,0,21,261,1398.3,1398.3,71,-0.0,165.2113239832,-165.2113239832,zerodha_equity_intraday_nse_order_formula_v2_2026_07_14
P455_contiguous_cross_asset_target_only_l1_l5,2026-05-11,ICICIBANK,target_only,2026-05-11,short,-1,-0.3649890590809628,-0.3649890590809628,-0.3650273224043716,0,1,0,21,261,1394.8000000000002,1394.8000000000002,71,-0.0,165.1592324192,-165.1592324192,zerodha_equity_intraday_nse_order_formula_v2_2026_07_14
P455_contiguous_cross_asset_target_only_l1_l5,2026-05-12,ICICIBANK,target_only,2026-05-12,short,-1,-0.364514086736309,-0.364514086736309,-0.365361803084223,0,1,0,21,261,1413.8000000000002,1413.8000000000002,70,-0.0,165.145648784,-165.145648784,zerodha_equity_intraday_nse_order_formula_v2_2026_07_14
P455_contiguous_cross_asset_target_only_l1_l5,2026-05-13,ICICIBANK,target_only,2026-05-13,short,-1,-0.374881815316735,-0.374881815316735,-0.3754427390791027,0,1,0,21,261,1418.9,1418.9,70,-0.0,165.22048455200002,-165.22048455200002,zerodha_equity_intraday_nse_order_formula_v2_2026_07_14
P455_contiguous_cross_asset_target_only_l1_l5,2026-05-14,ICICIBANK,target_only,2026-05-14,short,-1,-0.35029675464073745,-0.35029675464073745,-0.3500473036896878,0,1,0,21,261,1409.9,1409.9,70,-0.0,165.088421432,-165.088421432,zerodha_equity_intraday_nse_order_formula_v2_2026_07_14
P455_contiguous_cross_asset_target_only_l1_l5,2026-05-15,ICICIBANK,target_only,2026-05-15,short,-1,-0.3750893495353824,-0.3750893495353824,-0.3748326639892905,0,1,0,21,261,1400.5,1400.5,71,-0.0,165.24406725199998,-165.24406725199998,zerodha_equity_intraday_nse_order_formula_v2_2026_07_14
P455_contiguous_cross_asset_target_only_l1_l5,2026-05-18,ICICIBANK,target_only,2026-05-18,short,-1,-0.3794192868963442,-0.3794192868963442,-0.3788049605411499,0,1,0,21,261,1424.2,1424.2,70,-0.0,165.298255056,-165.298255056,zerodha_equity_intraday_nse_order_formula_v2_2026_07_14
P455_contiguous_cross_asset_target_only_l1_l5,2026-05-19,ICICIBANK,target_only,2026-05-19,short,-1,-0.365807560137457,-0.365807560137457,-0.3655083655083655,0,1,0,21,261,1407.6,1407.6,71,-0.0,165.34973871039998,-165.34973871039998,zerodha_equity_intraday_nse_order_formula_v2_2026_07_14
P455_contiguous_cross_asset_target_only_l1_l5,2026-05-20,ICICIBANK,target_only,2026-05-20,short,-1,-0.3701441899915182,-0.3701441899915182,-0.3684879288437103,0,1,0,21,261,1404.5,1404.5,71,-0.0,165.30360046799998,-165.30360046799998,zerodha_equity_intraday_nse_order_formula_v2_2026_07_14
P455_contiguous_cross_asset_target_only_l1_l5,2026-05-21,ICICIBANK,target_only,2026-05-21,short,-1,-0.3635381012430193,-0.3635381012430193,-0.3616734143049933,0,1,0,21,261,1405.6,1405.6,71,-0.0,165.3199721024,-165.3199721024,zerodha_equity_intraday_nse_order_formula_v2_2026_07_14
P455_contiguous_cross_asset_target_only_l1_l5,2026-05-22,ICICIBANK,target_only,2026-05-22,short,-1,-0.35367925761338387,-0.35367925761338387,-0.3525954946131244,0,1,0,21,261,1413.7,1413.7,70,-0.0,165.14418141600004,-165.14418141600004,zerodha_equity_intraday_nse_order_formula_v2_2026_07_14
P455_contiguous_cross_asset_target_only_l1_l5,2026-05-25,ICICIBANK,target_only,2026-05-25,short,-1,-0.38287631271878647,-0.38287631271878647,-0.3825136612021858,0,1,0,21,261,1399.3000000000002,1399.3000000000002,71,-0.0,165.22620728719997,-165.22620728719997,zerodha_equity_intraday_nse_order_formula_v2_2026_07_14
P455_contiguous_cross_asset_target_only_l1_l5,2026-05-26,ICICIBANK,target_only,2026-05-26,short,-1,-0.36835642869671986,-0.36835642869671986,-0.3679369250985545,0,1,0,21,261,1401.6,1401.6,71,-0.0,165.26043888640004,-165.26043888640004,zerodha_equity_intraday_nse_order_formula_v2_2026_07_14
P455_contiguous_cross_asset_target_only_l1_l5,2026-05-27,ICICIBANK,target_only,2026-05-27,short,-1,-0.3614583333333333,-0.3614583333333333,-0.3612040133779264,0,1,0,21,261,1371.1999999999998,1371.1999999999998,72,-0.0,165.0954228736,-165.0954228736,zerodha_equity_intraday_nse_order_formula_v2_2026_07_14
P455_contiguous_cross_asset_target_only_l1_l5,2026-05-28,ICICIBANK,target_only,2026-05-28,short,-1,-0.37269609944277754,-0.37269609944277754,-0.3723916532905297,0,1,0,21,261,1401.9,1401.9,71,-0.0,165.2649038776,-165.2649038776,zerodha_equity_intraday_nse_order_formula_v2_2026_07_14
P455_contiguous_cross_asset_target_only_l1_l5,2026-05-29,ICICIBANK,target_only,2026-05-29,short,-1,-0.3647039364869335,-0.3647039364869335,-0.3643122676579926,0,1,0,21,261,1407.1,1407.1,71,-0.0,165.3422970584,-165.3422970584,zerodha_equity_intraday_nse_order_formula_v2_2026_07_14
P455_contiguous_cross_asset_target_only_l1_l5,2026-06-01,ICICIBANK,target_only,2026-06-01,short,-1,-0.3646882365545318,-0.3646882365545318,-0.36276083467094705,0,1,0,21,261,1403.5,1403.5,71,-0.0,165.28871716400002,-165.28871716400002,zerodha_equity_intraday_nse_order_formula_v2_2026_07_14
P455_contiguous_cross_asset_target_only_l1_l5,2026-06-02,ICICIBANK,target_only,2026-06-02,short,-1,-0.37987650856020205,-0.37987650856020205,-0.38065194532071506,0,1,0,21,261,1374.1999999999998,1374.1999999999998,72,-0.0,165.1407016576,-165.1407016576,zerodha_equity_intraday_nse_order_formula_v2_2026_07_14
P455_contiguous_cross_asset_target_only_l1_l5,2026-06-03,ICICIBANK,target_only,2026-06-03,short,-1,-0.37113594040968345,-0.37113594040968345,-0.37099023709902373,0,1,0,21,261,1404.8,1404.8,71,-0.0,165.30806545919998,-165.30806545919998,zerodha_equity_intraday_nse_order_formula_v2_2026_07_14
P455_contiguous_cross_asset_target_only_l1_l5,2026-06-04,ICICIBANK,target_only,2026-06-04,short,-1,-0.366846105129829,-0.366846105129829,-0.365361803084223,0,1,0,21,261,1405.3000000000002,1405.3000000000002,71,-0.0,165.31550711120002,-165.31550711120002,zerodha_equity_intraday_nse_order_formula_v2_2026_07_14
P455_contiguous_cross_asset_target_only_l1_l5,2026-06-05,ICICIBANK,target_only,2026-06-05,short,-1,-0.3603048483865737,-0.3603048483865737,-0.3596597812879708,0,1,0,21,261,1406.0,1406.0,71,-0.0,165.325925424,-165.325925424,zerodha_equity_intraday_nse_order_formula_v2_2026_07_14
P455_contiguous_cross_asset_target_only_l1_l5,2026-06-08,ICICIBANK,target_only,2026-06-08,short,-1,-0.3716765140324963,-0.3716765140324963,-0.3706777316735823,0,1,0,21,261,1402.9,1402.9,71,-0.0,165.27978718159997,-165.27978718159997,zerodha_equity_intraday_nse_order_formula_v2_2026_07_14
P455_contiguous_cross_asset_target_only_l1_l5,2026-06-09,ICICIBANK,target_only,2026-06-09,short,-1,-0.37305509793153946,-0.37305509793153946,-0.3731138545953361,0,1,0,21,261,1408.1999999999998,1408.1999999999998,71,-0.0,165.3586686928,-165.3586686928,zerodha_equity_intraday_nse_order_formula_v2_2026_07_14
P455_contiguous_cross_asset_target_only_l1_l5,2026-06-10,ICICIBANK,target_only,2026-06-10,short,-1,-0.385375202712664,-0.385375202712664,-0.38453038674033146,0,1,0,21,261,1399.1,1399.1,71,-0.0,165.22323062639998,-165.22323062639998,zerodha_equity_intraday_nse_order_formula_v2_2026_07_14
P455_contiguous_cross_asset_target_only_l1_l5,2026-06-11,ICICIBANK,target_only,2026-06-11,short,-1,-0.37095363079615046,-0.37095363079615046,-0.36959370904325034,0,1,0,21,261,1406.1,1406.1,71,-0.0,165.32741375439997,-165.32741375439997,zerodha_equity_intraday_nse_order_formula_v2_2026_07_14
P455_contiguous_cross_asset_target_only_l1_l5,2026-06-12,ICICIBANK,target_only,2026-06-12,short,-1,-0.4171249762943296,-0.4171249762943296,-0.417910447761194,0,1,0,21,261,1384.9,1384.9,72,-0.0,165.30219598719998,-165.30219598719998,zerodha_equity_intraday_nse_order_formula_v2_2026_07_14
P455_contiguous_cross_asset_target_only_l1_l5,2026-06-15,ICICIBANK,target_only,2026-06-15,short,-1,-0.37588538312942693,-0.37588538312942693,-0.376357056694813,0,1,0,21,261,1401.6,1401.6,71,-0.0,165.26043888640004,-165.26043888640004,zerodha_equity_intraday_nse_order_formula_v2_2026_07_14
P455_contiguous_cross_asset_target_only_l1_l5,2026-06-16,ICICIBANK,target_only,2026-06-16,short,-1,-0.3629019729687743,-0.3629019729687743,-0.36321303841676367,0,1,0,21,261,1408.5,1408.5,70,-0.0,165.06787828,-165.06787828,zerodha_equity_intraday_nse_order_formula_v2_2026_07_14
P455_contiguous_cross_asset_target_only_l1_l5,2026-06-17,ICICIBANK,target_only,2026-06-17,short,-1,-0.37208800690250216,-0.37208800690250216,-0.3715670436187399,0,1,0,21,261,1402.3000000000002,1402.3000000000002,71,-0.0,165.2708571992,-165.2708571992,zerodha_equity_intraday_nse_order_formula_v2_2026_07_14
P455_contiguous_cross_asset_target_only_l1_l5,2026-06-18,ICICIBANK,target_only,2026-06-18,short,-1,-0.35825892857142855,-0.35825892857142855,-0.35842293906810035,0,1,0,21,261,1410.3,1410.3,70,-0.0,165.094290904,-165.094290904,zerodha_equity_intraday_nse_order_formula_v2_2026_07_14
P455_contiguous_cross_asset_target_only_l1_l5,2026-06-19,ICICIBANK,target_only,2026-06-19,short,-1,-0.3651028806584362,-0.3651028806584362,-0.3649815043156597,0,1,0,21,261,1406.6,1406.6,71,-0.0,165.3348554064,-165.3348554064,zerodha_equity_intraday_nse_order_formula_v2_2026_07_14
P455_contiguous_cross_asset_target_only_l1_l5,2026-06-22,ICICIBANK,target_only,2026-06-22,short,-1,-0.39173340961098396,-0.39173340961098396,-0.39013933547695606,0,1,0,21,261,1396.5,1396.5,71,-0.0,165.184534036,-165.184534036,zerodha_equity_intraday_nse_order_formula_v2_2026_07_14
P455_contiguous_cross_asset_target_only_l1_l5,2026-06-23,ICICIBANK,target_only,2026-06-23,short,-1,-0.344484412470024,-0.344484412470024,-0.3450134770889488,0,1,0,21,261,1415.1999999999998,1415.1999999999998,70,-0.0,165.166191936,-165.166191936,zerodha_equity_intraday_nse_order_formula_v2_2026_07_14
P455_contiguous_cross_asset_target_only_l1_l5,2026-06-24,ICICIBANK,target_only,2026-06-24,short,-1,-0.3595399401291949,-0.3595399401291949,-0.358913813459268,0,1,0,21,261,1406.4,1406.4,71,-0.0,165.3318787456,-165.3318787456,zerodha_equity_intraday_nse_order_formula_v2_2026_07_14
P455_contiguous_cross_asset_target_only_l1_l5,2026-06-25,ICICIBANK,target_only,2026-06-25,short,-1,-0.3720142027114267,-0.3720142027114267,-0.3724304715840387,0,1,0,21,261,1410.7,1410.7,70,-0.0,165.100160376,-165.100160376,zerodha_equity_intraday_nse_order_formula_v2_2026_07_14
P455_contiguous_cross_asset_target_only_l1_l5,2026-06-26,ICICIBANK,target_only,2026-06-26,short,-1,-0.38803749442047314,-0.38803749442047314,-0.3879598662207358,0,1,0,21,261,1396.6,1396.6,71,-0.0,165.18602236639998,-165.18602236639998,zerodha_equity_intraday_nse_order_formula_v2_2026_07_14
P455_contiguous_cross_asset_target_only_l1_l5,2026-06-29,ICICIBANK,target_only,2026-06-29,short,-1,-0.3618683510638298,-0.3618683510638298,-0.36114570361145704,0,1,0,21,261,1405.3000000000002,1405.3000000000002,71,-0.0,165.31550711120002,-165.31550711120002,zerodha_equity_intraday_nse_order_formula_v2_2026_07_14
P455_contiguous_cross_asset_target_only_l1_l5,2026-06-30,ICICIBANK,target_only,2026-06-30,short,-1,-0.31743232519178205,-0.31743232519178205,-0.3172504957038995,0,1,0,21,261,1422.0,1422.0,70,-0.0,165.26597295999997,-165.26597295999997,zerodha_equity_intraday_nse_order_formula_v2_2026_07_14
P455_contiguous_cross_asset_target_only_l1_l5,2026-01-01,INFY,target_only,2026-01-01,short,-1,-0.179210875331565,-0.179210875331565,-0.17888198757763976,0,1,0,21,261,1101.6999999999998,1101.6999999999998,90,-0.0,165.184848472,-165.184848472,zerodha_equity_intraday_nse_order_formula_v2_2026_07_14
P455_contiguous_cross_asset_target_only_l1_l5,2026-01-02,INFY,target_only,2026-01-02,short,-1,-0.20766409510560263,-0.20766409510560263,-0.20853080568720378,0,1,0,21,261,1093.9,1093.9,91,-0.0,165.26700011759996,-165.26700011759996,zerodha_equity_intraday_nse_order_formula_v2_2026_07_14
P455_contiguous_cross_asset_target_only_l1_l5,2026-01-05,INFY,target_only,2026-01-05,short,-1,-0.18759655705142353,-0.18759655705142353,-0.1884297520661157,0,1,0,21,261,1100.5,1100.5,90,-0.0,165.16220907999997,-165.16220907999997,zerodha_equity_intraday_nse_order_formula_v2_2026_07_14
P455_contiguous_cross_asset_target_only_l1_l5,2026-01-06,INFY,target_only,2026-01-06,short,-1,-0.18632834690399547,-0.18632834690399547,-0.18723404255319148,0,1,0,21,261,1103.5,1103.5,90,-0.0,165.21880756,-165.21880756,zerodha_equity_intraday_nse_order_formula_v2_2026_07_14
P455_contiguous_cross_asset_target_only_l1_l5,2026-01-07,INFY,target_only,2026-01-07,short,-1,-0.22375025095362377,-0.22375025095362377,-0.22422874341610233,0,1,0,21,261,1092.4,1092.4,91,-0.0,165.23838644160003,-165.23838644160003,zerodha_equity_intraday_nse_order_formula_v2_2026_07_14
P455_contiguous_cross_asset_target_only_l1_l5,2026-01-08,INFY,target_only,2026-01-08,short,-1,-0.19188136608747752,-0.19188136608747752,-0.19079685746352412,0,1,0,21,261,1071.4,1071.4,93,-0.0,165.2869772848,-165.2869772848,zerodha_equity_intraday_nse_order_formula_v2_2026_07_14
P455_contiguous_cross_asset_target_only_l1_l5,2026-01-09,INFY,target_only,2026-01-09,short,-1,-0.1897784754927612,-0.1897784754927612,-0.18823529411764706,0,1,0,21,261,1101.0,1101.0,90,-0.0,165.17164215999998,-165.17164215999998,zerodha_equity_intraday_nse_order_formula_v2_2026_07_14
P455_contiguous_cross_asset_target_only_l1_l5,2026-01-12,INFY,target_only,2026-01-12,short,-1,-0.17324156454591239,-0.17324156454591239,-0.17358490566037735,0,1,0,21,261,1104.0,1104.0,90,-0.0,165.22824064000002,-165.22824064000002,zerodha_equity_intraday_nse_order_formula_v2_2026_07_14
P455_contiguous_cross_asset_target_only_l1_l5,2026-01-13,INFY,target_only,2026-01-13,short,-1,-0.19330065359477125,-0.19330065359477125,-0.193390452876377,0,1,0,21,261,1101.1,1101.1,90,-0.0,165.173528776,-165.173528776,zerodha_equity_intraday_nse_order_formula_v2_2026_07_14
P455_contiguous_cross_asset_target_only_l1_l5,2026-01-14,INFY,target_only,2026-01-14,short,-1,-0.17175631685010076,-0.17175631685010076,-0.1718931475029036,0,1,0,21,261,1107.6,1107.6,90,-0.0,165.296158816,-165.296158816,zerodha_equity_intraday_nse_order_formula_v2_2026_07_14
P455_contiguous_cross_asset_target_only_l1_l5,2026-01-15,INFY,target_only,2026-01-15,short,-1,-0.18796867188801866,-0.18796867188801866,-0.18726591760299627,0,1,0,21,261,1109.1,1109.1,90,-0.0,165.32445805599997,-165.32445805599997,zerodha_equity_intraday_nse_order_formula_v2_2026_07_14
P455_contiguous_cross_asset_target_only_l1_l5,2026-01-16,INFY,target_only,2026-01-16,short,-1,-0.1923504205681638,-0.1923504205681638,-0.19262782401902498,0,1,0,21,261,1113.1999999999998,1113.1999999999998,89,-0.0,165.16845587519998,-165.16845587519998,zerodha_equity_intraday_nse_order_formula_v2_2026_07_14
P455_contiguous_cross_asset_target_only_l1_l5,2026-01-19,INFY,target_only,2026-01-19,short,-1,-0.18399482312338222,-0.18399482312338222,-0.1841680129240711,0,1,0,21,261,1101.6999999999998,1101.6999999999998,90,-0.0,165.184848472,-165.184848472,zerodha_equity_intraday_nse_order_formula_v2_2026_07_14
P455_contiguous_cross_asset_target_only_l1_l5,2026-01-20,INFY,target_only,2026-01-20,short,-1,-0.1800032200933827,-0.1800032200933827,-0.17852834740651388,0,1,0,21,261,1102.6,1102.6,90,-0.0,165.20182801599998,-165.20182801599998,zerodha_equity_intraday_nse_order_formula_v2_2026_07_14
P455_contiguous_cross_asset_target_only_l1_l5,2026-01-21,INFY,target_only,2026-01-21,short,-1,-0.18835736897643335,-0.18835736897643335,-0.18972332015810275,0,1,0,21,261,1100.9,1100.9,90,-0.0,165.169755544,-165.169755544,zerodha_equity_intraday_nse_order_formula_v2_2026_07_14
P455_contiguous_cross_asset_target_only_l1_l5,2026-01-22,INFY,target_only,2026-01-22,short,-1,-0.18880793675399163,-0.18880793675399163,-0.18815331010452963,0,1,0,21,261,1072.1999999999998,1072.1999999999998,93,-0.0,165.3025733104,-165.3025733104,zerodha_equity_intraday_nse_order_formula_v2_2026_07_14
P455_contiguous_cross_asset_target_only_l1_l5,2026-01-23,INFY,target_only,2026-01-23,short,-1,-0.18399482312338222,-0.18399482312338222,-0.1841680129240711,0,1,0,21,261,1101.8000000000002,1101.8000000000002,90,-0.0,165.18673508800003,-165.18673508800003,zerodha_equity_intraday_nse_order_formula_v2_2026_07_14
P455_contiguous_cross_asset_target_only_l1_l5,2026-01-26,INFY,target_only,2026-01-26,short,-1,-0.17817548305353184,-0.17817548305353184,-0.17793594306049823,0,1,0,21,261,1104.5,1104.5,90,-0.0,165.23767371999998,-165.23767371999998,zerodha_equity_intraday_nse_order_formula_v2_2026_07_14
P455_contiguous_cross_asset_target_only_l1_l5,2026-01-27,INFY,target_only,2026-01-27,short,-1,-0.18122860745811564,-0.18122860745811564,-0.18083670715249664,0,1,0,21,261,1110.0,1110.0,90,-0.0,165.34143759999998,-165.34143759999998,zerodha_equity_intraday_nse_order_formula_v2_2026_07_14
P455_contiguous_cross_asset_target_only_l1_l5,2026-01-28,INFY,target_only,2026-01-28,short,-1,-0.19765807962529275,-0.19765807962529275,-0.19649122807017544,0,1,0,21,261,1099.1,1099.1,90,-0.0,165.13579645599998,-165.13579645599998,zerodha_equity_intraday_nse_order_formula_v2_2026_07_14
P455_contiguous_cross_asset_target_only_l1_l5,2026-01-29,INFY,target_only,2026-01-29,short,-1,-0.17250041869033664,-0.17250041869033664,-0.17314930991217065,0,1,0,21,261,1105.0,1105.0,90,-0.0,165.24710679999998,-165.24710679999998,zerodha_equity_intraday_nse_order_formula_v2_2026_07_14
P455_contiguous_cross_asset_target_only_l1_l5,2026-01-30,INFY,target_only,2026-01-30,short,-1,-0.18773333333333334,-0.18773333333333334,-0.18908122503328895,0,1,0,21,261,1102.6999999999998,1102.6999999999998,90,-0.0,165.20371463200001,-165.20371463200001,zerodha_equity_intraday_nse_order_formula_v2_2026_07_14
P455_contiguous_cross_asset_target_only_l1_l5,2026-02-02,INFY,target_only,2026-02-02,short,-1,-0.16731575793888556,-0.16731575793888556,-0.16610549943883277,0,1,0,21,261,1107.4,1107.4,90,-0.0,165.292385584,-165.292385584,zerodha_equity_intraday_nse_order_formula_v2_2026_07_14
P455_contiguous_cross_asset_target_only_l1_l5,2026-02-03,INFY,target_only,2026-02-03,short,-1,-0.18279766252739227,-0.18279766252739227,-0.18331053351573187,0,1,0,21,261,1102.1,1102.1,90,-0.0,165.19239493599997,-165.19239493599997,zerodha_equity_intraday_nse_order_formula_v2_2026_07_14
P455_contiguous_cross_asset_target_only_l1_l5,2026-02-04,INFY,target_only,2026-02-04,short,-1,-0.20024288220213196,-0.20024288220213196,-0.20020222446916078,0,1,0,21,261,1100.1999999999998,1100.1999999999998,90,-0.0,165.15654923200003,-165.15654923200003,zerodha_equity_intraday_nse_order_formula_v2_2026_07_14
P455_contiguous_cross_asset_target_only_l1_l5,2026-02-05,INFY,target_only,2026-02-05,short,-1,-0.19503205128205128,-0.19503205128205128,-0.19447779111644659,0,1,0,21,261,1098.6999999999998,1098.6999999999998,91,-0.0,165.35856388079998,-165.35856388079998,zerodha_equity_intraday_nse_order_formula_v2_2026_07_14
P455_contiguous_cross_asset_target_only_l1_l5,2026-02-06,INFY,target_only,2026-02-06,short,-1,-0.19601711652402898,-0.19601711652402898,-0.19728729963008632,0,1,0,21,261,1099.5,1099.5,90,-0.0,165.14334292,-165.14334292,zerodha_equity_intraday_nse_order_formula_v2_2026_07_14
P455_contiguous_cross_asset_target_only_l1_l5,2026-02-09,INFY,target_only,2026-02-09,short,-1,-0.1935344827586207,-0.1935344827586207,-0.193756727664155,0,1,0,21,261,1101.1999999999998,1101.1999999999998,90,-0.0,165.175415392,-165.175415392,zerodha_equity_intraday_nse_order_formula_v2_2026_07_14
P455_contiguous_cross_asset_target_only_l1_l5,2026-02-10,INFY,target_only,2026-02-10,short,-1,-0.17151252706464584,-0.17151252706464584,-0.17149478563151796,0,1,0,21,261,1105.1,1105.1,90,-0.0,165.24899341600002,-165.24899341600002,zerodha_equity_intraday_nse_order_formula_v2_2026_07_14
P455_contiguous_cross_asset_target_only_l1_l5,2026-02-11,INFY,target_only,2026-02-11,short,-1,-0.19214419316442782,-0.19214419316442782,-0.1910828025477707,0,1,0,21,261,1100.5,1100.5,90,-0.0,165.16220907999997,-165.16220907999997,zerodha_equity_intraday_nse_order_formula_v2_2026_07_14
P455_contiguous_cross_asset_target_only_l1_l5,2026-02-12,INFY,target_only,2026-02-12,short,-1,-0.18759655705142353,-0.18759655705142353,-0.1884297520661157,0,1,0,21,261,1101.5,1101.5,90,-0.0,165.18107523999998,-165.18107523999998,zerodha_equity_intraday_nse_order_formula_v2_2026_07_14
P455_contiguous_cross_asset_target_only_l1_l5,2026-02-13,INFY,target_only,2026-02-13,short,-1,-0.20138626339004412,-0.20138626339004412,-0.20018885741265344,0,1,0,21,261,1095.7,1095.7,91,-0.0,165.3013365288,-165.3013365288,zerodha_equity_intraday_nse_order_formula_v2_2026_07_14
P455_contiguous_cross_asset_target_only_l1_l5,2026-02-16,INFY,target_only,2026-02-16,short,-1,-0.19192700278379216,-0.19192700278379216,-0.19235225955967555,0,1,0,21,261,1098.6,1098.6,91,-0.0,165.35665630239998,-165.35665630239998,zerodha_equity_intraday_nse_order_formula_v2_2026_07_14
P455_contiguous_cross_asset_target_only_l1_l5,2026-02-17,INFY,target_only,2026-02-17,short,-1,-0.1940456400181351,-0.1940456400181351,-0.19252548131370328,0,1,0,21,261,1101.6999999999998,1101.6999999999998,90,-0.0,165.184848472,-165.184848472,zerodha_equity_intraday_nse_order_formula_v2_2026_07_14
P455_contiguous_cross_asset_target_only_l1_l5,2026-02-18,INFY,target_only,2026-02-18,short,-1,-0.19135669748441195,-0.19135669748441195,-0.19001610305958133,0,1,0,21,261,1104.1,1104.1,90,-0.0,165.230127256,-165.230127256,zerodha_equity_intraday_nse_order_formula_v2_2026_07_14
P455_contiguous_cross_asset_target_only_l1_l5,2026-02-19,INFY,target_only,2026-02-19,short,-1,-0.20261351636747624,-0.20261351636747624,-0.20178041543026706,0,1,0,21,261,1099.1999999999998,1099.1999999999998,90,-0.0,165.13768307200002,-165.13768307200002,zerodha_equity_intraday_nse_order_formula_v2_2026_07_14
P455_contiguous_cross_asset_target_only_l1_l5,2026-02-20,INFY,target_only,2026-02-20,short,-1,-0.1805880387570999,-0.1805880387570999,-0.1802252816020025,0,1,0,21,261,1103.6999999999998,1103.6999999999998,90,-0.0,165.222580792,-165.222580792,zerodha_equity_intraday_nse_order_formula_v2_2026_07_14
P455_contiguous_cross_asset_target_only_l1_l5,2026-02-23,INFY,target_only,2026-02-23,short,-1,-0.19433578469723048,-0.19433578469723048,-0.19460726846424384,0,1,0,21,261,1102.0,1102.0,90,-0.0,165.19050832,-165.19050832,zerodha_equity_intraday_nse_order_formula_v2_2026_07_14
P455_contiguous_cross_asset_target_only_l1_l5,2026-02-24,INFY,target_only,2026-02-24,short,-1,-0.18971130887779467,-0.18971130887779467,-0.1886178861788618,0,1,0,21,261,1099.2,1099.2,90,-0.0,165.13768307200002,-165.13768307200002,zerodha_equity_intraday_nse_order_formula_v2_2026_07_14
P455_contiguous_cross_asset_target_only_l1_l5,2026-02-25,INFY,target_only,2026-02-25,short,-1,-0.18959451953341974,-0.18959451953341974,-0.18862690707350901,0,1,0,21,261,1099.0,1099.0,90,-0.0,165.13390983999997,-165.13390983999997,zerodha_equity_intraday_nse_order_formula_v2_2026_07_14
P455_contiguous_cross_asset_target_only_l1_l5,2026-02-26,INFY,target_only,2026-02-26,short,-1,-0.1993708807669263,-0.1993708807669263,-0.19977553310886645,0,1,0,21,261,1098.6,1098.6,91,-0.0,165.35665630239998,-165.35665630239998,zerodha_equity_intraday_nse_order_formula_v2_2026_07_14
P455_contiguous_cross_asset_target_only_l1_l5,2026-02-27,INFY,target_only,2026-02-27,short,-1,-0.20151042915368017,-0.20151042915368017,-0.20125786163522014,0,1,0,21,261,1099.8,1099.8,90,-0.0,165.14900276799997,-165.14900276799997,zerodha_equity_intraday_nse_order_formula_v2_2026_07_14
P455_contiguous_cross_asset_target_only_l1_l5,2026-03-02,INFY,target_only,2026-03-02,short,-1,-0.19769143228743294,-0.19769143228743294,-0.19732034104750304,0,1,0,21,261,1098.6999999999998,1098.6999999999998,91,-0.0,165.35856388079998,-165.35856388079998,zerodha_equity_intraday_nse_order_formula_v2_2026_07_14
P455_contiguous_cross_asset_target_only_l1_l5,2026-03-03,INFY,target_only,2026-03-03,short,-1,-0.16789617486338798,-0.16789617486338798,-0.16786079836233367,0,1,0,21,261,1093.0,1093.0,91,-0.0,165.24983191200002,-165.24983191200002,zerodha_equity_intraday_nse_order_formula_v2_2026_07_14
P455_contiguous_cross_asset_target_only_l1_l5,2026-03-04,INFY,target_only,2026-03-04,short,-1,-0.18559058977291293,-0.18559058977291293,-0.18604651162790697,0,1,0,21,261,1113.9,1113.9,89,-0.0,165.18151545039998,-165.18151545039998,zerodha_equity_intraday_nse_order_formula_v2_2026_07_14
P455_contiguous_cross_asset_target_only_l1_l5,2026-03-05,INFY,target_only,2026-03-05,short,-1,-0.18404907975460122,-0.18404907975460122,-0.18385093167701863,0,1,0,21,261,1105.0,1105.0,90,-0.0,165.24710679999998,-165.24710679999998,zerodha_equity_intraday_nse_order_formula_v2_2026_07_14
P455_contiguous_cross_asset_target_only_l1_l5,2026-03-06,INFY,target_only,2026-03-06,short,-1,-0.1866988387875132,-0.1866988387875132,-0.18757062146892656,0,1,0,21,261,1101.9,1101.9,90,-0.0,165.18862170399998,-165.18862170399998,zerodha_equity_intraday_nse_order_formula_v2_2026_07_14
P455_contiguous_cross_asset_target_only_l1_l5,2026-03-09,INFY,target_only,2026-03-09,short,-1,-0.17745339430179388,-0.17745339430179388,-0.17654808959156784,0,1,0,21,261,1105.8000000000002,1105.8000000000002,90,-0.0,165.26219972799998,-165.26219972799998,zerodha_equity_intraday_nse_order_formula_v2_2026_07_14
P455_contiguous_cross_asset_target_only_l1_l5,2026-03-10,INFY,target_only,2026-03-10,short,-1,-0.18932633420822398,-0.18932633420822398,-0.18872870249017037,0,1,0,21,261,1102.3000000000002,1102.3000000000002,90,-0.0,165.19616816799999,-165.19616816799999,zerodha_equity_intraday_nse_order_formula_v2_2026_07_14
P455_contiguous_cross_asset_target_only_l1_l5,2026-03-11,INFY,target_only,2026-03-11,short,-1,-0.18451828475960647,-0.18451828475960647,-0.1835883171070932,0,1,0,21,261,1101.4,1101.4,90,-0.0,165.179188624,-165.179188624,zerodha_equity_intraday_nse_order_formula_v2_2026_07_14
P455_contiguous_cross_asset_target_only_l1_l5,2026-03-12,INFY,target_only,2026-03-12,short,-1,-0.18475974761365474,-0.18475974761365474,-0.18424242424242424,0,1,0,21,261,1115.5,1115.5,89,-0.0,165.21136590800003,-165.21136590800003,zerodha_equity_intraday_nse_order_formula_v2_2026_07_14
P455_contiguous_cross_asset_target_only_l1_l5,2026-03-13,INFY,target_only,2026-03-13,short,-1,-0.17561452855570503,-0.17561452855570503,-0.1759853345554537,0,1,0,21,261,1123.0,1123.0,89,-0.0,165.35128992800003,-165.35128992800003,zerodha_equity_intraday_nse_order_formula_v2_2026_07_14
P455_contiguous_cross_asset_target_only_l1_l5,2026-03-16,INFY,target_only,2026-03-16,short,-1,-0.1872924507416427,-0.1872924507416427,-0.1857379767827529,0,1,0,21,261,1102.9,1102.9,90,-0.0,165.20748786399997,-165.20748786399997,zerodha_equity_intraday_nse_order_formula_v2_2026_07_14
P455_contiguous_cross_asset_target_only_l1_l5,2026-03-17,INFY,target_only,2026-03-17,short,-1,-0.18950709484690068,-0.18950709484690068,-0.1902097902097902,0,1,0,21,261,1100.0,1100.0,90,-0.0,165.15277599999996,-165.15277599999996,zerodha_equity_intraday_nse_order_formula_v2_2026_07_14
P455_contiguous_cross_asset_target_only_l1_l5,2026-03-18,INFY,target_only,2026-03-18,short,-1,-0.197882312098594,-0.197882312098594,-0.1976592977893368,0,1,0,21,261,1101.0,1101.0,90,-0.0,165.17164215999998,-165.17164215999998,zerodha_equity_intraday_nse_order_formula_v2_2026_07_14
P455_contiguous_cross_asset_target_only_l1_l5,2026-03-19,INFY,target_only,2026-03-19,short,-1,-0.20373739044154127,-0.20373739044154127,-0.20322180916976457,0,1,0,21,261,1098.6999999999998,1098.6999999999998,91,-0.0,165.35856388079998,-165.35856388079998,zerodha_equity_intraday_nse_order_formula_v2_2026_07_14
P455_contiguous_cross_asset_target_only_l1_l5,2026-03-20,INFY,target_only,2026-03-20,short,-1,-0.19346447732076086,-0.19346447732076086,-0.19488428745432398,0,1,0,21,261,1098.1999999999998,1098.1999999999998,91,-0.0,165.3490259888,-165.3490259888,zerodha_equity_intraday_nse_order_formula_v2_2026_07_14
P455_contiguous_cross_asset_target_only_l1_l5,2026-03-23,INFY,target_only,2026-03-23,short,-1,-0.19037246787192333,-0.19037246787192333,-0.18923327895595432,0,1,0,21,261,1103.5,1103.5,90,-0.0,165.21880756,-165.21880756,zerodha_equity_intraday_nse_order_formula_v2_2026_07_14
P455_contiguous_cross_asset_target_only_l1_l5,2026-03-24,INFY,target_only,2026-03-24,short,-1,-0.19306211405739193,-0.19306211405739193,-0.19319727891156463,0,1,0,21,261,1100.8000000000002,1100.8000000000002,90,-0.0,165.167868928,-165.167868928,zerodha_equity_intraday_nse_order_formula_v2_2026_07_14
P455_contiguous_cross_asset_target_only_l1_l5,2026-03-25,INFY,target_only,2026-03-25,short,-1,-0.18773333333333334,-0.18773333333333334,-0.18908122503328895,0,1,0,21,261,1099.8000000000002,1099.8000000000002,90,-0.0,165.149002768,-165.149002768,zerodha_equity_intraday_nse_order_formula_v2_2026_07_14
P455_contiguous_cross_asset_target_only_l1_l5,2026-03-26,INFY,target_only,2026-03-26,short,-1,-0.1934185946256646,-0.1934185946256646,-0.193756727664155,0,1,0,21,261,1098.3000000000002,1098.3000000000002,91,-0.0,165.35093356720003,-165.35093356720003,zerodha_equity_intraday_nse_order_formula_v2_2026_07_14
P455_contiguous_cross_asset_target_only_l1_l5,2026-03-27,INFY,target_only,2026-03-27,short,-1,-0.1864555848724714,-0.1864555848724714,-0.18708827404479578,0,1,0,21,261,1103.6999999999998,1103.6999999999998,90,-0.0,165.222580792,-165.222580792,zerodha_equity_intraday_nse_order_formula_v2_2026_07_14
P455_contiguous_cross_asset_target_only_l1_l5,2026-03-30,INFY,target_only,2026-03-30,short,-1,-0.169971301852335,-0.169971301852335,-0.17008797653958943,0,1,0,21,261,1108.5,1108.5,90,-0.0,165.31313835999998,-165.31313835999998,zerodha_equity_intraday_nse_order_formula_v2_2026_07_14
P455_contiguous_cross_asset_target_only_l1_l5,2026-03-31,INFY,target_only,2026-03-31,short,-1,-0.18321654418048197,-0.18321654418048197,-0.18437900128040974,0,1,0,21,261,1102.8000000000002,1102.8000000000002,90,-0.0,165.205601248,-165.205601248,zerodha_equity_intraday_nse_order_formula_v2_2026_07_14
P455_contiguous_cross_asset_target_only_l1_l5,2026-04-01,INFY,target_only,2026-04-01,short,-1,-0.16662442980233147,-0.16662442980233147,-0.1671415004748338,0,1,0,21,261,1108.1,1108.1,90,-0.0,165.305591896,-165.305591896,zerodha_equity_intraday_nse_order_formula_v2_2026_07_14
P455_contiguous_cross_asset_target_only_l1_l5,2026-04-02,INFY,target_only,2026-04-02,short,-1,-0.18850574712643678,-0.18850574712643678,-0.1884498480243161,0,1,0,21,261,1102.4,1102.4,90,-0.0,165.19805478399996,-165.19805478399996,zerodha_equity_intraday_nse_order_formula_v2_2026_07_14
P455_contiguous_cross_asset_target_only_l1_l5,2026-04-03,INFY,target_only,2026-04-03,short,-1,-0.18752221827230714,-0.18752221827230714,-0.18641810918774968,0,1,0,21,261,1100.1999999999998,1100.1999999999998,90,-0.0,165.15654923200003,-165.15654923200003,zerodha_equity_intraday_nse_order_formula_v2_2026_07_14
P455_contiguous_cross_asset_target_only_l1_l5,2026-04-06,INFY,target_only,2026-04-06,short,-1,-0.18741721854304635,-0.18741721854304635,-0.1884297520661157,0,1,0,21,261,1103.3,1103.3,90,-0.0,165.21503432799997,-165.21503432799997,zerodha_equity_intraday_nse_order_formula_v2_2026_07_14
P455_contiguous_cross_asset_target_only_l1_l5,2026-04-07,INFY,target_only,2026-04-07,short,-1,-0.2021441889372281,-0.2021441889372281,-0.20256111757857975,0,1,0,21,261,1099.1999999999998,1099.1999999999998,90,-0.0,165.13768307200002,-165.13768307200002,zerodha_equity_intraday_nse_order_formula_v2_2026_07_14
P455_contiguous_cross_asset_target_only_l1_l5,2026-04-08,INFY,target_only,2026-04-08,short,-1,-0.18971130887779467,-0.18971130887779467,-0.1886178861788618,0,1,0,21,261,1102.3000000000002,1102.3000000000002,90,-0.0,165.19616816799999,-165.19616816799999,zerodha_equity_intraday_nse_order_formula_v2_2026_07_14
P455_contiguous_cross_asset_target_only_l1_l5,2026-04-09,INFY,target_only,2026-04-09,short,-1,-0.16976956125504492,-0.16976956125504492,-0.16975609756097562,0,1,0,21,261,1107.4,1107.4,90,-0.0,165.292385584,-165.292385584,zerodha_equity_intraday_nse_order_formula_v2_2026_07_14
P455_contiguous_cross_asset_target_only_l1_l5,2026-04-10,INFY,target_only,2026-04-10,short,-1,-0.1988845055094545,-0.1988845055094545,-0.19775739041794088,0,1,0,21,261,1101.5,1101.5,90,-0.0,165.18107523999998,-165.18107523999998,zerodha_equity_intraday_nse_order_formula_v2_2026_07_14
P455_contiguous_cross_asset_target_only_l1_l5,2026-04-13,INFY,target_only,2026-04-13,short,-1,-0.18752221827230714,-0.18752221827230714,-0.18641810918774968,0,1,0,21,261,1102.6,1102.6,90,-0.0,165.20182801599998,-165.20182801599998,zerodha_equity_intraday_nse_order_formula_v2_2026_07_14
P455_contiguous_cross_asset_target_only_l1_l5,2026-04-14,INFY,target_only,2026-04-14,short,-1,-0.19195046439628483,-0.19195046439628483,-0.19099590723055934,0,1,0,21,261,1100.6999999999998,1100.6999999999998,90,-0.0,165.16598231199998,-165.16598231199998,zerodha_equity_intraday_nse_order_formula_v2_2026_07_14
P455_contiguous_cross_asset_target_only_l1_l5,2026-04-15,INFY,target_only,2026-04-15,short,-1,-0.1902952857882922,-0.1902952857882922,-0.1888745148771022,0,1,0,21,261,1103.0,1103.0,90,-0.0,165.20937447999998,-165.20937447999998,zerodha_equity_intraday_nse_order_formula_v2_2026_07_14
P455_contiguous_cross_asset_target_only_l1_l5,2026-04-16,INFY,target_only,2026-04-16,short,-1,-0.14186369958275383,-0.14186369958275383,-0.14113873295910184,0,1,0,21,261,1115.6999999999998,1115.6999999999998,89,-0.0,165.21509721520002,-165.21509721520002,zerodha_equity_intraday_nse_order_formula_v2_2026_07_14
P455_contiguous_cross_asset_target_only_l1_l5,2026-04-17,INFY,target_only,2026-04-17,short,-1,-0.1747327790973872,-0.1747327790973872,-0.1735261401557286,0,1,0,21,261,1107.0,1107.0,90,-0.0,165.28483912000002,-165.28483912000002,zerodha_equity_intraday_nse_order_formula_v2_2026_07_14
P455_contiguous_cross_asset_target_only_l1_l5,2026-04-20,INFY,target_only,2026-04-20,short,-1,-0.16013809587040234,-0.16013809587040234,-0.15920398009950248,0,1,0,21,261,1122.6999999999998,1122.6999999999998,89,-0.0,165.3456929672,-165.3456929672,zerodha_equity_intraday_nse_order_formula_v2_2026_07_14
P455_contiguous_cross_asset_target_only_l1_l5,2026-04-21,INFY,target_only,2026-04-21,short,-1,-0.17874823196605374,-0.17874823196605374,-0.17748344370860927,0,1,0,21,261,1106.6,1106.6,90,-0.0,165.277292656,-165.277292656,zerodha_equity_intraday_nse_order_formula_v2_2026_07_14
P455_contiguous_cross_asset_target_only_l1_l5,2026-04-22,INFY,target_only,2026-04-22,short,-1,-0.1746460951169079,-0.1746460951169079,-0.17401668653158522,0,1,0,21,261,1105.1,1105.1,90,-0.0,165.24899341600002,-165.24899341600002,zerodha_equity_intraday_nse_order_formula_v2_2026_07_14
P455_contiguous_cross_asset_target_only_l1_l5,2026-04-23,INFY,target_only,2026-04-23,short,-1,-0.2028832165057532,-0.2028832165057532,-0.20218037661050545,0,1,0,21,261,1096.3000000000002,1096.3000000000002,91,-0.0,165.31278199919998,-165.31278199919998,zerodha_equity_intraday_nse_order_formula_v2_2026_07_14
P455_contiguous_cross_asset_target_only_l1_l5,2026-04-24,INFY,target_only,2026-04-24,short,-1,-0.19306211405739193,-0.19306211405739193,-0.19319727891156463,0,1,0,21,261,1102.3000000000002,1102.3000000000002,90,-0.0,165.19616816799999,-165.19616816799999,zerodha_equity_intraday_nse_order_formula_v2_2026_07_14
P455_contiguous_cross_asset_target_only_l1_l5,2026-04-27,INFY,target_only,2026-04-27,short,-1,-0.18122860745811564,-0.18122860745811564,-0.18083670715249664,0,1,0,21,261,1105.8000000000002,1105.8000000000002,90,-0.0,165.26219972799998,-165.26219972799998,zerodha_equity_intraday_nse_order_formula_v2_2026_07_14
P455_contiguous_cross_asset_target_only_l1_l5,2026-04-28,INFY,target_only,2026-04-28,short,-1,-0.17151252706464584,-0.17151252706464584,-0.17149478563151796,0,1,0,21,261,1107.6999999999998,1107.6999999999998,90,-0.0,165.298045432,-165.298045432,zerodha_equity_intraday_nse_order_formula_v2_2026_07_14
P455_contiguous_cross_asset_target_only_l1_l5,2026-04-29,INFY,target_only,2026-04-29,short,-1,-0.1821598959086309,-0.1821598959086309,-0.1820151679306609,0,1,0,21,261,1131.0,1131.0,88,-0.0,165.263457472,-165.263457472,zerodha_equity_intraday_nse_order_formula_v2_2026_07_14
P455_contiguous_cross_asset_target_only_l1_l5,2026-04-30,INFY,target_only,2026-04-30,short,-1,-0.1749457111834962,-0.1749457111834962,-0.17497456765005087,0,1,0,21,261,1106.1,1106.1,90,-0.0,165.267859576,-165.267859576,zerodha_equity_intraday_nse_order_formula_v2_2026_07_14
P455_contiguous_cross_asset_target_only_l1_l5,2026-05-01,INFY,target_only,2026-05-01,short,-1,-0.17769407140517524,-0.17769407140517524,-0.17668711656441718,0,1,0,21,261,1106.1,1106.1,90,-0.0,165.267859576,-165.267859576,zerodha_equity_intraday_nse_order_formula_v2_2026_07_14
P455_contiguous_cross_asset_target_only_l1_l5,2026-05-04,INFY,target_only,2026-05-04,short,-1,-0.17875902823374917,-0.17875902823374917,-0.1795817958179582,0,1,0,21,261,1104.5,1104.5,90,-0.0,165.23767371999998,-165.23767371999998,zerodha_equity_intraday_nse_order_formula_v2_2026_07_14
P455_contiguous_cross_asset_target_only_l1_l5,2026-05-05,INFY,target_only,2026-05-05,short,-1,-0.1942391796109184,-0.1942391796109184,-0.1943502824858757,0,1,0,21,261,1098.4,1098.4,91,-0.0,165.35284114560002,-165.35284114560002,zerodha_equity_intraday_nse_order_formula_v2_2026_07_14
P455_contiguous_cross_asset_target_only_l1_l5,2026-05-06,INFY,target_only,2026-05-06,short,-1,-0.17349019607843139,-0.17349019607843139,-0.17391304347826086,0,1,0,21,261,1107.5,1107.5,90,-0.0,165.2942722,-165.2942722,zerodha_equity_intraday_nse_order_formula_v2_2026_07_14
P455_contiguous_cross_asset_target_only_l1_l5,2026-05-07,INFY,target_only,2026-05-07,short,-1,-0.21362041853151081,-0.21362041853151081,-0.21396192203082504,0,1,0,21,261,1093.1999999999998,1093.1999999999998,91,-0.0,165.25364706879998,-165.25364706879998,zerodha_equity_intraday_nse_order_formula_v2_2026_07_14
P455_contiguous_cross_asset_target_only_l1_l5,2026-05-08,INFY,target_only,2026-05-08,short,-1,-0.19920445505171042,-0.19920445505171042,-0.19785458879618595,0,1,0,21,261,1097.6,1097.6,91,-0.0,165.33758051840002,-165.33758051840002,zerodha_equity_intraday_nse_order_formula_v2_2026_07_14
P455_contiguous_cross_asset_target_only_l1_l5,2026-05-11,INFY,target_only,2026-05-11,short,-1,-0.21076066790352505,-0.21076066790352505,-0.211306765523633,0,1,0,21,261,1097.3000000000002,1097.3000000000002,91,-0.0,165.33185778319998,-165.33185778319998,zerodha_equity_intraday_nse_order_formula_v2_2026_07_14
P455_contiguous_cross_asset_target_only_l1_l5,2026-05-12,INFY,target_only,2026-05-12,short,-1,-0.18382827630729504,-0.18382827630729504,-0.1837968561064087,0,1,0,21,261,1116.9,1116.9,89,-0.0,165.2374850584,-165.2374850584,zerodha_equity_intraday_nse_order_formula_v2_2026_07_14
P455_contiguous_cross_asset_target_only_l1_l5,2026-05-13,INFY,target_only,2026-05-13,short,-1,-0.1991948710302669,-0.1991948710302669,-0.19888268156424582,0,1,0,21,261,1106.4,1106.4,90,-0.0,165.27351942399997,-165.27351942399997,zerodha_equity_intraday_nse_order_formula_v2_2026_07_14
P455_contiguous_cross_asset_target_only_l1_l5,2026-05-14,INFY,target_only,2026-05-14,short,-1,-0.20979195216145508,-0.20979195216145508,-0.20915032679738563,0,1,0,21,261,1103.5,1103.5,90,-0.0,165.21880756,-165.21880756,zerodha_equity_intraday_nse_order_formula_v2_2026_07_14
P455_contiguous_cross_asset_target_only_l1_l5,2026-05-15,INFY,target_only,2026-05-15,short,-1,-0.1960853464997355,-0.1960853464997355,-0.1955085865257596,0,1,0,21,261,1101.1,1101.1,90,-0.0,165.173528776,-165.173528776,zerodha_equity_intraday_nse_order_formula_v2_2026_07_14
P455_contiguous_cross_asset_target_only_l1_l5,2026-05-18,INFY,target_only,2026-05-18,short,-1,-0.196300259899098,-0.196300259899098,-0.19473081328751432,0,1,0,21,261,1112.2,1112.2,89,-0.0,165.1497993392,-165.1497993392,zerodha_equity_intraday_nse_order_formula_v2_2026_07_14
P455_contiguous_cross_asset_target_only_l1_l5,2026-05-19,INFY,target_only,2026-05-19,short,-1,-0.18377540475370308,-0.18377540475370308,-0.1832258064516129,0,1,0,21,261,1102.0,1102.0,90,-0.0,165.19050832,-165.19050832,zerodha_equity_intraday_nse_order_formula_v2_2026_07_14
P455_contiguous_cross_asset_target_only_l1_l5,2026-05-20,INFY,target_only,2026-05-20,short,-1,-0.2029658478130617,-0.2029658478130617,-0.20202020202020202,0,1,0,21,261,1095.8000000000002,1095.8000000000002,91,-0.0,165.30324410720002,-165.30324410720002,zerodha_equity_intraday_nse_order_formula_v2_2026_07_14
P455_contiguous_cross_asset_target_only_l1_l5,2026-05-21,INFY,target_only,2026-05-21,short,-1,-0.18348287859366416,-0.18348287859366416,-0.18381344307270234,0,1,0,21,261,1103.3000000000002,1103.3000000000002,90,-0.0,165.215034328,-165.215034328,zerodha_equity_intraday_nse_order_formula_v2_2026_07_14
P455_contiguous_cross_asset_target_only_l1_l5,2026-05-22,INFY,target_only,2026-05-22,short,-1,-0.17224370083988802,-0.17224370083988802,-0.17182817182817184,0,1,0,21,261,1106.2,1106.2,90,-0.0,165.26974619199999,-165.26974619199999,zerodha_equity_intraday_nse_order_formula_v2_2026_07_14
P455_contiguous_cross_asset_target_only_l1_l5,2026-05-25,INFY,target_only,2026-05-25,short,-1,-0.1971702418986764,-0.1971702418986764,-0.1961231470923603,0,1,0,21,261,1100.3000000000002,1100.3000000000002,90,-0.0,165.15843584799998,-165.15843584799998,zerodha_equity_intraday_nse_order_formula_v2_2026_07_14
P455_contiguous_cross_asset_target_only_l1_l5,2026-05-26,INFY,target_only,2026-05-26,short,-1,-0.18164983164983164,-0.18164983164983164,-0.18158890290037832,0,1,0,21,261,1105.1,1105.1,90,-0.0,165.24899341600002,-165.24899341600002,zerodha_equity_intraday_nse_order_formula_v2_2026_07_14
P455_contiguous_cross_asset_target_only_l1_l5,2026-05-27,INFY,target_only,2026-05-27,short,-1,-0.18237926245949698,-0.18237926245949698,-0.18265895953757225,0,1,0,21,261,1097.6,1097.6,91,-0.0,165.33758051840002,-165.33758051840002,zerodha_equity_intraday_nse_order_formula_v2_2026_07_14
P455_contiguous_cross_asset_target_only_l1_l5,2026-05-28,INFY,target_only,2026-05-28,short,-1,-0.1933573090755236,-0.1933573090755236,-0.19334389857369255,0,1,0,21,261,1098.3000000000002,1098.3000000000002,91,-0.0,165.35093356720003,-165.35093356720003,zerodha_equity_intraday_nse_order_formula_v2_2026_07_14
P455_contiguous_cross_asset_target_only_l1_l5,2026-05-29,INFY,target_only,2026-05-29,short,-1,-0.18545393182585218,-0.18545393182585218,-0.1845764854614412,0,1,0,21,261,1101.3000000000002,1101.3000000000002,90,-0.0,165.17730200800003,-165.17730200800003,zerodha_equity_intraday_nse_order_formula_v2_2026_07_14
P455_contiguous_cross_asset_target_only_l1_l5,2026-06-01,INFY,target_only,2026-06-01,short,-1,-0.1828118302614659,-0.1828118302614659,-0.18298555377207062,0,1,0,21,261,1102.3000000000002,1102.3000000000002,90,-0.0,165.19616816799999,-165.19616816799999,zerodha_equity_intraday_nse_order_formula_v2_2026_07_14
P455_contiguous_cross_asset_target_only_l1_l5,2026-06-02,INFY,target_only,2026-06-02,short,-1,-0.19651598042038584,-0.19651598042038584,-0.19633225458468176,0,1,0,21,261,1081.5,1081.5,92,-0.0,165.25716875199998,-165.25716875199998,zerodha_equity_intraday_nse_order_formula_v2_2026_07_14
P455_contiguous_cross_asset_target_only_l1_l5,2026-06-03,INFY,target_only,2026-06-03,short,-1,-0.19156318480642806,-0.19156318480642806,-0.19151846785225718,0,1,0,21,261,1099.2,1099.2,90,-0.0,165.13768307200002,-165.13768307200002,zerodha_equity_intraday_nse_order_formula_v2_2026_07_14
P455_contiguous_cross_asset_target_only_l1_l5,2026-06-04,INFY,target_only,2026-06-04,short,-1,-0.18542729591836735,-0.18542729591836735,-0.18399044205495818,0,1,0,21,261,1101.1999999999998,1101.1999999999998,90,-0.0,165.175415392,-165.175415392,zerodha_equity_intraday_nse_order_formula_v2_2026_07_14
P455_contiguous_cross_asset_target_only_l1_l5,2026-06-05,INFY,target_only,2026-06-05,short,-1,-0.17632850241545894,-0.17632850241545894,-0.17611580217129072,0,1,0,21,261,1104.9,1104.9,90,-0.0,165.245220184,-165.245220184,zerodha_equity_intraday_nse_order_formula_v2_2026_07_14
P455_contiguous_cross_asset_target_only_l1_l5,2026-06-08,INFY,target_only,2026-06-08,short,-1,-0.18953639918078571,-0.18953639918078571,-0.1896792189679219,0,1,0,21,261,1101.1999999999998,1101.1999999999998,90,-0.0,165.175415392,-165.175415392,zerodha_equity_intraday_nse_order_formula_v2_2026_07_14
P455_contiguous_cross_asset_target_only_l1_l5,2026-06-09,INFY,target_only,2026-06-09,short,-1,-0.18180167090446786,-0.18180167090446786,-0.18231292517006803,0,1,0,21,261,1105.6,1105.6,90,-0.0,165.258426496,-165.258426496,zerodha_equity_intraday_nse_order_formula_v2_2026_07_14
P455_contiguous_cross_asset_target_only_l1_l5,2026-06-10,INFY,target_only,2026-06-10,short,-1,-0.206123644887196,-0.206123644887196,-0.20636663007683864,0,1,0,21,261,1097.1999999999998,1097.1999999999998,91,-0.0,165.3299502048,-165.3299502048,zerodha_equity_intraday_nse_order_formula_v2_2026_07_14
P455_contiguous_cross_asset_target_only_l1_l5,2026-06-11,INFY,target_only,2026-06-11,short,-1,-0.1842832469775475,-0.1842832469775475,-0.18369987063389392,0,1,0,21,261,1102.9,1102.9,90,-0.0,165.20748786399997,-165.20748786399997,zerodha_equity_intraday_nse_order_formula_v2_2026_07_14
P455_contiguous_cross_asset_target_only_l1_l5,2026-06-12,INFY,target_only,2026-06-12,short,-1,-0.24946023749550197,-0.24946023749550197,-0.24814565070802427,0,1,0,21,261,1083.6,1083.6,92,-0.0,165.2976681088,-165.2976681088,zerodha_equity_intraday_nse_order_formula_v2_2026_07_14
P455_contiguous_cross_asset_target_only_l1_l5,2026-06-15,INFY,target_only,2026-06-15,short,-1,-0.1927433918896733,-0.1927433918896733,-0.1918819188191882,0,1,0,21,261,1102.1999999999998,1102.1999999999998,90,-0.0,165.194281552,-165.194281552,zerodha_equity_intraday_nse_order_formula_v2_2026_07_14
P455_contiguous_cross_asset_target_only_l1_l5,2026-06-16,INFY,target_only,2026-06-16,short,-1,-0.18008079552517092,-0.18008079552517092,-0.17927823050058206,0,1,0,21,261,1104.1,1104.1,90,-0.0,165.230127256,-165.230127256,zerodha_equity_intraday_nse_order_formula_v2_2026_07_14
P455_contiguous_cross_asset_target_only_l1_l5,2026-06-17,INFY,target_only,2026-06-17,short,-1,-0.18432479374728614,-0.18432479374728614,-0.18536585365853658,0,1,0,21,261,1101.6,1101.6,90,-0.0,165.18296185600002,-165.18296185600002,zerodha_equity_intraday_nse_order_formula_v2_2026_07_14
P455_contiguous_cross_asset_target_only_l1_l5,2026-06-18,INFY,target_only,2026-06-18,short,-1,-0.1792297564186965,-0.1792297564186965,-0.18002466091245375,0,1,0,21,261,1106.2,1106.2,90,-0.0,165.26974619199999,-165.26974619199999,zerodha_equity_intraday_nse_order_formula_v2_2026_07_14
P455_contiguous_cross_asset_target_only_l1_l5,2026-06-19,INFY,target_only,2026-06-19,short,-1,-0.1817586376289504,-0.1817586376289504,-0.18159509202453988,0,1,0,21,261,1101.6,1101.6,90,-0.0,165.18296185600002,-165.18296185600002,zerodha_equity_intraday_nse_order_formula_v2_2026_07_14
P455_contiguous_cross_asset_target_only_l1_l5,2026-06-22,INFY,target_only,2026-06-22,short,-1,-0.21392963965247117,-0.21392963965247117,-0.21344717182497333,0,1,0,21,261,1095.5,1095.5,91,-0.0,165.297521372,-165.297521372,zerodha_equity_intraday_nse_order_formula_v2_2026_07_14
P455_contiguous_cross_asset_target_only_l1_l5,2026-06-23,INFY,target_only,2026-06-23,short,-1,-0.1563418361349477,-0.1563418361349477,-0.1568281938325991,0,1,0,21,261,1111.6999999999998,1111.6999999999998,89,-0.0,165.14047107119998,-165.14047107119998,zerodha_equity_intraday_nse_order_formula_v2_2026_07_14
P455_contiguous_cross_asset_target_only_l1_l5,2026-06-24,INFY,target_only,2026-06-24,short,-1,-0.17899952053699855,-0.17899952053699855,-0.17964071856287425,0,1,0,21,261,1104.0,1104.0,90,-0.0,165.22824064000002,-165.22824064000002,zerodha_equity_intraday_nse_order_formula_v2_2026_07_14
P455_contiguous_cross_asset_target_only_l1_l5,2026-06-25,INFY,target_only,2026-06-25,short,-1,-0.1881961762261014,-0.1881961762261014,-0.18929016189290163,0,1,0,21,261,1109.1,1109.1,90,-0.0,165.32445805599997,-165.32445805599997,zerodha_equity_intraday_nse_order_formula_v2_2026_07_14
P455_contiguous_cross_asset_target_only_l1_l5,2026-06-26,INFY,target_only,2026-06-26,short,-1,-0.1775321086002276,-0.1775321086002276,-0.17783191230207065,0,1,0,21,261,1099.3000000000002,1099.3000000000002,90,-0.0,165.139569688,-165.139569688,zerodha_equity_intraday_nse_order_formula_v2_2026_07_14
P455_contiguous_cross_asset_target_only_l1_l5,2026-06-29,INFY,target_only,2026-06-29,short,-1,-0.1835161069225497,-0.1835161069225497,-0.1822849807445443,0,1,0,21,261,1105.0,1105.0,90,-0.0,165.24710679999998,-165.24710679999998,zerodha_equity_intraday_nse_order_formula_v2_2026_07_14
P455_contiguous_cross_asset_target_only_l1_l5,2026-06-30,INFY,target_only,2026-06-30,short,-1,-0.12704565030146425,-0.12704565030146425,-0.12782440284054228,0,1,0,21,261,1116.6,1116.6,89,-0.0,165.2318880976,-165.2318880976,zerodha_equity_intraday_nse_order_formula_v2_2026_07_14
P455_contiguous_cross_asset_target_only_l1_l5,2026-01-01,HCLTECH,target_only,2026-01-01,short,-1,-0.2983378561736771,-0.2983378561736771,-0.29733163913595934,0,1,0,21,261,1218.0,1218.0,82,-0.0,165.336406624,-165.336406624,zerodha_equity_intraday_nse_order_formula_v2_2026_07_14
P455_contiguous_cross_asset_target_only_l1_l5,2026-01-02,HCLTECH,target_only,2026-01-02,short,-1,-0.30470038482682793,-0.30470038482682793,-0.30484037075180226,0,1,0,21,261,1215.8,1215.8,82,-0.0,165.2985904544,-165.2985904544,zerodha_equity_intraday_nse_order_formula_v2_2026_07_14
P455_contiguous_cross_asset_target_only_l1_l5,2026-01-05,HCLTECH,target_only,2026-01-05,short,-1,-0.29529905098212317,-0.29529905098212317,-0.29421487603305785,0,1,0,21,261,1218.8000000000002,1218.8000000000002,82,-0.0,165.35015795840002,-165.35015795840002,zerodha_equity_intraday_nse_order_formula_v2_2026_07_14
P455_contiguous_cross_asset_target_only_l1_l5,2026-01-06,HCLTECH,target_only,2026-01-06,short,-1,-0.2923512747875354,-0.2923512747875354,-0.2913719943422914,0,1,0,21,261,1222.9,1222.9,81,-0.0,165.1642843576,-165.1642843576,zerodha_equity_intraday_nse_order_formula_v2_2026_07_14
P455_contiguous_cross_asset_target_only_l1_l5,2026-01-07,HCLTECH,target_only,2026-01-07,short,-1,-0.3134345394361374,-0.3134345394361374,-0.31479897348160824,0,1,0,21,261,1201.1,1201.1,83,-0.0,165.29768907120004,-165.29768907120004,zerodha_equity_intraday_nse_order_formula_v2_2026_07_14
P455_contiguous_cross_asset_target_only_l1_l5,2026-01-08,HCLTECH,target_only,2026-01-08,short,-1,-0.2991465567981165,-0.2991465567981165,-0.29768467475192945,0,1,0,21,261,1201.6,1201.6,83,-0.0,165.3063884672,-165.3063884672,zerodha_equity_intraday_nse_order_formula_v2_2026_07_14
P455_contiguous_cross_asset_target_only_l1_l5,2026-01-09,HCLTECH,target_only,2026-01-09,short,-1,-0.2924610809865314,-0.2924610809865314,-0.29357798165137616,0,1,0,21,261,1220.9,1220.9,81,-0.0,165.1303252696,-165.1303252696,zerodha_equity_intraday_nse_order_formula_v2_2026_07_14
P455_contiguous_cross_asset_target_only_l1_l5,2026-01-12,HCLTECH,target_only,2026-01-12,short,-1,-0.27866375692462647,-0.27866375692462647,-0.27672955974842767,0,1,0,21,261,1223.6999999999998,1223.6999999999998,81,-0.0,165.17786799280003,-165.17786799280003,zerodha_equity_intraday_nse_order_formula_v2_2026_07_14
P455_contiguous_cross_asset_target_only_l1_l5,2026-01-13,HCLTECH,target_only,2026-01-13,short,-1,-0.3008433344145313,-0.3008433344145313,-0.30133657351154314,0,1,0,21,261,1216.5,1216.5,82,-0.0,165.310622872,-165.310622872,zerodha_equity_intraday_nse_order_formula_v2_2026_07_14
P455_contiguous_cross_asset_target_only_l1_l5,2026-01-14,HCLTECH,target_only,2026-01-14,short,-1,-0.27989384951607865,-0.27989384951607865,-0.2783625730994152,0,1,0,21,261,1226.4,1226.4,81,-0.0,165.2237127616,-165.2237127616,zerodha_equity_intraday_nse_order_formula_v2_2026_07_14
P455_contiguous_cross_asset_target_only_l1_l5,2026-01-15,HCLTECH,target_only,2026-01-15,short,-1,-0.29279131007241604,-0.29279131007241604,-0.2934648581997534,0,1,0,21,261,1250.3000000000002,1250.3000000000002,79,-0.0,165.1053380888,-165.1053380888,zerodha_equity_intraday_nse_order_formula_v2_2026_07_14
P455_contiguous_cross_asset_target_only_l1_l5,2026-01-16,HCLTECH,target_only,2026-01-16,short,-1,-0.29998439207117217,-0.29998439207117217,-0.2994152046783626,0,1,0,21,261,1231.6999999999998,1231.6999999999998,81,-0.0,165.3137043448,-165.3137043448,zerodha_equity_intraday_nse_order_formula_v2_2026_07_14
P455_contiguous_cross_asset_target_only_l1_l5,2026-01-19,HCLTECH,target_only,2026-01-19,short,-1,-0.2920104211897525,-0.2920104211897525,-0.2926829268292683,0,1,0,21,261,1223.4,1223.4,81,-0.0,165.17277412960004,-165.17277412960004,zerodha_equity_intraday_nse_order_formula_v2_2026_07_14
P455_contiguous_cross_asset_target_only_l1_l5,2026-01-20,HCLTECH,target_only,2026-01-20,short,-1,-0.29209333557159645,-0.29209333557159645,-0.2918238993710692,0,1,0,21,261,1221.7,1221.7,81,-0.0,165.1439089048,-165.1439089048,zerodha_equity_intraday_nse_order_formula_v2_2026_07_14
P455_contiguous_cross_asset_target_only_l1_l5,2026-01-21,HCLTECH,target_only,2026-01-21,short,-1,-0.2943991492378589,-0.2943991492378589,-0.2948207171314741,0,1,0,21,261,1220.8000000000002,1220.8000000000002,81,-0.0,165.12862731520002,-165.12862731520002,zerodha_equity_intraday_nse_order_formula_v2_2026_07_14
P455_contiguous_cross_asset_target_only_l1_l5,2026-01-22,HCLTECH,target_only,2026-01-22,short,-1,-0.2921486965910844,-0.2921486965910844,-0.29132947976878615,0,1,0,21,261,1199.5,1199.5,83,-0.0,165.269851004,-165.269851004,zerodha_equity_intraday_nse_order_formula_v2_2026_07_14
P455_contiguous_cross_asset_target_only_l1_l5,2026-01-23,HCLTECH,target_only,2026-01-23,short,-1,-0.2911419887103778,-0.2911419887103778,-0.2894308943089431,0,1,0,21,261,1221.0,1221.0,81,-0.0,165.13202322399997,-165.13202322399997,zerodha_equity_intraday_nse_order_formula_v2_2026_07_14
P455_contiguous_cross_asset_target_only_l1_l5,2026-01-26,HCLTECH,target_only,2026-01-26,short,-1,-0.28862255787227054,-0.28862255787227054,-0.2878228782287823,0,1,0,21,261,1222.6,1222.6,81,-0.0,165.15919049439998,-165.15919049439998,zerodha_equity_intraday_nse_order_formula_v2_2026_07_14
P455_contiguous_cross_asset_target_only_l1_l5,2026-01-27,HCLTECH,target_only,2026-01-27,short,-1,-0.2904357459379616,-0.2904357459379616,-0.29045643153526973,0,1,0,21,261,1239.1999999999998,1239.1999999999998,80,-0.0,165.18128486400002,-165.18128486400002,zerodha_equity_intraday_nse_order_formula_v2_2026_07_14
P455_contiguous_cross_asset_target_only_l1_l5,2026-01-28,HCLTECH,target_only,2026-01-28,short,-1,-0.29851719080984196,-0.29851719080984196,-0.2979242979242979,0,1,0,21,261,1213.9,1213.9,82,-0.0,165.26593103520003,-165.26593103520003,zerodha_equity_intraday_nse_order_formula_v2_2026_07_14
P455_contiguous_cross_asset_target_only_l1_l5,2026-01-29,HCLTECH,target_only,2026-01-29,short,-1,-0.28139494932142245,-0.28139494932142245,-0.2805662805662806,0,1,0,21,261,1223.0,1223.0,81,-0.0,165.16598231199998,-165.16598231199998,zerodha_equity_intraday_nse_order_formula_v2_2026_07_14
P455_contiguous_cross_asset_target_only_l1_l5,2026-01-30,HCLTECH,target_only,2026-01-30,short,-1,-0.29225601131541723,-0.29225601131541723,-0.2913907284768212,0,1,0,21,261,1221.3000000000002,1221.3000000000002,81,-0.0,165.13711708719998,-165.13711708719998,zerodha_equity_intraday_nse_order_formula_v2_2026_07_14
P455_contiguous_cross_asset_target_only_l1_l5,2026-02-02,HCLTECH,target_only,2026-02-02,short,-1,-0.2756536194650144,-0.2756536194650144,-0.27633069082672707,0,1,0,21,261,1226.8000000000002,1226.8000000000002,81,-0.0,165.23050457920002,-165.23050457920002,zerodha_equity_intraday_nse_order_formula_v2_2026_07_14
P455_contiguous_cross_asset_target_only_l1_l5,2026-02-03,HCLTECH,target_only,2026-02-03,short,-1,-0.2914488424197162,-0.2914488424197162,-0.2909090909090909,0,1,0,21,261,1220.0,1220.0,81,-0.0,165.11504368000004,-165.11504368000004,zerodha_equity_intraday_nse_order_formula_v2_2026_07_14
P455_contiguous_cross_asset_target_only_l1_l5,2026-02-04,HCLTECH,target_only,2026-02-04,short,-1,-0.3120567375886525,-0.3120567375886525,-0.3130434782608696,0,1,0,21,261,1214.6999999999998,1214.6999999999998,82,-0.0,165.2796823696,-165.2796823696,zerodha_equity_intraday_nse_order_formula_v2_2026_07_14
P455_contiguous_cross_asset_target_only_l1_l5,2026-02-05,HCLTECH,target_only,2026-02-05,short,-1,-0.29649004387445155,-0.29649004387445155,-0.29582806573957016,0,1,0,21,261,1222.0,1222.0,81,-0.0,165.14900276799997,-165.14900276799997,zerodha_equity_intraday_nse_order_formula_v2_2026_07_14
P455_contiguous_cross_asset_target_only_l1_l5,2026-02-06,HCLTECH,target_only,2026-02-06,short,-1,-0.30408692831657474,-0.30408692831657474,-0.3037667071688943,0,1,0,21,261,1216.0,1216.0,82,-0.0,165.30202828799997,-165.30202828799997,zerodha_equity_intraday_nse_order_formula_v2_2026_07_14
P455_contiguous_cross_asset_target_only_l1_l5,2026-02-09,HCLTECH,target_only,2026-02-09,short,-1,-0.30158052114480993,-0.30158052114480993,-0.30096051227321235,0,1,0,21,261,1217.6,1217.6,82,-0.0,165.3295309568,-165.3295309568,zerodha_equity_intraday_nse_order_formula_v2_2026_07_14
P455_contiguous_cross_asset_target_only_l1_l5,2026-02-10,HCLTECH,target_only,2026-02-10,short,-1,-0.28795018512285425,-0.28795018512285425,-0.287515762925599,0,1,0,21,261,1228.3000000000002,1228.3000000000002,81,-0.0,165.2559738952,-165.2559738952,zerodha_equity_intraday_nse_order_formula_v2_2026_07_14
P455_contiguous_cross_asset_target_only_l1_l5,2026-02-11,HCLTECH,target_only,2026-02-11,short,-1,-0.3023142112125163,-0.3023142112125163,-0.30036630036630035,0,1,0,21,261,1216.4,1216.4,82,-0.0,165.30890395520004,-165.30890395520004,zerodha_equity_intraday_nse_order_formula_v2_2026_07_14
P455_contiguous_cross_asset_target_only_l1_l5,2026-02-12,HCLTECH,target_only,2026-02-12,short,-1,-0.2918942538780861,-0.2918942538780861,-0.29132569558101473,0,1,0,21,261,1220.8000000000002,1220.8000000000002,81,-0.0,165.12862731520002,-165.12862731520002,zerodha_equity_intraday_nse_order_formula_v2_2026_07_14
P455_contiguous_cross_asset_target_only_l1_l5,2026-02-13,HCLTECH,target_only,2026-02-13,short,-1,-0.3013571048430016,-0.3013571048430016,-0.30109670987038883,0,1,0,21,261,1217.2,1217.2,82,-0.0,165.3226552896,-165.3226552896,zerodha_equity_intraday_nse_order_formula_v2_2026_07_14
P455_contiguous_cross_asset_target_only_l1_l5,2026-02-16,HCLTECH,target_only,2026-02-16,short,-1,-0.29553045967870206,-0.29553045967870206,-0.29558998808104886,0,1,0,21,261,1219.4,1219.4,82,-0.0,165.3604714592,-165.3604714592,zerodha_equity_intraday_nse_order_formula_v2_2026_07_14
P455_contiguous_cross_asset_target_only_l1_l5,2026-02-17,HCLTECH,target_only,2026-02-17,short,-1,-0.3011158021712907,-0.3011158021712907,-0.30056497175141245,0,1,0,21,261,1216.9,1216.9,82,-0.0,165.3174985392,-165.3174985392,zerodha_equity_intraday_nse_order_formula_v2_2026_07_14
P455_contiguous_cross_asset_target_only_l1_l5,2026-02-18,HCLTECH,target_only,2026-02-18,short,-1,-0.29306930693069305,-0.29306930693069305,-0.2932454695222405,0,1,0,21,261,1221.1999999999998,1221.1999999999998,81,-0.0,165.13541913280002,-165.13541913280002,zerodha_equity_intraday_nse_order_formula_v2_2026_07_14
P455_contiguous_cross_asset_target_only_l1_l5,2026-02-19,HCLTECH,target_only,2026-02-19,short,-1,-0.29988482579902104,-0.29988482579902104,-0.2998921251348436,0,1,0,21,261,1212.0,1212.0,82,-0.0,165.23327161600002,-165.23327161600002,zerodha_equity_intraday_nse_order_formula_v2_2026_07_14
P455_contiguous_cross_asset_target_only_l1_l5,2026-02-20,HCLTECH,target_only,2026-02-20,short,-1,-0.2828461291358818,-0.2828461291358818,-0.2815884476534296,0,1,0,21,261,1225.6999999999998,1225.6999999999998,81,-0.0,165.2118270808,-165.2118270808,zerodha_equity_intraday_nse_order_formula_v2_2026_07_14
P455_contiguous_cross_asset_target_only_l1_l5,2026-02-23,HCLTECH,target_only,2026-02-23,short,-1,-0.30102442868400314,-0.30102442868400314,-0.3022432113341204,0,1,0,21,261,1217.4,1217.4,82,-0.0,165.3260931232,-165.3260931232,zerodha_equity_intraday_nse_order_formula_v2_2026_07_14
P455_contiguous_cross_asset_target_only_l1_l5,2026-02-24,HCLTECH,target_only,2026-02-24,short,-1,-0.29072571804428854,-0.29072571804428854,-0.2889983579638752,0,1,0,21,261,1219.6,1219.6,81,-0.0,165.1082518624,-165.1082518624,zerodha_equity_intraday_nse_order_formula_v2_2026_07_14
P455_contiguous_cross_asset_target_only_l1_l5,2026-02-25,HCLTECH,target_only,2026-02-25,short,-1,-0.29922115558775586,-0.29922115558775586,-0.29850746268656714,0,1,0,21,261,1220.8000000000002,1220.8000000000002,81,-0.0,165.12862731520002,-165.12862731520002,zerodha_equity_intraday_nse_order_formula_v2_2026_07_14
P455_contiguous_cross_asset_target_only_l1_l5,2026-02-26,HCLTECH,target_only,2026-02-26,short,-1,-0.29990613266583227,-0.29990613266583227,-0.30011723329425555,0,1,0,21,261,1214.4,1214.4,82,-0.0,165.2745256192,-165.2745256192,zerodha_equity_intraday_nse_order_formula_v2_2026_07_14
P455_contiguous_cross_asset_target_only_l1_l5,2026-02-27,HCLTECH,target_only,2026-02-27,short,-1,-0.30460321265883483,-0.30460321265883483,-0.3036837376460018,0,1,0,21,261,1214.9,1214.9,82,-0.0,165.28312020319999,-165.28312020319999,zerodha_equity_intraday_nse_order_formula_v2_2026_07_14
P455_contiguous_cross_asset_target_only_l1_l5,2026-03-02,HCLTECH,target_only,2026-03-02,short,-1,-0.3081594518841482,-0.3081594518841482,-0.3080513418903151,0,1,0,21,261,1217.4,1217.4,82,-0.0,165.3260931232,-165.3260931232,zerodha_equity_intraday_nse_order_formula_v2_2026_07_14
P455_contiguous_cross_asset_target_only_l1_l5,2026-03-03,HCLTECH,target_only,2026-03-03,short,-1,-0.2787364319510159,-0.2787364319510159,-0.2794577685088634,0,1,0,21,261,1196.4,1196.4,83,-0.0,165.21591474879997,-165.21591474879997,zerodha_equity_intraday_nse_order_formula_v2_2026_07_14
P455_contiguous_cross_asset_target_only_l1_l5,2026-03-04,HCLTECH,target_only,2026-03-04,short,-1,-0.2890538619491392,-0.2890538619491392,-0.28875739644970416,0,1,0,21,261,1248.6,1248.6,80,-0.0,165.338922112,-165.338922112,zerodha_equity_intraday_nse_order_formula_v2_2026_07_14
P455_contiguous_cross_asset_target_only_l1_l5,2026-03-05,HCLTECH,target_only,2026-03-05,short,-1,-0.29929750040843,-0.29929750040843,-0.29865361077111385,0,1,0,21,261,1218.6999999999998,1218.6999999999998,82,-0.0,165.3484390416,-165.3484390416,zerodha_equity_intraday_nse_order_formula_v2_2026_07_14
P455_contiguous_cross_asset_target_only_l1_l5,2026-03-06,HCLTECH,target_only,2026-03-06,short,-1,-0.29432354283975043,-0.29432354283975043,-0.29418472063854045,0,1,0,21,261,1219.4,1219.4,82,-0.0,165.3604714592,-165.3604714592,zerodha_equity_intraday_nse_order_formula_v2_2026_07_14
P455_contiguous_cross_asset_target_only_l1_l5,2026-03-09,HCLTECH,target_only,2026-03-09,short,-1,-0.2876392382321236,-0.2876392382321236,-0.288021534320323,0,1,0,21,261,1225.3000000000002,1225.3000000000002,81,-0.0,165.2050352632,-165.2050352632,zerodha_equity_intraday_nse_order_formula_v2_2026_07_14
P455_contiguous_cross_asset_target_only_l1_l5,2026-03-10,HCLTECH,target_only,2026-03-10,short,-1,-0.29861939662519177,-0.29861939662519177,-0.2988505747126437,0,1,0,21,261,1221.0,1221.0,81,-0.0,165.13202322399997,-165.13202322399997,zerodha_equity_intraday_nse_order_formula_v2_2026_07_14
P455_contiguous_cross_asset_target_only_l1_l5,2026-03-11,HCLTECH,target_only,2026-03-11,short,-1,-0.29247231086915715,-0.29247231086915715,-0.29254571026722925,0,1,0,21,261,1222.4,1222.4,81,-0.0,165.15579458560003,-165.15579458560003,zerodha_equity_intraday_nse_order_formula_v2_2026_07_14
P455_contiguous_cross_asset_target_only_l1_l5,2026-03-12,HCLTECH,target_only,2026-03-12,short,-1,-0.29943414020748194,-0.29943414020748194,-0.29917550058892817,0,1,0,21,261,1235.1999999999998,1235.1999999999998,80,-0.0,165.11420518399999,-165.11420518399999,zerodha_equity_intraday_nse_order_formula_v2_2026_07_14
P455_contiguous_cross_asset_target_only_l1_l5,2026-03-13,HCLTECH,target_only,2026-03-13,short,-1,-0.25512770897832815,-0.25512770897832815,-0.25525743292240755,0,1,0,21,261,1239.1,1239.1,80,-0.0,165.17960787200002,-165.17960787200002,zerodha_equity_intraday_nse_order_formula_v2_2026_07_14
P455_contiguous_cross_asset_target_only_l1_l5,2026-03-16,HCLTECH,target_only,2026-03-16,short,-1,-0.29306930693069305,-0.29306930693069305,-0.2932454695222405,0,1,0,21,261,1220.8000000000002,1220.8000000000002,81,-0.0,165.12862731520002,-165.12862731520002,zerodha_equity_intraday_nse_order_formula_v2_2026_07_14
P455_contiguous_cross_asset_target_only_l1_l5,2026-03-17,HCLTECH,target_only,2026-03-17,short,-1,-0.2942851718245681,-0.2942851718245681,-0.2958748221906117,0,1,0,21,261,1221.9,1221.9,81,-0.0,165.1473048136,-165.1473048136,zerodha_equity_intraday_nse_order_formula_v2_2026_07_14
P455_contiguous_cross_asset_target_only_l1_l5,2026-03-18,HCLTECH,target_only,2026-03-18,short,-1,-0.3043403375818119,-0.3043403375818119,-0.30451612903225805,0,1,0,21,261,1217.1,1217.1,82,-0.0,165.32093637280002,-165.32093637280002,zerodha_equity_intraday_nse_order_formula_v2_2026_07_14
P455_contiguous_cross_asset_target_only_l1_l5,2026-03-19,HCLTECH,target_only,2026-03-19,short,-1,-0.3117637566564467,-0.3117637566564467,-0.309552599758162,0,1,0,21,261,1214.1,1214.1,82,-0.0,165.26936886880003,-165.26936886880003,zerodha_equity_intraday_nse_order_formula_v2_2026_07_14
P455_contiguous_cross_asset_target_only_l1_l5,2026-03-20,HCLTECH,target_only,2026-03-20,short,-1,-0.30123377663835926,-0.30123377663835926,-0.30012004801920766,0,1,0,21,261,1217.1,1217.1,82,-0.0,165.32093637280002,-165.32093637280002,zerodha_equity_intraday_nse_order_formula_v2_2026_07_14
P455_contiguous_cross_asset_target_only_l1_l5,2026-03-23,HCLTECH,target_only,2026-03-23,short,-1,-0.2973031283710895,-0.2973031283710895,-0.2972536348949919,0,1,0,21,261,1220.6999999999998,1220.6999999999998,81,-0.0,165.1269293608,-165.1269293608,zerodha_equity_intraday_nse_order_formula_v2_2026_07_14
P455_contiguous_cross_asset_target_only_l1_l5,2026-03-24,HCLTECH,target_only,2026-03-24,short,-1,-0.3007798652959943,-0.3007798652959943,-0.300132802124834,0,1,0,21,261,1218.5,1218.5,82,-0.0,165.345001208,-165.345001208,zerodha_equity_intraday_nse_order_formula_v2_2026_07_14
P455_contiguous_cross_asset_target_only_l1_l5,2026-03-25,HCLTECH,target_only,2026-03-25,short,-1,-0.29282448118185017,-0.29282448118185017,-0.2924901185770751,0,1,0,21,261,1222.8000000000002,1222.8000000000002,81,-0.0,165.16258640320004,-165.16258640320004,zerodha_equity_intraday_nse_order_formula_v2_2026_07_14
P455_contiguous_cross_asset_target_only_l1_l5,2026-03-26,HCLTECH,target_only,2026-03-26,short,-1,-0.3002150537634409,-0.3002150537634409,-0.3007518796992481,0,1,0,21,261,1219.0,1219.0,82,-0.0,165.35359579200002,-165.35359579200002,zerodha_equity_intraday_nse_order_formula_v2_2026_07_14
P455_contiguous_cross_asset_target_only_l1_l5,2026-03-27,HCLTECH,target_only,2026-03-27,short,-1,-0.296949965729952,-0.296949965729952,-0.2952503209242619,0,1,0,21,261,1220.9,1220.9,81,-0.0,165.1303252696,-165.1303252696,zerodha_equity_intraday_nse_order_formula_v2_2026_07_14
P455_contiguous_cross_asset_target_only_l1_l5,2026-03-30,HCLTECH,target_only,2026-03-30,short,-1,-0.278738286920945,-0.278738286920945,-0.2789317507418398,0,1,0,21,261,1223.8,1223.8,81,-0.0,165.1795659472,-165.1795659472,zerodha_equity_intraday_nse_order_formula_v2_2026_07_14
P455_contiguous_cross_asset_target_only_l1_l5,2026-03-31,HCLTECH,target_only,2026-03-31,short,-1,-0.28468468468468466,-0.28468468468468466,-0.2822085889570552,0,1,0,21,261,1222.0,1222.0,81,-0.0,165.14900276799997,-165.14900276799997,zerodha_equity_intraday_nse_order_formula_v2_2026_07_14
P455_contiguous_cross_asset_target_only_l1_l5,2026-04-01,HCLTECH,target_only,2026-04-01,short,-1,-0.2789177885243759,-0.2789177885243759,-0.2801175318315377,0,1,0,21,261,1228.6,1228.6,81,-0.0,165.2610677584,-165.2610677584,zerodha_equity_intraday_nse_order_formula_v2_2026_07_14
P455_contiguous_cross_asset_target_only_l1_l5,2026-04-02,HCLTECH,target_only,2026-04-02,short,-1,-0.24166741532656544,-0.24166741532656544,-0.24107744107744108,0,1,0,21,261,1235.5,1235.5,80,-0.0,165.11923616,-165.11923616,zerodha_equity_intraday_nse_order_formula_v2_2026_07_14
P455_contiguous_cross_asset_target_only_l1_l5,2026-04-03,HCLTECH,target_only,2026-04-03,short,-1,-0.2938992042440318,-0.2938992042440318,-0.29403973509933773,0,1,0,21,261,1218.8000000000002,1218.8000000000002,82,-0.0,165.35015795840002,-165.35015795840002,zerodha_equity_intraday_nse_order_formula_v2_2026_07_14
P455_contiguous_cross_asset_target_only_l1_l5,2026-04-06,HCLTECH,target_only,2026-04-06,short,-1,-0.3021671826625387,-0.3021671826625387,-0.3029366306027821,0,1,0,21,261,1218.7,1218.7,82,-0.0,165.3484390416,-165.3484390416,zerodha_equity_intraday_nse_order_formula_v2_2026_07_14
P455_contiguous_cross_asset_target_only_l1_l5,2026-04-07,HCLTECH,target_only,2026-04-07,short,-1,-0.3082371054657429,-0.3082371054657429,-0.30680507497116494,0,1,0,21,261,1213.5,1213.5,82,-0.0,165.259055368,-165.259055368,zerodha_equity_intraday_nse_order_formula_v2_2026_07_14
P455_contiguous_cross_asset_target_only_l1_l5,2026-04-08,HCLTECH,target_only,2026-04-08,short,-1,-0.29845043515177244,-0.29845043515177244,-0.2988871224165342,0,1,0,21,261,1220.8000000000002,1220.8000000000002,81,-0.0,165.12862731520002,-165.12862731520002,zerodha_equity_intraday_nse_order_formula_v2_2026_07_14
P455_contiguous_cross_asset_target_only_l1_l5,2026-04-09,HCLTECH,target_only,2026-04-09,short,-1,-0.3070539419087137,-0.3070539419087137,-0.3069207622868606,0,1,0,21,261,1222.8,1222.8,81,-0.0,165.16258640320004,-165.16258640320004,zerodha_equity_intraday_nse_order_formula_v2_2026_07_14
P455_contiguous_cross_asset_target_only_l1_l5,2026-04-10,HCLTECH,target_only,2026-04-10,short,-1,-0.284805751417116,-0.284805751417116,-0.2860103626943005,0,1,0,21,261,1224.6999999999998,1224.6999999999998,81,-0.0,165.1948475368,-165.1948475368,zerodha_equity_intraday_nse_order_formula_v2_2026_07_14
P455_contiguous_cross_asset_target_only_l1_l5,2026-04-13,HCLTECH,target_only,2026-04-13,short,-1,-0.2933168316831683,-0.2933168316831683,-0.29403973509933773,0,1,0,21,261,1219.6999999999998,1219.6999999999998,81,-0.0,165.1099498168,-165.1099498168,zerodha_equity_intraday_nse_order_formula_v2_2026_07_14
P455_contiguous_cross_asset_target_only_l1_l5,2026-04-14,HCLTECH,target_only,2026-04-14,short,-1,-0.30201224846894137,-0.30201224846894137,-0.30144167758846657,0,1,0,21,261,1215.1999999999998,1215.1999999999998,82,-0.0,165.2882769536,-165.2882769536,zerodha_equity_intraday_nse_order_formula_v2_2026_07_14
P455_contiguous_cross_asset_target_only_l1_l5,2026-04-15,HCLTECH,target_only,2026-04-15,short,-1,-0.2984998295260825,-0.2984998295260825,-0.2988505747126437,0,1,0,21,261,1217.1,1217.1,82,-0.0,165.32093637280002,-165.32093637280002,zerodha_equity_intraday_nse_order_formula_v2_2026_07_14
P455_contiguous_cross_asset_target_only_l1_l5,2026-04-16,HCLTECH,target_only,2026-04-16,short,-1,-0.25736936132201876,-0.25736936132201876,-0.25774058577405856,0,1,0,21,261,1234.5,1234.5,81,-0.0,165.361247068,-165.361247068,zerodha_equity_intraday_nse_order_formula_v2_2026_07_14
P455_contiguous_cross_asset_target_only_l1_l5,2026-04-17,HCLTECH,target_only,2026-04-17,short,-1,-0.2968350383631714,-0.2968350383631714,-0.2970059880239521,0,1,0,21,261,1227.8000000000002,1227.8000000000002,81,-0.0,165.2474841232,-165.2474841232,zerodha_equity_intraday_nse_order_formula_v2_2026_07_14
P455_contiguous_cross_asset_target_only_l1_l5,2026-04-20,HCLTECH,target_only,2026-04-20,short,-1,-0.2915580182529335,-0.2915580182529335,-0.2905982905982906,0,1,0,21,261,1234.1,1234.1,81,-0.0,165.3544552504,-165.3544552504,zerodha_equity_intraday_nse_order_formula_v2_2026_07_14
P455_contiguous_cross_asset_target_only_l1_l5,2026-04-21,HCLTECH,target_only,2026-04-21,short,-1,-0.2923512747875354,-0.2923512747875354,-0.2913719943422914,0,1,0,21,261,1219.6,1219.6,81,-0.0,165.1082518624,-165.1082518624,zerodha_equity_intraday_nse_order_formula_v2_2026_07_14
P455_contiguous_cross_asset_target_only_l1_l5,2026-04-22,HCLTECH,target_only,2026-04-22,short,-1,-0.28952315843445564,-0.28952315843445564,-0.2893725992317542,0,1,0,21,261,1220.1,1220.1,81,-0.0,165.1167416344,-165.1167416344,zerodha_equity_intraday_nse_order_formula_v2_2026_07_14
P455_contiguous_cross_asset_target_only_l1_l5,2026-04-23,HCLTECH,target_only,2026-04-23,short,-1,-0.3068790149892934,-0.3068790149892934,-0.3069207622868606,0,1,0,21,261,1216.0,1216.0,82,-0.0,165.30202828799997,-165.30202828799997,zerodha_equity_intraday_nse_order_formula_v2_2026_07_14
P455_contiguous_cross_asset_target_only_l1_l5,2026-04-24,HCLTECH,target_only,2026-04-24,short,-1,-0.2871376811594203,-0.2871376811594203,-0.28493894165535955,0,1,0,21,261,1223.9,1223.9,81,-0.0,165.18126390159998,-165.18126390159998,zerodha_equity_intraday_nse_order_formula_v2_2026_07_14
P455_contiguous_cross_asset_target_only_l1_l5,2026-04-27,HCLTECH,target_only,2026-04-27,short,-1,-0.2917978152194038,-0.2917978152194038,-0.2912621359223301,0,1,0,21,261,1220.0,1220.0,81,-0.0,165.11504368000004,-165.11504368000004,zerodha_equity_intraday_nse_order_formula_v2_2026_07_14
P455_contiguous_cross_asset_target_only_l1_l5,2026-04-28,HCLTECH,target_only,2026-04-28,short,-1,-0.2827751196172249,-0.2827751196172249,-0.2843488649940263,0,1,0,21,261,1222.3000000000002,1222.3000000000002,81,-0.0,165.1540966312,-165.1540966312,zerodha_equity_intraday_nse_order_formula_v2_2026_07_14
P455_contiguous_cross_asset_target_only_l1_l5,2026-04-29,HCLTECH,target_only,2026-04-29,short,-1,-0.3059490084985836,-0.3059490084985836,-0.30535894843276035,0,1,0,21,261,1253.3,1253.3,79,-0.0,165.1550189768,-165.1550189768,zerodha_equity_intraday_nse_order_formula_v2_2026_07_14
P455_contiguous_cross_asset_target_only_l1_l5,2026-04-30,HCLTECH,target_only,2026-04-30,short,-1,-0.29123173277661796,-0.29123173277661796,-0.2905027932960894,0,1,0,21,261,1220.5,1220.5,81,-0.0,165.123533452,-165.123533452,zerodha_equity_intraday_nse_order_formula_v2_2026_07_14
P455_contiguous_cross_asset_target_only_l1_l5,2026-05-01,HCLTECH,target_only,2026-05-01,short,-1,-0.28432799611838916,-0.28432799611838916,-0.28363636363636363,0,1,0,21,261,1224.9,1224.9,81,-0.0,165.1982434456,-165.1982434456,zerodha_equity_intraday_nse_order_formula_v2_2026_07_14
P455_contiguous_cross_asset_target_only_l1_l5,2026-05-04,HCLTECH,target_only,2026-05-04,short,-1,-0.2869521746375604,-0.2869521746375604,-0.2846441947565543,0,1,0,21,261,1226.4,1226.4,81,-0.0,165.2237127616,-165.2237127616,zerodha_equity_intraday_nse_order_formula_v2_2026_07_14
P455_contiguous_cross_asset_target_only_l1_l5,2026-05-05,HCLTECH,target_only,2026-05-05,short,-1,-0.3011158021712907,-0.3011158021712907,-0.30056497175141245,0,1,0,21,261,1217.9,1217.9,82,-0.0,165.33468770719998,-165.33468770719998,zerodha_equity_intraday_nse_order_formula_v2_2026_07_14
P455_contiguous_cross_asset_target_only_l1_l5,2026-05-06,HCLTECH,target_only,2026-05-06,short,-1,-0.2786450202934749,-0.2786450202934749,-0.2783625730994152,0,1,0,21,261,1224.0,1224.0,81,-0.0,165.18296185600002,-165.18296185600002,zerodha_equity_intraday_nse_order_formula_v2_2026_07_14
P455_contiguous_cross_asset_target_only_l1_l5,2026-05-07,HCLTECH,target_only,2026-05-07,short,-1,-0.3138990767674213,-0.3138990767674213,-0.31469194312796206,0,1,0,21,261,1215.7,1215.7,82,-0.0,165.2968715376,-165.2968715376,zerodha_equity_intraday_nse_order_formula_v2_2026_07_14
P455_contiguous_cross_asset_target_only_l1_l5,2026-05-08,HCLTECH,target_only,2026-05-08,short,-1,-0.2924610809865314,-0.2924610809865314,-0.29357798165137616,0,1,0,21,261,1214.5,1214.5,82,-0.0,165.276244536,-165.276244536,zerodha_equity_intraday_nse_order_formula_v2_2026_07_14
P455_contiguous_cross_asset_target_only_l1_l5,2026-05-11,HCLTECH,target_only,2026-05-11,short,-1,-0.3209583679278852,-0.3209583679278852,-0.32,0,1,0,21,261,1213.9,1213.9,82,-0.0,165.26593103520003,-165.26593103520003,zerodha_equity_intraday_nse_order_formula_v2_2026_07_14
P455_contiguous_cross_asset_target_only_l1_l5,2026-05-12,HCLTECH,target_only,2026-05-12,short,-1,-0.2858893825647311,-0.2858893825647311,-0.2870264064293915,0,1,0,21,261,1242.1999999999998,1242.1999999999998,80,-0.0,165.231594624,-165.231594624,zerodha_equity_intraday_nse_order_formula_v2_2026_07_14
P455_contiguous_cross_asset_target_only_l1_l5,2026-05-13,HCLTECH,target_only,2026-05-13,short,-1,-0.3043933054393305,-0.3043933054393305,-0.3023516237402016,0,1,0,21,261,1231.1999999999998,1231.1999999999998,81,-0.0,165.3052145728,-165.3052145728,zerodha_equity_intraday_nse_order_formula_v2_2026_07_14
P455_contiguous_cross_asset_target_only_l1_l5,2026-05-14,HCLTECH,target_only,2026-05-14,short,-1,-0.31591360476663355,-0.31591360476663355,-0.31627906976744186,0,1,0,21,261,1220.9,1220.9,81,-0.0,165.1303252696,-165.1303252696,zerodha_equity_intraday_nse_order_formula_v2_2026_07_14
P455_contiguous_cross_asset_target_only_l1_l5,2026-05-15,HCLTECH,target_only,2026-05-15,short,-1,-0.30234624955563455,-0.30234624955563455,-0.303595206391478,0,1,0,21,261,1220.5,1220.5,81,-0.0,165.123533452,-165.123533452,zerodha_equity_intraday_nse_order_formula_v2_2026_07_14
P455_contiguous_cross_asset_target_only_l1_l5,2026-05-18,HCLTECH,target_only,2026-05-18,short,-1,-0.309051724137931,-0.309051724137931,-0.3078579117330463,0,1,0,21,261,1222.2,1222.2,81,-0.0,165.15239867679998,-165.15239867679998,zerodha_equity_intraday_nse_order_formula_v2_2026_07_14
P455_contiguous_cross_asset_target_only_l1_l5,2026-05-19,HCLTECH,target_only,2026-05-19,short,-1,-0.2907813570938999,-0.2907813570938999,-0.2901155327342747,0,1,0,21,261,1221.1,1221.1,81,-0.0,165.1337211784,-165.1337211784,zerodha_equity_intraday_nse_order_formula_v2_2026_07_14
P455_contiguous_cross_asset_target_only_l1_l5,2026-05-20,HCLTECH,target_only,2026-05-20,short,-1,-0.2979706319089259,-0.2979706319089259,-0.29666254635352285,0,1,0,21,261,1215.8,1215.8,82,-0.0,165.2985904544,-165.2985904544,zerodha_equity_intraday_nse_order_formula_v2_2026_07_14
P455_contiguous_cross_asset_target_only_l1_l5,2026-05-21,HCLTECH,target_only,2026-05-21,short,-1,-0.2883670125614418,-0.2883670125614418,-0.2892223738062756,0,1,0,21,261,1221.5,1221.5,81,-0.0,165.140512996,-165.140512996,zerodha_equity_intraday_nse_order_formula_v2_2026_07_14
P455_contiguous_cross_asset_target_only_l1_l5,2026-05-22,HCLTECH,target_only,2026-05-22,short,-1,-0.28713858424725824,-0.28713858424725824,-0.28601921024546423,0,1,0,21,261,1221.8,1221.8,81,-0.0,165.14560685920003,-165.14560685920003,zerodha_equity_intraday_nse_order_formula_v2_2026_07_14
P455_contiguous_cross_asset_target_only_l1_l5,2026-05-25,HCLTECH,target_only,2026-05-25,short,-1,-0.3055059523809524,-0.3055059523809524,-0.3054626532887402,0,1,0,21,261,1219.4,1219.4,82,-0.0,165.3604714592,-165.3604714592,zerodha_equity_intraday_nse_order_formula_v2_2026_07_14
P455_contiguous_cross_asset_target_only_l1_l5,2026-05-26,HCLTECH,target_only,2026-05-26,short,-1,-0.29256803907885554,-0.29256803907885554,-0.2928104575163399,0,1,0,21,261,1221.1999999999998,1221.1999999999998,81,-0.0,165.13541913280002,-165.13541913280002,zerodha_equity_intraday_nse_order_formula_v2_2026_07_14
P455_contiguous_cross_asset_target_only_l1_l5,2026-05-27,HCLTECH,target_only,2026-05-27,short,-1,-0.288735632183908,-0.288735632183908,-0.2893226176808266,0,1,0,21,261,1208.2,1208.2,82,-0.0,165.1679527776,-165.1679527776,zerodha_equity_intraday_nse_order_formula_v2_2026_07_14
P455_contiguous_cross_asset_target_only_l1_l5,2026-05-28,HCLTECH,target_only,2026-05-28,short,-1,-0.2990813928647725,-0.2990813928647725,-0.3008,0,1,0,21,261,1220.6,1220.6,81,-0.0,165.12523140640002,-165.12523140640002,zerodha_equity_intraday_nse_order_formula_v2_2026_07_14
P455_contiguous_cross_asset_target_only_l1_l5,2026-05-29,HCLTECH,target_only,2026-05-29,short,-1,-0.2912948307795925,-0.2912948307795925,-0.2900378310214376,0,1,0,21,261,1220.8,1220.8,81,-0.0,165.1286273152,-165.1286273152,zerodha_equity_intraday_nse_order_formula_v2_2026_07_14
P455_contiguous_cross_asset_target_only_l1_l5,2026-06-01,HCLTECH,target_only,2026-06-01,short,-1,-0.2903986283754822,-0.2903986283754822,-0.29213483146067415,0,1,0,21,261,1220.1,1220.1,81,-0.0,165.1167416344,-165.1167416344,zerodha_equity_intraday_nse_order_formula_v2_2026_07_14
P455_contiguous_cross_asset_target_only_l1_l5,2026-06-02,HCLTECH,target_only,2026-06-02,short,-1,-0.3023758099352052,-0.3023758099352052,-0.30204962243797195,0,1,0,21,261,1197.3,1197.3,83,-0.0,165.23157366159998,-165.23157366159998,zerodha_equity_intraday_nse_order_formula_v2_2026_07_14
P455_contiguous_cross_asset_target_only_l1_l5,2026-06-03,HCLTECH,target_only,2026-06-03,short,-1,-0.29547587760465555,-0.29547587760465555,-0.29535864978902954,0,1,0,21,261,1219.7,1219.7,81,-0.0,165.1099498168,-165.1099498168,zerodha_equity_intraday_nse_order_formula_v2_2026_07_14
P455_contiguous_cross_asset_target_only_l1_l5,2026-06-04,HCLTECH,target_only,2026-06-04,short,-1,-0.2951662116589048,-0.2951662116589048,-0.296028880866426,0,1,0,21,261,1222.0,1222.0,81,-0.0,165.14900276799997,-165.14900276799997,zerodha_equity_intraday_nse_order_formula_v2_2026_07_14
P455_contiguous_cross_asset_target_only_l1_l5,2026-06-05,HCLTECH,target_only,2026-06-05,short,-1,-0.28186002221869544,-0.28186002221869544,-0.28299643281807374,0,1,0,21,261,1224.3000000000002,1224.3000000000002,81,-0.0,165.1880557192,-165.1880557192,zerodha_equity_intraday_nse_order_formula_v2_2026_07_14
P455_contiguous_cross_asset_target_only_l1_l5,2026-06-08,HCLTECH,target_only,2026-06-08,short,-1,-0.29884636513459073,-0.29884636513459073,-0.299039780521262,0,1,0,21,261,1218.1,1218.1,82,-0.0,165.33812554079998,-165.33812554079998,zerodha_equity_intraday_nse_order_formula_v2_2026_07_14
P455_contiguous_cross_asset_target_only_l1_l5,2026-06-09,HCLTECH,target_only,2026-06-09,short,-1,-0.2871867780344766,-0.2871867780344766,-0.28761651131824234,0,1,0,21,261,1224.3000000000002,1224.3000000000002,81,-0.0,165.1880557192,-165.1880557192,zerodha_equity_intraday_nse_order_formula_v2_2026_07_14
P455_contiguous_cross_asset_target_only_l1_l5,2026-06-10,HCLTECH,target_only,2026-06-10,short,-1,-0.30893705463182897,-0.30893705463182897,-0.30700778642936594,0,1,0,21,261,1214.7,1214.7,82,-0.0,165.2796823696,-165.2796823696,zerodha_equity_intraday_nse_order_formula_v2_2026_07_14
P455_contiguous_cross_asset_target_only_l1_l5,2026-06-11,HCLTECH,target_only,2026-06-11,short,-1,-0.2883964817320704,-0.2883964817320704,-0.2889733840304182,0,1,0,21,261,1222.6999999999998,1222.6999999999998,81,-0.0,165.1608884488,-165.1608884488,zerodha_equity_intraday_nse_order_formula_v2_2026_07_14
P455_contiguous_cross_asset_target_only_l1_l5,2026-06-12,HCLTECH,target_only,2026-06-12,short,-1,-0.34651913324112493,-0.34651913324112493,-0.3441603317208017,0,1,0,21,261,1202.5,1202.5,83,-0.0,165.32204738,-165.32204738,zerodha_equity_intraday_nse_order_formula_v2_2026_07_14
P455_contiguous_cross_asset_target_only_l1_l5,2026-06-15,HCLTECH,target_only,2026-06-15,short,-1,-0.30285445420326224,-0.30285445420326224,-0.30317273795534666,0,1,0,21,261,1217.6,1217.6,82,-0.0,165.3295309568,-165.3295309568,zerodha_equity_intraday_nse_order_formula_v2_2026_07_14
P455_contiguous_cross_asset_target_only_l1_l5,2026-06-16,HCLTECH,target_only,2026-06-16,short,-1,-0.28544920364929643,-0.28544920364929643,-0.2850521436848204,0,1,0,21,261,1224.0,1224.0,81,-0.0,165.18296185600002,-165.18296185600002,zerodha_equity_intraday_nse_order_formula_v2_2026_07_14
P455_contiguous_cross_asset_target_only_l1_l5,2026-06-17,HCLTECH,target_only,2026-06-17,short,-1,-0.2969054317247349,-0.2969054317247349,-0.29497568881685576,0,1,0,21,261,1219.5,1219.5,82,-0.0,165.36219037599997,-165.36219037599997,zerodha_equity_intraday_nse_order_formula_v2_2026_07_14
P455_contiguous_cross_asset_target_only_l1_l5,2026-06-18,HCLTECH,target_only,2026-06-18,short,-1,-0.2736810994532289,-0.2736810994532289,-0.27464008859357697,0,1,0,21,261,1233.6,1233.6,81,-0.0,165.3459654784,-165.3459654784,zerodha_equity_intraday_nse_order_formula_v2_2026_07_14
P455_contiguous_cross_asset_target_only_l1_l5,2026-06-19,HCLTECH,target_only,2026-06-19,short,-1,-0.29073856975381007,-0.29073856975381007,-0.29109159347553326,0,1,0,21,261,1220.4,1220.4,81,-0.0,165.1218354976,-165.1218354976,zerodha_equity_intraday_nse_order_formula_v2_2026_07_14
P455_contiguous_cross_asset_target_only_l1_l5,2026-06-22,HCLTECH,target_only,2026-06-22,short,-1,-0.30304986283685653,-0.30304986283685653,-0.3022974607013301,0,1,0,21,261,1205.1999999999998,1205.1999999999998,82,-0.0,165.1163852736,-165.1163852736,zerodha_equity_intraday_nse_order_formula_v2_2026_07_14
P455_contiguous_cross_asset_target_only_l1_l5,2026-06-23,HCLTECH,target_only,2026-06-23,short,-1,-0.2715714109369214,-0.2715714109369214,-0.2719703977798335,0,1,0,21,261,1226.6,1226.6,81,-0.0,165.22710867039999,-165.22710867039999,zerodha_equity_intraday_nse_order_formula_v2_2026_07_14
P455_contiguous_cross_asset_target_only_l1_l5,2026-06-24,HCLTECH,target_only,2026-06-24,short,-1,-0.29006118736563585,-0.29006118736563585,-0.2899628252788104,0,1,0,21,261,1226.1999999999998,1226.1999999999998,81,-0.0,165.2203168528,-165.2203168528,zerodha_equity_intraday_nse_order_formula_v2_2026_07_14
P455_contiguous_cross_asset_target_only_l1_l5,2026-06-25,HCLTECH,target_only,2026-06-25,short,-1,-0.2896940418679549,-0.2896940418679549,-0.2870928829915561,0,1,0,21,261,1248.7,1248.7,80,-0.0,165.340599104,-165.340599104,zerodha_equity_intraday_nse_order_formula_v2_2026_07_14
P455_contiguous_cross_asset_target_only_l1_l5,2026-06-26,HCLTECH,target_only,2026-06-26,short,-1,-0.286848635235732,-0.286848635235732,-0.2874845105328377,0,1,0,21,261,1217.1,1217.1,82,-0.0,165.32093637280002,-165.32093637280002,zerodha_equity_intraday_nse_order_formula_v2_2026_07_14
P455_contiguous_cross_asset_target_only_l1_l5,2026-06-29,HCLTECH,target_only,2026-06-29,short,-1,-0.29033924573790254,-0.29033924573790254,-0.29161290322580646,0,1,0,21,261,1224.0,1224.0,81,-0.0,165.18296185600002,-165.18296185600002,zerodha_equity_intraday_nse_order_formula_v2_2026_07_14
P455_contiguous_cross_asset_target_only_l1_l5,2026-06-30,HCLTECH,target_only,2026-06-30,short,-1,-0.2350121993726037,-0.2350121993726037,-0.232527759634226,0,1,0,21,261,1236.3,1236.3,80,-0.0,165.132652096,-165.132652096,zerodha_equity_intraday_nse_order_formula_v2_2026_07_14
P455_contiguous_cross_asset_target_only_l1_l5,2026-01-01,TCS,target_only,2026-01-01,short,-1,-0.008776371308016877,-0.008776371308016877,-0.0050568900126422255,0,1,0,21,261,2177.7,2177.7,45,-0.0,162.942418316,-162.942418316,zerodha_equity_intraday_nse_order_formula_v2_2026_07_14
P455_contiguous_cross_asset_target_only_l1_l5,2026-01-02,TCS,target_only,2026-01-02,short,-1,-0.00943944234679059,-0.00943944234679059,-0.006528835690968444,0,1,0,21,261,2180.9,2180.9,45,-0.0,164.972604172,-164.972604172,zerodha_equity_intraday_nse_order_formula_v2_2026_07_14
P455_contiguous_cross_asset_target_only_l1_l5,2026-01-05,TCS,target_only,2026-01-05,short,-1,-0.007142857142857143,-0.007142857142857143,-0.006482982171799027,0,1,0,21,261,2176.2,2176.2,45,-0.0,162.92826869600003,-162.92826869600003,zerodha_equity_intraday_nse_order_formula_v2_2026_07_14
P455_contiguous_cross_asset_target_only_l1_l5,2026-01-06,TCS,target_only,2026-01-06,short,-1,-0.0069470521967705595,-0.0069470521967705595,-0.005625879043600563,0,1,0,21,261,2176.0,2176.0,45,-0.0,162.92638208,-162.92638208,zerodha_equity_intraday_nse_order_formula_v2_2026_07_14
P455_contiguous_cross_asset_target_only_l1_l5,2026-01-07,TCS,target_only,2026-01-07,short,-1,-0.027559963099630998,-0.027559963099630998,-0.03111495246326707,0,1,0,21,261,2145.8,2145.8,46,-0.0,165.0913142432,-165.0913142432,zerodha_equity_intraday_nse_order_formula_v2_2026_07_14
P455_contiguous_cross_asset_target_only_l1_l5,2026-01-08,TCS,target_only,2026-01-08,short,-1,-0.0065717415115005475,-0.0065717415115005475,-0.007033997655334115,0,1,0,21,261,2171.2,2171.2,46,-0.0,165.3362389248,-165.3362389248,zerodha_equity_intraday_nse_order_formula_v2_2026_07_14
P455_contiguous_cross_asset_target_only_l1_l5,2026-01-09,TCS,target_only,2026-01-09,short,-1,-0.012285425782564793,-0.012285425782564793,-0.012610340479192938,0,1,0,21,261,2174.8,2174.8,45,-0.0,162.915062384,-162.915062384,zerodha_equity_intraday_nse_order_formula_v2_2026_07_14
P455_contiguous_cross_asset_target_only_l1_l5,2026-01-12,TCS,target_only,2026-01-12,long,1,0.00810126582278481,0.00810126582278481,0.007585335018963337,0,1,0,21,261,2191.6000000000004,2191.6000000000004,45,0.0,165.07353812799997,-165.07353812799997,zerodha_equity_intraday_nse_order_formula_v2_2026_07_14
P455_contiguous_cross_asset_target_only_l1_l5,2026-01-13,TCS,target_only,2026-01-13,short,-1,-0.012647964974866224,-0.012647964974866224,-0.012150668286755772,0,1,0,21,261,2173.2,2173.2,46,-0.0,165.3555243328,-165.3555243328,zerodha_equity_intraday_nse_order_formula_v2_2026_07_14
P455_contiguous_cross_asset_target_only_l1_l5,2026-01-14,TCS,target_only,2026-01-14,long,1,0.012064965197215777,0.012064965197215777,0.013904982618771726,0,1,0,21,261,2187.3,2187.3,45,0.0,165.032975884,-165.032975884,zerodha_equity_intraday_nse_order_formula_v2_2026_07_14
P455_contiguous_cross_asset_target_only_l1_l5,2026-01-15,TCS,target_only,2026-01-15,short,-1,-0.001955352778230406,-0.001955352778230406,0.0,0,1,0,21,261,2216.2,2216.2,45,-0.0,165.305591896,-165.305591896,zerodha_equity_intraday_nse_order_formula_v2_2026_07_14
P455_contiguous_cross_asset_target_only_l1_l5,2026-01-16,TCS,target_only,2026-01-16,short,-1,-0.01198849104859335,-0.01198849104859335,-0.011976047904191617,0,1,0,21,261,2186.5,2186.5,45,-0.0,165.02542942,-165.02542942,zerodha_equity_intraday_nse_order_formula_v2_2026_07_14
P455_contiguous_cross_asset_target_only_l1_l5,2026-01-19,TCS,target_only,2026-01-19,short,-1,-0.004369674459252786,-0.004369674459252786,-0.006546644844517185,0,1,0,21,261,2182.7,2182.7,45,-0.0,164.989583716,-164.989583716,zerodha_equity_intraday_nse_order_formula_v2_2026_07_14
P455_contiguous_cross_asset_target_only_l1_l5,2026-01-20,TCS,target_only,2026-01-20,short,-1,-0.00016539861065167054,-0.00016539861065167054,0.0,0,1,0,21,261,2181.5,2181.5,45,-0.0,164.97826402,-164.97826402,zerodha_equity_intraday_nse_order_formula_v2_2026_07_14
P455_contiguous_cross_asset_target_only_l1_l5,2026-01-21,TCS,target_only,2026-01-21,short,-1,-0.0063324538258575196,-0.0063324538258575196,-0.005270092226613966,0,1,0,21,261,2183.0,2183.0,45,-0.0,164.99241364,-164.99241364,zerodha_equity_intraday_nse_order_formula_v2_2026_07_14
P455_contiguous_cross_asset_target_only_l1_l5,2026-01-22,TCS,target_only,2026-01-22,short,-1,-0.007966906695265818,-0.007966906695265818,-0.006888633754305396,0,1,0,21,261,2166.5,2166.5,46,-0.0,165.29091821600002,-165.29091821600002,zerodha_equity_intraday_nse_order_formula_v2_2026_07_14
P455_contiguous_cross_asset_target_only_l1_l5,2026-01-23,TCS,target_only,2026-01-23,short,-1,-0.0006429489927132448,-0.0006429489927132448,0.0,0,1,0,21,261,2187.4,2187.4,45,-0.0,165.03391919199998,-165.03391919199998,zerodha_equity_intraday_nse_order_formula_v2_2026_07_14
P455_contiguous_cross_asset_target_only_l1_l5,2026-01-26,TCS,target_only,2026-01-26,long,1,0.0012757136022962844,0.0012757136022962844,0.0,0,1,0,21,261,2189.7,2189.7,45,0.0,165.05561527600003,-165.05561527600003,zerodha_equity_intraday_nse_order_formula_v2_2026_07_14
P455_contiguous_cross_asset_target_only_l1_l5,2026-01-27,TCS,target_only,2026-01-27,short,-1,-0.0007346189164370982,-0.0007346189164370982,0.0,0,1,0,21,261,2198.1000000000004,2198.1000000000004,45,-0.0,165.134853148,-165.134853148,zerodha_equity_intraday_nse_order_formula_v2_2026_07_14
P455_contiguous_cross_asset_target_only_l1_l5,2026-01-28,TCS,target_only,2026-01-28,short,-1,-0.014001591089896579,-0.014001591089896579,-0.014302741358760428,0,1,0,21,261,2178.3,2178.3,45,-0.0,164.94807816399998,-164.94807816399998,zerodha_equity_intraday_nse_order_formula_v2_2026_07_14
P455_contiguous_cross_asset_target_only_l1_l5,2026-01-29,TCS,target_only,2026-01-29,long,1,0.0068201193520886615,0.0068201193520886615,0.007662835249042145,0,1,0,21,261,2189.3999999999996,2189.3999999999996,45,0.0,165.052785352,-165.052785352,zerodha_equity_intraday_nse_order_formula_v2_2026_07_14
P455_contiguous_cross_asset_target_only_l1_l5,2026-01-30,TCS,target_only,2026-01-30,short,-1,-0.002268760907504363,-0.002268760907504363,0.0,0,1,0,21,261,2180.6000000000004,2180.6000000000004,45,-0.0,164.96977424799996,-164.96977424799996,zerodha_equity_intraday_nse_order_formula_v2_2026_07_14
P455_contiguous_cross_asset_target_only_l1_l5,2026-02-02,TCS,target_only,2026-02-02,long,1,0.01429431236834186,0.01429431236834186,0.013528748590755355,0,1,0,21,261,2196.2,2196.2,45,0.0,165.116930296,-165.116930296,zerodha_equity_intraday_nse_order_formula_v2_2026_07_14
P455_contiguous_cross_asset_target_only_l1_l5,2026-02-03,TCS,target_only,2026-02-03,long,1,0.00427578834847675,0.00427578834847675,0.0053404539385847796,0,1,0,21,261,2184.3999999999996,2184.3999999999996,45,0.0,165.00561995199996,-165.00561995199996,zerodha_equity_intraday_nse_order_formula_v2_2026_07_14
P455_contiguous_cross_asset_target_only_l1_l5,2026-02-04,TCS,target_only,2026-02-04,short,-1,-0.023264932688537444,-0.023264932688537444,-0.023506366307541625,0,1,0,21,261,2172.6000000000004,2172.6000000000004,46,-0.0,165.3497387104,-165.3497387104,zerodha_equity_intraday_nse_order_formula_v2_2026_07_14
P455_contiguous_cross_asset_target_only_l1_l5,2026-02-05,TCS,target_only,2026-02-05,short,-1,-0.012717321313586607,-0.012717321313586607,-0.014475271411338963,0,1,0,21,261,2176.8,2176.8,45,-0.0,162.93392854400003,-162.93392854400003,zerodha_equity_intraday_nse_order_formula_v2_2026_07_14
P455_contiguous_cross_asset_target_only_l1_l5,2026-02-06,TCS,target_only,2026-02-06,long,1,0.012563199019457637,0.012563199019457637,0.013777267508610792,0,1,0,21,261,2182.0,2182.0,45,0.0,164.98298056,-164.98298056,zerodha_equity_intraday_nse_order_formula_v2_2026_07_14
P455_contiguous_cross_asset_target_only_l1_l5,2026-02-09,TCS,target_only,2026-02-09,short,-1,-0.010450501341618415,-0.010450501341618415,-0.008465608465608466,0,1,0,21,261,2177.4,2177.4,45,-0.0,162.93958839200002,-162.93958839200002,zerodha_equity_intraday_nse_order_formula_v2_2026_07_14
P455_contiguous_cross_asset_target_only_l1_l5,2026-02-10,TCS,target_only,2026-02-10,long,1,0.008640641876253664,0.008640641876253664,0.006936416184971098,0,1,0,21,261,2192.3,2192.3,45,0.0,165.08014128399998,-165.08014128399998,zerodha_equity_intraday_nse_order_formula_v2_2026_07_14
P455_contiguous_cross_asset_target_only_l1_l5,2026-02-11,TCS,target_only,2026-02-11,short,-1,-0.013331111481419763,-0.013331111481419763,-0.012484394506866416,0,1,0,21,261,2178.8999999999996,2178.8999999999996,45,-0.0,164.95373801199997,-164.95373801199997,zerodha_equity_intraday_nse_order_formula_v2_2026_07_14
P455_contiguous_cross_asset_target_only_l1_l5,2026-02-12,TCS,target_only,2026-02-12,short,-1,-0.00597609561752988,-0.00597609561752988,-0.006633499170812604,0,1,0,21,261,2178.6,2178.6,45,-0.0,164.950908088,-164.950908088,zerodha_equity_intraday_nse_order_formula_v2_2026_07_14
P455_contiguous_cross_asset_target_only_l1_l5,2026-02-13,TCS,target_only,2026-02-13,short,-1,-0.01049618320610687,-0.01049618320610687,-0.008171603677221655,0,1,0,21,261,2175.3,2175.3,45,-0.0,162.919778924,-162.919778924,zerodha_equity_intraday_nse_order_formula_v2_2026_07_14
P455_contiguous_cross_asset_target_only_l1_l5,2026-02-16,TCS,target_only,2026-02-16,short,-1,-0.01155794806839772,-0.01155794806839772,-0.014234875444839857,0,1,0,21,261,2183.0,2183.0,45,-0.0,164.99241364,-164.99241364,zerodha_equity_intraday_nse_order_formula_v2_2026_07_14
P455_contiguous_cross_asset_target_only_l1_l5,2026-02-17,TCS,target_only,2026-02-17,short,-1,-0.0059275873117590515,-0.0059275873117590515,-0.007202881152460984,0,1,0,21,261,2182.7,2182.7,45,-0.0,164.989583716,-164.989583716,zerodha_equity_intraday_nse_order_formula_v2_2026_07_14
P455_contiguous_cross_asset_target_only_l1_l5,2026-02-18,TCS,target_only,2026-02-18,short,-1,-0.011324786324786324,-0.011324786324786324,-0.0128,0,1,0,21,261,2181.5,2181.5,45,-0.0,164.97826402,-164.97826402,zerodha_equity_intraday_nse_order_formula_v2_2026_07_14
P455_contiguous_cross_asset_target_only_l1_l5,2026-02-19,TCS,target_only,2026-02-19,short,-1,-0.02377858627858628,-0.02377858627858628,-0.023369036027263874,0,1,0,21,261,2169.7,2169.7,46,-0.0,165.32177486880002,-165.32177486880002,zerodha_equity_intraday_nse_order_formula_v2_2026_07_14
P455_contiguous_cross_asset_target_only_l1_l5,2026-02-23,TCS,target_only,2026-02-23,short,-1,-0.01307910494799874,-0.01307910494799874,-0.014167650531286895,0,1,0,21,261,2175.7,2175.7,45,-0.0,162.923552156,-162.923552156,zerodha_equity_intraday_nse_order_formula_v2_2026_07_14
P455_contiguous_cross_asset_target_only_l1_l5,2026-02-24,TCS,target_only,2026-02-24,short,-1,-0.012521222410865875,-0.012521222410865875,-0.012718600953895072,0,1,0,21,261,2179.6,2179.6,45,-0.0,164.960341168,-164.960341168,zerodha_equity_intraday_nse_order_formula_v2_2026_07_14
P455_contiguous_cross_asset_target_only_l1_l5,2026-02-25,TCS,target_only,2026-02-25,short,-1,-0.011685229140040169,-0.011685229140040169,-0.013679890560875513,0,1,0,21,261,2175.7,2175.7,45,-0.0,162.923552156,-162.923552156,zerodha_equity_intraday_nse_order_formula_v2_2026_07_14
P455_contiguous_cross_asset_target_only_l1_l5,2026-02-26,TCS,target_only,2026-02-26,short,-1,-0.016066066066066066,-0.016066066066066066,-0.013498312710911136,0,1,0,21,261,2169.8,2169.8,46,-0.0,165.3227391392,-165.3227391392,zerodha_equity_intraday_nse_order_formula_v2_2026_07_14
P455_contiguous_cross_asset_target_only_l1_l5,2026-02-27,TCS,target_only,2026-02-27,short,-1,-0.014476885644768856,-0.014476885644768856,-0.010938924339106655,0,1,0,21,261,2178.3,2178.3,45,-0.0,164.94807816399998,-164.94807816399998,zerodha_equity_intraday_nse_order_formula_v2_2026_07_14
P455_contiguous_cross_asset_target_only_l1_l5,2026-03-02,TCS,target_only,2026-03-02,short,-1,-0.01992984693877551,-0.01992984693877551,-0.021505376344086023,0,1,0,21,261,2175.1000000000004,2175.1000000000004,45,-0.0,162.917892308,-162.917892308,zerodha_equity_intraday_nse_order_formula_v2_2026_07_14
P455_contiguous_cross_asset_target_only_l1_l5,2026-03-03,TCS,target_only,2026-03-03,long,1,0.014585605234460196,0.014585605234460196,0.01634320735444331,0,1,0,21,261,2160.8,2160.8,46,0.0,165.2359548032,-165.2359548032,zerodha_equity_intraday_nse_order_formula_v2_2026_07_14
P455_contiguous_cross_asset_target_only_l1_l5,2026-03-05,TCS,target_only,2026-03-05,short,-1,-0.0027411341442521845,-0.0027411341442521845,0.0,0,1,0,21,261,2176.8999999999996,2176.8999999999996,45,-0.0,162.93487185200001,-162.93487185200001,zerodha_equity_intraday_nse_order_formula_v2_2026_07_14
P455_contiguous_cross_asset_target_only_l1_l5,2026-03-06,TCS,target_only,2026-03-06,short,-1,-0.0113314447592068,-0.0113314447592068,-0.013407821229050279,0,1,0,21,261,2181.5,2181.5,45,-0.0,164.97826402,-164.97826402,zerodha_equity_intraday_nse_order_formula_v2_2026_07_14
P455_contiguous_cross_asset_target_only_l1_l5,2026-03-09,TCS,target_only,2026-03-09,long,1,0.003930677148472396,0.003930677148472396,0.00535475234270415,0,1,0,21,261,2189.3,2189.3,45,0.0,165.051842044,-165.051842044,zerodha_equity_intraday_nse_order_formula_v2_2026_07_14
P455_contiguous_cross_asset_target_only_l1_l5,2026-03-10,TCS,target_only,2026-03-10,short,-1,-0.007943360386807114,-0.007943360386807114,-0.00517464424320828,0,1,0,21,261,2181.8,2181.8,45,-0.0,164.981093944,-164.981093944,zerodha_equity_intraday_nse_order_formula_v2_2026_07_14
P455_contiguous_cross_asset_target_only_l1_l5,2026-03-11,TCS,target_only,2026-03-11,short,-1,-0.005444986856928276,-0.005444986856928276,-0.005625879043600563,0,1,0,21,261,2183.7,2183.7,45,-0.0,164.999016796,-164.999016796,zerodha_equity_intraday_nse_order_formula_v2_2026_07_14
P455_contiguous_cross_asset_target_only_l1_l5,2026-03-12,TCS,target_only,2026-03-12,short,-1,-0.013172338090010977,-0.013172338090010977,-0.01410105757931845,0,1,0,21,261,2191.5,2191.5,45,-0.0,165.07259482,-165.07259482,zerodha_equity_intraday_nse_order_formula_v2_2026_07_14
P455_contiguous_cross_asset_target_only_l1_l5,2026-03-13,TCS,target_only,2026-03-13,long,1,0.013490725126475547,0.013490725126475547,0.010109519797809604,0,1,0,21,261,2197.3,2197.3,45,0.0,165.12730668400002,-165.12730668400002,zerodha_equity_intraday_nse_order_formula_v2_2026_07_14
P455_contiguous_cross_asset_target_only_l1_l5,2026-03-16,TCS,target_only,2026-03-16,short,-1,-0.004110774556469061,-0.004110774556469061,-0.006482982171799027,0,1,0,21,261,2182.7,2182.7,45,-0.0,164.989583716,-164.989583716,zerodha_equity_intraday_nse_order_formula_v2_2026_07_14
P455_contiguous_cross_asset_target_only_l1_l5,2026-03-17,TCS,target_only,2026-03-17,short,-1,-0.006401807569196009,-0.006401807569196009,-0.005641748942172073,0,1,0,21,261,2180.1000000000004,2180.1000000000004,45,-0.0,164.965057708,-164.965057708,zerodha_equity_intraday_nse_order_formula_v2_2026_07_14
P455_contiguous_cross_asset_target_only_l1_l5,2026-03-18,TCS,target_only,2026-03-18,short,-1,-0.01005399366970769,-0.01005399366970769,-0.011157601115760111,0,1,0,21,261,2174.7,2174.7,45,-0.0,162.914119076,-162.914119076,zerodha_equity_intraday_nse_order_formula_v2_2026_07_14
P455_contiguous_cross_asset_target_only_l1_l5,2026-03-19,TCS,target_only,2026-03-19,short,-1,-0.02088205813564985,-0.02088205813564985,-0.02002503128911139,0,1,0,21,261,2176.3,2176.3,45,-0.0,162.92921200400002,-162.92921200400002,zerodha_equity_intraday_nse_order_formula_v2_2026_07_14
P455_contiguous_cross_asset_target_only_l1_l5,2026-03-20,TCS,target_only,2026-03-20,short,-1,-0.012713936430317848,-0.012713936430317848,-0.01221001221001221,0,1,0,21,261,2181.3,2181.3,45,-0.0,164.97637740399998,-164.97637740399998,zerodha_equity_intraday_nse_order_formula_v2_2026_07_14
P455_contiguous_cross_asset_target_only_l1_l5,2026-03-23,TCS,target_only,2026-03-23,short,-1,-0.009269476936658574,-0.009269476936658574,-0.013223140495867768,0,1,0,21,261,2177.5,2177.5,45,-0.0,162.94053170000004,-162.94053170000004,zerodha_equity_intraday_nse_order_formula_v2_2026_07_14
P455_contiguous_cross_asset_target_only_l1_l5,2026-03-24,TCS,target_only,2026-03-24,short,-1,-0.012133285041651575,-0.012133285041651575,-0.013568521031207599,0,1,0,21,261,2176.0,2176.0,45,-0.0,162.92638208,-162.92638208,zerodha_equity_intraday_nse_order_formula_v2_2026_07_14
P455_contiguous_cross_asset_target_only_l1_l5,2026-03-25,TCS,target_only,2026-03-25,short,-1,-0.0010282776349614395,-0.0010282776349614395,0.0,0,1,0,21,261,2183.6000000000004,2183.6000000000004,45,-0.0,164.998073488,-164.998073488,zerodha_equity_intraday_nse_order_formula_v2_2026_07_14
P455_contiguous_cross_asset_target_only_l1_l5,2026-03-26,TCS,target_only,2026-03-26,short,-1,-0.020912034538586078,-0.020912034538586078,-0.022244691607684528,0,1,0,21,261,2168.1,2168.1,46,-0.0,165.3063465424,-165.3063465424,zerodha_equity_intraday_nse_order_formula_v2_2026_07_14
P455_contiguous_cross_asset_target_only_l1_l5,2026-03-27,TCS,target_only,2026-03-27,short,-1,-0.005275189027606823,-0.005275189027606823,-0.005270092226613966,0,1,0,21,261,2178.3999999999996,2178.3999999999996,45,-0.0,164.94902147199997,-164.94902147199997,zerodha_equity_intraday_nse_order_formula_v2_2026_07_14
P455_contiguous_cross_asset_target_only_l1_l5,2026-03-30,TCS,target_only,2026-03-30,long,1,0.008550434201736807,0.008550434201736807,0.008008008008008008,0,1,0,21,261,2185.9,2185.9,45,0.0,165.019769572,-165.019769572,zerodha_equity_intraday_nse_order_formula_v2_2026_07_14
P455_contiguous_cross_asset_target_only_l1_l5,2026-03-31,TCS,target_only,2026-03-31,short,-1,-0.0006836438215689625,-0.0006836438215689625,0.0,0,1,0,21,261,2184.1000000000004,2184.1000000000004,45,-0.0,165.00279002800002,-165.00279002800002,zerodha_equity_intraday_nse_order_formula_v2_2026_07_14
P455_contiguous_cross_asset_target_only_l1_l5,2026-04-01,TCS,target_only,2026-04-01,long,1,0.013145786775338505,0.013145786775338505,0.015763546798029555,0,1,0,21,261,2190.7,2190.7,45,0.0,165.065048356,-165.065048356,zerodha_equity_intraday_nse_order_formula_v2_2026_07_14
P455_contiguous_cross_asset_target_only_l1_l5,2026-04-02,TCS,target_only,2026-04-02,short,-1,-0.00404040404040404,-0.00404040404040404,0.0,0,1,0,21,261,2181.3,2181.3,45,-0.0,164.97637740399998,-164.97637740399998,zerodha_equity_intraday_nse_order_formula_v2_2026_07_14
P455_contiguous_cross_asset_target_only_l1_l5,2026-04-03,TCS,target_only,2026-04-03,short,-1,-0.010243055555555556,-0.010243055555555556,-0.013003901170351105,0,1,0,21,261,2183.3999999999996,2183.3999999999996,45,-0.0,164.996186872,-164.996186872,zerodha_equity_intraday_nse_order_formula_v2_2026_07_14
P455_contiguous_cross_asset_target_only_l1_l5,2026-04-06,TCS,target_only,2026-04-06,short,-1,-0.010168758113370835,-0.010168758113370835,-0.012965964343598054,0,1,0,21,261,2183.3,2183.3,45,-0.0,164.995243564,-164.995243564,zerodha_equity_intraday_nse_order_formula_v2_2026_07_14
P455_contiguous_cross_asset_target_only_l1_l5,2026-04-07,TCS,target_only,2026-04-07,short,-1,-0.019629570998891878,-0.019629570998891878,-0.018979833926453145,0,1,0,21,261,2173.0,2173.0,46,-0.0,165.35359579200002,-165.35359579200002,zerodha_equity_intraday_nse_order_formula_v2_2026_07_14
P455_contiguous_cross_asset_target_only_l1_l5,2026-04-08,TCS,target_only,2026-04-08,short,-1,-0.007790521532135901,-0.007790521532135901,-0.006482982171799027,0,1,0,21,261,2183.0,2183.0,45,-0.0,164.99241364,-164.99241364,zerodha_equity_intraday_nse_order_formula_v2_2026_07_14
P455_contiguous_cross_asset_target_only_l1_l5,2026-04-09,TCS,target_only,2026-04-09,short,-1,-0.014734774066797643,-0.014734774066797643,-0.014721345951629864,0,1,0,21,261,2184.2,2184.2,45,-0.0,165.00373333599998,-165.00373333599998,zerodha_equity_intraday_nse_order_formula_v2_2026_07_14
P455_contiguous_cross_asset_target_only_l1_l5,2026-04-10,TCS,target_only,2026-04-10,long,1,0.007166035694970254,0.007166035694970254,0.008105369807497468,0,1,0,21,261,2186.8999999999996,2186.8999999999996,45,0.0,165.029202652,-165.029202652,zerodha_equity_intraday_nse_order_formula_v2_2026_07_14
P455_contiguous_cross_asset_target_only_l1_l5,2026-04-13,TCS,target_only,2026-04-13,short,-1,-0.0019090593543908366,-0.0019090593543908366,0.0,0,1,0,21,261,2179.3999999999996,2179.3999999999996,45,-0.0,164.95845455199998,-164.95845455199998,zerodha_equity_intraday_nse_order_formula_v2_2026_07_14
P455_contiguous_cross_asset_target_only_l1_l5,2026-04-14,TCS,target_only,2026-04-14,short,-1,-0.01847375690607735,-0.01847375690607735,-0.02069857697283312,0,1,0,21,261,2175.5,2175.5,45,-0.0,162.92166554000002,-162.92166554000002,zerodha_equity_intraday_nse_order_formula_v2_2026_07_14
P455_contiguous_cross_asset_target_only_l1_l5,2026-04-15,TCS,target_only,2026-04-15,short,-1,-0.012042062415196744,-0.012042062415196744,-0.012706480304955527,0,1,0,21,261,2182.6000000000004,2182.6000000000004,45,-0.0,164.98864040799998,-164.98864040799998,zerodha_equity_intraday_nse_order_formula_v2_2026_07_14
P455_contiguous_cross_asset_target_only_l1_l5,2026-04-16,TCS,target_only,2026-04-16,long,1,0.04271383885233524,0.04271383885233524,0.04527081649151172,0,1,0,21,261,2206.5,2206.5,45,0.0,165.21409101999998,-165.21409101999998,zerodha_equity_intraday_nse_order_formula_v2_2026_07_14
P455_contiguous_cross_asset_target_only_l1_l5,2026-04-17,TCS,target_only,2026-04-17,short,-1,-0.006300779306914276,-0.006300779306914276,-0.007453416149068323,0,1,0,21,261,2184.5,2184.5,45,-0.0,165.00656326,-165.00656326,zerodha_equity_intraday_nse_order_formula_v2_2026_07_14
P455_contiguous_cross_asset_target_only_l1_l5,2026-04-20,TCS,target_only,2026-04-20,short,-1,-0.001955352778230406,-0.001955352778230406,0.0,0,1,0,21,261,2206.2,2206.2,45,-0.0,165.211261096,-165.211261096,zerodha_equity_intraday_nse_order_formula_v2_2026_07_14
P455_contiguous_cross_asset_target_only_l1_l5,2026-04-21,TCS,target_only,2026-04-21,short,-1,-0.0018674136321195146,-0.0018674136321195146,0.0,0,1,0,21,261,2183.7,2183.7,45,-0.0,164.999016796,-164.999016796,zerodha_equity_intraday_nse_order_formula_v2_2026_07_14
P455_contiguous_cross_asset_target_only_l1_l5,2026-04-22,TCS,target_only,2026-04-22,long,1,0.00671462829736211,0.00671462829736211,0.00718562874251497,0,1,0,21,261,2186.6000000000004,2186.6000000000004,45,0.0,165.026372728,-165.026372728,zerodha_equity_intraday_nse_order_formula_v2_2026_07_14
P455_contiguous_cross_asset_target_only_l1_l5,2026-04-23,TCS,target_only,2026-04-23,short,-1,-0.02321058091286307,-0.02321058091286307,-0.023323615160349854,0,1,0,21,261,2168.3,2168.3,46,-0.0,165.3082750832,-165.3082750832,zerodha_equity_intraday_nse_order_formula_v2_2026_07_14
P455_contiguous_cross_asset_target_only_l1_l5,2026-04-24,TCS,target_only,2026-04-24,short,-1,-0.004430496584825549,-0.004430496584825549,-0.005532503457814661,0,1,0,21,261,2179.7,2179.7,45,-0.0,164.961284476,-164.961284476,zerodha_equity_intraday_nse_order_formula_v2_2026_07_14
P455_contiguous_cross_asset_target_only_l1_l5,2026-04-28,TCS,target_only,2026-04-28,long,1,0.010791937787652753,0.010791937787652753,0.014268727705112961,0,1,0,21,261,2185.3,2185.3,45,0.0,165.01410972399998,-165.01410972399998,zerodha_equity_intraday_nse_order_formula_v2_2026_07_14
P455_contiguous_cross_asset_target_only_l1_l5,2026-04-29,TCS,target_only,2026-04-29,long,1,0.004812455767869781,0.004812455767869781,0.008483563096500531,0,1,0,21,261,2241.1,2241.1,44,0.0,165.0706872416,-165.0706872416,zerodha_equity_intraday_nse_order_formula_v2_2026_07_14
P455_contiguous_cross_asset_target_only_l1_l5,2026-04-30,TCS,target_only,2026-04-30,long,1,0.001546681664791901,0.001546681664791901,0.0,0,1,0,21,261,2192.2,2192.2,45,0.0,165.079197976,-165.079197976,zerodha_equity_intraday_nse_order_formula_v2_2026_07_14
P455_contiguous_cross_asset_target_only_l1_l5,2026-05-01,TCS,target_only,2026-05-01,short,-1,-0.0019090593543908366,-0.0019090593543908366,0.0,0,1,0,21,261,2184.5,2184.5,45,-0.0,165.00656326,-165.00656326,zerodha_equity_intraday_nse_order_formula_v2_2026_07_14
P455_contiguous_cross_asset_target_only_l1_l5,2026-05-04,TCS,target_only,2026-05-04,short,-1,-0.005851063829787234,-0.005851063829787234,-0.005312084993359893,0,1,0,21,261,2182.6000000000004,2182.6000000000004,45,-0.0,164.98864040799998,-164.98864040799998,zerodha_equity_intraday_nse_order_formula_v2_2026_07_14
P455_contiguous_cross_asset_target_only_l1_l5,2026-05-05,TCS,target_only,2026-05-05,short,-1,-0.010230179028132993,-0.010230179028132993,-0.006764374295377677,0,1,0,21,261,2175.7,2175.7,45,-0.0,162.923552156,-162.923552156,zerodha_equity_intraday_nse_order_formula_v2_2026_07_14
P455_contiguous_cross_asset_target_only_l1_l5,2026-05-06,TCS,target_only,2026-05-06,long,1,0.007441418619379354,0.007441418619379354,0.0071174377224199285,0,1,0,21,261,2190.7,2190.7,45,0.0,165.065048356,-165.065048356,zerodha_equity_intraday_nse_order_formula_v2_2026_07_14
P455_contiguous_cross_asset_target_only_l1_l5,2026-05-07,TCS,target_only,2026-05-07,long,1,0.018210513536481728,0.018210513536481728,0.01637852593266606,0,1,0,21,261,2177.1,2177.1,45,0.0,162.936758468,-162.936758468,zerodha_equity_intraday_nse_order_formula_v2_2026_07_14
P455_contiguous_cross_asset_target_only_l1_l5,2026-05-08,TCS,target_only,2026-05-08,short,-1,-0.01853923605561771,-0.01853923605561771,-0.019161676646706587,0,1,0,21,261,2173.8,2173.8,46,-0.0,165.3613099552,-165.3613099552,zerodha_equity_intraday_nse_order_formula_v2_2026_07_14
P455_contiguous_cross_asset_target_only_l1_l5,2026-05-11,TCS,target_only,2026-05-11,short,-1,-0.026358729760261077,-0.026358729760261077,-0.024459078080903106,0,1,0,21,261,2172.1,2172.1,46,-0.0,165.34491735839998,-165.34491735839998,zerodha_equity_intraday_nse_order_formula_v2_2026_07_14
P455_contiguous_cross_asset_target_only_l1_l5,2026-05-12,TCS,target_only,2026-05-12,short,-1,-0.0001590836780146357,-0.0001590836780146357,0.0,0,1,0,21,261,2219.8999999999996,2219.8999999999996,45,-0.0,165.34049429200002,-165.34049429200002,zerodha_equity_intraday_nse_order_formula_v2_2026_07_14
P455_contiguous_cross_asset_target_only_l1_l5,2026-05-13,TCS,target_only,2026-05-13,short,-1,-0.015721844293272863,-0.015721844293272863,-0.013590033975084938,0,1,0,21,261,2203.3,2203.3,45,-0.0,165.183905164,-165.183905164,zerodha_equity_intraday_nse_order_formula_v2_2026_07_14
P455_contiguous_cross_asset_target_only_l1_l5,2026-05-14,TCS,target_only,2026-05-14,short,-1,-0.030497794580970385,-0.030497794580970385,-0.03210576015108593,0,1,0,21,261,2177.6,2177.6,45,-0.0,162.94147500800003,-162.94147500800003,zerodha_equity_intraday_nse_order_formula_v2_2026_07_14
P455_contiguous_cross_asset_target_only_l1_l5,2026-05-15,TCS,target_only,2026-05-15,short,-1,-0.013617631248880128,-0.013617631248880128,-0.013422818791946308,0,1,0,21,261,2180.2,2180.2,45,-0.0,164.966001016,-164.966001016,zerodha_equity_intraday_nse_order_formula_v2_2026_07_14
P455_contiguous_cross_asset_target_only_l1_l5,2026-05-18,TCS,target_only,2026-05-18,short,-1,-0.019979126285969883,-0.019979126285969883,-0.02011173184357542,0,1,0,21,261,2193.7,2193.7,45,-0.0,165.093347596,-165.093347596,zerodha_equity_intraday_nse_order_formula_v2_2026_07_14
P455_contiguous_cross_asset_target_only_l1_l5,2026-05-19,TCS,target_only,2026-05-19,short,-1,-0.0012152777777777778,-0.0012152777777777778,0.0,0,1,0,21,261,2186.5,2186.5,45,-0.0,165.02542942,-165.02542942,zerodha_equity_intraday_nse_order_formula_v2_2026_07_14
P455_contiguous_cross_asset_target_only_l1_l5,2026-05-20,TCS,target_only,2026-05-20,short,-1,-0.006152794394120663,-0.006152794394120663,-0.0076824583866837385,0,1,0,21,261,2184.0,2184.0,45,-0.0,165.00184672,-165.00184672,zerodha_equity_intraday_nse_order_formula_v2_2026_07_14
P455_contiguous_cross_asset_target_only_l1_l5,2026-05-21,TCS,target_only,2026-05-21,short,-1,-0.0009154155986818016,-0.0009154155986818016,0.0,0,1,0,21,261,2180.5,2180.5,45,-0.0,164.96883094,-164.96883094,zerodha_equity_intraday_nse_order_formula_v2_2026_07_14
P455_contiguous_cross_asset_target_only_l1_l5,2026-05-22,TCS,target_only,2026-05-22,long,1,0.0014062719729995782,0.0014062719729995782,0.0,0,1,0,21,261,2190.1,2190.1,45,0.0,165.059388508,-165.059388508,zerodha_equity_intraday_nse_order_formula_v2_2026_07_14
P455_contiguous_cross_asset_target_only_l1_l5,2026-05-25,TCS,target_only,2026-05-25,short,-1,-0.015530759951749096,-0.015530759951749096,-0.013559322033898305,0,1,0,21,261,2171.5,2171.5,46,-0.0,165.33913173599996,-165.33913173599996,zerodha_equity_intraday_nse_order_formula_v2_2026_07_14
P455_contiguous_cross_asset_target_only_l1_l5,2026-05-26,TCS,target_only,2026-05-26,short,-1,-0.0019090593543908366,-0.0019090593543908366,0.0,0,1,0,21,261,2186.8,2186.8,45,-0.0,165.028259344,-165.028259344,zerodha_equity_intraday_nse_order_formula_v2_2026_07_14
P455_contiguous_cross_asset_target_only_l1_l5,2026-05-27,TCS,target_only,2026-05-27,short,-1,-0.018286388438283438,-0.018286388438283438,-0.022099447513812154,0,1,0,21,261,2152.9,2152.9,46,-0.0,165.1597774416,-165.1597774416,zerodha_equity_intraday_nse_order_formula_v2_2026_07_14
P455_contiguous_cross_asset_target_only_l1_l5,2026-05-28,TCS,target_only,2026-05-28,short,-1,-0.01188707280832095,-0.01188707280832095,-0.012718600953895072,0,1,0,21,261,2177.3,2177.3,45,-0.0,162.93864508400003,-162.93864508400003,zerodha_equity_intraday_nse_order_formula_v2_2026_07_14
P455_contiguous_cross_asset_target_only_l1_l5,2026-05-29,TCS,target_only,2026-05-29,short,-1,-0.002362071874472752,-0.002362071874472752,0.0,0,1,0,21,261,2179.9,2179.9,45,-0.0,164.96317109199998,-164.96317109199998,zerodha_equity_intraday_nse_order_formula_v2_2026_07_14
P455_contiguous_cross_asset_target_only_l1_l5,2026-06-01,TCS,target_only,2026-06-01,short,-1,-0.004110774556469061,-0.004110774556469061,-0.006482982171799027,0,1,0,21,261,2185.3,2185.3,45,-0.0,165.01410972399998,-165.01410972399998,zerodha_equity_intraday_nse_order_formula_v2_2026_07_14
P455_contiguous_cross_asset_target_only_l1_l5,2026-06-02,TCS,target_only,2026-06-02,short,-1,-0.0058905596031623006,-0.0058905596031623006,-0.006968641114982578,0,1,0,21,261,2118.4,2118.4,47,-0.0,165.2711716352,-165.2711716352,zerodha_equity_intraday_nse_order_formula_v2_2026_07_14
P455_contiguous_cross_asset_target_only_l1_l5,2026-06-03,TCS,target_only,2026-06-03,short,-1,-0.00284846183061147,-0.00284846183061147,0.0,0,1,0,21,261,2177.8,2177.8,45,-0.0,164.94336162399998,-164.94336162399998,zerodha_equity_intraday_nse_order_formula_v2_2026_07_14
P455_contiguous_cross_asset_target_only_l1_l5,2026-06-04,TCS,target_only,2026-06-04,short,-1,-0.004705882352941176,-0.004705882352941176,-0.007050528789659225,0,1,0,21,261,2185.9,2185.9,45,-0.0,165.019769572,-165.019769572,zerodha_equity_intraday_nse_order_formula_v2_2026_07_14
P455_contiguous_cross_asset_target_only_l1_l5,2026-06-05,TCS,target_only,2026-06-05,long,1,0.0025952960259529602,0.0025952960259529602,0.0,0,1,0,21,261,2186.0,2186.0,45,0.0,165.02071288000002,-165.02071288000002,zerodha_equity_intraday_nse_order_formula_v2_2026_07_14
P455_contiguous_cross_asset_target_only_l1_l5,2026-06-08,TCS,target_only,2026-06-08,short,-1,-0.006551853238487458,-0.006551853238487458,-0.005610098176718092,0,1,0,21,261,2178.5,2178.5,45,-0.0,164.94996478,-164.94996478,zerodha_equity_intraday_nse_order_formula_v2_2026_07_14
P455_contiguous_cross_asset_target_only_l1_l5,2026-06-09,TCS,target_only,2026-06-09,long,1,0.003930677148472396,0.003930677148472396,0.00535475234270415,0,1,0,21,261,2184.8,2184.8,45,0.0,165.00939318399998,-165.00939318399998,zerodha_equity_intraday_nse_order_formula_v2_2026_07_14
P455_contiguous_cross_asset_target_only_l1_l5,2026-06-10,TCS,target_only,2026-06-10,short,-1,-0.022318107424490405,-0.022318107424490405,-0.022296544035674472,0,1,0,21,261,2171.5,2171.5,46,-0.0,165.33913173599996,-165.33913173599996,zerodha_equity_intraday_nse_order_formula_v2_2026_07_14
P455_contiguous_cross_asset_target_only_l1_l5,2026-06-11,TCS,target_only,2026-06-11,short,-1,-0.0044897254360214125,-0.0044897254360214125,-0.00517464424320828,0,1,0,21,261,2185.2,2185.2,45,-0.0,165.013166416,-165.013166416,zerodha_equity_intraday_nse_order_formula_v2_2026_07_14
P455_contiguous_cross_asset_target_only_l1_l5,2026-06-12,TCS,target_only,2026-06-12,short,-1,-0.01696029450433868,-0.01696029450433868,-0.017733990147783252,0,1,0,21,261,2143.9,2143.9,46,-0.0,165.0729931056,-165.0729931056,zerodha_equity_intraday_nse_order_formula_v2_2026_07_14
P455_contiguous_cross_asset_target_only_l1_l5,2026-06-15,TCS,target_only,2026-06-15,short,-1,-0.01823612639522088,-0.01823612639522088,-0.02120141342756184,0,1,0,21,261,2173.2,2173.2,46,-0.0,165.3555243328,-165.3555243328,zerodha_equity_intraday_nse_order_formula_v2_2026_07_14
P455_contiguous_cross_asset_target_only_l1_l5,2026-06-16,TCS,target_only,2026-06-16,long,1,0.0006272541947624275,0.0006272541947624275,0.0,0,1,0,21,261,2183.4,2183.4,45,0.0,164.996186872,-164.996186872,zerodha_equity_intraday_nse_order_formula_v2_2026_07_14
P455_contiguous_cross_asset_target_only_l1_l5,2026-06-17,TCS,target_only,2026-06-17,short,-1,-0.007790521532135901,-0.007790521532135901,-0.006482982171799027,0,1,0,21,261,2183.0,2183.0,45,-0.0,164.99241364,-164.99241364,zerodha_equity_intraday_nse_order_formula_v2_2026_07_14
P455_contiguous_cross_asset_target_only_l1_l5,2026-06-18,TCS,target_only,2026-06-18,long,1,0.010791937787652753,0.010791937787652753,0.014268727705112961,0,1,0,21,261,2189.6,2189.6,45,0.0,165.05467196799998,-165.05467196799998,zerodha_equity_intraday_nse_order_formula_v2_2026_07_14
P455_contiguous_cross_asset_target_only_l1_l5,2026-06-19,TCS,target_only,2026-06-19,short,-1,-0.005612244897959183,-0.005612244897959183,-0.007643312101910828,0,1,0,21,261,2183.5,2183.5,45,-0.0,164.99713018000003,-164.99713018000003,zerodha_equity_intraday_nse_order_formula_v2_2026_07_14
P455_contiguous_cross_asset_target_only_l1_l5,2026-06-22,TCS,target_only,2026-06-22,short,-1,-0.03800475059382423,-0.03800475059382423,-0.03769633507853403,0,1,0,21,261,2166.8,2166.8,46,-0.0,165.29381102719998,-165.29381102719998,zerodha_equity_intraday_nse_order_formula_v2_2026_07_14
P455_contiguous_cross_asset_target_only_l1_l5,2026-06-23,TCS,target_only,2026-06-23,long,1,0.022992700729927006,0.022992700729927006,0.023701002734731084,0,1,0,21,261,2191.3,2191.3,45,0.0,165.07070820399997,-165.07070820399997,zerodha_equity_intraday_nse_order_formula_v2_2026_07_14
P455_contiguous_cross_asset_target_only_l1_l5,2026-06-24,TCS,target_only,2026-06-24,long,1,0.0022275258552108194,0.0022275258552108194,0.0,0,1,0,21,261,2185.3999999999996,2185.3999999999996,45,0.0,165.01505303199997,-165.01505303199997,zerodha_equity_intraday_nse_order_formula_v2_2026_07_14
P455_contiguous_cross_asset_target_only_l1_l5,2026-06-25,TCS,target_only,2026-06-25,short,-1,-0.010404812225654364,-0.010404812225654364,-0.012180267965895249,0,1,0,21,261,2185.8,2185.8,45,-0.0,165.01882626399998,-165.01882626399998,zerodha_equity_intraday_nse_order_formula_v2_2026_07_14
P455_contiguous_cross_asset_target_only_l1_l5,2026-06-26,TCS,target_only,2026-06-26,long,1,0.0025885779000161787,0.0025885779000161787,0.0,0,1,0,21,261,2171.7,2171.7,46,0.0,165.3410602768,-165.3410602768,zerodha_equity_intraday_nse_order_formula_v2_2026_07_14
P455_contiguous_cross_asset_target_only_l1_l5,2026-06-29,TCS,target_only,2026-06-29,short,-1,-0.0008523695874531196,-0.0008523695874531196,0.0,0,1,0,21,261,2184.1000000000004,2184.1000000000004,45,-0.0,165.00279002800002,-165.00279002800002,zerodha_equity_intraday_nse_order_formula_v2_2026_07_14
P455_contiguous_cross_asset_target_only_l1_l5,2026-06-30,TCS,target_only,2026-06-30,long,1,0.04695668409260642,0.04695668409260642,0.05178446466060182,0,1,0,21,261,2203.1,2203.1,45,0.0,165.182018548,-165.182018548,zerodha_equity_intraday_nse_order_formula_v2_2026_07_14
P455_contiguous_cross_asset_target_only_l1_l5,2026-01-01,RELIANCE,target_only,2026-01-01,long,1,0.43672864900444297,0.43672864900444297,0.436498150431566,0,1,0,21,261,1296.9,1296.9,77,0.0,165.3333251512,-165.3333251512,zerodha_equity_intraday_nse_order_formula_v2_2026_07_14
P455_contiguous_cross_asset_target_only_l1_l5,2026-01-02,RELIANCE,target_only,2026-01-02,long,1,0.44484574868322047,0.44484574868322047,0.44419391206313413,0,1,0,21,261,1299.7,1299.7,76,0.0,165.10607177280002,-165.10607177280002,zerodha_equity_intraday_nse_order_formula_v2_2026_07_14
P455_contiguous_cross_asset_target_only_l1_l5,2026-01-05,RELIANCE,target_only,2026-01-05,long,1,0.4367863815652896,0.4367863815652896,0.4354587869362364,0,1,0,21,261,1294.6999999999998,1294.6999999999998,77,0.0,165.29781484560002,-165.29781484560002,zerodha_equity_intraday_nse_order_formula_v2_2026_07_14
P455_contiguous_cross_asset_target_only_l1_l5,2026-01-06,RELIANCE,target_only,2026-01-06,long,1,0.4419692998876825,0.4419692998876825,0.44039270687237025,0,1,0,21,261,1299.1999999999998,1299.1999999999998,76,0.0,165.09810606079998,-165.09810606079998,zerodha_equity_intraday_nse_order_formula_v2_2026_07_14
P455_contiguous_cross_asset_target_only_l1_l5,2026-01-07,RELIANCE,target_only,2026-01-07,long,1,0.41186390239063586,0.41186390239063586,0.41189591078066917,0,1,0,21,261,1286.9,1286.9,77,0.0,165.1719146712,-165.1719146712,zerodha_equity_intraday_nse_order_formula_v2_2026_07_14
P455_contiguous_cross_asset_target_only_l1_l5,2026-01-08,RELIANCE,target_only,2026-01-08,long,1,0.4366996507566938,0.4366996507566938,0.4362050163576881,0,1,0,21,261,1284.8000000000002,1284.8000000000002,77,0.0,165.1380184704,-165.1380184704,zerodha_equity_intraday_nse_order_formula_v2_2026_07_14
P455_contiguous_cross_asset_target_only_l1_l5,2026-01-09,RELIANCE,target_only,2026-01-09,long,1,0.4432201883774658,0.4432201883774658,0.4420772303595206,0,1,0,21,261,1300.9,1300.9,76,0.0,165.12518948160002,-165.12518948160002,zerodha_equity_intraday_nse_order_formula_v2_2026_07_14
P455_contiguous_cross_asset_target_only_l1_l5,2026-01-12,RELIANCE,target_only,2026-01-12,long,1,0.45670599966760844,0.45670599966760844,0.45579078455790784,0,1,0,21,261,1303.3000000000002,1303.3000000000002,76,0.0,165.1634248992,-165.1634248992,zerodha_equity_intraday_nse_order_formula_v2_2026_07_14
P455_contiguous_cross_asset_target_only_l1_l5,2026-01-13,RELIANCE,target_only,2026-01-13,long,1,0.44206955046649704,0.44206955046649704,0.44218551461245237,0,1,0,21,261,1296.6,1296.6,77,0.0,165.32848283680002,-165.32848283680002,zerodha_equity_intraday_nse_order_formula_v2_2026_07_14
P455_contiguous_cross_asset_target_only_l1_l5,2026-01-14,RELIANCE,target_only,2026-01-14,long,1,0.45490443847733375,0.45490443847733375,0.4544378698224852,0,1,0,21,261,1302.6,1302.6,76,0.0,165.15227290239997,-165.15227290239997,zerodha_equity_intraday_nse_order_formula_v2_2026_07_14
P455_contiguous_cross_asset_target_only_l1_l5,2026-01-15,RELIANCE,target_only,2026-01-15,long,1,0.44741048593350385,0.44741048593350385,0.4479041916167665,0,1,0,21,261,1313.9,1313.9,76,0.0,165.3322979936,-165.3322979936,zerodha_equity_intraday_nse_order_formula_v2_2026_07_14
P455_contiguous_cross_asset_target_only_l1_l5,2026-01-16,RELIANCE,target_only,2026-01-16,long,1,0.4377141077545936,0.4377141077545936,0.4364060676779463,0,1,0,21,261,1327.1999999999998,1327.1999999999998,75,0.0,165.26597295999997,-165.26597295999997,zerodha_equity_intraday_nse_order_formula_v2_2026_07_14
P455_contiguous_cross_asset_target_only_l1_l5,2026-01-19,RELIANCE,target_only,2026-01-19,long,1,0.4451486013986014,0.4451486013986014,0.4451718494271686,0,1,0,21,261,1302.0,1302.0,76,0.0,165.142714048,-165.142714048,zerodha_equity_intraday_nse_order_formula_v2_2026_07_14
P455_contiguous_cross_asset_target_only_l1_l5,2026-01-20,RELIANCE,target_only,2026-01-20,long,1,0.446207818242566,0.446207818242566,0.4455569461827284,0,1,0,21,261,1300.6,1300.6,76,0.0,165.1204100544,-165.1204100544,zerodha_equity_intraday_nse_order_formula_v2_2026_07_14
P455_contiguous_cross_asset_target_only_l1_l5,2026-01-21,RELIANCE,target_only,2026-01-21,long,1,0.4440516174650875,0.4440516174650875,0.4423841059602649,0,1,0,21,261,1300.9,1300.9,76,0.0,165.12518948160002,-165.12518948160002,zerodha_equity_intraday_nse_order_formula_v2_2026_07_14
P455_contiguous_cross_asset_target_only_l1_l5,2026-01-22,RELIANCE,target_only,2026-01-22,long,1,0.441550482610694,0.441550482610694,0.44087256027554533,0,1,0,21,261,1289.0,1289.0,77,0.0,165.205810872,-165.205810872,zerodha_equity_intraday_nse_order_formula_v2_2026_07_14
P455_contiguous_cross_asset_target_only_l1_l5,2026-01-23,RELIANCE,target_only,2026-01-23,long,1,0.44565454149422784,0.44565454149422784,0.4469820554649266,0,1,0,21,261,1301.8000000000002,1301.8000000000002,76,0.0,165.1395277632,-165.1395277632,zerodha_equity_intraday_nse_order_formula_v2_2026_07_14
P455_contiguous_cross_asset_target_only_l1_l5,2026-01-26,RELIANCE,target_only,2026-01-26,long,1,0.452803738317757,0.452803738317757,0.45274212368728123,0,1,0,21,261,1304.1,1304.1,76,0.0,165.1761700384,-165.1761700384,zerodha_equity_intraday_nse_order_formula_v2_2026_07_14
P455_contiguous_cross_asset_target_only_l1_l5,2026-01-27,RELIANCE,target_only,2026-01-27,long,1,0.4468514778777309,0.4468514778777309,0.44566712517193946,0,1,0,21,261,1322.8000000000002,1322.8000000000002,75,0.0,165.19679703999998,-165.19679703999998,zerodha_equity_intraday_nse_order_formula_v2_2026_07_14
P455_contiguous_cross_asset_target_only_l1_l5,2026-01-28,RELIANCE,target_only,2026-01-28,long,1,0.4346604215456675,0.4346604215456675,0.43508771929824563,0,1,0,21,261,1294.3000000000002,1294.3000000000002,77,0.0,165.2913584264,-165.2913584264,zerodha_equity_intraday_nse_order_formula_v2_2026_07_14
P455_contiguous_cross_asset_target_only_l1_l5,2026-01-29,RELIANCE,target_only,2026-01-29,long,1,0.45196658545074836,0.45196658545074836,0.4511082138200782,0,1,0,21,261,1302.6,1302.6,76,0.0,165.15227290239997,-165.15227290239997,zerodha_equity_intraday_nse_order_formula_v2_2026_07_14
P455_contiguous_cross_asset_target_only_l1_l5,2026-01-30,RELIANCE,target_only,2026-01-30,long,1,0.44202771443606387,0.44202771443606387,0.44152431011826543,0,1,0,21,261,1300.4,1300.4,76,0.0,165.1172237696,-165.1172237696,zerodha_equity_intraday_nse_order_formula_v2_2026_07_14
P455_contiguous_cross_asset_target_only_l1_l5,2026-02-02,RELIANCE,target_only,2026-02-02,long,1,0.4610360694671219,0.4610360694671219,0.46051167964404893,0,1,0,21,261,1303.5,1303.5,76,0.0,165.166611184,-165.166611184,zerodha_equity_intraday_nse_order_formula_v2_2026_07_14
P455_contiguous_cross_asset_target_only_l1_l5,2026-02-03,RELIANCE,target_only,2026-02-03,long,1,0.4387902933719667,0.4387902933719667,0.4369063772048847,0,1,0,21,261,1300.1999999999998,1300.1999999999998,76,0.0,165.11403748479998,-165.11403748479998,zerodha_equity_intraday_nse_order_formula_v2_2026_07_14
P455_contiguous_cross_asset_target_only_l1_l5,2026-02-04,RELIANCE,target_only,2026-02-04,long,1,0.4266666666666667,0.4266666666666667,0.4262607040913416,0,1,0,21,261,1292.1,1292.1,77,0.0,165.2558481208,-165.2558481208,zerodha_equity_intraday_nse_order_formula_v2_2026_07_14
P455_contiguous_cross_asset_target_only_l1_l5,2026-02-05,RELIANCE,target_only,2026-02-05,long,1,0.43645617941784637,0.43645617941784637,0.4362336114421931,0,1,0,21,261,1296.8000000000002,1296.8000000000002,77,0.0,165.33171104640002,-165.33171104640002,zerodha_equity_intraday_nse_order_formula_v2_2026_07_14
P455_contiguous_cross_asset_target_only_l1_l5,2026-02-06,RELIANCE,target_only,2026-02-06,long,1,0.43262974131090304,0.43262974131090304,0.4328180737217598,0,1,0,21,261,1292.1,1292.1,77,0.0,165.2558481208,-165.2558481208,zerodha_equity_intraday_nse_order_formula_v2_2026_07_14
P455_contiguous_cross_asset_target_only_l1_l5,2026-02-09,RELIANCE,target_only,2026-02-09,long,1,0.44008810572687224,0.44008810572687224,0.44004400440044006,0,1,0,21,261,1296.0,1296.0,77,0.0,165.31879820799998,-165.31879820799998,zerodha_equity_intraday_nse_order_formula_v2_2026_07_14
P455_contiguous_cross_asset_target_only_l1_l5,2026-02-10,RELIANCE,target_only,2026-02-10,long,1,0.45942269910835726,0.45942269910835726,0.45979614949037373,0,1,0,21,261,1307.6,1307.6,76,0.0,165.2319300224,-165.2319300224,zerodha_equity_intraday_nse_order_formula_v2_2026_07_14
P455_contiguous_cross_asset_target_only_l1_l5,2026-02-11,RELIANCE,target_only,2026-02-11,long,1,0.4399247991796274,0.4399247991796274,0.44046094750320103,0,1,0,21,261,1295.1999999999998,1295.1999999999998,77,0.0,165.3058853696,-165.3058853696,zerodha_equity_intraday_nse_order_formula_v2_2026_07_14
P455_contiguous_cross_asset_target_only_l1_l5,2026-02-12,RELIANCE,target_only,2026-02-12,long,1,0.4455856643356643,0.4455856643356643,0.4451718494271686,0,1,0,21,261,1301.5,1301.5,76,0.0,165.13474833600003,-165.13474833600003,zerodha_equity_intraday_nse_order_formula_v2_2026_07_14
P455_contiguous_cross_asset_target_only_l1_l5,2026-02-13,RELIANCE,target_only,2026-02-13,long,1,0.44123826866507915,0.44123826866507915,0.440713536201469,0,1,0,21,261,1295.4,1295.4,77,0.0,165.3091135792,-165.3091135792,zerodha_equity_intraday_nse_order_formula_v2_2026_07_14
P455_contiguous_cross_asset_target_only_l1_l5,2026-02-16,RELIANCE,target_only,2026-02-16,long,1,0.4446388800509068,0.4446388800509068,0.4433849821215733,0,1,0,21,261,1294.6,1294.6,77,0.0,165.2962007408,-165.2962007408,zerodha_equity_intraday_nse_order_formula_v2_2026_07_14
P455_contiguous_cross_asset_target_only_l1_l5,2026-02-17,RELIANCE,target_only,2026-02-17,long,1,0.4399938137952366,0.4399938137952366,0.440324449594438,0,1,0,21,261,1297.5,1297.5,77,0.0,165.34300978000002,-165.34300978000002,zerodha_equity_intraday_nse_order_formula_v2_2026_07_14
P455_contiguous_cross_asset_target_only_l1_l5,2026-02-18,RELIANCE,target_only,2026-02-18,long,1,0.4451486013986014,0.4451486013986014,0.4451718494271686,0,1,0,21,261,1299.8000000000002,1299.8000000000002,76,0.0,165.1076649152,-165.1076649152,zerodha_equity_intraday_nse_order_formula_v2_2026_07_14
P455_contiguous_cross_asset_target_only_l1_l5,2026-02-19,RELIANCE,target_only,2026-02-19,long,1,0.432669000807972,0.432669000807972,0.4318869828456105,0,1,0,21,261,1294.6,1294.6,77,0.0,165.2962007408,-165.2962007408,zerodha_equity_intraday_nse_order_formula_v2_2026_07_14
P455_contiguous_cross_asset_target_only_l1_l5,2026-02-20,RELIANCE,target_only,2026-02-20,long,1,0.445353289244692,0.445353289244692,0.44589308996088656,0,1,0,21,261,1298.3000000000002,1298.3000000000002,77,0.0,165.35592261840003,-165.35592261840003,zerodha_equity_intraday_nse_order_formula_v2_2026_07_14
P455_contiguous_cross_asset_target_only_l1_l5,2026-02-23,RELIANCE,target_only,2026-02-23,long,1,0.4464314745569826,0.4464314745569826,0.4457978075517661,0,1,0,21,261,1297.9,1297.9,77,0.0,165.34946619919998,-165.34946619919998,zerodha_equity_intraday_nse_order_formula_v2_2026_07_14
P455_contiguous_cross_asset_target_only_l1_l5,2026-02-24,RELIANCE,target_only,2026-02-24,long,1,0.4523033020790868,0.4523033020790868,0.45190839694656487,0,1,0,21,261,1304.4,1304.4,76,0.0,165.18094946559998,-165.18094946559998,zerodha_equity_intraday_nse_order_formula_v2_2026_07_14
P455_contiguous_cross_asset_target_only_l1_l5,2026-02-25,RELIANCE,target_only,2026-02-25,long,1,0.44193427931292006,0.44193427931292006,0.44195804195804195,0,1,0,21,261,1296.1,1296.1,77,0.0,165.3204123128,-165.3204123128,zerodha_equity_intraday_nse_order_formula_v2_2026_07_14
P455_contiguous_cross_asset_target_only_l1_l5,2026-02-26,RELIANCE,target_only,2026-02-26,long,1,0.43594851363775666,0.43594851363775666,0.4362801377726751,0,1,0,21,261,1296.5,1296.5,77,0.0,165.32686873200004,-165.32686873200004,zerodha_equity_intraday_nse_order_formula_v2_2026_07_14
P455_contiguous_cross_asset_target_only_l1_l5,2026-02-27,RELIANCE,target_only,2026-02-27,long,1,0.4272133776199748,0.4272133776199748,0.4274678111587983,0,1,0,21,261,1291.3,1291.3,77,0.0,165.24293528239997,-165.24293528239997,zerodha_equity_intraday_nse_order_formula_v2_2026_07_14
P455_contiguous_cross_asset_target_only_l1_l5,2026-03-02,RELIANCE,target_only,2026-03-02,long,1,0.4361111111111111,0.4361111111111111,0.4357405140758874,0,1,0,21,261,1296.6999999999998,1296.6999999999998,77,0.0,165.3300969416,-165.3300969416,zerodha_equity_intraday_nse_order_formula_v2_2026_07_14
P455_contiguous_cross_asset_target_only_l1_l5,2026-03-03,RELIANCE,target_only,2026-03-03,long,1,0.4595000682966808,0.4595000682966808,0.458546571136131,0,1,0,21,261,1292.5,1292.5,77,0.0,165.26230454,-165.26230454,zerodha_equity_intraday_nse_order_formula_v2_2026_07_14
P455_contiguous_cross_asset_target_only_l1_l5,2026-03-04,RELIANCE,target_only,2026-03-04,long,1,0.43135531135531135,0.43135531135531135,0.43029637760702527,0,1,0,21,261,1323.1999999999998,1323.1999999999998,75,0.0,165.20308576,-165.20308576,zerodha_equity_intraday_nse_order_formula_v2_2026_07_14
P455_contiguous_cross_asset_target_only_l1_l5,2026-03-05,RELIANCE,target_only,2026-03-05,long,1,0.4355548569632191,0.4355548569632191,0.43580683156654887,0,1,0,21,261,1294.0,1294.0,77,0.0,165.28651611200002,-165.28651611200002,zerodha_equity_intraday_nse_order_formula_v2_2026_07_14
P455_contiguous_cross_asset_target_only_l1_l5,2026-03-06,RELIANCE,target_only,2026-03-06,long,1,0.4417396467270298,0.4417396467270298,0.44048943270300334,0,1,0,21,261,1297.3000000000002,1297.3000000000002,77,0.0,165.3397815704,-165.3397815704,zerodha_equity_intraday_nse_order_formula_v2_2026_07_14
P455_contiguous_cross_asset_target_only_l1_l5,2026-03-09,RELIANCE,target_only,2026-03-09,long,1,0.4504888888888889,0.4504888888888889,0.45006657789613846,0,1,0,21,261,1303.5,1303.5,76,0.0,165.166611184,-165.166611184,zerodha_equity_intraday_nse_order_formula_v2_2026_07_14
P455_contiguous_cross_asset_target_only_l1_l5,2026-03-10,RELIANCE,target_only,2026-03-10,long,1,0.44285714285714284,0.44285714285714284,0.44121532364597094,0,1,0,21,261,1299.6,1299.6,76,0.0,165.10447863039997,-165.10447863039997,zerodha_equity_intraday_nse_order_formula_v2_2026_07_14
P455_contiguous_cross_asset_target_only_l1_l5,2026-03-11,RELIANCE,target_only,2026-03-11,long,1,0.44268177525967894,0.44268177525967894,0.44130127298444133,0,1,0,21,261,1296.0,1296.0,77,0.0,165.31879820799998,-165.31879820799998,zerodha_equity_intraday_nse_order_formula_v2_2026_07_14
P455_contiguous_cross_asset_target_only_l1_l5,2026-03-12,RELIANCE,target_only,2026-03-12,long,1,0.43976289650752964,0.43976289650752964,0.43937575030012005,0,1,0,21,261,1307.3000000000002,1307.3000000000002,76,0.0,165.2271505952,-165.2271505952,zerodha_equity_intraday_nse_order_formula_v2_2026_07_14
P455_contiguous_cross_asset_target_only_l1_l5,2026-03-13,RELIANCE,target_only,2026-03-13,long,1,0.45791245791245794,0.45791245791245794,0.4577893820713664,0,1,0,21,261,1302.6,1302.6,76,0.0,165.15227290239997,-165.15227290239997,zerodha_equity_intraday_nse_order_formula_v2_2026_07_14
P455_contiguous_cross_asset_target_only_l1_l5,2026-03-16,RELIANCE,target_only,2026-03-16,long,1,0.4436572946646004,0.4436572946646004,0.44112769485903813,0,1,0,21,261,1299.6999999999998,1299.6999999999998,76,0.0,165.1060717728,-165.1060717728,zerodha_equity_intraday_nse_order_formula_v2_2026_07_14
P455_contiguous_cross_asset_target_only_l1_l5,2026-03-17,RELIANCE,target_only,2026-03-17,long,1,0.4438553304298428,0.4438553304298428,0.4425531914893617,0,1,0,21,261,1297.5,1297.5,77,0.0,165.34300978000002,-165.34300978000002,zerodha_equity_intraday_nse_order_formula_v2_2026_07_14
P455_contiguous_cross_asset_target_only_l1_l5,2026-03-18,RELIANCE,target_only,2026-03-18,long,1,0.4325794932834552,0.4325794932834552,0.43312101910828027,0,1,0,21,261,1294.6999999999998,1294.6999999999998,77,0.0,165.29781484560002,-165.29781484560002,zerodha_equity_intraday_nse_order_formula_v2_2026_07_14
P455_contiguous_cross_asset_target_only_l1_l5,2026-03-19,RELIANCE,target_only,2026-03-19,long,1,0.4319217141893032,0.4319217141893032,0.43236409608091025,0,1,0,21,261,1293.8000000000002,1293.8000000000002,77,0.0,165.28328790240002,-165.28328790240002,zerodha_equity_intraday_nse_order_formula_v2_2026_07_14
P455_contiguous_cross_asset_target_only_l1_l5,2026-03-20,RELIANCE,target_only,2026-03-20,long,1,0.4395314304570203,0.4395314304570203,0.4400494437577256,0,1,0,21,261,1299.6999999999998,1299.6999999999998,76,0.0,165.1060717728,-165.1060717728,zerodha_equity_intraday_nse_order_formula_v2_2026_07_14
P455_contiguous_cross_asset_target_only_l1_l5,2026-03-23,RELIANCE,target_only,2026-03-23,long,1,0.44059727331746373,0.44059727331746373,0.44084278768233387,0,1,0,21,261,1298.8000000000002,1298.8000000000002,76,0.0,165.0917334912,-165.0917334912,zerodha_equity_intraday_nse_order_formula_v2_2026_07_14
P455_contiguous_cross_asset_target_only_l1_l5,2026-03-24,RELIANCE,target_only,2026-03-24,long,1,0.44193427931292006,0.44193427931292006,0.44195804195804195,0,1,0,21,261,1295.6,1295.6,77,0.0,165.3123417888,-165.3123417888,zerodha_equity_intraday_nse_order_formula_v2_2026_07_14
P455_contiguous_cross_asset_target_only_l1_l5,2026-03-25,RELIANCE,target_only,2026-03-25,long,1,0.4433811802232855,0.4433811802232855,0.4435590969455511,0,1,0,21,261,1297.6999999999998,1297.6999999999998,77,0.0,165.34623798959998,-165.34623798959998,zerodha_equity_intraday_nse_order_formula_v2_2026_07_14
P455_contiguous_cross_asset_target_only_l1_l5,2026-03-26,RELIANCE,target_only,2026-03-26,long,1,0.4417123389127537,0.4417123389127537,0.44173140954495005,0,1,0,21,261,1299.4,1299.4,76,0.0,165.10129234559997,-165.10129234559997,zerodha_equity_intraday_nse_order_formula_v2_2026_07_14
P455_contiguous_cross_asset_target_only_l1_l5,2026-03-27,RELIANCE,target_only,2026-03-27,long,1,0.43246650906225376,0.43246650906225376,0.43211334120425027,0,1,0,21,261,1295.6999999999998,1295.6999999999998,77,0.0,165.3139558936,-165.3139558936,zerodha_equity_intraday_nse_order_formula_v2_2026_07_14
P455_contiguous_cross_asset_target_only_l1_l5,2026-03-30,RELIANCE,target_only,2026-03-30,long,1,0.4512620276112118,0.4512620276112118,0.45141065830721006,0,1,0,21,261,1301.1,1301.1,76,0.0,165.1283757664,-165.1283757664,zerodha_equity_intraday_nse_order_formula_v2_2026_07_14
P455_contiguous_cross_asset_target_only_l1_l5,2026-03-31,RELIANCE,target_only,2026-03-31,long,1,0.44483423960708646,0.44483423960708646,0.44415243101182655,0,1,0,21,261,1298.1999999999998,1298.1999999999998,77,0.0,165.3543085136,-165.3543085136,zerodha_equity_intraday_nse_order_formula_v2_2026_07_14
P455_contiguous_cross_asset_target_only_l1_l5,2026-04-01,RELIANCE,target_only,2026-04-01,long,1,0.4493932905067809,0.4493932905067809,0.44919786096256686,0,1,0,21,261,1305.8,1305.8,76,0.0,165.2032534592,-165.2032534592,zerodha_equity_intraday_nse_order_formula_v2_2026_07_14
P455_contiguous_cross_asset_target_only_l1_l5,2026-04-02,RELIANCE,target_only,2026-04-02,long,1,0.44866042815023716,0.44866042815023716,0.44764649375600385,0,1,0,21,261,1299.6,1299.6,76,0.0,165.10447863039997,-165.10447863039997,zerodha_equity_intraday_nse_order_formula_v2_2026_07_14
P455_contiguous_cross_asset_target_only_l1_l5,2026-04-03,RELIANCE,target_only,2026-04-03,long,1,0.44010282776349613,0.44010282776349613,0.43902439024390244,0,1,0,21,261,1295.0,1295.0,77,0.0,165.30265716000002,-165.30265716000002,zerodha_equity_intraday_nse_order_formula_v2_2026_07_14
P455_contiguous_cross_asset_target_only_l1_l5,2026-04-06,RELIANCE,target_only,2026-04-06,long,1,0.4328448102790604,0.4328448102790604,0.4330827067669173,0,1,0,21,261,1291.1,1291.1,77,0.0,165.23970707279997,-165.23970707279997,zerodha_equity_intraday_nse_order_formula_v2_2026_07_14
P455_contiguous_cross_asset_target_only_l1_l5,2026-04-07,RELIANCE,target_only,2026-04-07,long,1,0.42978395061728397,0.42978395061728397,0.4300578034682081,0,1,0,21,261,1291.3000000000002,1291.3000000000002,77,0.0,165.2429352824,-165.2429352824,zerodha_equity_intraday_nse_order_formula_v2_2026_07_14
P455_contiguous_cross_asset_target_only_l1_l5,2026-04-08,RELIANCE,target_only,2026-04-08,long,1,0.4403354117394109,0.4403354117394109,0.44122383252818037,0,1,0,21,261,1297.8000000000002,1297.8000000000002,77,0.0,165.3478520944,-165.3478520944,zerodha_equity_intraday_nse_order_formula_v2_2026_07_14
P455_contiguous_cross_asset_target_only_l1_l5,2026-04-09,RELIANCE,target_only,2026-04-09,long,1,0.46684951108991174,0.46684951108991174,0.46648793565683644,0,1,0,21,261,1310.6,1310.6,76,0.0,165.2797242944,-165.2797242944,zerodha_equity_intraday_nse_order_formula_v2_2026_07_14
P455_contiguous_cross_asset_target_only_l1_l5,2026-04-10,RELIANCE,target_only,2026-04-10,long,1,0.4556725769897347,0.4556725769897347,0.45554445554445555,0,1,0,21,261,1303.0,1303.0,76,0.0,165.158645472,-165.158645472,zerodha_equity_intraday_nse_order_formula_v2_2026_07_14
P455_contiguous_cross_asset_target_only_l1_l5,2026-04-13,RELIANCE,target_only,2026-04-13,long,1,0.44559132260321904,0.44559132260321904,0.4456094364351245,0,1,0,21,261,1301.5,1301.5,76,0.0,165.13474833600003,-165.13474833600003,zerodha_equity_intraday_nse_order_formula_v2_2026_07_14
P455_contiguous_cross_asset_target_only_l1_l5,2026-04-14,RELIANCE,target_only,2026-04-14,long,1,0.44089397857406726,0.44089397857406726,0.43983402489626555,0,1,0,21,261,1299.4,1299.4,76,0.0,165.10129234559997,-165.10129234559997,zerodha_equity_intraday_nse_order_formula_v2_2026_07_14
P455_contiguous_cross_asset_target_only_l1_l5,2026-04-15,RELIANCE,target_only,2026-04-15,long,1,0.4399247991796274,0.4399247991796274,0.44046094750320103,0,1,0,21,261,1295.4,1295.4,77,0.0,165.3091135792,-165.3091135792,zerodha_equity_intraday_nse_order_formula_v2_2026_07_14
P455_contiguous_cross_asset_target_only_l1_l5,2026-04-16,RELIANCE,target_only,2026-04-16,long,1,0.47344084808841774,0.47344084808841774,0.47337278106508873,0,1,0,21,261,1312.1,1312.1,76,0.0,165.3036214304,-165.3036214304,zerodha_equity_intraday_nse_order_formula_v2_2026_07_14
P455_contiguous_cross_asset_target_only_l1_l5,2026-04-17,RELIANCE,target_only,2026-04-17,long,1,0.4439260123312781,0.4439260123312781,0.4444444444444444,0,1,0,21,261,1296.6999999999998,1296.6999999999998,77,0.0,165.3300969416,-165.3300969416,zerodha_equity_intraday_nse_order_formula_v2_2026_07_14
P455_contiguous_cross_asset_target_only_l1_l5,2026-04-20,RELIANCE,target_only,2026-04-20,long,1,0.44630494284334243,0.44630494284334243,0.44632086851628466,0,1,0,21,261,1319.9,1319.9,75,0.0,165.15120382,-165.15120382,zerodha_equity_intraday_nse_order_formula_v2_2026_07_14
P455_contiguous_cross_asset_target_only_l1_l5,2026-04-21,RELIANCE,target_only,2026-04-21,long,1,0.4434105582985188,0.4434105582985188,0.4438122332859175,0,1,0,21,261,1300.6,1300.6,76,0.0,165.1204100544,-165.1204100544,zerodha_equity_intraday_nse_order_formula_v2_2026_07_14
P455_contiguous_cross_asset_target_only_l1_l5,2026-04-22,RELIANCE,target_only,2026-04-22,long,1,0.45082909210310296,0.45082909210310296,0.45018450184501846,0,1,0,21,261,1300.0,1300.0,76,0.0,165.11085119999998,-165.11085119999998,zerodha_equity_intraday_nse_order_formula_v2_2026_07_14
P455_contiguous_cross_asset_target_only_l1_l5,2026-04-23,RELIANCE,target_only,2026-04-23,long,1,0.41621182208802693,0.41621182208802693,0.41601392515230634,0,1,0,21,261,1279.6,1279.6,78,0.0,165.32231989119998,-165.32231989119998,zerodha_equity_intraday_nse_order_formula_v2_2026_07_14
P455_contiguous_cross_asset_target_only_l1_l5,2026-04-24,RELIANCE,target_only,2026-04-24,long,1,0.44696132596685084,0.44696132596685084,0.44689655172413795,0,1,0,21,261,1301.3000000000002,1301.3000000000002,76,0.0,165.13156205120004,-165.13156205120004,zerodha_equity_intraday_nse_order_formula_v2_2026_07_14
P455_contiguous_cross_asset_target_only_l1_l5,2026-04-27,RELIANCE,target_only,2026-04-27,long,1,0.43735519515237925,0.43735519515237925,0.4379172229639519,0,1,0,21,261,1296.6,1296.6,77,0.0,165.32848283680002,-165.32848283680002,zerodha_equity_intraday_nse_order_formula_v2_2026_07_14
P455_contiguous_cross_asset_target_only_l1_l5,2026-04-28,RELIANCE,target_only,2026-04-28,long,1,0.4577076310144039,0.4577076310144039,0.4569460390355913,0,1,0,21,261,1304.8000000000002,1304.8000000000002,76,0.0,165.18732203519997,-165.18732203519997,zerodha_equity_intraday_nse_order_formula_v2_2026_07_14
P455_contiguous_cross_asset_target_only_l1_l5,2026-04-29,RELIANCE,target_only,2026-04-29,long,1,0.44615612501851576,0.44615612501851576,0.44617092119866814,0,1,0,21,261,1307.4,1307.4,76,0.0,165.2287437376,-165.2287437376,zerodha_equity_intraday_nse_order_formula_v2_2026_07_14
P455_contiguous_cross_asset_target_only_l1_l5,2026-04-30,RELIANCE,target_only,2026-04-30,long,1,0.44943498784151054,0.44943498784151054,0.45016077170418006,0,1,0,21,261,1305.1999999999998,1305.1999999999998,76,0.0,165.1936946048,-165.1936946048,zerodha_equity_intraday_nse_order_formula_v2_2026_07_14
P455_contiguous_cross_asset_target_only_l1_l5,2026-05-01,RELIANCE,target_only,2026-05-01,long,1,0.44874600235650564,0.44874600235650564,0.4489281210592686,0,1,0,21,261,1299.1,1299.1,76,0.0,165.0965129184,-165.0965129184,zerodha_equity_intraday_nse_order_formula_v2_2026_07_14
P455_contiguous_cross_asset_target_only_l1_l5,2026-05-04,RELIANCE,target_only,2026-05-04,long,1,0.4487006412419845,0.4487006412419845,0.4475347661188369,0,1,0,21,261,1302.3000000000002,1302.3000000000002,76,0.0,165.1474934752,-165.1474934752,zerodha_equity_intraday_nse_order_formula_v2_2026_07_14
P455_contiguous_cross_asset_target_only_l1_l5,2026-05-05,RELIANCE,target_only,2026-05-05,long,1,0.43532008830022073,0.43532008830022073,0.43439911797133407,0,1,0,21,261,1294.1,1294.1,77,0.0,165.28813021680003,-165.28813021680003,zerodha_equity_intraday_nse_order_formula_v2_2026_07_14
P455_contiguous_cross_asset_target_only_l1_l5,2026-05-06,RELIANCE,target_only,2026-05-06,long,1,0.4557515217730607,0.4557515217730607,0.45614035087719296,0,1,0,21,261,1305.6999999999998,1305.6999999999998,76,0.0,165.2016603168,-165.2016603168,zerodha_equity_intraday_nse_order_formula_v2_2026_07_14
P455_contiguous_cross_asset_target_only_l1_l5,2026-05-07,RELIANCE,target_only,2026-05-07,long,1,0.42720061412487204,0.42720061412487204,0.42569511025886864,0,1,0,21,261,1292.5,1292.5,77,0.0,165.26230454,-165.26230454,zerodha_equity_intraday_nse_order_formula_v2_2026_07_14
P455_contiguous_cross_asset_target_only_l1_l5,2026-05-08,RELIANCE,target_only,2026-05-08,long,1,0.4305469235550031,0.4305469235550031,0.4307334109429569,0,1,0,21,261,1295.2,1295.2,77,0.0,165.3058853696,-165.3058853696,zerodha_equity_intraday_nse_order_formula_v2_2026_07_14
P455_contiguous_cross_asset_target_only_l1_l5,2026-05-11,RELIANCE,target_only,2026-05-11,long,1,0.44452841596130593,0.44452841596130593,0.44394110985277463,0,1,0,21,261,1289.9,1289.9,77,0.0,165.2203378152,-165.2203378152,zerodha_equity_intraday_nse_order_formula_v2_2026_07_14
P455_contiguous_cross_asset_target_only_l1_l5,2026-05-12,RELIANCE,target_only,2026-05-12,long,1,0.44791006966434455,0.44791006966434455,0.4483985765124555,0,1,0,21,261,1311.3000000000002,1311.3000000000002,76,0.0,165.2908762912,-165.2908762912,zerodha_equity_intraday_nse_order_formula_v2_2026_07_14
P455_contiguous_cross_asset_target_only_l1_l5,2026-05-13,RELIANCE,target_only,2026-05-13,long,1,0.432833605462372,0.432833605462372,0.43159065628476084,0,1,0,21,261,1313.9,1313.9,76,0.0,165.3322979936,-165.3322979936,zerodha_equity_intraday_nse_order_formula_v2_2026_07_14
P455_contiguous_cross_asset_target_only_l1_l5,2026-05-14,RELIANCE,target_only,2026-05-14,long,1,0.46313963573287076,0.46313963573287076,0.4623955431754875,0,1,0,21,261,1308.4,1308.4,76,0.0,165.2446751616,-165.2446751616,zerodha_equity_intraday_nse_order_formula_v2_2026_07_14
P455_contiguous_cross_asset_target_only_l1_l5,2026-05-15,RELIANCE,target_only,2026-05-15,long,1,0.43735519515237925,0.43735519515237925,0.4379172229639519,0,1,0,21,261,1295.9,1295.9,77,0.0,165.31718410320002,-165.31718410320002,zerodha_equity_intraday_nse_order_formula_v2_2026_07_14
P455_contiguous_cross_asset_target_only_l1_l5,2026-05-18,RELIANCE,target_only,2026-05-18,long,1,0.432833605462372,0.432833605462372,0.43159065628476084,0,1,0,21,261,1300.9,1300.9,76,0.0,165.12518948160002,-165.12518948160002,zerodha_equity_intraday_nse_order_formula_v2_2026_07_14
P455_contiguous_cross_asset_target_only_l1_l5,2026-05-19,RELIANCE,target_only,2026-05-19,long,1,0.44665864971654357,0.44665864971654357,0.4453024453024453,0,1,0,21,261,1302.3000000000002,1302.3000000000002,76,0.0,165.1474934752,-165.1474934752,zerodha_equity_intraday_nse_order_formula_v2_2026_07_14
P455_contiguous_cross_asset_target_only_l1_l5,2026-05-20,RELIANCE,target_only,2026-05-20,long,1,0.4438731790916881,0.4438731790916881,0.4441591784338896,0,1,0,21,261,1301.5,1301.5,76,0.0,165.13474833600003,-165.13474833600003,zerodha_equity_intraday_nse_order_formula_v2_2026_07_14
P455_contiguous_cross_asset_target_only_l1_l5,2026-05-21,RELIANCE,target_only,2026-05-21,long,1,0.4506172839506173,0.4506172839506173,0.44914134742404227,0,1,0,21,261,1303.1999999999998,1303.1999999999998,76,0.0,165.16183175679998,-165.16183175679998,zerodha_equity_intraday_nse_order_formula_v2_2026_07_14
P455_contiguous_cross_asset_target_only_l1_l5,2026-05-22,RELIANCE,target_only,2026-05-22,long,1,0.4503114382785957,0.4503114382785957,0.4496288441145281,0,1,0,21,261,1301.1,1301.1,76,0.0,165.1283757664,-165.1283757664,zerodha_equity_intraday_nse_order_formula_v2_2026_07_14
P455_contiguous_cross_asset_target_only_l1_l5,2026-05-25,RELIANCE,target_only,2026-05-25,long,1,0.44210872064378387,0.44210872064378387,0.4403444034440344,0,1,0,21,261,1293.9,1293.9,77,0.0,165.28490200720003,-165.28490200720003,zerodha_equity_intraday_nse_order_formula_v2_2026_07_14
P455_contiguous_cross_asset_target_only_l1_l5,2026-05-26,RELIANCE,target_only,2026-05-26,long,1,0.4432201883774658,0.4432201883774658,0.4420772303595206,0,1,0,21,261,1300.1999999999998,1300.1999999999998,76,0.0,165.11403748479998,-165.11403748479998,zerodha_equity_intraday_nse_order_formula_v2_2026_07_14
P455_contiguous_cross_asset_target_only_l1_l5,2026-05-27,RELIANCE,target_only,2026-05-27,long,1,0.4519641018096219,0.4519641018096219,0.4520396912899669,0,1,0,21,261,1269.6,1269.6,78,0.0,165.15881317120002,-165.15881317120002,zerodha_equity_intraday_nse_order_formula_v2_2026_07_14
P455_contiguous_cross_asset_target_only_l1_l5,2026-05-28,RELIANCE,target_only,2026-05-28,long,1,0.4379454926624738,0.4379454926624738,0.4364207221350079,0,1,0,21,261,1299.1,1299.1,76,0.0,165.0965129184,-165.0965129184,zerodha_equity_intraday_nse_order_formula_v2_2026_07_14
P455_contiguous_cross_asset_target_only_l1_l5,2026-05-29,RELIANCE,target_only,2026-05-29,long,1,0.4457162093923582,0.4457162093923582,0.44388398486759145,0,1,0,21,261,1297.9,1297.9,77,0.0,165.34946619919998,-165.34946619919998,zerodha_equity_intraday_nse_order_formula_v2_2026_07_14
P455_contiguous_cross_asset_target_only_l1_l5,2026-06-01,RELIANCE,target_only,2026-06-01,long,1,0.44560260586319217,0.44560260586319217,0.44552845528455287,0,1,0,21,261,1299.9,1299.9,76,0.0,165.10925805760002,-165.10925805760002,zerodha_equity_intraday_nse_order_formula_v2_2026_07_14
P455_contiguous_cross_asset_target_only_l1_l5,2026-06-02,RELIANCE,target_only,2026-06-02,long,1,0.4348322626695218,0.4348322626695218,0.43422459893048126,0,1,0,21,261,1262.1999999999998,1262.1999999999998,79,0.0,165.30240561120002,-165.30240561120002,zerodha_equity_intraday_nse_order_formula_v2_2026_07_14
P455_contiguous_cross_asset_target_only_l1_l5,2026-06-03,RELIANCE,target_only,2026-06-03,long,1,0.4419692998876825,0.4419692998876825,0.44039270687237025,0,1,0,21,261,1297.5,1297.5,77,0.0,165.34300978000002,-165.34300978000002,zerodha_equity_intraday_nse_order_formula_v2_2026_07_14
P455_contiguous_cross_asset_target_only_l1_l5,2026-06-04,RELIANCE,target_only,2026-06-04,long,1,0.4442486382569689,0.4442486382569689,0.44417767106842737,0,1,0,21,261,1299.9,1299.9,76,0.0,165.10925805760002,-165.10925805760002,zerodha_equity_intraday_nse_order_formula_v2_2026_07_14
P455_contiguous_cross_asset_target_only_l1_l5,2026-06-05,RELIANCE,target_only,2026-06-05,long,1,0.4545598480050665,0.4545598480050665,0.4531435349940688,0,1,0,21,261,1301.1,1301.1,76,0.0,165.1283757664,-165.1283757664,zerodha_equity_intraday_nse_order_formula_v2_2026_07_14
P455_contiguous_cross_asset_target_only_l1_l5,2026-06-08,RELIANCE,target_only,2026-06-08,long,1,0.44268177525967894,0.44268177525967894,0.44130127298444133,0,1,0,21,261,1297.4,1297.4,77,0.0,165.34139567520003,-165.34139567520003,zerodha_equity_intraday_nse_order_formula_v2_2026_07_14
P455_contiguous_cross_asset_target_only_l1_l5,2026-06-09,RELIANCE,target_only,2026-06-09,long,1,0.4487156457697144,0.4487156457697144,0.44952893674293404,0,1,0,21,261,1300.0,1300.0,76,0.0,165.11085119999998,-165.11085119999998,zerodha_equity_intraday_nse_order_formula_v2_2026_07_14
P455_contiguous_cross_asset_target_only_l1_l5,2026-06-10,RELIANCE,target_only,2026-06-10,long,1,0.4270984606447865,0.4270984606447865,0.426550598476605,0,1,0,21,261,1292.4,1292.4,77,0.0,165.26069043520002,-165.26069043520002,zerodha_equity_intraday_nse_order_formula_v2_2026_07_14
P455_contiguous_cross_asset_target_only_l1_l5,2026-06-11,RELIANCE,target_only,2026-06-11,long,1,0.44620963564151267,0.44620963564151267,0.445019404915912,0,1,0,21,261,1302.3000000000002,1302.3000000000002,76,0.0,165.1474934752,-165.1474934752,zerodha_equity_intraday_nse_order_formula_v2_2026_07_14
P455_contiguous_cross_asset_target_only_l1_l5,2026-06-12,RELIANCE,target_only,2026-06-12,long,1,0.3901867051501759,0.3901867051501759,0.39080459770114945,0,1,0,21,261,1279.8,1279.8,78,0.0,165.3255900256,-165.3255900256,zerodha_equity_intraday_nse_order_formula_v2_2026_07_14
P455_contiguous_cross_asset_target_only_l1_l5,2026-06-15,RELIANCE,target_only,2026-06-15,long,1,0.433113193057902,0.433113193057902,0.4326812428078251,0,1,0,21,261,1296.1999999999998,1296.1999999999998,77,0.0,165.3220264176,-165.3220264176,zerodha_equity_intraday_nse_order_formula_v2_2026_07_14
P455_contiguous_cross_asset_target_only_l1_l5,2026-06-16,RELIANCE,target_only,2026-06-16,long,1,0.4382745098039216,0.4382745098039216,0.4371327849588719,0,1,0,21,261,1293.6,1293.6,77,0.0,165.2800596928,-165.2800596928,zerodha_equity_intraday_nse_order_formula_v2_2026_07_14
P455_contiguous_cross_asset_target_only_l1_l5,2026-06-17,RELIANCE,target_only,2026-06-17,long,1,0.43995726495726495,0.43995726495726495,0.4384,0,1,0,21,261,1298.6999999999998,1298.6999999999998,77,0.0,165.3623790376,-165.3623790376,zerodha_equity_intraday_nse_order_formula_v2_2026_07_14
P455_contiguous_cross_asset_target_only_l1_l5,2026-06-18,RELIANCE,target_only,2026-06-18,long,1,0.45458853261728005,0.45458853261728005,0.4544378698224852,0,1,0,21,261,1301.1,1301.1,76,0.0,165.1283757664,-165.1283757664,zerodha_equity_intraday_nse_order_formula_v2_2026_07_14
P455_contiguous_cross_asset_target_only_l1_l5,2026-06-19,RELIANCE,target_only,2026-06-19,long,1,0.44754555902150717,0.44754555902150717,0.44772447724477243,0,1,0,21,261,1300.3000000000002,1300.3000000000002,76,0.0,165.1156306272,-165.1156306272,zerodha_equity_intraday_nse_order_formula_v2_2026_07_14
P455_contiguous_cross_asset_target_only_l1_l5,2026-06-22,RELIANCE,target_only,2026-06-22,long,1,0.42008225783576797,0.42008225783576797,0.41870350690754515,0,1,0,21,261,1291.5,1291.5,77,0.0,165.24616349200002,-165.24616349200002,zerodha_equity_intraday_nse_order_formula_v2_2026_07_14
P455_contiguous_cross_asset_target_only_l1_l5,2026-06-23,RELIANCE,target_only,2026-06-23,long,1,0.4636464633995803,0.4636464633995803,0.46253469010175763,0,1,0,21,261,1308.1999999999998,1308.1999999999998,76,0.0,165.2414888768,-165.2414888768,zerodha_equity_intraday_nse_order_formula_v2_2026_07_14
P455_contiguous_cross_asset_target_only_l1_l5,2026-06-24,RELIANCE,target_only,2026-06-24,long,1,0.4458620110794024,0.4458620110794024,0.44528301886792454,0,1,0,21,261,1302.1999999999998,1302.1999999999998,76,0.0,165.14590033279998,-165.14590033279998,zerodha_equity_intraday_nse_order_formula_v2_2026_07_14
P455_contiguous_cross_asset_target_only_l1_l5,2026-06-25,RELIANCE,target_only,2026-06-25,long,1,0.44027688345138444,0.44027688345138444,0.4390832328106152,0,1,0,21,261,1323.2,1323.2,75,0.0,165.20308576,-165.20308576,zerodha_equity_intraday_nse_order_formula_v2_2026_07_14
P455_contiguous_cross_asset_target_only_l1_l5,2026-06-26,RELIANCE,target_only,2026-06-26,long,1,0.42313810556760667,0.42313810556760667,0.4225352112676056,0,1,0,21,261,1290.3000000000002,1290.3000000000002,77,0.0,165.2267942344,-165.2267942344,zerodha_equity_intraday_nse_order_formula_v2_2026_07_14
P455_contiguous_cross_asset_target_only_l1_l5,2026-06-29,RELIANCE,target_only,2026-06-29,long,1,0.44869857262804363,0.44869857262804363,0.4477987421383648,0,1,0,21,261,1302.1,1302.1,76,0.0,165.1443071904,-165.1443071904,zerodha_equity_intraday_nse_order_formula_v2_2026_07_14
P455_contiguous_cross_asset_target_only_l1_l5,2026-06-30,RELIANCE,target_only,2026-06-30,long,1,0.4849977200182399,0.4849977200182399,0.4839371155160629,0,1,0,21,261,1315.0,1315.0,76,0.0,165.34982255999998,-165.34982255999998,zerodha_equity_intraday_nse_order_formula_v2_2026_07_14
P455_contiguous_cross_asset_etf_l1_only,2026-01-01,AXISBANK,BANKBEES,2026-01-01,long,1,0.6537788289960548,0.016579259008627983,0.017743979721166033,0,0,1,21,261,1316.6,1316.6,75,0.0,165.09932188000002,-165.09932188000002,zerodha_equity_intraday_nse_order_formula_v2_2026_07_14
P455_contiguous_cross_asset_etf_l1_only,2026-01-02,AXISBANK,BANKBEES,2026-01-02,long,1,0.6693319321869547,0.015829218704618064,0.015233949945593036,0,0,1,21,261,1317.5,1317.5,75,0.0,165.1134715,-165.1134715,zerodha_equity_intraday_nse_order_formula_v2_2026_07_14
P455_contiguous_cross_asset_etf_l1_only,2026-01-05,AXISBANK,BANKBEES,2026-01-05,long,1,0.6610456609012119,0.01300041271151465,0.012364760432766615,0,0,1,21,261,1317.0,1317.0,75,0.0,165.10561060000003,-165.10561060000003,zerodha_equity_intraday_nse_order_formula_v2_2026_07_14
P455_contiguous_cross_asset_etf_l1_only,2026-01-06,AXISBANK,BANKBEES,2026-01-06,long,1,0.6641406401881619,0.019604182225541448,0.019580419580419582,0,0,1,21,261,1319.5,1319.5,75,0.0,165.1449151,-165.1449151,zerodha_equity_intraday_nse_order_formula_v2_2026_07_14
P455_contiguous_cross_asset_etf_l1_only,2026-01-07,AXISBANK,BANKBEES,2026-01-07,long,1,0.6232102389821081,0.00492091388400703,0.0052677787532923615,0,0,1,21,261,1303.1,1303.1,76,0.0,165.16023861440001,-165.16023861440001,zerodha_equity_intraday_nse_order_formula_v2_2026_07_14
P455_contiguous_cross_asset_etf_l1_only,2026-01-08,AXISBANK,BANKBEES,2026-01-08,long,1,0.6631671599646274,0.01606903734563309,0.01560758082497213,0,0,1,21,261,1283.1999999999998,1283.1999999999998,77,0.0,165.1121927936,-165.1121927936,zerodha_equity_intraday_nse_order_formula_v2_2026_07_14
P455_contiguous_cross_asset_etf_l1_only,2026-01-09,AXISBANK,BANKBEES,2026-01-09,long,1,0.6612058982830215,0.019100538287897203,0.018205461638491547,0,0,1,21,261,1321.5,1321.5,75,0.0,165.1763587,-165.1763587,zerodha_equity_intraday_nse_order_formula_v2_2026_07_14
P455_contiguous_cross_asset_etf_l1_only,2026-01-12,AXISBANK,BANKBEES,2026-01-12,long,1,0.6601034731497876,0.03585320480297649,0.035487959442332066,0,0,1,21,261,1326.9,1326.9,75,0.0,165.26125642,-165.26125642,zerodha_equity_intraday_nse_order_formula_v2_2026_07_14
P455_contiguous_cross_asset_etf_l1_only,2026-01-13,AXISBANK,BANKBEES,2026-01-13,long,1,0.656147921809759,0.019762183888795845,0.020075282308657464,0,0,1,21,261,1317.4,1317.4,75,0.0,165.11189932,-165.11189932,zerodha_equity_intraday_nse_order_formula_v2_2026_07_14
P455_contiguous_cross_asset_etf_l1_only,2026-01-14,AXISBANK,BANKBEES,2026-01-14,long,1,0.6847316152997736,0.03444426726199968,0.03345280764635603,0,0,1,21,261,1323.9,1323.9,75,0.0,165.21409101999998,-165.21409101999998,zerodha_equity_intraday_nse_order_formula_v2_2026_07_14
P455_contiguous_cross_asset_etf_l1_only,2026-01-15,AXISBANK,BANKBEES,2026-01-15,long,1,0.6879768856695221,0.04101979774960832,0.04055496264674493,0,0,1,21,261,1346.5,1346.5,74,0.0,165.287144984,-165.287144984,zerodha_equity_intraday_nse_order_formula_v2_2026_07_14
P455_contiguous_cross_asset_etf_l1_only,2026-01-16,AXISBANK,BANKBEES,2026-01-16,long,1,0.6575807327092282,0.01812004530011325,0.01696969696969697,0,0,1,21,261,1344.3000000000002,1344.3000000000002,74,0.0,165.2530181968,-165.2530181968,zerodha_equity_intraday_nse_order_formula_v2_2026_07_14
P455_contiguous_cross_asset_etf_l1_only,2026-01-19,AXISBANK,BANKBEES,2026-01-19,long,1,0.6695769492812746,0.021196732170457054,0.019834710743801654,0,0,1,21,261,1317.4,1317.4,75,0.0,165.11189932,-165.11189932,zerodha_equity_intraday_nse_order_formula_v2_2026_07_14
P455_contiguous_cross_asset_etf_l1_only,2026-01-20,AXISBANK,BANKBEES,2026-01-20,long,1,0.6835321973043729,0.03213042101930991,0.03084223013048636,0,0,1,21,261,1325.9,1325.9,75,0.0,165.24553462,-165.24553462,zerodha_equity_intraday_nse_order_formula_v2_2026_07_14
P455_contiguous_cross_asset_etf_l1_only,2026-01-21,AXISBANK,BANKBEES,2026-01-21,long,1,0.6672970277398926,0.020382842963488124,0.01859229747675963,0,0,1,21,261,1319.1,1319.1,75,0.0,165.13862637999998,-165.13862637999998,zerodha_equity_intraday_nse_order_formula_v2_2026_07_14
P455_contiguous_cross_asset_etf_l1_only,2026-01-22,AXISBANK,BANKBEES,2026-01-22,long,1,0.6629833300786572,0.015701377573692787,0.01553829078801332,0,0,1,21,261,1300.1999999999998,1300.1999999999998,76,0.0,165.11403748479998,-165.11403748479998,zerodha_equity_intraday_nse_order_formula_v2_2026_07_14
P455_contiguous_cross_asset_etf_l1_only,2026-01-23,AXISBANK,BANKBEES,2026-01-23,long,1,0.6586440560667567,0.024881003894418,0.02593192868719611,0,0,1,21,261,1320.9,1320.9,75,0.0,165.16692562,-165.16692562,zerodha_equity_intraday_nse_order_formula_v2_2026_07_14
P455_contiguous_cross_asset_etf_l1_only,2026-01-26,AXISBANK,BANKBEES,2026-01-26,long,1,0.6766180633843256,0.02153478037942232,0.020486555697823303,0,0,1,21,261,1321.8000000000002,1321.8000000000002,75,0.0,165.18107523999998,-165.18107523999998,zerodha_equity_intraday_nse_order_formula_v2_2026_07_14
P455_contiguous_cross_asset_etf_l1_only,2026-01-27,AXISBANK,BANKBEES,2026-01-27,long,1,0.6659743815874326,0.026744825059534714,0.027434842249657063,0,0,1,21,261,1333.1,1333.1,75,0.0,165.35873158,-165.35873158,zerodha_equity_intraday_nse_order_formula_v2_2026_07_14
P455_contiguous_cross_asset_etf_l1_only,2026-01-28,AXISBANK,BANKBEES,2026-01-28,long,1,0.6536640146508755,0.011347517730496455,0.011806375442739079,0,0,1,21,261,1317.9,1317.9,75,0.0,165.11976022000002,-165.11976022000002,zerodha_equity_intraday_nse_order_formula_v2_2026_07_14
P455_contiguous_cross_asset_etf_l1_only,2026-01-29,AXISBANK,BANKBEES,2026-01-29,long,1,0.6895780542317974,0.030136500620457366,0.029216467463479414,0,0,1,21,261,1322.1999999999998,1322.1999999999998,75,0.0,165.18736396,-165.18736396,zerodha_equity_intraday_nse_order_formula_v2_2026_07_14
P455_contiguous_cross_asset_etf_l1_only,2026-01-30,AXISBANK,BANKBEES,2026-01-30,long,1,0.6725395114739854,0.02378870036732552,0.023591087811271297,0,0,1,21,261,1321.8000000000002,1321.8000000000002,75,0.0,165.18107523999998,-165.18107523999998,zerodha_equity_intraday_nse_order_formula_v2_2026_07_14
P455_contiguous_cross_asset_etf_l1_only,2026-02-02,AXISBANK,BANKBEES,2026-02-02,long,1,0.6944548454013325,0.013764510779436153,0.012422360248447204,0,0,1,21,261,1328.0,1328.0,75,0.0,165.27855040000003,-165.27855040000003,zerodha_equity_intraday_nse_order_formula_v2_2026_07_14
P455_contiguous_cross_asset_etf_l1_only,2026-02-03,AXISBANK,BANKBEES,2026-02-03,long,1,0.6722534202037844,0.01670601053205012,0.0163265306122449,0,0,1,21,261,1322.0,1322.0,75,0.0,165.18421960000003,-165.18421960000003,zerodha_equity_intraday_nse_order_formula_v2_2026_07_14
P455_contiguous_cross_asset_etf_l1_only,2026-02-04,AXISBANK,BANKBEES,2026-02-04,long,1,0.634844527044179,0.0008939974457215837,0.0,0,0,1,21,261,1313.1999999999998,1313.1999999999998,76,0.0,165.32114599679997,-165.32114599679997,zerodha_equity_intraday_nse_order_formula_v2_2026_07_14
P455_contiguous_cross_asset_etf_l1_only,2026-02-05,AXISBANK,BANKBEES,2026-02-05,long,1,0.6497058415916956,0.013522112631244034,0.014302741358760428,0,0,1,21,261,1316.0,1316.0,75,0.0,165.0898888,-165.0898888,zerodha_equity_intraday_nse_order_formula_v2_2026_07_14
P455_contiguous_cross_asset_etf_l1_only,2026-02-06,AXISBANK,BANKBEES,2026-02-06,long,1,0.632580478866578,0.007057716436637391,0.007050528789659225,0,0,1,21,261,1316.4,1316.4,75,0.0,165.09617752,-165.09617752,zerodha_equity_intraday_nse_order_formula_v2_2026_07_14
P455_contiguous_cross_asset_etf_l1_only,2026-02-09,AXISBANK,BANKBEES,2026-02-09,long,1,0.6593520171448211,0.0223666314039595,0.022650056625141562,0,0,1,21,261,1321.1999999999998,1321.1999999999998,75,0.0,165.17164215999998,-165.17164215999998,zerodha_equity_intraday_nse_order_formula_v2_2026_07_14
P455_contiguous_cross_asset_etf_l1_only,2026-02-10,AXISBANK,BANKBEES,2026-02-10,long,1,0.6927803775358728,0.03789050417568821,0.03707995365005794,0,0,1,21,261,1327.6999999999998,1327.6999999999998,75,0.0,165.27383386,-165.27383386,zerodha_equity_intraday_nse_order_formula_v2_2026_07_14
P455_contiguous_cross_asset_etf_l1_only,2026-02-11,AXISBANK,BANKBEES,2026-02-11,long,1,0.6602948041485572,0.016579259008627983,0.017743979721166033,0,0,1,21,261,1319.5,1319.5,75,0.0,165.1449151,-165.1449151,zerodha_equity_intraday_nse_order_formula_v2_2026_07_14
P455_contiguous_cross_asset_etf_l1_only,2026-02-12,AXISBANK,BANKBEES,2026-02-12,long,1,0.6678594011408097,0.02228596646072374,0.019834710743801654,0,0,1,21,261,1322.5,1322.5,75,0.0,165.1920805,-165.1920805,zerodha_equity_intraday_nse_order_formula_v2_2026_07_14
P455_contiguous_cross_asset_etf_l1_only,2026-02-13,AXISBANK,BANKBEES,2026-02-13,long,1,0.6547077511489466,0.013465346534653465,0.013847675568743818,0,0,1,21,261,1317.5,1317.5,75,0.0,165.1134715,-165.1134715,zerodha_equity_intraday_nse_order_formula_v2_2026_07_14
P455_contiguous_cross_asset_etf_l1_only,2026-02-16,AXISBANK,BANKBEES,2026-02-16,long,1,0.647791049202955,0.010032965457933208,0.010741138560687433,0,0,1,21,261,1317.8000000000002,1317.8000000000002,75,0.0,165.11818804000004,-165.11818804000004,zerodha_equity_intraday_nse_order_formula_v2_2026_07_14
P455_contiguous_cross_asset_etf_l1_only,2026-02-17,AXISBANK,BANKBEES,2026-02-17,long,1,0.6591902763044593,0.015170088875268158,0.013777267508610792,0,0,1,21,261,1316.3000000000002,1316.3000000000002,75,0.0,165.09460534,-165.09460534,zerodha_equity_intraday_nse_order_formula_v2_2026_07_14
P455_contiguous_cross_asset_etf_l1_only,2026-02-18,AXISBANK,BANKBEES,2026-02-18,long,1,0.6705965011999494,0.027564102564102563,0.0288,0,0,1,21,261,1319.4,1319.4,75,0.0,165.14334292,-165.14334292,zerodha_equity_intraday_nse_order_formula_v2_2026_07_14
P455_contiguous_cross_asset_etf_l1_only,2026-02-19,AXISBANK,BANKBEES,2026-02-19,long,1,0.6422719459037898,0.008214381901427417,0.008072653884964682,0,0,1,21,261,1314.3000000000002,1314.3000000000002,76,0.0,165.33867056320003,-165.33867056320003,zerodha_equity_intraday_nse_order_formula_v2_2026_07_14
P455_contiguous_cross_asset_etf_l1_only,2026-02-20,AXISBANK,BANKBEES,2026-02-20,long,1,0.6774945907733333,0.026764405046027957,0.02554278416347382,0,0,1,21,261,1320.9,1320.9,75,0.0,165.16692562,-165.16692562,zerodha_equity_intraday_nse_order_formula_v2_2026_07_14
P455_contiguous_cross_asset_etf_l1_only,2026-02-23,AXISBANK,BANKBEES,2026-02-23,long,1,0.6497935168070909,0.015401540154015401,0.014134275618374558,0,0,1,21,261,1319.5,1319.5,75,0.0,165.1449151,-165.1449151,zerodha_equity_intraday_nse_order_formula_v2_2026_07_14
P455_contiguous_cross_asset_etf_l1_only,2026-02-24,AXISBANK,BANKBEES,2026-02-24,long,1,0.6765209787663924,0.02596840510711967,0.02593192868719611,0,0,1,21,261,1320.3,1320.3,75,0.0,165.15749254,-165.15749254,zerodha_equity_intraday_nse_order_formula_v2_2026_07_14
P455_contiguous_cross_asset_etf_l1_only,2026-02-25,AXISBANK,BANKBEES,2026-02-25,long,1,0.6569023138314374,0.019198818534244048,0.019363762102351315,0,0,1,21,261,1318.1,1318.1,75,0.0,165.12290458,-165.12290458,zerodha_equity_intraday_nse_order_formula_v2_2026_07_14
P455_contiguous_cross_asset_etf_l1_only,2026-02-26,AXISBANK,BANKBEES,2026-02-26,long,1,0.649536396618056,0.010858090785703513,0.011299435028248588,0,0,1,21,261,1316.1,1316.1,75,0.0,165.09146098000002,-165.09146098000002,zerodha_equity_intraday_nse_order_formula_v2_2026_07_14
P455_contiguous_cross_asset_etf_l1_only,2026-02-27,AXISBANK,BANKBEES,2026-02-27,long,1,0.643892842941006,0.009854014598540146,0.010938924339106655,0,0,1,21,261,1315.2,1315.2,76,0.0,165.3530088448,-165.3530088448,zerodha_equity_intraday_nse_order_formula_v2_2026_07_14
P455_contiguous_cross_asset_etf_l1_only,2026-03-02,AXISBANK,BANKBEES,2026-03-02,long,1,0.6570001499578965,0.013104013104013105,0.014723926380368098,0,0,1,21,261,1317.4,1317.4,75,0.0,165.11189932,-165.11189932,zerodha_equity_intraday_nse_order_formula_v2_2026_07_14
P455_contiguous_cross_asset_etf_l1_only,2026-03-03,AXISBANK,BANKBEES,2026-03-03,long,1,0.7029247152975526,0.044889779559118236,0.044044044044044044,0,0,1,21,261,1299.5,1299.5,76,0.0,165.102885488,-165.102885488,zerodha_equity_intraday_nse_order_formula_v2_2026_07_14
P455_contiguous_cross_asset_etf_l1_only,2026-03-04,AXISBANK,BANKBEES,2026-03-04,long,1,0.6724091852333587,0.02948094715383409,0.03055229142185664,0,0,1,21,261,1339.1,1339.1,74,0.0,165.17235488160003,-165.17235488160003,zerodha_equity_intraday_nse_order_formula_v2_2026_07_14
P455_contiguous_cross_asset_etf_l1_only,2026-03-05,AXISBANK,BANKBEES,2026-03-05,long,1,0.6710050932629843,0.020627344016365495,0.020434227330779056,0,0,1,21,261,1317.9,1317.9,75,0.0,165.11976022000002,-165.11976022000002,zerodha_equity_intraday_nse_order_formula_v2_2026_07_14
P455_contiguous_cross_asset_etf_l1_only,2026-03-06,AXISBANK,BANKBEES,2026-03-06,long,1,0.6598810925793469,0.023924164911224798,0.02480270574971815,0,0,1,21,261,1318.6,1318.6,75,0.0,165.13076547999998,-165.13076547999998,zerodha_equity_intraday_nse_order_formula_v2_2026_07_14
P455_contiguous_cross_asset_etf_l1_only,2026-03-09,AXISBANK,BANKBEES,2026-03-09,long,1,0.6809589874650116,0.03393939393939394,0.03372243839169909,0,0,1,21,261,1325.6999999999998,1325.6999999999998,75,0.0,165.24239026,-165.24239026,zerodha_equity_intraday_nse_order_formula_v2_2026_07_14
P455_contiguous_cross_asset_etf_l1_only,2026-03-10,AXISBANK,BANKBEES,2026-03-10,long,1,0.6638879195362187,0.020382842963488124,0.01859229747675963,0,0,1,21,261,1321.1999999999998,1321.1999999999998,75,0.0,165.17164215999998,-165.17164215999998,zerodha_equity_intraday_nse_order_formula_v2_2026_07_14
P455_contiguous_cross_asset_etf_l1_only,2026-03-11,AXISBANK,BANKBEES,2026-03-11,long,1,0.6732305090166777,0.02629176556509038,0.027359781121751026,0,0,1,21,261,1321.6,1321.6,75,0.0,165.17793088,-165.17793088,zerodha_equity_intraday_nse_order_formula_v2_2026_07_14
P455_contiguous_cross_asset_etf_l1_only,2026-03-12,AXISBANK,BANKBEES,2026-03-12,long,1,0.6591269070815691,0.015479387142631496,0.014201183431952662,0,0,1,21,261,1351.4,1351.4,73,0.0,165.07986877279998,-165.07986877279998,zerodha_equity_intraday_nse_order_formula_v2_2026_07_14
P455_contiguous_cross_asset_etf_l1_only,2026-03-13,AXISBANK,BANKBEES,2026-03-13,long,1,0.718619016032535,0.0480164751788424,0.047116165718927704,0,0,1,21,261,1329.3,1329.3,75,0.0,165.29898874,-165.29898874,zerodha_equity_intraday_nse_order_formula_v2_2026_07_14
P455_contiguous_cross_asset_etf_l1_only,2026-03-16,AXISBANK,BANKBEES,2026-03-16,long,1,0.6692981668089099,0.024967433782023447,0.026016260162601626,0,0,1,21,261,1322.6,1322.6,75,0.0,165.19365268,-165.19365268,zerodha_equity_intraday_nse_order_formula_v2_2026_07_14
P455_contiguous_cross_asset_etf_l1_only,2026-03-17,AXISBANK,BANKBEES,2026-03-17,long,1,0.6678288002835894,0.02272296913463359,0.02269503546099291,0,0,1,21,261,1321.9,1321.9,75,0.0,165.18264742000002,-165.18264742000002,zerodha_equity_intraday_nse_order_formula_v2_2026_07_14
P455_contiguous_cross_asset_etf_l1_only,2026-03-18,AXISBANK,BANKBEES,2026-03-18,long,1,0.6350265856016462,0.007993197278911564,0.007643312101910828,0,0,1,21,261,1316.0,1316.0,75,0.0,165.0898888,-165.0898888,zerodha_equity_intraday_nse_order_formula_v2_2026_07_14
P455_contiguous_cross_asset_etf_l1_only,2026-03-19,AXISBANK,BANKBEES,2026-03-19,long,1,0.6636193846923045,0.00706951691634405,0.007566204287515763,0,0,1,21,261,1313.6,1313.6,76,0.0,165.3275185664,-165.3275185664,zerodha_equity_intraday_nse_order_formula_v2_2026_07_14
P455_contiguous_cross_asset_etf_l1_only,2026-03-20,AXISBANK,BANKBEES,2026-03-20,long,1,0.6580791232120161,0.014294892386765179,0.01444043321299639,0,0,1,21,261,1315.9,1315.9,75,0.0,165.08831662,-165.08831662,zerodha_equity_intraday_nse_order_formula_v2_2026_07_14
P455_contiguous_cross_asset_etf_l1_only,2026-03-23,AXISBANK,BANKBEES,2026-03-23,long,1,0.6555878368730842,0.01957765068191817,0.019769357495881382,0,0,1,21,261,1317.4,1317.4,75,0.0,165.11189932,-165.11189932,zerodha_equity_intraday_nse_order_formula_v2_2026_07_14
P455_contiguous_cross_asset_etf_l1_only,2026-03-24,AXISBANK,BANKBEES,2026-03-24,long,1,0.6610206462938509,0.017076753580609623,0.016506189821182942,0,0,1,21,261,1317.4,1317.4,75,0.0,165.11189932,-165.11189932,zerodha_equity_intraday_nse_order_formula_v2_2026_07_14
P455_contiguous_cross_asset_etf_l1_only,2026-03-25,AXISBANK,BANKBEES,2026-03-25,long,1,0.6527140349528495,0.02621527777777778,0.02860858257477243,0,0,1,21,261,1321.6999999999998,1321.6999999999998,75,0.0,165.17950306,-165.17950306,zerodha_equity_intraday_nse_order_formula_v2_2026_07_14
P455_contiguous_cross_asset_etf_l1_only,2026-03-26,AXISBANK,BANKBEES,2026-03-26,long,1,0.6535060491915754,0.010674695497468181,0.012307692307692308,0,0,1,21,261,1314.5,1314.5,76,0.0,165.34185684800002,-165.34185684800002,zerodha_equity_intraday_nse_order_formula_v2_2026_07_14
P455_contiguous_cross_asset_etf_l1_only,2026-03-27,AXISBANK,BANKBEES,2026-03-27,long,1,0.6669086285336904,0.019909972299168976,0.020752269779507133,0,0,1,21,261,1319.4,1319.4,75,0.0,165.14334292,-165.14334292,zerodha_equity_intraday_nse_order_formula_v2_2026_07_14
P455_contiguous_cross_asset_etf_l1_only,2026-03-30,AXISBANK,BANKBEES,2026-03-30,long,1,0.6991798032945165,0.03172623995566639,0.03115264797507788,0,0,1,21,261,1323.6,1323.6,75,0.0,165.20937447999998,-165.20937447999998,zerodha_equity_intraday_nse_order_formula_v2_2026_07_14
P455_contiguous_cross_asset_etf_l1_only,2026-03-31,AXISBANK,BANKBEES,2026-03-31,long,1,0.6740923872713781,0.02689445196211096,0.025348542458808618,0,0,1,21,261,1323.6,1323.6,75,0.0,165.20937447999998,-165.20937447999998,zerodha_equity_intraday_nse_order_formula_v2_2026_07_14
P455_contiguous_cross_asset_etf_l1_only,2026-04-01,AXISBANK,BANKBEES,2026-04-01,long,1,0.6899151181571064,0.03947196444909162,0.039177277179236046,0,0,1,21,261,1326.5,1326.5,75,0.0,165.25496769999998,-165.25496769999998,zerodha_equity_intraday_nse_order_formula_v2_2026_07_14
P455_contiguous_cross_asset_etf_l1_only,2026-04-02,AXISBANK,BANKBEES,2026-04-02,long,1,0.6519662359815475,0.02521119324181626,0.025717111770524232,0,0,1,21,261,1320.4,1320.4,75,0.0,165.15906472,-165.15906472,zerodha_equity_intraday_nse_order_formula_v2_2026_07_14
P455_contiguous_cross_asset_etf_l1_only,2026-04-03,AXISBANK,BANKBEES,2026-04-03,long,1,0.6666515796653343,0.02632028713040506,0.02560819462227913,0,0,1,21,261,1323.0,1323.0,75,0.0,165.1999414,-165.1999414,zerodha_equity_intraday_nse_order_formula_v2_2026_07_14
P455_contiguous_cross_asset_etf_l1_only,2026-04-06,AXISBANK,BANKBEES,2026-04-06,long,1,0.6610184181656077,0.012474437627811861,0.01225114854517611,0,0,1,21,261,1316.0,1316.0,75,0.0,165.0898888,-165.0898888,zerodha_equity_intraday_nse_order_formula_v2_2026_07_14
P455_contiguous_cross_asset_etf_l1_only,2026-04-07,AXISBANK,BANKBEES,2026-04-07,long,1,0.6407208613180859,0.0076178384383431205,0.007134363852556481,0,0,1,21,261,1313.5,1313.5,76,0.0,165.325925424,-165.325925424,zerodha_equity_intraday_nse_order_formula_v2_2026_07_14
P455_contiguous_cross_asset_etf_l1_only,2026-04-08,AXISBANK,BANKBEES,2026-04-08,long,1,0.6638507997088391,0.018610690326769097,0.019448946515397084,0,0,1,21,261,1319.0,1319.0,75,0.0,165.1370542,-165.1370542,zerodha_equity_intraday_nse_order_formula_v2_2026_07_14
P455_contiguous_cross_asset_etf_l1_only,2026-04-09,AXISBANK,BANKBEES,2026-04-09,long,1,0.6934437543133195,0.011042097998619738,0.012409513960703205,0,0,1,21,261,1327.3,1327.3,75,0.0,165.26754514,-165.26754514,zerodha_equity_intraday_nse_order_formula_v2_2026_07_14
P455_contiguous_cross_asset_etf_l1_only,2026-04-10,AXISBANK,BANKBEES,2026-04-10,long,1,0.6975066953829513,0.03146659273634599,0.03115264797507788,0,0,1,21,261,1323.5,1323.5,75,0.0,165.2078023,-165.2078023,zerodha_equity_intraday_nse_order_formula_v2_2026_07_14
P455_contiguous_cross_asset_etf_l1_only,2026-04-13,AXISBANK,BANKBEES,2026-04-13,long,1,0.6649376342534827,0.01566405599066822,0.017478152309612985,0,0,1,21,261,1319.9,1319.9,75,0.0,165.15120382,-165.15120382,zerodha_equity_intraday_nse_order_formula_v2_2026_07_14
P455_contiguous_cross_asset_etf_l1_only,2026-04-14,AXISBANK,BANKBEES,2026-04-14,long,1,0.6620446648547398,0.01888539159414923,0.019417475728155338,0,0,1,21,261,1320.9,1320.9,75,0.0,165.16692562,-165.16692562,zerodha_equity_intraday_nse_order_formula_v2_2026_07_14
P455_contiguous_cross_asset_etf_l1_only,2026-04-15,AXISBANK,BANKBEES,2026-04-15,long,1,0.6668903289827693,0.019873373197326766,0.01844532279314888,0,0,1,21,261,1317.6999999999998,1317.6999999999998,75,0.0,165.11661586000002,-165.11661586000002,zerodha_equity_intraday_nse_order_formula_v2_2026_07_14
P455_contiguous_cross_asset_etf_l1_only,2026-04-16,AXISBANK,BANKBEES,2026-04-16,long,1,0.7254936306056055,0.02369020501138952,0.02502844141069397,0,0,1,21,261,1332.4,1332.4,75,0.0,165.34772632,-165.34772632,zerodha_equity_intraday_nse_order_formula_v2_2026_07_14
P455_contiguous_cross_asset_etf_l1_only,2026-04-17,AXISBANK,BANKBEES,2026-04-17,long,1,0.6790450510160788,0.029676817899316345,0.030267753201396973,0,0,1,21,261,1325.0,1325.0,75,0.0,165.23138500000002,-165.23138500000002,zerodha_equity_intraday_nse_order_formula_v2_2026_07_14
P455_contiguous_cross_asset_etf_l1_only,2026-04-20,AXISBANK,BANKBEES,2026-04-20,long,1,0.6681734105969757,0.02438627865387742,0.024360535931790498,0,0,1,21,261,1349.4,1349.4,74,0.0,165.3321302944,-165.3321302944,zerodha_equity_intraday_nse_order_formula_v2_2026_07_14
P455_contiguous_cross_asset_etf_l1_only,2026-04-21,AXISBANK,BANKBEES,2026-04-21,long,1,0.6876377333138274,0.033065080475857246,0.03407601572739188,0,0,1,21,261,1324.1,1324.1,75,0.0,165.21723538,-165.21723538,zerodha_equity_intraday_nse_order_formula_v2_2026_07_14
P455_contiguous_cross_asset_etf_l1_only,2026-04-22,AXISBANK,BANKBEES,2026-04-22,long,1,0.6788494568420256,0.029397026891598465,0.030037546933667083,0,0,1,21,261,1324.3000000000002,1324.3000000000002,75,0.0,165.22037974,-165.22037974,zerodha_equity_intraday_nse_order_formula_v2_2026_07_14
P455_contiguous_cross_asset_etf_l1_only,2026-04-23,AXISBANK,BANKBEES,2026-04-23,long,1,0.611248773368239,0.0003794586390083481,0.0,0,0,1,21,261,1312.3000000000002,1312.3000000000002,76,0.0,165.30680771520002,-165.30680771520002,zerodha_equity_intraday_nse_order_formula_v2_2026_07_14
P455_contiguous_cross_asset_etf_l1_only,2026-04-24,AXISBANK,BANKBEES,2026-04-24,long,1,0.682533637884586,0.02629176556509038,0.027359781121751026,0,0,1,21,261,1323.4,1323.4,75,0.0,165.20623012,-165.20623012,zerodha_equity_intraday_nse_order_formula_v2_2026_07_14
P455_contiguous_cross_asset_etf_l1_only,2026-04-27,AXISBANK,BANKBEES,2026-04-27,long,1,0.6821980763549224,0.02926829268292683,0.029769959404600813,0,0,1,21,261,1322.5,1322.5,75,0.0,165.1920805,-165.1920805,zerodha_equity_intraday_nse_order_formula_v2_2026_07_14
P455_contiguous_cross_asset_etf_l1_only,2026-04-28,AXISBANK,BANKBEES,2026-04-28,long,1,0.6932229049119821,0.03516062010548186,0.03592814371257485,0,0,1,21,261,1325.4,1325.4,75,0.0,165.23767371999998,-165.23767371999998,zerodha_equity_intraday_nse_order_formula_v2_2026_07_14
P455_contiguous_cross_asset_etf_l1_only,2026-04-29,AXISBANK,BANKBEES,2026-04-29,long,1,0.6773738710569949,0.022819396487013963,0.02249718785151856,0,0,1,21,261,1340.1999999999998,1340.1999999999998,74,0.0,165.1894182752,-165.1894182752,zerodha_equity_intraday_nse_order_formula_v2_2026_07_14
P455_contiguous_cross_asset_etf_l1_only,2026-04-30,AXISBANK,BANKBEES,2026-04-30,long,1,0.6754226799308767,0.030626780626780627,0.032017075773746,0,0,1,21,261,1326.0,1326.0,75,0.0,165.24710679999998,-165.24710679999998,zerodha_equity_intraday_nse_order_formula_v2_2026_07_14
P455_contiguous_cross_asset_etf_l1_only,2026-05-01,AXISBANK,BANKBEES,2026-05-01,long,1,0.680772532170389,0.026526101003230742,0.025477707006369428,0,0,1,21,261,1321.6,1321.6,75,0.0,165.17793088,-165.17793088,zerodha_equity_intraday_nse_order_formula_v2_2026_07_14
P455_contiguous_cross_asset_etf_l1_only,2026-05-04,AXISBANK,BANKBEES,2026-05-04,long,1,0.6626155018631316,0.021919745448117377,0.02119205298013245,0,0,1,21,261,1324.9,1324.9,75,0.0,165.22981282,-165.22981282,zerodha_equity_intraday_nse_order_formula_v2_2026_07_14
P455_contiguous_cross_asset_etf_l1_only,2026-05-05,AXISBANK,BANKBEES,2026-05-05,long,1,0.6523030900267472,0.03332354668232531,0.0352035203520352,0,0,1,21,261,1318.9,1318.9,75,0.0,165.13548201999998,-165.13548201999998,zerodha_equity_intraday_nse_order_formula_v2_2026_07_14
P455_contiguous_cross_asset_etf_l1_only,2026-05-06,AXISBANK,BANKBEES,2026-05-06,long,1,0.6902385499864954,0.03569182389937107,0.0353356890459364,0,0,1,21,261,1326.4,1326.4,75,0.0,165.25339551999997,-165.25339551999997,zerodha_equity_intraday_nse_order_formula_v2_2026_07_14
P455_contiguous_cross_asset_etf_l1_only,2026-05-07,AXISBANK,BANKBEES,2026-05-07,long,1,0.69273737088817,0.0001274534794799898,0.0,0,0,1,21,261,1314.9,1314.9,76,0.0,165.3482294176,-165.3482294176,zerodha_equity_intraday_nse_order_formula_v2_2026_07_14
P455_contiguous_cross_asset_etf_l1_only,2026-05-08,AXISBANK,BANKBEES,2026-05-08,long,1,0.6511177200832373,0.004662004662004662,0.004656577415599534,0,0,1,21,261,1312.8,1312.8,76,0.0,165.31477342719998,-165.31477342719998,zerodha_equity_intraday_nse_order_formula_v2_2026_07_14
P455_contiguous_cross_asset_etf_l1_only,2026-05-12,AXISBANK,BANKBEES,2026-05-12,long,1,0.6849283309023464,0.02881619937694704,0.028004667444574097,0,0,1,21,261,1354.6999999999998,1354.6999999999998,73,0.0,165.13036719439998,-165.13036719439998,zerodha_equity_intraday_nse_order_formula_v2_2026_07_14
P455_contiguous_cross_asset_etf_l1_only,2026-05-13,AXISBANK,BANKBEES,2026-05-13,long,1,0.6449312162493204,0.00763246734184647,0.0088008800880088,0,0,1,21,261,1342.6999999999998,1342.6999999999998,74,0.0,165.22819871520002,-165.22819871520002,zerodha_equity_intraday_nse_order_formula_v2_2026_07_14
P455_contiguous_cross_asset_etf_l1_only,2026-05-15,AXISBANK,BANKBEES,2026-05-15,long,1,0.6567244585293192,0.015546819156540386,0.01606425702811245,0,0,1,21,261,1316.1999999999998,1316.1999999999998,75,0.0,165.09303315999998,-165.09303315999998,zerodha_equity_intraday_nse_order_formula_v2_2026_07_14
P455_contiguous_cross_asset_etf_l1_only,2026-05-18,AXISBANK,BANKBEES,2026-05-18,long,1,0.642731004324178,0.007998814990371797,0.006659267480577136,0,0,1,21,261,1326.8,1326.8,75,0.0,165.25968424,-165.25968424,zerodha_equity_intraday_nse_order_formula_v2_2026_07_14
P455_contiguous_cross_asset_etf_l1_only,2026-05-19,AXISBANK,BANKBEES,2026-05-19,long,1,0.6759117058642478,0.023718836565096952,0.023346303501945526,0,0,1,21,261,1322.5,1322.5,75,0.0,165.1920805,-165.1920805,zerodha_equity_intraday_nse_order_formula_v2_2026_07_14
P455_contiguous_cross_asset_etf_l1_only,2026-05-20,AXISBANK,BANKBEES,2026-05-20,long,1,0.6711419951797629,0.020901147849922905,0.02053915275994865,0,0,1,21,261,1318.8000000000002,1318.8000000000002,75,0.0,165.13390983999997,-165.13390983999997,zerodha_equity_intraday_nse_order_formula_v2_2026_07_14
P455_contiguous_cross_asset_etf_l1_only,2026-05-21,AXISBANK,BANKBEES,2026-05-21,long,1,0.6761997867045858,0.028261642374688943,0.02663115845539281,0,0,1,21,261,1320.6,1320.6,75,0.0,165.16220907999997,-165.16220907999997,zerodha_equity_intraday_nse_order_formula_v2_2026_07_14
P455_contiguous_cross_asset_etf_l1_only,2026-05-22,AXISBANK,BANKBEES,2026-05-22,long,1,0.6888668034518151,0.03754861204237629,0.03819095477386935,0,0,1,21,261,1327.3,1327.3,75,0.0,165.26754514,-165.26754514,zerodha_equity_intraday_nse_order_formula_v2_2026_07_14
P455_contiguous_cross_asset_etf_l1_only,2026-05-25,AXISBANK,BANKBEES,2026-05-25,long,1,0.632395426630469,0.004948333575898705,0.004362050163576881,0,0,1,21,261,1312.8000000000002,1312.8000000000002,76,0.0,165.31477342719998,-165.31477342719998,zerodha_equity_intraday_nse_order_formula_v2_2026_07_14
P455_contiguous_cross_asset_etf_l1_only,2026-05-26,AXISBANK,BANKBEES,2026-05-26,long,1,0.6658255634386601,0.02487821851078636,0.02607561929595828,0,0,1,21,261,1321.6,1321.6,75,0.0,165.17793088,-165.17793088,zerodha_equity_intraday_nse_order_formula_v2_2026_07_14
P455_contiguous_cross_asset_etf_l1_only,2026-05-27,AXISBANK,BANKBEES,2026-05-27,long,1,0.6763815933101938,0.02715484363081617,0.025142857142857144,0,0,1,21,261,1286.6999999999998,1286.6999999999998,77,0.0,165.16868646160003,-165.16868646160003,zerodha_equity_intraday_nse_order_formula_v2_2026_07_14
P455_contiguous_cross_asset_etf_l1_only,2026-05-28,AXISBANK,BANKBEES,2026-05-28,long,1,0.654170536290513,0.023762376237623763,0.023064250411861616,0,0,1,21,261,1317.6999999999998,1317.6999999999998,75,0.0,165.11661586000002,-165.11661586000002,zerodha_equity_intraday_nse_order_formula_v2_2026_07_14
P455_contiguous_cross_asset_etf_l1_only,2026-05-29,AXISBANK,BANKBEES,2026-05-29,long,1,0.6733223004304705,0.025261758351337878,0.024906600249066,0,0,1,21,261,1318.9,1318.9,75,0.0,165.13548201999998,-165.13548201999998,zerodha_equity_intraday_nse_order_formula_v2_2026_07_14
P455_contiguous_cross_asset_etf_l1_only,2026-06-01,AXISBANK,BANKBEES,2026-06-01,long,1,0.671256121705435,0.024256993006993008,0.02618657937806874,0,0,1,21,261,1319.5,1319.5,75,0.0,165.1449151,-165.1449151,zerodha_equity_intraday_nse_order_formula_v2_2026_07_14
P455_contiguous_cross_asset_etf_l1_only,2026-06-02,AXISBANK,BANKBEES,2026-06-02,long,1,0.6614941133543072,0.012408021930457366,0.012972972972972972,0,0,1,21,261,1286.3000000000002,1286.3000000000002,77,0.0,165.1622300424,-165.1622300424,zerodha_equity_intraday_nse_order_formula_v2_2026_07_14
P455_contiguous_cross_asset_etf_l1_only,2026-06-03,AXISBANK,BANKBEES,2026-06-03,long,1,0.6617541569143717,0.021965536830145807,0.02269503546099291,0,0,1,21,261,1321.7,1321.7,75,0.0,165.17950306,-165.17950306,zerodha_equity_intraday_nse_order_formula_v2_2026_07_14
P455_contiguous_cross_asset_etf_l1_only,2026-06-04,AXISBANK,BANKBEES,2026-06-04,long,1,0.6719192257926552,0.024739993696816894,0.025974025974025976,0,0,1,21,261,1319.0,1319.0,75,0.0,165.1370542,-165.1370542,zerodha_equity_intraday_nse_order_formula_v2_2026_07_14
P455_contiguous_cross_asset_etf_l1_only,2026-06-05,AXISBANK,BANKBEES,2026-06-05,long,1,0.6793342965826678,0.0371946414499606,0.03778040141676505,0,0,1,21,261,1322.8000000000002,1322.8000000000002,75,0.0,165.19679703999998,-165.19679703999998,zerodha_equity_intraday_nse_order_formula_v2_2026_07_14
P455_contiguous_cross_asset_etf_l1_only,2026-06-08,AXISBANK,BANKBEES,2026-06-08,long,1,0.6653213174904641,0.021965536830145807,0.02269503546099291,0,0,1,21,261,1319.4,1319.4,75,0.0,165.14334292,-165.14334292,zerodha_equity_intraday_nse_order_formula_v2_2026_07_14
P455_contiguous_cross_asset_etf_l1_only,2026-06-09,AXISBANK,BANKBEES,2026-06-09,long,1,0.6807468161882552,0.0299645390070922,0.029216467463479414,0,0,1,21,261,1323.6999999999998,1323.6999999999998,75,0.0,165.21094666,-165.21094666,zerodha_equity_intraday_nse_order_formula_v2_2026_07_14
P455_contiguous_cross_asset_etf_l1_only,2026-06-10,AXISBANK,BANKBEES,2026-06-10,long,1,0.6525759483833192,0.004008313539192399,0.004449388209121246,0,0,1,21,261,1312.5,1312.5,76,0.0,165.30999400000002,-165.30999400000002,zerodha_equity_intraday_nse_order_formula_v2_2026_07_14
P455_contiguous_cross_asset_etf_l1_only,2026-06-11,AXISBANK,BANKBEES,2026-06-11,long,1,0.6722077094462743,0.026526101003230742,0.025477707006369428,0,0,1,21,261,1322.9,1322.9,75,0.0,165.19836922,-165.19836922,zerodha_equity_intraday_nse_order_formula_v2_2026_07_14
P455_contiguous_cross_asset_etf_l1_only,2026-06-12,AXISBANK,BANKBEES,2026-06-12,long,1,0.5890476839910389,0.015126737530662305,0.014300306435137897,0,0,1,21,261,1298.4,1298.4,77,0.0,165.35753672319998,-165.35753672319998,zerodha_equity_intraday_nse_order_formula_v2_2026_07_14
P455_contiguous_cross_asset_etf_l1_only,2026-06-15,AXISBANK,BANKBEES,2026-06-15,long,1,0.6517094619752632,0.017529353398379362,0.01734820322180917,0,0,1,21,261,1317.6,1317.6,75,0.0,165.11504368000004,-165.11504368000004,zerodha_equity_intraday_nse_order_formula_v2_2026_07_14
P455_contiguous_cross_asset_etf_l1_only,2026-06-16,AXISBANK,BANKBEES,2026-06-16,long,1,0.6793212983531572,0.030157748221466132,0.030127462340672075,0,0,1,21,261,1323.4,1323.4,75,0.0,165.20623012,-165.20623012,zerodha_equity_intraday_nse_order_formula_v2_2026_07_14
P455_contiguous_cross_asset_etf_l1_only,2026-06-17,AXISBANK,BANKBEES,2026-06-17,long,1,0.661833893287365,0.018610690326769097,0.019448946515397084,0,0,1,21,261,1320.1999999999998,1320.1999999999998,75,0.0,165.15592036,-165.15592036,zerodha_equity_intraday_nse_order_formula_v2_2026_07_14
P455_contiguous_cross_asset_etf_l1_only,2026-06-18,AXISBANK,BANKBEES,2026-06-18,long,1,0.6859657722289659,0.03364158163265306,0.03345280764635603,0,0,1,21,261,1322.0,1322.0,75,0.0,165.18421960000003,-165.18421960000003,zerodha_equity_intraday_nse_order_formula_v2_2026_07_14
P455_contiguous_cross_asset_etf_l1_only,2026-06-19,AXISBANK,BANKBEES,2026-06-19,long,1,0.6869514825894947,0.026024177300201477,0.027672955974842768,0,0,1,21,261,1321.8000000000002,1321.8000000000002,75,0.0,165.18107523999998,-165.18107523999998,zerodha_equity_intraday_nse_order_formula_v2_2026_07_14
P455_contiguous_cross_asset_etf_l1_only,2026-06-23,AXISBANK,BANKBEES,2026-06-23,long,1,0.716529283973654,0.050622307324078505,0.05201793721973094,0,0,1,21,261,1328.4,1328.4,75,0.0,165.28483912000002,-165.28483912000002,zerodha_equity_intraday_nse_order_formula_v2_2026_07_14
P455_contiguous_cross_asset_etf_l1_only,2026-06-24,AXISBANK,BANKBEES,2026-06-24,long,1,0.6749228090304646,0.031493558135835854,0.03098927294398093,0,0,1,21,261,1323.0,1323.0,75,0.0,165.1999414,-165.1999414,zerodha_equity_intraday_nse_order_formula_v2_2026_07_14
P455_contiguous_cross_asset_etf_l1_only,2026-06-25,AXISBANK,BANKBEES,2026-06-25,long,1,0.6563853961520981,0.010907438266929253,0.011350737797956867,0,0,1,21,261,1333.5,1333.5,74,0.0,165.08548669599998,-165.08548669599998,zerodha_equity_intraday_nse_order_formula_v2_2026_07_14
P455_contiguous_cross_asset_etf_l1_only,2026-06-29,AXISBANK,BANKBEES,2026-06-29,long,1,0.6796450727787741,0.02763819095477387,0.027603513174404015,0,0,1,21,261,1321.6999999999998,1321.6999999999998,75,0.0,165.17950306,-165.17950306,zerodha_equity_intraday_nse_order_formula_v2_2026_07_14
P455_contiguous_cross_asset_etf_l1_only,2026-06-30,AXISBANK,BANKBEES,2026-06-30,long,1,0.7734431352982374,0.08145505177965365,0.08088714938030006,0,0,1,21,261,1340.5,1340.5,74,0.0,165.194071928,-165.194071928,zerodha_equity_intraday_nse_order_formula_v2_2026_07_14
P455_contiguous_cross_asset_etf_l1_only,2026-01-12,TCS,ITBEES,2026-01-12,long,1,1.4927923547656972,0.00810126582278481,0.007585335018963337,0,0,1,21,261,2191.6000000000004,2191.6000000000004,45,0.0,165.07353812799997,-165.07353812799997,zerodha_equity_intraday_nse_order_formula_v2_2026_07_14
P455_contiguous_cross_asset_etf_l1_only,2026-01-14,TCS,ITBEES,2026-01-14,long,1,1.4888350303693083,0.012064965197215777,0.013904982618771726,0,0,1,21,261,2187.3,2187.3,45,0.0,165.032975884,-165.032975884,zerodha_equity_intraday_nse_order_formula_v2_2026_07_14
P455_contiguous_cross_asset_etf_l1_only,2026-01-26,TCS,ITBEES,2026-01-26,long,1,1.4852247865175479,0.0012757136022962844,0.0,0,0,1,21,261,2189.7,2189.7,45,0.0,165.05561527600003,-165.05561527600003,zerodha_equity_intraday_nse_order_formula_v2_2026_07_14
P455_contiguous_cross_asset_etf_l1_only,2026-01-29,TCS,ITBEES,2026-01-29,long,1,1.4864953100143392,0.0068201193520886615,0.007662835249042145,0,0,1,21,261,2189.3999999999996,2189.3999999999996,45,0.0,165.052785352,-165.052785352,zerodha_equity_intraday_nse_order_formula_v2_2026_07_14
P455_contiguous_cross_asset_etf_l1_only,2026-02-02,TCS,ITBEES,2026-02-02,long,1,1.4983546591150032,0.01429431236834186,0.013528748590755355,0,0,1,21,261,2196.2,2196.2,45,0.0,165.116930296,-165.116930296,zerodha_equity_intraday_nse_order_formula_v2_2026_07_14
P455_contiguous_cross_asset_etf_l1_only,2026-02-03,TCS,ITBEES,2026-02-03,long,1,1.4749855762934438,0.00427578834847675,0.0053404539385847796,0,0,1,21,261,2184.3999999999996,2184.3999999999996,45,0.0,165.00561995199996,-165.00561995199996,zerodha_equity_intraday_nse_order_formula_v2_2026_07_14
P455_contiguous_cross_asset_etf_l1_only,2026-02-06,TCS,ITBEES,2026-02-06,long,1,1.476367069595199,0.012563199019457637,0.013777267508610792,0,0,1,21,261,2182.0,2182.0,45,0.0,164.98298056,-164.98298056,zerodha_equity_intraday_nse_order_formula_v2_2026_07_14
P455_contiguous_cross_asset_etf_l1_only,2026-02-10,TCS,ITBEES,2026-02-10,long,1,1.4887536957824605,0.008640641876253664,0.006936416184971098,0,0,1,21,261,2192.3,2192.3,45,0.0,165.08014128399998,-165.08014128399998,zerodha_equity_intraday_nse_order_formula_v2_2026_07_14
P455_contiguous_cross_asset_etf_l1_only,2026-03-03,TCS,ITBEES,2026-03-03,long,1,1.5015215539288775,0.014585605234460196,0.01634320735444331,0,0,1,21,261,2160.8,2160.8,46,0.0,165.2359548032,-165.2359548032,zerodha_equity_intraday_nse_order_formula_v2_2026_07_14
P455_contiguous_cross_asset_etf_l1_only,2026-03-09,TCS,ITBEES,2026-03-09,long,1,1.4850505889125312,0.003930677148472396,0.00535475234270415,0,0,1,21,261,2189.3,2189.3,45,0.0,165.051842044,-165.051842044,zerodha_equity_intraday_nse_order_formula_v2_2026_07_14
P455_contiguous_cross_asset_etf_l1_only,2026-03-13,TCS,ITBEES,2026-03-13,long,1,1.5104068759887872,0.013490725126475547,0.010109519797809604,0,0,1,21,261,2197.3,2197.3,45,0.0,165.12730668400002,-165.12730668400002,zerodha_equity_intraday_nse_order_formula_v2_2026_07_14
P455_contiguous_cross_asset_etf_l1_only,2026-03-30,TCS,ITBEES,2026-03-30,long,1,1.4860833758660283,0.008550434201736807,0.008008008008008008,0,0,1,21,261,2185.9,2185.9,45,0.0,165.019769572,-165.019769572,zerodha_equity_intraday_nse_order_formula_v2_2026_07_14
P455_contiguous_cross_asset_etf_l1_only,2026-04-01,TCS,ITBEES,2026-04-01,long,1,1.4944548744203352,0.013145786775338505,0.015763546798029555,0,0,1,21,261,2190.7,2190.7,45,0.0,165.065048356,-165.065048356,zerodha_equity_intraday_nse_order_formula_v2_2026_07_14
P455_contiguous_cross_asset_etf_l1_only,2026-04-10,TCS,ITBEES,2026-04-10,long,1,1.4959377579086472,0.007166035694970254,0.008105369807497468,0,0,1,21,261,2186.8999999999996,2186.8999999999996,45,0.0,165.029202652,-165.029202652,zerodha_equity_intraday_nse_order_formula_v2_2026_07_14
P455_contiguous_cross_asset_etf_l1_only,2026-04-16,TCS,ITBEES,2026-04-16,long,1,1.5305917479222098,0.04271383885233524,0.04527081649151172,0,0,1,21,261,2206.5,2206.5,45,0.0,165.21409101999998,-165.21409101999998,zerodha_equity_intraday_nse_order_formula_v2_2026_07_14
P455_contiguous_cross_asset_etf_l1_only,2026-04-22,TCS,ITBEES,2026-04-22,long,1,1.4928764263558327,0.00671462829736211,0.00718562874251497,0,0,1,21,261,2186.6000000000004,2186.6000000000004,45,0.0,165.026372728,-165.026372728,zerodha_equity_intraday_nse_order_formula_v2_2026_07_14
P455_contiguous_cross_asset_etf_l1_only,2026-04-28,TCS,ITBEES,2026-04-28,long,1,1.495117855229981,0.010791937787652753,0.014268727705112961,0,0,1,21,261,2185.3,2185.3,45,0.0,165.01410972399998,-165.01410972399998,zerodha_equity_intraday_nse_order_formula_v2_2026_07_14
P455_contiguous_cross_asset_etf_l1_only,2026-04-29,TCS,ITBEES,2026-04-29,long,1,1.4867643724362543,0.004812455767869781,0.008483563096500531,0,0,1,21,261,2241.1,2241.1,44,0.0,165.0706872416,-165.0706872416,zerodha_equity_intraday_nse_order_formula_v2_2026_07_14
P455_contiguous_cross_asset_etf_l1_only,2026-04-30,TCS,ITBEES,2026-04-30,long,1,1.4920194788344556,0.001546681664791901,0.0,0,0,1,21,261,2192.2,2192.2,45,0.0,165.079197976,-165.079197976,zerodha_equity_intraday_nse_order_formula_v2_2026_07_14
P455_contiguous_cross_asset_etf_l1_only,2026-05-06,TCS,ITBEES,2026-05-06,long,1,1.4946736646776027,0.007441418619379354,0.0071174377224199285,0,0,1,21,261,2190.7,2190.7,45,0.0,165.065048356,-165.065048356,zerodha_equity_intraday_nse_order_formula_v2_2026_07_14
P455_contiguous_cross_asset_etf_l1_only,2026-05-07,TCS,ITBEES,2026-05-07,long,1,1.5066614640018674,0.018210513536481728,0.01637852593266606,0,0,1,21,261,2177.1,2177.1,45,0.0,162.936758468,-162.936758468,zerodha_equity_intraday_nse_order_formula_v2_2026_07_14
P455_contiguous_cross_asset_etf_l1_only,2026-05-22,TCS,ITBEES,2026-05-22,long,1,1.4873911019076924,0.0014062719729995782,0.0,0,0,1,21,261,2190.1,2190.1,45,0.0,165.059388508,-165.059388508,zerodha_equity_intraday_nse_order_formula_v2_2026_07_14
P455_contiguous_cross_asset_etf_l1_only,2026-06-05,TCS,ITBEES,2026-06-05,long,1,1.490816760220128,0.0025952960259529602,0.0,0,0,1,21,261,2186.0,2186.0,45,0.0,165.02071288000002,-165.02071288000002,zerodha_equity_intraday_nse_order_formula_v2_2026_07_14
P455_contiguous_cross_asset_etf_l1_only,2026-06-09,TCS,ITBEES,2026-06-09,long,1,1.49058648984599,0.003930677148472396,0.00535475234270415,0,0,1,21,261,2184.8,2184.8,45,0.0,165.00939318399998,-165.00939318399998,zerodha_equity_intraday_nse_order_formula_v2_2026_07_14
P455_contiguous_cross_asset_etf_l1_only,2026-06-16,TCS,ITBEES,2026-06-16,long,1,1.4905993413830954,0.0006272541947624275,0.0,0,0,1,21,261,2183.4,2183.4,45,0.0,164.996186872,-164.996186872,zerodha_equity_intraday_nse_order_formula_v2_2026_07_14
P455_contiguous_cross_asset_etf_l1_only,2026-06-18,TCS,ITBEES,2026-06-18,long,1,1.4881985166645268,0.010791937787652753,0.014268727705112961,0,0,1,21,261,2189.6,2189.6,45,0.0,165.05467196799998,-165.05467196799998,zerodha_equity_intraday_nse_order_formula_v2_2026_07_14
P455_contiguous_cross_asset_etf_l1_only,2026-06-23,TCS,ITBEES,2026-06-23,long,1,1.50905255759859,0.022992700729927006,0.023701002734731084,0,0,1,21,261,2191.3,2191.3,45,0.0,165.07070820399997,-165.07070820399997,zerodha_equity_intraday_nse_order_formula_v2_2026_07_14
P455_contiguous_cross_asset_etf_l1_only,2026-06-24,TCS,ITBEES,2026-06-24,long,1,1.485700692644005,0.0022275258552108194,0.0,0,0,1,21,261,2185.3999999999996,2185.3999999999996,45,0.0,165.01505303199997,-165.01505303199997,zerodha_equity_intraday_nse_order_formula_v2_2026_07_14
P455_contiguous_cross_asset_etf_l1_only,2026-06-26,TCS,ITBEES,2026-06-26,long,1,1.4662770673656222,0.0025885779000161787,0.0,0,0,1,21,261,2171.7,2171.7,46,0.0,165.3410602768,-165.3410602768,zerodha_equity_intraday_nse_order_formula_v2_2026_07_14
P455_contiguous_cross_asset_etf_l1_only,2026-06-30,TCS,ITBEES,2026-06-30,long,1,1.5400103038391026,0.04695668409260642,0.05178446466060182,0,0,1,21,261,2203.1,2203.1,45,0.0,165.182018548,-165.182018548,zerodha_equity_intraday_nse_order_formula_v2_2026_07_14
P455_contiguous_cross_asset_etf_l1_only,2026-01-01,RELIANCE,NIFTYBEES,2026-01-01,long,1,1.4575800107767314,0.43672864900444297,0.436498150431566,0,0,1,21,261,1296.9,1296.9,77,0.0,165.3333251512,-165.3333251512,zerodha_equity_intraday_nse_order_formula_v2_2026_07_14
P455_contiguous_cross_asset_etf_l1_only,2026-01-02,RELIANCE,NIFTYBEES,2026-01-02,long,1,1.4688317141206158,0.44484574868322047,0.44419391206313413,0,0,1,21,261,1299.7,1299.7,76,0.0,165.10607177280002,-165.10607177280002,zerodha_equity_intraday_nse_order_formula_v2_2026_07_14
P455_contiguous_cross_asset_etf_l1_only,2026-01-05,RELIANCE,NIFTYBEES,2026-01-05,long,1,1.4563299628292339,0.4367863815652896,0.4354587869362364,0,0,1,21,261,1294.6999999999998,1294.6999999999998,77,0.0,165.29781484560002,-165.29781484560002,zerodha_equity_intraday_nse_order_formula_v2_2026_07_14
P455_contiguous_cross_asset_etf_l1_only,2026-01-06,RELIANCE,NIFTYBEES,2026-01-06,long,1,1.4600228394770802,0.4419692998876825,0.44039270687237025,0,0,1,21,261,1299.1999999999998,1299.1999999999998,76,0.0,165.09810606079998,-165.09810606079998,zerodha_equity_intraday_nse_order_formula_v2_2026_07_14
P455_contiguous_cross_asset_etf_l1_only,2026-01-07,RELIANCE,NIFTYBEES,2026-01-07,long,1,1.4113676026741349,0.41186390239063586,0.41189591078066917,0,0,1,21,261,1286.9,1286.9,77,0.0,165.1719146712,-165.1719146712,zerodha_equity_intraday_nse_order_formula_v2_2026_07_14
P455_contiguous_cross_asset_etf_l1_only,2026-01-08,RELIANCE,NIFTYBEES,2026-01-08,long,1,1.4543817524022922,0.4366996507566938,0.4362050163576881,0,0,1,21,261,1284.8000000000002,1284.8000000000002,77,0.0,165.1380184704,-165.1380184704,zerodha_equity_intraday_nse_order_formula_v2_2026_07_14
P455_contiguous_cross_asset_etf_l1_only,2026-01-09,RELIANCE,NIFTYBEES,2026-01-09,long,1,1.462083155949574,0.4432201883774658,0.4420772303595206,0,0,1,21,261,1300.9,1300.9,76,0.0,165.12518948160002,-165.12518948160002,zerodha_equity_intraday_nse_order_formula_v2_2026_07_14
P455_contiguous_cross_asset_etf_l1_only,2026-01-12,RELIANCE,NIFTYBEES,2026-01-12,long,1,1.4642150687993216,0.45670599966760844,0.45579078455790784,0,0,1,21,261,1303.3000000000002,1303.3000000000002,76,0.0,165.1634248992,-165.1634248992,zerodha_equity_intraday_nse_order_formula_v2_2026_07_14
P455_contiguous_cross_asset_etf_l1_only,2026-01-13,RELIANCE,NIFTYBEES,2026-01-13,long,1,1.4592513357428025,0.44206955046649704,0.44218551461245237,0,0,1,21,261,1296.6,1296.6,77,0.0,165.32848283680002,-165.32848283680002,zerodha_equity_intraday_nse_order_formula_v2_2026_07_14
P455_contiguous_cross_asset_etf_l1_only,2026-01-14,RELIANCE,NIFTYBEES,2026-01-14,long,1,1.467187318576415,0.45490443847733375,0.4544378698224852,0,0,1,21,261,1302.6,1302.6,76,0.0,165.15227290239997,-165.15227290239997,zerodha_equity_intraday_nse_order_formula_v2_2026_07_14
P455_contiguous_cross_asset_etf_l1_only,2026-01-15,RELIANCE,NIFTYBEES,2026-01-15,long,1,1.4600688793303882,0.44741048593350385,0.4479041916167665,0,0,1,21,261,1313.9,1313.9,76,0.0,165.3322979936,-165.3322979936,zerodha_equity_intraday_nse_order_formula_v2_2026_07_14
P455_contiguous_cross_asset_etf_l1_only,2026-01-16,RELIANCE,NIFTYBEES,2026-01-16,long,1,1.459895372789534,0.4377141077545936,0.4364060676779463,0,0,1,21,261,1327.1999999999998,1327.1999999999998,75,0.0,165.26597295999997,-165.26597295999997,zerodha_equity_intraday_nse_order_formula_v2_2026_07_14
P455_contiguous_cross_asset_etf_l1_only,2026-01-19,RELIANCE,NIFTYBEES,2026-01-19,long,1,1.4655495073108709,0.4451486013986014,0.4451718494271686,0,0,1,21,261,1302.0,1302.0,76,0.0,165.142714048,-165.142714048,zerodha_equity_intraday_nse_order_formula_v2_2026_07_14
P455_contiguous_cross_asset_etf_l1_only,2026-01-20,RELIANCE,NIFTYBEES,2026-01-20,long,1,1.4672179115995978,0.446207818242566,0.4455569461827284,0,0,1,21,261,1300.6,1300.6,76,0.0,165.1204100544,-165.1204100544,zerodha_equity_intraday_nse_order_formula_v2_2026_07_14
P455_contiguous_cross_asset_etf_l1_only,2026-01-21,RELIANCE,NIFTYBEES,2026-01-21,long,1,1.4567858606132182,0.4440516174650875,0.4423841059602649,0,0,1,21,261,1300.9,1300.9,76,0.0,165.12518948160002,-165.12518948160002,zerodha_equity_intraday_nse_order_formula_v2_2026_07_14
P455_contiguous_cross_asset_etf_l1_only,2026-01-22,RELIANCE,NIFTYBEES,2026-01-22,long,1,1.4501934630397049,0.441550482610694,0.44087256027554533,0,0,1,21,261,1289.0,1289.0,77,0.0,165.205810872,-165.205810872,zerodha_equity_intraday_nse_order_formula_v2_2026_07_14
P455_contiguous_cross_asset_etf_l1_only,2026-01-23,RELIANCE,NIFTYBEES,2026-01-23,long,1,1.4617070071556806,0.44565454149422784,0.4469820554649266,0,0,1,21,261,1301.8000000000002,1301.8000000000002,76,0.0,165.1395277632,-165.1395277632,zerodha_equity_intraday_nse_order_formula_v2_2026_07_14
P455_contiguous_cross_asset_etf_l1_only,2026-01-26,RELIANCE,NIFTYBEES,2026-01-26,long,1,1.4703968122688658,0.452803738317757,0.45274212368728123,0,0,1,21,261,1304.1,1304.1,76,0.0,165.1761700384,-165.1761700384,zerodha_equity_intraday_nse_order_formula_v2_2026_07_14
P455_contiguous_cross_asset_etf_l1_only,2026-01-27,RELIANCE,NIFTYBEES,2026-01-27,long,1,1.4682390169471642,0.4468514778777309,0.44566712517193946,0,0,1,21,261,1322.8000000000002,1322.8000000000002,75,0.0,165.19679703999998,-165.19679703999998,zerodha_equity_intraday_nse_order_formula_v2_2026_07_14
P455_contiguous_cross_asset_etf_l1_only,2026-01-28,RELIANCE,NIFTYBEES,2026-01-28,long,1,1.4462744575106747,0.4346604215456675,0.43508771929824563,0,0,1,21,261,1294.3000000000002,1294.3000000000002,77,0.0,165.2913584264,-165.2913584264,zerodha_equity_intraday_nse_order_formula_v2_2026_07_14
P455_contiguous_cross_asset_etf_l1_only,2026-01-29,RELIANCE,NIFTYBEES,2026-01-29,long,1,1.478295049660645,0.45196658545074836,0.4511082138200782,0,0,1,21,261,1302.6,1302.6,76,0.0,165.15227290239997,-165.15227290239997,zerodha_equity_intraday_nse_order_formula_v2_2026_07_14
P455_contiguous_cross_asset_etf_l1_only,2026-01-30,RELIANCE,NIFTYBEES,2026-01-30,long,1,1.4668311030352779,0.44202771443606387,0.44152431011826543,0,0,1,21,261,1300.4,1300.4,76,0.0,165.1172237696,-165.1172237696,zerodha_equity_intraday_nse_order_formula_v2_2026_07_14
P455_contiguous_cross_asset_etf_l1_only,2026-02-02,RELIANCE,NIFTYBEES,2026-02-02,long,1,1.4889975668973037,0.4610360694671219,0.46051167964404893,0,0,1,21,261,1303.5,1303.5,76,0.0,165.166611184,-165.166611184,zerodha_equity_intraday_nse_order_formula_v2_2026_07_14
P455_contiguous_cross_asset_etf_l1_only,2026-02-03,RELIANCE,NIFTYBEES,2026-02-03,long,1,1.4501643774552142,0.4387902933719667,0.4369063772048847,0,0,1,21,261,1300.1999999999998,1300.1999999999998,76,0.0,165.11403748479998,-165.11403748479998,zerodha_equity_intraday_nse_order_formula_v2_2026_07_14
P455_contiguous_cross_asset_etf_l1_only,2026-02-04,RELIANCE,NIFTYBEES,2026-02-04,long,1,1.4393395252837977,0.4266666666666667,0.4262607040913416,0,0,1,21,261,1292.1,1292.1,77,0.0,165.2558481208,-165.2558481208,zerodha_equity_intraday_nse_order_formula_v2_2026_07_14
P455_contiguous_cross_asset_etf_l1_only,2026-02-05,RELIANCE,NIFTYBEES,2026-02-05,long,1,1.44826384656232,0.43645617941784637,0.4362336114421931,0,0,1,21,261,1296.8000000000002,1296.8000000000002,77,0.0,165.33171104640002,-165.33171104640002,zerodha_equity_intraday_nse_order_formula_v2_2026_07_14
P455_contiguous_cross_asset_etf_l1_only,2026-02-06,RELIANCE,NIFTYBEES,2026-02-06,long,1,1.4684464175494831,0.43262974131090304,0.4328180737217598,0,0,1,21,261,1292.1,1292.1,77,0.0,165.2558481208,-165.2558481208,zerodha_equity_intraday_nse_order_formula_v2_2026_07_14
P455_contiguous_cross_asset_etf_l1_only,2026-02-09,RELIANCE,NIFTYBEES,2026-02-09,long,1,1.4576131136369168,0.44008810572687224,0.44004400440044006,0,0,1,21,261,1296.0,1296.0,77,0.0,165.31879820799998,-165.31879820799998,zerodha_equity_intraday_nse_order_formula_v2_2026_07_14
P455_contiguous_cross_asset_etf_l1_only,2026-02-10,RELIANCE,NIFTYBEES,2026-02-10,long,1,1.4860290390848647,0.45942269910835726,0.45979614949037373,0,0,1,21,261,1307.6,1307.6,76,0.0,165.2319300224,-165.2319300224,zerodha_equity_intraday_nse_order_formula_v2_2026_07_14
P455_contiguous_cross_asset_etf_l1_only,2026-02-11,RELIANCE,NIFTYBEES,2026-02-11,long,1,1.4542773803836677,0.4399247991796274,0.44046094750320103,0,0,1,21,261,1295.1999999999998,1295.1999999999998,77,0.0,165.3058853696,-165.3058853696,zerodha_equity_intraday_nse_order_formula_v2_2026_07_14
P455_contiguous_cross_asset_etf_l1_only,2026-02-12,RELIANCE,NIFTYBEES,2026-02-12,long,1,1.4632571771097889,0.4455856643356643,0.4451718494271686,0,0,1,21,261,1301.5,1301.5,76,0.0,165.13474833600003,-165.13474833600003,zerodha_equity_intraday_nse_order_formula_v2_2026_07_14
P455_contiguous_cross_asset_etf_l1_only,2026-02-13,RELIANCE,NIFTYBEES,2026-02-13,long,1,1.468287528114923,0.44123826866507915,0.440713536201469,0,0,1,21,261,1295.4,1295.4,77,0.0,165.3091135792,-165.3091135792,zerodha_equity_intraday_nse_order_formula_v2_2026_07_14
P455_contiguous_cross_asset_etf_l1_only,2026-02-16,RELIANCE,NIFTYBEES,2026-02-16,long,1,1.4541533500600554,0.4446388800509068,0.4433849821215733,0,0,1,21,261,1294.6,1294.6,77,0.0,165.2962007408,-165.2962007408,zerodha_equity_intraday_nse_order_formula_v2_2026_07_14
P455_contiguous_cross_asset_etf_l1_only,2026-02-17,RELIANCE,NIFTYBEES,2026-02-17,long,1,1.4550846261958639,0.4399938137952366,0.440324449594438,0,0,1,21,261,1297.5,1297.5,77,0.0,165.34300978000002,-165.34300978000002,zerodha_equity_intraday_nse_order_formula_v2_2026_07_14
P455_contiguous_cross_asset_etf_l1_only,2026-02-18,RELIANCE,NIFTYBEES,2026-02-18,long,1,1.4623785421348634,0.4451486013986014,0.4451718494271686,0,0,1,21,261,1299.8000000000002,1299.8000000000002,76,0.0,165.1076649152,-165.1076649152,zerodha_equity_intraday_nse_order_formula_v2_2026_07_14
P455_contiguous_cross_asset_etf_l1_only,2026-02-19,RELIANCE,NIFTYBEES,2026-02-19,long,1,1.4501435015016808,0.432669000807972,0.4318869828456105,0,0,1,21,261,1294.6,1294.6,77,0.0,165.2962007408,-165.2962007408,zerodha_equity_intraday_nse_order_formula_v2_2026_07_14
P455_contiguous_cross_asset_etf_l1_only,2026-02-20,RELIANCE,NIFTYBEES,2026-02-20,long,1,1.4542160689026964,0.445353289244692,0.44589308996088656,0,0,1,21,261,1298.3000000000002,1298.3000000000002,77,0.0,165.35592261840003,-165.35592261840003,zerodha_equity_intraday_nse_order_formula_v2_2026_07_14
P455_contiguous_cross_asset_etf_l1_only,2026-02-23,RELIANCE,NIFTYBEES,2026-02-23,long,1,1.4584388977127494,0.4464314745569826,0.4457978075517661,0,0,1,21,261,1297.9,1297.9,77,0.0,165.34946619919998,-165.34946619919998,zerodha_equity_intraday_nse_order_formula_v2_2026_07_14
P455_contiguous_cross_asset_etf_l1_only,2026-02-24,RELIANCE,NIFTYBEES,2026-02-24,long,1,1.4700141714978086,0.4523033020790868,0.45190839694656487,0,0,1,21,261,1304.4,1304.4,76,0.0,165.18094946559998,-165.18094946559998,zerodha_equity_intraday_nse_order_formula_v2_2026_07_14
P455_contiguous_cross_asset_etf_l1_only,2026-02-25,RELIANCE,NIFTYBEES,2026-02-25,long,1,1.4560158183769052,0.44193427931292006,0.44195804195804195,0,0,1,21,261,1296.1,1296.1,77,0.0,165.3204123128,-165.3204123128,zerodha_equity_intraday_nse_order_formula_v2_2026_07_14
P455_contiguous_cross_asset_etf_l1_only,2026-02-26,RELIANCE,NIFTYBEES,2026-02-26,long,1,1.4550380353989023,0.43594851363775666,0.4362801377726751,0,0,1,21,261,1296.5,1296.5,77,0.0,165.32686873200004,-165.32686873200004,zerodha_equity_intraday_nse_order_formula_v2_2026_07_14
P455_contiguous_cross_asset_etf_l1_only,2026-02-27,RELIANCE,NIFTYBEES,2026-02-27,long,1,1.441256458395241,0.4272133776199748,0.4274678111587983,0,0,1,21,261,1291.3,1291.3,77,0.0,165.24293528239997,-165.24293528239997,zerodha_equity_intraday_nse_order_formula_v2_2026_07_14
P455_contiguous_cross_asset_etf_l1_only,2026-03-02,RELIANCE,NIFTYBEES,2026-03-02,long,1,1.4547955296823343,0.4361111111111111,0.4357405140758874,0,0,1,21,261,1296.6999999999998,1296.6999999999998,77,0.0,165.3300969416,-165.3300969416,zerodha_equity_intraday_nse_order_formula_v2_2026_07_14
P455_contiguous_cross_asset_etf_l1_only,2026-03-03,RELIANCE,NIFTYBEES,2026-03-03,long,1,1.4890883479156831,0.4595000682966808,0.458546571136131,0,0,1,21,261,1292.5,1292.5,77,0.0,165.26230454,-165.26230454,zerodha_equity_intraday_nse_order_formula_v2_2026_07_14
P455_contiguous_cross_asset_etf_l1_only,2026-03-04,RELIANCE,NIFTYBEES,2026-03-04,long,1,1.4617382617382617,0.43135531135531135,0.43029637760702527,0,0,1,21,261,1323.1999999999998,1323.1999999999998,75,0.0,165.20308576,-165.20308576,zerodha_equity_intraday_nse_order_formula_v2_2026_07_14
P455_contiguous_cross_asset_etf_l1_only,2026-03-05,RELIANCE,NIFTYBEES,2026-03-05,long,1,1.4610895303924376,0.4355548569632191,0.43580683156654887,0,0,1,21,261,1294.0,1294.0,77,0.0,165.28651611200002,-165.28651611200002,zerodha_equity_intraday_nse_order_formula_v2_2026_07_14
P455_contiguous_cross_asset_etf_l1_only,2026-03-06,RELIANCE,NIFTYBEES,2026-03-06,long,1,1.467341050290768,0.4417396467270298,0.44048943270300334,0,0,1,21,261,1297.3000000000002,1297.3000000000002,77,0.0,165.3397815704,-165.3397815704,zerodha_equity_intraday_nse_order_formula_v2_2026_07_14
P455_contiguous_cross_asset_etf_l1_only,2026-03-09,RELIANCE,NIFTYBEES,2026-03-09,long,1,1.4687107443068927,0.4504888888888889,0.45006657789613846,0,0,1,21,261,1303.5,1303.5,76,0.0,165.166611184,-165.166611184,zerodha_equity_intraday_nse_order_formula_v2_2026_07_14
P455_contiguous_cross_asset_etf_l1_only,2026-03-10,RELIANCE,NIFTYBEES,2026-03-10,long,1,1.4624405554498763,0.44285714285714284,0.44121532364597094,0,0,1,21,261,1299.6,1299.6,76,0.0,165.10447863039997,-165.10447863039997,zerodha_equity_intraday_nse_order_formula_v2_2026_07_14
P455_contiguous_cross_asset_etf_l1_only,2026-03-11,RELIANCE,NIFTYBEES,2026-03-11,long,1,1.464660156265564,0.44268177525967894,0.44130127298444133,0,0,1,21,261,1296.0,1296.0,77,0.0,165.31879820799998,-165.31879820799998,zerodha_equity_intraday_nse_order_formula_v2_2026_07_14
P455_contiguous_cross_asset_etf_l1_only,2026-03-12,RELIANCE,NIFTYBEES,2026-03-12,long,1,1.4558095919663396,0.43976289650752964,0.43937575030012005,0,0,1,21,261,1307.3000000000002,1307.3000000000002,76,0.0,165.2271505952,-165.2271505952,zerodha_equity_intraday_nse_order_formula_v2_2026_07_14
P455_contiguous_cross_asset_etf_l1_only,2026-03-13,RELIANCE,NIFTYBEES,2026-03-13,long,1,1.4987974987974988,0.45791245791245794,0.4577893820713664,0,0,1,21,261,1302.6,1302.6,76,0.0,165.15227290239997,-165.15227290239997,zerodha_equity_intraday_nse_order_formula_v2_2026_07_14
P455_contiguous_cross_asset_etf_l1_only,2026-03-16,RELIANCE,NIFTYBEES,2026-03-16,long,1,1.465847786088281,0.4436572946646004,0.44112769485903813,0,0,1,21,261,1299.6999999999998,1299.6999999999998,76,0.0,165.1060717728,-165.1060717728,zerodha_equity_intraday_nse_order_formula_v2_2026_07_14
P455_contiguous_cross_asset_etf_l1_only,2026-03-17,RELIANCE,NIFTYBEES,2026-03-17,long,1,1.4673694604463379,0.4438553304298428,0.4425531914893617,0,0,1,21,261,1297.5,1297.5,77,0.0,165.34300978000002,-165.34300978000002,zerodha_equity_intraday_nse_order_formula_v2_2026_07_14
P455_contiguous_cross_asset_etf_l1_only,2026-03-18,RELIANCE,NIFTYBEES,2026-03-18,long,1,1.453169179265841,0.4325794932834552,0.43312101910828027,0,0,1,21,261,1294.6999999999998,1294.6999999999998,77,0.0,165.29781484560002,-165.29781484560002,zerodha_equity_intraday_nse_order_formula_v2_2026_07_14
P455_contiguous_cross_asset_etf_l1_only,2026-03-19,RELIANCE,NIFTYBEES,2026-03-19,long,1,1.440032560039594,0.4319217141893032,0.43236409608091025,0,0,1,21,261,1293.8000000000002,1293.8000000000002,77,0.0,165.28328790240002,-165.28328790240002,zerodha_equity_intraday_nse_order_formula_v2_2026_07_14
P455_contiguous_cross_asset_etf_l1_only,2026-03-20,RELIANCE,NIFTYBEES,2026-03-20,long,1,1.4587037683258552,0.4395314304570203,0.4400494437577256,0,0,1,21,261,1299.6999999999998,1299.6999999999998,76,0.0,165.1060717728,-165.1060717728,zerodha_equity_intraday_nse_order_formula_v2_2026_07_14
P455_contiguous_cross_asset_etf_l1_only,2026-03-23,RELIANCE,NIFTYBEES,2026-03-23,long,1,1.4591783730672985,0.44059727331746373,0.44084278768233387,0,0,1,21,261,1298.8000000000002,1298.8000000000002,76,0.0,165.0917334912,-165.0917334912,zerodha_equity_intraday_nse_order_formula_v2_2026_07_14
P455_contiguous_cross_asset_etf_l1_only,2026-03-24,RELIANCE,NIFTYBEES,2026-03-24,long,1,1.4573307760200964,0.44193427931292006,0.44195804195804195,0,0,1,21,261,1295.6,1295.6,77,0.0,165.3123417888,-165.3123417888,zerodha_equity_intraday_nse_order_formula_v2_2026_07_14
P455_contiguous_cross_asset_etf_l1_only,2026-03-25,RELIANCE,NIFTYBEES,2026-03-25,long,1,1.4654323555925388,0.4433811802232855,0.4435590969455511,0,0,1,21,261,1297.6999999999998,1297.6999999999998,77,0.0,165.34623798959998,-165.34623798959998,zerodha_equity_intraday_nse_order_formula_v2_2026_07_14
P455_contiguous_cross_asset_etf_l1_only,2026-03-26,RELIANCE,NIFTYBEES,2026-03-26,long,1,1.4592742485524222,0.4417123389127537,0.44173140954495005,0,0,1,21,261,1299.4,1299.4,76,0.0,165.10129234559997,-165.10129234559997,zerodha_equity_intraday_nse_order_formula_v2_2026_07_14
P455_contiguous_cross_asset_etf_l1_only,2026-03-27,RELIANCE,NIFTYBEES,2026-03-27,long,1,1.453454748633355,0.43246650906225376,0.43211334120425027,0,0,1,21,261,1295.6999999999998,1295.6999999999998,77,0.0,165.3139558936,-165.3139558936,zerodha_equity_intraday_nse_order_formula_v2_2026_07_14
P455_contiguous_cross_asset_etf_l1_only,2026-03-30,RELIANCE,NIFTYBEES,2026-03-30,long,1,1.4789919238366296,0.4512620276112118,0.45141065830721006,0,0,1,21,261,1301.1,1301.1,76,0.0,165.1283757664,-165.1283757664,zerodha_equity_intraday_nse_order_formula_v2_2026_07_14
P455_contiguous_cross_asset_etf_l1_only,2026-03-31,RELIANCE,NIFTYBEES,2026-03-31,long,1,1.4641608450347188,0.44483423960708646,0.44415243101182655,0,0,1,21,261,1298.1999999999998,1298.1999999999998,77,0.0,165.3543085136,-165.3543085136,zerodha_equity_intraday_nse_order_formula_v2_2026_07_14
P455_contiguous_cross_asset_etf_l1_only,2026-04-01,RELIANCE,NIFTYBEES,2026-04-01,long,1,1.4843215218575365,0.4493932905067809,0.44919786096256686,0,0,1,21,261,1305.8,1305.8,76,0.0,165.2032534592,-165.2032534592,zerodha_equity_intraday_nse_order_formula_v2_2026_07_14
P455_contiguous_cross_asset_etf_l1_only,2026-04-02,RELIANCE,NIFTYBEES,2026-04-02,long,1,1.4696504111194537,0.44866042815023716,0.44764649375600385,0,0,1,21,261,1299.6,1299.6,76,0.0,165.10447863039997,-165.10447863039997,zerodha_equity_intraday_nse_order_formula_v2_2026_07_14
P455_contiguous_cross_asset_etf_l1_only,2026-04-03,RELIANCE,NIFTYBEES,2026-04-03,long,1,1.4612508923693621,0.44010282776349613,0.43902439024390244,0,0,1,21,261,1295.0,1295.0,77,0.0,165.30265716000002,-165.30265716000002,zerodha_equity_intraday_nse_order_formula_v2_2026_07_14
P455_contiguous_cross_asset_etf_l1_only,2026-04-06,RELIANCE,NIFTYBEES,2026-04-06,long,1,1.4516224051395303,0.4328448102790604,0.4330827067669173,0,0,1,21,261,1291.1,1291.1,77,0.0,165.23970707279997,-165.23970707279997,zerodha_equity_intraday_nse_order_formula_v2_2026_07_14
P455_contiguous_cross_asset_etf_l1_only,2026-04-07,RELIANCE,NIFTYBEES,2026-04-07,long,1,1.4396793386136237,0.42978395061728397,0.4300578034682081,0,0,1,21,261,1291.3000000000002,1291.3000000000002,77,0.0,165.2429352824,-165.2429352824,zerodha_equity_intraday_nse_order_formula_v2_2026_07_14
P455_contiguous_cross_asset_etf_l1_only,2026-04-08,RELIANCE,NIFTYBEES,2026-04-08,long,1,1.459047442278272,0.4403354117394109,0.44122383252818037,0,0,1,21,261,1297.8000000000002,1297.8000000000002,77,0.0,165.3478520944,-165.3478520944,zerodha_equity_intraday_nse_order_formula_v2_2026_07_14
P455_contiguous_cross_asset_etf_l1_only,2026-04-09,RELIANCE,NIFTYBEES,2026-04-09,long,1,1.4616056177952186,0.46684951108991174,0.46648793565683644,0,0,1,21,261,1310.6,1310.6,76,0.0,165.2797242944,-165.2797242944,zerodha_equity_intraday_nse_order_formula_v2_2026_07_14
P455_contiguous_cross_asset_etf_l1_only,2026-04-10,RELIANCE,NIFTYBEES,2026-04-10,long,1,1.47862327695237,0.4556725769897347,0.45554445554445555,0,0,1,21,261,1303.0,1303.0,76,0.0,165.158645472,-165.158645472,zerodha_equity_intraday_nse_order_formula_v2_2026_07_14
P455_contiguous_cross_asset_etf_l1_only,2026-04-13,RELIANCE,NIFTYBEES,2026-04-13,long,1,1.4647102796715965,0.44559132260321904,0.4456094364351245,0,0,1,21,261,1301.5,1301.5,76,0.0,165.13474833600003,-165.13474833600003,zerodha_equity_intraday_nse_order_formula_v2_2026_07_14
P455_contiguous_cross_asset_etf_l1_only,2026-04-14,RELIANCE,NIFTYBEES,2026-04-14,long,1,1.4576175856809308,0.44089397857406726,0.43983402489626555,0,0,1,21,261,1299.4,1299.4,76,0.0,165.10129234559997,-165.10129234559997,zerodha_equity_intraday_nse_order_formula_v2_2026_07_14
P455_contiguous_cross_asset_etf_l1_only,2026-04-15,RELIANCE,NIFTYBEES,2026-04-15,long,1,1.455946754218236,0.4399247991796274,0.44046094750320103,0,0,1,21,261,1295.4,1295.4,77,0.0,165.3091135792,-165.3091135792,zerodha_equity_intraday_nse_order_formula_v2_2026_07_14
P455_contiguous_cross_asset_etf_l1_only,2026-04-16,RELIANCE,NIFTYBEES,2026-04-16,long,1,1.5099395403652187,0.47344084808841774,0.47337278106508873,0,0,1,21,261,1312.1,1312.1,76,0.0,165.3036214304,-165.3036214304,zerodha_equity_intraday_nse_order_formula_v2_2026_07_14
P455_contiguous_cross_asset_etf_l1_only,2026-04-17,RELIANCE,NIFTYBEES,2026-04-17,long,1,1.4599408113444305,0.4439260123312781,0.4444444444444444,0,0,1,21,261,1296.6999999999998,1296.6999999999998,77,0.0,165.3300969416,-165.3300969416,zerodha_equity_intraday_nse_order_formula_v2_2026_07_14
P455_contiguous_cross_asset_etf_l1_only,2026-04-20,RELIANCE,NIFTYBEES,2026-04-20,long,1,1.4641907903339086,0.44630494284334243,0.44632086851628466,0,0,1,21,261,1319.9,1319.9,75,0.0,165.15120382,-165.15120382,zerodha_equity_intraday_nse_order_formula_v2_2026_07_14
P455_contiguous_cross_asset_etf_l1_only,2026-04-21,RELIANCE,NIFTYBEES,2026-04-21,long,1,1.4621035721791313,0.4434105582985188,0.4438122332859175,0,0,1,21,261,1300.6,1300.6,76,0.0,165.1204100544,-165.1204100544,zerodha_equity_intraday_nse_order_formula_v2_2026_07_14
P455_contiguous_cross_asset_etf_l1_only,2026-04-22,RELIANCE,NIFTYBEES,2026-04-22,long,1,1.4751008697654788,0.45082909210310296,0.45018450184501846,0,0,1,21,261,1300.0,1300.0,76,0.0,165.11085119999998,-165.11085119999998,zerodha_equity_intraday_nse_order_formula_v2_2026_07_14
P455_contiguous_cross_asset_etf_l1_only,2026-04-23,RELIANCE,NIFTYBEES,2026-04-23,long,1,1.424502479204166,0.41621182208802693,0.41601392515230634,0,0,1,21,261,1279.6,1279.6,78,0.0,165.32231989119998,-165.32231989119998,zerodha_equity_intraday_nse_order_formula_v2_2026_07_14
P455_contiguous_cross_asset_etf_l1_only,2026-04-24,RELIANCE,NIFTYBEES,2026-04-24,long,1,1.4669469628458738,0.44696132596685084,0.44689655172413795,0,0,1,21,261,1301.3000000000002,1301.3000000000002,76,0.0,165.13156205120004,-165.13156205120004,zerodha_equity_intraday_nse_order_formula_v2_2026_07_14
P455_contiguous_cross_asset_etf_l1_only,2026-04-27,RELIANCE,NIFTYBEES,2026-04-27,long,1,1.4662836167280364,0.43735519515237925,0.4379172229639519,0,0,1,21,261,1296.6,1296.6,77,0.0,165.32848283680002,-165.32848283680002,zerodha_equity_intraday_nse_order_formula_v2_2026_07_14
P455_contiguous_cross_asset_etf_l1_only,2026-04-28,RELIANCE,NIFTYBEES,2026-04-28,long,1,1.4624022026039762,0.4577076310144039,0.4569460390355913,0,0,1,21,261,1304.8000000000002,1304.8000000000002,76,0.0,165.18732203519997,-165.18732203519997,zerodha_equity_intraday_nse_order_formula_v2_2026_07_14
P455_contiguous_cross_asset_etf_l1_only,2026-04-29,RELIANCE,NIFTYBEES,2026-04-29,long,1,1.4706664869465569,0.44615612501851576,0.44617092119866814,0,0,1,21,261,1307.4,1307.4,76,0.0,165.2287437376,-165.2287437376,zerodha_equity_intraday_nse_order_formula_v2_2026_07_14
P455_contiguous_cross_asset_etf_l1_only,2026-04-30,RELIANCE,NIFTYBEES,2026-04-30,long,1,1.4665622633245798,0.44943498784151054,0.45016077170418006,0,0,1,21,261,1305.1999999999998,1305.1999999999998,76,0.0,165.1936946048,-165.1936946048,zerodha_equity_intraday_nse_order_formula_v2_2026_07_14
P455_contiguous_cross_asset_etf_l1_only,2026-05-01,RELIANCE,NIFTYBEES,2026-05-01,long,1,1.4715212901516368,0.44874600235650564,0.4489281210592686,0,0,1,21,261,1299.1,1299.1,76,0.0,165.0965129184,-165.0965129184,zerodha_equity_intraday_nse_order_formula_v2_2026_07_14
P455_contiguous_cross_asset_etf_l1_only,2026-05-04,RELIANCE,NIFTYBEES,2026-05-04,long,1,1.4702519599652546,0.4487006412419845,0.4475347661188369,0,0,1,21,261,1302.3000000000002,1302.3000000000002,76,0.0,165.1474934752,-165.1474934752,zerodha_equity_intraday_nse_order_formula_v2_2026_07_14
P455_contiguous_cross_asset_etf_l1_only,2026-05-05,RELIANCE,NIFTYBEES,2026-05-05,long,1,1.4474047722300216,0.43532008830022073,0.43439911797133407,0,0,1,21,261,1294.1,1294.1,77,0.0,165.28813021680003,-165.28813021680003,zerodha_equity_intraday_nse_order_formula_v2_2026_07_14
P455_contiguous_cross_asset_etf_l1_only,2026-05-06,RELIANCE,NIFTYBEES,2026-05-06,long,1,1.4805964380328422,0.4557515217730607,0.45614035087719296,0,0,1,21,261,1305.6999999999998,1305.6999999999998,76,0.0,165.2016603168,-165.2016603168,zerodha_equity_intraday_nse_order_formula_v2_2026_07_14
P455_contiguous_cross_asset_etf_l1_only,2026-05-07,RELIANCE,NIFTYBEES,2026-05-07,long,1,1.4244719096866159,0.42720061412487204,0.42569511025886864,0,0,1,21,261,1292.5,1292.5,77,0.0,165.26230454,-165.26230454,zerodha_equity_intraday_nse_order_formula_v2_2026_07_14
P455_contiguous_cross_asset_etf_l1_only,2026-05-08,RELIANCE,NIFTYBEES,2026-05-08,long,1,1.443386901974789,0.4305469235550031,0.4307334109429569,0,0,1,21,261,1295.2,1295.2,77,0.0,165.3058853696,-165.3058853696,zerodha_equity_intraday_nse_order_formula_v2_2026_07_14
P455_contiguous_cross_asset_etf_l1_only,2026-05-11,RELIANCE,NIFTYBEES,2026-05-11,long,1,1.4450414307578756,0.44452841596130593,0.44394110985277463,0,0,1,21,261,1289.9,1289.9,77,0.0,165.2203378152,-165.2203378152,zerodha_equity_intraday_nse_order_formula_v2_2026_07_14
P455_contiguous_cross_asset_etf_l1_only,2026-05-12,RELIANCE,NIFTYBEES,2026-05-12,long,1,1.4706457688875272,0.44791006966434455,0.4483985765124555,0,0,1,21,261,1311.3000000000002,1311.3000000000002,76,0.0,165.2908762912,-165.2908762912,zerodha_equity_intraday_nse_order_formula_v2_2026_07_14
P455_contiguous_cross_asset_etf_l1_only,2026-05-13,RELIANCE,NIFTYBEES,2026-05-13,long,1,1.4450857447107082,0.432833605462372,0.43159065628476084,0,0,1,21,261,1313.9,1313.9,76,0.0,165.3322979936,-165.3322979936,zerodha_equity_intraday_nse_order_formula_v2_2026_07_14
P455_contiguous_cross_asset_etf_l1_only,2026-05-14,RELIANCE,NIFTYBEES,2026-05-14,long,1,1.4939125090571421,0.46313963573287076,0.4623955431754875,0,0,1,21,261,1308.4,1308.4,76,0.0,165.2446751616,-165.2446751616,zerodha_equity_intraday_nse_order_formula_v2_2026_07_14
P455_contiguous_cross_asset_etf_l1_only,2026-05-15,RELIANCE,NIFTYBEES,2026-05-15,long,1,1.4524258686688591,0.43735519515237925,0.4379172229639519,0,0,1,21,261,1295.9,1295.9,77,0.0,165.31718410320002,-165.31718410320002,zerodha_equity_intraday_nse_order_formula_v2_2026_07_14
P455_contiguous_cross_asset_etf_l1_only,2026-05-18,RELIANCE,NIFTYBEES,2026-05-18,long,1,1.4501060079506403,0.432833605462372,0.43159065628476084,0,0,1,21,261,1300.9,1300.9,76,0.0,165.12518948160002,-165.12518948160002,zerodha_equity_intraday_nse_order_formula_v2_2026_07_14
P455_contiguous_cross_asset_etf_l1_only,2026-05-19,RELIANCE,NIFTYBEES,2026-05-19,long,1,1.4650730500894473,0.44665864971654357,0.4453024453024453,0,0,1,21,261,1302.3000000000002,1302.3000000000002,76,0.0,165.1474934752,-165.1474934752,zerodha_equity_intraday_nse_order_formula_v2_2026_07_14
P455_contiguous_cross_asset_etf_l1_only,2026-05-20,RELIANCE,NIFTYBEES,2026-05-20,long,1,1.4653822824297391,0.4438731790916881,0.4441591784338896,0,0,1,21,261,1301.5,1301.5,76,0.0,165.13474833600003,-165.13474833600003,zerodha_equity_intraday_nse_order_formula_v2_2026_07_14
P455_contiguous_cross_asset_etf_l1_only,2026-05-21,RELIANCE,NIFTYBEES,2026-05-21,long,1,1.4729146611271555,0.4506172839506173,0.44914134742404227,0,0,1,21,261,1303.1999999999998,1303.1999999999998,76,0.0,165.16183175679998,-165.16183175679998,zerodha_equity_intraday_nse_order_formula_v2_2026_07_14
P455_contiguous_cross_asset_etf_l1_only,2026-05-22,RELIANCE,NIFTYBEES,2026-05-22,long,1,1.4805403345239132,0.4503114382785957,0.4496288441145281,0,0,1,21,261,1301.1,1301.1,76,0.0,165.1283757664,-165.1283757664,zerodha_equity_intraday_nse_order_formula_v2_2026_07_14
P455_contiguous_cross_asset_etf_l1_only,2026-05-25,RELIANCE,NIFTYBEES,2026-05-25,long,1,1.4503907980401691,0.44210872064378387,0.4403444034440344,0,0,1,21,261,1293.9,1293.9,77,0.0,165.28490200720003,-165.28490200720003,zerodha_equity_intraday_nse_order_formula_v2_2026_07_14
P455_contiguous_cross_asset_etf_l1_only,2026-05-26,RELIANCE,NIFTYBEES,2026-05-26,long,1,1.466746280959161,0.4432201883774658,0.4420772303595206,0,0,1,21,261,1300.1999999999998,1300.1999999999998,76,0.0,165.11403748479998,-165.11403748479998,zerodha_equity_intraday_nse_order_formula_v2_2026_07_14
P455_contiguous_cross_asset_etf_l1_only,2026-05-27,RELIANCE,NIFTYBEES,2026-05-27,long,1,1.465552968664048,0.4519641018096219,0.4520396912899669,0,0,1,21,261,1269.6,1269.6,78,0.0,165.15881317120002,-165.15881317120002,zerodha_equity_intraday_nse_order_formula_v2_2026_07_14
P455_contiguous_cross_asset_etf_l1_only,2026-05-28,RELIANCE,NIFTYBEES,2026-05-28,long,1,1.451717529637818,0.4379454926624738,0.4364207221350079,0,0,1,21,261,1299.1,1299.1,76,0.0,165.0965129184,-165.0965129184,zerodha_equity_intraday_nse_order_formula_v2_2026_07_14
P455_contiguous_cross_asset_etf_l1_only,2026-05-29,RELIANCE,NIFTYBEES,2026-05-29,long,1,1.4644100446210853,0.4457162093923582,0.44388398486759145,0,0,1,21,261,1297.9,1297.9,77,0.0,165.34946619919998,-165.34946619919998,zerodha_equity_intraday_nse_order_formula_v2_2026_07_14
P455_contiguous_cross_asset_etf_l1_only,2026-06-01,RELIANCE,NIFTYBEES,2026-06-01,long,1,1.4616810393401627,0.44560260586319217,0.44552845528455287,0,0,1,21,261,1299.9,1299.9,76,0.0,165.10925805760002,-165.10925805760002,zerodha_equity_intraday_nse_order_formula_v2_2026_07_14
P455_contiguous_cross_asset_etf_l1_only,2026-06-02,RELIANCE,NIFTYBEES,2026-06-02,long,1,1.4471895941179325,0.4348322626695218,0.43422459893048126,0,0,1,21,261,1262.1999999999998,1262.1999999999998,79,0.0,165.30240561120002,-165.30240561120002,zerodha_equity_intraday_nse_order_formula_v2_2026_07_14
P455_contiguous_cross_asset_etf_l1_only,2026-06-03,RELIANCE,NIFTYBEES,2026-06-03,long,1,1.4629426919018833,0.4419692998876825,0.44039270687237025,0,0,1,21,261,1297.5,1297.5,77,0.0,165.34300978000002,-165.34300978000002,zerodha_equity_intraday_nse_order_formula_v2_2026_07_14
P455_contiguous_cross_asset_etf_l1_only,2026-06-04,RELIANCE,NIFTYBEES,2026-06-04,long,1,1.4658217981200812,0.4442486382569689,0.44417767106842737,0,0,1,21,261,1299.9,1299.9,76,0.0,165.10925805760002,-165.10925805760002,zerodha_equity_intraday_nse_order_formula_v2_2026_07_14
P455_contiguous_cross_asset_etf_l1_only,2026-06-05,RELIANCE,NIFTYBEES,2026-06-05,long,1,1.4750786661408979,0.4545598480050665,0.4531435349940688,0,0,1,21,261,1301.1,1301.1,76,0.0,165.1283757664,-165.1283757664,zerodha_equity_intraday_nse_order_formula_v2_2026_07_14
P455_contiguous_cross_asset_etf_l1_only,2026-06-08,RELIANCE,NIFTYBEES,2026-06-08,long,1,1.4625256549076957,0.44268177525967894,0.44130127298444133,0,0,1,21,261,1297.4,1297.4,77,0.0,165.34139567520003,-165.34139567520003,zerodha_equity_intraday_nse_order_formula_v2_2026_07_14
P455_contiguous_cross_asset_etf_l1_only,2026-06-09,RELIANCE,NIFTYBEES,2026-06-09,long,1,1.471963842036704,0.4487156457697144,0.44952893674293404,0,0,1,21,261,1300.0,1300.0,76,0.0,165.11085119999998,-165.11085119999998,zerodha_equity_intraday_nse_order_formula_v2_2026_07_14
P455_contiguous_cross_asset_etf_l1_only,2026-06-10,RELIANCE,NIFTYBEES,2026-06-10,long,1,1.4348886173825521,0.4270984606447865,0.426550598476605,0,0,1,21,261,1292.4,1292.4,77,0.0,165.26069043520002,-165.26069043520002,zerodha_equity_intraday_nse_order_formula_v2_2026_07_14
P455_contiguous_cross_asset_etf_l1_only,2026-06-11,RELIANCE,NIFTYBEES,2026-06-11,long,1,1.4675492622652009,0.44620963564151267,0.445019404915912,0,0,1,21,261,1302.3000000000002,1302.3000000000002,76,0.0,165.1474934752,-165.1474934752,zerodha_equity_intraday_nse_order_formula_v2_2026_07_14
P455_contiguous_cross_asset_etf_l1_only,2026-06-12,RELIANCE,NIFTYBEES,2026-06-12,long,1,1.392173644545891,0.3901867051501759,0.39080459770114945,0,0,1,21,261,1279.8,1279.8,78,0.0,165.3255900256,-165.3255900256,zerodha_equity_intraday_nse_order_formula_v2_2026_07_14
P455_contiguous_cross_asset_etf_l1_only,2026-06-15,RELIANCE,NIFTYBEES,2026-06-15,long,1,1.450014773807353,0.433113193057902,0.4326812428078251,0,0,1,21,261,1296.1999999999998,1296.1999999999998,77,0.0,165.3220264176,-165.3220264176,zerodha_equity_intraday_nse_order_formula_v2_2026_07_14
P455_contiguous_cross_asset_etf_l1_only,2026-06-16,RELIANCE,NIFTYBEES,2026-06-16,long,1,1.4633656874657517,0.4382745098039216,0.4371327849588719,0,0,1,21,261,1293.6,1293.6,77,0.0,165.2800596928,-165.2800596928,zerodha_equity_intraday_nse_order_formula_v2_2026_07_14
P455_contiguous_cross_asset_etf_l1_only,2026-06-17,RELIANCE,NIFTYBEES,2026-06-17,long,1,1.4588583688871992,0.43995726495726495,0.4384,0,0,1,21,261,1298.6999999999998,1298.6999999999998,77,0.0,165.3623790376,-165.3623790376,zerodha_equity_intraday_nse_order_formula_v2_2026_07_14
P455_contiguous_cross_asset_etf_l1_only,2026-06-18,RELIANCE,NIFTYBEES,2026-06-18,long,1,1.4769867632336093,0.45458853261728005,0.4544378698224852,0,0,1,21,261,1301.1,1301.1,76,0.0,165.1283757664,-165.1283757664,zerodha_equity_intraday_nse_order_formula_v2_2026_07_14
P455_contiguous_cross_asset_etf_l1_only,2026-06-19,RELIANCE,NIFTYBEES,2026-06-19,long,1,1.463925257274413,0.44754555902150717,0.44772447724477243,0,0,1,21,261,1300.3000000000002,1300.3000000000002,76,0.0,165.1156306272,-165.1156306272,zerodha_equity_intraday_nse_order_formula_v2_2026_07_14
P455_contiguous_cross_asset_etf_l1_only,2026-06-22,RELIANCE,NIFTYBEES,2026-06-22,long,1,1.420970090666518,0.42008225783576797,0.41870350690754515,0,0,1,21,261,1291.5,1291.5,77,0.0,165.24616349200002,-165.24616349200002,zerodha_equity_intraday_nse_order_formula_v2_2026_07_14
P455_contiguous_cross_asset_etf_l1_only,2026-06-23,RELIANCE,NIFTYBEES,2026-06-23,long,1,1.5002984421768715,0.4636464633995803,0.46253469010175763,0,0,1,21,261,1308.1999999999998,1308.1999999999998,76,0.0,165.2414888768,-165.2414888768,zerodha_equity_intraday_nse_order_formula_v2_2026_07_14
P455_contiguous_cross_asset_etf_l1_only,2026-06-24,RELIANCE,NIFTYBEES,2026-06-24,long,1,1.462367625258011,0.4458620110794024,0.44528301886792454,0,0,1,21,261,1302.1999999999998,1302.1999999999998,76,0.0,165.14590033279998,-165.14590033279998,zerodha_equity_intraday_nse_order_formula_v2_2026_07_14
P455_contiguous_cross_asset_etf_l1_only,2026-06-25,RELIANCE,NIFTYBEES,2026-06-25,long,1,1.453512081387119,0.44027688345138444,0.4390832328106152,0,0,1,21,261,1323.2,1323.2,75,0.0,165.20308576,-165.20308576,zerodha_equity_intraday_nse_order_formula_v2_2026_07_14
P455_contiguous_cross_asset_etf_l1_only,2026-06-26,RELIANCE,NIFTYBEES,2026-06-26,long,1,1.4339233928551471,0.42313810556760667,0.4225352112676056,0,0,1,21,261,1290.3000000000002,1290.3000000000002,77,0.0,165.2267942344,-165.2267942344,zerodha_equity_intraday_nse_order_formula_v2_2026_07_14
P455_contiguous_cross_asset_etf_l1_only,2026-06-29,RELIANCE,NIFTYBEES,2026-06-29,long,1,1.474035610027949,0.44869857262804363,0.4477987421383648,0,0,1,21,261,1302.1,1302.1,76,0.0,165.1443071904,-165.1443071904,zerodha_equity_intraday_nse_order_formula_v2_2026_07_14
P455_contiguous_cross_asset_etf_l1_only,2026-06-30,RELIANCE,NIFTYBEES,2026-06-30,long,1,1.5267900477485836,0.4849977200182399,0.4839371155160629,0,0,1,21,261,1315.0,1315.0,76,0.0,165.34982255999998,-165.34982255999998,zerodha_equity_intraday_nse_order_formula_v2_2026_07_14
