candidate_start_row,entry_row,exit_row,entry_price,exit_price,recent_mid_return_bps,spread_bps,l1_imbalance,l25_imbalance,volume_delta_lookback,forward_return_bps,abs_forward_return_bps,label_side,move_candidate,trade_date,symbol,exchange
0,20,260,1316.6,1316.6,0.0,1.519064256418392,0.017743979721166033,0.016579259008627983,60.0,0.0,0.0,flat,0,2026-01-01,AXISBANK,NSE
5000,20,260,1322.1999999999998,1322.1999999999998,0.0,1.5126304643778967,0.03369434416365824,0.034211371667202055,60.0,0.0,0.0,flat,0,2026-01-01,AXISBANK,NSE
10000,20,260,1328.0,1328.0,0.0,1.5060240963841725,0.015286624203821656,0.017003910899506886,60.0,0.0,0.0,flat,0,2026-01-01,AXISBANK,NSE
20000,20,260,1336.1,1336.1,0.0,1.4968939450643326,0.01859229747675963,0.020382842963488124,40.0,0.0,0.0,flat,0,2026-01-01,AXISBANK,NSE
50000,20,260,1355.1,1355.1,0.0,1.4759058372079217,0.029887920298879204,0.029753989361702128,60.0,0.0,0.0,flat,0,2026-01-01,AXISBANK,NSE
0,20,260,1218.0,1218.0,0.0,2.4630541871936114,-0.29733163913595934,-0.2983378561736771,60.0,0.0,0.0,flat,0,2026-01-01,HCLTECH,NSE
5000,20,260,1223.3000000000002,1223.3000000000002,0.0,2.4523828987162144,-0.28331332533013204,-0.2826470116968435,60.0,0.0,0.0,flat,0,2026-01-01,HCLTECH,NSE
10000,20,260,1226.1,1226.1,0.0,2.446782481037065,-0.2948207171314741,-0.2943991492378589,40.0,0.0,0.0,flat,0,2026-01-01,HCLTECH,NSE
20000,20,260,1230.0,1230.0,0.0,2.439024390245381,-0.2908622908622909,-0.29067170589245833,60.0,0.0,0.0,flat,0,2026-01-01,HCLTECH,NSE
50000,20,260,1253.0,1253.0,0.0,2.3942537909032873,-0.2923673997412678,-0.2917098445595855,60.0,0.0,0.0,flat,0,2026-01-01,HCLTECH,NSE
0,20,260,815.5999999999999,815.5999999999999,0.0,1.2260912211871353,-0.5784919653893696,-0.5781224220425673,60.0,0.0,0.0,flat,0,2026-01-01,HDFCBANK,NSE
5000,20,260,819.0999999999999,819.0999999999999,0.0,1.220852154804331,-0.5625744934445769,-0.563315303849825,60.0,0.0,0.0,flat,0,2026-01-01,HDFCBANK,NSE
10000,20,260,822.8,822.8,0.0,1.2153621779292993,-0.5703022339027596,-0.5711278723031047,60.0,0.0,0.0,flat,0,2026-01-01,HDFCBANK,NSE
20000,20,260,827.25,827.25,0.0,1.2088244182521493,-0.5710491367861886,-0.5725177304964539,40.0,0.0,0.0,flat,0,2026-01-01,HDFCBANK,NSE
50000,20,260,840.1500000000001,840.1500000000001,0.0,1.1902636433972829,-0.5703022339027596,-0.5711278723031047,60.0,0.0,0.0,flat,0,2026-01-01,HDFCBANK,NSE
0,20,260,1402.3000000000002,1402.3000000000002,0.0,1.426228339157423,-0.37670384138785623,-0.37650951199338295,60.0,0.0,0.0,flat,0,2026-01-01,ICICIBANK,NSE
5000,20,260,1408.5,1408.5,0.0,1.4199503017381476,-0.35487661574618096,-0.35617942283563364,60.0,0.0,0.0,flat,0,2026-01-01,ICICIBANK,NSE
10000,20,260,1413.3000000000002,1413.3000000000002,0.0,1.4151277152766253,-0.37484276729559746,-0.3746852442504616,60.0,0.0,0.0,flat,0,2026-01-01,ICICIBANK,NSE
20000,20,260,1421.1999999999998,1421.1999999999998,0.0,1.407261469181294,-0.3691899070385126,-0.36932624113475176,40.0,0.0,0.0,flat,0,2026-01-01,ICICIBANK,NSE
50000,20,260,1443.6,1443.6,0.0,1.3854253255752667,-0.3657587548638132,-0.36651662049861494,60.0,0.0,0.0,flat,0,2026-01-01,ICICIBANK,NSE
0,20,260,1101.6999999999998,1101.6999999999998,0.0,1.8153762367254742,-0.17888198757763976,-0.179210875331565,60.0,0.0,0.0,flat,0,2026-01-01,INFY,NSE
5000,20,260,1105.6,1105.6,0.0,1.8089725036183566,-0.17196702002355713,-0.17355761672692974,60.0,0.0,0.0,flat,0,2026-01-01,INFY,NSE
10000,20,260,1110.1,1110.1,0.0,1.801639491938073,-0.18857901726427623,-0.18790994504520475,40.0,0.0,0.0,flat,0,2026-01-01,INFY,NSE
20000,20,260,1114.6999999999998,1114.6999999999998,0.0,1.7942047187588186,-0.19096774193548388,-0.19066482948673785,60.0,0.0,0.0,flat,0,2026-01-01,INFY,NSE
50000,20,260,1135.0,1135.0,0.0,1.7621145374433314,-0.18562091503267975,-0.18530797417553654,60.0,0.0,0.0,flat,0,2026-01-01,INFY,NSE
0,20,260,1296.9,1296.9,0.0,1.54213894671945,0.436498150431566,0.43672864900444297,60.0,0.0,0.0,flat,0,2026-01-01,RELIANCE,NSE
5000,20,260,1302.4,1302.4,0.0,1.5356265356268848,0.45422116527942924,0.45421361688620854,60.0,0.0,0.0,flat,0,2026-01-01,RELIANCE,NSE
10000,20,260,1307.6999999999998,1307.6999999999998,0.0,1.5294027682193585,0.43742098609355246,0.4388185654008439,60.0,0.0,0.0,flat,0,2026-01-01,RELIANCE,NSE
20000,20,260,1313.1999999999998,1313.1999999999998,0.0,1.522997258605281,0.43742098609355246,0.4388185654008439,60.0,0.0,0.0,flat,0,2026-01-01,RELIANCE,NSE
50000,20,260,1331.1,1331.1,0.0,1.5025167154988017,0.44129032258064516,0.4409991386735573,60.0,0.0,0.0,flat,0,2026-01-01,RELIANCE,NSE
0,20,260,2177.7,2177.7,0.0,1.8368002938884647,-0.0050568900126422255,-0.008776371308016877,60.0,0.0,0.0,flat,0,2026-01-01,TCS,NSE
5000,20,260,2196.8,2196.8,0.0,1.820830298616583,0.007168458781362007,0.006378568011481423,60.0,0.0,0.0,flat,0,2026-01-01,TCS,NSE
10000,20,260,2197.6000000000004,2197.6000000000004,0.0,1.820167455406311,-0.00522875816993464,-0.005059316120027913,60.0,0.0,0.0,flat,0,2026-01-01,TCS,NSE
20000,20,260,2206.3,2206.3,0.0,1.8129900738797575,-0.012610340479192938,-0.012285425782564793,60.0,0.0,0.0,flat,0,2026-01-01,TCS,NSE
50000,20,260,2234.8,2234.8,0.0,1.7898693395386207,0.0,-0.0006801564359802754,60.0,0.0,0.0,flat,0,2026-01-01,TCS,NSE
0,20,260,1317.5,1317.5,0.0,3.795066413662239,0.015233949945593036,0.015829218704618064,60.0,0.0,0.0,flat,0,2026-01-02,AXISBANK,NSE
5000,20,260,1312.8,1312.8,0.0,3.808653260207191,0.019889502762430938,0.018726039516366852,60.0,0.0,0.0,flat,0,2026-01-02,AXISBANK,NSE
10000,20,260,1322.2,1322.2,0.0,3.781576160943881,0.02254791431792559,0.02151022864019254,60.0,0.0,0.0,flat,0,2026-01-02,AXISBANK,NSE
20000,20,260,1329.6,1329.6,0.0,3.7605294825511435,0.028291621327529923,0.02672476397966594,60.0,0.0,0.0,flat,0,2026-01-02,AXISBANK,NSE
50000,20,260,1322.1,1322.1,0.0,3.7818621889418353,0.01799775028121485,0.01966966966966967,60.0,0.0,0.0,flat,0,2026-01-02,AXISBANK,NSE
0,20,260,1215.8,1215.8,0.0,4.935022207599187,-0.30484037075180226,-0.30470038482682793,60.0,0.0,0.0,flat,0,2026-01-02,HCLTECH,NSE
5000,20,260,1210.6,1210.6,0.0,4.956220056171621,-0.2994535519125683,-0.2991540256709452,60.0,0.0,0.0,flat,0,2026-01-02,HCLTECH,NSE
10000,20,260,1219.3,1219.3,0.0,4.920856228983097,-0.29720670391061454,-0.29619686800894857,60.0,0.0,0.0,flat,0,2026-01-02,HCLTECH,NSE
20000,20,260,1220.0,1220.0,0.0,4.9180327868845,-0.28335056876938985,-0.2837819185645273,60.0,0.0,0.0,flat,0,2026-01-02,HCLTECH,NSE
50000,20,260,1212.7,1212.7,0.0,4.947637503091523,-0.2937853107344633,-0.2946765193786759,60.0,0.0,0.0,flat,0,2026-01-02,HCLTECH,NSE
0,20,260,818.8,818.8,0.0,3.053248656570591,-0.5717514124293785,-0.5717948717948718,60.0,0.0,0.0,flat,0,2026-01-02,HDFCBANK,NSE
5000,20,260,815.85,815.85,0.0,3.064288778574493,-0.5749167591564928,-0.5747296696785661,60.0,0.0,0.0,flat,0,2026-01-02,HDFCBANK,NSE
10000,20,260,824.3,824.3,0.0,3.0328763799587533,-0.5626911314984709,-0.5640048972928853,80.0,0.0,0.0,flat,0,2026-01-02,HDFCBANK,NSE
20000,20,260,823.2,823.2,0.0,3.0369290573372205,-0.5717514124293785,-0.5727642889458604,60.0,0.0,0.0,flat,0,2026-01-02,HDFCBANK,NSE
50000,20,260,819.4,819.4,0.0,3.0510129362948497,-0.5775401069518716,-0.5768517197088626,60.0,0.0,0.0,flat,0,2026-01-02,HDFCBANK,NSE
0,20,260,1402.7,1402.7,0.0,3.564554074285307,-0.37037037037037035,-0.369627078029055,60.0,0.0,0.0,flat,0,2026-01-02,ICICIBANK,NSE
5000,20,260,1401.1,1401.1,0.0,3.5686246520590967,-0.358974358974359,-0.35874623597043526,60.0,0.0,0.0,flat,0,2026-01-02,ICICIBANK,NSE
10000,20,260,1411.3,1411.3,0.0,3.542832849146177,-0.35721493440968716,-0.3571717171717172,80.0,0.0,0.0,flat,0,2026-01-02,ICICIBANK,NSE
20000,20,260,1410.6,1410.6,0.0,3.544590954203885,-0.36482084690553745,-0.36458484277640923,60.0,0.0,0.0,flat,0,2026-01-02,ICICIBANK,NSE
50000,20,260,1402.4,1402.4,0.0,3.56531660011409,-0.36305048335123524,-0.3631933495771822,60.0,0.0,0.0,flat,0,2026-01-02,ICICIBANK,NSE
0,20,260,1093.9,1093.9,0.0,4.570801718621446,-0.20853080568720378,-0.20766409510560263,80.0,0.0,0.0,flat,0,2026-01-02,INFY,NSE
5000,20,260,1097.5,1097.5,0.0,4.555808656036446,-0.17217217217217218,-0.17218808442425862,80.0,0.0,0.0,flat,0,2026-01-02,INFY,NSE
10000,20,260,1101.5,1101.5,0.0,4.5392646391284615,-0.1923497267759563,-0.1915110851808635,60.0,0.0,0.0,flat,0,2026-01-02,INFY,NSE
20000,20,260,1095.1,1095.1,0.0,4.565793078257694,-0.211306765523633,-0.21076066790352505,80.0,0.0,0.0,flat,0,2026-01-02,INFY,NSE
50000,20,260,1089.7,1089.7,0.0,4.588418830870882,-0.19644723092998956,-0.19673731176798662,60.0,0.0,0.0,flat,0,2026-01-02,INFY,NSE
0,20,260,1299.7,1299.7,0.0,3.0776332999930056,0.44419391206313413,0.44484574868322047,60.0,0.0,0.0,flat,0,2026-01-02,RELIANCE,NSE
5000,20,260,1293.0,1293.0,0.0,3.093580819799621,0.43783209351753455,0.4376684158275422,60.0,0.0,0.0,flat,0,2026-01-02,RELIANCE,NSE
10000,20,260,1305.5,1305.5,0.0,3.063960168518506,0.45141065830721006,0.4512620276112118,60.0,0.0,0.0,flat,0,2026-01-02,RELIANCE,NSE
20000,20,260,1304.9,1304.9,0.0,3.0653689937915822,0.44756756756756755,0.4479226774379688,60.0,0.0,0.0,flat,0,2026-01-02,RELIANCE,NSE
50000,20,260,1299.2,1299.2,0.0,3.0788177339908476,0.44808743169398907,0.4473453908984831,60.0,0.0,0.0,flat,0,2026-01-02,RELIANCE,NSE
0,20,260,2180.9,2180.9,0.0,3.6682103718656602,-0.006528835690968444,-0.00943944234679059,60.0,0.0,0.0,flat,0,2026-01-02,TCS,NSE
5000,20,260,2166.7,2166.7,0.0,3.692250888446611,-0.006514657980456026,-0.009274018258223446,60.0,0.0,0.0,flat,0,2026-01-02,TCS,NSE
10000,20,260,2182.3,2182.3,0.0,3.665857123217372,-0.015367727771679473,-0.012745385291532376,60.0,0.0,0.0,flat,0,2026-01-02,TCS,NSE
20000,20,260,2186.1,2186.1,0.0,3.6594849274972874,0.0,-0.0016330166270783848,60.0,0.0,0.0,flat,0,2026-01-02,TCS,NSE
50000,20,260,2177.4,2177.4,0.0,3.6741067328014227,-0.006644518272425249,-0.005172923440733077,60.0,0.0,0.0,flat,0,2026-01-02,TCS,NSE
0,20,260,1317.0,1317.0,0.0,1.518602885344101,0.012364760432766615,0.01300041271151465,40.0,0.0,0.0,flat,0,2026-01-05,AXISBANK,NSE
5000,20,260,1317.1999999999998,1317.1999999999998,0.0,1.5183723048895041,0.029079159935379646,0.02674142764718568,40.0,0.0,0.0,flat,0,2026-01-05,AXISBANK,NSE
10000,20,260,1317.3000000000002,1317.3000000000002,0.0,1.5182570409173721,0.01579778830963665,0.015608521408985446,40.0,0.0,0.0,flat,0,2026-01-05,AXISBANK,NSE
20000,20,260,1321.6999999999998,1321.6999999999998,0.0,1.5132026935011387,0.023140495867768594,0.02382528127068167,40.0,0.0,0.0,flat,0,2026-01-05,AXISBANK,NSE
50000,20,260,1314.3000000000002,1314.3000000000002,0.0,1.521722589972194,0.019448946515397084,0.018610690326769097,40.0,0.0,0.0,flat,0,2026-01-05,AXISBANK,NSE
0,20,260,1218.8000000000002,1218.8000000000002,0.0,2.4614374794876475,-0.29421487603305785,-0.29529905098212317,40.0,0.0,0.0,flat,0,2026-01-05,HCLTECH,NSE
5000,20,260,1213.6,1213.6,0.0,2.471984179300878,-0.2988871224165342,-0.29845043515177244,40.0,0.0,0.0,flat,0,2026-01-05,HCLTECH,NSE
10000,20,260,1217.9,1217.9,0.0,2.4632564249934683,-0.28438948995363217,-0.28456458935204293,40.0,0.0,0.0,flat,0,2026-01-05,HCLTECH,NSE
20000,20,260,1218.8000000000002,1218.8000000000002,0.0,2.4614374794876475,-0.29421487603305785,-0.29529905098212317,40.0,0.0,0.0,flat,0,2026-01-05,HCLTECH,NSE
50000,20,260,1211.6999999999998,1211.6999999999998,0.0,2.4758603614752377,-0.2972536348949919,-0.2971514889943893,40.0,0.0,0.0,flat,0,2026-01-05,HCLTECH,NSE
0,20,260,817.5,817.5,0.0,1.2232415902129548,-0.5775729646697388,-0.5789581624282198,40.0,0.0,0.0,flat,0,2026-01-05,HDFCBANK,NSE
5000,20,260,816.8,816.8,0.0,1.2242899118514048,-0.5718901453957996,-0.573738680465718,40.0,0.0,0.0,flat,0,2026-01-05,HDFCBANK,NSE
10000,20,260,818.8499999999999,818.8499999999999,0.0,1.2212248885635066,-0.5682888540031397,-0.567176692517292,40.0,0.0,0.0,flat,0,2026-01-05,HDFCBANK,NSE
20000,20,260,820.25,820.25,0.0,1.2191405059422011,-0.5695581014729951,-0.5710227272727273,40.0,0.0,0.0,flat,0,2026-01-05,HDFCBANK,NSE
50000,20,260,815.95,815.95,0.0,1.2255652919912094,-0.5723577235772358,-0.5746851932262267,40.0,0.0,0.0,flat,0,2026-01-05,HDFCBANK,NSE
0,20,260,1405.8000000000002,1405.8000000000002,0.0,1.4226774790158305,-0.3681592039800995,-0.36824623560673164,40.0,0.0,0.0,flat,0,2026-01-05,ICICIBANK,NSE
5000,20,260,1402.1999999999998,1402.1999999999998,0.0,1.4263300527745364,-0.36541598694942906,-0.367240252668264,40.0,0.0,0.0,flat,0,2026-01-05,ICICIBANK,NSE
10000,20,260,1404.9,1404.9,0.0,1.4235888675353796,-0.36306729264475746,-0.3625156707062265,40.0,0.0,0.0,flat,0,2026-01-05,ICICIBANK,NSE
20000,20,260,1407.5,1407.5,0.0,1.420959147423219,-0.3715670436187399,-0.37208800690250216,40.0,0.0,0.0,flat,0,2026-01-05,ICICIBANK,NSE
50000,20,260,1400.1,1400.1,0.0,1.4284693950435363,-0.3657331136738056,-0.3672751264570046,40.0,0.0,0.0,flat,0,2026-01-05,ICICIBANK,NSE
0,20,260,1100.5,1100.5,0.0,1.8173557473858981,-0.1884297520661157,-0.18759655705142353,40.0,0.0,0.0,flat,0,2026-01-05,INFY,NSE
5000,20,260,1097.3000000000002,1097.3000000000002,0.0,1.8226556092230517,-0.19063004846526657,-0.190640500323485,40.0,0.0,0.0,flat,0,2026-01-05,INFY,NSE
10000,20,260,1098.5,1098.5,0.0,1.8206645425563779,-0.19001610305958133,-0.19135669748441195,40.0,0.0,0.0,flat,0,2026-01-05,INFY,NSE
20000,20,260,1101.1,1101.1,0.0,1.8163654527295021,-0.18657937806873978,-0.18579234972677597,40.0,0.0,0.0,flat,0,2026-01-05,INFY,NSE
50000,20,260,1097.1,1097.1,0.0,1.8229878771310317,-0.18536585365853658,-0.18450184501845018,40.0,0.0,0.0,flat,0,2026-01-05,INFY,NSE
0,20,260,1294.6999999999998,1294.6999999999998,0.0,1.5447594037232217,0.4354587869362364,0.4367863815652896,40.0,0.0,0.0,flat,0,2026-01-05,RELIANCE,NSE
5000,20,260,1293.6,1293.6,0.0,1.5460729746447548,0.4451718494271686,0.4455856643356643,40.0,0.0,0.0,flat,0,2026-01-05,RELIANCE,NSE
10000,20,260,1293.3000000000002,1293.3000000000002,0.0,1.5464316090624408,0.4384,0.43995726495726495,40.0,0.0,0.0,flat,0,2026-01-05,RELIANCE,NSE
20000,20,260,1297.6,1297.6,0.0,1.5413070283603998,0.44481054365733114,0.44456665200175977,40.0,0.0,0.0,flat,0,2026-01-05,RELIANCE,NSE
50000,20,260,1292.1,1292.1,0.0,1.5478678120891998,0.44408427876823336,0.4457909543388877,40.0,0.0,0.0,flat,0,2026-01-05,RELIANCE,NSE
0,20,260,2176.2,2176.2,0.0,1.3785497656452863,-0.006482982171799027,-0.007142857142857143,40.0,0.0,0.0,flat,0,2026-01-05,TCS,NSE
5000,20,260,2168.1,2168.1,0.0,1.3837000138378392,-0.0128,-0.011324786324786324,40.0,0.0,0.0,flat,0,2026-01-05,TCS,NSE
10000,20,260,2173.2,2173.2,0.0,1.3804527885133775,0.0,0.0004206098843322818,40.0,0.0,0.0,flat,0,2026-01-05,TCS,NSE
20000,20,260,2175.7,2175.7,0.0,1.3788665716768267,-0.006633499170812604,-0.006198804516271862,40.0,0.0,0.0,flat,0,2026-01-05,TCS,NSE
50000,20,260,2165.6,2165.6,0.0,1.3852973771711394,-0.00644122383252818,-0.0077402709094818315,40.0,0.0,0.0,flat,0,2026-01-05,TCS,NSE
0,20,260,1319.5,1319.5,0.0,1.5157256536553096,0.019580419580419582,0.019604182225541448,40.0,0.0,0.0,flat,0,2026-01-06,AXISBANK,NSE
5000,20,260,1317.1,1317.1,0.0,1.5184875863643268,0.013458950201884253,0.014016172506738544,40.0,0.0,0.0,flat,0,2026-01-06,AXISBANK,NSE
10000,20,260,1317.4,1317.4,0.0,1.518141794443946,0.03955500618046971,0.03942593203563181,60.0,0.0,0.0,flat,0,2026-01-06,AXISBANK,NSE
20000,20,260,1310.6,1310.6,0.0,1.5260186174274797,0.010512483574244415,0.011226100684090511,60.0,0.0,0.0,flat,0,2026-01-06,AXISBANK,NSE
50000,20,260,1308.4,1308.4,0.0,1.5285845307248964,0.026917900403768506,0.027488321954725118,40.0,0.0,0.0,flat,0,2026-01-06,AXISBANK,NSE
0,20,260,1222.9,1222.9,0.0,2.453185051925378,-0.2913719943422914,-0.2923512747875354,40.0,0.0,0.0,flat,0,2026-01-06,HCLTECH,NSE
5000,20,260,1219.6999999999998,1219.6999999999998,0.0,2.4596212183320043,-0.30303030303030304,-0.30267323250087935,40.0,0.0,0.0,flat,0,2026-01-06,HCLTECH,NSE
10000,20,260,1219.5,1219.5,0.0,2.460024600247494,-0.27577639751552796,-0.2772342895042282,60.0,0.0,0.0,flat,0,2026-01-06,HCLTECH,NSE
20000,20,260,1210.3000000000002,1210.3000000000002,0.0,2.4787242832351852,-0.2960969044414536,-0.29877829680201223,40.0,0.0,0.0,flat,0,2026-01-06,HCLTECH,NSE
50000,20,260,1210.0,1210.0,0.0,2.47933884297671,-0.2876526458616011,-0.28858695652173916,40.0,0.0,0.0,flat,0,2026-01-06,HCLTECH,NSE
0,20,260,816.3499999999999,816.3499999999999,0.0,1.2249647822627885,-0.5737931034482758,-0.5748480942736144,40.0,0.0,0.0,flat,0,2026-01-06,HDFCBANK,NSE
5000,20,260,812.3499999999999,812.3499999999999,0.0,1.2309964916602787,-0.5795601552393272,-0.5798653082369194,60.0,0.0,0.0,flat,0,2026-01-06,HDFCBANK,NSE
10000,20,260,814.55,814.55,0.0,1.2276717205821956,-0.5694249649368864,-0.5706796480059914,40.0,0.0,0.0,flat,0,2026-01-06,HDFCBANK,NSE
20000,20,260,807.6500000000001,807.6500000000001,0.0,1.2381600941004485,-0.5767690253671562,-0.5774371769738015,40.0,0.0,0.0,flat,0,2026-01-06,HDFCBANK,NSE
50000,20,260,810.2,810.2,0.0,1.2342631449027737,-0.5660881174899867,-0.5667438959187311,40.0,0.0,0.0,flat,0,2026-01-06,HDFCBANK,NSE
0,20,260,1404.4,1404.4,0.0,1.424095699231312,-0.3706777316735823,-0.3716765140324963,40.0,0.0,0.0,flat,0,2026-01-06,ICICIBANK,NSE
5000,20,260,1398.5,1398.5,0.0,1.4301036825156819,-0.37745740498034075,-0.3777116864940518,60.0,0.0,0.0,flat,0,2026-01-06,ICICIBANK,NSE
10000,20,260,1401.4,1401.4,0.0,1.4271442842874658,-0.36879432624113473,-0.36924824843779586,40.0,0.0,0.0,flat,0,2026-01-06,ICICIBANK,NSE
20000,20,260,1392.5,1392.5,0.0,1.4362657091548876,-0.3748326639892905,-0.3750893495353824,40.0,0.0,0.0,flat,0,2026-01-06,ICICIBANK,NSE
50000,20,260,1392.6999999999998,1392.6999999999998,0.0,1.4360594528616752,-0.3633916554508748,-0.36321178372552543,40.0,0.0,0.0,flat,0,2026-01-06,ICICIBANK,NSE
0,20,260,1103.5,1103.5,0.0,1.8124150430432089,-0.18723404255319148,-0.18632834690399547,40.0,0.0,0.0,flat,0,2026-01-06,INFY,NSE
5000,20,260,1100.3000000000002,1100.3000000000002,0.0,1.8176860856134276,-0.19607843137254902,-0.19717326819054265,60.0,0.0,0.0,flat,0,2026-01-06,INFY,NSE
10000,20,260,1100.8000000000002,1100.8000000000002,0.0,1.8168604651166917,-0.1684981684981685,-0.16854115729421354,60.0,0.0,0.0,flat,0,2026-01-06,INFY,NSE
20000,20,260,1093.4,1093.4,0.0,1.8291567587346393,-0.19440745672436752,-0.19534305012442232,40.0,0.0,0.0,flat,0,2026-01-06,INFY,NSE
50000,20,260,1090.4,1090.4,0.0,1.834189288334973,-0.18307905686546463,-0.1844102943899278,40.0,0.0,0.0,flat,0,2026-01-06,INFY,NSE
0,20,260,1299.1999999999998,1299.1999999999998,0.0,1.539408866995424,0.44039270687237025,0.4419692998876825,40.0,0.0,0.0,flat,0,2026-01-06,RELIANCE,NSE
5000,20,260,1293.4,1293.4,0.0,1.546312045771188,0.4351245085190039,0.435444366689993,60.0,0.0,0.0,flat,0,2026-01-06,RELIANCE,NSE
10000,20,260,1296.5,1296.5,0.0,1.5426147319692873,0.44287729196050774,0.44302128461103785,40.0,0.0,0.0,flat,0,2026-01-06,RELIANCE,NSE
20000,20,260,1285.6999999999998,1285.6999999999998,0.0,1.5555728396985726,0.43724696356275305,0.4384795532336516,40.0,0.0,0.0,flat,0,2026-01-06,RELIANCE,NSE
50000,20,260,1285.3000000000002,1285.3000000000002,0.0,1.556056951684785,0.442225392296719,0.4437250047609979,40.0,0.0,0.0,flat,0,2026-01-06,RELIANCE,NSE
0,20,260,2176.0,2176.0,0.0,1.8382352941159752,-0.005625879043600563,-0.0069470521967705595,40.0,0.0,0.0,flat,0,2026-01-06,TCS,NSE
5000,20,260,2173.1000000000004,2173.1000000000004,0.0,1.8406884174685512,-0.013568521031207599,-0.012133285041651575,40.0,0.0,0.0,flat,0,2026-01-06,TCS,NSE
10000,20,260,2173.3999999999996,2173.3999999999996,0.0,1.84043434250525,0.012360939431396786,0.013199142055766375,60.0,0.0,0.0,flat,0,2026-01-06,TCS,NSE
20000,20,260,2152.2,2152.2,0.0,1.858563330545911,-0.005689900426742532,-0.005886821116597038,40.0,0.0,0.0,flat,0,2026-01-06,TCS,NSE
50000,20,260,2174.8999999999996,2174.8999999999996,0.0,1.8391650190817557,0.0,-0.0016709988860007428,40.0,0.0,0.0,flat,0,2026-01-06,TCS,NSE
0,20,260,1303.1,1303.1,0.0,3.8370040672243113,0.0052677787532923615,0.00492091388400703,80.0,0.0,0.0,flat,0,2026-01-07,AXISBANK,NSE
5000,20,260,1293.4,1293.4,0.0,3.8657801144270914,-0.012648221343873518,-0.010547410610695074,100.0,0.0,0.0,flat,0,2026-01-07,AXISBANK,NSE
10000,20,260,1307.3,1307.3,0.0,3.824676814809149,0.03228699551569507,0.03494913225613405,80.0,0.0,0.0,flat,0,2026-01-07,AXISBANK,NSE
20000,20,260,1298.8,1298.8,0.0,3.8497074222359102,0.0,-0.000782822634757325,80.0,0.0,0.0,flat,0,2026-01-07,AXISBANK,NSE
50000,20,260,1249.2,1249.2,0.0,4.002561639449247,-0.006405124099279423,-0.006729331339457381,100.0,0.0,0.0,flat,0,2026-01-07,AXISBANK,NSE
0,20,260,1201.1,1201.1,0.0,4.9954208642089455,-0.31479897348160824,-0.3134345394361374,80.0,0.0,0.0,flat,0,2026-01-07,HCLTECH,NSE
5000,20,260,1194.1,1194.1,0.0,5.024704798594226,-0.2833178005591799,-0.28372497824194953,80.0,0.0,0.0,flat,0,2026-01-07,HCLTECH,NSE
10000,20,260,1196.3,1196.3,0.0,5.015464348406829,-0.2830365510777882,-0.28376688344172085,80.0,0.0,0.0,flat,0,2026-01-07,HCLTECH,NSE
20000,20,260,1190.9,1190.9,0.0,5.038206398523271,-0.3016022620169651,-0.30159728336058356,80.0,0.0,0.0,flat,0,2026-01-07,HCLTECH,NSE
50000,20,260,1184.9,1184.9,0.0,5.063718457254928,-0.3052351375332742,-0.30693655303030304,80.0,0.0,0.0,flat,0,2026-01-07,HCLTECH,NSE
0,20,260,810.15,810.15,0.0,3.085848299697587,-0.595256312165264,-0.5952429563086974,100.0,0.0,0.0,flat,0,2026-01-07,HDFCBANK,NSE
5000,20,260,803.1,803.1,0.0,3.112937367700162,-0.5808219178082191,-0.5809164026322203,80.0,0.0,0.0,flat,0,2026-01-07,HDFCBANK,NSE
10000,20,260,804.95,804.95,0.0,3.105782967886204,-0.5652582159624413,-0.5658982711099975,80.0,0.0,0.0,flat,0,2026-01-07,HDFCBANK,NSE
20000,20,260,800.6,800.6,0.0,3.122658006495129,-0.5720040281973817,-0.5731559854897219,80.0,0.0,0.0,flat,0,2026-01-07,HDFCBANK,NSE
50000,20,260,800.95,800.95,0.0,3.121293464011486,-0.5882352941176471,-0.5886579703736458,100.0,0.0,0.0,flat,0,2026-01-07,HDFCBANK,NSE
0,20,260,1392.1,1392.1,0.0,3.591695998850658,-0.3968379446640316,-0.396160742537707,100.0,0.0,0.0,flat,0,2026-01-07,ICICIBANK,NSE
5000,20,260,1376.6,1376.6,0.0,3.632137149498765,-0.39459029435163084,-0.3947983014861996,100.0,0.0,0.0,flat,0,2026-01-07,ICICIBANK,NSE
10000,20,260,1380.7,1380.7,0.0,3.6213514883754616,-0.3785780240073869,-0.3786347954657467,80.0,0.0,0.0,flat,0,2026-01-07,ICICIBANK,NSE
20000,20,260,1383.4,1383.4,0.0,3.614283648980772,-0.36345966958211856,-0.36407263294422826,80.0,0.0,0.0,flat,0,2026-01-07,ICICIBANK,NSE
50000,20,260,1332.4,1332.4,0.0,3.7526268387871506,-0.3952941176470588,-0.39545835077438257,100.0,0.0,0.0,flat,0,2026-01-07,ICICIBANK,NSE
0,20,260,1092.4,1092.4,0.0,4.577077993409008,-0.22422874341610233,-0.22375025095362377,100.0,0.0,0.0,flat,0,2026-01-07,INFY,NSE
5000,20,260,1085.8,1085.8,0.0,4.604899613188433,-0.21139554087530965,-0.21152363115566816,100.0,0.0,0.0,flat,0,2026-01-07,INFY,NSE
10000,20,260,1077.0,1077.0,0.0,4.642525533890437,-0.21591804570527975,-0.217011880979918,100.0,0.0,0.0,flat,0,2026-01-07,INFY,NSE
20000,20,260,1074.6,1074.6,0.0,4.652894100130282,-0.18253189401373895,-0.1827942909519445,80.0,0.0,0.0,flat,0,2026-01-07,INFY,NSE
50000,20,260,1029.6,1029.6,0.0,4.856254856254857,-0.1756633119853614,-0.17580271029178365,80.0,0.0,0.0,flat,0,2026-01-07,INFY,NSE
0,20,260,1286.9,1286.9,0.0,3.1082446188504433,0.41189591078066917,0.41186390239063586,100.0,0.0,0.0,flat,0,2026-01-07,RELIANCE,NSE
5000,20,260,1273.2,1273.2,0.0,3.141690229344101,0.4505183788878417,0.4507609105772859,80.0,0.0,0.0,flat,0,2026-01-07,RELIANCE,NSE
10000,20,260,1273.7,1273.7,0.0,3.1404569364849726,0.44287158746208294,0.44408471603939026,80.0,0.0,0.0,flat,0,2026-01-07,RELIANCE,NSE
20000,20,260,1272.3,1272.3,0.0,3.143912599230456,0.4368471035137702,0.4372782564622402,80.0,0.0,0.0,flat,0,2026-01-07,RELIANCE,NSE
50000,20,260,1243.8,1243.8,0.0,3.2159511175437445,0.4547896150402865,0.45538167482976943,80.0,0.0,0.0,flat,0,2026-01-07,RELIANCE,NSE
0,20,260,2145.8,2145.8,0.0,3.728213253796845,-0.03111495246326707,-0.027559963099630998,80.0,0.0,0.0,flat,0,2026-01-07,TCS,NSE
5000,20,260,2129.8,2129.8,0.0,3.7562212414298393,-0.02049530315969257,-0.023931623931623933,80.0,0.0,0.0,flat,0,2026-01-07,TCS,NSE
10000,20,260,2155.9,2155.9,0.0,3.71074725172866,-0.04856512141280353,-0.04830633284241532,100.0,0.0,0.0,flat,0,2026-01-07,TCS,NSE
20000,20,260,2121.3,2121.3,0.0,3.7712723330020603,-0.019029495718363463,-0.016886744540375826,80.0,0.0,0.0,flat,0,2026-01-07,TCS,NSE
50000,20,260,2128.8,2128.8,0.0,3.757985719652983,0.0,0.0,80.0,0.0,0.0,flat,0,2026-01-07,TCS,NSE
0,20,260,1283.1999999999998,1283.1999999999998,0.0,2.3379052369073765,0.01560758082497213,0.01606903734563309,60.0,0.0,0.0,flat,0,2026-01-08,AXISBANK,NSE
5000,20,260,1274.1,1274.1,0.0,2.3546032493521274,0.01557285873192436,0.015290973871733967,60.0,0.0,0.0,flat,0,2026-01-08,AXISBANK,NSE
10000,20,260,1266.5,1266.5,0.0,2.3687327279919614,0.023446658851113716,0.022218745110311376,60.0,0.0,0.0,flat,0,2026-01-08,AXISBANK,NSE
20000,20,260,1267.0,1267.0,0.0,2.3677979479098807,0.015435501653803748,0.015450264861683343,60.0,0.0,0.0,flat,0,2026-01-08,AXISBANK,NSE
50000,20,260,1271.9,1271.9,0.0,2.358675996540251,0.037075180226570546,0.036828363336539785,60.0,0.0,0.0,flat,0,2026-01-08,AXISBANK,NSE
0,20,260,1201.6,1201.6,0.0,3.3288948069229662,-0.29768467475192945,-0.2991465567981165,60.0,0.0,0.0,flat,0,2026-01-08,HCLTECH,NSE
5000,20,260,1195.1,1195.1,0.0,3.347000251023877,-0.2937720329024677,-0.2929277089540536,60.0,0.0,0.0,flat,0,2026-01-08,HCLTECH,NSE
10000,20,260,1182.0,1182.0,0.0,3.3840947546538995,-0.29132947976878615,-0.2925474463817312,60.0,0.0,0.0,flat,0,2026-01-08,HCLTECH,NSE
20000,20,260,1188.0,1188.0,0.0,3.367003367004133,-0.3003194888178914,-0.3024875621890547,60.0,0.0,0.0,flat,0,2026-01-08,HCLTECH,NSE
50000,20,260,1202.0,1202.0,0.0,3.3277870216313725,-0.2748244734202608,-0.27609743040685225,80.0,0.0,0.0,flat,0,2026-01-08,HCLTECH,NSE
0,20,260,814.3,814.3,0.0,1.842072946088386,-0.5755879059350504,-0.5759976087281423,60.0,0.0,0.0,flat,0,2026-01-08,HDFCBANK,NSE
5000,20,260,809.4000000000001,809.4000000000001,0.0,1.8532246108225505,-0.574052812858783,-0.5737931034482758,60.0,0.0,0.0,flat,0,2026-01-08,HDFCBANK,NSE
10000,20,260,805.1500000000001,805.1500000000001,0.0,1.863006893125222,-0.5679012345679012,-0.5689887640449438,60.0,0.0,0.0,flat,0,2026-01-08,HDFCBANK,NSE
20000,20,260,807.25,807.25,0.0,1.8581604211841556,-0.5682574916759157,-0.5685083691304992,60.0,0.0,0.0,flat,0,2026-01-08,HDFCBANK,NSE
50000,20,260,815.75,815.75,0.0,1.8387986515487704,-0.5587939698492462,-0.5600107281748693,80.0,0.0,0.0,flat,0,2026-01-08,HDFCBANK,NSE
0,20,260,1370.1999999999998,1370.1999999999998,0.0,2.189461392497114,-0.37374860956618466,-0.3744617668893838,60.0,0.0,0.0,flat,0,2026-01-08,ICICIBANK,NSE
5000,20,260,1360.8000000000002,1360.8000000000002,0.0,2.2045855379185366,-0.37458926615553123,-0.37567607074989035,60.0,0.0,0.0,flat,0,2026-01-08,ICICIBANK,NSE
10000,20,260,1352.4,1352.4,0.0,2.2182786157938073,-0.3676300578034682,-0.36815306279895077,60.0,0.0,0.0,flat,0,2026-01-08,ICICIBANK,NSE
20000,20,260,1357.0,1357.0,0.0,2.2107590272673683,-0.3829787234042553,-0.38304488912925905,80.0,0.0,0.0,flat,0,2026-01-08,ICICIBANK,NSE
50000,20,260,1360.5,1360.5,0.0,2.205071664830444,-0.3544041450777202,-0.35596736274374224,60.0,0.0,0.0,flat,0,2026-01-08,ICICIBANK,NSE
0,20,260,1071.4,1071.4,0.0,2.800074668657406,-0.19079685746352412,-0.19188136608747752,60.0,0.0,0.0,flat,0,2026-01-08,INFY,NSE
5000,20,260,1062.5,1062.5,0.0,2.823529411766418,-0.19586507072905332,-0.19561428986349114,60.0,0.0,0.0,flat,0,2026-01-08,INFY,NSE
10000,20,260,1054.1,1054.1,0.0,2.8460297884446883,-0.18685121107266436,-0.1858066502463054,60.0,0.0,0.0,flat,0,2026-01-08,INFY,NSE
20000,20,260,1058.0,1058.0,0.0,2.8355387523646685,-0.19810326659641728,-0.1990154711673699,60.0,0.0,0.0,flat,0,2026-01-08,INFY,NSE
50000,20,260,1070.6999999999998,1070.6999999999998,0.0,2.8019052956005845,-0.17273673257023933,-0.1735870018053048,60.0,0.0,0.0,flat,0,2026-01-08,INFY,NSE
0,20,260,1284.8000000000002,1284.8000000000002,0.0,2.334993773349584,0.4362050163576881,0.4366996507566938,60.0,0.0,0.0,flat,0,2026-01-08,RELIANCE,NSE
5000,20,260,1272.5,1272.5,0.0,2.3575638506890524,0.4316996871741397,0.432725754835119,60.0,0.0,0.0,flat,0,2026-01-08,RELIANCE,NSE
10000,20,260,1268.9,1268.9,0.0,2.364252502166873,0.4441887226697353,0.4454000921517432,60.0,0.0,0.0,flat,0,2026-01-08,RELIANCE,NSE
20000,20,260,1278.1,1278.1,0.0,2.347234175729243,0.4573721163490471,0.4580377459510106,80.0,0.0,0.0,flat,0,2026-01-08,RELIANCE,NSE
50000,20,260,1292.6,1292.6,0.0,2.3209036051365817,0.45614035087719296,0.45558463021622364,60.0,0.0,0.0,flat,0,2026-01-08,RELIANCE,NSE
0,20,260,2171.2,2171.2,0.0,2.302873986735446,-0.007033997655334115,-0.0065717415115005475,60.0,0.0,0.0,flat,0,2026-01-08,TCS,NSE
5000,20,260,2158.4,2158.4,0.0,2.3165307635285397,-0.00681044267877412,-0.008786547492804121,60.0,0.0,0.0,flat,0,2026-01-08,TCS,NSE
10000,20,260,2135.0,2135.0,0.0,2.34192037470726,-0.014752370916754479,-0.01630816814283706,60.0,0.0,0.0,flat,0,2026-01-08,TCS,NSE
20000,20,260,2154.8,2154.8,0.0,2.3204009652868014,0.008324661810613945,0.007776697680877656,60.0,0.0,0.0,flat,0,2026-01-08,TCS,NSE
50000,20,260,2160.8,2160.8,0.0,2.313957793409848,0.008188331627430911,0.009017625358655555,60.0,0.0,0.0,flat,0,2026-01-08,TCS,NSE
0,20,260,1321.5,1321.5,0.0,1.5134317063928726,0.018205461638491547,0.019100538287897203,60.0,0.0,0.0,flat,0,2026-01-09,AXISBANK,NSE
5000,20,260,1320.3000000000002,1320.3000000000002,0.0,1.5148072407789552,0.020434227330779056,0.018240709171496762,60.0,0.0,0.0,flat,0,2026-01-09,AXISBANK,NSE
10000,20,260,1320.0,1320.0,0.0,1.5151515151501371,0.02600780234070221,0.025520833333333333,60.0,0.0,0.0,flat,0,2026-01-09,AXISBANK,NSE
20000,20,260,1317.6,1317.6,0.0,1.5179113539772728,0.01761006289308176,0.01628609805238415,60.0,0.0,0.0,flat,0,2026-01-09,AXISBANK,NSE
50000,20,260,1325.8000000000002,1325.8000000000002,0.0,1.5085231558307848,0.02574002574002574,0.025945017182130586,60.0,0.0,0.0,flat,0,2026-01-09,AXISBANK,NSE
0,20,260,1220.9,1220.9,0.0,2.4572037021865385,-0.29357798165137616,-0.2924610809865314,60.0,0.0,0.0,flat,0,2026-01-09,HCLTECH,NSE
5000,20,260,1218.6999999999998,1218.6999999999998,0.0,2.461639451874576,-0.2949547218628719,-0.29597651528233465,60.0,0.0,0.0,flat,0,2026-01-09,HCLTECH,NSE
10000,20,260,1220.0,1220.0,0.0,2.459016393444114,-0.29571984435797666,-0.2966937857019214,60.0,0.0,0.0,flat,0,2026-01-09,HCLTECH,NSE
20000,20,260,1214.8000000000002,1214.8000000000002,0.0,2.4695423114912285,-0.28607918263090676,-0.2886123423116263,60.0,0.0,0.0,flat,0,2026-01-09,HCLTECH,NSE
50000,20,260,1224.1,1224.1,0.0,2.450780165018826,-0.2889733840304182,-0.2883964817320704,60.0,0.0,0.0,flat,0,2026-01-09,HCLTECH,NSE
0,20,260,818.5999999999999,818.5999999999999,0.0,1.2215978499880618,-0.5714285714285714,-0.5735783027121609,60.0,0.0,0.0,flat,0,2026-01-09,HDFCBANK,NSE
5000,20,260,817.4000000000001,817.4000000000001,0.0,1.223391240518996,-0.5764854614412137,-0.5766829762105619,60.0,0.0,0.0,flat,0,2026-01-09,HDFCBANK,NSE
10000,20,260,818.3,818.3,0.0,1.2220457045096267,-0.5671267252195734,-0.5677440964662536,60.0,0.0,0.0,flat,0,2026-01-09,HDFCBANK,NSE
20000,20,260,817.5999999999999,817.5999999999999,0.0,1.2230919765169124,-0.5673940949935815,-0.569396847155586,60.0,0.0,0.0,flat,0,2026-01-09,HDFCBANK,NSE
50000,20,260,824.5,824.5,0.0,1.2128562765301278,-0.5674653215636822,-0.5682545026089884,60.0,0.0,0.0,flat,0,2026-01-09,HDFCBANK,NSE
0,20,260,1402.9,1402.9,0.0,1.4256183619648262,-0.3716129032258065,-0.37198483804272914,60.0,0.0,0.0,flat,0,2026-01-09,ICICIBANK,NSE
5000,20,260,1402.5,1402.5,0.0,1.4260249554354232,-0.37094682230869,-0.37136426592797783,60.0,0.0,0.0,flat,0,2026-01-09,ICICIBANK,NSE
10000,20,260,1402.0,1402.0,0.0,1.4265335235365055,-0.3669724770642202,-0.3679146256123163,60.0,0.0,0.0,flat,0,2026-01-09,ICICIBANK,NSE
20000,20,260,1402.9,1402.9,0.0,1.4256183619648262,-0.3657587548638132,-0.36651662049861494,60.0,0.0,0.0,flat,0,2026-01-09,ICICIBANK,NSE
50000,20,260,1412.1,1412.1,0.0,1.4163302882235358,-0.36671001300390116,-0.3669501822600243,60.0,0.0,0.0,flat,0,2026-01-09,ICICIBANK,NSE
0,20,260,1101.0,1101.0,0.0,1.8165304268829983,-0.18823529411764706,-0.1897784754927612,60.0,0.0,0.0,flat,0,2026-01-09,INFY,NSE
5000,20,260,1099.6,1099.6,0.0,1.818843215715219,-0.1926489226869455,-0.19319912028421588,60.0,0.0,0.0,flat,0,2026-01-09,INFY,NSE
10000,20,260,1100.6999999999998,1100.6999999999998,0.0,1.8170255292090989,-0.18250950570342206,-0.1819719262641637,60.0,0.0,0.0,flat,0,2026-01-09,INFY,NSE
20000,20,260,1099.4,1099.4,0.0,1.8191740949613011,-0.1820480404551201,-0.18140398245021938,60.0,0.0,0.0,flat,0,2026-01-09,INFY,NSE
50000,20,260,1108.8000000000002,1108.8000000000002,0.0,1.8037518037522136,-0.18922470433639949,-0.18873881775127171,60.0,0.0,0.0,flat,0,2026-01-09,INFY,NSE
0,20,260,1300.9,1300.9,0.0,1.537397186563498,0.4420772303595206,0.4432201883774658,40.0,0.0,0.0,flat,0,2026-01-09,RELIANCE,NSE
5000,20,260,1300.1999999999998,1300.1999999999998,0.0,1.5382248884790455,0.44589308996088656,0.445353289244692,60.0,0.0,0.0,flat,0,2026-01-09,RELIANCE,NSE
10000,20,260,1299.9,1299.9,0.0,1.5385798907611774,0.4456094364351245,0.44559132260321904,60.0,0.0,0.0,flat,0,2026-01-09,RELIANCE,NSE
20000,20,260,1300.8000000000002,1300.8000000000002,0.0,1.5375153751541009,0.44589308996088656,0.445353289244692,60.0,0.0,0.0,flat,0,2026-01-09,RELIANCE,NSE
50000,20,260,1308.6,1308.6,0.0,1.5283509093691388,0.44589308996088656,0.445353289244692,60.0,0.0,0.0,flat,0,2026-01-09,RELIANCE,NSE
0,20,260,2174.8,2174.8,0.0,1.8392495861692613,-0.012610340479192938,-0.012285425782564793,60.0,0.0,0.0,flat,0,2026-01-09,TCS,NSE
5000,20,260,2168.7,2168.7,0.0,1.844422926177392,-0.012836970474967908,-0.010795065113091157,60.0,0.0,0.0,flat,0,2026-01-09,TCS,NSE
10000,20,260,2167.1000000000004,2167.1000000000004,0.0,1.8457846892164222,-0.005188067444876783,-0.007272727272727273,60.0,0.0,0.0,flat,0,2026-01-09,TCS,NSE
20000,20,260,2168.8,2168.8,0.0,1.84433788270053,0.0,-0.0019143752175426383,60.0,0.0,0.0,flat,0,2026-01-09,TCS,NSE
50000,20,260,2183.3,2183.3,0.0,1.8320890395277374,-0.00517464424320828,-0.004145793746761098,60.0,0.0,0.0,flat,0,2026-01-09,TCS,NSE
0,20,260,1326.9,1326.9,0.0,1.507272590248289,0.035487959442332066,0.03585320480297649,60.0,0.0,0.0,flat,0,2026-01-12,AXISBANK,NSE
5000,20,260,1321.9,1321.9,0.0,1.512973749905783,0.0076045627376425855,0.0069373942470389175,60.0,0.0,0.0,flat,0,2026-01-12,AXISBANK,NSE
10000,20,260,1327.1999999999998,1327.1999999999998,0.0,1.5069318866790649,0.035668789808917196,0.03501614822369539,60.0,0.0,0.0,flat,0,2026-01-12,AXISBANK,NSE
20000,20,260,1330.5,1330.5,0.0,1.503194287860339,0.034346103038309116,0.03244577675894904,40.0,0.0,0.0,flat,0,2026-01-12,AXISBANK,NSE
50000,20,260,1345.1999999999998,1345.1999999999998,0.0,1.4867677668751522,0.022377622377622378,0.023147283927571403,40.0,0.0,0.0,flat,0,2026-01-12,AXISBANK,NSE
0,20,260,1223.6999999999998,1223.6999999999998,0.0,2.451581269918727,-0.27672955974842767,-0.27866375692462647,60.0,0.0,0.0,flat,0,2026-01-12,HCLTECH,NSE
5000,20,260,1226.0,1226.0,0.0,2.4469820554664103,-0.2812903225806452,-0.2827621835715516,60.0,0.0,0.0,flat,0,2026-01-12,HCLTECH,NSE
10000,20,260,1222.6999999999998,1222.6999999999998,0.0,2.4535863253451753,-0.2987551867219917,-0.2975816872807827,40.0,0.0,0.0,flat,0,2026-01-12,HCLTECH,NSE
20000,20,260,1229.1999999999998,1229.1999999999998,0.0,2.4406117800191556,-0.2917251051893408,-0.29232209737827713,40.0,0.0,0.0,flat,0,2026-01-12,HCLTECH,NSE
50000,20,260,1239.4,1239.4,0.0,2.4205260609968895,-0.30148048452220727,-0.30070055685288305,40.0,0.0,0.0,flat,0,2026-01-12,HCLTECH,NSE
0,20,260,822.8,822.8,0.0,1.2153621779292993,-0.5616264294790343,-0.5628498727735369,60.0,0.0,0.0,flat,0,2026-01-12,HDFCBANK,NSE
5000,20,260,819.0999999999999,819.0999999999999,0.0,1.220852154804331,-0.5828144458281445,-0.5835411471321695,60.0,0.0,0.0,flat,0,2026-01-12,HDFCBANK,NSE
10000,20,260,820.0,820.0,0.0,1.219512195120842,-0.5718349928876245,-0.5720797720797721,40.0,0.0,0.0,flat,0,2026-01-12,HDFCBANK,NSE
20000,20,260,823.1500000000001,823.1500000000001,0.0,1.2148454109217364,-0.5702364394993046,-0.5705532862978091,40.0,0.0,0.0,flat,0,2026-01-12,HDFCBANK,NSE
50000,20,260,832.0,832.0,0.0,1.2019230769219837,-0.5734265734265734,-0.5738286354302782,40.0,0.0,0.0,flat,0,2026-01-12,HDFCBANK,NSE
0,20,260,1407.5,1407.5,0.0,1.420959147423219,-0.3574144486692015,-0.3569615970225004,60.0,0.0,0.0,flat,0,2026-01-12,ICICIBANK,NSE
5000,20,260,1406.1999999999998,1406.1999999999998,0.0,1.4222727919218143,-0.3641379310344828,-0.3656785122445222,40.0,0.0,0.0,flat,0,2026-01-12,ICICIBANK,NSE
10000,20,260,1405.5,1405.5,0.0,1.422981145498528,-0.35686777920410784,-0.3581833761782348,60.0,0.0,0.0,flat,0,2026-01-12,ICICIBANK,NSE
20000,20,260,1408.9,1408.9,0.0,1.4195471644548618,-0.3669985775248933,-0.368211165970376,40.0,0.0,0.0,flat,0,2026-01-12,ICICIBANK,NSE
50000,20,260,1422.6,1422.6,0.0,1.4058765640379973,-0.3680456490727532,-0.36869167777566175,40.0,0.0,0.0,flat,0,2026-01-12,ICICIBANK,NSE
0,20,260,1104.0,1104.0,0.0,1.811594202896903,-0.17358490566037735,-0.17324156454591239,60.0,0.0,0.0,flat,0,2026-01-12,INFY,NSE
5000,20,260,1105.5,1105.5,0.0,1.8091361374927009,-0.17890520694259013,-0.18000356442701837,40.0,0.0,0.0,flat,0,2026-01-12,INFY,NSE
10000,20,260,1102.6999999999998,1102.6999999999998,0.0,1.813729935613,-0.1879382889200561,-0.1890323788134007,40.0,0.0,0.0,flat,0,2026-01-12,INFY,NSE
20000,20,260,1106.8000000000002,1106.8000000000002,0.0,1.8070112034698722,-0.1835883171070932,-0.18451828475960647,40.0,0.0,0.0,flat,0,2026-01-12,INFY,NSE
50000,20,260,1118.1999999999998,1118.1999999999998,0.0,1.7885888034344974,-0.18723404255319148,-0.18632834690399547,40.0,0.0,0.0,flat,0,2026-01-12,INFY,NSE
0,20,260,1303.3000000000002,1303.3000000000002,0.0,1.534566101435168,0.45579078455790784,0.45670599966760844,60.0,0.0,0.0,flat,0,2026-01-12,RELIANCE,NSE
5000,20,260,1304.6999999999998,1304.6999999999998,0.0,1.5329194450835095,0.44776119402985076,0.44846948016663646,40.0,0.0,0.0,flat,0,2026-01-12,RELIANCE,NSE
10000,20,260,1302.3000000000002,1302.3000000000002,0.0,1.5357444521235157,0.44130127298444133,0.4431646525679758,40.0,0.0,0.0,flat,0,2026-01-12,RELIANCE,NSE
20000,20,260,1306.9,1306.9,0.0,1.530338970082221,0.44536652835408025,0.4469067405355494,40.0,0.0,0.0,flat,0,2026-01-12,RELIANCE,NSE
50000,20,260,1321.3000000000002,1321.3000000000002,0.0,1.513660788617615,0.44747612551159616,0.44764159533782555,40.0,0.0,0.0,flat,0,2026-01-12,RELIANCE,NSE
0,20,260,2191.6000000000004,2191.6000000000004,0.0,1.8251505749228456,0.007585335018963337,0.00810126582278481,60.0,0.0,0.0,flat,0,2026-01-12,TCS,NSE
5000,20,260,2195.8,2195.8,0.0,1.8216595318339144,0.0,0.0014181882644921113,40.0,0.0,0.0,flat,0,2026-01-12,TCS,NSE
10000,20,260,2191.3999999999996,2191.3999999999996,0.0,1.8253171488550288,-0.005625879043600563,-0.007511737089201878,40.0,0.0,0.0,flat,0,2026-01-12,TCS,NSE
20000,20,260,2197.5,2197.5,0.0,1.8202502844124515,0.0,-0.0012996658002228,40.0,0.0,0.0,flat,0,2026-01-12,TCS,NSE
50000,20,260,2222.3,2222.3,0.0,1.799937002205332,-0.005657708628005658,-0.006608761329305136,40.0,0.0,0.0,flat,0,2026-01-12,TCS,NSE
0,20,260,1317.4,1317.4,0.0,1.518141794443946,0.020075282308657464,0.019762183888795845,60.0,0.0,0.0,flat,0,2026-01-13,AXISBANK,NSE
5000,20,260,1314.9,1314.9,0.0,1.5210282150737353,0.026993865030674847,0.027677694071405176,60.0,0.0,0.0,flat,0,2026-01-13,AXISBANK,NSE
10000,20,260,1308.5,1308.5,0.0,1.5284677111182126,0.014510278113663845,0.014364105874757909,60.0,0.0,0.0,flat,0,2026-01-13,AXISBANK,NSE
20000,20,260,1305.4,1305.4,0.0,1.5320974413976212,0.026993865030674847,0.02735014739600393,60.0,0.0,0.0,flat,0,2026-01-13,AXISBANK,NSE
50000,20,260,1317.6,1317.6,0.0,1.5179113539772728,0.022813688212927757,0.02384979702300406,60.0,0.0,0.0,flat,0,2026-01-13,AXISBANK,NSE
0,20,260,1216.5,1216.5,0.0,3.288121660502186,-0.30133657351154314,-0.3008433344145313,60.0,0.0,0.0,flat,0,2026-01-13,HCLTECH,NSE
5000,20,260,1212.0,1212.0,0.0,3.300330033004051,-0.2900378310214376,-0.2912948307795925,60.0,0.0,0.0,flat,0,2026-01-13,HCLTECH,NSE
10000,20,260,1208.5,1208.5,0.0,3.3098882912709224,-0.29938650306748466,-0.29921388797903703,60.0,0.0,0.0,flat,0,2026-01-13,HCLTECH,NSE
20000,20,260,1205.4,1205.4,0.0,3.318400530942953,-0.29865361077111385,-0.29929750040843,60.0,0.0,0.0,flat,0,2026-01-13,HCLTECH,NSE
50000,20,260,1215.4,1215.4,0.0,3.2910975810421554,-0.30133657351154314,-0.3008433344145313,60.0,0.0,0.0,flat,0,2026-01-13,HCLTECH,NSE
0,20,260,819.1500000000001,819.1500000000001,0.0,1.2207776353539979,-0.5717916137229987,-0.5734396200814111,60.0,0.0,0.0,flat,0,2026-01-13,HDFCBANK,NSE
5000,20,260,816.3,816.3,0.0,1.225039813794227,-0.5707006369426751,-0.5716714844414216,60.0,0.0,0.0,flat,0,2026-01-13,HDFCBANK,NSE
10000,20,260,815.25,815.25,0.0,1.2266176019614725,-0.568986568986569,-0.5683558742056379,60.0,0.0,0.0,flat,0,2026-01-13,HDFCBANK,NSE
20000,20,260,811.45,811.45,0.0,1.232361821431052,-0.5721583652618135,-0.572962836685987,60.0,0.0,0.0,flat,0,2026-01-13,HDFCBANK,NSE
50000,20,260,815.9000000000001,815.9000000000001,0.0,1.2256403971077672,-0.5714285714285714,-0.5724102387905858,60.0,0.0,0.0,flat,0,2026-01-13,HDFCBANK,NSE
0,20,260,1405.0,1405.0,0.0,1.423487544482691,-0.3713927227101631,-0.3714620666555016,60.0,0.0,0.0,flat,0,2026-01-13,ICICIBANK,NSE
5000,20,260,1400.8000000000002,1400.8000000000002,0.0,1.4277555682470406,-0.36637390213299875,-0.3671076871545805,60.0,0.0,0.0,flat,0,2026-01-13,ICICIBANK,NSE
10000,20,260,1395.9,1395.9,0.0,1.4327673902145244,-0.37362637362637363,-0.3746740547588005,60.0,0.0,0.0,flat,0,2026-01-13,ICICIBANK,NSE
20000,20,260,1397.8000000000002,1397.8000000000002,0.0,1.4308198597799788,-0.36319018404907977,-0.3643956763838847,60.0,0.0,0.0,flat,0,2026-01-13,ICICIBANK,NSE
50000,20,260,1407.6999999999998,1407.6999999999998,0.0,1.4207572636218335,-0.3668789808917197,-0.367964631865329,60.0,0.0,0.0,flat,0,2026-01-13,ICICIBANK,NSE
0,20,260,1101.1,1101.1,0.0,1.8163654527295021,-0.193390452876377,-0.19330065359477125,60.0,0.0,0.0,flat,0,2026-01-13,INFY,NSE
5000,20,260,1101.1,1101.1,0.0,1.8163654527295021,-0.18007202881152462,-0.17958987504005128,60.0,0.0,0.0,flat,0,2026-01-13,INFY,NSE
10000,20,260,1097.1,1097.1,0.0,1.8229878771310317,-0.1820418204182042,-0.18243021346469623,60.0,0.0,0.0,flat,0,2026-01-13,INFY,NSE
20000,20,260,1096.8000000000002,1096.8000000000002,0.0,1.8234865062002683,-0.20247469066366705,-0.2023720162137817,60.0,0.0,0.0,flat,0,2026-01-13,INFY,NSE
50000,20,260,1101.3000000000002,1101.3000000000002,0.0,1.816035594298061,-0.18741976893453144,-0.18660041124057575,60.0,0.0,0.0,flat,0,2026-01-13,INFY,NSE
0,20,260,1296.6,1296.6,0.0,1.542495758137016,0.44218551461245237,0.44206955046649704,60.0,0.0,0.0,flat,0,2026-01-13,RELIANCE,NSE
5000,20,260,1291.1999999999998,1291.1999999999998,0.0,1.548946716233314,0.44416562107904645,0.4458214704404622,60.0,0.0,0.0,flat,0,2026-01-13,RELIANCE,NSE
10000,20,260,1295.9,1295.9,0.0,1.5433289605682958,0.4519119351100811,0.4532941540364986,60.0,0.0,0.0,flat,0,2026-01-13,RELIANCE,NSE
20000,20,260,1289.6999999999998,1289.6999999999998,0.0,1.5507482360242344,0.4400494437577256,0.4395314304570203,60.0,0.0,0.0,flat,0,2026-01-13,RELIANCE,NSE
50000,20,260,1296.5,1296.5,0.0,1.5426147319692873,0.4405506883604506,0.44110275689223055,60.0,0.0,0.0,flat,0,2026-01-13,RELIANCE,NSE
0,20,260,2173.2,2173.2,0.0,2.3007546475243883,-0.012150668286755772,-0.012647964974866224,60.0,0.0,0.0,flat,0,2026-01-13,TCS,NSE
5000,20,260,2168.2,2168.2,0.0,2.3060603265381423,0.0,0.0,60.0,0.0,0.0,flat,0,2026-01-13,TCS,NSE
10000,20,260,2168.7,2168.7,0.0,2.3055286577212155,0.0,0.002190580503833516,60.0,0.0,0.0,flat,0,2026-01-13,TCS,NSE
20000,20,260,2160.6,2160.6,0.0,2.3141719892622423,-0.007509386733416771,-0.0045105245573003674,60.0,0.0,0.0,flat,0,2026-01-13,TCS,NSE
50000,20,260,2170.6,2170.6,0.0,2.3035105500783195,-0.007643312101910828,-0.006801564359802755,60.0,0.0,0.0,flat,0,2026-01-13,TCS,NSE
0,20,260,1323.9,1323.9,0.0,1.5106881184382919,0.03345280764635603,0.03444426726199968,60.0,0.0,0.0,flat,0,2026-01-14,AXISBANK,NSE
5000,20,260,1328.1,1328.1,0.0,1.5059106994958624,0.03345280764635603,0.03444426726199968,60.0,0.0,0.0,flat,0,2026-01-14,AXISBANK,NSE
10000,20,260,1341.0,1341.0,0.0,1.4914243102149,0.038857142857142854,0.03966437833714721,60.0,0.0,0.0,flat,0,2026-01-14,AXISBANK,NSE
20000,20,260,1345.6999999999998,1345.6999999999998,0.0,1.4862153526049307,0.023346303501945526,0.023718836565096952,60.0,0.0,0.0,flat,0,2026-01-14,AXISBANK,NSE
50000,20,260,1337.6,1337.6,0.0,1.4952153110051247,0.02607561929595828,0.02487821851078636,60.0,0.0,0.0,flat,0,2026-01-14,AXISBANK,NSE
0,20,260,1226.4,1226.4,0.0,2.446183953032897,-0.2783625730994152,-0.27989384951607865,60.0,0.0,0.0,flat,0,2026-01-14,HCLTECH,NSE
5000,20,260,1234.9,1234.9,0.0,2.429346505789574,-0.2818955042527339,-0.28376844494892167,60.0,0.0,0.0,flat,0,2026-01-14,HCLTECH,NSE
10000,20,260,1244.5,1244.5,0.0,2.4106066693465804,-0.29403973509933773,-0.2938992042440318,40.0,0.0,0.0,flat,0,2026-01-14,HCLTECH,NSE
20000,20,260,1250.1999999999998,1250.1999999999998,0.0,2.399616061429808,-0.2829028290282903,-0.2845648604269294,60.0,0.0,0.0,flat,0,2026-01-14,HCLTECH,NSE
50000,20,260,1231.6999999999998,1231.6999999999998,0.0,2.435658033611712,-0.28536880290205563,-0.2842156229825694,60.0,0.0,0.0,flat,0,2026-01-14,HCLTECH,NSE
0,20,260,820.55,820.55,0.0,1.2186947778931538,-0.5606595995288575,-0.5624213836477987,60.0,0.0,0.0,flat,0,2026-01-14,HDFCBANK,NSE
5000,20,260,823.5999999999999,823.5999999999999,0.0,1.2141816415738556,-0.5633136094674556,-0.5626283367556468,60.0,0.0,0.0,flat,0,2026-01-14,HDFCBANK,NSE
10000,20,260,828.2,828.2,0.0,1.2074378169527014,-0.56,-0.5596400244051251,60.0,0.0,0.0,flat,0,2026-01-14,HDFCBANK,NSE
20000,20,260,832.95,832.95,0.0,1.2005522540371298,-0.5653798256537983,-0.5671765879614233,60.0,0.0,0.0,flat,0,2026-01-14,HDFCBANK,NSE
50000,20,260,827.25,827.25,0.0,1.2088244182521493,-0.5684485006518905,-0.5703845484600661,60.0,0.0,0.0,flat,0,2026-01-14,HDFCBANK,NSE
0,20,260,1410.6,1410.6,0.0,1.4178363816818766,-0.3575685339690107,-0.35724510895498646,60.0,0.0,0.0,flat,0,2026-01-14,ICICIBANK,NSE
5000,20,260,1415.6,1415.6,0.0,1.4128284826225308,-0.3577430972388956,-0.35827591732094216,60.0,0.0,0.0,flat,0,2026-01-14,ICICIBANK,NSE
10000,20,260,1426.6,1426.6,0.0,1.401934669844704,-0.3719745222929936,-0.37387310767137266,60.0,0.0,0.0,flat,0,2026-01-14,ICICIBANK,NSE
20000,20,260,1425.1,1425.1,0.0,1.4034102869977227,-0.384,-0.38493213359768186,60.0,0.0,0.0,flat,0,2026-01-14,ICICIBANK,NSE
50000,20,260,1425.8000000000002,1425.8000000000002,0.0,1.4027212792821255,-0.3643312101910828,-0.36524400612140795,60.0,0.0,0.0,flat,0,2026-01-14,ICICIBANK,NSE
0,20,260,1107.6,1107.6,0.0,1.8057060310585544,-0.1718931475029036,-0.17175631685010076,60.0,0.0,0.0,flat,0,2026-01-14,INFY,NSE
5000,20,260,1112.6999999999998,1112.6999999999998,0.0,1.7974296755643524,-0.17309941520467836,-0.17249453637215112,60.0,0.0,0.0,flat,0,2026-01-14,INFY,NSE
10000,20,260,1121.5,1121.5,0.0,1.7833259028071164,-0.1888745148771022,-0.1902952857882922,60.0,0.0,0.0,flat,0,2026-01-14,INFY,NSE
20000,20,260,1123.9,1123.9,0.0,1.7795177506899675,-0.1893644617380026,-0.19012987012987012,60.0,0.0,0.0,flat,0,2026-01-14,INFY,NSE
50000,20,260,1119.0,1119.0,0.0,1.7873100983004298,-0.18417639429312582,-0.18507617728531855,60.0,0.0,0.0,flat,0,2026-01-14,INFY,NSE
0,20,260,1302.6,1302.6,0.0,1.5353907569479923,0.4544378698224852,0.45490443847733375,60.0,0.0,0.0,flat,0,2026-01-14,RELIANCE,NSE
5000,20,260,1308.5,1308.5,0.0,1.5284677111182126,0.4555160142348754,0.4546461928130442,60.0,0.0,0.0,flat,0,2026-01-14,RELIANCE,NSE
10000,20,260,1321.5,1321.5,0.0,1.5134317063928726,0.46187845303867403,0.46238938053097345,60.0,0.0,0.0,flat,0,2026-01-14,RELIANCE,NSE
20000,20,260,1325.0,1325.0,0.0,1.5094339622627782,0.45066991473812423,0.4522841814339132,60.0,0.0,0.0,flat,0,2026-01-14,RELIANCE,NSE
50000,20,260,1317.8000000000002,1317.8000000000002,0.0,1.5176809834576221,0.4444444444444444,0.44520069808027923,60.0,0.0,0.0,flat,0,2026-01-14,RELIANCE,NSE
0,20,260,2187.3,2187.3,0.0,1.8287386275320756,0.013904982618771726,0.012064965197215777,60.0,0.0,0.0,flat,0,2026-01-14,TCS,NSE
5000,20,260,2197.1000000000004,2197.1000000000004,0.0,1.8205816758458464,0.007050528789659225,0.008154304531911558,60.0,0.0,0.0,flat,0,2026-01-14,TCS,NSE
10000,20,260,2197.8,2197.8,0.0,1.8200018200022337,-0.012578616352201259,-0.012592343854936199,60.0,0.0,0.0,flat,0,2026-01-14,TCS,NSE
20000,20,260,2217.8999999999996,2217.8999999999996,0.0,1.8035078227155912,0.007308160779537149,0.005527556494878881,60.0,0.0,0.0,flat,0,2026-01-14,TCS,NSE
50000,20,260,2203.3999999999996,2203.3999999999996,0.0,1.8153762367254742,-0.012738853503184714,-0.011902737629654821,60.0,0.0,0.0,flat,0,2026-01-14,TCS,NSE
0,20,260,1346.5,1346.5,0.0,1.4853323431104204,0.04055496264674493,0.04101979774960832,60.0,0.0,0.0,flat,0,2026-01-15,AXISBANK,NSE
5000,20,260,1362.8000000000002,1362.8000000000002,0.0,1.4675667742885636,0.03732162458836443,0.03661930569796397,60.0,0.0,0.0,flat,0,2026-01-15,AXISBANK,NSE
10000,20,260,1374.1999999999998,1374.1999999999998,0.0,1.4553922282058325,0.028605482717520857,0.027039923651980276,60.0,0.0,0.0,flat,0,2026-01-15,AXISBANK,NSE
20000,20,260,1381.1999999999998,1381.1999999999998,0.0,1.4480162177819687,0.045881126173096975,0.04467019204007793,60.0,0.0,0.0,flat,0,2026-01-15,AXISBANK,NSE
50000,20,260,1378.9,1378.9,0.0,1.450431503372583,0.02833530106257379,0.027891585250551527,60.0,0.0,0.0,flat,0,2026-01-15,AXISBANK,NSE
0,20,260,1250.3000000000002,1250.3000000000002,0.0,2.3994241382064665,-0.2934648581997534,-0.29279131007241604,60.0,0.0,0.0,flat,0,2026-01-15,HCLTECH,NSE
5000,20,260,1258.6999999999998,1258.6999999999998,0.0,2.3834114562640387,-0.2828282828282828,-0.28314606741573034,60.0,0.0,0.0,flat,0,2026-01-15,HCLTECH,NSE
10000,20,260,1271.6,1271.6,0.0,2.359232463038334,-0.2807399347116431,-0.28002904865649964,60.0,0.0,0.0,flat,0,2026-01-15,HCLTECH,NSE
20000,20,260,1282.9,1282.9,0.0,2.338451944812179,-0.2954822954822955,-0.29525826951279127,60.0,0.0,0.0,flat,0,2026-01-15,HCLTECH,NSE
50000,20,260,1290.1,1290.1,0.0,2.325401131694865,-0.2949194547707559,-0.29412737799834576,60.0,0.0,0.0,flat,0,2026-01-15,HCLTECH,NSE
0,20,260,838.95,838.95,0.0,1.1919661481616632,-0.5693950177935944,-0.5686243470001583,60.0,0.0,0.0,flat,0,2026-01-15,HDFCBANK,NSE
5000,20,260,842.3,842.3,0.0,1.1872254541140062,-0.5602605863192183,-0.5616577307636574,60.0,0.0,0.0,flat,0,2026-01-15,HDFCBANK,NSE
10000,20,260,850.5,850.5,0.0,1.175778953555662,-0.574793875147232,-0.5765057398962101,60.0,0.0,0.0,flat,0,2026-01-15,HDFCBANK,NSE
20000,20,260,850.8,850.8,0.0,1.1753643629527826,-0.5643896976483762,-0.5642750373692078,60.0,0.0,0.0,flat,0,2026-01-15,HDFCBANK,NSE
50000,20,260,866.8,866.8,0.0,1.1536686663592841,-0.5667060212514758,-0.5686367218282112,60.0,0.0,0.0,flat,0,2026-01-15,HDFCBANK,NSE
0,20,260,1434.6,1434.6,0.0,1.394116826990419,-0.3660606060606061,-0.36628377285228925,60.0,0.0,0.0,flat,0,2026-01-15,ICICIBANK,NSE
5000,20,260,1444.6,1444.6,0.0,1.3844662882461962,-0.3605051664753157,-0.3608642353662274,60.0,0.0,0.0,flat,0,2026-01-15,ICICIBANK,NSE
10000,20,260,1458.4,1458.4,0.0,1.371365880417207,-0.36407185628742517,-0.36524936061381075,60.0,0.0,0.0,flat,0,2026-01-15,ICICIBANK,NSE
20000,20,260,1468.9,1468.9,0.0,1.3615630744097313,-0.36654366543665434,-0.36808405844688885,60.0,0.0,0.0,flat,0,2026-01-15,ICICIBANK,NSE
50000,20,260,1474.8000000000002,1474.8000000000002,0.0,1.356116083537059,-0.38353196099674974,-0.3833140543666859,60.0,0.0,0.0,flat,0,2026-01-15,ICICIBANK,NSE
0,20,260,1109.1,1109.1,0.0,1.8032639076732981,-0.18726591760299627,-0.18796867188801866,60.0,0.0,0.0,flat,0,2026-01-15,INFY,NSE
5000,20,260,1116.0,1116.0,0.0,1.792114695338872,-0.17844727694090382,-0.17906293490026287,60.0,0.0,0.0,flat,0,2026-01-15,INFY,NSE
10000,20,260,1125.6,1125.6,0.0,1.7768301350394944,-0.18203592814371258,-0.18302429667519182,60.0,0.0,0.0,flat,0,2026-01-15,INFY,NSE
20000,20,260,1134.1,1134.1,0.0,1.7635129177325237,-0.19607843137254902,-0.19578266892411883,60.0,0.0,0.0,flat,0,2026-01-15,INFY,NSE
50000,20,260,1141.0,1141.0,0.0,1.7528483786136555,-0.19369894982497082,-0.19454828660436138,60.0,0.0,0.0,flat,0,2026-01-15,INFY,NSE
0,20,260,1313.9,1313.9,0.0,1.522185858893717,0.4479041916167665,0.44741048593350385,60.0,0.0,0.0,flat,0,2026-01-15,RELIANCE,NSE
5000,20,260,1324.0,1324.0,0.0,1.5105740181255143,0.45257142857142857,0.452035992069544,60.0,0.0,0.0,flat,0,2026-01-15,RELIANCE,NSE
10000,20,260,1336.6999999999998,1336.6999999999998,0.0,1.49622203935098,0.44550898203592815,0.4470907928388747,60.0,0.0,0.0,flat,0,2026-01-15,RELIANCE,NSE
20000,20,260,1344.3000000000002,1344.3000000000002,0.0,1.4877631481071594,0.44472049689440996,0.4440391311556956,60.0,0.0,0.0,flat,0,2026-01-15,RELIANCE,NSE
50000,20,260,1349.0,1349.0,0.0,1.482579688656917,0.44280442804428044,0.44482758620689655,60.0,0.0,0.0,flat,0,2026-01-15,RELIANCE,NSE
0,20,260,2216.2,2216.2,0.0,1.8048912553022785,0.0,-0.001955352778230406,60.0,0.0,0.0,flat,0,2026-01-15,TCS,NSE
5000,20,260,2233.0,2233.0,0.0,1.791312136138093,0.006749156355455568,0.0069058699894910675,60.0,0.0,0.0,flat,0,2026-01-15,TCS,NSE
10000,20,260,2252.2,2252.2,0.0,1.7760412041563405,0.0,0.0,60.0,0.0,0.0,flat,0,2026-01-15,TCS,NSE
20000,20,260,2270.6000000000004,2270.6000000000004,0.0,1.761648903373958,-0.007398273736128237,-0.005925925925925926,60.0,0.0,0.0,flat,0,2026-01-15,TCS,NSE
50000,20,260,2285.3999999999996,2285.3999999999996,0.0,1.7502406580908856,-0.0073439412484700125,-0.006699346405228758,60.0,0.0,0.0,flat,0,2026-01-15,TCS,NSE
0,20,260,1344.3000000000002,1344.3000000000002,0.0,1.4877631481071594,0.01696969696969697,0.01812004530011325,60.0,0.0,0.0,flat,0,2026-01-16,AXISBANK,NSE
5000,20,260,1352.1999999999998,1352.1999999999998,0.0,1.4790711433223303,0.0416210295728368,0.03873136509792458,60.0,0.0,0.0,flat,0,2026-01-16,AXISBANK,NSE
10000,20,260,1370.5,1370.5,0.0,1.459321415540446,0.027491408934707903,0.03027060082556184,60.0,0.0,0.0,flat,0,2026-01-16,AXISBANK,NSE
20000,20,260,1379.1999999999998,1379.1999999999998,0.0,1.4501160092810723,0.02418379685610641,0.02437056165267915,60.0,0.0,0.0,flat,0,2026-01-16,AXISBANK,NSE
50000,20,260,1395.6,1395.6,0.0,1.4330753797653015,0.013745704467353952,0.013453600366916374,60.0,0.0,0.0,flat,0,2026-01-16,AXISBANK,NSE
0,20,260,1231.6999999999998,1231.6999999999998,0.0,2.435658033611712,-0.2994152046783626,-0.29998439207117217,60.0,0.0,0.0,flat,0,2026-01-16,HCLTECH,NSE
5000,20,260,1239.6,1239.6,0.0,2.4201355275891783,-0.2747603833865815,-0.27586696986924386,60.0,0.0,0.0,flat,0,2026-01-16,HCLTECH,NSE
10000,20,260,1254.5,1254.5,0.0,2.391390992428712,-0.2807399347116431,-0.279657325395673,60.0,0.0,0.0,flat,0,2026-01-16,HCLTECH,NSE
20000,20,260,1266.3000000000002,1266.3000000000002,0.0,2.3691068467184273,-0.28957055214723926,-0.2916803144448084,60.0,0.0,0.0,flat,0,2026-01-16,HCLTECH,NSE
50000,20,260,1285.3000000000002,1285.3000000000002,0.0,2.3340854275262934,-0.29988465974625145,-0.30064655172413796,60.0,0.0,0.0,flat,0,2026-01-16,HCLTECH,NSE
0,20,260,822.3499999999999,822.3499999999999,0.0,1.2160272390104305,-0.5735115431348724,-0.5746026597469996,60.0,0.0,0.0,flat,0,2026-01-16,HDFCBANK,NSE
5000,20,260,827.55,827.55,0.0,1.2083862002298682,-0.56,-0.5607961921246214,60.0,0.0,0.0,flat,0,2026-01-16,HDFCBANK,NSE
10000,20,260,831.7,831.7,0.0,1.2023566189734607,-0.567409144196952,-0.5674280350438048,60.0,0.0,0.0,flat,0,2026-01-16,HDFCBANK,NSE
20000,20,260,837.4000000000001,837.4000000000001,0.0,1.1941724385003907,-0.5846477392218717,-0.5858826831321919,60.0,0.0,0.0,flat,0,2026-01-16,HDFCBANK,NSE
50000,20,260,848.95,848.95,0.0,1.1779256728903085,-0.567342073897497,-0.5687241489023226,60.0,0.0,0.0,flat,0,2026-01-16,HDFCBANK,NSE
0,20,260,1416.9,1416.9,0.0,1.4115322182232017,-0.37271619975639464,-0.3716468866850919,60.0,0.0,0.0,flat,0,2026-01-16,ICICIBANK,NSE
5000,20,260,1426.1,1426.1,0.0,1.402426197321685,-0.35473340587595215,-0.3549745824255628,60.0,0.0,0.0,flat,0,2026-01-16,ICICIBANK,NSE
10000,20,260,1442.3000000000002,1442.3000000000002,0.0,1.3866740622619806,-0.3474663908996898,-0.34902014904775047,60.0,0.0,0.0,flat,0,2026-01-16,ICICIBANK,NSE
20000,20,260,1454.5,1454.5,0.0,1.375042970091565,-0.34580384226491406,-0.3464184540671793,80.0,0.0,0.0,flat,0,2026-01-16,ICICIBANK,NSE
50000,20,260,1478.6999999999998,1478.6999999999998,0.0,1.3525393927101204,-0.35628415300546445,-0.35545507584597436,60.0,0.0,0.0,flat,0,2026-01-16,ICICIBANK,NSE
0,20,260,1113.1999999999998,1113.1999999999998,0.0,1.7966223499824425,-0.19262782401902498,-0.1923504205681638,60.0,0.0,0.0,flat,0,2026-01-16,INFY,NSE
5000,20,260,1120.5,1120.5,0.0,1.7849174475664267,-0.17003188097768332,-0.16933768259821302,60.0,0.0,0.0,flat,0,2026-01-16,INFY,NSE
10000,20,260,1129.4,1129.4,0.0,1.7708517797064411,-0.17075773745997866,-0.16994301994301994,60.0,0.0,0.0,flat,0,2026-01-16,INFY,NSE
20000,20,260,1142.4,1142.4,0.0,1.7507002801124427,-0.18955042527339003,-0.18958806357444047,60.0,0.0,0.0,flat,0,2026-01-16,INFY,NSE
50000,20,260,1158.8000000000002,1158.8000000000002,0.0,1.7259233690028084,-0.20022246941045607,-0.1999703087885986,60.0,0.0,0.0,flat,0,2026-01-16,INFY,NSE
0,20,260,1327.1999999999998,1327.1999999999998,0.0,1.5069318866790649,0.4364060676779463,0.4377141077545936,60.0,0.0,0.0,flat,0,2026-01-16,RELIANCE,NSE
5000,20,260,1334.6999999999998,1334.6999999999998,0.0,1.498464074324159,0.4552486187845304,0.4550147492625369,60.0,0.0,0.0,flat,0,2026-01-16,RELIANCE,NSE
10000,20,260,1343.1,1343.1,0.0,1.489092398183646,0.45261984392419174,0.4540990923969647,60.0,0.0,0.0,flat,0,2026-01-16,RELIANCE,NSE
20000,20,260,1363.5,1363.5,0.0,1.4668133480001329,0.464321608040201,0.46492287055667336,80.0,0.0,0.0,flat,0,2026-01-16,RELIANCE,NSE
50000,20,260,1382.6,1382.6,0.0,1.4465499783020792,0.43742690058479533,0.43795848290931794,60.0,0.0,0.0,flat,0,2026-01-16,RELIANCE,NSE
0,20,260,2186.5,2186.5,0.0,1.8294077292459923,-0.011976047904191617,-0.01198849104859335,60.0,0.0,0.0,flat,0,2026-01-16,TCS,NSE
5000,20,260,2198.3999999999996,2198.3999999999996,0.0,1.819505094614679,0.006586169045005488,0.007764430120128919,60.0,0.0,0.0,flat,0,2026-01-16,TCS,NSE
10000,20,260,2214.2,2214.2,0.0,1.8065215427698085,0.015037593984962405,0.012903225806451613,60.0,0.0,0.0,flat,0,2026-01-16,TCS,NSE
20000,20,260,2244.5,2244.5,0.0,1.782134105589825,0.021890547263681594,0.02204222546806533,80.0,0.0,0.0,flat,0,2026-01-16,TCS,NSE
50000,20,260,2261.7,2261.7,0.0,1.7685811557681876,0.014941302027748132,0.0131035465033471,60.0,0.0,0.0,flat,0,2026-01-16,TCS,NSE
0,20,260,1317.4,1317.4,0.0,1.518141794443946,0.019834710743801654,0.021196732170457054,40.0,0.0,0.0,flat,0,2026-01-19,AXISBANK,NSE
5000,20,260,1317.6999999999998,1317.6999999999998,0.0,1.5177961599760605,0.019834710743801654,0.021196732170457054,40.0,0.0,0.0,flat,0,2026-01-19,AXISBANK,NSE
10000,20,260,1316.6,1316.6,0.0,1.519064256418392,0.01990049751243781,0.021469676848162905,40.0,0.0,0.0,flat,0,2026-01-19,AXISBANK,NSE
20000,20,260,1311.1999999999998,1311.1999999999998,0.0,1.5253203172669731,0.019448946515397084,0.018610690326769097,40.0,0.0,0.0,flat,0,2026-01-19,AXISBANK,NSE
50000,20,260,1316.8000000000002,1316.8000000000002,0.0,1.5188335358448166,0.019834710743801654,0.021196732170457054,40.0,0.0,0.0,flat,0,2026-01-19,AXISBANK,NSE
0,20,260,1223.4,1223.4,0.0,2.4521824423733407,-0.2926829268292683,-0.2920104211897525,40.0,0.0,0.0,flat,0,2026-01-19,HCLTECH,NSE
5000,20,260,1222.6999999999998,1222.6999999999998,0.0,2.4535863253451753,-0.2932454695222405,-0.29306930693069305,40.0,0.0,0.0,flat,0,2026-01-19,HCLTECH,NSE
10000,20,260,1221.6999999999998,1221.6999999999998,0.0,2.455594663173893,-0.2932454695222405,-0.29306930693069305,40.0,0.0,0.0,flat,0,2026-01-19,HCLTECH,NSE
20000,20,260,1216.6999999999998,1216.6999999999998,0.0,2.4656858716195824,-0.2972536348949919,-0.2973031283710895,40.0,0.0,0.0,flat,0,2026-01-19,HCLTECH,NSE
50000,20,260,1222.1999999999998,1222.1999999999998,0.0,2.454590083455691,-0.2955665024630542,-0.29570363875493205,40.0,0.0,0.0,flat,0,2026-01-19,HCLTECH,NSE
0,20,260,817.8,817.8,0.0,1.2227928588899823,-0.571900826446281,-0.5719646799116997,40.0,0.0,0.0,flat,0,2026-01-19,HDFCBANK,NSE
5000,20,260,818.75,818.75,0.0,1.2213740458004159,-0.5704809286898839,-0.5720611025016604,40.0,0.0,0.0,flat,0,2026-01-19,HDFCBANK,NSE
10000,20,260,818.05,818.05,0.0,1.2224191675328249,-0.5723793677204659,-0.5723172628304821,40.0,0.0,0.0,flat,0,2026-01-19,HDFCBANK,NSE
20000,20,260,814.6500000000001,814.6500000000001,0.0,1.2275210212977687,-0.5723577235772358,-0.5742509769865393,40.0,0.0,0.0,flat,0,2026-01-19,HDFCBANK,NSE
50000,20,260,817.95,817.95,0.0,1.2225686166638883,-0.571900826446281,-0.5719646799116997,40.0,0.0,0.0,flat,0,2026-01-19,HDFCBANK,NSE
0,20,260,1403.5,1403.5,0.0,1.4250089063043683,-0.3681592039800995,-0.3689922480620155,40.0,0.0,0.0,flat,0,2026-01-19,ICICIBANK,NSE
5000,20,260,1403.9,1403.9,0.0,1.4246028919441946,-0.3669421487603306,-0.3694548664753917,40.0,0.0,0.0,flat,0,2026-01-19,ICICIBANK,NSE
10000,20,260,1402.6,1402.6,0.0,1.4259232853275738,-0.36902800658978585,-0.37007700770077007,40.0,0.0,0.0,flat,0,2026-01-19,ICICIBANK,NSE
20000,20,260,1395.6999999999998,1395.6999999999998,0.0,1.4329727018703553,-0.3719412724306688,-0.3710239651416122,40.0,0.0,0.0,flat,0,2026-01-19,ICICIBANK,NSE
50000,20,260,1402.3000000000002,1402.3000000000002,0.0,1.426228339157423,-0.3669421487603306,-0.3694548664753917,40.0,0.0,0.0,flat,0,2026-01-19,ICICIBANK,NSE
0,20,260,1101.6999999999998,1101.6999999999998,0.0,1.8153762367254742,-0.1841680129240711,-0.18399482312338222,40.0,0.0,0.0,flat,0,2026-01-19,INFY,NSE
5000,20,260,1102.1999999999998,1102.1999999999998,0.0,1.8145527127567185,-0.1886178861788618,-0.18971130887779467,40.0,0.0,0.0,flat,0,2026-01-19,INFY,NSE
10000,20,260,1100.6,1100.6,0.0,1.8171906232967971,-0.1890547263681592,-0.18773522249280497,40.0,0.0,0.0,flat,0,2026-01-19,INFY,NSE
20000,20,260,1096.8000000000002,1096.8000000000002,0.0,1.8234865062002683,-0.18985270049099837,-0.1896438715315709,40.0,0.0,0.0,flat,0,2026-01-19,INFY,NSE
50000,20,260,1100.9,1100.9,0.0,1.8166954310114038,-0.18985270049099837,-0.18859265734265734,40.0,0.0,0.0,flat,0,2026-01-19,INFY,NSE
0,20,260,1302.0,1302.0,0.0,1.5360983102904617,0.4451718494271686,0.4451486013986014,40.0,0.0,0.0,flat,0,2026-01-19,RELIANCE,NSE
5000,20,260,1300.6,1300.6,0.0,1.5377518068587228,0.44297520661157025,0.4441747572815534,40.0,0.0,0.0,flat,0,2026-01-19,RELIANCE,NSE
10000,20,260,1299.1999999999998,1299.1999999999998,0.0,1.539408866995424,0.43980738362760835,0.43999142734676383,40.0,0.0,0.0,flat,0,2026-01-19,RELIANCE,NSE
20000,20,260,1294.1,1294.1,0.0,1.545475620122444,0.44189852700491,0.44221105527638194,40.0,0.0,0.0,flat,0,2026-01-19,RELIANCE,NSE
50000,20,260,1299.4,1299.4,0.0,1.5391719255044287,0.44122383252818037,0.44076542678993763,40.0,0.0,0.0,flat,0,2026-01-19,RELIANCE,NSE
0,20,260,2182.7,2182.7,0.0,1.3744444953485462,-0.006546644844517185,-0.004369674459252786,40.0,0.0,0.0,flat,0,2026-01-19,TCS,NSE
5000,20,260,2184.3,2184.3,0.0,1.3734377145983938,-0.006611570247933884,-0.0061823802163833074,40.0,0.0,0.0,flat,0,2026-01-19,TCS,NSE
10000,20,260,2183.2,2183.2,0.0,1.374129717844115,-0.006546644844517185,-0.004808743169398907,40.0,0.0,0.0,flat,0,2026-01-19,TCS,NSE
20000,20,260,2175.5,2175.5,0.0,1.3789933348663843,-0.006589785831960461,-0.0063792344918609765,40.0,0.0,0.0,flat,0,2026-01-19,TCS,NSE
50000,20,260,2187.8,2187.8,0.0,1.3712405155851866,0.0,0.0,40.0,0.0,0.0,flat,0,2026-01-19,TCS,NSE
0,20,260,1325.9,1325.9,0.0,1.5084093823067009,0.03084223013048636,0.03213042101930991,60.0,0.0,0.0,flat,0,2026-01-20,AXISBANK,NSE
5000,20,260,1338.5,1338.5,0.0,1.4942099364947188,0.046169989506820566,0.0469187675070028,60.0,0.0,0.0,flat,0,2026-01-20,AXISBANK,NSE
10000,20,260,1338.1999999999998,1338.1999999999998,0.0,1.4945449110749178,0.03682393555811277,0.035939179849485484,60.0,0.0,0.0,flat,0,2026-01-20,AXISBANK,NSE
20000,20,260,1324.8000000000002,1324.8000000000002,0.0,1.5096618357491354,0.024906600249066,0.02476728723404255,60.0,0.0,0.0,flat,0,2026-01-20,AXISBANK,NSE
50000,20,260,1320.6,1320.6,0.0,1.5144631228233039,0.014510278113663845,0.014364105874757909,60.0,0.0,0.0,flat,0,2026-01-20,AXISBANK,NSE
0,20,260,1221.7,1221.7,0.0,3.2741262175664314,-0.2918238993710692,-0.29209333557159645,60.0,0.0,0.0,flat,0,2026-01-20,HCLTECH,NSE
5000,20,260,1234.8,1234.8,0.0,3.239390994493772,-0.2688728024819028,-0.26907685939009246,60.0,0.0,0.0,flat,0,2026-01-20,HCLTECH,NSE
10000,20,260,1236.0,1236.0,0.0,3.2362459546932922,-0.283704572098476,-0.284261576971214,60.0,0.0,0.0,flat,0,2026-01-20,HCLTECH,NSE
20000,20,260,1223.8,1223.8,0.0,3.268507926132464,-0.30716723549488056,-0.3067577828397874,60.0,0.0,0.0,flat,0,2026-01-20,HCLTECH,NSE
50000,20,260,1220.4,1220.4,0.0,3.2776138970818054,-0.2900378310214376,-0.2912948307795925,60.0,0.0,0.0,flat,0,2026-01-20,HCLTECH,NSE
0,20,260,819.45,819.45,0.0,1.220330709622585,-0.5663082437275986,-0.5660979110189762,60.0,0.0,0.0,flat,0,2026-01-20,HDFCBANK,NSE
5000,20,260,827.6500000000001,827.6500000000001,0.0,1.208240198151667,-0.5533678756476684,-0.5534504217950491,60.0,0.0,0.0,flat,0,2026-01-20,HDFCBANK,NSE
10000,20,260,828.7,828.7,0.0,1.2067093037290062,-0.564344746162928,-0.565237945162307,60.0,0.0,0.0,flat,0,2026-01-20,HDFCBANK,NSE
20000,20,260,820.45,820.45,0.0,1.2188433176917879,-0.5855758880516685,-0.5866973136043672,60.0,0.0,0.0,flat,0,2026-01-20,HDFCBANK,NSE
50000,20,260,824.5999999999999,824.5999999999999,0.0,1.2127091923359539,-0.5653710247349824,-0.5653199182518472,60.0,0.0,0.0,flat,0,2026-01-20,HDFCBANK,NSE
0,20,260,1408.6,1408.6,0.0,1.4198494959537518,-0.3603385731559855,-0.3620077469335055,60.0,0.0,0.0,flat,0,2026-01-20,ICICIBANK,NSE
5000,20,260,1419.1999999999998,1419.1999999999998,0.0,1.4092446448706701,-0.3711083437110834,-0.37196541403392086,60.0,0.0,0.0,flat,0,2026-01-20,ICICIBANK,NSE
10000,20,260,1415.5,1415.5,0.0,1.4129282938878,-0.3856988082340195,-0.38707345286292655,60.0,0.0,0.0,flat,0,2026-01-20,ICICIBANK,NSE
20000,20,260,1410.0,1410.0,0.0,1.4184397163107667,-0.36755386565272496,-0.3681272204364744,60.0,0.0,0.0,flat,0,2026-01-20,ICICIBANK,NSE
50000,20,260,1409.4,1409.4,0.0,1.419043564637757,-0.35414301929625425,-0.35570368126041507,60.0,0.0,0.0,flat,0,2026-01-20,ICICIBANK,NSE
0,20,260,1102.6,1102.6,0.0,1.8138944313445082,-0.17852834740651388,-0.1800032200933827,60.0,0.0,0.0,flat,0,2026-01-20,INFY,NSE
5000,20,260,1113.1999999999998,1113.1999999999998,0.0,1.7966223499824425,-0.1636556854410202,-0.1642320238264076,60.0,0.0,0.0,flat,0,2026-01-20,INFY,NSE
10000,20,260,1112.4,1112.4,0.0,1.7979144192740513,-0.19347037484885127,-0.19415752098127825,60.0,0.0,0.0,flat,0,2026-01-20,INFY,NSE
20000,20,260,1099.3000000000002,1099.3000000000002,0.0,1.8193395797329706,-0.19130434782608696,-0.1913447189520809,60.0,0.0,0.0,flat,0,2026-01-20,INFY,NSE
50000,20,260,1093.6999999999998,1093.6999999999998,0.0,1.8286550242300952,-0.17939393939393938,-0.18055330852612847,60.0,0.0,0.0,flat,0,2026-01-20,INFY,NSE
0,20,260,1300.6,1300.6,0.0,1.5377518068587228,0.4455569461827284,0.446207818242566,60.0,0.0,0.0,flat,0,2026-01-20,RELIANCE,NSE
5000,20,260,1313.6999999999998,1313.6999999999998,0.0,1.5224175991477924,0.463336875664187,0.4626294142674798,60.0,0.0,0.0,flat,0,2026-01-20,RELIANCE,NSE
10000,20,260,1313.4,1313.4,0.0,1.5227653418611653,0.45229681978798586,0.45172955974842766,60.0,0.0,0.0,flat,0,2026-01-20,RELIANCE,NSE
20000,20,260,1299.9,1299.9,0.0,1.5385798907611774,0.42716319824753557,0.42800760122789067,60.0,0.0,0.0,flat,0,2026-01-20,RELIANCE,NSE
50000,20,260,1296.1999999999998,1296.1999999999998,0.0,1.542971763617077,0.4359281437125748,0.43654092071611256,60.0,0.0,0.0,flat,0,2026-01-20,RELIANCE,NSE
0,20,260,2181.5,2181.5,0.0,2.292000916800367,0.0,-0.00016539861065167054,60.0,0.0,0.0,flat,0,2026-01-20,TCS,NSE
5000,20,260,2187.3,2187.3,0.0,2.285923284414575,0.007033997655334115,0.005477308294209703,60.0,0.0,0.0,flat,0,2026-01-20,TCS,NSE
10000,20,260,2201.7,2201.7,0.0,2.270972430394695,0.0,0.0023415547923821417,60.0,0.0,0.0,flat,0,2026-01-20,TCS,NSE
20000,20,260,2175.8,2175.8,0.0,2.2980053313723685,-0.007471980074719801,-0.0038231382978723403,60.0,0.0,0.0,flat,0,2026-01-20,TCS,NSE
50000,20,260,2168.9,2168.9,0.0,2.3053160588316657,-0.0076824583866837385,-0.0064946163049051445,60.0,0.0,0.0,flat,0,2026-01-20,TCS,NSE
0,20,260,1319.1,1319.1,0.0,1.516185277841297,0.01859229747675963,0.020382842963488124,40.0,0.0,0.0,flat,0,2026-01-21,AXISBANK,NSE
5000,20,260,1319.9,1319.9,0.0,1.5152663080539848,0.023778071334214,0.0225709751366602,40.0,0.0,0.0,flat,0,2026-01-21,AXISBANK,NSE
10000,20,260,1322.0,1322.0,0.0,1.5128593040833442,0.02130492676431425,0.02239203838635152,40.0,0.0,0.0,flat,0,2026-01-21,AXISBANK,NSE
20000,20,260,1326.4,1326.4,0.0,1.5078407720148181,0.02130492676431425,0.02239203838635152,40.0,0.0,0.0,flat,0,2026-01-21,AXISBANK,NSE
50000,20,260,1320.5,1320.5,0.0,1.514577811433685,0.020434227330779056,0.018240709171496762,60.0,0.0,0.0,flat,0,2026-01-21,AXISBANK,NSE
0,20,260,1220.8000000000002,1220.8000000000002,0.0,2.4574049803403875,-0.2948207171314741,-0.2943991492378589,40.0,0.0,0.0,flat,0,2026-01-21,HCLTECH,NSE
5000,20,260,1223.1999999999998,1223.1999999999998,0.0,2.452583387834815,-0.2898550724637681,-0.29234828496042214,60.0,0.0,0.0,flat,0,2026-01-21,HCLTECH,NSE
10000,20,260,1220.8000000000002,1220.8000000000002,0.0,2.4574049803403875,-0.3031055900621118,-0.30210578676836347,60.0,0.0,0.0,flat,0,2026-01-21,HCLTECH,NSE
20000,20,260,1223.5,1223.5,0.0,2.4519820188000154,-0.296010296010296,-0.29685621027314896,60.0,0.0,0.0,flat,0,2026-01-21,HCLTECH,NSE
50000,20,260,1212.5,1212.5,0.0,2.4742268041252116,-0.29172141918528255,-0.2925802490791089,60.0,0.0,0.0,flat,0,2026-01-21,HCLTECH,NSE
0,20,260,818.2,818.2,0.0,1.222195062332226,-0.5721854304635762,-0.5723125884016973,40.0,0.0,0.0,flat,0,2026-01-21,HDFCBANK,NSE
5000,20,260,819.75,819.75,0.0,1.2198841110083445,-0.5634824667472793,-0.5647191736604261,60.0,0.0,0.0,flat,0,2026-01-21,HDFCBANK,NSE
10000,20,260,818.4000000000001,818.4000000000001,0.0,1.2218963831869836,-0.5736235595390525,-0.575286275850282,60.0,0.0,0.0,flat,0,2026-01-21,HDFCBANK,NSE
20000,20,260,821.6500000000001,821.6500000000001,0.0,1.2170632264348897,-0.5660377358490566,-0.5673996978344804,60.0,0.0,0.0,flat,0,2026-01-21,HDFCBANK,NSE
50000,20,260,817.5,817.5,0.0,1.2232415902129548,-0.5736235595390525,-0.575286275850282,60.0,0.0,0.0,flat,0,2026-01-21,HDFCBANK,NSE
0,20,260,1404.1999999999998,1404.1999999999998,0.0,1.424298532972835,-0.3732303732303732,-0.37278818072496134,60.0,0.0,0.0,flat,0,2026-01-21,ICICIBANK,NSE
5000,20,260,1406.1,1406.1,0.0,1.422373942109704,-0.3665338645418327,-0.36813186813186816,40.0,0.0,0.0,flat,0,2026-01-21,ICICIBANK,NSE
10000,20,260,1406.8000000000002,1406.8000000000002,0.0,1.4216661927782588,-0.37094682230869,-0.37136426592797783,60.0,0.0,0.0,flat,0,2026-01-21,ICICIBANK,NSE
20000,20,260,1410.8000000000002,1410.8000000000002,0.0,1.4176353841795113,-0.36959370904325034,-0.37095363079615046,60.0,0.0,0.0,flat,0,2026-01-21,ICICIBANK,NSE
50000,20,260,1404.4,1404.4,0.0,1.424095699231312,-0.3722721437740693,-0.37245160185026555,60.0,0.0,0.0,flat,0,2026-01-21,ICICIBANK,NSE
0,20,260,1100.9,1100.9,0.0,1.8166954310114038,-0.18972332015810275,-0.18835736897643335,40.0,0.0,0.0,flat,0,2026-01-21,INFY,NSE
5000,20,260,1101.1,1101.1,0.0,1.8163654527295021,-0.18872870249017037,-0.18932633420822398,60.0,0.0,0.0,flat,0,2026-01-21,INFY,NSE
10000,20,260,1099.3000000000002,1099.3000000000002,0.0,1.8193395797329706,-0.19371069182389938,-0.19392209536601746,60.0,0.0,0.0,flat,0,2026-01-21,INFY,NSE
20000,20,260,1103.5,1103.5,0.0,1.8124150430432089,-0.18857901726427623,-0.18790994504520475,40.0,0.0,0.0,flat,0,2026-01-21,INFY,NSE
50000,20,260,1100.1999999999998,1100.1999999999998,0.0,1.8178512997640928,-0.18250950570342206,-0.1819719262641637,60.0,0.0,0.0,flat,0,2026-01-21,INFY,NSE
0,20,260,1300.9,1300.9,0.0,1.537397186563498,0.4423841059602649,0.4440516174650875,40.0,0.0,0.0,flat,0,2026-01-21,RELIANCE,NSE
5000,20,260,1302.6,1302.6,0.0,1.5353907569479923,0.4423841059602649,0.443344528902245,40.0,0.0,0.0,flat,0,2026-01-21,RELIANCE,NSE
10000,20,260,1301.6999999999998,1301.6999999999998,0.0,1.5364523315667629,0.44129032258064516,0.4409991386735573,60.0,0.0,0.0,flat,0,2026-01-21,RELIANCE,NSE
20000,20,260,1306.6,1306.6,0.0,1.5306903413442943,0.4447334200260078,0.4458521346754599,60.0,0.0,0.0,flat,0,2026-01-21,RELIANCE,NSE
50000,20,260,1299.1999999999998,1299.1999999999998,0.0,1.539408866995424,0.44129032258064516,0.4407509472959008,60.0,0.0,0.0,flat,0,2026-01-21,RELIANCE,NSE
0,20,260,2183.0,2183.0,0.0,1.8323408153899965,-0.005270092226613966,-0.0063324538258575196,60.0,0.0,0.0,flat,0,2026-01-21,TCS,NSE
5000,20,260,2185.5,2185.5,0.0,1.830244795239699,-0.005270092226613966,-0.005275189027606823,60.0,0.0,0.0,flat,0,2026-01-21,TCS,NSE
10000,20,260,2186.8999999999996,2186.8999999999996,0.0,1.8290731171982761,-0.005298013245033113,-0.006188118811881188,40.0,0.0,0.0,flat,0,2026-01-21,TCS,NSE
20000,20,260,2192.6000000000004,2192.6000000000004,0.0,1.824318161087708,-0.005312084993359893,-0.006736394256337529,40.0,0.0,0.0,flat,0,2026-01-21,TCS,NSE
50000,20,260,2180.7,2180.7,0.0,1.834273398450456,-0.012515644555694618,-0.01236011357942208,60.0,0.0,0.0,flat,0,2026-01-21,TCS,NSE
0,20,260,1300.1999999999998,1300.1999999999998,0.0,2.307337332717694,0.01553829078801332,0.015701377573692787,60.0,0.0,0.0,flat,0,2026-01-22,AXISBANK,NSE
5000,20,260,1312.0,1312.0,0.0,2.286585365855045,0.0484027105517909,0.046628778093515885,80.0,0.0,0.0,flat,0,2026-01-22,AXISBANK,NSE
10000,20,260,1312.4,1312.4,0.0,2.2858884486433597,0.03669724770642202,0.037273840293837575,80.0,0.0,0.0,flat,0,2026-01-22,AXISBANK,NSE
20000,20,260,1319.1,1319.1,0.0,2.2742779167610836,0.01871345029239766,0.01997814889964102,60.0,0.0,0.0,flat,0,2026-01-22,AXISBANK,NSE
50000,20,260,1311.1999999999998,1311.1999999999998,0.0,2.2879804758995923,0.01875732708089097,0.020341104678454076,60.0,0.0,0.0,flat,0,2026-01-22,AXISBANK,NSE
0,20,260,1199.5,1199.5,0.0,3.3347228011679113,-0.29132947976878615,-0.2921486965910844,60.0,0.0,0.0,flat,0,2026-01-22,HCLTECH,NSE
5000,20,260,1201.4,1201.4,0.0,3.329448976193304,-0.29638273045507585,-0.2957943925233645,60.0,0.0,0.0,flat,0,2026-01-22,HCLTECH,NSE
10000,20,260,1200.9,1200.9,0.0,3.330835206927001,-0.31341821743388837,-0.3134230819500719,80.0,0.0,0.0,flat,0,2026-01-22,HCLTECH,NSE
20000,20,260,1209.5,1209.5,0.0,3.3071517155857046,-0.2987736900780379,-0.2986607142857143,60.0,0.0,0.0,flat,0,2026-01-22,HCLTECH,NSE
50000,20,260,1201.4,1201.4,0.0,3.329448976193304,-0.30546955624355004,-0.3063894244009915,60.0,0.0,0.0,flat,0,2026-01-22,HCLTECH,NSE
0,20,260,798.0,798.0,0.0,1.8796992481214403,-0.5761226725082147,-0.5774009647712323,60.0,0.0,0.0,flat,0,2026-01-22,HDFCBANK,NSE
5000,20,260,799.9000000000001,799.9000000000001,0.0,1.8752344043002531,-0.5714285714285714,-0.5732444582235312,60.0,0.0,0.0,flat,0,2026-01-22,HDFCBANK,NSE
10000,20,260,800.9000000000001,800.9000000000001,0.0,1.8728929953799132,-0.5857002938295789,-0.5863285844987584,80.0,0.0,0.0,flat,0,2026-01-22,HDFCBANK,NSE
20000,20,260,808.8,808.8,0.0,1.854599406527909,-0.5807814149947201,-0.5804678692220969,60.0,0.0,0.0,flat,0,2026-01-22,HDFCBANK,NSE
50000,20,260,799.6500000000001,799.6500000000001,0.0,1.875820671543516,-0.5798941798941799,-0.5803672316384181,60.0,0.0,0.0,flat,0,2026-01-22,HDFCBANK,NSE
0,20,260,1379.4,1379.4,0.0,2.174858634188448,-0.3711340206185567,-0.37119706466901087,60.0,0.0,0.0,flat,0,2026-01-22,ICICIBANK,NSE
5000,20,260,1391.0,1391.0,0.0,2.156721782891315,-0.34823977164605135,-0.3476825396825397,80.0,0.0,0.0,flat,0,2026-01-22,ICICIBANK,NSE
10000,20,260,1395.1999999999998,1395.1999999999998,0.0,2.1502293577978393,-0.36108108108108106,-0.36156398788053673,60.0,0.0,0.0,flat,0,2026-01-22,ICICIBANK,NSE
20000,20,260,1393.1,1393.1,0.0,2.1534706769072898,-0.38407960199004976,-0.38497278640647814,80.0,0.0,0.0,flat,0,2026-01-22,ICICIBANK,NSE
50000,20,260,1382.6,1382.6,0.0,2.1698249674522967,-0.38105046343975285,-0.38240549828178694,60.0,0.0,0.0,flat,0,2026-01-22,ICICIBANK,NSE
0,20,260,1072.1999999999998,1072.1999999999998,0.0,2.7979854504752337,-0.18815331010452963,-0.18880793675399163,60.0,0.0,0.0,flat,0,2026-01-22,INFY,NSE
5000,20,260,1073.6999999999998,1073.6999999999998,0.0,2.794076557697258,-0.1866977829638273,-0.18688677776047344,60.0,0.0,0.0,flat,0,2026-01-22,INFY,NSE
10000,20,260,1080.1999999999998,1080.1999999999998,0.0,2.7772634697274072,-0.16456921587608905,-0.1650949489730009,80.0,0.0,0.0,flat,0,2026-01-22,INFY,NSE
20000,20,260,1079.1,1079.1,0.0,2.7800945232133683,-0.16748768472906403,-0.16763081777544045,80.0,0.0,0.0,flat,0,2026-01-22,INFY,NSE
50000,20,260,1074.6999999999998,1074.6999999999998,0.0,2.791476691169206,-0.18815331010452963,-0.18880793675399163,60.0,0.0,0.0,flat,0,2026-01-22,INFY,NSE
0,20,260,1289.0,1289.0,0.0,2.327385570210876,0.44087256027554533,0.441550482610694,60.0,0.0,0.0,flat,0,2026-01-22,RELIANCE,NSE
5000,20,260,1292.3000000000002,1292.3000000000002,0.0,2.321442389537681,0.44314185228604924,0.4434360819902989,60.0,0.0,0.0,flat,0,2026-01-22,RELIANCE,NSE
10000,20,260,1296.4,1296.4,0.0,2.3141005862384643,0.42729970326409494,0.4270063357972545,80.0,0.0,0.0,flat,0,2026-01-22,RELIANCE,NSE
20000,20,260,1311.1999999999998,1311.1999999999998,0.0,2.2879804758995923,0.43422459893048126,0.43511777301927196,60.0,0.0,0.0,flat,0,2026-01-22,RELIANCE,NSE
50000,20,260,1305.9,1305.9,0.0,2.2972662531583925,0.4538860103626943,0.45538802047309446,60.0,0.0,0.0,flat,0,2026-01-22,RELIANCE,NSE
0,20,260,2166.5,2166.5,0.0,2.3078698361412417,-0.006888633754305396,-0.007966906695265818,60.0,0.0,0.0,flat,0,2026-01-22,TCS,NSE
5000,20,260,2167.8,2167.8,0.0,2.3064858381769535,-0.0068415051311288486,-0.00776019476567255,60.0,0.0,0.0,flat,0,2026-01-22,TCS,NSE
10000,20,260,2169.5,2169.5,0.0,2.3046784973496197,-0.032598274209012464,-0.03109007164790174,80.0,0.0,0.0,flat,0,2026-01-22,TCS,NSE
20000,20,260,2188.4,2188.4,0.0,2.284774264302687,-0.024464831804281346,-0.023126105291797035,80.0,0.0,0.0,flat,0,2026-01-22,TCS,NSE
50000,20,260,2174.9,2174.9,0.0,2.298956273851671,0.008255933952528379,0.008675296061690995,60.0,0.0,0.0,flat,0,2026-01-22,TCS,NSE
0,20,260,1320.9,1320.9,0.0,1.514119161178329,0.02593192868719611,0.024881003894418,40.0,0.0,0.0,flat,0,2026-01-23,AXISBANK,NSE
5000,20,260,1317.3000000000002,1317.3000000000002,0.0,1.5182570409173721,0.01932367149758454,0.018060632122124276,40.0,0.0,0.0,flat,0,2026-01-23,AXISBANK,NSE
10000,20,260,1320.6,1320.6,0.0,1.5144631228233039,0.023064250411861616,0.023762376237623763,40.0,0.0,0.0,flat,0,2026-01-23,AXISBANK,NSE
20000,20,260,1322.1999999999998,1322.1999999999998,0.0,1.5126304643778967,0.02593192868719611,0.024881003894418,40.0,0.0,0.0,flat,0,2026-01-23,AXISBANK,NSE
50000,20,260,1326.1999999999998,1326.1999999999998,0.0,1.5080681646813867,0.019448946515397084,0.018610690326769097,40.0,0.0,0.0,flat,0,2026-01-23,AXISBANK,NSE
0,20,260,1221.0,1221.0,0.0,2.457002457003947,-0.2894308943089431,-0.2911419887103778,40.0,0.0,0.0,flat,0,2026-01-23,HCLTECH,NSE
5000,20,260,1217.4,1217.4,0.0,2.464268112370252,-0.2978723404255319,-0.29611013986013984,40.0,0.0,0.0,flat,0,2026-01-23,HCLTECH,NSE
10000,20,260,1221.1999999999998,1221.1999999999998,0.0,2.456600065508963,-0.29213483146067415,-0.2903986283754822,40.0,0.0,0.0,flat,0,2026-01-23,HCLTECH,NSE
20000,20,260,1225.6,1225.6,0.0,2.447780678850804,-0.2922824302134647,-0.2920412190309143,40.0,0.0,0.0,flat,0,2026-01-23,HCLTECH,NSE
50000,20,260,1225.1999999999998,1225.1999999999998,0.0,2.448579823701882,-0.2959349593495935,-0.29635258358662614,40.0,0.0,0.0,flat,0,2026-01-23,HCLTECH,NSE
0,20,260,817.55,817.55,0.0,1.2231667787905662,-0.5709624796084829,-0.5710239651416122,40.0,0.0,0.0,flat,0,2026-01-23,HDFCBANK,NSE
5000,20,260,815.5,815.5,0.0,1.226241569588094,-0.5718901453957996,-0.573738680465718,40.0,0.0,0.0,flat,0,2026-01-23,HDFCBANK,NSE
10000,20,260,818.0,818.0,0.0,1.2224938875294504,-0.5691056910569106,-0.5706840390879478,40.0,0.0,0.0,flat,0,2026-01-23,HDFCBANK,NSE
20000,20,260,818.5999999999999,818.5999999999999,0.0,1.2215978499880618,-0.5695581014729951,-0.5713661202185792,40.0,0.0,0.0,flat,0,2026-01-23,HDFCBANK,NSE
50000,20,260,822.2,822.2,0.0,1.2162490878134606,-0.5746388443017657,-0.5754393484783541,40.0,0.0,0.0,flat,0,2026-01-23,HDFCBANK,NSE
0,20,260,1402.6999999999998,1402.6999999999998,0.0,1.4258216297144473,-0.36661211129296234,-0.367052654577234,40.0,0.0,0.0,flat,0,2026-01-23,ICICIBANK,NSE
5000,20,260,1399.3000000000002,1399.3000000000002,0.0,1.429286071607557,-0.3681592039800995,-0.36824623560673164,40.0,0.0,0.0,flat,0,2026-01-23,ICICIBANK,NSE
10000,20,260,1402.6,1402.6,0.0,1.4259232853275738,-0.3669421487603306,-0.3681306554844405,40.0,0.0,0.0,flat,0,2026-01-23,ICICIBANK,NSE
20000,20,260,1404.4,1404.4,0.0,1.424095699231312,-0.3698854337152209,-0.37041083916083917,40.0,0.0,0.0,flat,0,2026-01-23,ICICIBANK,NSE
50000,20,260,1409.5,1409.5,0.0,1.4189428875474857,-0.3744,-0.37342448194830163,40.0,0.0,0.0,flat,0,2026-01-23,ICICIBANK,NSE
0,20,260,1101.8000000000002,1101.8000000000002,0.0,1.8152114721369161,-0.1841680129240711,-0.18399482312338222,40.0,0.0,0.0,flat,0,2026-01-23,INFY,NSE
5000,20,260,1098.9,1098.9,0.0,1.8200018200022337,-0.1912479740680713,-0.19043497078554425,40.0,0.0,0.0,flat,0,2026-01-23,INFY,NSE
10000,20,260,1100.9,1100.9,0.0,1.8166954310114038,-0.1847649918962723,-0.1841991341991342,40.0,0.0,0.0,flat,0,2026-01-23,INFY,NSE
20000,20,260,1103.9,1103.9,0.0,1.8117583114416655,-0.17784711388455537,-0.17912934805248906,40.0,0.0,0.0,flat,0,2026-01-23,INFY,NSE
50000,20,260,1105.6,1105.6,0.0,1.8089725036183566,-0.18923327895595432,-0.19037246787192333,40.0,0.0,0.0,flat,0,2026-01-23,INFY,NSE
0,20,260,1301.8000000000002,1301.8000000000002,0.0,1.53633430634541,0.4469820554649266,0.44565454149422784,40.0,0.0,0.0,flat,0,2026-01-23,RELIANCE,NSE
5000,20,260,1298.1,1298.1,0.0,1.5407133502815307,0.4370015948963317,0.4393100511073254,40.0,0.0,0.0,flat,0,2026-01-23,RELIANCE,NSE
10000,20,260,1300.8000000000002,1300.8000000000002,0.0,1.5375153751541009,0.44112769485903813,0.4436572946646004,40.0,0.0,0.0,flat,0,2026-01-23,RELIANCE,NSE
20000,20,260,1303.1,1303.1,0.0,1.5348016268900737,0.4451718494271686,0.4451486013986014,40.0,0.0,0.0,flat,0,2026-01-23,RELIANCE,NSE
50000,20,260,1305.0,1305.0,0.0,1.5325670498070354,0.44297520661157025,0.4432921447484554,40.0,0.0,0.0,flat,0,2026-01-23,RELIANCE,NSE
0,20,260,2187.4,2187.4,0.0,1.3714912681730909,0.0,-0.0006429489927132448,40.0,0.0,0.0,flat,0,2026-01-23,TCS,NSE
5000,20,260,2182.2,2182.2,0.0,1.3747594171007569,-0.006482982171799027,-0.007142857142857143,40.0,0.0,0.0,flat,0,2026-01-23,TCS,NSE
10000,20,260,2185.5,2185.5,0.0,1.372683596431855,-0.006633499170812604,-0.00597609561752988,40.0,0.0,0.0,flat,0,2026-01-23,TCS,NSE
20000,20,260,2192.0,2192.0,0.0,1.368613138686961,-0.006568144499178982,-0.00526200394650296,40.0,0.0,0.0,flat,0,2026-01-23,TCS,NSE
50000,20,260,2190.9,2190.9,0.0,1.3693002875538904,-0.006482982171799027,-0.007142857142857143,40.0,0.0,0.0,flat,0,2026-01-23,TCS,NSE
0,20,260,1321.8000000000002,1321.8000000000002,0.0,1.5130882130431642,0.020486555697823303,0.02153478037942232,60.0,0.0,0.0,flat,0,2026-01-26,AXISBANK,NSE
5000,20,260,1321.1,1321.1,0.0,1.5138899402016917,0.024906600249066,0.025261758351337878,60.0,0.0,0.0,flat,0,2026-01-26,AXISBANK,NSE
10000,20,260,1319.4,1319.4,0.0,1.5158405335762124,0.0173053152039555,0.01748309417779977,60.0,0.0,0.0,flat,0,2026-01-26,AXISBANK,NSE
20000,20,260,1320.6999999999998,1320.6999999999998,0.0,1.5143484515790528,0.02053915275994865,0.020901147849922905,60.0,0.0,0.0,flat,0,2026-01-26,AXISBANK,NSE
50000,20,260,1320.1999999999998,1320.1999999999998,0.0,1.5149219815182964,0.022871664548919948,0.024088210347752333,60.0,0.0,0.0,flat,0,2026-01-26,AXISBANK,NSE
0,20,260,1222.6,1222.6,0.0,2.4537870112870483,-0.2878228782287823,-0.28862255787227054,60.0,0.0,0.0,flat,0,2026-01-26,HCLTECH,NSE
5000,20,260,1219.1999999999998,1219.1999999999998,0.0,2.46062992125947,-0.3005917159763314,-0.3016900963512873,60.0,0.0,0.0,flat,0,2026-01-26,HCLTECH,NSE
10000,20,260,1221.1999999999998,1221.1999999999998,0.0,2.456600065508963,-0.2900378310214376,-0.2912948307795925,60.0,0.0,0.0,flat,0,2026-01-26,HCLTECH,NSE
20000,20,260,1223.8000000000002,1223.8000000000002,0.0,2.4513809445984185,-0.28811524609843936,-0.28713347219996793,60.0,0.0,0.0,flat,0,2026-01-26,HCLTECH,NSE
50000,20,260,1225.0,1225.0,0.0,2.4489795918382193,-0.29582806573957016,-0.29649004387445155,60.0,0.0,0.0,flat,0,2026-01-26,HCLTECH,NSE
0,20,260,821.5999999999999,821.5999999999999,0.0,1.217137293086937,-0.564042303172738,-0.5654015056461732,60.0,0.0,0.0,flat,0,2026-01-26,HDFCBANK,NSE
5000,20,260,820.4000000000001,820.4000000000001,0.0,1.218917601170438,-0.5703422053231939,-0.5714769074606666,60.0,0.0,0.0,flat,0,2026-01-26,HDFCBANK,NSE
10000,20,260,820.8,820.8,0.0,1.2183235867449165,-0.5739570164348925,-0.5739115761052986,60.0,0.0,0.0,flat,0,2026-01-26,HDFCBANK,NSE
20000,20,260,822.0,822.0,0.0,1.2165450121643435,-0.5714285714285714,-0.5723367697594501,60.0,0.0,0.0,flat,0,2026-01-26,HDFCBANK,NSE
50000,20,260,819.1500000000001,819.1500000000001,0.0,1.2207776353539979,-0.568944099378882,-0.5693914773669375,60.0,0.0,0.0,flat,0,2026-01-26,HDFCBANK,NSE
0,20,260,1405.8000000000002,1405.8000000000002,0.0,1.4226774790158305,-0.3640836408364084,-0.3637110016420361,60.0,0.0,0.0,flat,0,2026-01-26,ICICIBANK,NSE
5000,20,260,1402.8000000000002,1402.8000000000002,0.0,1.4257199885945642,-0.367816091954023,-0.36839413569723833,60.0,0.0,0.0,flat,0,2026-01-26,ICICIBANK,NSE
10000,20,260,1405.1999999999998,1405.1999999999998,0.0,1.423284941645641,-0.36755386565272496,-0.3677888682118085,60.0,0.0,0.0,flat,0,2026-01-26,ICICIBANK,NSE
20000,20,260,1405.8000000000002,1405.8000000000002,0.0,1.4226774790158305,-0.37168141592920356,-0.3709704641350211,60.0,0.0,0.0,flat,0,2026-01-26,ICICIBANK,NSE
50000,20,260,1400.4,1400.4,0.0,1.428163381891213,-0.36713735558408217,-0.3685743660041124,60.0,0.0,0.0,flat,0,2026-01-26,ICICIBANK,NSE
0,20,260,1104.5,1104.5,0.0,1.8107741059286382,-0.17793594306049823,-0.17817548305353184,60.0,0.0,0.0,flat,0,2026-01-26,INFY,NSE
5000,20,260,1104.0,1104.0,0.0,1.811594202896903,-0.19441069258809235,-0.19412909503730133,60.0,0.0,0.0,flat,0,2026-01-26,INFY,NSE
10000,20,260,1105.4,1105.4,0.0,1.809299800977433,-0.18741976893453144,-0.1883139136394791,60.0,0.0,0.0,flat,0,2026-01-26,INFY,NSE
20000,20,260,1103.1999999999998,1103.1999999999998,0.0,1.8129079042788752,-0.18693982074263765,-0.18697658519911126,60.0,0.0,0.0,flat,0,2026-01-26,INFY,NSE
50000,20,260,1101.9,1101.9,0.0,1.815046737453902,-0.18950064020486557,-0.18834387284224918,60.0,0.0,0.0,flat,0,2026-01-26,INFY,NSE
0,20,260,1304.1,1304.1,0.0,1.5336247220308679,0.45274212368728123,0.452803738317757,60.0,0.0,0.0,flat,0,2026-01-26,RELIANCE,NSE
5000,20,260,1300.8000000000002,1300.8000000000002,0.0,1.5375153751541009,0.4340723453908985,0.43420028033016667,60.0,0.0,0.0,flat,0,2026-01-26,RELIANCE,NSE
10000,20,260,1302.6,1302.6,0.0,1.5353907569479923,0.4455569461827284,0.446207818242566,60.0,0.0,0.0,flat,0,2026-01-26,RELIANCE,NSE
20000,20,260,1302.8000000000002,1302.8000000000002,0.0,1.5351550506604656,0.44302176696542894,0.4440266621090412,60.0,0.0,0.0,flat,0,2026-01-26,RELIANCE,NSE
50000,20,260,1303.5,1303.5,0.0,1.5343306482533035,0.43788437884378845,0.43924466338259444,60.0,0.0,0.0,flat,0,2026-01-26,RELIANCE,NSE
0,20,260,2189.7,2189.7,0.0,1.8267342558345478,0.0,0.0012757136022962844,60.0,0.0,0.0,flat,0,2026-01-26,TCS,NSE
5000,20,260,2183.5,2183.5,0.0,1.831921227385556,-0.014002333722287048,-0.014950942220837876,60.0,0.0,0.0,flat,0,2026-01-26,TCS,NSE
10000,20,260,2185.6000000000004,2185.6000000000004,0.0,1.830161054173183,0.0,-0.0011608623548922056,60.0,0.0,0.0,flat,0,2026-01-26,TCS,NSE
20000,20,260,2187.3999999999996,2187.3999999999996,0.0,1.8286550242300952,0.0,-0.0006582195162086556,60.0,0.0,0.0,flat,0,2026-01-26,TCS,NSE
50000,20,260,2178.1000000000004,2178.1000000000004,0.0,1.8364629723157377,-0.014268727705112961,-0.01428344707189335,60.0,0.0,0.0,flat,0,2026-01-26,TCS,NSE
0,20,260,1333.1,1333.1,0.0,1.5002625459458816,0.027434842249657063,0.026744825059534714,40.0,0.0,0.0,flat,0,2026-01-27,AXISBANK,NSE
5000,20,260,1329.8000000000002,1329.8000000000002,0.0,1.503985561738949,0.016506189821182942,0.017076753580609623,40.0,0.0,0.0,flat,0,2026-01-27,AXISBANK,NSE
10000,20,260,1331.9,1331.9,0.0,1.501614235303292,0.024896265560165973,0.02584456341148237,40.0,0.0,0.0,flat,0,2026-01-27,AXISBANK,NSE
20000,20,260,1329.5,1329.5,0.0,1.5043249341844158,0.026917900403768506,0.028032345013477088,40.0,0.0,0.0,flat,0,2026-01-27,AXISBANK,NSE
50000,20,260,1331.6,1331.6,0.0,1.5019525383001313,0.016194331983805668,0.016213294901819494,40.0,0.0,0.0,flat,0,2026-01-27,AXISBANK,NSE
0,20,260,1239.1999999999998,1239.1999999999998,0.0,2.4209167204644495,-0.29045643153526973,-0.2904357459379616,40.0,0.0,0.0,flat,0,2026-01-27,HCLTECH,NSE
5000,20,260,1234.3000000000002,1234.3000000000002,0.0,2.4305274244507373,-0.2965986394557823,-0.2981659705828945,40.0,0.0,0.0,flat,0,2026-01-27,HCLTECH,NSE
10000,20,260,1236.9,1236.9,0.0,2.425418384670988,-0.2896551724137931,-0.29079189686924495,40.0,0.0,0.0,flat,0,2026-01-27,HCLTECH,NSE
20000,20,260,1235.3000000000002,1235.3000000000002,0.0,2.4285598640002792,-0.28419654714475434,-0.28634751773049644,40.0,0.0,0.0,flat,0,2026-01-27,HCLTECH,NSE
50000,20,260,1232.6999999999998,1232.6999999999998,0.0,2.4336821611093904,-0.29535864978902954,-0.29547587760465555,40.0,0.0,0.0,flat,0,2026-01-27,HCLTECH,NSE
0,20,260,825.55,825.55,0.0,1.2113136696750377,-0.5698478561549101,-0.5696085672082718,40.0,0.0,0.0,flat,0,2026-01-27,HDFCBANK,NSE
5000,20,260,822.5,822.5,0.0,1.2158054711235144,-0.5745554035567716,-0.5754200146092038,40.0,0.0,0.0,flat,0,2026-01-27,HDFCBANK,NSE
10000,20,260,823.3499999999999,823.3499999999999,0.0,1.2145503127469819,-0.5741496598639456,-0.5759171812568108,40.0,0.0,0.0,flat,0,2026-01-27,HDFCBANK,NSE
20000,20,260,823.1500000000001,823.1500000000001,0.0,1.2148454109217364,-0.5679676985195155,-0.5679123248293209,40.0,0.0,0.0,flat,0,2026-01-27,HDFCBANK,NSE
50000,20,260,825.1500000000001,825.1500000000001,0.0,1.211900866509395,-0.5738396624472574,-0.5738967136150235,40.0,0.0,0.0,flat,0,2026-01-27,HDFCBANK,NSE
0,20,260,1420.1999999999998,1420.1999999999998,0.0,1.4082523588230214,-0.36388508891928867,-0.36504747991234476,40.0,0.0,0.0,flat,0,2026-01-27,ICICIBANK,NSE
5000,20,260,1417.1999999999998,1417.1999999999998,0.0,1.4112334180076593,-0.3616734143049933,-0.36281751035849397,40.0,0.0,0.0,flat,0,2026-01-27,ICICIBANK,NSE
10000,20,260,1412.1999999999998,1412.1999999999998,0.0,1.4162299957516322,-0.38033635187580855,-0.37955448109134865,60.0,0.0,0.0,flat,0,2026-01-27,ICICIBANK,NSE
20000,20,260,1416.1,1416.1,0.0,1.4123296377377692,-0.3695345557122708,-0.3701751082658633,40.0,0.0,0.0,flat,0,2026-01-27,ICICIBANK,NSE
50000,20,260,1417.9,1417.9,0.0,1.4105367092181782,-0.37516869095816463,-0.37506755539542425,40.0,0.0,0.0,flat,0,2026-01-27,ICICIBANK,NSE
0,20,260,1110.0,1110.0,0.0,1.8018018018001631,-0.18083670715249664,-0.18122860745811564,40.0,0.0,0.0,flat,0,2026-01-27,INFY,NSE
5000,20,260,1105.3000000000002,1105.3000000000002,0.0,1.809463494074418,-0.1955085865257596,-0.1964380179862458,40.0,0.0,0.0,flat,0,2026-01-27,INFY,NSE
10000,20,260,1107.3000000000002,1107.3000000000002,0.0,1.8061952497069038,-0.18410041841004185,-0.1850679575498045,40.0,0.0,0.0,flat,0,2026-01-27,INFY,NSE
20000,20,260,1103.1,1103.1,0.0,1.8130722509296118,-0.1902097902097902,-0.18950709484690068,40.0,0.0,0.0,flat,0,2026-01-27,INFY,NSE
50000,20,260,1105.9,1105.9,0.0,1.8084817795464823,-0.19440745672436752,-0.19534305012442232,40.0,0.0,0.0,flat,0,2026-01-27,INFY,NSE
0,20,260,1322.8000000000002,1322.8000000000002,0.0,1.511944360447879,0.44566712517193946,0.4468514778777309,40.0,0.0,0.0,flat,0,2026-01-27,RELIANCE,NSE
5000,20,260,1318.4,1318.4,0.0,1.5169902912624809,0.4380952380952381,0.43907753767931723,40.0,0.0,0.0,flat,0,2026-01-27,RELIANCE,NSE
10000,20,260,1320.6999999999998,1320.6999999999998,0.0,1.5143484515790528,0.44413012729844414,0.444297583081571,40.0,0.0,0.0,flat,0,2026-01-27,RELIANCE,NSE
20000,20,260,1315.4,1315.4,0.0,1.5204500532160976,0.4386206896551724,0.4405967949898692,40.0,0.0,0.0,flat,0,2026-01-27,RELIANCE,NSE
50000,20,260,1320.0,1320.0,0.0,1.5151515151501371,0.44536652835408025,0.4469067405355494,40.0,0.0,0.0,flat,0,2026-01-27,RELIANCE,NSE
0,20,260,2198.1000000000004,2198.1000000000004,0.0,1.8197534234115411,0.0,-0.0007346189164370982,40.0,0.0,0.0,flat,0,2026-01-27,TCS,NSE
5000,20,260,2189.5,2189.5,0.0,1.8269011189752737,-0.005427408412483039,-0.00905961224859576,40.0,0.0,0.0,flat,0,2026-01-27,TCS,NSE
10000,20,260,2191.3,2191.3,0.0,1.8254004472235246,0.007398273736128237,0.009052007899934168,60.0,0.0,0.0,flat,0,2026-01-27,TCS,NSE
20000,20,260,2186.8,2186.8,0.0,1.8291567587346393,0.005256241787122208,0.005262234695667427,60.0,0.0,0.0,flat,0,2026-01-27,TCS,NSE
50000,20,260,2189.2,2189.2,0.0,1.8271514708573497,-0.013315579227696404,-0.013330963384287239,40.0,0.0,0.0,flat,0,2026-01-27,TCS,NSE
0,20,260,1317.9,1317.9,0.0,1.517565824417979,0.011806375442739079,0.011347517730496455,60.0,0.0,0.0,flat,0,2026-01-28,AXISBANK,NSE
5000,20,260,1320.3000000000002,1320.3000000000002,0.0,1.5148072407789552,0.022756005056890013,0.02430379746835443,60.0,0.0,0.0,flat,0,2026-01-28,AXISBANK,NSE
10000,20,260,1313.6999999999998,1313.6999999999998,0.0,1.5224175991477924,0.0201765447667087,0.01969033995287782,60.0,0.0,0.0,flat,0,2026-01-28,AXISBANK,NSE
20000,20,260,1300.0,1300.0,0.0,1.5384615384601394,0.004439511653718091,0.004147533698711302,60.0,0.0,0.0,flat,0,2026-01-28,AXISBANK,NSE
50000,20,260,1306.1999999999998,1306.1999999999998,0.0,1.5311590874295322,0.022813688212927757,0.02384979702300406,60.0,0.0,0.0,flat,0,2026-01-28,AXISBANK,NSE
0,20,260,1213.9,1213.9,0.0,3.2951643463206484,-0.2979242979242979,-0.29851719080984196,60.0,0.0,0.0,flat,0,2026-01-28,HCLTECH,NSE
5000,20,260,1219.9,1219.9,0.0,3.2789572915801584,-0.2874543239951279,-0.28775808811575354,60.0,0.0,0.0,flat,0,2026-01-28,HCLTECH,NSE
10000,20,260,1208.7,1208.7,0.0,3.3093406138834363,-0.2986857825567503,-0.3007494817413491,60.0,0.0,0.0,flat,0,2026-01-28,HCLTECH,NSE
20000,20,260,1211.0,1211.0,0.0,3.3030553261774642,-0.28819875776397513,-0.28929045092838196,60.0,0.0,0.0,flat,0,2026-01-28,HCLTECH,NSE
50000,20,260,1197.6,1197.6,0.0,3.3400133600523016,-0.2860548271752086,-0.2855552020362711,60.0,0.0,0.0,flat,0,2026-01-28,HCLTECH,NSE
0,20,260,816.95,816.95,0.0,1.2240651202646762,-0.5807200929152149,-0.5800651061850876,60.0,0.0,0.0,flat,0,2026-01-28,HDFCBANK,NSE
5000,20,260,819.5,819.5,0.0,1.220256253812191,-0.5663082437275986,-0.5660979110189762,60.0,0.0,0.0,flat,0,2026-01-28,HDFCBANK,NSE
10000,20,260,819.8499999999999,819.8499999999999,0.0,1.2197353174363939,-0.5760197775030902,-0.5760026406997855,60.0,0.0,0.0,flat,0,2026-01-28,HDFCBANK,NSE
20000,20,260,809.75,809.75,0.0,1.2349490583502198,-0.5793742757821553,-0.5804206619239097,60.0,0.0,0.0,flat,0,2026-01-28,HDFCBANK,NSE
50000,20,260,800.8499999999999,800.8499999999999,0.0,1.2486732846353594,-0.5745992601726264,-0.5754732510288065,60.0,0.0,0.0,flat,0,2026-01-28,HDFCBANK,NSE
0,20,260,1404.4,1404.4,0.0,1.424095699231312,-0.36061684460260973,-0.3609308215925281,60.0,0.0,0.0,flat,0,2026-01-28,ICICIBANK,NSE
5000,20,260,1406.6,1406.6,0.0,1.4218683349925032,-0.3649815043156597,-0.3651028806584362,60.0,0.0,0.0,flat,0,2026-01-28,ICICIBANK,NSE
10000,20,260,1398.4,1398.4,0.0,1.4302059496570756,-0.3711083437110834,-0.37196541403392086,60.0,0.0,0.0,flat,0,2026-01-28,ICICIBANK,NSE
20000,20,260,1390.6,1390.6,0.0,1.4382281029774595,-0.36014405762304924,-0.3609420057673822,60.0,0.0,0.0,flat,0,2026-01-28,ICICIBANK,NSE
50000,20,260,1375.4,1375.4,0.0,1.454122437109535,-0.3723797780517879,-0.3728813559322034,60.0,0.0,0.0,flat,0,2026-01-28,ICICIBANK,NSE
0,20,260,1099.1,1099.1,0.0,1.8196706396146438,-0.19649122807017544,-0.19765807962529275,60.0,0.0,0.0,flat,0,2026-01-28,INFY,NSE
5000,20,260,1102.4,1102.4,0.0,1.8142235123371322,-0.18950064020486557,-0.18834387284224918,60.0,0.0,0.0,flat,0,2026-01-28,INFY,NSE
10000,20,260,1097.1,1097.1,0.0,1.8229878771310317,-0.19488428745432398,-0.19346447732076086,60.0,0.0,0.0,flat,0,2026-01-28,INFY,NSE
20000,20,260,1094.8000000000002,1094.8000000000002,0.0,1.826817683595592,-0.1845764854614412,-0.18545393182585218,60.0,0.0,0.0,flat,0,2026-01-28,INFY,NSE
50000,20,260,1083.6,1083.6,0.0,1.8456995201185447,-0.18693982074263765,-0.18834387284224918,60.0,0.0,0.0,flat,0,2026-01-28,INFY,NSE
0,20,260,1294.3000000000002,1294.3000000000002,0.0,1.545236807541107,0.43508771929824563,0.4346604215456675,60.0,0.0,0.0,flat,0,2026-01-28,RELIANCE,NSE
5000,20,260,1298.6999999999998,1298.6999999999998,0.0,1.5400015400018905,0.4441591784338896,0.4438731790916881,60.0,0.0,0.0,flat,0,2026-01-28,RELIANCE,NSE
10000,20,260,1295.1,1295.1,0.0,1.5442822948038413,0.43478260869565216,0.43513725490196076,60.0,0.0,0.0,flat,0,2026-01-28,RELIANCE,NSE
20000,20,260,1285.9,1285.9,0.0,1.5553308966486155,0.44957472660996356,0.4490755757379176,60.0,0.0,0.0,flat,0,2026-01-28,RELIANCE,NSE
50000,20,260,1275.1999999999998,1275.1999999999998,0.0,1.5683814303642214,0.4550625711035267,0.4550561797752809,60.0,0.0,0.0,flat,0,2026-01-28,RELIANCE,NSE
0,20,260,2178.3,2178.3,0.0,2.2953679474819815,-0.014302741358760428,-0.014001591089896579,60.0,0.0,0.0,flat,0,2026-01-28,TCS,NSE
5000,20,260,2183.2,2183.2,0.0,2.290216196408941,0.0,0.0012696397397238533,60.0,0.0,0.0,flat,0,2026-01-28,TCS,NSE
10000,20,260,2184.9,2184.9,0.0,2.288434253283903,-0.007509386733416771,-0.004844637487470765,60.0,0.0,0.0,flat,0,2026-01-28,TCS,NSE
20000,20,260,2161.9,2161.9,0.0,2.312780424626486,0.0,0.0018996359031185689,60.0,0.0,0.0,flat,0,2026-01-28,TCS,NSE
50000,20,260,2141.0,2141.0,0.0,2.335357309668379,-0.007702182284980745,-0.006680369989722507,60.0,0.0,0.0,flat,0,2026-01-28,TCS,NSE
0,20,260,1322.1999999999998,1322.1999999999998,0.0,1.5126304643778967,0.029216467463479414,0.030136500620457366,40.0,0.0,0.0,flat,0,2026-01-29,AXISBANK,NSE
5000,20,260,1324.9,1324.9,0.0,1.5095478904071662,0.02929427430093209,0.030211480362537766,40.0,0.0,0.0,flat,0,2026-01-29,AXISBANK,NSE
10000,20,260,1332.1,1332.1,0.0,1.5013887846261202,0.019204389574759947,0.018311664530305805,40.0,0.0,0.0,flat,0,2026-01-29,AXISBANK,NSE
20000,20,260,1331.8000000000002,1331.8000000000002,0.0,1.5017269860342801,0.035398230088495575,0.03645569620253165,60.0,0.0,0.0,flat,0,2026-01-29,AXISBANK,NSE
50000,20,260,1325.0,1325.0,0.0,1.5094339622627782,0.019525801952580194,0.01973561720350028,40.0,0.0,0.0,flat,0,2026-01-29,AXISBANK,NSE
0,20,260,1223.0,1223.0,0.0,2.4529844644332126,-0.2805662805662806,-0.28139494932142245,60.0,0.0,0.0,flat,0,2026-01-29,HCLTECH,NSE
5000,20,260,1232.6999999999998,1232.6999999999998,0.0,2.4336821611093904,-0.28647925033467203,-0.2870420017873101,40.0,0.0,0.0,flat,0,2026-01-29,HCLTECH,NSE
10000,20,260,1231.1,1231.1,0.0,2.4368450978795755,-0.3040629095674967,-0.30365576351233164,60.0,0.0,0.0,flat,0,2026-01-29,HCLTECH,NSE
20000,20,260,1230.1999999999998,1230.1999999999998,0.0,2.4386278653873728,-0.2812903225806452,-0.2827621835715516,60.0,0.0,0.0,flat,0,2026-01-29,HCLTECH,NSE
50000,20,260,1224.3000000000002,1224.3000000000002,0.0,2.450379808870003,-0.2913719943422914,-0.2923512747875354,40.0,0.0,0.0,flat,0,2026-01-29,HCLTECH,NSE
0,20,260,819.2,819.2,0.0,1.2207031250002776,-0.5660881174899867,-0.5668210976478973,40.0,0.0,0.0,flat,0,2026-01-29,HDFCBANK,NSE
5000,20,260,820.75,820.75,0.0,1.2183978068828396,-0.5660881174899867,-0.5668210976478973,40.0,0.0,0.0,flat,0,2026-01-29,HDFCBANK,NSE
10000,20,260,826.55,826.55,0.0,1.2098481640556862,-0.5671641791044776,-0.5682971014492754,40.0,0.0,0.0,flat,0,2026-01-29,HDFCBANK,NSE
20000,20,260,824.1500000000001,824.1500000000001,0.0,1.213371352302648,-0.5710267229254571,-0.5713481036425084,40.0,0.0,0.0,flat,0,2026-01-29,HDFCBANK,NSE
50000,20,260,820.75,820.75,0.0,1.2183978068828396,-0.5746164574616457,-0.5738223794451685,40.0,0.0,0.0,flat,0,2026-01-29,HDFCBANK,NSE
0,20,260,1409.9,1409.9,0.0,1.4185403220089756,-0.3604806408544726,-0.36178934236321514,40.0,0.0,0.0,flat,0,2026-01-29,ICICIBANK,NSE
5000,20,260,1415.6999999999998,1415.6999999999998,0.0,1.4127286854562795,-0.35367372353673726,-0.35455452127659576,60.0,0.0,0.0,flat,0,2026-01-29,ICICIBANK,NSE
10000,20,260,1418.6,1418.6,0.0,1.4098406880025764,-0.36995827538247567,-0.37126415444588823,40.0,0.0,0.0,flat,0,2026-01-29,ICICIBANK,NSE
20000,20,260,1412.4,1412.4,0.0,1.416029453412953,-0.37583892617449666,-0.3758064516129032,40.0,0.0,0.0,flat,0,2026-01-29,ICICIBANK,NSE
50000,20,260,1408.6,1408.6,0.0,1.4198494959537518,-0.3702664796633941,-0.3710915558884104,40.0,0.0,0.0,flat,0,2026-01-29,ICICIBANK,NSE
0,20,260,1105.0,1105.0,0.0,1.8099547511295755,-0.17314930991217065,-0.17250041869033664,60.0,0.0,0.0,flat,0,2026-01-29,INFY,NSE
5000,20,260,1112.3000000000002,1112.3000000000002,0.0,1.798076058617688,-0.16932515337423312,-0.16917785784474287,60.0,0.0,0.0,flat,0,2026-01-29,INFY,NSE
10000,20,260,1111.1999999999998,1111.1999999999998,0.0,1.799856011519488,-0.19034482758620688,-0.19112502301601914,40.0,0.0,0.0,flat,0,2026-01-29,INFY,NSE
20000,20,260,1108.6999999999998,1108.6999999999998,0.0,1.8039144944533732,-0.18915159944367177,-0.18993687337541776,40.0,0.0,0.0,flat,0,2026-01-29,INFY,NSE
50000,20,260,1105.0,1105.0,0.0,1.8099547511295755,-0.18915159944367177,-0.18993687337541776,40.0,0.0,0.0,flat,0,2026-01-29,INFY,NSE
0,20,260,1302.6,1302.6,0.0,1.5353907569479923,0.4511082138200782,0.45196658545074836,60.0,0.0,0.0,flat,0,2026-01-29,RELIANCE,NSE
5000,20,260,1312.4,1312.4,0.0,1.5239256324294839,0.4579780755176614,0.45911233945699886,60.0,0.0,0.0,flat,0,2026-01-29,RELIANCE,NSE
10000,20,260,1314.1999999999998,1314.1999999999998,0.0,1.5218383807643092,0.438957475994513,0.44021241530855154,40.0,0.0,0.0,flat,0,2026-01-29,RELIANCE,NSE
20000,20,260,1307.5,1307.5,0.0,1.5296367112796794,0.4375838926174497,0.4382727109836947,40.0,0.0,0.0,flat,0,2026-01-29,RELIANCE,NSE
50000,20,260,1302.9,1302.9,0.0,1.5350372246530468,0.4444444444444444,0.44490332269570115,40.0,0.0,0.0,flat,0,2026-01-29,RELIANCE,NSE
0,20,260,2189.3999999999996,2189.3999999999996,0.0,1.8269845619808671,0.007662835249042145,0.0068201193520886615,60.0,0.0,0.0,flat,0,2026-01-29,TCS,NSE
5000,20,260,2192.6000000000004,2192.6000000000004,0.0,1.824318161087708,0.0,0.0,40.0,0.0,0.0,flat,0,2026-01-29,TCS,NSE
10000,20,260,2209.3999999999996,2209.3999999999996,0.0,1.810446275007201,-0.005610098176718092,-0.0046816479400749065,40.0,0.0,0.0,flat,0,2026-01-29,TCS,NSE
20000,20,260,2198.5,2198.5,0.0,1.819422333407488,-0.005689900426742532,-0.006266616027345234,40.0,0.0,0.0,flat,0,2026-01-29,TCS,NSE
50000,20,260,2188.1000000000004,2188.1000000000004,0.0,1.828070015081993,-0.005706134094151213,-0.005713197486193106,40.0,0.0,0.0,flat,0,2026-01-29,TCS,NSE
0,20,260,1321.8000000000002,1321.8000000000002,0.0,1.5130882130431642,0.023591087811271297,0.02378870036732552,60.0,0.0,0.0,flat,0,2026-01-30,AXISBANK,NSE
5000,20,260,1324.3000000000002,1324.3000000000002,0.0,1.5102318205848029,0.02059202059202059,0.019409137753349365,60.0,0.0,0.0,flat,0,2026-01-30,AXISBANK,NSE
10000,20,260,1325.6,1325.6,0.0,1.5087507543757204,0.042458100558659215,0.042953020134228186,60.0,0.0,0.0,flat,0,2026-01-30,AXISBANK,NSE
20000,20,260,1329.8000000000002,1329.8000000000002,0.0,1.503985561738949,0.01756587202007528,0.01624790619765494,60.0,0.0,0.0,flat,0,2026-01-30,AXISBANK,NSE
50000,20,260,1339.5,1339.5,0.0,1.4930944382218596,0.020860495436766623,0.019836436401600835,60.0,0.0,0.0,flat,0,2026-01-30,AXISBANK,NSE
0,20,260,1221.3000000000002,1221.3000000000002,0.0,2.456398919184103,-0.2913907284768212,-0.29225601131541723,40.0,0.0,0.0,flat,0,2026-01-30,HCLTECH,NSE
5000,20,260,1217.3000000000002,1217.3000000000002,0.0,2.4644705495765584,-0.3075089392133492,-0.3062360801781737,60.0,0.0,0.0,flat,0,2026-01-30,HCLTECH,NSE
10000,20,260,1223.8000000000002,1223.8000000000002,0.0,2.4513809445984185,-0.3025830258302583,-0.30295566502463056,60.0,0.0,0.0,flat,0,2026-01-30,HCLTECH,NSE
20000,20,260,1231.9,1231.9,0.0,2.4352626024835984,-0.29590488771466317,-0.2948333627226239,40.0,0.0,0.0,flat,0,2026-01-30,HCLTECH,NSE
50000,20,260,1238.6999999999998,1238.6999999999998,0.0,2.4218939210458914,-0.2947903430749682,-0.2977785314566729,60.0,0.0,0.0,flat,0,2026-01-30,HCLTECH,NSE
0,20,260,818.8,818.8,0.0,1.2212994626285143,-0.570673712021136,-0.5716804796332217,40.0,0.0,0.0,flat,0,2026-01-30,HDFCBANK,NSE
5000,20,260,816.45,816.45,0.0,1.2248147467698296,-0.5770653514180024,-0.5781764318630678,60.0,0.0,0.0,flat,0,2026-01-30,HDFCBANK,NSE
10000,20,260,822.5999999999999,822.5999999999999,0.0,1.2156576708001794,-0.570673712021136,-0.5714033850493653,40.0,0.0,0.0,flat,0,2026-01-30,HDFCBANK,NSE
20000,20,260,831.8,831.8,0.0,1.2022120702094583,-0.5653798256537983,-0.5671765879614233,60.0,0.0,0.0,flat,0,2026-01-30,HDFCBANK,NSE
50000,20,260,827.95,827.95,0.0,1.2078024035270576,-0.5732814526588845,-0.5746191135734072,60.0,0.0,0.0,flat,0,2026-01-30,HDFCBANK,NSE
0,20,260,1404.8000000000002,1404.8000000000002,0.0,1.423690205011713,-0.3679369250985545,-0.36835642869671986,60.0,0.0,0.0,flat,0,2026-01-30,ICICIBANK,NSE
5000,20,260,1406.6999999999998,1406.6999999999998,0.0,1.4217672567004016,-0.3503981797497156,-0.3519052679520267,60.0,0.0,0.0,flat,0,2026-01-30,ICICIBANK,NSE
10000,20,260,1406.9,1406.9,0.0,1.4215651432230114,-0.37420986093552466,-0.374219672684326,60.0,0.0,0.0,flat,0,2026-01-30,ICICIBANK,NSE
20000,20,260,1418.8000000000002,1418.8000000000002,0.0,1.4096419509447804,-0.3541912632821724,-0.3561859732072498,60.0,0.0,0.0,flat,0,2026-01-30,ICICIBANK,NSE
50000,20,260,1422.9,1422.9,0.0,1.4055801532085563,-0.37065637065637064,-0.3716494845360825,60.0,0.0,0.0,flat,0,2026-01-30,ICICIBANK,NSE
0,20,260,1102.6999999999998,1102.6999999999998,0.0,1.813729935613,-0.18908122503328895,-0.18773333333333334,40.0,0.0,0.0,flat,0,2026-01-30,INFY,NSE
5000,20,260,1099.5,1099.5,0.0,1.819008640289387,-0.1978021978021978,-0.19722901385493072,60.0,0.0,0.0,flat,0,2026-01-30,INFY,NSE
10000,20,260,1103.1999999999998,1103.1999999999998,0.0,1.8129079042788752,-0.19536019536019536,-0.19651295421215578,60.0,0.0,0.0,flat,0,2026-01-30,INFY,NSE
20000,20,260,1106.6,1106.6,0.0,1.8073377914336302,-0.19146183699870634,-0.19064064928337074,60.0,0.0,0.0,flat,0,2026-01-30,INFY,NSE
50000,20,260,1113.6999999999998,1113.6999999999998,0.0,1.79581574930453,-0.17668711656441718,-0.1778287211396758,60.0,0.0,0.0,flat,0,2026-01-30,INFY,NSE
0,20,260,1300.4,1300.4,0.0,1.5379883112891837,0.44152431011826543,0.44202771443606387,60.0,0.0,0.0,flat,0,2026-01-30,RELIANCE,NSE
5000,20,260,1303.6,1303.6,0.0,1.5342129487576364,0.45507584597432904,0.45617312782189007,60.0,0.0,0.0,flat,0,2026-01-30,RELIANCE,NSE
10000,20,260,1307.4,1307.4,0.0,1.5297537096530935,0.4540023894862604,0.45374800637958534,60.0,0.0,0.0,flat,0,2026-01-30,RELIANCE,NSE
20000,20,260,1309.6,1309.6,0.0,1.527183872938649,0.4409857328145266,0.44096260387811637,60.0,0.0,0.0,flat,0,2026-01-30,RELIANCE,NSE
50000,20,260,1320.1999999999998,1320.1999999999998,0.0,1.5149219815182964,0.44152431011826543,0.44237853008244166,60.0,0.0,0.0,flat,0,2026-01-30,RELIANCE,NSE
0,20,260,2180.6000000000004,2180.6000000000004,0.0,1.8343575162803398,0.0,-0.002268760907504363,60.0,0.0,0.0,flat,0,2026-01-30,TCS,NSE
5000,20,260,2186.3999999999996,2186.3999999999996,0.0,1.8294914013908297,0.013559322033898305,0.01417584074800181,60.0,0.0,0.0,flat,0,2026-01-30,TCS,NSE
10000,20,260,2182.7,2182.7,0.0,1.8325926604668117,-0.021505376344086023,-0.01992984693877551,60.0,0.0,0.0,flat,0,2026-01-30,TCS,NSE
20000,20,260,2193.0,2193.0,0.0,1.8239854081150761,-0.007722007722007722,-0.00790242226421577,60.0,0.0,0.0,flat,0,2026-01-30,TCS,NSE
50000,20,260,2205.2,2205.2,0.0,1.8138944313445082,-0.01277139208173691,-0.011931140276120675,60.0,0.0,0.0,flat,0,2026-01-30,TCS,NSE
0,20,260,1328.0,1328.0,0.0,1.5060240963841725,0.012422360248447204,0.013764510779436153,60.0,0.0,0.0,flat,0,2026-02-02,AXISBANK,NSE
5000,20,260,1326.3000000000002,1326.3000000000002,0.0,1.5079544597756573,0.03393939393939394,0.03365151270021032,60.0,0.0,0.0,flat,0,2026-02-02,AXISBANK,NSE
10000,20,260,1322.0,1322.0,0.0,1.5128593040833442,0.015286624203821656,0.017003910899506886,60.0,0.0,0.0,flat,0,2026-02-02,AXISBANK,NSE
20000,20,260,1317.6,1317.6,0.0,1.5179113539772728,0.0,0.0005963918294319368,60.0,0.0,0.0,flat,0,2026-02-02,AXISBANK,NSE
50000,20,260,1319.6999999999998,1319.6999999999998,0.0,1.515495946048689,0.020434227330779056,0.018240709171496762,60.0,0.0,0.0,flat,0,2026-02-02,AXISBANK,NSE
0,20,260,1226.8000000000002,1226.8000000000002,0.0,2.4453863710462542,-0.27633069082672707,-0.2756536194650144,60.0,0.0,0.0,flat,0,2026-02-02,HCLTECH,NSE
5000,20,260,1219.5,1219.5,0.0,2.460024600247494,-0.3080513418903151,-0.3079557839016036,60.0,0.0,0.0,flat,0,2026-02-02,HCLTECH,NSE
10000,20,260,1218.9,1218.9,0.0,2.461235540240828,-0.3058542413381123,-0.30564413265306123,60.0,0.0,0.0,flat,0,2026-02-02,HCLTECH,NSE
20000,20,260,1230.3000000000002,1230.3000000000002,0.0,2.43842965130419,-0.2829028290282903,-0.284353964866196,60.0,0.0,0.0,flat,0,2026-02-02,HCLTECH,NSE
50000,20,260,1231.1,1231.1,0.0,2.4368450978795755,-0.2954248366013072,-0.2952364334322108,60.0,0.0,0.0,flat,0,2026-02-02,HCLTECH,NSE
0,20,260,825.05,825.05,0.0,1.2120477546818103,-0.556407447973713,-0.5559941520467836,60.0,0.0,0.0,flat,0,2026-02-02,HDFCBANK,NSE
5000,20,260,820.25,820.25,0.0,1.2191405059422011,-0.5822784810126582,-0.5839348794348026,60.0,0.0,0.0,flat,0,2026-02-02,HDFCBANK,NSE
10000,20,260,821.05,821.05,0.0,1.217952621643295,-0.5754838709677419,-0.5747502583534275,60.0,0.0,0.0,flat,0,2026-02-02,HDFCBANK,NSE
20000,20,260,822.9000000000001,822.9000000000001,0.0,1.2152144853569415,-0.5790108564535585,-0.5801932367149758,60.0,0.0,0.0,flat,0,2026-02-02,HDFCBANK,NSE
50000,20,260,821.2,821.2,0.0,1.2177301509988154,-0.575796178343949,-0.575412344839313,60.0,0.0,0.0,flat,0,2026-02-02,HDFCBANK,NSE
0,20,260,1411.1,1411.1,0.0,1.4173339947561867,-0.34906695938529086,-0.348615790244617,60.0,0.0,0.0,flat,0,2026-02-02,ICICIBANK,NSE
5000,20,260,1402.3000000000002,1402.3000000000002,0.0,1.426228339157423,-0.3845278725824801,-0.3852110537503796,60.0,0.0,0.0,flat,0,2026-02-02,ICICIBANK,NSE
10000,20,260,1404.1,1404.1,0.0,1.4243999715123243,-0.3577430972388956,-0.35859637878545103,60.0,0.0,0.0,flat,0,2026-02-02,ICICIBANK,NSE
20000,20,260,1410.3000000000002,1410.3000000000002,0.0,1.4181379848262459,-0.3620474406991261,-0.36227295450758207,60.0,0.0,0.0,flat,0,2026-02-02,ICICIBANK,NSE
50000,20,260,1408.4,1408.4,0.0,1.420051121840709,-0.35842293906810035,-0.3580542264752791,60.0,0.0,0.0,flat,0,2026-02-02,ICICIBANK,NSE
0,20,260,1107.4,1107.4,0.0,1.8060321473726337,-0.16610549943883277,-0.16731575793888556,60.0,0.0,0.0,flat,0,2026-02-02,INFY,NSE
5000,20,260,1101.5,1101.5,0.0,1.8157058556497332,-0.20389461626575028,-0.20467746866401712,60.0,0.0,0.0,flat,0,2026-02-02,INFY,NSE
10000,20,260,1100.0,1100.0,0.0,1.8181818181801646,-0.20023557126030625,-0.20110062893081762,60.0,0.0,0.0,flat,0,2026-02-02,INFY,NSE
20000,20,260,1109.9,1109.9,0.0,1.8019641409140053,-0.18543046357615894,-0.18652758132956151,40.0,0.0,0.0,flat,0,2026-02-02,INFY,NSE
50000,20,260,1109.1999999999998,1109.1999999999998,0.0,1.8031013342953977,-0.19206145966709348,-0.19107844812852504,60.0,0.0,0.0,flat,0,2026-02-02,INFY,NSE
0,20,260,1303.5,1303.5,0.0,1.5343306482533035,0.46051167964404893,0.4610360694671219,60.0,0.0,0.0,flat,0,2026-02-02,RELIANCE,NSE
5000,20,260,1296.3000000000002,1296.3000000000002,0.0,1.5428527347068228,0.4304093567251462,0.43109099422506636,60.0,0.0,0.0,flat,0,2026-02-02,RELIANCE,NSE
10000,20,260,1295.1,1295.1,0.0,1.5442822948038413,0.4331360946745562,0.43247512241352076,60.0,0.0,0.0,flat,0,2026-02-02,RELIANCE,NSE
20000,20,260,1304.5,1304.5,0.0,1.5331544653109859,0.449438202247191,0.449925012497917,60.0,0.0,0.0,flat,0,2026-02-02,RELIANCE,NSE
50000,20,260,1308.5,1308.5,0.0,1.5284677111182126,0.44015444015444016,0.44057025077293027,60.0,0.0,0.0,flat,0,2026-02-02,RELIANCE,NSE
0,20,260,2196.2,2196.2,0.0,1.8213277479286538,0.013528748590755355,0.01429431236834186,60.0,0.0,0.0,flat,0,2026-02-02,TCS,NSE
5000,20,260,2183.5,2183.5,0.0,1.831921227385556,-0.02724177071509648,-0.02605665808210877,60.0,0.0,0.0,flat,0,2026-02-02,TCS,NSE
10000,20,260,2186.2,2186.2,0.0,1.8296587686400647,0.007220216606498195,0.006264053967234179,60.0,0.0,0.0,flat,0,2026-02-02,TCS,NSE
20000,20,260,2198.3999999999996,2198.3999999999996,0.0,1.819505094614679,-0.005270092226613966,-0.0063324538258575196,60.0,0.0,0.0,flat,0,2026-02-02,TCS,NSE
50000,20,260,2185.3,2185.3,0.0,1.8304123003710744,-0.012836970474967908,-0.010795065113091157,60.0,0.0,0.0,flat,0,2026-02-02,TCS,NSE
0,20,260,1322.0,1322.0,0.0,1.5128593040833442,0.0163265306122449,0.01670601053205012,40.0,0.0,0.0,flat,0,2026-02-03,AXISBANK,NSE
5000,20,260,1320.3000000000002,1320.3000000000002,0.0,1.5148072407789552,0.016194331983805668,0.016213294901819494,40.0,0.0,0.0,flat,0,2026-02-03,AXISBANK,NSE
10000,20,260,1316.0,1316.0,0.0,1.5197568389043927,0.01045751633986928,0.010469377072064212,60.0,0.0,0.0,flat,0,2026-02-03,AXISBANK,NSE
20000,20,260,1312.1999999999998,1312.1999999999998,0.0,1.5241579027590726,0.02913907284768212,0.029697719639384834,40.0,0.0,0.0,flat,0,2026-02-03,AXISBANK,NSE
50000,20,260,1309.1999999999998,1309.1999999999998,0.0,1.5276504735719942,0.019363762102351315,0.019198818534244048,40.0,0.0,0.0,flat,0,2026-02-03,AXISBANK,NSE
0,20,260,1220.0,1220.0,0.0,2.459016393444114,-0.2909090909090909,-0.2914488424197162,40.0,0.0,0.0,flat,0,2026-02-03,HCLTECH,NSE
5000,20,260,1218.9,1218.9,0.0,2.461235540240828,-0.29045643153526973,-0.29067405355493997,40.0,0.0,0.0,flat,0,2026-02-03,HCLTECH,NSE
10000,20,260,1215.6,1215.6,0.0,2.467917077985806,-0.2958748221906117,-0.2942851718245681,40.0,0.0,0.0,flat,0,2026-02-03,HCLTECH,NSE
20000,20,260,1211.1999999999998,1211.1999999999998,0.0,2.4768824306469166,-0.3076923076923077,-0.3076923076923077,60.0,0.0,0.0,flat,0,2026-02-03,HCLTECH,NSE
50000,20,260,1206.8000000000002,1206.8000000000002,0.0,2.4859131587666097,-0.2748466257668712,-0.2756021628707193,60.0,0.0,0.0,flat,0,2026-02-03,HCLTECH,NSE
0,20,260,819.4000000000001,819.4000000000001,0.0,1.2204051745182172,-0.5694635488308115,-0.5694087403598972,40.0,0.0,0.0,flat,0,2026-02-03,HDFCBANK,NSE
5000,20,260,818.75,818.75,0.0,1.2213740458004159,-0.5682758620689655,-0.569692505984165,40.0,0.0,0.0,flat,0,2026-02-03,HDFCBANK,NSE
10000,20,260,815.3,815.3,0.0,1.2265423770394057,-0.5722300140252454,-0.5736753416963115,40.0,0.0,0.0,flat,0,2026-02-03,HDFCBANK,NSE
20000,20,260,812.9000000000001,812.9000000000001,0.0,1.2301636117606436,-0.5821831869510665,-0.5827470686767169,60.0,0.0,0.0,flat,0,2026-02-03,HDFCBANK,NSE
50000,20,260,812.05,812.05,0.0,1.2314512653164553,-0.5578562728380024,-0.5589335067468705,60.0,0.0,0.0,flat,0,2026-02-03,HDFCBANK,NSE
0,20,260,1408.6999999999998,1408.6999999999998,0.0,1.4197487044796302,-0.3633916554508748,-0.36370170709793354,40.0,0.0,0.0,flat,0,2026-02-03,ICICIBANK,NSE
5000,20,260,1407.5,1407.5,0.0,1.420959147423219,-0.3641379310344828,-0.3651933701657459,40.0,0.0,0.0,flat,0,2026-02-03,ICICIBANK,NSE
10000,20,260,1401.5,1401.5,0.0,1.427042454511724,-0.3741403026134801,-0.3731864095500459,40.0,0.0,0.0,flat,0,2026-02-03,ICICIBANK,NSE
20000,20,260,1396.4,1396.4,0.0,1.432254368376149,-0.36315086782376504,-0.36310160427807486,40.0,0.0,0.0,flat,0,2026-02-03,ICICIBANK,NSE
50000,20,260,1397.1,1397.1,0.0,1.4315367547065025,-0.35138387484957884,-0.3506264053967234,60.0,0.0,0.0,flat,0,2026-02-03,ICICIBANK,NSE
0,20,260,1102.1,1102.1,0.0,1.81471735777194,-0.18331053351573187,-0.18279766252739227,40.0,0.0,0.0,flat,0,2026-02-03,INFY,NSE
5000,20,260,1097.3000000000002,1097.3000000000002,0.0,1.8226556092230517,-0.18381344307270234,-0.18348287859366416,40.0,0.0,0.0,flat,0,2026-02-03,INFY,NSE
10000,20,260,1096.1,1096.1,0.0,1.8246510354898777,-0.17938420348058903,-0.17980339588918678,40.0,0.0,0.0,flat,0,2026-02-03,INFY,NSE
20000,20,260,1088.8000000000002,1088.8000000000002,0.0,1.8368846436447965,-0.18862690707350901,-0.18996482132938344,40.0,0.0,0.0,flat,0,2026-02-03,INFY,NSE
50000,20,260,1088.5,1088.5,0.0,1.8373909049133494,-0.1689106487148103,-0.16887146823452556,60.0,0.0,0.0,flat,0,2026-02-03,INFY,NSE
0,20,260,1300.1999999999998,1300.1999999999998,0.0,1.5382248884790455,0.4369063772048847,0.4387902933719667,40.0,0.0,0.0,flat,0,2026-02-03,RELIANCE,NSE
5000,20,260,1301.9,1301.9,0.0,1.5362162992552844,0.44747612551159616,0.44790528233151183,40.0,0.0,0.0,flat,0,2026-02-03,RELIANCE,NSE
10000,20,260,1296.8000000000002,1296.8000000000002,0.0,1.5422578655154646,0.44105409153952846,0.44139974078874283,40.0,0.0,0.0,flat,0,2026-02-03,RELIANCE,NSE
20000,20,260,1291.9,1291.9,0.0,1.5481074386565947,0.42874845105328374,0.4298709890836917,60.0,0.0,0.0,flat,0,2026-02-03,RELIANCE,NSE
50000,20,260,1288.4,1288.4,0.0,1.552312946290325,0.45869297163995065,0.45803159973666885,60.0,0.0,0.0,flat,0,2026-02-03,RELIANCE,NSE
0,20,260,2184.3999999999996,2184.3999999999996,0.0,1.831166453030997,0.0053404539385847796,0.00427578834847675,40.0,0.0,0.0,flat,0,2026-02-03,TCS,NSE
5000,20,260,2176.8,2176.8,0.0,1.83755972069134,-0.013280212483399735,-0.013472788512675058,40.0,0.0,0.0,flat,0,2026-02-03,TCS,NSE
10000,20,260,2173.1000000000004,2173.1000000000004,0.0,1.8406884174685512,-0.005610098176718092,-0.0046816479400749065,40.0,0.0,0.0,flat,0,2026-02-03,TCS,NSE
20000,20,260,2160.3,2160.3,0.0,1.8515946859236723,0.0,0.0003602954422626554,40.0,0.0,0.0,flat,0,2026-02-03,TCS,NSE
50000,20,260,2152.3,2152.3,0.0,1.858476978116856,-0.013386880856760375,-0.012511170688114389,40.0,0.0,0.0,flat,0,2026-02-03,TCS,NSE
0,20,260,1313.1999999999998,1313.1999999999998,0.0,1.522997258605281,0.0,0.0008939974457215837,80.0,0.0,0.0,flat,0,2026-02-04,AXISBANK,NSE
5000,20,260,1306.5,1306.5,0.0,1.5308075009553623,0.0,0.0003815822945815314,80.0,0.0,0.0,flat,0,2026-02-04,AXISBANK,NSE
10000,20,260,1322.1,1322.1,0.0,1.5127448755770778,0.02938090241343127,0.030808010082621483,60.0,0.0,0.0,flat,0,2026-02-04,AXISBANK,NSE
20000,20,260,1329.3000000000002,1329.3000000000002,0.0,1.504551267584785,0.007992007992007992,0.007465671243834155,80.0,0.0,0.0,flat,0,2026-02-04,AXISBANK,NSE
50000,20,260,1316.6999999999998,1316.6999999999998,0.0,1.5189488873702857,-0.0037002775208140612,-0.003456363411924454,80.0,0.0,0.0,flat,0,2026-02-04,AXISBANK,NSE
0,20,260,1214.6999999999998,1214.6999999999998,0.0,2.4697456162011573,-0.3130434782608696,-0.3120567375886525,80.0,0.0,0.0,flat,0,2026-02-04,HCLTECH,NSE
5000,20,260,1213.0,1213.0,0.0,2.4732069249808895,-0.28601472134595163,-0.28613527925905136,60.0,0.0,0.0,flat,0,2026-02-04,HCLTECH,NSE
10000,20,260,1227.4,1227.4,0.0,2.4441909727876365,-0.2992299229922992,-0.2978567234292425,60.0,0.0,0.0,flat,0,2026-02-04,HCLTECH,NSE
20000,20,260,1222.4,1222.4,0.0,2.4541884816750206,-0.3170506912442396,-0.31681220022137496,80.0,0.0,0.0,flat,0,2026-02-04,HCLTECH,NSE
50000,20,260,1245.3000000000002,1245.3000000000002,0.0,2.4090580582988395,-0.28276573787409703,-0.28398292246247075,60.0,0.0,0.0,flat,0,2026-02-04,HCLTECH,NSE
0,20,260,809.05,809.05,0.0,1.2360175514495118,-0.5873465533522191,-0.5873235887096774,80.0,0.0,0.0,flat,0,2026-02-04,HDFCBANK,NSE
5000,20,260,816.95,816.95,0.0,1.2240651202646762,-0.5695509309967142,-0.5695073819617015,60.0,0.0,0.0,flat,0,2026-02-04,HDFCBANK,NSE
10000,20,260,823.45,823.45,0.0,1.2144028174148125,-0.5588516746411484,-0.5585493551270592,80.0,0.0,0.0,flat,0,2026-02-04,HDFCBANK,NSE
20000,20,260,823.3,823.3,0.0,1.2146240738494198,-0.5639958376690947,-0.564921538675184,60.0,0.0,0.0,flat,0,2026-02-04,HDFCBANK,NSE
50000,20,260,815.3499999999999,815.3499999999999,0.0,1.2264671613420342,-0.58758109360519,-0.5887954489240663,80.0,0.0,0.0,flat,0,2026-02-04,HDFCBANK,NSE
0,20,260,1396.1,1396.1,0.0,1.4325621373830348,-0.38703527168732127,-0.3872280880295128,80.0,0.0,0.0,flat,0,2026-02-04,ICICIBANK,NSE
5000,20,260,1394.1999999999998,1394.1999999999998,0.0,1.434514416870216,-0.3566362715298885,-0.35762574364521366,80.0,0.0,0.0,flat,0,2026-02-04,ICICIBANK,NSE
10000,20,260,1406.1,1406.1,0.0,1.422373942109704,-0.3619047619047619,-0.361711139347734,60.0,0.0,0.0,flat,0,2026-02-04,ICICIBANK,NSE
20000,20,260,1412.6,1412.6,0.0,1.4158289678610045,-0.38272816486751715,-0.38383970665269773,80.0,0.0,0.0,flat,0,2026-02-04,ICICIBANK,NSE
50000,20,260,1409.4,1409.4,0.0,1.419043564637757,-0.3915050784856879,-0.3907097092163627,80.0,0.0,0.0,flat,0,2026-02-04,ICICIBANK,NSE
0,20,260,1100.1999999999998,1100.1999999999998,0.0,1.8178512997640928,-0.20020222446916078,-0.20024288220213196,80.0,0.0,0.0,flat,0,2026-02-04,INFY,NSE
5000,20,260,1099.1999999999998,1099.1999999999998,0.0,1.819505094614679,-0.17801047120418848,-0.17772809836523684,60.0,0.0,0.0,flat,0,2026-02-04,INFY,NSE
10000,20,260,1103.6999999999998,1103.6999999999998,0.0,1.8120866177407402,-0.19141914191419143,-0.19116135662898254,60.0,0.0,0.0,flat,0,2026-02-04,INFY,NSE
20000,20,260,1117.6,1117.6,0.0,1.7895490336439288,-0.15956482320942883,-0.15991290673763156,80.0,0.0,0.0,flat,0,2026-02-04,INFY,NSE
50000,20,260,1113.5,1113.5,0.0,1.7961383026476703,-0.18383167220376523,-0.1844789356984479,60.0,0.0,0.0,flat,0,2026-02-04,INFY,NSE
0,20,260,1292.1,1292.1,0.0,1.5478678120891998,0.4262607040913416,0.4266666666666667,80.0,0.0,0.0,flat,0,2026-02-04,RELIANCE,NSE
5000,20,260,1293.6999999999998,1293.6999999999998,0.0,1.5459534668010009,0.4600577478344562,0.45948375497624244,80.0,0.0,0.0,flat,0,2026-02-04,RELIANCE,NSE
10000,20,260,1304.8000000000002,1304.8000000000002,0.0,1.5328019619868596,0.4504692387904067,0.45157250208739214,60.0,0.0,0.0,flat,0,2026-02-04,RELIANCE,NSE
20000,20,260,1310.1999999999998,1310.1999999999998,0.0,1.5264845061826096,0.42843419788664744,0.42763748237405463,80.0,0.0,0.0,flat,0,2026-02-04,RELIANCE,NSE
50000,20,260,1306.8000000000002,1306.8000000000002,0.0,1.530456075910969,0.44368600682593856,0.4434320425208808,60.0,0.0,0.0,flat,0,2026-02-04,RELIANCE,NSE
0,20,260,2172.6000000000004,2172.6000000000004,0.0,1.8411120316675453,-0.023506366307541625,-0.023264932688537444,80.0,0.0,0.0,flat,0,2026-02-04,TCS,NSE
5000,20,260,2170.6000000000004,2170.6000000000004,0.0,1.842808440063074,0.008171603677221655,0.006952017448200654,80.0,0.0,0.0,flat,0,2026-02-04,TCS,NSE
10000,20,260,2185.2,2185.2,0.0,1.830496064433878,-0.006644518272425249,-0.00487732781554833,60.0,0.0,0.0,flat,0,2026-02-04,TCS,NSE
20000,20,260,2192.5,2192.5,0.0,1.824401368299367,-0.01582591493570722,-0.019268839910254718,80.0,0.0,0.0,flat,0,2026-02-04,TCS,NSE
50000,20,260,2194.1000000000004,2194.1000000000004,0.0,1.8230709630376505,0.006269592476489028,0.005437813720022309,60.0,0.0,0.0,flat,0,2026-02-04,TCS,NSE
0,20,260,1316.0,1316.0,0.0,1.5197568389043927,0.014302741358760428,0.013522112631244034,60.0,0.0,0.0,flat,0,2026-02-05,AXISBANK,NSE
5000,20,260,1315.1999999999998,1315.1999999999998,0.0,1.5206812652071586,0.0,0.0010254907705830648,60.0,0.0,0.0,flat,0,2026-02-05,AXISBANK,NSE
10000,20,260,1314.6,1314.6,0.0,1.5213753232926024,0.014234875444839857,0.012984956452889945,60.0,0.0,0.0,flat,0,2026-02-05,AXISBANK,NSE
20000,20,260,1315.8000000000002,1315.8000000000002,0.0,1.5199878400976248,0.006644518272425249,0.005764114691102572,60.0,0.0,0.0,flat,0,2026-02-05,AXISBANK,NSE
50000,20,260,1310.6999999999998,1310.6999999999998,0.0,1.5259021896699894,0.02053915275994865,0.020901147849922905,60.0,0.0,0.0,flat,0,2026-02-05,AXISBANK,NSE
0,20,260,1222.0,1222.0,0.0,3.2733224222593367,-0.29582806573957016,-0.29649004387445155,60.0,0.0,0.0,flat,0,2026-02-05,HCLTECH,NSE
5000,20,260,1219.1,1219.1,0.0,3.2811090148458995,-0.2986198243412798,-0.29731993299832493,60.0,0.0,0.0,flat,0,2026-02-05,HCLTECH,NSE
10000,20,260,1220.2,1220.2,0.0,3.278151122767505,-0.2919334186939821,-0.2922577337207315,60.0,0.0,0.0,flat,0,2026-02-05,HCLTECH,NSE
20000,20,260,1217.6,1217.6,0.0,3.285151116950259,-0.30804077010192527,-0.3076923076923077,60.0,0.0,0.0,flat,0,2026-02-05,HCLTECH,NSE
50000,20,260,1214.8,1214.8,0.0,3.292723081989554,-0.2937420178799489,-0.2939471440750213,60.0,0.0,0.0,flat,0,2026-02-05,HCLTECH,NSE
0,20,260,816.05,816.05,0.0,1.2254151093685772,-0.5793742757821553,-0.5807299721620786,60.0,0.0,0.0,flat,0,2026-02-05,HDFCBANK,NSE
5000,20,260,815.45,815.45,0.0,1.2263167576187717,-0.568944099378882,-0.5693914773669375,60.0,0.0,0.0,flat,0,2026-02-05,HDFCBANK,NSE
10000,20,260,815.3499999999999,815.3499999999999,0.0,1.2264671613420342,-0.568944099378882,-0.5693914773669375,60.0,0.0,0.0,flat,0,2026-02-05,HDFCBANK,NSE
20000,20,260,819.0,819.0,0.0,1.2210012210001104,-0.5714285714285714,-0.5724102387905858,60.0,0.0,0.0,flat,0,2026-02-05,HDFCBANK,NSE
50000,20,260,808.25,808.25,0.0,1.2372409526744081,-0.5672727272727273,-0.5677993527508091,60.0,0.0,0.0,flat,0,2026-02-05,HDFCBANK,NSE
0,20,260,1397.8000000000002,1397.8000000000002,0.0,1.4308198597799788,-0.37545126353790614,-0.3753613877288789,60.0,0.0,0.0,flat,0,2026-02-05,ICICIBANK,NSE
5000,20,260,1396.4,1396.4,0.0,1.432254368376149,-0.3866809881847476,-0.3875591228321628,60.0,0.0,0.0,flat,0,2026-02-05,ICICIBANK,NSE
10000,20,260,1401.6999999999998,1401.6999999999998,0.0,1.42683883855351,-0.35772357723577236,-0.35870407688730427,60.0,0.0,0.0,flat,0,2026-02-05,ICICIBANK,NSE
20000,20,260,1397.0,1397.0,0.0,1.4316392269135154,-0.36474908200734396,-0.3643195556281653,60.0,0.0,0.0,flat,0,2026-02-05,ICICIBANK,NSE
50000,20,260,1385.9,1385.9,0.0,1.443105563172274,-0.36275695284159615,-0.36319612590799033,60.0,0.0,0.0,flat,0,2026-02-05,ICICIBANK,NSE
0,20,260,1098.6999999999998,1098.6999999999998,0.0,1.82033312096155,-0.19447779111644659,-0.19503205128205128,60.0,0.0,0.0,flat,0,2026-02-05,INFY,NSE
5000,20,260,1099.4,1099.4,0.0,1.8191740949613011,-0.1770956316410862,-0.17759218405294674,60.0,0.0,0.0,flat,0,2026-02-05,INFY,NSE
10000,20,260,1095.4,1095.4,0.0,1.8258170531316913,-0.18272841051314143,-0.18373141807249038,60.0,0.0,0.0,flat,0,2026-02-05,INFY,NSE
20000,20,260,1098.6999999999998,1098.6999999999998,0.0,1.82033312096155,-0.1845764854614412,-0.18545393182585218,60.0,0.0,0.0,flat,0,2026-02-05,INFY,NSE
50000,20,260,1086.6999999999998,1086.6999999999998,0.0,1.84043434250525,-0.1798298906439854,-0.181021897810219,60.0,0.0,0.0,flat,0,2026-02-05,INFY,NSE
0,20,260,1296.8000000000002,1296.8000000000002,0.0,1.5422578655154646,0.4362336114421931,0.43645617941784637,60.0,0.0,0.0,flat,0,2026-02-05,RELIANCE,NSE
5000,20,260,1295.6,1295.6,0.0,1.5436863229395297,0.4450063211125158,0.4449881876476544,60.0,0.0,0.0,flat,0,2026-02-05,RELIANCE,NSE
10000,20,260,1294.6,1294.6,0.0,1.5448787270202802,0.4484848484848485,0.4486495228853307,60.0,0.0,0.0,flat,0,2026-02-05,RELIANCE,NSE
20000,20,260,1294.0,1294.0,0.0,1.5455950540944212,0.44388398486759145,0.4457162093923582,60.0,0.0,0.0,flat,0,2026-02-05,RELIANCE,NSE
50000,20,260,1291.3000000000002,1291.3000000000002,0.0,1.5488267637268291,0.44472681067344344,0.44512298558100083,60.0,0.0,0.0,flat,0,2026-02-05,RELIANCE,NSE
0,20,260,2176.8,2176.8,0.0,2.296949650863653,-0.014475271411338963,-0.012717321313586607,60.0,0.0,0.0,flat,0,2026-02-05,TCS,NSE
5000,20,260,2178.9,2178.9,0.0,2.2947358759006837,0.007202881152460984,0.004005126561999359,60.0,0.0,0.0,flat,0,2026-02-05,TCS,NSE
10000,20,260,2175.6,2175.6,0.0,2.2982165839308695,0.0,-0.0011608623548922056,60.0,0.0,0.0,flat,0,2026-02-05,TCS,NSE
20000,20,260,2171.3,2171.3,0.0,2.3027679270483117,-0.005148005148005148,-0.0065303316721086095,60.0,0.0,0.0,flat,0,2026-02-05,TCS,NSE
50000,20,260,2157.4,2157.4,0.0,2.3176045239640306,-0.0076045627376425855,-0.0052435723951285524,60.0,0.0,0.0,flat,0,2026-02-05,TCS,NSE
0,20,260,1316.4,1316.4,0.0,1.5192950470984918,0.007050528789659225,0.007057716436637391,60.0,0.0,0.0,flat,0,2026-02-06,AXISBANK,NSE
5000,20,260,1324.9,1324.9,0.0,1.5095478904071662,0.03418803418803419,0.032757496740547586,60.0,0.0,0.0,flat,0,2026-02-06,AXISBANK,NSE
10000,20,260,1328.4,1328.4,0.0,1.5055706112620102,0.01844532279314888,0.019873373197326766,60.0,0.0,0.0,flat,0,2026-02-06,AXISBANK,NSE
20000,20,260,1324.4,1324.4,0.0,1.5101177891878999,0.017478152309612985,0.01566405599066822,60.0,0.0,0.0,flat,0,2026-02-06,AXISBANK,NSE
50000,20,260,1315.5,1315.5,0.0,1.520334473582806,0.015364916773367477,0.016749273628439584,60.0,0.0,0.0,flat,0,2026-02-06,AXISBANK,NSE
0,20,260,1216.0,1216.0,0.0,2.4671052631593904,-0.3037667071688943,-0.30408692831657474,60.0,0.0,0.0,flat,0,2026-02-06,HCLTECH,NSE
5000,20,260,1227.0,1227.0,0.0,2.4449877750626072,-0.28819875776397513,-0.28730106100795755,60.0,0.0,0.0,flat,0,2026-02-06,HCLTECH,NSE
10000,20,260,1230.4,1230.4,0.0,2.4382314694404625,-0.286425902864259,-0.28694929343308395,60.0,0.0,0.0,flat,0,2026-02-06,HCLTECH,NSE
20000,20,260,1229.9,1229.9,0.0,2.4392227010322345,-0.2815884476534296,-0.2828461291358818,60.0,0.0,0.0,flat,0,2026-02-06,HCLTECH,NSE
50000,20,260,1219.6999999999998,1219.6999999999998,0.0,2.4596212183320043,-0.29403973509933773,-0.2933168316831683,40.0,0.0,0.0,flat,0,2026-02-06,HCLTECH,NSE
0,20,260,814.4000000000001,814.4000000000001,0.0,1.2278978389000825,-0.5812574139976275,-0.58153894870171,60.0,0.0,0.0,flat,0,2026-02-06,HDFCBANK,NSE
5000,20,260,819.4000000000001,819.4000000000001,0.0,1.2204051745182172,-0.565483476132191,-0.5659206012089528,60.0,0.0,0.0,flat,0,2026-02-06,HDFCBANK,NSE
10000,20,260,822.0,822.0,0.0,1.2165450121643435,-0.5681528662420382,-0.5692176870748299,60.0,0.0,0.0,flat,0,2026-02-06,HDFCBANK,NSE
20000,20,260,821.95,821.95,0.0,1.2166190157554928,-0.5658056580565806,-0.5661523309258043,60.0,0.0,0.0,flat,0,2026-02-06,HDFCBANK,NSE
50000,20,260,814.5,814.5,0.0,1.2277470840995586,-0.5664596273291925,-0.566738517658763,60.0,0.0,0.0,flat,0,2026-02-06,HDFCBANK,NSE
0,20,260,1396.6,1396.6,0.0,1.4320492624949555,-0.37959667852906287,-0.38014566181127296,60.0,0.0,0.0,flat,0,2026-02-06,ICICIBANK,NSE
5000,20,260,1406.0,1406.0,0.0,1.4224751066843393,-0.3596597812879708,-0.3603048483865737,60.0,0.0,0.0,flat,0,2026-02-06,ICICIBANK,NSE
10000,20,260,1410.6,1410.6,0.0,1.4178363816818766,-0.3643312101910828,-0.3639918395103706,60.0,0.0,0.0,flat,0,2026-02-06,ICICIBANK,NSE
20000,20,260,1408.1999999999998,1408.1999999999998,0.0,1.420252804999613,-0.3867403314917127,-0.3883480825958702,60.0,0.0,0.0,flat,0,2026-02-06,ICICIBANK,NSE
50000,20,260,1398.4,1398.4,0.0,1.4302059496570756,-0.3660130718954248,-0.36747513522945385,60.0,0.0,0.0,flat,0,2026-02-06,ICICIBANK,NSE
0,20,260,1099.5,1099.5,0.0,1.819008640289387,-0.19728729963008632,-0.19601711652402898,60.0,0.0,0.0,flat,0,2026-02-06,INFY,NSE
5000,20,260,1108.0,1108.0,0.0,1.805054151622907,-0.17454545454545456,-0.17634686943860217,60.0,0.0,0.0,flat,0,2026-02-06,INFY,NSE
10000,20,260,1116.3000000000002,1116.3000000000002,0.0,1.7916330735469446,-0.1752701080432173,-0.17548076923076922,60.0,0.0,0.0,flat,0,2026-02-06,INFY,NSE
20000,20,260,1118.3000000000002,1118.3000000000002,0.0,1.7884288652422913,-0.16181229773462782,-0.16196372012669163,60.0,0.0,0.0,flat,0,2026-02-06,INFY,NSE
50000,20,260,1111.1999999999998,1111.1999999999998,0.0,1.799856011519488,-0.20118343195266272,-0.20041061276058117,60.0,0.0,0.0,flat,0,2026-02-06,INFY,NSE
0,20,260,1292.1,1292.1,0.0,1.5478678120891998,0.4328180737217598,0.43262974131090304,60.0,0.0,0.0,flat,0,2026-02-06,RELIANCE,NSE
5000,20,260,1299.6,1299.6,0.0,1.5389350569409472,0.45018450184501846,0.45082909210310296,60.0,0.0,0.0,flat,0,2026-02-06,RELIANCE,NSE
10000,20,260,1301.9,1301.9,0.0,1.5362162992552844,0.44046094750320103,0.4399247991796274,60.0,0.0,0.0,flat,0,2026-02-06,RELIANCE,NSE
20000,20,260,1301.1,1301.1,0.0,1.5371608638847551,0.4264870931537598,0.42705212702216894,60.0,0.0,0.0,flat,0,2026-02-06,RELIANCE,NSE
50000,20,260,1294.3000000000002,1294.3000000000002,0.0,1.545236807541107,0.45018450184501846,0.45073891625615764,60.0,0.0,0.0,flat,0,2026-02-06,RELIANCE,NSE
0,20,260,2182.0,2182.0,0.0,1.833180568284309,0.013777267508610792,0.012563199019457637,60.0,0.0,0.0,flat,0,2026-02-06,TCS,NSE
5000,20,260,2195.1000000000004,2195.1000000000004,0.0,1.8222404446270826,0.00718562874251497,0.007032124021096372,60.0,0.0,0.0,flat,0,2026-02-06,TCS,NSE
10000,20,260,2201.2,2201.2,0.0,1.8171906232967971,0.007326007326007326,0.004889975550122249,60.0,0.0,0.0,flat,0,2026-02-06,TCS,NSE
20000,20,260,2193.6000000000004,2193.6000000000004,0.0,1.8234865062002683,-0.012391573729863693,-0.013234077750206782,60.0,0.0,0.0,flat,0,2026-02-06,TCS,NSE
50000,20,260,2184.8,2184.8,0.0,1.8308311973640192,-0.012706480304955527,-0.012042062415196744,60.0,0.0,0.0,flat,0,2026-02-06,TCS,NSE
0,20,260,1321.1999999999998,1321.1999999999998,0.0,2.270663033605469,0.022650056625141562,0.0223666314039595,60.0,0.0,0.0,flat,0,2026-02-09,AXISBANK,NSE
5000,20,260,1321.9,1321.9,0.0,2.2694606248578144,0.022396416573348264,0.0230159916305485,60.0,0.0,0.0,flat,0,2026-02-09,AXISBANK,NSE
10000,20,260,1313.1,1313.1,0.0,2.284669865204132,0.0,0.0007661856723279274,80.0,0.0,0.0,flat,0,2026-02-09,AXISBANK,NSE
20000,20,260,1303.6999999999998,1303.6999999999998,0.0,2.3011429009738023,0.019889502762430938,0.018726039516366852,60.0,0.0,0.0,flat,0,2026-02-09,AXISBANK,NSE
50000,20,260,1305.9,1305.9,0.0,2.2972662531583925,0.014973262032085561,0.015127729413443699,60.0,0.0,0.0,flat,0,2026-02-09,AXISBANK,NSE
0,20,260,1217.6,1217.6,0.0,3.285151116950259,-0.30096051227321235,-0.30158052114480993,60.0,0.0,0.0,flat,0,2026-02-09,HCLTECH,NSE
5000,20,260,1221.0,1221.0,0.0,3.2760032760040207,-0.2810920121334681,-0.2818402590393956,80.0,0.0,0.0,flat,0,2026-02-09,HCLTECH,NSE
10000,20,260,1214.2,1214.2,0.0,3.294350189425885,-0.2936596218020022,-0.29279881217520415,60.0,0.0,0.0,flat,0,2026-02-09,HCLTECH,NSE
20000,20,260,1194.4,1194.4,0.0,3.348961821834089,-0.3019648397104447,-0.30237372343361857,60.0,0.0,0.0,flat,0,2026-02-09,HCLTECH,NSE
50000,20,260,1209.0,1209.0,0.0,3.308519437552448,-0.30094043887147337,-0.30223152022315203,60.0,0.0,0.0,flat,0,2026-02-09,HCLTECH,NSE
0,20,260,819.0999999999999,819.0999999999999,0.0,1.8312782322058023,-0.5736434108527132,-0.5741945019213716,60.0,0.0,0.0,flat,0,2026-02-09,HDFCBANK,NSE
5000,20,260,819.55,819.55,0.0,1.8302727106336072,-0.5714285714285714,-0.5713856778261522,60.0,0.0,0.0,flat,0,2026-02-09,HDFCBANK,NSE
10000,20,260,814.55,814.55,0.0,1.8415075808725956,-0.5723905723905723,-0.5731835205992509,60.0,0.0,0.0,flat,0,2026-02-09,HDFCBANK,NSE
20000,20,260,804.3499999999999,804.3499999999999,0.0,1.864859824702894,-0.58758109360519,-0.5887954489240663,80.0,0.0,0.0,flat,0,2026-02-09,HDFCBANK,NSE
50000,20,260,810.5999999999999,810.5999999999999,0.0,1.8504811250922437,-0.5593719332679097,-0.5606338397066527,80.0,0.0,0.0,flat,0,2026-02-09,HDFCBANK,NSE
0,20,260,1400.8000000000002,1400.8000000000002,0.0,2.1416333523697495,-0.36919592298980747,-0.3694633408919123,60.0,0.0,0.0,flat,0,2026-02-09,ICICIBANK,NSE
5000,20,260,1401.4,1401.4,0.0,2.1407164264303873,-0.3712035995500562,-0.37051493769704247,60.0,0.0,0.0,flat,0,2026-02-09,ICICIBANK,NSE
10000,20,260,1395.6,1395.6,0.0,2.149613069647138,-0.3638368246968026,-0.3651611004855083,60.0,0.0,0.0,flat,0,2026-02-09,ICICIBANK,NSE
20000,20,260,1394.3000000000002,1394.3000000000002,0.0,2.1516172990027576,-0.36860068259385664,-0.36871678056188306,60.0,0.0,0.0,flat,0,2026-02-09,ICICIBANK,NSE
50000,20,260,1392.9,1392.9,0.0,2.15377988369556,-0.35148042024832854,-0.3509621511405633,80.0,0.0,0.0,flat,0,2026-02-09,ICICIBANK,NSE
0,20,260,1101.1999999999998,1101.1999999999998,0.0,2.724300762803801,-0.193756727664155,-0.1935344827586207,60.0,0.0,0.0,flat,0,2026-02-09,INFY,NSE
5000,20,260,1099.6,1099.6,0.0,2.7282648235717946,-0.19141914191419143,-0.1910425844346549,60.0,0.0,0.0,flat,0,2026-02-09,INFY,NSE
10000,20,260,1094.8000000000002,1094.8000000000002,0.0,2.74022652539235,-0.2093244529019981,-0.20835449466734382,80.0,0.0,0.0,flat,0,2026-02-09,INFY,NSE
20000,20,260,1094.1999999999998,1094.1999999999998,0.0,2.741729117162809,-0.18994413407821228,-0.18953176260065613,60.0,0.0,0.0,flat,0,2026-02-09,INFY,NSE
50000,20,260,1092.9,1092.9,0.0,2.7449903925332095,-0.19193020719738277,-0.19182069567748508,60.0,0.0,0.0,flat,0,2026-02-09,INFY,NSE
0,20,260,1296.0,1296.0,0.0,2.314814814816218,0.44004400440044006,0.44008810572687224,60.0,0.0,0.0,flat,0,2026-02-09,RELIANCE,NSE
5000,20,260,1293.8000000000002,1293.8000000000002,0.0,2.3187509661458843,0.4410143329658214,0.4406181015452539,60.0,0.0,0.0,flat,0,2026-02-09,RELIANCE,NSE
10000,20,260,1294.3000000000002,1294.3000000000002,0.0,2.317855211310782,0.4403066812705367,0.4399941529016226,60.0,0.0,0.0,flat,0,2026-02-09,RELIANCE,NSE
20000,20,260,1266.1,1266.1,0.0,2.3694810836423232,0.4496288441145281,0.4496957690674968,60.0,0.0,0.0,flat,0,2026-02-09,RELIANCE,NSE
50000,20,260,1276.0,1276.0,0.0,2.351097178684811,0.43651626442812175,0.4362745098039216,60.0,0.0,0.0,flat,0,2026-02-09,RELIANCE,NSE
0,20,260,2177.4,2177.4,0.0,2.2963167080003672,-0.008465608465608466,-0.010450501341618415,60.0,0.0,0.0,flat,0,2026-02-09,TCS,NSE
5000,20,260,2174.4,2174.4,0.0,2.299484915378955,-0.013407821229050279,-0.011036539895600299,60.0,0.0,0.0,flat,0,2026-02-09,TCS,NSE
10000,20,260,2168.1,2168.1,0.0,2.3061666897283337,-0.023880597014925373,-0.022307794449608287,80.0,0.0,0.0,flat,0,2026-02-09,TCS,NSE
20000,20,260,2152.8,2152.8,0.0,2.3225566703827574,0.0,-0.0016364177328176137,60.0,0.0,0.0,flat,0,2026-02-09,TCS,NSE
50000,20,260,2153.0,2153.0,0.0,2.3223409196470044,0.01536983669548511,0.01486988847583643,80.0,0.0,0.0,flat,0,2026-02-09,TCS,NSE
0,20,260,1327.6999999999998,1327.6999999999998,0.0,1.5063643895461738,0.03707995365005794,0.03789050417568821,60.0,0.0,0.0,flat,0,2026-02-10,AXISBANK,NSE
5000,20,260,1330.9,1330.9,0.0,1.5027425050720975,0.03751465416178194,0.03692692849319355,60.0,0.0,0.0,flat,0,2026-02-10,AXISBANK,NSE
10000,20,260,1337.6,1337.6,0.0,1.4952153110051247,0.02781289506953224,0.02767932489451477,60.0,0.0,0.0,flat,0,2026-02-10,AXISBANK,NSE
20000,20,260,1333.5,1333.5,0.0,1.4998125234332065,0.007033997655334115,0.007042253521126761,60.0,0.0,0.0,flat,0,2026-02-10,AXISBANK,NSE
50000,20,260,1331.1,1331.1,0.0,1.5025167154988017,0.021248339973439574,0.02109181141439206,40.0,0.0,0.0,flat,0,2026-02-10,AXISBANK,NSE
0,20,260,1228.3000000000002,1228.3000000000002,0.0,2.4424000651302977,-0.287515762925599,-0.28795018512285425,60.0,0.0,0.0,flat,0,2026-02-10,HCLTECH,NSE
5000,20,260,1226.8000000000002,1226.8000000000002,0.0,2.4453863710462542,-0.27995255041518385,-0.28028503562945367,60.0,0.0,0.0,flat,0,2026-02-10,HCLTECH,NSE
10000,20,260,1229.6999999999998,1229.6999999999998,0.0,2.4396194193702088,-0.2846625766871166,-0.2848018342613822,60.0,0.0,0.0,flat,0,2026-02-10,HCLTECH,NSE
20000,20,260,1236.6,1236.6,0.0,2.426006792818652,-0.2988505747126437,-0.2981588816911013,60.0,0.0,0.0,flat,0,2026-02-10,HCLTECH,NSE
50000,20,260,1231.6,1231.6,0.0,2.4358557973364285,-0.29403973509933773,-0.2947312588401697,40.0,0.0,0.0,flat,0,2026-02-10,HCLTECH,NSE
0,20,260,821.5999999999999,821.5999999999999,0.0,1.217137293086937,-0.5584562996594779,-0.5596121799727314,60.0,0.0,0.0,flat,0,2026-02-10,HDFCBANK,NSE
5000,20,260,820.0,820.0,0.0,1.219512195120842,-0.5814771395076201,-0.582381473947739,60.0,0.0,0.0,flat,0,2026-02-10,HDFCBANK,NSE
10000,20,260,826.3,826.3,0.0,1.2102142079150762,-0.5661310259579728,-0.5665016501650165,60.0,0.0,0.0,flat,0,2026-02-10,HDFCBANK,NSE
20000,20,260,830.0,830.0,0.0,1.204819277107338,-0.5747724317295189,-0.5742058670369727,60.0,0.0,0.0,flat,0,2026-02-10,HDFCBANK,NSE
50000,20,260,828.0999999999999,828.0999999999999,0.0,1.2075836251663175,-0.5657071339173968,-0.5674185463659148,60.0,0.0,0.0,flat,0,2026-02-10,HDFCBANK,NSE
0,20,260,1411.1999999999998,1411.1999999999998,0.0,1.4172335600910253,-0.353757225433526,-0.35364912822095357,60.0,0.0,0.0,flat,0,2026-02-10,ICICIBANK,NSE
5000,20,260,1409.6,1409.6,0.0,1.4188422247449313,-0.3810650887573965,-0.38173487122768207,60.0,0.0,0.0,flat,0,2026-02-10,ICICIBANK,NSE
10000,20,260,1419.9,1419.9,0.0,1.4085498978804527,-0.358974358974359,-0.3603324641460235,60.0,0.0,0.0,flat,0,2026-02-10,ICICIBANK,NSE
20000,20,260,1427.5,1427.5,0.0,1.401050788089794,-0.35603345280764637,-0.3577352472089314,60.0,0.0,0.0,flat,0,2026-02-10,ICICIBANK,NSE
50000,20,260,1422.1,1422.1,0.0,1.4063708599961007,-0.3613550815558344,-0.36298157453936347,60.0,0.0,0.0,flat,0,2026-02-10,ICICIBANK,NSE
0,20,260,1105.1,1105.1,0.0,1.8097909691434757,-0.17149478563151796,-0.17151252706464584,60.0,0.0,0.0,flat,0,2026-02-10,INFY,NSE
5000,20,260,1101.6,1101.6,0.0,1.8155410312277187,-0.20436280137772675,-0.20444444444444446,60.0,0.0,0.0,flat,0,2026-02-10,INFY,NSE
10000,20,260,1111.0,1111.0,0.0,1.800180018000163,-0.1752701080432173,-0.17548076923076922,60.0,0.0,0.0,flat,0,2026-02-10,INFY,NSE
20000,20,260,1115.6,1115.6,0.0,1.7927572606673134,-0.17654171704957677,-0.17659402744148506,60.0,0.0,0.0,flat,0,2026-02-10,INFY,NSE
50000,20,260,1113.4,1113.4,0.0,1.7962996227774874,-0.1797752808988764,-0.1806365605732378,60.0,0.0,0.0,flat,0,2026-02-10,INFY,NSE
0,20,260,1307.6,1307.6,0.0,1.5295197308048751,0.45979614949037373,0.45942269910835726,60.0,0.0,0.0,flat,0,2026-02-10,RELIANCE,NSE
5000,20,260,1307.9,1307.9,0.0,1.5291688967049886,0.45269461077844314,0.453804347826087,60.0,0.0,0.0,flat,0,2026-02-10,RELIANCE,NSE
10000,20,260,1311.6999999999998,1311.6999999999998,0.0,1.5247388884656972,0.449938195302843,0.45042072265302757,60.0,0.0,0.0,flat,0,2026-02-10,RELIANCE,NSE
20000,20,260,1318.1,1318.1,0.0,1.5173355587591646,0.453781512605042,0.45313251081557443,60.0,0.0,0.0,flat,0,2026-02-10,RELIANCE,NSE
50000,20,260,1312.6,1312.6,0.0,1.523693432881651,0.4475347661188369,0.44836314546068173,60.0,0.0,0.0,flat,0,2026-02-10,RELIANCE,NSE
0,20,260,2192.3,2192.3,0.0,1.8245678055014867,0.006936416184971098,0.008640641876253664,60.0,0.0,0.0,flat,0,2026-02-10,TCS,NSE
5000,20,260,2196.2,2196.2,0.0,1.8213277479286538,0.007134363852556481,0.006983018568481193,60.0,0.0,0.0,flat,0,2026-02-10,TCS,NSE
10000,20,260,2217.6000000000004,2217.6000000000004,0.0,1.8037518037522136,0.007308160779537149,0.006177857258982279,60.0,0.0,0.0,flat,0,2026-02-10,TCS,NSE
20000,20,260,2199.6000000000004,2199.6000000000004,0.0,1.8185124568107425,0.0,0.0001682935038707506,60.0,0.0,0.0,flat,0,2026-02-10,TCS,NSE
50000,20,260,2207.6000000000004,2207.6000000000004,0.0,1.8119224497195636,-0.005284015852047556,-0.005290072297654735,40.0,0.0,0.0,flat,0,2026-02-10,TCS,NSE
0,20,260,1319.5,1319.5,0.0,1.5157256536553096,0.017743979721166033,0.016579259008627983,60.0,0.0,0.0,flat,0,2026-02-11,AXISBANK,NSE
5000,20,260,1323.6999999999998,1323.6999999999998,0.0,1.510916370779221,0.03369434416365824,0.034211371667202055,60.0,0.0,0.0,flat,0,2026-02-11,AXISBANK,NSE
10000,20,260,1333.6999999999998,1333.6999999999998,0.0,1.4995876134066546,0.03444034440344403,0.03200919238345371,60.0,0.0,0.0,flat,0,2026-02-11,AXISBANK,NSE
20000,20,260,1337.5,1337.5,0.0,1.4953271028023782,0.03930635838150289,0.03888288844314149,60.0,0.0,0.0,flat,0,2026-02-11,AXISBANK,NSE
50000,20,260,1352.6999999999998,1352.6999999999998,0.0,1.4785244326165854,0.018252933507170794,0.01966585450748347,60.0,0.0,0.0,flat,0,2026-02-11,AXISBANK,NSE
0,20,260,1216.4,1216.4,0.0,2.4662939822423096,-0.30036630036630035,-0.3023142112125163,60.0,0.0,0.0,flat,0,2026-02-11,HCLTECH,NSE
5000,20,260,1217.6,1217.6,0.0,2.463863337713162,-0.28819875776397513,-0.28730106100795755,60.0,0.0,0.0,flat,0,2026-02-11,HCLTECH,NSE
10000,20,260,1228.3000000000002,1228.3000000000002,0.0,2.4424000651302977,-0.2948207171314741,-0.2943991492378589,40.0,0.0,0.0,flat,0,2026-02-11,HCLTECH,NSE
20000,20,260,1241.1999999999998,1241.1999999999998,0.0,2.4170157911694696,-0.29128738621586475,-0.2912688769310883,60.0,0.0,0.0,flat,0,2026-02-11,HCLTECH,NSE
50000,20,260,1237.6999999999998,1237.6999999999998,0.0,2.42385069079708,-0.2796709753231492,-0.28015686274509805,60.0,0.0,0.0,flat,0,2026-02-11,HCLTECH,NSE
0,20,260,818.5999999999999,818.5999999999999,0.0,1.2215978499880618,-0.5771643663739021,-0.5770519262981575,60.0,0.0,0.0,flat,0,2026-02-11,HDFCBANK,NSE
5000,20,260,818.5,818.5,0.0,1.2217470983495304,-0.5692503176620076,-0.5686906377204884,60.0,0.0,0.0,flat,0,2026-02-11,HDFCBANK,NSE
10000,20,260,827.8499999999999,827.8499999999999,0.0,1.2079482998130429,-0.5645355850422196,-0.5644823699887297,60.0,0.0,0.0,flat,0,2026-02-11,HDFCBANK,NSE
20000,20,260,830.3,830.3,0.0,1.2043839576059585,-0.5602755453501722,-0.560373889059148,60.0,0.0,0.0,flat,0,2026-02-11,HDFCBANK,NSE
50000,20,260,841.1500000000001,841.1500000000001,0.0,1.1888486001310434,-0.5627198124267292,-0.5619718309859155,60.0,0.0,0.0,flat,0,2026-02-11,HDFCBANK,NSE
0,20,260,1402.5,1402.5,0.0,1.4260249554354232,-0.37515527950310557,-0.3757254186702039,60.0,0.0,0.0,flat,0,2026-02-11,ICICIBANK,NSE
5000,20,260,1404.4,1404.4,0.0,1.424095699231312,-0.36477987421383645,-0.3638347884486232,60.0,0.0,0.0,flat,0,2026-02-11,ICICIBANK,NSE
10000,20,260,1419.1,1419.1,0.0,1.4093439503914136,-0.3618339529120198,-0.3619520264681555,60.0,0.0,0.0,flat,0,2026-02-11,ICICIBANK,NSE
20000,20,260,1428.9,1428.9,0.0,1.3996780740432881,-0.3547257876312719,-0.35529595015576326,60.0,0.0,0.0,flat,0,2026-02-11,ICICIBANK,NSE
50000,20,260,1437.6,1437.6,0.0,1.391207568169487,-0.3716129032258065,-0.3727820844099914,60.0,0.0,0.0,flat,0,2026-02-11,ICICIBANK,NSE
0,20,260,1100.5,1100.5,0.0,1.8173557473858981,-0.1910828025477707,-0.19214419316442782,60.0,0.0,0.0,flat,0,2026-02-11,INFY,NSE
5000,20,260,1101.3000000000002,1101.3000000000002,0.0,1.816035594298061,-0.1802252816020025,-0.1807249039585769,60.0,0.0,0.0,flat,0,2026-02-11,INFY,NSE
10000,20,260,1112.6999999999998,1112.6999999999998,0.0,1.7974296755643524,-0.17696969696969697,-0.17667044167610418,60.0,0.0,0.0,flat,0,2026-02-11,INFY,NSE
20000,20,260,1120.4,1120.4,0.0,1.7850767583010128,-0.18872870249017037,-0.18911826452064381,60.0,0.0,0.0,flat,0,2026-02-11,INFY,NSE
50000,20,260,1130.9,1130.9,0.0,1.7685029622428639,-0.17443249701314217,-0.17527910685805423,60.0,0.0,0.0,flat,0,2026-02-11,INFY,NSE
0,20,260,1295.1999999999998,1295.1999999999998,0.0,1.5441630636198695,0.44046094750320103,0.4399247991796274,60.0,0.0,0.0,flat,0,2026-02-11,RELIANCE,NSE
5000,20,260,1295.6999999999998,1295.6999999999998,0.0,1.5435671837620244,0.449438202247191,0.449925012497917,60.0,0.0,0.0,flat,0,2026-02-11,RELIANCE,NSE
10000,20,260,1307.1999999999998,1307.1999999999998,0.0,1.5299877600982674,0.45912653975363943,0.460020923628755,60.0,0.0,0.0,flat,0,2026-02-11,RELIANCE,NSE
20000,20,260,1313.1,1313.1,0.0,1.5231132434699983,0.4531435349940688,0.45424319189360357,60.0,0.0,0.0,flat,0,2026-02-11,RELIANCE,NSE
50000,20,260,1329.5,1329.5,0.0,1.5043249341844158,0.44415243101182655,0.4451850552534643,60.0,0.0,0.0,flat,0,2026-02-11,RELIANCE,NSE
0,20,260,2178.8999999999996,2178.8999999999996,0.0,1.8357887007209648,-0.012484394506866416,-0.013331111481419763,60.0,0.0,0.0,flat,0,2026-02-11,TCS,NSE
5000,20,260,2179.2,2179.2,0.0,1.835535976505557,0.007453416149068323,0.004144562334217507,60.0,0.0,0.0,flat,0,2026-02-11,TCS,NSE
10000,20,260,2199.8,2199.8,0.0,1.818347122466092,0.0,0.0023045267489711935,60.0,0.0,0.0,flat,0,2026-02-11,TCS,NSE
20000,20,260,2204.1000000000004,2204.1000000000004,0.0,1.8147996914844648,0.007067137809187279,0.008645080163470606,60.0,0.0,0.0,flat,0,2026-02-11,TCS,NSE
50000,20,260,2228.2,2228.2,0.0,1.7951709900372093,-0.005161290322580645,-0.004132942999827794,60.0,0.0,0.0,flat,0,2026-02-11,TCS,NSE
0,20,260,1322.5,1322.5,0.0,1.5122873345921974,0.019834710743801654,0.02228596646072374,40.0,0.0,0.0,flat,0,2026-02-12,AXISBANK,NSE
5000,20,260,1324.1,1324.1,0.0,1.5104599350505663,0.02593192868719611,0.024881003894418,40.0,0.0,0.0,flat,0,2026-02-12,AXISBANK,NSE
10000,20,260,1327.8000000000002,1327.8000000000002,0.0,1.5062509414071807,0.019448946515397084,0.018610690326769097,40.0,0.0,0.0,flat,0,2026-02-12,AXISBANK,NSE
20000,20,260,1328.4,1328.4,0.0,1.5055706112620102,0.01990049751243781,0.021469676848162905,40.0,0.0,0.0,flat,0,2026-02-12,AXISBANK,NSE
50000,20,260,1323.0,1323.0,0.0,1.5117157974287083,0.01957585644371941,0.019389978213507627,40.0,0.0,0.0,flat,0,2026-02-12,AXISBANK,NSE
0,20,260,1220.8000000000002,1220.8000000000002,0.0,2.4574049803403875,-0.29132569558101473,-0.2918942538780861,40.0,0.0,0.0,flat,0,2026-02-12,HCLTECH,NSE
5000,20,260,1220.6999999999998,1220.6999999999998,0.0,2.457606291471734,-0.29187396351575456,-0.2942869796279894,40.0,0.0,0.0,flat,0,2026-02-12,HCLTECH,NSE
10000,20,260,1224.1,1224.1,0.0,2.450780165018826,-0.2972536348949919,-0.2973031283710895,40.0,0.0,0.0,flat,0,2026-02-12,HCLTECH,NSE
20000,20,260,1225.5,1225.5,0.0,2.4479804161581553,-0.29421487603305785,-0.29514348785871963,40.0,0.0,0.0,flat,0,2026-02-12,HCLTECH,NSE
50000,20,260,1221.6,1221.6,0.0,2.455795677799235,-0.28892455858747995,-0.28954136305186456,40.0,0.0,0.0,flat,0,2026-02-12,HCLTECH,NSE
0,20,260,819.9000000000001,819.9000000000001,0.0,1.2196609342605529,-0.5704809286898839,-0.5720611025016604,40.0,0.0,0.0,flat,0,2026-02-12,HDFCBANK,NSE
5000,20,260,820.8,820.8,0.0,1.2183235867449165,-0.5691056910569106,-0.5706840390879478,40.0,0.0,0.0,flat,0,2026-02-12,HDFCBANK,NSE
10000,20,260,822.55,822.55,0.0,1.2157315664704,-0.573268921095008,-0.5749301225542894,40.0,0.0,0.0,flat,0,2026-02-12,HDFCBANK,NSE
20000,20,260,824.2,824.2,0.0,1.2132977432664733,-0.5700483091787439,-0.5697699419479682,40.0,0.0,0.0,flat,0,2026-02-12,HDFCBANK,NSE
50000,20,260,820.05,820.05,0.0,1.2194378391564265,-0.5728314238952537,-0.5733012890539655,40.0,0.0,0.0,flat,0,2026-02-12,HDFCBANK,NSE
0,20,260,1400.6999999999998,1400.6999999999998,0.0,1.4278574998218427,-0.3681592039800995,-0.3691319751992914,40.0,0.0,0.0,flat,0,2026-02-12,ICICIBANK,NSE
5000,20,260,1401.0,1401.0,0.0,1.427551748749594,-0.3669421487603306,-0.3681306554844405,40.0,0.0,0.0,flat,0,2026-02-12,ICICIBANK,NSE
10000,20,260,1407.3000000000002,1407.3000000000002,0.0,1.4211610886097168,-0.36628849270664504,-0.3665873187621727,40.0,0.0,0.0,flat,0,2026-02-12,ICICIBANK,NSE
20000,20,260,1408.4,1408.4,0.0,1.420051121840709,-0.3681592039800995,-0.3689922480620155,40.0,0.0,0.0,flat,0,2026-02-12,ICICIBANK,NSE
50000,20,260,1404.5,1404.5,0.0,1.4239943040214886,-0.36450079239302696,-0.36344404484874127,40.0,0.0,0.0,flat,0,2026-02-12,ICICIBANK,NSE
0,20,260,1101.5,1101.5,0.0,1.8157058556497332,-0.1884297520661157,-0.18759655705142353,40.0,0.0,0.0,flat,0,2026-02-12,INFY,NSE
5000,20,260,1101.6999999999998,1101.6999999999998,0.0,1.8153762367254742,-0.18512396694214875,-0.1860105913503972,40.0,0.0,0.0,flat,0,2026-02-12,INFY,NSE
10000,20,260,1105.9,1105.9,0.0,1.8084817795464823,-0.18357487922705315,-0.18361642657493013,40.0,0.0,0.0,flat,0,2026-02-12,INFY,NSE
20000,20,260,1104.9,1104.9,0.0,1.8101185627662726,-0.18719211822660098,-0.18855514141635607,40.0,0.0,0.0,flat,0,2026-02-12,INFY,NSE
50000,20,260,1099.0,1099.0,0.0,1.8198362147390181,-0.1886178861788618,-0.18971130887779467,40.0,0.0,0.0,flat,0,2026-02-12,INFY,NSE
0,20,260,1301.5,1301.5,0.0,1.5366884364181184,0.4451718494271686,0.4455856643356643,40.0,0.0,0.0,flat,0,2026-02-12,RELIANCE,NSE
5000,20,260,1303.6999999999998,1303.6999999999998,0.0,1.5340952673164494,0.4476650563607085,0.44764566759836594,40.0,0.0,0.0,flat,0,2026-02-12,RELIANCE,NSE
10000,20,260,1300.8000000000002,1300.8000000000002,0.0,1.5375153751541009,0.44297520661157025,0.44405208563231074,40.0,0.0,0.0,flat,0,2026-02-12,RELIANCE,NSE
20000,20,260,1306.6,1306.6,0.0,1.5306903413442943,0.4458804523424879,0.44628990509059535,40.0,0.0,0.0,flat,0,2026-02-12,RELIANCE,NSE
50000,20,260,1301.0,1301.0,0.0,1.5372790161400314,0.4483306836248013,0.44819532908704884,40.0,0.0,0.0,flat,0,2026-02-12,RELIANCE,NSE
0,20,260,2178.6,2178.6,0.0,1.3770311209041672,-0.006633499170812604,-0.00597609561752988,40.0,0.0,0.0,flat,0,2026-02-12,TCS,NSE
5000,20,260,2179.8,2179.8,0.0,1.3762730525723788,-0.006568144499178982,-0.005698005698005698,40.0,0.0,0.0,flat,0,2026-02-12,TCS,NSE
10000,20,260,2189.2,2189.2,0.0,1.3703636031414543,0.0,-0.0008600301010535369,40.0,0.0,0.0,flat,0,2026-02-12,TCS,NSE
20000,20,260,2186.9,2186.9,0.0,1.3718048378992265,-0.006589785831960461,-0.0063792344918609765,40.0,0.0,0.0,flat,0,2026-02-12,TCS,NSE
50000,20,260,2175.9,2175.9,0.0,1.3787398317945763,-0.006462035541195477,-0.007984462667242124,40.0,0.0,0.0,flat,0,2026-02-12,TCS,NSE
0,20,260,1317.5,1317.5,0.0,3.795066413662239,0.013847675568743818,0.013465346534653465,80.0,0.0,0.0,flat,0,2026-02-13,AXISBANK,NSE
5000,20,260,1315.5,1315.5,0.0,3.800836183960471,0.03498542274052478,0.03385214007782101,80.0,0.0,0.0,flat,0,2026-02-13,AXISBANK,NSE
10000,20,260,1320.5,1320.5,0.0,3.786444528587656,0.009606147934678195,0.009742340725548007,80.0,0.0,0.0,flat,0,2026-02-13,AXISBANK,NSE
20000,20,260,1343.1,1343.1,0.0,3.722730995458268,0.04185623293903549,0.04127716401602525,80.0,0.0,0.0,flat,0,2026-02-13,AXISBANK,NSE
50000,20,260,1359.4,1359.4,0.0,3.6780932764454906,0.023479188900747065,0.021794871794871794,60.0,0.0,0.0,flat,0,2026-02-13,AXISBANK,NSE
0,20,260,1217.2,1217.2,0.0,4.929346040091267,-0.30109670987038883,-0.3013571048430016,80.0,0.0,0.0,flat,0,2026-02-13,HCLTECH,NSE
5000,20,260,1215.8,1215.8,0.0,4.935022207599187,-0.29035532994923857,-0.28921701435925223,80.0,0.0,0.0,flat,0,2026-02-13,HCLTECH,NSE
10000,20,260,1226.9,1226.9,0.0,4.890374113620804,-0.2704126426690079,-0.2711189220855302,80.0,0.0,0.0,flat,0,2026-02-13,HCLTECH,NSE
20000,20,260,1238.6,1238.6,0.0,4.844178911675573,-0.29109947643979056,-0.2913638904415875,60.0,0.0,0.0,flat,0,2026-02-13,HCLTECH,NSE
50000,20,260,1237.3,1237.3,0.0,4.849268568656826,-0.30279652844744454,-0.30395058551023035,80.0,0.0,0.0,flat,0,2026-02-13,HCLTECH,NSE
0,20,260,815.45,815.45,0.0,3.065791894046232,-0.5798237022526934,-0.579793491046922,80.0,0.0,0.0,flat,0,2026-02-13,HDFCBANK,NSE
5000,20,260,815.45,815.45,0.0,3.065791894046232,-0.5597775718257646,-0.5608459065050705,80.0,0.0,0.0,flat,0,2026-02-13,HDFCBANK,NSE
10000,20,260,820.75,820.75,0.0,3.045994517209869,-0.5659617321248741,-0.5671280741835775,80.0,0.0,0.0,flat,0,2026-02-13,HDFCBANK,NSE
20000,20,260,838.4,838.4,0.0,2.9818702290076335,-0.592094196804037,-0.5919443509480534,80.0,0.0,0.0,flat,0,2026-02-13,HDFCBANK,NSE
50000,20,260,834.45,834.45,0.0,2.9959853795913474,-0.5749235474006116,-0.5762481295061896,80.0,0.0,0.0,flat,0,2026-02-13,HDFCBANK,NSE
0,20,260,1396.0,1396.0,0.0,3.5816618911174785,-0.3824928639391056,-0.3812849162011173,80.0,0.0,0.0,flat,0,2026-02-13,ICICIBANK,NSE
5000,20,260,1392.6,1392.6,0.0,3.5904064340083304,-0.3570731707317073,-0.358984375,80.0,0.0,0.0,flat,0,2026-02-13,ICICIBANK,NSE
10000,20,260,1398.2,1398.2,0.0,3.5760263195537116,-0.3775811209439528,-0.37808398950131233,80.0,0.0,0.0,flat,0,2026-02-13,ICICIBANK,NSE
20000,20,260,1423.1,1423.1,0.0,3.513456538542618,-0.35127978817299205,-0.34978212224708516,80.0,0.0,0.0,flat,0,2026-02-13,ICICIBANK,NSE
50000,20,260,1431.8,1431.8,0.0,3.4921078362899847,-0.3963666391412056,-0.39669421487603307,100.0,0.0,0.0,flat,0,2026-02-13,ICICIBANK,NSE
0,20,260,1095.7,1095.7,0.0,4.563292872136533,-0.20018885741265344,-0.20138626339004412,80.0,0.0,0.0,flat,0,2026-02-13,INFY,NSE
5000,20,260,1098.4,1098.4,0.0,4.552075746540422,-0.18071065989847715,-0.18089430894308944,80.0,0.0,0.0,flat,0,2026-02-13,INFY,NSE
10000,20,260,1100.1,1100.1,0.0,4.545041359876375,-0.19584569732937684,-0.1963837930579385,80.0,0.0,0.0,flat,0,2026-02-13,INFY,NSE
20000,20,260,1117.8,1117.8,0.0,4.4730721059223475,-0.18256410256410258,-0.18217903093347934,60.0,0.0,0.0,flat,0,2026-02-13,INFY,NSE
50000,20,260,1123.8,1123.8,0.0,4.449190247374978,-0.21821164889253486,-0.21915708812260537,100.0,0.0,0.0,flat,0,2026-02-13,INFY,NSE
0,20,260,1295.4,1295.4,0.0,3.0878493129524744,0.440713536201469,0.44123826866507915,60.0,0.0,0.0,flat,0,2026-02-13,RELIANCE,NSE
5000,20,260,1294.0,1294.0,0.0,3.0911901081923565,0.44782168186423504,0.4489051094890511,80.0,0.0,0.0,flat,0,2026-02-13,RELIANCE,NSE
10000,20,260,1298.5,1298.5,0.0,3.080477474009172,0.44232804232804235,0.4420279621522384,60.0,0.0,0.0,flat,0,2026-02-13,RELIANCE,NSE
20000,20,260,1321.9,1321.9,0.0,3.025947499809846,0.4476093591047813,0.44841162096117293,80.0,0.0,0.0,flat,0,2026-02-13,RELIANCE,NSE
50000,20,260,1322.0,1322.0,0.0,3.0257186081701284,0.431924882629108,0.4315248715699787,80.0,0.0,0.0,flat,0,2026-02-13,RELIANCE,NSE
0,20,260,2175.3,2175.3,0.0,3.6776536569656004,-0.008171603677221655,-0.01049618320610687,80.0,0.0,0.0,flat,0,2026-02-13,TCS,NSE
5000,20,260,2182.1,2182.1,0.0,3.666193116723257,0.00942507068803016,0.00855238334800654,80.0,0.0,0.0,flat,0,2026-02-13,TCS,NSE
10000,20,260,2191.5,2191.5,0.0,3.6504677161769647,0.009000900090009001,0.012492492492492492,80.0,0.0,0.0,flat,0,2026-02-13,TCS,NSE
20000,20,260,2227.8,2227.8,0.0,3.590986623573602,0.010498687664041995,0.014125612888162503,80.0,0.0,0.0,flat,0,2026-02-13,TCS,NSE
50000,20,260,2214.4,2214.4,0.0,3.6127167630066013,-0.019138755980861243,-0.018773946360153258,80.0,0.0,0.0,flat,0,2026-02-13,TCS,NSE
0,20,260,1317.8000000000002,1317.8000000000002,0.0,1.5176809834576221,0.010741138560687433,0.010032965457933208,60.0,0.0,0.0,flat,0,2026-02-16,AXISBANK,NSE
5000,20,260,1319.8000000000002,1319.8000000000002,0.0,1.5153811183516097,0.025611175785797437,0.025637041640770665,60.0,0.0,0.0,flat,0,2026-02-16,AXISBANK,NSE
10000,20,260,1320.8000000000002,1320.8000000000002,0.0,1.5142337976987088,0.02924634420697413,0.03048048048048048,60.0,0.0,0.0,flat,0,2026-02-16,AXISBANK,NSE
20000,20,260,1325.3000000000002,1325.3000000000002,0.0,1.5090922809933256,0.013777267508610792,0.015170088875268158,60.0,0.0,0.0,flat,0,2026-02-16,AXISBANK,NSE
50000,20,260,1308.9,1308.9,0.0,1.5280006112005917,0.03504928806133625,0.03362081567022365,60.0,0.0,0.0,flat,0,2026-02-16,AXISBANK,NSE
0,20,260,1219.4,1219.4,0.0,2.4602263408229827,-0.29558998808104886,-0.29553045967870206,60.0,0.0,0.0,flat,0,2026-02-16,HCLTECH,NSE
5000,20,260,1223.9,1223.9,0.0,2.4511806520136816,-0.2866593164277839,-0.28491537895511404,60.0,0.0,0.0,flat,0,2026-02-16,HCLTECH,NSE
10000,20,260,1226.4,1226.4,0.0,2.446183953032897,-0.283205268935236,-0.28387285777061666,60.0,0.0,0.0,flat,0,2026-02-16,HCLTECH,NSE
20000,20,260,1224.1999999999998,1224.1999999999998,0.0,2.450579970592669,-0.296028880866426,-0.2951662116589048,60.0,0.0,0.0,flat,0,2026-02-16,HCLTECH,NSE
50000,20,260,1223.3000000000002,1223.3000000000002,0.0,2.4523828987162144,-0.2893815635939323,-0.289985983491668,60.0,0.0,0.0,flat,0,2026-02-16,HCLTECH,NSE
0,20,260,815.5999999999999,815.5999999999999,0.0,1.2260912211871353,-0.5809217577706324,-0.5816049206122157,60.0,0.0,0.0,flat,0,2026-02-16,HDFCBANK,NSE
5000,20,260,816.75,816.75,0.0,1.2243648607273836,-0.5697538100820633,-0.5701095461658842,60.0,0.0,0.0,flat,0,2026-02-16,HDFCBANK,NSE
10000,20,260,816.95,816.95,0.0,1.2240651202646762,-0.5669291338582677,-0.5671171171171171,60.0,0.0,0.0,flat,0,2026-02-16,HDFCBANK,NSE
20000,20,260,820.0,820.0,0.0,1.219512195120842,-0.5757225433526012,-0.5752854057389695,60.0,0.0,0.0,flat,0,2026-02-16,HDFCBANK,NSE
50000,20,260,811.3499999999999,811.3499999999999,0.0,1.232513711715323,-0.574095682613769,-0.5747430706944877,60.0,0.0,0.0,flat,0,2026-02-16,HDFCBANK,NSE
0,20,260,1397.6,1397.6,0.0,1.4310246136236797,-0.38306878306878306,-0.382909604519774,60.0,0.0,0.0,flat,0,2026-02-16,ICICIBANK,NSE
5000,20,260,1400.3000000000002,1400.3000000000002,0.0,1.4282653717063876,-0.36342857142857143,-0.36317876754118367,60.0,0.0,0.0,flat,0,2026-02-16,ICICIBANK,NSE
10000,20,260,1398.3000000000002,1398.3000000000002,0.0,1.430308231424197,-0.3789020452099031,-0.38049411088767593,60.0,0.0,0.0,flat,0,2026-02-16,ICICIBANK,NSE
20000,20,260,1404.1999999999998,1404.1999999999998,0.0,1.424298532972835,-0.37037037037037035,-0.37049441786283893,60.0,0.0,0.0,flat,0,2026-02-16,ICICIBANK,NSE
50000,20,260,1383.5,1383.5,0.0,1.4456089627742545,-0.38373305526590196,-0.3839409963818536,60.0,0.0,0.0,flat,0,2026-02-16,ICICIBANK,NSE
0,20,260,1098.6,1098.6,0.0,1.8204988166761833,-0.19235225955967555,-0.19192700278379216,60.0,0.0,0.0,flat,0,2026-02-16,INFY,NSE
5000,20,260,1101.3000000000002,1101.3000000000002,0.0,1.816035594298061,-0.17997750281214847,-0.18003003003003004,60.0,0.0,0.0,flat,0,2026-02-16,INFY,NSE
10000,20,260,1102.1,1102.1,0.0,1.81471735777194,-0.17601760176017603,-0.17665198237885463,60.0,0.0,0.0,flat,0,2026-02-16,INFY,NSE
20000,20,260,1108.1999999999998,1108.1999999999998,0.0,1.80472838837796,-0.17837235228539577,-0.17901785714285715,60.0,0.0,0.0,flat,0,2026-02-16,INFY,NSE
50000,20,260,1092.1999999999998,1092.1999999999998,0.0,1.831166453030997,-0.20231822971549,-0.20278441850653917,60.0,0.0,0.0,flat,0,2026-02-16,INFY,NSE
0,20,260,1294.6,1294.6,0.0,1.5448787270202802,0.4433849821215733,0.4446388800509068,60.0,0.0,0.0,flat,0,2026-02-16,RELIANCE,NSE
5000,20,260,1301.1,1301.1,0.0,1.5371608638847551,0.450828729281768,0.4518507594750037,60.0,0.0,0.0,flat,0,2026-02-16,RELIANCE,NSE
10000,20,260,1302.0,1302.0,0.0,1.5360983102904617,0.45182724252491696,0.45152231746970145,60.0,0.0,0.0,flat,0,2026-02-16,RELIANCE,NSE
20000,20,260,1306.5,1306.5,0.0,1.5308075009553623,0.4492588369441277,0.44894232232536907,60.0,0.0,0.0,flat,0,2026-02-16,RELIANCE,NSE
50000,20,260,1280.0,1280.0,0.0,1.562499999998579,0.43714609286523215,0.4380952380952381,60.0,0.0,0.0,flat,0,2026-02-16,RELIANCE,NSE
0,20,260,2183.0,2183.0,0.0,2.2904260192395784,-0.014234875444839857,-0.01155794806839772,60.0,0.0,0.0,flat,0,2026-02-16,TCS,NSE
5000,20,260,2191.0,2191.0,0.0,2.2820629849383844,0.006659267480577136,0.005332543326914531,60.0,0.0,0.0,flat,0,2026-02-16,TCS,NSE
10000,20,260,2194.7,2194.7,0.0,2.2782157014626145,0.0,0.0013481126423007788,60.0,0.0,0.0,flat,0,2026-02-16,TCS,NSE
20000,20,260,2200.7,2200.7,0.0,2.2720043622483757,0.0,0.0016403220996122874,60.0,0.0,0.0,flat,0,2026-02-16,TCS,NSE
50000,20,260,2152.8,2152.8,0.0,2.3225566703827574,-0.030895983522142123,-0.027350192413413965,60.0,0.0,0.0,flat,0,2026-02-16,TCS,NSE
0,20,260,1316.3000000000002,1316.3000000000002,0.0,1.519410468738475,0.013777267508610792,0.015170088875268158,60.0,0.0,0.0,flat,0,2026-02-17,AXISBANK,NSE
5000,20,260,1312.6999999999998,1312.6999999999998,0.0,1.5235773596407824,0.008556149732620321,0.007706579135150563,60.0,0.0,0.0,flat,0,2026-02-17,AXISBANK,NSE
10000,20,260,1313.6,1313.6,0.0,1.5225334957372525,0.018327605956471937,0.016972477064220184,60.0,0.0,0.0,flat,0,2026-02-17,AXISBANK,NSE
20000,20,260,1317.3000000000002,1317.3000000000002,0.0,1.5182570409173721,0.02591283863368669,0.025153277786511555,60.0,0.0,0.0,flat,0,2026-02-17,AXISBANK,NSE
50000,20,260,1307.6999999999998,1307.6999999999998,0.0,1.5294027682193585,0.0384204909284952,0.03788634097706879,60.0,0.0,0.0,flat,0,2026-02-17,AXISBANK,NSE
0,20,260,1216.9,1216.9,0.0,2.465280631111468,-0.30056497175141245,-0.3011158021712907,60.0,0.0,0.0,flat,0,2026-02-17,HCLTECH,NSE
5000,20,260,1216.6999999999998,1216.6999999999998,0.0,2.4656858716195824,-0.29239766081871343,-0.2914455198251639,60.0,0.0,0.0,flat,0,2026-02-17,HCLTECH,NSE
10000,20,260,1210.3000000000002,1210.3000000000002,0.0,2.4787242832351852,-0.29854096520763185,-0.30032953864589573,60.0,0.0,0.0,flat,0,2026-02-17,HCLTECH,NSE
20000,20,260,1211.3000000000002,1211.3000000000002,0.0,2.476677949310282,-0.30570505920344454,-0.3057032035627065,60.0,0.0,0.0,flat,0,2026-02-17,HCLTECH,NSE
50000,20,260,1212.1,1212.1,0.0,2.4750433132576073,-0.308994708994709,-0.3084310125688462,60.0,0.0,0.0,flat,0,2026-02-17,HCLTECH,NSE
0,20,260,816.1500000000001,816.1500000000001,0.0,1.2252649635486457,-0.578420467185762,-0.5782989461184503,60.0,0.0,0.0,flat,0,2026-02-17,HDFCBANK,NSE
5000,20,260,812.4000000000001,812.4000000000001,0.0,1.2309207287053512,-0.5809217577706324,-0.5818311874105866,60.0,0.0,0.0,flat,0,2026-02-17,HDFCBANK,NSE
10000,20,260,814.5999999999999,814.5999999999999,0.0,1.2275963663150349,-0.5613660618996799,-0.5625356125356126,60.0,0.0,0.0,flat,0,2026-02-17,HDFCBANK,NSE
20000,20,260,813.05,813.05,0.0,1.2299366582623792,-0.577728776185226,-0.5793113596233078,60.0,0.0,0.0,flat,0,2026-02-17,HDFCBANK,NSE
50000,20,260,811.0999999999999,811.0999999999999,0.0,1.2328936012824898,-0.5734430082256169,-0.5744981179422836,60.0,0.0,0.0,flat,0,2026-02-17,HDFCBANK,NSE
0,20,260,1402.8000000000002,1402.8000000000002,0.0,1.4257199885945642,-0.3742824339839265,-0.373735825927061,60.0,0.0,0.0,flat,0,2026-02-17,ICICIBANK,NSE
5000,20,260,1396.8000000000002,1396.8000000000002,0.0,1.4318442153496953,-0.37949836423118866,-0.37927521467035363,60.0,0.0,0.0,flat,0,2026-02-17,ICICIBANK,NSE
10000,20,260,1400.9,1400.9,0.0,1.4276536512245375,-0.3664670658682635,-0.367806905370844,60.0,0.0,0.0,flat,0,2026-02-17,ICICIBANK,NSE
20000,20,260,1397.6999999999998,1397.6999999999998,0.0,1.4309222293771588,-0.3691194209891435,-0.3687006923200773,60.0,0.0,0.0,flat,0,2026-02-17,ICICIBANK,NSE
50000,20,260,1387.1999999999998,1387.1999999999998,0.0,1.441753171857306,-0.3770672546857773,-0.377722189523249,60.0,0.0,0.0,flat,0,2026-02-17,ICICIBANK,NSE
0,20,260,1101.6999999999998,1101.6999999999998,0.0,1.8153762367254742,-0.19252548131370328,-0.1940456400181351,60.0,0.0,0.0,flat,0,2026-02-17,INFY,NSE
5000,20,260,1101.6999999999998,1101.6999999999998,0.0,1.8153762367254742,-0.19252548131370328,-0.1940456400181351,60.0,0.0,0.0,flat,0,2026-02-17,INFY,NSE
10000,20,260,1094.1999999999998,1094.1999999999998,0.0,1.8278194114425654,-0.19190751445086704,-0.19243827160493826,60.0,0.0,0.0,flat,0,2026-02-17,INFY,NSE
20000,20,260,1096.8000000000002,1096.8000000000002,0.0,1.8234865062002683,-0.19081272084805653,-0.18990724728816225,60.0,0.0,0.0,flat,0,2026-02-17,INFY,NSE
50000,20,260,1085.6,1085.6,0.0,1.8422991893887757,-0.17980022197558268,-0.17834394904458598,60.0,0.0,0.0,flat,0,2026-02-17,INFY,NSE
0,20,260,1297.5,1297.5,0.0,1.5414258188810643,0.440324449594438,0.4399938137952366,60.0,0.0,0.0,flat,0,2026-02-17,RELIANCE,NSE
5000,20,260,1292.5,1292.5,0.0,1.5473887814299272,0.43174603174603177,0.4314971751412429,60.0,0.0,0.0,flat,0,2026-02-17,RELIANCE,NSE
10000,20,260,1290.6,1290.6,0.0,1.5496668216337013,0.44023668639053254,0.4417759519671354,60.0,0.0,0.0,flat,0,2026-02-17,RELIANCE,NSE
20000,20,260,1295.4,1295.4,0.0,1.543924656477115,0.4487917146144994,0.4483341010287118,60.0,0.0,0.0,flat,0,2026-02-17,RELIANCE,NSE
50000,20,260,1282.3000000000002,1282.3000000000002,0.0,1.5596974187011265,0.43575418994413406,0.4361765583059946,60.0,0.0,0.0,flat,0,2026-02-17,RELIANCE,NSE
0,20,260,2182.7,2182.7,0.0,2.2907408255829935,-0.007202881152460984,-0.0059275873117590515,60.0,0.0,0.0,flat,0,2026-02-17,TCS,NSE
5000,20,260,2174.9,2174.9,0.0,2.298956273851671,-0.021208907741251327,-0.021936031701103878,60.0,0.0,0.0,flat,0,2026-02-17,TCS,NSE
10000,20,260,2170.9,2170.9,0.0,2.30319222442305,0.0,-0.0029046312731967083,60.0,0.0,0.0,flat,0,2026-02-17,TCS,NSE
20000,20,260,2167.5,2167.5,0.0,2.306805074971165,-0.014973262032085561,-0.017270910648015985,60.0,0.0,0.0,flat,0,2026-02-17,TCS,NSE
50000,20,260,2155.1,2155.1,0.0,2.320077954619275,-0.007017543859649123,-0.004370220071796473,60.0,0.0,0.0,flat,0,2026-02-17,TCS,NSE
0,20,260,1319.4,1319.4,0.0,1.5158405335762124,0.0288,0.027564102564102563,40.0,0.0,0.0,flat,0,2026-02-18,AXISBANK,NSE
5000,20,260,1319.9,1319.9,0.0,1.5152663080539848,0.025682182985553772,0.02572347266881029,40.0,0.0,0.0,flat,0,2026-02-18,AXISBANK,NSE
10000,20,260,1319.1,1319.1,0.0,1.516185277841297,0.026101141924959218,0.024618736383442266,40.0,0.0,0.0,flat,0,2026-02-18,AXISBANK,NSE
20000,20,260,1313.1999999999998,1313.1999999999998,0.0,1.522997258605281,0.01615508885298869,0.016821220616778088,40.0,0.0,0.0,flat,0,2026-02-18,AXISBANK,NSE
50000,20,260,1310.1999999999998,1310.1999999999998,0.0,1.5264845061826096,0.019834710743801654,0.021196732170457054,40.0,0.0,0.0,flat,0,2026-02-18,AXISBANK,NSE
0,20,260,1221.1999999999998,1221.1999999999998,0.0,2.456600065508963,-0.2932454695222405,-0.29306930693069305,40.0,0.0,0.0,flat,0,2026-02-18,HCLTECH,NSE
5000,20,260,1221.1,1221.1,0.0,2.456801244778925,-0.29213483146067415,-0.2903986283754822,40.0,0.0,0.0,flat,0,2026-02-18,HCLTECH,NSE
10000,20,260,1220.6,1220.6,0.0,2.4578076355886824,-0.2936378466557912,-0.2923110433456763,40.0,0.0,0.0,flat,0,2026-02-18,HCLTECH,NSE
20000,20,260,1216.0,1216.0,0.0,2.4671052631593904,-0.3001579778830964,-0.29951487028053153,40.0,0.0,0.0,flat,0,2026-02-18,HCLTECH,NSE
50000,20,260,1211.6,1211.6,0.0,2.4760647078239892,-0.29421487603305785,-0.29529905098212317,40.0,0.0,0.0,flat,0,2026-02-18,HCLTECH,NSE
0,20,260,821.1500000000001,821.1500000000001,0.0,1.2178042988494517,-0.5700483091787439,-0.5697699419479682,40.0,0.0,0.0,flat,0,2026-02-18,HDFCBANK,NSE
5000,20,260,821.8,821.8,0.0,1.2168410805551562,-0.5659777424483307,-0.5684568032264912,40.0,0.0,0.0,flat,0,2026-02-18,HDFCBANK,NSE
10000,20,260,821.5999999999999,821.5999999999999,0.0,1.217137293086937,-0.5700483091787439,-0.5697699419479682,40.0,0.0,0.0,flat,0,2026-02-18,HDFCBANK,NSE
20000,20,260,816.6500000000001,816.6500000000001,0.0,1.2245147860163195,-0.573268921095008,-0.5749301225542894,40.0,0.0,0.0,flat,0,2026-02-18,HDFCBANK,NSE
50000,20,260,815.5999999999999,815.5999999999999,0.0,1.2260912211871353,-0.5700164744645799,-0.5717113946326441,40.0,0.0,0.0,flat,0,2026-02-18,HDFCBANK,NSE
0,20,260,1403.4,1403.4,0.0,1.4251104460598933,-0.37073170731707317,-0.3719062092922275,40.0,0.0,0.0,flat,0,2026-02-18,ICICIBANK,NSE
5000,20,260,1404.9,1404.9,0.0,1.4235888675353796,-0.36938435940099834,-0.3688069317929349,40.0,0.0,0.0,flat,0,2026-02-18,ICICIBANK,NSE
10000,20,260,1404.9,1404.9,0.0,1.4235888675353796,-0.36628849270664504,-0.3665873187621727,40.0,0.0,0.0,flat,0,2026-02-18,ICICIBANK,NSE
20000,20,260,1397.3000000000002,1397.3000000000002,0.0,1.4313318542907427,-0.3723916532905297,-0.37312473210458635,40.0,0.0,0.0,flat,0,2026-02-18,ICICIBANK,NSE
50000,20,260,1393.8000000000002,1393.8000000000002,0.0,1.4349261013061088,-0.36661211129296234,-0.367052654577234,40.0,0.0,0.0,flat,0,2026-02-18,ICICIBANK,NSE
0,20,260,1104.1,1104.1,0.0,1.8114301240833754,-0.19001610305958133,-0.19135669748441195,40.0,0.0,0.0,flat,0,2026-02-18,INFY,NSE
5000,20,260,1105.5,1105.5,0.0,1.8091361374927009,-0.18181818181818182,-0.18249574105621805,40.0,0.0,0.0,flat,0,2026-02-18,INFY,NSE
10000,20,260,1105.6999999999998,1105.6999999999998,0.0,1.8088088993401965,-0.18635607321131448,-0.18751388580315487,40.0,0.0,0.0,flat,0,2026-02-18,INFY,NSE
20000,20,260,1100.1,1100.1,0.0,1.8180165439509635,-0.18357487922705315,-0.18361642657493013,40.0,0.0,0.0,flat,0,2026-02-18,INFY,NSE
50000,20,260,1096.1999999999998,1096.1999999999998,0.0,1.824484583105688,-0.18985270049099837,-0.18859265734265734,40.0,0.0,0.0,flat,0,2026-02-18,INFY,NSE
0,20,260,1299.8000000000002,1299.8000000000002,0.0,1.5386982612713145,0.4451718494271686,0.4451486013986014,40.0,0.0,0.0,flat,0,2026-02-18,RELIANCE,NSE
5000,20,260,1300.5,1300.5,0.0,1.5378700499793778,0.448,0.4477675710318308,40.0,0.0,0.0,flat,0,2026-02-18,RELIANCE,NSE
10000,20,260,1299.8000000000002,1299.8000000000002,0.0,1.5386982612713145,0.4444444444444444,0.44592560739625886,40.0,0.0,0.0,flat,0,2026-02-18,RELIANCE,NSE
20000,20,260,1295.8000000000002,1295.8000000000002,0.0,1.5434480629730318,0.4384,0.43995726495726495,40.0,0.0,0.0,flat,0,2026-02-18,RELIANCE,NSE
50000,20,260,1291.3000000000002,1291.3000000000002,0.0,1.5488267637268291,0.4384,0.4400769066438795,40.0,0.0,0.0,flat,0,2026-02-18,RELIANCE,NSE
0,20,260,2181.5,2181.5,0.0,1.3752005500810538,-0.0128,-0.011324786324786324,40.0,0.0,0.0,flat,0,2026-02-18,TCS,NSE
5000,20,260,2184.2,2184.2,0.0,1.373500595182342,-0.006482982171799027,-0.004110774556469061,40.0,0.0,0.0,flat,0,2026-02-18,TCS,NSE
10000,20,260,2184.4,2184.4,0.0,1.373374839773768,-0.00644122383252818,-0.0038701354547409157,40.0,0.0,0.0,flat,0,2026-02-18,TCS,NSE
20000,20,260,2170.9,2170.9,0.0,1.381915334654668,-0.00644122383252818,-0.0077402709094818315,40.0,0.0,0.0,flat,0,2026-02-18,TCS,NSE
50000,20,260,2166.5,2166.5,0.0,1.3847219016855847,-0.006568144499178982,-0.0065775049331287,40.0,0.0,0.0,flat,0,2026-02-18,TCS,NSE
0,20,260,1314.3000000000002,1314.3000000000002,0.0,2.282583884957426,0.008072653884964682,0.008214381901427417,80.0,0.0,0.0,flat,0,2026-02-19,AXISBANK,NSE
5000,20,260,1295.1,1295.1,0.0,2.316423442204884,-0.00877963125548727,-0.009254920337394563,80.0,0.0,0.0,flat,0,2026-02-19,AXISBANK,NSE
10000,20,260,1295.3000000000002,1295.3000000000002,0.0,2.3160657762676946,0.004004004004004004,0.00587685321223454,80.0,0.0,0.0,flat,0,2026-02-19,AXISBANK,NSE
20000,20,260,1297.1999999999998,1297.1999999999998,0.0,2.312673450508438,0.03161222339304531,0.031219237800590636,60.0,0.0,0.0,flat,0,2026-02-19,AXISBANK,NSE
50000,20,260,1296.1999999999998,1296.1999999999998,0.0,2.314457645424738,0.028169014084507043,0.0274765003615329,60.0,0.0,0.0,flat,0,2026-02-19,AXISBANK,NSE
0,20,260,1212.0,1212.0,0.0,3.300330033004051,-0.2998921251348436,-0.29988482579902104,60.0,0.0,0.0,flat,0,2026-02-19,HCLTECH,NSE
5000,20,260,1201.3,1201.3,0.0,3.3297261300265624,-0.28602383531960995,-0.2880694143167028,60.0,0.0,0.0,flat,0,2026-02-19,HCLTECH,NSE
10000,20,260,1192.9,1192.9,0.0,3.3531729398932315,-0.3013698630136986,-0.30178596540570946,60.0,0.0,0.0,flat,0,2026-02-19,HCLTECH,NSE
20000,20,260,1204.7,1204.7,0.0,3.3203287125432963,-0.27902439024390246,-0.27792241603749024,80.0,0.0,0.0,flat,0,2026-02-19,HCLTECH,NSE
50000,20,260,1197.7,1197.7,0.0,3.339734491108716,-0.28663101604278074,-0.2867542106765629,60.0,0.0,0.0,flat,0,2026-02-19,HCLTECH,NSE
0,20,260,814.5,814.5,0.0,1.8416206261521295,-0.5822532402791625,-0.5826237360298031,80.0,0.0,0.0,flat,0,2026-02-19,HDFCBANK,NSE
5000,20,260,812.5,812.5,0.0,1.8461538461549656,-0.5776850886339937,-0.5790425827998886,60.0,0.0,0.0,flat,0,2026-02-19,HDFCBANK,NSE
10000,20,260,802.5999999999999,802.5999999999999,0.0,1.8689259905304918,-0.5629477993858751,-0.5641305832536538,60.0,0.0,0.0,flat,0,2026-02-19,HDFCBANK,NSE
20000,20,260,798.6500000000001,798.6500000000001,0.0,1.8781694108805764,-0.574585635359116,-0.5745465270609055,60.0,0.0,0.0,flat,0,2026-02-19,HDFCBANK,NSE
50000,20,260,803.0,803.0,0.0,1.8679950186810828,-0.5711086226203808,-0.5712150650127036,60.0,0.0,0.0,flat,0,2026-02-19,HDFCBANK,NSE
0,20,260,1398.6999999999998,1398.6999999999998,0.0,2.1448487881601097,-0.3766632548618219,-0.37863679825160496,60.0,0.0,0.0,flat,0,2026-02-19,ICICIBANK,NSE
5000,20,260,1391.9,1391.9,0.0,2.155327250520544,-0.37158469945355194,-0.37266627771295213,60.0,0.0,0.0,flat,0,2026-02-19,ICICIBANK,NSE
10000,20,260,1378.3000000000002,1378.3000000000002,0.0,2.176594355364975,-0.36836158192090396,-0.3679686321821746,60.0,0.0,0.0,flat,0,2026-02-19,ICICIBANK,NSE
20000,20,260,1376.3000000000002,1376.3000000000002,0.0,2.179757320351337,-0.3579373104145602,-0.35802968960863696,80.0,0.0,0.0,flat,0,2026-02-19,ICICIBANK,NSE
50000,20,260,1371.4,1371.4,0.0,2.1875455738657905,-0.3698781838316722,-0.37141590304463495,60.0,0.0,0.0,flat,0,2026-02-19,ICICIBANK,NSE
0,20,260,1099.1999999999998,1099.1999999999998,0.0,2.729257641920984,-0.20178041543026706,-0.20261351636747624,80.0,0.0,0.0,flat,0,2026-02-19,INFY,NSE
5000,20,260,1080.6999999999998,1080.6999999999998,0.0,2.775978532432262,-0.215878679750223,-0.2164028091893822,80.0,0.0,0.0,flat,0,2026-02-19,INFY,NSE
10000,20,260,1079.8000000000002,1079.8000000000002,0.0,2.77829227634705,-0.18799546998867497,-0.18805744520030235,60.0,0.0,0.0,flat,0,2026-02-19,INFY,NSE
20000,20,260,1095.5,1095.5,0.0,2.7384755819277213,-0.20020222446916078,-0.199973013088652,80.0,0.0,0.0,flat,0,2026-02-19,INFY,NSE
50000,20,260,1079.0,1079.0,0.0,2.7803521779442253,-0.17984832069339113,-0.18146327356853673,60.0,0.0,0.0,flat,0,2026-02-19,INFY,NSE
0,20,260,1294.6,1294.6,0.0,2.3173180905295423,0.4318869828456105,0.432669000807972,80.0,0.0,0.0,flat,0,2026-02-19,RELIANCE,NSE
5000,20,260,1288.3000000000002,1288.3000000000002,0.0,2.328650159124074,0.43371017471736895,0.4342339871073927,60.0,0.0,0.0,flat,0,2026-02-19,RELIANCE,NSE
10000,20,260,1273.4,1273.4,0.0,2.355897596984094,0.44368600682593856,0.4434320425208808,60.0,0.0,0.0,flat,0,2026-02-19,RELIANCE,NSE
20000,20,260,1273.4,1273.4,0.0,2.355897596984094,0.4356020942408377,0.43613750698714365,60.0,0.0,0.0,flat,0,2026-02-19,RELIANCE,NSE
50000,20,260,1273.6,1273.6,0.0,2.355527638190598,0.44469783352337516,0.44376807183077155,60.0,0.0,0.0,flat,0,2026-02-19,RELIANCE,NSE
0,20,260,2169.7,2169.7,0.0,2.304466055215007,-0.023369036027263874,-0.02377858627858628,80.0,0.0,0.0,flat,0,2026-02-19,TCS,NSE
5000,20,260,2148.0,2148.0,0.0,2.3277467411545625,-0.023369036027263874,-0.02377858627858628,80.0,0.0,0.0,flat,0,2026-02-19,TCS,NSE
10000,20,260,2139.1,2139.1,0.0,2.337431630124819,0.00791295746785361,0.009107708553326294,80.0,0.0,0.0,flat,0,2026-02-19,TCS,NSE
20000,20,260,2147.9,2147.9,0.0,2.327855114297686,0.015732546705998034,0.014041994750656168,80.0,0.0,0.0,flat,0,2026-02-19,TCS,NSE
50000,20,260,2130.9,2130.9,0.0,2.346426392604064,-0.014598540145985401,-0.015305412550438291,60.0,0.0,0.0,flat,0,2026-02-19,TCS,NSE
0,20,260,1320.9,1320.9,0.0,1.514119161178329,0.02554278416347382,0.026764405046027957,60.0,0.0,0.0,flat,0,2026-02-20,AXISBANK,NSE
5000,20,260,1318.1,1318.1,0.0,1.5173355587591646,0.026281208935611037,0.02455709524644799,60.0,0.0,0.0,flat,0,2026-02-20,AXISBANK,NSE
10000,20,260,1322.6,1322.6,0.0,1.5121729925906964,0.012453300124533,0.01379654255319149,60.0,0.0,0.0,flat,0,2026-02-20,AXISBANK,NSE
20000,20,260,1324.1,1324.1,0.0,1.5104599350505663,0.03361344537815126,0.03396891523794264,60.0,0.0,0.0,flat,0,2026-02-20,AXISBANK,NSE
50000,20,260,1318.3000000000002,1318.3000000000002,0.0,1.5171053629678029,0.014687882496940025,0.012904279647174126,60.0,0.0,0.0,flat,0,2026-02-20,AXISBANK,NSE
0,20,260,1225.6999999999998,1225.6999999999998,0.0,2.4475809741368573,-0.2815884476534296,-0.2828461291358818,60.0,0.0,0.0,flat,0,2026-02-20,HCLTECH,NSE
5000,20,260,1223.0,1223.0,0.0,2.4529844644332126,-0.2928104575163399,-0.29256803907885554,60.0,0.0,0.0,flat,0,2026-02-20,HCLTECH,NSE
10000,20,260,1229.6999999999998,1229.6999999999998,0.0,2.4396194193702088,-0.2968553459119497,-0.2986903962390866,60.0,0.0,0.0,flat,0,2026-02-20,HCLTECH,NSE
20000,20,260,1233.3000000000002,1233.3000000000002,0.0,2.432498175625999,-0.2809917355371901,-0.2811662726556344,60.0,0.0,0.0,flat,0,2026-02-20,HCLTECH,NSE
50000,20,260,1222.6999999999998,1222.6999999999998,0.0,2.4535863253451753,-0.30324909747292417,-0.3041593062469889,60.0,0.0,0.0,flat,0,2026-02-20,HCLTECH,NSE
0,20,260,816.5999999999999,816.5999999999999,0.0,1.2245897624298647,-0.5800240673886883,-0.5802409638554217,60.0,0.0,0.0,flat,0,2026-02-20,HDFCBANK,NSE
5000,20,260,822.5999999999999,822.5999999999999,0.0,1.2156576708001794,-0.5710560625814863,-0.5709312445604874,60.0,0.0,0.0,flat,0,2026-02-20,HDFCBANK,NSE
10000,20,260,820.0,820.0,0.0,1.219512195120842,-0.5767790262172284,-0.5772371271454757,60.0,0.0,0.0,flat,0,2026-02-20,HDFCBANK,NSE
20000,20,260,820.5999999999999,820.5999999999999,0.0,1.2186205215698604,-0.5754838709677419,-0.5747502583534275,60.0,0.0,0.0,flat,0,2026-02-20,HDFCBANK,NSE
50000,20,260,819.05,819.05,0.0,1.2209266833529424,-0.5710491367861886,-0.5719602977667494,40.0,0.0,0.0,flat,0,2026-02-20,HDFCBANK,NSE
0,20,260,1403.1999999999998,1403.1999999999998,0.0,1.425313568985501,-0.3655083655083655,-0.365807560137457,60.0,0.0,0.0,flat,0,2026-02-20,ICICIBANK,NSE
5000,20,260,1399.1999999999998,1399.1999999999998,0.0,1.4293882218413774,-0.3691899070385126,-0.36932624113475176,40.0,0.0,0.0,flat,0,2026-02-20,ICICIBANK,NSE
10000,20,260,1405.6999999999998,1405.6999999999998,0.0,1.4227786867755958,-0.374845869297164,-0.3760697827518104,60.0,0.0,0.0,flat,0,2026-02-20,ICICIBANK,NSE
20000,20,260,1403.4,1403.4,0.0,1.4251104460598933,-0.3732303732303732,-0.37278818072496134,60.0,0.0,0.0,flat,0,2026-02-20,ICICIBANK,NSE
50000,20,260,1402.6999999999998,1402.6999999999998,0.0,1.4258216297144473,-0.3598531211750306,-0.36072537167129554,60.0,0.0,0.0,flat,0,2026-02-20,ICICIBANK,NSE
0,20,260,1103.6999999999998,1103.6999999999998,0.0,1.8120866177407402,-0.1802252816020025,-0.1805880387570999,60.0,0.0,0.0,flat,0,2026-02-20,INFY,NSE
5000,20,260,1102.8000000000002,1102.8000000000002,0.0,1.8135654697138686,-0.1832258064516129,-0.18377540475370308,60.0,0.0,0.0,flat,0,2026-02-20,INFY,NSE
10000,20,260,1108.8000000000002,1108.8000000000002,0.0,1.8037518037522136,-0.19578686493184635,-0.19546882751777742,60.0,0.0,0.0,flat,0,2026-02-20,INFY,NSE
20000,20,260,1107.1999999999998,1107.1999999999998,0.0,1.8063583815033013,-0.18562091503267975,-0.18530797417553654,60.0,0.0,0.0,flat,0,2026-02-20,INFY,NSE
50000,20,260,1107.5,1107.5,0.0,1.805869074490457,-0.18369987063389392,-0.1838743093922652,60.0,0.0,0.0,flat,0,2026-02-20,INFY,NSE
0,20,260,1298.3000000000002,1298.3000000000002,0.0,1.5404760070865398,0.44589308996088656,0.445353289244692,60.0,0.0,0.0,flat,0,2026-02-20,RELIANCE,NSE
5000,20,260,1304.8000000000002,1304.8000000000002,0.0,1.5328019619868596,0.43757725587144625,0.436891602045867,60.0,0.0,0.0,flat,0,2026-02-20,RELIANCE,NSE
10000,20,260,1304.3000000000002,1304.3000000000002,0.0,1.533389557617461,0.45223700120918986,0.4529459241323648,60.0,0.0,0.0,flat,0,2026-02-20,RELIANCE,NSE
20000,20,260,1303.9,1303.9,0.0,1.53385995858613,0.4423841059602649,0.443344528902245,40.0,0.0,0.0,flat,0,2026-02-20,RELIANCE,NSE
50000,20,260,1301.9,1301.9,0.0,1.5362162992552844,0.4496894409937888,0.4502487562189055,60.0,0.0,0.0,flat,0,2026-02-20,RELIANCE,NSE
0,20,260,2186.7,2186.7,0.0,1.8292404079210272,0.0,0.0,60.0,0.0,0.0,flat,0,2026-02-20,TCS,NSE
5000,20,260,2180.3,2180.3,0.0,1.8346099160670133,-0.005284015852047556,-0.005467372134038801,40.0,0.0,0.0,flat,0,2026-02-20,TCS,NSE
10000,20,260,2190.8,2190.8,0.0,1.8258170531316913,0.0,-0.0026595744680851063,40.0,0.0,0.0,flat,0,2026-02-20,TCS,NSE
20000,20,260,2193.5,2193.5,0.0,1.8235696375638761,0.007255139056831923,0.0058092625463934166,60.0,0.0,0.0,flat,0,2026-02-20,TCS,NSE
50000,20,260,2190.8,2190.8,0.0,1.8258170531316913,0.0,-0.0008480325644504749,60.0,0.0,0.0,flat,0,2026-02-20,TCS,NSE
0,20,260,1319.5,1319.5,0.0,1.5157256536553096,0.014134275618374558,0.015401540154015401,60.0,0.0,0.0,flat,0,2026-02-23,AXISBANK,NSE
5000,20,260,1321.3000000000002,1321.3000000000002,0.0,1.513660788617615,0.017220172201722016,0.01921182266009852,60.0,0.0,0.0,flat,0,2026-02-23,AXISBANK,NSE
10000,20,260,1313.6999999999998,1313.6999999999998,0.0,1.5224175991477924,0.011350737797956867,0.010907438266929253,60.0,0.0,0.0,flat,0,2026-02-23,AXISBANK,NSE
20000,20,260,1318.1999999999998,1318.1999999999998,0.0,1.51722045213204,0.026602176541717048,0.025504439063761097,60.0,0.0,0.0,flat,0,2026-02-23,AXISBANK,NSE
50000,20,260,1318.6,1318.6,0.0,1.5167602002126914,0.006644518272425249,0.00812887969258055,60.0,0.0,0.0,flat,0,2026-02-23,AXISBANK,NSE
0,20,260,1217.4,1217.4,0.0,2.464268112370252,-0.3022432113341204,-0.30102442868400314,60.0,0.0,0.0,flat,0,2026-02-23,HCLTECH,NSE
5000,20,260,1221.3000000000002,1221.3000000000002,0.0,2.456398919184103,-0.2888086642599278,-0.2899132669450691,60.0,0.0,0.0,flat,0,2026-02-23,HCLTECH,NSE
10000,20,260,1222.5,1222.5,0.0,2.4539877300628374,-0.29647630619684084,-0.2963023029516704,60.0,0.0,0.0,flat,0,2026-02-23,HCLTECH,NSE
20000,20,260,1220.4,1220.4,0.0,2.45821042281182,-0.298932384341637,-0.29824283678961533,60.0,0.0,0.0,flat,0,2026-02-23,HCLTECH,NSE
50000,20,260,1223.8000000000002,1223.8000000000002,0.0,2.4513809445984185,-0.297719087635054,-0.2982371794871795,60.0,0.0,0.0,flat,0,2026-02-23,HCLTECH,NSE
0,20,260,818.1500000000001,818.1500000000001,0.0,1.2222697549351917,-0.5670945157526255,-0.5672013705030369,60.0,0.0,0.0,flat,0,2026-02-23,HDFCBANK,NSE
5000,20,260,817.55,817.55,0.0,1.2231667787905662,-0.5731857318573186,-0.5732348111658456,60.0,0.0,0.0,flat,0,2026-02-23,HDFCBANK,NSE
10000,20,260,813.8,813.8,0.0,1.2288031457363324,-0.5773195876288659,-0.5787461773700305,60.0,0.0,0.0,flat,0,2026-02-23,HDFCBANK,NSE
20000,20,260,815.8499999999999,815.8499999999999,0.0,1.225715511430076,-0.574793875147232,-0.5765057398962101,60.0,0.0,0.0,flat,0,2026-02-23,HDFCBANK,NSE
50000,20,260,817.25,817.25,0.0,1.2236157846425089,-0.578397212543554,-0.5775848705627035,60.0,0.0,0.0,flat,0,2026-02-23,HDFCBANK,NSE
0,20,260,1402.1,1402.1,0.0,1.426431780900403,-0.37280187573270807,-0.37458926615553123,60.0,0.0,0.0,flat,0,2026-02-23,ICICIBANK,NSE
5000,20,260,1405.3000000000002,1405.3000000000002,0.0,1.4231836618518854,-0.3613348676639816,-0.36144393241167433,60.0,0.0,0.0,flat,0,2026-02-23,ICICIBANK,NSE
10000,20,260,1403.9,1403.9,0.0,1.4246028919441946,-0.36900369003690037,-0.3702791461412151,60.0,0.0,0.0,flat,0,2026-02-23,ICICIBANK,NSE
20000,20,260,1405.0,1405.0,0.0,1.423487544482691,-0.35243243243243244,-0.3536796536796537,60.0,0.0,0.0,flat,0,2026-02-23,ICICIBANK,NSE
50000,20,260,1405.9,1405.9,0.0,1.4225762856536417,-0.36257309941520466,-0.36231657820793006,60.0,0.0,0.0,flat,0,2026-02-23,ICICIBANK,NSE
0,20,260,1102.0,1102.0,0.0,1.814882032666226,-0.19460726846424384,-0.19433578469723048,60.0,0.0,0.0,flat,0,2026-02-23,INFY,NSE
5000,20,260,1106.6999999999998,1106.6999999999998,0.0,1.8071744826967153,-0.18181818181818182,-0.18137409391742831,60.0,0.0,0.0,flat,0,2026-02-23,INFY,NSE
10000,20,260,1105.6,1105.6,0.0,1.8089725036183566,-0.19308700834326578,-0.19220365950676213,60.0,0.0,0.0,flat,0,2026-02-23,INFY,NSE
20000,20,260,1101.5,1101.5,0.0,1.8157058556497332,-0.18679950186799502,-0.18719866999168744,60.0,0.0,0.0,flat,0,2026-02-23,INFY,NSE
50000,20,260,1104.1999999999998,1104.1999999999998,0.0,1.8112660749868277,-0.18955042527339003,-0.19010543390105433,60.0,0.0,0.0,flat,0,2026-02-23,INFY,NSE
0,20,260,1297.9,1297.9,0.0,1.5409507666233566,0.4457978075517661,0.4464314745569826,60.0,0.0,0.0,flat,0,2026-02-23,RELIANCE,NSE
5000,20,260,1296.1999999999998,1296.1999999999998,0.0,1.542971763617077,0.44143033292231815,0.44232351489221655,60.0,0.0,0.0,flat,0,2026-02-23,RELIANCE,NSE
10000,20,260,1295.3000000000002,1295.3000000000002,0.0,1.5440438508457148,0.440925700365408,0.4418793692082588,60.0,0.0,0.0,flat,0,2026-02-23,RELIANCE,NSE
20000,20,260,1291.6999999999998,1291.6999999999998,0.0,1.548347139429012,0.4378698224852071,0.4387932396145949,60.0,0.0,0.0,flat,0,2026-02-23,RELIANCE,NSE
50000,20,260,1291.4,1291.4,0.0,1.5487068297974715,0.4367015098722416,0.4371415284452023,60.0,0.0,0.0,flat,0,2026-02-23,RELIANCE,NSE
0,20,260,2175.7,2175.7,0.0,2.2981109527968013,-0.014167650531286895,-0.01307910494799874,60.0,0.0,0.0,flat,0,2026-02-23,TCS,NSE
5000,20,260,2182.6,2182.6,0.0,2.2908457802620728,0.0,-0.0016257519102584946,60.0,0.0,0.0,flat,0,2026-02-23,TCS,NSE
10000,20,260,2182.0,2182.0,0.0,2.2914757103574703,-0.01410105757931845,-0.013172338090010977,60.0,0.0,0.0,flat,0,2026-02-23,TCS,NSE
20000,20,260,2173.9,2173.9,0.0,2.3000138000828003,0.0,-0.000638060296698038,60.0,0.0,0.0,flat,0,2026-02-23,TCS,NSE
50000,20,260,2173.3,2173.3,0.0,2.3006487829567934,-0.007380073800738007,-0.006730137885751806,60.0,0.0,0.0,flat,0,2026-02-23,TCS,NSE
0,20,260,1320.3,1320.3,0.0,3.7870181019465274,0.02593192868719611,0.02596840510711967,40.0,0.0,0.0,flat,0,2026-02-24,AXISBANK,NSE
5000,20,260,1324.1,1324.1,0.0,3.776149837625557,0.026446280991735537,0.023609885260370698,40.0,0.0,0.0,flat,0,2026-02-24,AXISBANK,NSE
10000,20,260,1324.1,1324.1,0.0,3.776149837625557,0.025682182985553772,0.026140989929290766,40.0,0.0,0.0,flat,0,2026-02-24,AXISBANK,NSE
20000,20,260,1318.2,1318.2,0.0,3.7930511303292365,0.01938610662358643,0.018554476806903992,40.0,0.0,0.0,flat,0,2026-02-24,AXISBANK,NSE
50000,20,260,1312.8,1312.8,0.0,3.808653260207191,0.02618657937806874,0.02513111888111888,40.0,0.0,0.0,flat,0,2026-02-24,AXISBANK,NSE
0,20,260,1219.6,1219.6,0.0,4.919645785504563,-0.2889983579638752,-0.29072571804428854,40.0,0.0,0.0,flat,0,2026-02-24,HCLTECH,NSE
5000,20,260,1223.7,1223.7,0.0,4.903162539837452,-0.2874432677760968,-0.28479095132296506,40.0,0.0,0.0,flat,0,2026-02-24,HCLTECH,NSE
10000,20,260,1224.4,1224.4,0.0,4.900359359687491,-0.2866141732283465,-0.2874264087468461,40.0,0.0,0.0,flat,0,2026-02-24,HCLTECH,NSE
20000,20,260,1216.2,1216.2,0.0,4.933399111987412,-0.2966507177033493,-0.29748722316865417,40.0,0.0,0.0,flat,0,2026-02-24,HCLTECH,NSE
50000,20,260,1213.0,1213.0,0.0,4.94641384995803,-0.29421487603305785,-0.2933774834437086,40.0,0.0,0.0,flat,0,2026-02-24,HCLTECH,NSE
0,20,260,820.4,820.4,0.0,3.047294002925402,-0.568659127625202,-0.569333620875566,40.0,0.0,0.0,flat,0,2026-02-24,HDFCBANK,NSE
5000,20,260,823.0,823.0,0.0,3.0376670716889427,-0.5660964230171073,-0.5663275897861739,40.0,0.0,0.0,flat,0,2026-02-24,HDFCBANK,NSE
10000,20,260,820.7,820.7,0.0,3.0461800901669305,-0.5751211631663974,-0.5751887810140237,40.0,0.0,0.0,flat,0,2026-02-24,HDFCBANK,NSE
20000,20,260,816.05,816.05,0.0,3.0635377734207463,-0.5751211631663974,-0.5751887810140237,40.0,0.0,0.0,flat,0,2026-02-24,HDFCBANK,NSE
50000,20,260,812.8,812.8,0.0,3.0757874015748032,-0.5704809286898839,-0.5720611025016604,40.0,0.0,0.0,flat,0,2026-02-24,HDFCBANK,NSE
0,20,260,1402.7,1402.7,0.0,3.564554074285307,-0.36661211129296234,-0.367052654577234,40.0,0.0,0.0,flat,0,2026-02-24,ICICIBANK,NSE
5000,20,260,1405.2,1405.2,0.0,3.5582123541132935,-0.37282780410742494,-0.37486822686063676,40.0,0.0,0.0,flat,0,2026-02-24,ICICIBANK,NSE
10000,20,260,1405.6,1405.6,0.0,3.557199772339215,-0.36541598694942906,-0.36666666666666664,40.0,0.0,0.0,flat,0,2026-02-24,ICICIBANK,NSE
20000,20,260,1394.8,1394.8,0.0,3.584743332377402,-0.36902800658978585,-0.36889573251209856,40.0,0.0,0.0,flat,0,2026-02-24,ICICIBANK,NSE
50000,20,260,1397.0,1397.0,0.0,3.5790980672870436,-0.3719412724306688,-0.3720322369854062,40.0,0.0,0.0,flat,0,2026-02-24,ICICIBANK,NSE
0,20,260,1099.2,1099.2,0.0,4.548762736535663,-0.1886178861788618,-0.18971130887779467,40.0,0.0,0.0,flat,0,2026-02-24,INFY,NSE
5000,20,260,1102.1,1102.1,0.0,4.536793394428818,-0.19249592169657423,-0.19037246787192333,40.0,0.0,0.0,flat,0,2026-02-24,INFY,NSE
10000,20,260,1100.6,1100.6,0.0,4.54297655824096,-0.18940609951845908,-0.19138448349764253,40.0,0.0,0.0,flat,0,2026-02-24,INFY,NSE
20000,20,260,1092.1,1092.1,0.0,4.578335317278638,-0.1934477379095164,-0.1949593834617788,40.0,0.0,0.0,flat,0,2026-02-24,INFY,NSE
50000,20,260,1089.9,1089.9,0.0,4.587576841912101,-0.1896838602329451,-0.1879582315041102,40.0,0.0,0.0,flat,0,2026-02-24,INFY,NSE
0,20,260,1304.4,1304.4,0.0,3.0665440049054244,0.45190839694656487,0.4523033020790868,40.0,0.0,0.0,flat,0,2026-02-24,RELIANCE,NSE
5000,20,260,1302.5,1302.5,0.0,3.071017274472867,0.43980738362760835,0.44115755627009645,40.0,0.0,0.0,flat,0,2026-02-24,RELIANCE,NSE
10000,20,260,1304.4,1304.4,0.0,3.0665440049054244,0.4458804523424879,0.44628990509059535,40.0,0.0,0.0,flat,0,2026-02-24,RELIANCE,NSE
20000,20,260,1295.1,1295.1,0.0,3.088564589605927,0.44227642276422763,0.44125950054288815,40.0,0.0,0.0,flat,0,2026-02-24,RELIANCE,NSE
50000,20,260,1285.3,1285.3,0.0,3.1121139033695706,0.44297520661157025,0.44272787464135954,40.0,0.0,0.0,flat,0,2026-02-24,RELIANCE,NSE
0,20,260,2179.6,2179.6,0.0,3.6703982382096805,-0.012718600953895072,-0.012521222410865875,40.0,0.0,0.0,flat,0,2026-02-24,TCS,NSE
5000,20,260,2180.8,2180.8,0.0,3.6683785766678607,-0.013050570962479609,-0.007186411149825784,40.0,0.0,0.0,flat,0,2026-02-24,TCS,NSE
10000,20,260,2187.2,2187.2,0.0,3.6576444769555927,0.0,0.0004177982034677251,40.0,0.0,0.0,flat,0,2026-02-24,TCS,NSE
20000,20,260,2169.5,2169.5,0.0,3.68748559576023,-0.012924071082390954,-0.010787486515641856,40.0,0.0,0.0,flat,0,2026-02-24,TCS,NSE
50000,20,260,2168.8,2168.8,0.0,3.688675765398963,0.0,0.0004206098843322818,40.0,0.0,0.0,flat,0,2026-02-24,TCS,NSE
0,20,260,1318.1,1318.1,0.0,1.5173355587591646,0.019363762102351315,0.019198818534244048,40.0,0.0,0.0,flat,0,2026-02-25,AXISBANK,NSE
5000,20,260,1323.1999999999998,1323.1999999999998,0.0,1.5114873035069945,0.027359781121751026,0.02629176556509038,40.0,0.0,0.0,flat,0,2026-02-25,AXISBANK,NSE
10000,20,260,1318.8000000000002,1318.8000000000002,0.0,1.5165301789509056,0.016689847009735744,0.017449415258956748,40.0,0.0,0.0,flat,0,2026-02-25,AXISBANK,NSE
20000,20,260,1318.4,1318.4,0.0,1.5169902912624809,0.03337612323491656,0.03461868037703513,60.0,0.0,0.0,flat,0,2026-02-25,AXISBANK,NSE
50000,20,260,1304.0,1304.0,0.0,1.5337423312869485,0.022566995768688293,0.022971191865938618,40.0,0.0,0.0,flat,0,2026-02-25,AXISBANK,NSE
0,20,260,1220.8000000000002,1220.8000000000002,0.0,2.4574049803403875,-0.29850746268656714,-0.29922115558775586,40.0,0.0,0.0,flat,0,2026-02-25,HCLTECH,NSE
5000,20,260,1223.8000000000002,1223.8000000000002,0.0,2.4513809445984185,-0.29001367989056087,-0.28920942121599413,40.0,0.0,0.0,flat,0,2026-02-25,HCLTECH,NSE
10000,20,260,1221.1999999999998,1221.1999999999998,0.0,2.456600065508963,-0.28879892037786775,-0.2878760583678616,40.0,0.0,0.0,flat,0,2026-02-25,HCLTECH,NSE
20000,20,260,1217.9,1217.9,0.0,2.4632564249934683,-0.29763560500695413,-0.29661961367013373,40.0,0.0,0.0,flat,0,2026-02-25,HCLTECH,NSE
50000,20,260,1216.6,1216.6,0.0,2.4658885418375354,-0.2960969044414536,-0.29877829680201223,40.0,0.0,0.0,flat,0,2026-02-25,HCLTECH,NSE
0,20,260,817.8,817.8,0.0,1.2227928588899823,-0.5753803596127247,-0.5749354005167958,40.0,0.0,0.0,flat,0,2026-02-25,HDFCBANK,NSE
5000,20,260,819.0,819.0,0.0,1.2210012210001104,-0.5690376569037657,-0.5704710482219326,40.0,0.0,0.0,flat,0,2026-02-25,HDFCBANK,NSE
10000,20,260,817.2,817.2,0.0,1.2236906510037044,-0.5726141078838174,-0.5746213520502401,40.0,0.0,0.0,flat,0,2026-02-25,HDFCBANK,NSE
20000,20,260,816.9000000000001,816.9000000000001,0.0,1.2241400416210395,-0.561941251596424,-0.5633418584825235,60.0,0.0,0.0,flat,0,2026-02-25,HDFCBANK,NSE
50000,20,260,814.55,814.55,0.0,1.2276717205821956,-0.5767690253671562,-0.5773618538324421,40.0,0.0,0.0,flat,0,2026-02-25,HDFCBANK,NSE
0,20,260,1402.4,1402.4,0.0,1.4261266400459602,-0.37516869095816463,-0.37506755539542425,40.0,0.0,0.0,flat,0,2026-02-25,ICICIBANK,NSE
5000,20,260,1406.1999999999998,1406.1999999999998,0.0,1.4222727919218143,-0.3604806408544726,-0.36178934236321514,40.0,0.0,0.0,flat,0,2026-02-25,ICICIBANK,NSE
10000,20,260,1404.1999999999998,1404.1999999999998,0.0,1.424298532972835,-0.37130801687763715,-0.37082238077356366,40.0,0.0,0.0,flat,0,2026-02-25,ICICIBANK,NSE
20000,20,260,1404.4,1404.4,0.0,1.424095699231312,-0.3577863577863578,-0.358701254080055,60.0,0.0,0.0,flat,0,2026-02-25,ICICIBANK,NSE
50000,20,260,1396.6,1396.6,0.0,1.4320492624949555,-0.376158940397351,-0.3764144271570014,40.0,0.0,0.0,flat,0,2026-02-25,ICICIBANK,NSE
0,20,260,1099.0,1099.0,0.0,1.8198362147390181,-0.18862690707350901,-0.18959451953341974,40.0,0.0,0.0,flat,0,2026-02-25,INFY,NSE
5000,20,260,1100.0,1100.0,0.0,1.8181818181801646,-0.18381344307270234,-0.1836996336996337,40.0,0.0,0.0,flat,0,2026-02-25,INFY,NSE
10000,20,260,1097.5,1097.5,0.0,1.8223234624129212,-0.18862690707350901,-0.18959451953341974,40.0,0.0,0.0,flat,0,2026-02-25,INFY,NSE
20000,20,260,1093.1,1093.1,0.0,1.8296587686400647,-0.19710906701708278,-0.19645676197158393,60.0,0.0,0.0,flat,0,2026-02-25,INFY,NSE
50000,20,260,1089.1,1089.1,0.0,1.8363786612803734,-0.20025673940949937,-0.1998286203941731,60.0,0.0,0.0,flat,0,2026-02-25,INFY,NSE
0,20,260,1296.1,1296.1,0.0,1.5430908108945722,0.44195804195804195,0.44193427931292006,40.0,0.0,0.0,flat,0,2026-02-25,RELIANCE,NSE
5000,20,260,1298.1999999999998,1298.1999999999998,0.0,1.540594669542794,0.44625850340136053,0.44852006537134553,40.0,0.0,0.0,flat,0,2026-02-25,RELIANCE,NSE
10000,20,260,1295.4,1295.4,0.0,1.543924656477115,0.4407252440725244,0.4413626209977662,40.0,0.0,0.0,flat,0,2026-02-25,RELIANCE,NSE
20000,20,260,1290.8000000000002,1290.8000000000002,0.0,1.549426712116869,0.4343302990897269,0.43464676271480646,60.0,0.0,0.0,flat,0,2026-02-25,RELIANCE,NSE
50000,20,260,1293.1,1293.1,0.0,1.5466707911224615,0.45278137128072443,0.4527715420480055,60.0,0.0,0.0,flat,0,2026-02-25,RELIANCE,NSE
0,20,260,2175.7,2175.7,0.0,1.838488762237859,-0.013679890560875513,-0.011685229140040169,40.0,0.0,0.0,flat,0,2026-02-25,TCS,NSE
5000,20,260,2183.0,2183.0,0.0,1.8323408153899965,0.0,-0.0005432814197754436,40.0,0.0,0.0,flat,0,2026-02-25,TCS,NSE
10000,20,260,2174.8999999999996,2174.8999999999996,0.0,1.8391650190817557,-0.005517241379310344,-0.008101638740563431,40.0,0.0,0.0,flat,0,2026-02-25,TCS,NSE
20000,20,260,2173.8,2173.8,0.0,1.840095684976037,0.0076824583866837385,0.007178260126474107,60.0,0.0,0.0,flat,0,2026-02-25,TCS,NSE
50000,20,260,2164.3999999999996,2164.3999999999996,0.0,1.8480872297176631,-0.013458950201884253,-0.012574097359439554,40.0,0.0,0.0,flat,0,2026-02-25,TCS,NSE
0,20,260,1316.1,1316.1,0.0,1.519641364638291,0.011299435028248588,0.010858090785703513,60.0,0.0,0.0,flat,0,2026-02-26,AXISBANK,NSE
5000,20,260,1315.0,1315.0,0.0,1.520912547527134,0.024906600249066,0.023932192122320093,60.0,0.0,0.0,flat,0,2026-02-26,AXISBANK,NSE
10000,20,260,1318.6,1318.6,0.0,1.5167602002126914,0.04467005076142132,0.04673530208615551,80.0,0.0,0.0,flat,0,2026-02-26,AXISBANK,NSE
20000,20,260,1323.1,1323.1,0.0,1.5116015418339166,0.024242424242424242,0.025238634525157743,60.0,0.0,0.0,flat,0,2026-02-26,AXISBANK,NSE
50000,20,260,1318.5,1318.5,0.0,1.5168752370103762,0.011454753722794959,0.011924782143403149,60.0,0.0,0.0,flat,0,2026-02-26,AXISBANK,NSE
0,20,260,1214.4,1214.4,0.0,2.4703557312249216,-0.30011723329425555,-0.29990613266583227,60.0,0.0,0.0,flat,0,2026-02-26,HCLTECH,NSE
5000,20,260,1212.0,1212.0,0.0,2.475247524753976,-0.30011454753722794,-0.30178871732151047,60.0,0.0,0.0,flat,0,2026-02-26,HCLTECH,NSE
10000,20,260,1224.6999999999998,1224.6999999999998,0.0,2.4495794888540425,-0.285385500575374,-0.2859775764091537,60.0,0.0,0.0,flat,0,2026-02-26,HCLTECH,NSE
20000,20,260,1227.0,1227.0,0.0,2.4449877750626072,-0.2902829028290283,-0.29136572554169404,60.0,0.0,0.0,flat,0,2026-02-26,HCLTECH,NSE
50000,20,260,1228.4,1228.4,0.0,2.4422012373815902,-0.2909987669543773,-0.29180381830151414,60.0,0.0,0.0,flat,0,2026-02-26,HCLTECH,NSE
0,20,260,814.6500000000001,814.6500000000001,0.0,1.2275210212977687,-0.5764294049008168,-0.577480143279863,60.0,0.0,0.0,flat,0,2026-02-26,HDFCBANK,NSE
5000,20,260,817.3,817.3,0.0,1.2235409274443014,-0.5707257072570726,-0.5710768220617203,60.0,0.0,0.0,flat,0,2026-02-26,HDFCBANK,NSE
10000,20,260,816.5999999999999,816.5999999999999,0.0,1.2245897624298647,-0.5782857142857143,-0.5791641244661379,60.0,0.0,0.0,flat,0,2026-02-26,HDFCBANK,NSE
20000,20,260,820.8,820.8,0.0,1.2183235867449165,-0.5700365408038977,-0.5703137701186799,60.0,0.0,0.0,flat,0,2026-02-26,HDFCBANK,NSE
50000,20,260,815.55,815.55,0.0,1.2261663907795075,-0.5774155995343423,-0.5775326289620882,60.0,0.0,0.0,flat,0,2026-02-26,HDFCBANK,NSE
0,20,260,1403.6999999999998,1403.6999999999998,0.0,1.4248058702005093,-0.3757292882147025,-0.37564242329855163,60.0,0.0,0.0,flat,0,2026-02-26,ICICIBANK,NSE
5000,20,260,1401.1,1401.1,0.0,1.4274498608239634,-0.36900369003690037,-0.36808405844688885,60.0,0.0,0.0,flat,0,2026-02-26,ICICIBANK,NSE
10000,20,260,1406.3000000000002,1406.3000000000002,0.0,1.4221716561192168,-0.3669501822600243,-0.3666882906260136,60.0,0.0,0.0,flat,0,2026-02-26,ICICIBANK,NSE
20000,20,260,1414.1999999999998,1414.1999999999998,0.0,1.4142271248765768,-0.3580110497237569,-0.3573746312684366,60.0,0.0,0.0,flat,0,2026-02-26,ICICIBANK,NSE
50000,20,260,1409.0,1409.0,0.0,1.419446415896509,-0.3742550655542312,-0.373587907716786,60.0,0.0,0.0,flat,0,2026-02-26,ICICIBANK,NSE
0,20,260,1098.6,1098.6,0.0,1.8204988166761833,-0.19977553310886645,-0.1993708807669263,60.0,0.0,0.0,flat,0,2026-02-26,INFY,NSE
5000,20,260,1097.5,1097.5,0.0,1.8223234624129212,-0.18224852071005918,-0.18190431075319755,60.0,0.0,0.0,flat,0,2026-02-26,INFY,NSE
10000,20,260,1103.1,1103.1,0.0,1.8130722509296118,-0.18604651162790697,-0.18559058977291293,60.0,0.0,0.0,flat,0,2026-02-26,INFY,NSE
20000,20,260,1100.8000000000002,1100.8000000000002,0.0,1.8168604651166917,-0.19415204678362574,-0.19403684046206682,60.0,0.0,0.0,flat,0,2026-02-26,INFY,NSE
50000,20,260,1102.4,1102.4,0.0,1.8142235123371322,-0.1911589008363202,-0.19199489714559081,60.0,0.0,0.0,flat,0,2026-02-26,INFY,NSE
0,20,260,1296.5,1296.5,0.0,1.5426147319692873,0.4362801377726751,0.43594851363775666,60.0,0.0,0.0,flat,0,2026-02-26,RELIANCE,NSE
5000,20,260,1299.0,1299.0,0.0,1.539645881445867,0.4444444444444444,0.445639771801141,60.0,0.0,0.0,flat,0,2026-02-26,RELIANCE,NSE
10000,20,260,1297.9,1297.9,0.0,1.5409507666233566,0.43919716646989376,0.4389475342681582,60.0,0.0,0.0,flat,0,2026-02-26,RELIANCE,NSE
20000,20,260,1298.1999999999998,1298.1999999999998,0.0,1.540594669542794,0.46403242147923,0.4638269100743746,80.0,0.0,0.0,flat,0,2026-02-26,RELIANCE,NSE
50000,20,260,1299.3000000000002,1299.3000000000002,0.0,1.5392903871318822,0.4335981838819523,0.4344796242993486,60.0,0.0,0.0,flat,0,2026-02-26,RELIANCE,NSE
0,20,260,2169.8,2169.8,0.0,2.3043598488339936,-0.013498312710911136,-0.016066066066066066,60.0,0.0,0.0,flat,0,2026-02-26,TCS,NSE
5000,20,260,2176.2,2176.2,0.0,2.297582942744233,-0.007237635705669481,-0.004347826086956522,60.0,0.0,0.0,flat,0,2026-02-26,TCS,NSE
10000,20,260,2185.3,2185.3,0.0,2.288015375463323,0.0,-0.001278568003835704,60.0,0.0,0.0,flat,0,2026-02-26,TCS,NSE
20000,20,260,2193.2,2193.2,0.0,2.279773846434434,0.006968641114982578,0.004960471244768253,60.0,0.0,0.0,flat,0,2026-02-26,TCS,NSE
50000,20,260,2193.9,2193.9,0.0,2.2790464469665888,0.0,-0.0021290533901080905,60.0,0.0,0.0,flat,0,2026-02-26,TCS,NSE
0,20,260,1315.2,1315.2,0.0,3.8017031630170313,0.010938924339106655,0.009854014598540146,80.0,0.0,0.0,flat,0,2026-02-27,AXISBANK,NSE
5000,20,260,1310.9,1310.9,0.0,3.814173468609352,-0.018168054504163512,-0.01716998283001717,100.0,0.0,0.0,flat,0,2026-02-27,AXISBANK,NSE
10000,20,260,1284.8,1284.8,0.0,3.8916562889165633,0.01091901728844404,0.010320543953375425,80.0,0.0,0.0,flat,0,2026-02-27,AXISBANK,NSE
20000,20,260,1298.5,1298.5,0.0,3.850596842510589,0.020387359836901122,0.020405387022173854,80.0,0.0,0.0,flat,0,2026-02-27,AXISBANK,NSE
50000,20,260,1326.8,1326.8,0.0,3.7684654808561957,0.0,0.0013766203969255478,80.0,0.0,0.0,flat,0,2026-02-27,AXISBANK,NSE
0,20,260,1214.9,1214.9,0.0,4.9386780805015755,-0.3036837376460018,-0.30460321265883483,80.0,0.0,0.0,flat,0,2026-02-27,HCLTECH,NSE
5000,20,260,1212.5,1212.5,0.0,4.948453608246673,-0.3081032947462155,-0.3087344028520499,80.0,0.0,0.0,flat,0,2026-02-27,HCLTECH,NSE
10000,20,260,1180.3,1180.3,0.0,5.0834533593146585,-0.3137254901960784,-0.31343113840554987,80.0,0.0,0.0,flat,0,2026-02-27,HCLTECH,NSE
20000,20,260,1182.8,1182.8,0.0,5.0727088265125895,-0.299722479185939,-0.3024317985433897,80.0,0.0,0.0,flat,0,2026-02-27,HCLTECH,NSE
50000,20,260,1214.1,1214.1,0.0,4.941932295528676,-0.2983638113570741,-0.29903660886319844,80.0,0.0,0.0,flat,0,2026-02-27,HCLTECH,NSE
0,20,260,815.85,815.85,0.0,3.064288778574493,-0.5854077253218885,-0.5853658536585366,80.0,0.0,0.0,flat,0,2026-02-27,HDFCBANK,NSE
5000,20,260,811.6,811.6,0.0,3.080335140463282,-0.5992673992673992,-0.6000977517106549,100.0,0.0,0.0,flat,0,2026-02-27,HDFCBANK,NSE
10000,20,260,802.7,802.7,0.0,3.11448860097172,-0.559656652360515,-0.5591570266865193,80.0,0.0,0.0,flat,0,2026-02-27,HDFCBANK,NSE
20000,20,260,814.85,814.85,0.0,3.0680493342332946,-0.5510688836104513,-0.5516002957642336,100.0,0.0,0.0,flat,0,2026-02-27,HDFCBANK,NSE
50000,20,260,826.8,826.8,0.0,3.0237058538945334,-0.5745310957551826,-0.5751547885654064,80.0,0.0,0.0,flat,0,2026-02-27,HDFCBANK,NSE
0,20,260,1390.7,1390.7,0.0,3.5953117135255623,-0.39068994181213634,-0.39023849140321687,100.0,0.0,0.0,flat,0,2026-02-27,ICICIBANK,NSE
5000,20,260,1401.0,1401.0,0.0,3.5688793718772307,-0.34258524980174465,-0.34260924769865625,100.0,0.0,0.0,flat,0,2026-02-27,ICICIBANK,NSE
10000,20,260,1362.7,1362.7,0.0,3.6691861745064944,-0.3792784458834413,-0.37871867670657944,80.0,0.0,0.0,flat,0,2026-02-27,ICICIBANK,NSE
20000,20,260,1385.4,1385.4,0.0,3.609065973725999,-0.34753550543024225,-0.3479375696767001,80.0,0.0,0.0,flat,0,2026-02-27,ICICIBANK,NSE
50000,20,260,1406.1,1406.1,0.0,3.5559348552734518,-0.3617224880382775,-0.3624058230111097,80.0,0.0,0.0,flat,0,2026-02-27,ICICIBANK,NSE
0,20,260,1099.8,1099.8,0.0,4.546281142025823,-0.20125786163522014,-0.20151042915368017,80.0,0.0,0.0,flat,0,2026-02-27,INFY,NSE
5000,20,260,1103.8,1103.8,0.0,4.52980612429788,-0.15987210231814547,-0.15953929828303295,100.0,0.0,0.0,flat,0,2026-02-27,INFY,NSE
10000,20,260,1071.8,1071.8,0.0,4.665049449524165,-0.17088055797733218,-0.17019543973941367,80.0,0.0,0.0,flat,0,2026-02-27,INFY,NSE
20000,20,260,1081.0,1081.0,0.0,4.6253469010175765,-0.20372010628875112,-0.20352204231178347,80.0,0.0,0.0,flat,0,2026-02-27,INFY,NSE
50000,20,260,1093.4,1093.4,0.0,4.572891896835559,-0.17543859649122806,-0.17656481025135534,80.0,0.0,0.0,flat,0,2026-02-27,INFY,NSE
0,20,260,1291.3,1291.3,0.0,3.0976535274536587,0.4274678111587983,0.4272133776199748,80.0,0.0,0.0,flat,0,2026-02-27,RELIANCE,NSE
5000,20,260,1295.2,1295.2,0.0,3.0883261272397386,0.4537968892955169,0.453912831156147,80.0,0.0,0.0,flat,0,2026-02-27,RELIANCE,NSE
10000,20,260,1258.9,1258.9,0.0,3.1773770752233186,0.4307692307692308,0.4323149378094433,80.0,0.0,0.0,flat,0,2026-02-27,RELIANCE,NSE
20000,20,260,1269.3,1269.3,0.0,3.151343260065319,0.4549590536851683,0.4544681884409908,80.0,0.0,0.0,flat,0,2026-02-27,RELIANCE,NSE
50000,20,260,1279.6,1279.6,0.0,3.1259768677701127,0.44555444555444557,0.44580722570323955,80.0,0.0,0.0,flat,0,2026-02-27,RELIANCE,NSE
0,20,260,2178.3,2178.3,0.0,3.6725887159699173,-0.010938924339106655,-0.014476885644768856,80.0,0.0,0.0,flat,0,2026-02-27,TCS,NSE
5000,20,260,2170.8,2170.8,0.0,3.685277317116856,-0.03190596137699412,-0.03069340203875882,80.0,0.0,0.0,flat,0,2026-02-27,TCS,NSE
10000,20,260,2124.9,2124.9,0.0,3.764883053321012,0.010462074978204011,0.010818985574685901,80.0,0.0,0.0,flat,0,2026-02-27,TCS,NSE
20000,20,260,2141.6,2141.6,0.0,3.735524841241044,0.010999083409715857,0.008560596795890914,80.0,0.0,0.0,flat,0,2026-02-27,TCS,NSE
50000,20,260,2183.1,2183.1,0.0,3.6645137648306623,0.01091901728844404,0.009106362311801846,80.0,0.0,0.0,flat,0,2026-02-27,TCS,NSE
0,20,260,1317.4,1317.4,0.0,1.518141794443946,0.014723926380368098,0.013104013104013105,60.0,0.0,0.0,flat,0,2026-03-02,AXISBANK,NSE
5000,20,260,1325.1999999999998,1325.1999999999998,0.0,1.5092061575614661,0.0322180916976456,0.0304383788254756,60.0,0.0,0.0,flat,0,2026-03-02,AXISBANK,NSE
10000,20,260,1329.6,1329.6,0.0,1.5042117930207994,0.03707995365005794,0.03774168600154679,60.0,0.0,0.0,flat,0,2026-03-02,AXISBANK,NSE
20000,20,260,1336.6999999999998,1336.6999999999998,0.0,1.49622203935098,0.020752269779507133,0.019909972299168976,60.0,0.0,0.0,flat,0,2026-03-02,AXISBANK,NSE
50000,20,260,1330.8000000000002,1330.8000000000002,0.0,1.5028554253084268,0.018111254851228976,0.017783149171270718,60.0,0.0,0.0,flat,0,2026-03-02,AXISBANK,NSE
0,20,260,1217.4,1217.4,0.0,2.464268112370252,-0.3080513418903151,-0.3081594518841482,60.0,0.0,0.0,flat,0,2026-03-02,HCLTECH,NSE
5000,20,260,1224.6999999999998,1224.6999999999998,0.0,2.4495794888540425,-0.28004667444574094,-0.27993149618558305,60.0,0.0,0.0,flat,0,2026-03-02,HCLTECH,NSE
10000,20,260,1225.3000000000002,1225.3000000000002,0.0,2.448379988573855,-0.30062111801242236,-0.30121081439708075,60.0,0.0,0.0,flat,0,2026-03-02,HCLTECH,NSE
20000,20,260,1228.9,1228.9,0.0,2.4412075840178575,-0.2924901185770751,-0.29294883066643224,60.0,0.0,0.0,flat,0,2026-03-02,HCLTECH,NSE
50000,20,260,1220.6,1220.6,0.0,2.4578076355886824,-0.3023543990086741,-0.30173697270471467,60.0,0.0,0.0,flat,0,2026-03-02,HCLTECH,NSE
0,20,260,817.5999999999999,817.5999999999999,0.0,1.2230919765169124,-0.5784919653893696,-0.5781224220425673,60.0,0.0,0.0,flat,0,2026-03-02,HDFCBANK,NSE
5000,20,260,819.7,819.7,0.0,1.2199585214105493,-0.5651644336175395,-0.5651113640058527,60.0,0.0,0.0,flat,0,2026-03-02,HDFCBANK,NSE
10000,20,260,824.0,824.0,0.0,1.2135922330086049,-0.5611175785797439,-0.5611309616280876,60.0,0.0,0.0,flat,0,2026-03-02,HDFCBANK,NSE
20000,20,260,827.75,827.75,0.0,1.2080942313489464,-0.5747724317295189,-0.5742058670369727,60.0,0.0,0.0,flat,0,2026-03-02,HDFCBANK,NSE
50000,20,260,824.5999999999999,824.5999999999999,0.0,1.2127091923359539,-0.574002574002574,-0.575158907404226,60.0,0.0,0.0,flat,0,2026-03-02,HDFCBANK,NSE
0,20,260,1400.9,1400.9,0.0,1.4276536512245375,-0.3757725587144623,-0.37584557003794755,60.0,0.0,0.0,flat,0,2026-03-02,ICICIBANK,NSE
5000,20,260,1407.8000000000002,1407.8000000000002,0.0,1.4206563432308952,-0.3618339529120198,-0.36226851851851855,60.0,0.0,0.0,flat,0,2026-03-02,ICICIBANK,NSE
10000,20,260,1407.6,1407.6,0.0,1.4208581983521276,-0.37608966376089664,-0.3756024596975237,60.0,0.0,0.0,flat,0,2026-03-02,ICICIBANK,NSE
20000,20,260,1416.3000000000002,1416.3000000000002,0.0,1.4121301984046137,-0.3716129032258065,-0.37220117120220464,60.0,0.0,0.0,flat,0,2026-03-02,ICICIBANK,NSE
50000,20,260,1413.0,1413.0,0.0,1.4154281670192363,-0.3657587548638132,-0.3669724770642202,60.0,0.0,0.0,flat,0,2026-03-02,ICICIBANK,NSE
0,20,260,1098.6999999999998,1098.6999999999998,0.0,1.82033312096155,-0.19732034104750304,-0.19769143228743294,60.0,0.0,0.0,flat,0,2026-03-02,INFY,NSE
5000,20,260,1102.6999999999998,1102.6999999999998,0.0,1.813729935613,-0.18369987063389392,-0.1838743093922652,60.0,0.0,0.0,flat,0,2026-03-02,INFY,NSE
10000,20,260,1106.9,1106.9,0.0,1.806847953745103,-0.1735052754982415,-0.17274291973087152,60.0,0.0,0.0,flat,0,2026-03-02,INFY,NSE
20000,20,260,1100.9,1100.9,0.0,1.8166954310114038,-0.19157088122605365,-0.19212410501193317,60.0,0.0,0.0,flat,0,2026-03-02,INFY,NSE
50000,20,260,1107.6999999999998,1107.6999999999998,0.0,1.8055430170627924,-0.1802252816020025,-0.1805880387570999,60.0,0.0,0.0,flat,0,2026-03-02,INFY,NSE
0,20,260,1296.6999999999998,1296.6999999999998,0.0,1.5423768026532392,0.4357405140758874,0.4361111111111111,60.0,0.0,0.0,flat,0,2026-03-02,RELIANCE,NSE
5000,20,260,1302.6999999999998,1302.6999999999998,0.0,1.5352728947573924,0.4496894409937888,0.45048930170840934,60.0,0.0,0.0,flat,0,2026-03-02,RELIANCE,NSE
10000,20,260,1303.3000000000002,1303.3000000000002,0.0,1.534566101435168,0.4418300653594771,0.4419050942079553,60.0,0.0,0.0,flat,0,2026-03-02,RELIANCE,NSE
20000,20,260,1312.5,1312.5,0.0,1.5238095238081377,0.43902439024390244,0.44054146675805345,60.0,0.0,0.0,flat,0,2026-03-02,RELIANCE,NSE
50000,20,260,1305.6999999999998,1305.6999999999998,0.0,1.5317454239108945,0.44806007509386736,0.44921483461409956,60.0,0.0,0.0,flat,0,2026-03-02,RELIANCE,NSE
0,20,260,2175.1000000000004,2175.1000000000004,0.0,1.8389959082345222,-0.021505376344086023,-0.01992984693877551,60.0,0.0,0.0,flat,0,2026-03-02,TCS,NSE
5000,20,260,2182.8999999999996,2182.8999999999996,0.0,1.8324247560588713,-0.007741935483870968,-0.004305890458146745,60.0,0.0,0.0,flat,0,2026-03-02,TCS,NSE
10000,20,260,2186.6000000000004,2186.6000000000004,0.0,1.8293240647584876,0.007237635705669481,0.006280193236714976,60.0,0.0,0.0,flat,0,2026-03-02,TCS,NSE
20000,20,260,2192.2,2192.2,0.0,1.8246510354898777,-0.012300123001230012,-0.014447545559021507,60.0,0.0,0.0,flat,0,2026-03-02,TCS,NSE
50000,20,260,2167.6000000000004,2167.6000000000004,0.0,1.8453589223108087,-0.02761795166858458,-0.02565284178187404,60.0,0.0,0.0,flat,0,2026-03-02,TCS,NSE
0,20,260,1299.5,1299.5,0.0,1.5390534821071034,0.044044044044044044,0.044889779559118236,80.0,0.0,0.0,flat,0,2026-03-03,AXISBANK,NSE
5000,20,260,1300.4,1300.4,0.0,1.5379883112891837,0.030267753201396973,0.02750155376009944,60.0,0.0,0.0,flat,0,2026-03-03,AXISBANK,NSE
10000,20,260,1295.6,1295.6,0.0,1.5436863229395297,0.011098779134295227,0.011553843874981484,60.0,0.0,0.0,flat,0,2026-03-03,AXISBANK,NSE
20000,20,260,1308.5,1308.5,0.0,1.5284677111182126,0.03954214360041623,0.03943896681016525,60.0,0.0,0.0,flat,0,2026-03-03,AXISBANK,NSE
50000,20,260,1298.8000000000002,1298.8000000000002,0.0,1.539882968894714,0.025730994152046785,0.02498048399687744,60.0,0.0,0.0,flat,0,2026-03-03,AXISBANK,NSE
0,20,260,1196.4,1196.4,0.0,3.343363423603005,-0.2794577685088634,-0.2787364319510159,60.0,0.0,0.0,flat,0,2026-03-03,HCLTECH,NSE
5000,20,260,1195.1,1195.1,0.0,3.347000251023877,-0.2968197879858657,-0.296494261908505,60.0,0.0,0.0,flat,0,2026-03-03,HCLTECH,NSE
10000,20,260,1192.4,1192.4,0.0,3.3545790003343137,-0.3086548488008342,-0.3093515168382967,60.0,0.0,0.0,flat,0,2026-03-03,HCLTECH,NSE
20000,20,260,1197.7,1197.7,0.0,3.339734491108716,-0.31023784901758017,-0.3106541540160088,60.0,0.0,0.0,flat,0,2026-03-03,HCLTECH,NSE
50000,20,260,1196.7,1196.7,0.0,3.3425252778481735,-0.286368843069874,-0.28802935330989143,60.0,0.0,0.0,flat,0,2026-03-03,HCLTECH,NSE
0,20,260,816.8499999999999,816.8499999999999,0.0,1.2242149721493878,-0.557711950970378,-0.5586912065439673,80.0,0.0,0.0,flat,0,2026-03-03,HDFCBANK,NSE
5000,20,260,816.4000000000001,816.4000000000001,0.0,1.2248897599218853,-0.5693950177935944,-0.5707726409119696,60.0,0.0,0.0,flat,0,2026-03-03,HDFCBANK,NSE
10000,20,260,818.9000000000001,818.9000000000001,0.0,1.2211503236051133,-0.5518553758325404,-0.5521838496698832,80.0,0.0,0.0,flat,0,2026-03-03,HDFCBANK,NSE
20000,20,260,818.9000000000001,818.9000000000001,0.0,1.2211503236051133,-0.571773220747889,-0.5721417069243157,60.0,0.0,0.0,flat,0,2026-03-03,HDFCBANK,NSE
50000,20,260,813.95,813.95,0.0,1.2285766939003961,-0.5654565456545655,-0.5652620760534429,60.0,0.0,0.0,flat,0,2026-03-03,HDFCBANK,NSE
0,20,260,1387.0,1387.0,0.0,1.4419610670498781,-0.34933605720122574,-0.35082458770614694,80.0,0.0,0.0,flat,0,2026-03-03,ICICIBANK,NSE
5000,20,260,1386.1999999999998,1386.1999999999998,0.0,1.4427932477279288,-0.37400228050171036,-0.3741631162507608,60.0,0.0,0.0,flat,0,2026-03-03,ICICIBANK,NSE
10000,20,260,1388.4,1388.4,0.0,1.440507058484914,-0.37252619324796277,-0.3724362958359229,60.0,0.0,0.0,flat,0,2026-03-03,ICICIBANK,NSE
20000,20,260,1393.3000000000002,1393.3000000000002,0.0,1.4354410392596386,-0.37485970819304154,-0.3760299625468165,60.0,0.0,0.0,flat,0,2026-03-03,ICICIBANK,NSE
50000,20,260,1387.3000000000002,1387.3000000000002,0.0,1.4416492467385962,-0.3737024221453287,-0.37351809083910703,60.0,0.0,0.0,flat,0,2026-03-03,ICICIBANK,NSE
0,20,260,1093.0,1093.0,0.0,1.829826166512517,-0.16786079836233367,-0.16789617486338798,60.0,0.0,0.0,flat,0,2026-03-03,INFY,NSE
5000,20,260,1090.4,1090.4,0.0,1.834189288334973,-0.19235225955967555,-0.19192700278379216,60.0,0.0,0.0,flat,0,2026-03-03,INFY,NSE
10000,20,260,1088.1999999999998,1088.1999999999998,0.0,1.837897445322969,-0.19715224534501644,-0.1978664328510887,60.0,0.0,0.0,flat,0,2026-03-03,INFY,NSE
20000,20,260,1093.8000000000002,1093.8000000000002,0.0,1.8284878405562757,-0.20437956204379562,-0.20442527136097968,60.0,0.0,0.0,flat,0,2026-03-03,INFY,NSE
50000,20,260,1086.9,1086.9,0.0,1.840095684976037,-0.176278563656148,-0.1758640720302062,60.0,0.0,0.0,flat,0,2026-03-03,INFY,NSE
0,20,260,1292.5,1292.5,0.0,1.5473887814299272,0.458546571136131,0.4595000682966808,60.0,0.0,0.0,flat,0,2026-03-03,RELIANCE,NSE
5000,20,260,1290.8000000000002,1290.8000000000002,0.0,1.549426712116869,0.43885714285714283,0.4386152203751716,60.0,0.0,0.0,flat,0,2026-03-03,RELIANCE,NSE
10000,20,260,1294.0,1294.0,0.0,1.5455950540944212,0.4439083232810615,0.443728868137176,60.0,0.0,0.0,flat,0,2026-03-03,RELIANCE,NSE
20000,20,260,1296.1999999999998,1296.1999999999998,0.0,1.542971763617077,0.4393063583815029,0.4394383582780435,60.0,0.0,0.0,flat,0,2026-03-03,RELIANCE,NSE
50000,20,260,1292.6999999999998,1292.6999999999998,0.0,1.5471493772727276,0.4522502744237102,0.45274725274725275,60.0,0.0,0.0,flat,0,2026-03-03,RELIANCE,NSE
0,20,260,2160.8,2160.8,0.0,2.313957793409848,0.01634320735444331,0.014585605234460196,80.0,0.0,0.0,flat,0,2026-03-03,TCS,NSE
5000,20,260,2157.3,2157.3,0.0,2.3177119547582627,-0.013714285714285714,-0.013270286760219647,60.0,0.0,0.0,flat,0,2026-03-03,TCS,NSE
10000,20,260,2152.7,2152.7,0.0,2.3226645607841316,-0.015300546448087432,-0.015463165572574763,60.0,0.0,0.0,flat,0,2026-03-03,TCS,NSE
20000,20,260,2159.1,2159.1,0.0,2.3157797230327453,0.0,0.0010580411124546554,60.0,0.0,0.0,flat,0,2026-03-03,TCS,NSE
50000,20,260,2151.1,2151.1,0.0,2.3243921714471667,0.00644468313641246,0.007597477064220184,60.0,0.0,0.0,flat,0,2026-03-03,TCS,NSE
0,20,260,1339.1,1339.1,0.0,1.4935404376076877,0.03055229142185664,0.02948094715383409,60.0,0.0,0.0,flat,0,2026-03-04,AXISBANK,NSE
5000,20,260,1335.8000000000002,1335.8000000000002,0.0,1.4972301242704407,0.01696969696969697,0.018284789644012946,60.0,0.0,0.0,flat,0,2026-03-04,AXISBANK,NSE
10000,20,260,1342.6,1342.6,0.0,1.4896469536723187,0.03891891891891892,0.03910533910533911,60.0,0.0,0.0,flat,0,2026-03-04,AXISBANK,NSE
20000,20,260,1342.9,1342.9,0.0,1.489314170824674,0.03367003367003367,0.03460155781905332,60.0,0.0,0.0,flat,0,2026-03-04,AXISBANK,NSE
50000,20,260,1330.6,1330.6,0.0,1.5030813166995753,0.02236024844720497,0.02155529762891726,60.0,0.0,0.0,flat,0,2026-03-04,AXISBANK,NSE
0,20,260,1248.6,1248.6,0.0,2.402691013935244,-0.28875739644970416,-0.2890538619491392,60.0,0.0,0.0,flat,0,2026-03-04,HCLTECH,NSE
5000,20,260,1244.8000000000002,1244.8000000000002,0.0,2.4100257069405084,-0.300357568533969,-0.29923639834552973,60.0,0.0,0.0,flat,0,2026-03-04,HCLTECH,NSE
10000,20,260,1246.0,1246.0,0.0,2.407704654897126,-0.29171817058096416,-0.2925944252020452,60.0,0.0,0.0,flat,0,2026-03-04,HCLTECH,NSE
20000,20,260,1254.5,1254.5,0.0,2.391390992428712,-0.27926960257787325,-0.2786297835746023,60.0,0.0,0.0,flat,0,2026-03-04,HCLTECH,NSE
50000,20,260,1242.6,1242.6,0.0,2.4142926122642407,-0.30267753201396974,-0.3017871017871018,60.0,0.0,0.0,flat,0,2026-03-04,HCLTECH,NSE
0,20,260,824.3,824.3,0.0,1.213150551983777,-0.5654692931633836,-0.5668110114444788,60.0,0.0,0.0,flat,0,2026-03-04,HDFCBANK,NSE
5000,20,260,822.3,822.3,0.0,1.216101179618421,-0.572827417380661,-0.5737624571148505,60.0,0.0,0.0,flat,0,2026-03-04,HDFCBANK,NSE
10000,20,260,823.45,823.45,0.0,1.2144028174148125,-0.5693606755126659,-0.5698872785829308,60.0,0.0,0.0,flat,0,2026-03-04,HDFCBANK,NSE
20000,20,260,826.4000000000001,826.4000000000001,0.0,1.2100677637950474,-0.5714285714285714,-0.5726368159203981,60.0,0.0,0.0,flat,0,2026-03-04,HDFCBANK,NSE
50000,20,260,821.8499999999999,821.8499999999999,0.0,1.216767049948564,-0.5810055865921788,-0.5811213838353713,60.0,0.0,0.0,flat,0,2026-03-04,HDFCBANK,NSE
0,20,260,1419.3000000000002,1419.3000000000002,0.0,1.4091453533435176,-0.3606936416184971,-0.3614625115705029,60.0,0.0,0.0,flat,0,2026-03-04,ICICIBANK,NSE
5000,20,260,1420.5,1420.5,0.0,1.4079549454404654,-0.3572216097023153,-0.35702722590139807,60.0,0.0,0.0,flat,0,2026-03-04,ICICIBANK,NSE
10000,20,260,1425.9,1425.9,0.0,1.4026229048323546,-0.3510971786833856,-0.3509481316229782,60.0,0.0,0.0,flat,0,2026-03-04,ICICIBANK,NSE
20000,20,260,1427.6,1427.6,0.0,1.400952647800823,-0.35851183765501693,-0.3586580412216037,60.0,0.0,0.0,flat,0,2026-03-04,ICICIBANK,NSE
50000,20,260,1417.4,1417.4,0.0,1.4110342881335225,-0.3638525564803805,-0.36406919536581495,60.0,0.0,0.0,flat,0,2026-03-04,ICICIBANK,NSE
0,20,260,1113.9,1113.9,0.0,1.7954933117878216,-0.18604651162790697,-0.18559058977291293,60.0,0.0,0.0,flat,0,2026-03-04,INFY,NSE
5000,20,260,1111.5,1111.5,0.0,1.7993702204212154,-0.17627118644067796,-0.1767989138633278,60.0,0.0,0.0,flat,0,2026-03-04,INFY,NSE
10000,20,260,1116.4,1116.4,0.0,1.791472590469773,-0.16112789526686808,-0.16180620884289745,80.0,0.0,0.0,flat,0,2026-03-04,INFY,NSE
20000,20,260,1116.3000000000002,1116.3000000000002,0.0,1.7916330735469446,-0.16755037115588547,-0.16838828357152966,60.0,0.0,0.0,flat,0,2026-03-04,INFY,NSE
50000,20,260,1104.6,1104.6,0.0,1.810610175629599,-0.187422934648582,-0.1882507816356755,60.0,0.0,0.0,flat,0,2026-03-04,INFY,NSE
0,20,260,1323.1999999999998,1323.1999999999998,0.0,1.5114873035069945,0.43029637760702527,0.43135531135531135,60.0,0.0,0.0,flat,0,2026-03-04,RELIANCE,NSE
5000,20,260,1326.1999999999998,1326.1999999999998,0.0,1.5080681646813867,0.4500574052812859,0.4511877394636015,60.0,0.0,0.0,flat,0,2026-03-04,RELIANCE,NSE
10000,20,260,1328.0,1328.0,0.0,1.5060240963841725,0.4398541919805589,0.4412909503730133,60.0,0.0,0.0,flat,0,2026-03-04,RELIANCE,NSE
20000,20,260,1323.1999999999998,1323.1999999999998,0.0,1.5114873035069945,0.4263322884012539,0.42635983263598326,60.0,0.0,0.0,flat,0,2026-03-04,RELIANCE,NSE
50000,20,260,1319.9,1319.9,0.0,1.5152663080539848,0.4315443592552026,0.4313066354866998,60.0,0.0,0.0,flat,0,2026-03-04,RELIANCE,NSE
0,20,260,2196.0,2196.0,0.0,2.276867030965392,0.0,0.0,60.0,0.0,0.0,flat,0,2026-03-04,TCS,NSE
5000,20,260,2190.6,2190.6,0.0,2.282479685930795,-0.007398273736128237,-0.0049382716049382715,60.0,0.0,0.0,flat,0,2026-03-04,TCS,NSE
10000,20,260,2204.6,2204.6,0.0,2.2679851220175995,0.016546018614270942,0.016282599696426106,60.0,0.0,0.0,flat,0,2026-03-04,TCS,NSE
20000,20,260,2193.1,2193.1,0.0,2.2798777985499976,-0.03128258602711158,-0.02894919972164231,60.0,0.0,0.0,flat,0,2026-03-04,TCS,NSE
50000,20,260,2190.7,2190.7,0.0,2.2823754964166705,-0.007290400972053463,-0.004541768045417681,60.0,0.0,0.0,flat,0,2026-03-04,TCS,NSE
0,20,260,1317.9,1317.9,0.0,1.517565824417979,0.020434227330779056,0.020627344016365495,60.0,0.0,0.0,flat,0,2026-03-05,AXISBANK,NSE
5000,20,260,1315.8000000000002,1315.8000000000002,0.0,1.5199878400976248,0.023106546854942234,0.023132282385195338,60.0,0.0,0.0,flat,0,2026-03-05,AXISBANK,NSE
10000,20,260,1316.3000000000002,1316.3000000000002,0.0,1.519410468738475,0.017699115044247787,0.01855913615657162,60.0,0.0,0.0,flat,0,2026-03-05,AXISBANK,NSE
20000,20,260,1316.6,1316.6,0.0,1.519064256418392,0.02053915275994865,0.020901147849922905,60.0,0.0,0.0,flat,0,2026-03-05,AXISBANK,NSE
50000,20,260,1317.4,1317.4,0.0,1.518141794443946,0.020486555697823303,0.02153478037942232,60.0,0.0,0.0,flat,0,2026-03-05,AXISBANK,NSE
0,20,260,1218.6999999999998,1218.6999999999998,0.0,2.461639451874576,-0.29865361077111385,-0.29929750040843,60.0,0.0,0.0,flat,0,2026-03-05,HCLTECH,NSE
5000,20,260,1217.6,1217.6,0.0,2.463863337713162,-0.29712858926342073,-0.2966172304615897,60.0,0.0,0.0,flat,0,2026-03-05,HCLTECH,NSE
10000,20,260,1219.5,1219.5,0.0,2.460024600247494,-0.2892459826946848,-0.28983833718244806,60.0,0.0,0.0,flat,0,2026-03-05,HCLTECH,NSE
20000,20,260,1218.6999999999998,1218.6999999999998,0.0,2.461639451874576,-0.29739776951672864,-0.2977667493796526,60.0,0.0,0.0,flat,0,2026-03-05,HCLTECH,NSE
50000,20,260,1221.0,1221.0,0.0,2.457002457003947,-0.2979242979242979,-0.29851719080984196,60.0,0.0,0.0,flat,0,2026-03-05,HCLTECH,NSE
0,20,260,817.7,817.7,0.0,1.2229423994132655,-0.5714285714285714,-0.5723367697594501,60.0,0.0,0.0,flat,0,2026-03-05,HDFCBANK,NSE
5000,20,260,816.3,816.3,0.0,1.225039813794227,-0.5714285714285714,-0.5724102387905858,60.0,0.0,0.0,flat,0,2026-03-05,HDFCBANK,NSE
10000,20,260,815.5,815.5,0.0,1.226241569588094,-0.5710627400768246,-0.5728935224747906,60.0,0.0,0.0,flat,0,2026-03-05,HDFCBANK,NSE
20000,20,260,815.95,815.95,0.0,1.2255652919912094,-0.5714285714285714,-0.5708741140735741,60.0,0.0,0.0,flat,0,2026-03-05,HDFCBANK,NSE
50000,20,260,816.4000000000001,816.4000000000001,0.0,1.2248897599218853,-0.5763125763125763,-0.5761772853185596,60.0,0.0,0.0,flat,0,2026-03-05,HDFCBANK,NSE
0,20,260,1405.3000000000002,1405.3000000000002,0.0,1.4231836618518854,-0.3656998738965952,-0.3662683049991584,60.0,0.0,0.0,flat,0,2026-03-05,ICICIBANK,NSE
5000,20,260,1403.8000000000002,1403.8000000000002,0.0,1.4247043738427516,-0.37037037037037035,-0.36965046888320546,60.0,0.0,0.0,flat,0,2026-03-05,ICICIBANK,NSE
10000,20,260,1404.6,1404.6,0.0,1.4238929232524953,-0.3652173913043478,-0.36533996683250414,60.0,0.0,0.0,flat,0,2026-03-05,ICICIBANK,NSE
20000,20,260,1404.5,1404.5,0.0,1.4239943040214886,-0.36385836385836384,-0.36414017929910353,60.0,0.0,0.0,flat,0,2026-03-05,ICICIBANK,NSE
50000,20,260,1404.3000000000002,1404.3000000000002,0.0,1.4241971088801926,-0.36612702366127026,-0.3661901595744681,60.0,0.0,0.0,flat,0,2026-03-05,ICICIBANK,NSE
0,20,260,1105.0,1105.0,0.0,1.8099547511295755,-0.18385093167701863,-0.18404907975460122,60.0,0.0,0.0,flat,0,2026-03-05,INFY,NSE
5000,20,260,1100.9,1100.9,0.0,1.8166954310114038,-0.19083023543990088,-0.19163359788359788,60.0,0.0,0.0,flat,0,2026-03-05,INFY,NSE
10000,20,260,1100.1,1100.1,0.0,1.8180165439509635,-0.18646232439335889,-0.18632799181725196,60.0,0.0,0.0,flat,0,2026-03-05,INFY,NSE
20000,20,260,1102.0,1102.0,0.0,1.814882032666226,-0.18272841051314143,-0.18373141807249038,60.0,0.0,0.0,flat,0,2026-03-05,INFY,NSE
50000,20,260,1099.0,1099.0,0.0,1.8198362147390181,-0.19130434782608696,-0.1913447189520809,60.0,0.0,0.0,flat,0,2026-03-05,INFY,NSE
0,20,260,1294.0,1294.0,0.0,1.5455950540944212,0.43580683156654887,0.4355548569632191,60.0,0.0,0.0,flat,0,2026-03-05,RELIANCE,NSE
5000,20,260,1295.3000000000002,1295.3000000000002,0.0,1.5440438508457148,0.4472049689440994,0.44669209086387,60.0,0.0,0.0,flat,0,2026-03-05,RELIANCE,NSE
10000,20,260,1297.3000000000002,1297.3000000000002,0.0,1.5416634548681527,0.44528301886792454,0.4458620110794024,60.0,0.0,0.0,flat,0,2026-03-05,RELIANCE,NSE
20000,20,260,1296.5,1296.5,0.0,1.5426147319692873,0.4435994930291508,0.4449331754356285,60.0,0.0,0.0,flat,0,2026-03-05,RELIANCE,NSE
50000,20,260,1293.1,1293.1,0.0,1.5466707911224615,0.44165621079046424,0.4414670909395411,60.0,0.0,0.0,flat,0,2026-03-05,RELIANCE,NSE
0,20,260,2176.8999999999996,2176.8999999999996,0.0,1.8374753089259543,0.0,-0.0027411341442521845,60.0,0.0,0.0,flat,0,2026-03-05,TCS,NSE
5000,20,260,2169.6000000000004,2169.6000000000004,0.0,1.8436578171095637,-0.0076045627376425855,-0.007443748942649298,60.0,0.0,0.0,flat,0,2026-03-05,TCS,NSE
10000,20,260,2166.7,2166.7,0.0,1.846125444224355,-0.012422360248447204,-0.011770557029177718,60.0,0.0,0.0,flat,0,2026-03-05,TCS,NSE
20000,20,260,2171.6000000000004,2171.6000000000004,0.0,1.8419598452757915,0.0,-0.00016539861065167054,60.0,0.0,0.0,flat,0,2026-03-05,TCS,NSE
50000,20,260,2173.0,2173.0,0.0,1.8407731247107049,0.0,-0.001339809077206498,60.0,0.0,0.0,flat,0,2026-03-05,TCS,NSE
0,20,260,1318.6,1318.6,0.0,1.5167602002126914,0.02480270574971815,0.023924164911224798,60.0,0.0,0.0,flat,0,2026-03-06,AXISBANK,NSE
5000,20,260,1318.1999999999998,1318.1999999999998,0.0,1.51722045213204,0.01756311745334797,0.017582417582417582,60.0,0.0,0.0,flat,0,2026-03-06,AXISBANK,NSE
10000,20,260,1314.1999999999998,1314.1999999999998,0.0,1.5218383807643092,0.026402640264026403,0.026134194685068272,60.0,0.0,0.0,flat,0,2026-03-06,AXISBANK,NSE
20000,20,260,1309.9,1309.9,0.0,1.5268341094743527,0.026519337016574586,0.025508699498672956,60.0,0.0,0.0,flat,0,2026-03-06,AXISBANK,NSE
50000,20,260,1321.4,1321.4,0.0,1.5135462388379404,0.04427333974975938,0.04290301862556198,80.0,0.0,0.0,flat,0,2026-03-06,AXISBANK,NSE
0,20,260,1219.4,1219.4,0.0,2.4602263408229827,-0.29418472063854045,-0.29432354283975043,60.0,0.0,0.0,flat,0,2026-03-06,HCLTECH,NSE
5000,20,260,1217.3000000000002,1217.3000000000002,0.0,2.4644705495765584,-0.3237597911227154,-0.3240041806991058,80.0,0.0,0.0,flat,0,2026-03-06,HCLTECH,NSE
10000,20,260,1221.6,1221.6,0.0,2.455795677799235,-0.2842430484037075,-0.28353490929081915,60.0,0.0,0.0,flat,0,2026-03-06,HCLTECH,NSE
20000,20,260,1209.6,1209.6,0.0,2.4801587301583545,-0.2891566265060241,-0.2899122807017544,60.0,0.0,0.0,flat,0,2026-03-06,HCLTECH,NSE
50000,20,260,1229.5,1229.5,0.0,2.4400162667765914,-0.2754036087369421,-0.27499683183373463,80.0,0.0,0.0,flat,0,2026-03-06,HCLTECH,NSE
0,20,260,818.0,818.0,0.0,1.2224938875294504,-0.5701459034792368,-0.5708508088675854,60.0,0.0,0.0,flat,0,2026-03-06,HDFCBANK,NSE
5000,20,260,821.2,821.2,0.0,1.2177301509988154,-0.5630676084762866,-0.562962962962963,80.0,0.0,0.0,flat,0,2026-03-06,HDFCBANK,NSE
10000,20,260,815.5,815.5,0.0,1.226241569588094,-0.5695216907675195,-0.570452858203415,60.0,0.0,0.0,flat,0,2026-03-06,HDFCBANK,NSE
20000,20,260,812.1500000000001,812.1500000000001,0.0,1.231299636766887,-0.5733482642777156,-0.5735426008968609,60.0,0.0,0.0,flat,0,2026-03-06,HDFCBANK,NSE
50000,20,260,816.5999999999999,816.5999999999999,0.0,1.2245897624298647,-0.5781083953241233,-0.5777903843426464,60.0,0.0,0.0,flat,0,2026-03-06,HDFCBANK,NSE
0,20,260,1401.6999999999998,1401.6999999999998,0.0,1.42683883855351,-0.36610169491525424,-0.36787330316742084,60.0,0.0,0.0,flat,0,2026-03-06,ICICIBANK,NSE
5000,20,260,1403.1,1403.1,0.0,1.4254151521633918,-0.37403740374037403,-0.3732197915137278,60.0,0.0,0.0,flat,0,2026-03-06,ICICIBANK,NSE
10000,20,260,1398.4,1398.4,0.0,1.4302059496570756,-0.3673012318029115,-0.3673591391421312,60.0,0.0,0.0,flat,0,2026-03-06,ICICIBANK,NSE
20000,20,260,1394.5,1394.5,0.0,1.4342058085322202,-0.36305048335123524,-0.3638709677419355,60.0,0.0,0.0,flat,0,2026-03-06,ICICIBANK,NSE
50000,20,260,1407.1999999999998,1407.1999999999998,0.0,1.4212620807280094,-0.37295528898582336,-0.37327121851797934,60.0,0.0,0.0,flat,0,2026-03-06,ICICIBANK,NSE
0,20,260,1101.9,1101.9,0.0,1.815046737453902,-0.18757062146892656,-0.1866988387875132,60.0,0.0,0.0,flat,0,2026-03-06,INFY,NSE
5000,20,260,1102.0,1102.0,0.0,1.814882032666226,-0.19047619047619047,-0.1904550827423168,60.0,0.0,0.0,flat,0,2026-03-06,INFY,NSE
10000,20,260,1098.6,1098.6,0.0,1.8204988166761833,-0.18162162162162163,-0.1820805078632232,60.0,0.0,0.0,flat,0,2026-03-06,INFY,NSE
20000,20,260,1092.9,1092.9,0.0,1.8299935950228334,-0.18855218855218855,-0.18888556021569802,60.0,0.0,0.0,flat,0,2026-03-06,INFY,NSE
50000,20,260,1092.1999999999998,1092.1999999999998,0.0,1.831166453030997,-0.191512513601741,-0.19230210602759623,60.0,0.0,0.0,flat,0,2026-03-06,INFY,NSE
0,20,260,1297.3000000000002,1297.3000000000002,0.0,1.5416634548681527,0.44048943270300334,0.4417396467270298,60.0,0.0,0.0,flat,0,2026-03-06,RELIANCE,NSE
5000,20,260,1305.3000000000002,1305.3000000000002,0.0,1.5322148165176237,0.45714285714285713,0.45740205101235865,80.0,0.0,0.0,flat,0,2026-03-06,RELIANCE,NSE
10000,20,260,1294.0,1294.0,0.0,1.5455950540944212,0.4398699891657638,0.4393347794649313,60.0,0.0,0.0,flat,0,2026-03-06,RELIANCE,NSE
20000,20,260,1291.1,1291.1,0.0,1.5490666873212415,0.4386536373507057,0.43964642805390525,60.0,0.0,0.0,flat,0,2026-03-06,RELIANCE,NSE
50000,20,260,1291.6,1291.6,0.0,1.5484670176528763,0.4398699891657638,0.4393347794649313,60.0,0.0,0.0,flat,0,2026-03-06,RELIANCE,NSE
0,20,260,2181.5,2181.5,0.0,1.8336007334386257,-0.013407821229050279,-0.0113314447592068,60.0,0.0,0.0,flat,0,2026-03-06,TCS,NSE
5000,20,260,2184.3,2184.3,0.0,1.8312502861332733,-0.006749156355455568,-0.007054938456919844,60.0,0.0,0.0,flat,0,2026-03-06,TCS,NSE
10000,20,260,2177.8999999999996,2177.8999999999996,0.0,1.836631617613715,-0.0066298342541436465,-0.00855078873654725,60.0,0.0,0.0,flat,0,2026-03-06,TCS,NSE
20000,20,260,2167.3,2167.3,0.0,1.8456143588801315,-0.022426095820591234,-0.020405387022173854,80.0,0.0,0.0,flat,0,2026-03-06,TCS,NSE
50000,20,260,2168.5,2168.5,0.0,1.8445930366596088,-0.006734006734006734,-0.006740563211503895,60.0,0.0,0.0,flat,0,2026-03-06,TCS,NSE
0,20,260,1325.6999999999998,1325.6999999999998,0.0,1.5086369465191636,0.03372243839169909,0.03393939393939394,60.0,0.0,0.0,flat,0,2026-03-09,AXISBANK,NSE
5000,20,260,1331.3000000000002,1331.3000000000002,0.0,1.5022909937658337,0.03337612323491656,0.0342641768031523,60.0,0.0,0.0,flat,0,2026-03-09,AXISBANK,NSE
10000,20,260,1331.1,1331.1,0.0,1.5025167154988017,0.01335113484646195,0.013725490196078431,40.0,0.0,0.0,flat,0,2026-03-09,AXISBANK,NSE
20000,20,260,1324.1,1324.1,0.0,1.5104599350505663,0.01969057665260197,0.020090123920390536,40.0,0.0,0.0,flat,0,2026-03-09,AXISBANK,NSE
50000,20,260,1314.5,1314.5,0.0,1.5214910612386314,0.016415868673050615,0.01679751688880774,40.0,0.0,0.0,flat,0,2026-03-09,AXISBANK,NSE
0,20,260,1225.3000000000002,1225.3000000000002,0.0,2.448379988573855,-0.288021534320323,-0.2876392382321236,40.0,0.0,0.0,flat,0,2026-03-09,HCLTECH,NSE
5000,20,260,1231.9,1231.9,0.0,2.4352626024835984,-0.29535864978902954,-0.29547587760465555,40.0,0.0,0.0,flat,0,2026-03-09,HCLTECH,NSE
10000,20,260,1230.0,1230.0,0.0,2.439024390245381,-0.3004059539918809,-0.2995483288166215,40.0,0.0,0.0,flat,0,2026-03-09,HCLTECH,NSE
20000,20,260,1222.5,1222.5,0.0,2.4539877300628374,-0.28383705650459923,-0.2848623048587967,60.0,0.0,0.0,flat,0,2026-03-09,HCLTECH,NSE
50000,20,260,1213.5,1213.5,0.0,2.472187886280856,-0.29403606102635227,-0.2955008331790409,40.0,0.0,0.0,flat,0,2026-03-09,HCLTECH,NSE
0,20,260,819.6500000000001,819.6500000000001,0.0,1.2200329408896813,-0.5625806451612904,-0.5638023075598416,60.0,0.0,0.0,flat,0,2026-03-09,HDFCBANK,NSE
5000,20,260,823.0999999999999,823.0999999999999,0.0,1.2149192078729527,-0.5654993514915694,-0.5648484848484848,60.0,0.0,0.0,flat,0,2026-03-09,HDFCBANK,NSE
10000,20,260,822.5999999999999,822.5999999999999,0.0,1.2156576708001794,-0.5771812080536913,-0.5769575344920265,40.0,0.0,0.0,flat,0,2026-03-09,HDFCBANK,NSE
20000,20,260,818.8499999999999,818.8499999999999,0.0,1.2212248885635066,-0.5718270571827058,-0.5739017125837677,40.0,0.0,0.0,flat,0,2026-03-09,HDFCBANK,NSE
50000,20,260,813.3499999999999,813.3499999999999,0.0,1.2294830023977716,-0.567530695770805,-0.5688524590163935,40.0,0.0,0.0,flat,0,2026-03-09,HDFCBANK,NSE
0,20,260,1408.3000000000002,1408.3000000000002,0.0,1.4201519562596423,-0.35963777490297544,-0.35883267138663444,60.0,0.0,0.0,flat,0,2026-03-09,ICICIBANK,NSE
5000,20,260,1414.9,1414.9,0.0,1.4135274577711885,-0.35870967741935483,-0.35853280523506115,60.0,0.0,0.0,flat,0,2026-03-09,ICICIBANK,NSE
10000,20,260,1415.0,1415.0,0.0,1.4134275618361702,-0.37347767253044656,-0.37398373983739835,40.0,0.0,0.0,flat,0,2026-03-09,ICICIBANK,NSE
20000,20,260,1408.9,1408.9,0.0,1.4195471644548618,-0.3612217795484728,-0.3616380074454884,40.0,0.0,0.0,flat,0,2026-03-09,ICICIBANK,NSE
50000,20,260,1396.8000000000002,1396.8000000000002,0.0,1.4318442153496953,-0.37516869095816463,-0.37506755539542425,40.0,0.0,0.0,flat,0,2026-03-09,ICICIBANK,NSE
0,20,260,1105.8000000000002,1105.8000000000002,0.0,1.8086453246522467,-0.17654808959156784,-0.17745339430179388,60.0,0.0,0.0,flat,0,2026-03-09,INFY,NSE
5000,20,260,1110.8000000000002,1110.8000000000002,0.0,1.8005041411599338,-0.17369093231162197,-0.17493606138107418,60.0,0.0,0.0,flat,0,2026-03-09,INFY,NSE
10000,20,260,1109.1,1109.1,0.0,1.8032639076732981,-0.19151846785225718,-0.19156318480642806,40.0,0.0,0.0,flat,0,2026-03-09,INFY,NSE
20000,20,260,1105.1,1105.1,0.0,1.8097909691434757,-0.18513323983169705,-0.18498408537727018,40.0,0.0,0.0,flat,0,2026-03-09,INFY,NSE
50000,20,260,1100.6999999999998,1100.6999999999998,0.0,1.8170255292090989,-0.17986577181208055,-0.18040128986026513,40.0,0.0,0.0,flat,0,2026-03-09,INFY,NSE
0,20,260,1303.5,1303.5,0.0,1.5343306482533035,0.45006657789613846,0.4504888888888889,40.0,0.0,0.0,flat,0,2026-03-09,RELIANCE,NSE
5000,20,260,1312.1,1312.1,0.0,1.5242740644771395,0.44776119402985076,0.44846948016663646,40.0,0.0,0.0,flat,0,2026-03-09,RELIANCE,NSE
10000,20,260,1308.5,1308.5,0.0,1.5284677111182126,0.4392905866302865,0.43962848297213625,40.0,0.0,0.0,flat,0,2026-03-09,RELIANCE,NSE
20000,20,260,1303.8000000000002,1303.8000000000002,0.0,1.5339776039273312,0.4520367936925099,0.45185055253464307,60.0,0.0,0.0,flat,0,2026-03-09,RELIANCE,NSE
50000,20,260,1295.4,1295.4,0.0,1.543924656477115,0.44776119402985076,0.44846948016663646,40.0,0.0,0.0,flat,0,2026-03-09,RELIANCE,NSE
0,20,260,2189.3,2189.3,0.0,1.8270680126071845,0.00535475234270415,0.003930677148472396,40.0,0.0,0.0,flat,0,2026-03-09,TCS,NSE
5000,20,260,2202.2,2202.2,0.0,1.8163654527295021,0.0,-0.0007284647605172099,40.0,0.0,0.0,flat,0,2026-03-09,TCS,NSE
10000,20,260,2192.5,2192.5,0.0,1.824401368299367,-0.01834862385321101,-0.017669699090272918,60.0,0.0,0.0,flat,0,2026-03-09,TCS,NSE
20000,20,260,2181.2,2181.2,0.0,1.8338529249958324,-0.005547850208044383,-0.007776337715237919,40.0,0.0,0.0,flat,0,2026-03-09,TCS,NSE
50000,20,260,2166.8999999999996,2166.8999999999996,0.0,1.8459550509949283,-0.005517241379310344,-0.008101638740563431,40.0,0.0,0.0,flat,0,2026-03-09,TCS,NSE
0,20,260,1321.1999999999998,1321.1999999999998,0.0,1.513775355737553,0.01859229747675963,0.020382842963488124,40.0,0.0,0.0,flat,0,2026-03-10,AXISBANK,NSE
5000,20,260,1326.5,1326.5,0.0,1.5077271013932763,0.02973977695167286,0.030107526881720432,60.0,0.0,0.0,flat,0,2026-03-10,AXISBANK,NSE
10000,20,260,1325.3000000000002,1325.3000000000002,0.0,1.5090922809933256,0.029447852760736196,0.030794430794430793,60.0,0.0,0.0,flat,0,2026-03-10,AXISBANK,NSE
20000,20,260,1322.4,1322.4,0.0,1.512401693890241,0.023715415019762844,0.022687302145620824,60.0,0.0,0.0,flat,0,2026-03-10,AXISBANK,NSE
50000,20,260,1328.1999999999998,1328.1999999999998,0.0,1.5057973196811136,0.023778071334214,0.022038081805359662,40.0,0.0,0.0,flat,0,2026-03-10,AXISBANK,NSE
0,20,260,1221.0,1221.0,0.0,2.457002457003947,-0.2988505747126437,-0.29861939662519177,60.0,0.0,0.0,flat,0,2026-03-10,HCLTECH,NSE
5000,20,260,1224.1,1224.1,0.0,2.450780165018826,-0.2908622908622909,-0.29032812231575333,60.0,0.0,0.0,flat,0,2026-03-10,HCLTECH,NSE
10000,20,260,1223.1999999999998,1223.1999999999998,0.0,2.452583387834815,-0.28819875776397513,-0.28730106100795755,60.0,0.0,0.0,flat,0,2026-03-10,HCLTECH,NSE
20000,20,260,1222.5,1222.5,0.0,2.4539877300628374,-0.2839657282741738,-0.28492076458095084,60.0,0.0,0.0,flat,0,2026-03-10,HCLTECH,NSE
50000,20,260,1226.3000000000002,1226.3000000000002,0.0,2.446383429829197,-0.29726205997392435,-0.29603202227636616,60.0,0.0,0.0,flat,0,2026-03-10,HCLTECH,NSE
0,20,260,820.25,820.25,0.0,1.2191405059422011,-0.570673712021136,-0.5714033850493653,40.0,0.0,0.0,flat,0,2026-03-10,HDFCBANK,NSE
5000,20,260,823.5999999999999,823.5999999999999,0.0,1.2141816415738556,-0.5650557620817844,-0.5664185277088503,60.0,0.0,0.0,flat,0,2026-03-10,HDFCBANK,NSE
10000,20,260,820.55,820.55,0.0,1.2186947778931538,-0.5828437132784959,-0.5820918927395327,60.0,0.0,0.0,flat,0,2026-03-10,HDFCBANK,NSE
20000,20,260,820.3499999999999,820.3499999999999,0.0,1.2189918937041841,-0.5757196495619524,-0.5768459739391915,60.0,0.0,0.0,flat,0,2026-03-10,HDFCBANK,NSE
50000,20,260,823.05,823.05,0.0,1.214993013790447,-0.5736636245110821,-0.5738646250217505,60.0,0.0,0.0,flat,0,2026-03-10,HDFCBANK,NSE
0,20,260,1402.6,1402.6,0.0,1.4259232853275738,-0.36821192052980134,-0.36910022980378293,40.0,0.0,0.0,flat,0,2026-03-10,ICICIBANK,NSE
5000,20,260,1407.6999999999998,1407.6999999999998,0.0,1.4207572636218335,-0.3622641509433962,-0.3632701024005372,60.0,0.0,0.0,flat,0,2026-03-10,ICICIBANK,NSE
10000,20,260,1402.9,1402.9,0.0,1.4256183619648262,-0.380499405469679,-0.380574511982225,60.0,0.0,0.0,flat,0,2026-03-10,ICICIBANK,NSE
20000,20,260,1402.5,1402.5,0.0,1.4260249554354232,-0.3738796414852753,-0.3729277046658691,60.0,0.0,0.0,flat,0,2026-03-10,ICICIBANK,NSE
50000,20,260,1408.9,1408.9,0.0,1.4195471644548618,-0.3660130718954248,-0.36747513522945385,60.0,0.0,0.0,flat,0,2026-03-10,ICICIBANK,NSE
0,20,260,1102.3000000000002,1102.3000000000002,0.0,1.814388097614492,-0.18872870249017037,-0.18932633420822398,60.0,0.0,0.0,flat,0,2026-03-10,INFY,NSE
5000,20,260,1105.8000000000002,1105.8000000000002,0.0,1.8086453246522467,-0.1793275217932752,-0.1801562240319096,60.0,0.0,0.0,flat,0,2026-03-10,INFY,NSE
10000,20,260,1106.1999999999998,1106.1999999999998,0.0,1.8079913216420676,-0.1822849807445443,-0.1835161069225497,60.0,0.0,0.0,flat,0,2026-03-10,INFY,NSE
20000,20,260,1100.1999999999998,1100.1999999999998,0.0,1.8178512997640928,-0.19096774193548388,-0.19045978990873083,60.0,0.0,0.0,flat,0,2026-03-10,INFY,NSE
50000,20,260,1101.1999999999998,1101.1999999999998,0.0,1.8162005085365556,-0.18562091503267975,-0.18530797417553654,60.0,0.0,0.0,flat,0,2026-03-10,INFY,NSE
0,20,260,1299.6,1299.6,0.0,1.5389350569409472,0.44121532364597094,0.44285714285714284,40.0,0.0,0.0,flat,0,2026-03-10,RELIANCE,NSE
5000,20,260,1303.4,1303.4,0.0,1.5344483658128394,0.4435590969455511,0.44363700815313717,40.0,0.0,0.0,flat,0,2026-03-10,RELIANCE,NSE
10000,20,260,1300.6,1300.6,0.0,1.5377518068587228,0.436498150431566,0.43672864900444297,60.0,0.0,0.0,flat,0,2026-03-10,RELIANCE,NSE
20000,20,260,1300.0,1300.0,0.0,1.5384615384601394,0.4467265725288832,0.4470527758738862,60.0,0.0,0.0,flat,0,2026-03-10,RELIANCE,NSE
50000,20,260,1299.5,1299.5,0.0,1.5390534821071034,0.4423841059602649,0.443344528902245,40.0,0.0,0.0,flat,0,2026-03-10,RELIANCE,NSE
0,20,260,2181.8,2181.8,0.0,1.8333486112388435,-0.00517464424320828,-0.007943360386807114,60.0,0.0,0.0,flat,0,2026-03-10,TCS,NSE
5000,20,260,2187.1000000000004,2187.1000000000004,0.0,1.8289058570714227,0.0,-0.0008523695874531196,60.0,0.0,0.0,flat,0,2026-03-10,TCS,NSE
10000,20,260,2182.7,2182.7,0.0,1.8325926604668117,0.007361963190184049,0.005404520144120537,60.0,0.0,0.0,flat,0,2026-03-10,TCS,NSE
20000,20,260,2177.8,2177.8,0.0,1.8367159518784595,0.0,0.00033755274261603374,60.0,0.0,0.0,flat,0,2026-03-10,TCS,NSE
50000,20,260,2184.6000000000004,2184.6000000000004,0.0,1.8309988098511896,-0.005298013245033113,-0.006188118811881188,40.0,0.0,0.0,flat,0,2026-03-10,TCS,NSE
0,20,260,1321.6,1321.6,0.0,1.5133171912836372,0.027359781121751026,0.02629176556509038,40.0,0.0,0.0,flat,0,2026-03-11,AXISBANK,NSE
5000,20,260,1325.6999999999998,1325.6999999999998,0.0,1.5086369465191636,0.035759897828863345,0.03546462063086104,60.0,0.0,0.0,flat,0,2026-03-11,AXISBANK,NSE
10000,20,260,1323.3000000000002,1323.3000000000002,0.0,1.511373082445745,0.019204389574759947,0.018311664530305805,40.0,0.0,0.0,flat,0,2026-03-11,AXISBANK,NSE
20000,20,260,1328.5,1328.5,0.0,1.5054572826482355,0.01969057665260197,0.020090123920390536,40.0,0.0,0.0,flat,0,2026-03-11,AXISBANK,NSE
50000,20,260,1323.4,1323.4,0.0,1.5112588786462555,0.016551724137931035,0.017308046400294604,40.0,0.0,0.0,flat,0,2026-03-11,AXISBANK,NSE
0,20,260,1222.4,1222.4,0.0,2.4541884816750206,-0.29254571026722925,-0.29247231086915715,40.0,0.0,0.0,flat,0,2026-03-11,HCLTECH,NSE
5000,20,260,1226.0,1226.0,0.0,2.4469820554664103,-0.2965034965034965,-0.296171802054155,40.0,0.0,0.0,flat,0,2026-03-11,HCLTECH,NSE
10000,20,260,1224.9,1224.9,0.0,2.449179524858801,-0.29453015427769985,-0.29507582849653624,40.0,0.0,0.0,flat,0,2026-03-11,HCLTECH,NSE
20000,20,260,1223.0,1223.0,0.0,2.4529844644332126,-0.3097893432465923,-0.3101223949718822,60.0,0.0,0.0,flat,0,2026-03-11,HCLTECH,NSE
50000,20,260,1221.0,1221.0,0.0,2.457002457003947,-0.3050847457627119,-0.3039164490861619,60.0,0.0,0.0,flat,0,2026-03-11,HCLTECH,NSE
0,20,260,818.0999999999999,818.0999999999999,0.0,1.2223444566681672,-0.5702364394993046,-0.5705532862978091,40.0,0.0,0.0,flat,0,2026-03-11,HDFCBANK,NSE
5000,20,260,821.0999999999999,821.0999999999999,0.0,1.2178784557303952,-0.5625806451612904,-0.5638023075598416,60.0,0.0,0.0,flat,0,2026-03-11,HDFCBANK,NSE
10000,20,260,824.7,824.7,0.0,1.212562143810146,-0.5611866501854141,-0.5603035802672827,60.0,0.0,0.0,flat,0,2026-03-11,HDFCBANK,NSE
20000,20,260,821.1500000000001,821.1500000000001,0.0,1.2178042988494517,-0.5821831869510665,-0.5827470686767169,60.0,0.0,0.0,flat,0,2026-03-11,HDFCBANK,NSE
50000,20,260,820.9000000000001,820.9000000000001,0.0,1.218175173590239,-0.5730180806675939,-0.5742666171555886,40.0,0.0,0.0,flat,0,2026-03-11,HDFCBANK,NSE
0,20,260,1407.1999999999998,1407.1999999999998,0.0,1.4212620807280094,-0.3651452282157676,-0.3662543843455787,40.0,0.0,0.0,flat,0,2026-03-11,ICICIBANK,NSE
5000,20,260,1411.6999999999998,1411.6999999999998,0.0,1.4167316001986647,-0.35963777490297544,-0.35883267138663444,60.0,0.0,0.0,flat,0,2026-03-11,ICICIBANK,NSE
10000,20,260,1421.3000000000002,1421.3000000000002,0.0,1.4071624569059695,-0.3656207366984993,-0.3653250773993808,40.0,0.0,0.0,flat,0,2026-03-11,ICICIBANK,NSE
20000,20,260,1413.8000000000002,1413.8000000000002,0.0,1.4146272457210742,-0.3604806408544726,-0.36178934236321514,40.0,0.0,0.0,flat,0,2026-03-11,ICICIBANK,NSE
50000,20,260,1414.6,1414.6,0.0,1.4138272303127775,-0.36775106082036774,-0.36827195467422097,40.0,0.0,0.0,flat,0,2026-03-11,ICICIBANK,NSE
0,20,260,1101.4,1101.4,0.0,1.8158707100058604,-0.1835883171070932,-0.18451828475960647,40.0,0.0,0.0,flat,0,2026-03-11,INFY,NSE
5000,20,260,1105.8000000000002,1105.8000000000002,0.0,1.8086453246522467,-0.18461538461538463,-0.18487394957983194,40.0,0.0,0.0,flat,0,2026-03-11,INFY,NSE
10000,20,260,1110.1999999999998,1110.1999999999998,0.0,1.8014772113136868,-0.1835883171070932,-0.18495821727019499,40.0,0.0,0.0,flat,0,2026-03-11,INFY,NSE
20000,20,260,1102.6999999999998,1102.6999999999998,0.0,1.813729935613,-0.1902097902097902,-0.18950709484690068,40.0,0.0,0.0,flat,0,2026-03-11,INFY,NSE
50000,20,260,1104.3000000000002,1104.3000000000002,0.0,1.8111020556012445,-0.18410041841004185,-0.1850679575498045,40.0,0.0,0.0,flat,0,2026-03-11,INFY,NSE
0,20,260,1296.0,1296.0,0.0,1.5432098765418063,0.44130127298444133,0.44268177525967894,40.0,0.0,0.0,flat,0,2026-03-11,RELIANCE,NSE
5000,20,260,1299.6999999999998,1299.6999999999998,0.0,1.5388166499965032,0.4520367936925099,0.45185055253464307,60.0,0.0,0.0,flat,0,2026-03-11,RELIANCE,NSE
10000,20,260,1298.9,1298.9,0.0,1.5397644160446953,0.44536652835408025,0.44610557401255074,40.0,0.0,0.0,flat,0,2026-03-11,RELIANCE,NSE
20000,20,260,1299.4,1299.4,0.0,1.5391719255044287,0.4343302990897269,0.4347448802499132,60.0,0.0,0.0,flat,0,2026-03-11,RELIANCE,NSE
50000,20,260,1299.1999999999998,1299.1999999999998,0.0,1.539408866995424,0.4364123159303882,0.43763402430307363,40.0,0.0,0.0,flat,0,2026-03-11,RELIANCE,NSE
0,20,260,2183.7,2183.7,0.0,1.8317534459865867,-0.005625879043600563,-0.005444986856928276,40.0,0.0,0.0,flat,0,2026-03-11,TCS,NSE
5000,20,260,2185.6000000000004,2185.6000000000004,0.0,1.830161054173183,-0.005532503457814661,-0.004430496584825549,40.0,0.0,0.0,flat,0,2026-03-11,TCS,NSE
10000,20,260,2189.7,2189.7,0.0,1.8267342558345478,-0.013642564802182811,-0.012019668548533965,40.0,0.0,0.0,flat,0,2026-03-11,TCS,NSE
20000,20,260,2195.1000000000004,2195.1000000000004,0.0,1.8222404446270826,-0.005517241379310344,-0.008101638740563431,40.0,0.0,0.0,flat,0,2026-03-11,TCS,NSE
50000,20,260,2189.8,2189.8,0.0,1.8266508356931725,-0.005547850208044383,-0.007776337715237919,40.0,0.0,0.0,flat,0,2026-03-11,TCS,NSE
0,20,260,1351.4,1351.4,0.0,1.4799467219183473,0.014201183431952662,0.015479387142631496,60.0,0.0,0.0,flat,0,2026-03-12,AXISBANK,NSE
5000,20,260,1351.5,1351.5,0.0,1.4798372179046846,0.019115890083632018,0.01802232854864434,60.0,0.0,0.0,flat,0,2026-03-12,AXISBANK,NSE
10000,20,260,1353.1,1353.1,0.0,1.4780873549630145,0.022304832713754646,0.02199801521667218,60.0,0.0,0.0,flat,0,2026-03-12,AXISBANK,NSE
20000,20,260,1354.1999999999998,1354.1999999999998,0.0,1.4768867227886981,0.022304832713754646,0.02183622828784119,60.0,0.0,0.0,flat,0,2026-03-12,AXISBANK,NSE
50000,20,260,1366.1,1366.1,0.0,1.4640216675210123,0.024301336573511544,0.02513785274083685,60.0,0.0,0.0,flat,0,2026-03-12,AXISBANK,NSE
0,20,260,1235.1999999999998,1235.1999999999998,0.0,2.42875647668357,-0.29917550058892817,-0.29943414020748194,60.0,0.0,0.0,flat,0,2026-03-12,HCLTECH,NSE
5000,20,260,1234.3000000000002,1234.3000000000002,0.0,2.4305274244507373,-0.3022432113341204,-0.30102442868400314,60.0,0.0,0.0,flat,0,2026-03-12,HCLTECH,NSE
10000,20,260,1233.6,1233.6,0.0,2.431906614785624,-0.2954822954822955,-0.29546936114732725,60.0,0.0,0.0,flat,0,2026-03-12,HCLTECH,NSE
20000,20,260,1241.1999999999998,1241.1999999999998,0.0,2.4170157911694696,-0.298932384341637,-0.29824283678961533,60.0,0.0,0.0,flat,0,2026-03-12,HCLTECH,NSE
50000,20,260,1256.8000000000002,1256.8000000000002,0.0,2.3870146403560986,-0.2950423216444982,-0.29551323434473853,60.0,0.0,0.0,flat,0,2026-03-12,HCLTECH,NSE
0,20,260,826.8499999999999,826.8499999999999,0.0,1.2094092036043145,-0.5670225385527876,-0.568556048131729,60.0,0.0,0.0,flat,0,2026-03-12,HDFCBANK,NSE
5000,20,260,827.05,827.05,0.0,1.2091167402215435,-0.5731857318573186,-0.5736332293547858,60.0,0.0,0.0,flat,0,2026-03-12,HDFCBANK,NSE
10000,20,260,826.95,826.95,0.0,1.209262954229672,-0.5636978579481398,-0.5643996388805297,60.0,0.0,0.0,flat,0,2026-03-12,HDFCBANK,NSE
20000,20,260,828.1500000000001,828.1500000000001,0.0,1.207510716657885,-0.5703611457036114,-0.5717134784776466,60.0,0.0,0.0,flat,0,2026-03-12,HDFCBANK,NSE
50000,20,260,831.9000000000001,831.9000000000001,0.0,1.2020675561969314,-0.5703611457036114,-0.5720458700349011,60.0,0.0,0.0,flat,0,2026-03-12,HDFCBANK,NSE
0,20,260,1424.4,1424.4,0.0,1.4040999719183196,-0.3724304715840387,-0.3723369916074887,60.0,0.0,0.0,flat,0,2026-03-12,ICICIBANK,NSE
5000,20,260,1425.0,1425.0,0.0,1.4035087719285482,-0.36953807740324596,-0.36927178803532745,60.0,0.0,0.0,flat,0,2026-03-12,ICICIBANK,NSE
10000,20,260,1419.8000000000002,1419.8000000000002,0.0,1.4086491055081383,-0.3739644970414201,-0.37413139608338597,60.0,0.0,0.0,flat,0,2026-03-12,ICICIBANK,NSE
20000,20,260,1427.1,1427.1,0.0,1.401443486791714,-0.36953807740324596,-0.36927178803532745,60.0,0.0,0.0,flat,0,2026-03-12,ICICIBANK,NSE
50000,20,260,1438.1,1438.1,0.0,1.3907238717755752,-0.3686176836861768,-0.36884973404255317,60.0,0.0,0.0,flat,0,2026-03-12,ICICIBANK,NSE
0,20,260,1115.5,1115.5,0.0,1.7929179740010586,-0.18424242424242424,-0.18475974761365474,60.0,0.0,0.0,flat,0,2026-03-12,INFY,NSE
5000,20,260,1113.5,1113.5,0.0,1.7961383026476703,-0.19316843345111898,-0.1930514070114762,60.0,0.0,0.0,flat,0,2026-03-12,INFY,NSE
10000,20,260,1115.0,1115.0,0.0,1.7937219730925391,-0.18895705521472392,-0.18883065836881754,60.0,0.0,0.0,flat,0,2026-03-12,INFY,NSE
20000,20,260,1125.1,1125.1,0.0,1.7776197671322147,-0.19161676646706588,-0.1917852005753556,60.0,0.0,0.0,flat,0,2026-03-12,INFY,NSE
50000,20,260,1133.1,1133.1,0.0,1.765069278969601,-0.18469015795868773,-0.1845904298459043,60.0,0.0,0.0,flat,0,2026-03-12,INFY,NSE
0,20,260,1307.3000000000002,1307.3000000000002,0.0,1.529870725924007,0.43937575030012005,0.43976289650752964,60.0,0.0,0.0,flat,0,2026-03-12,RELIANCE,NSE
5000,20,260,1308.5,1308.5,0.0,1.5284677111182126,0.4444444444444444,0.4439260123312781,60.0,0.0,0.0,flat,0,2026-03-12,RELIANCE,NSE
10000,20,260,1307.9,1307.9,0.0,1.5291688967049886,0.44171779141104295,0.44235178512938095,60.0,0.0,0.0,flat,0,2026-03-12,RELIANCE,NSE
20000,20,260,1312.1999999999998,1312.1999999999998,0.0,1.5241579027590726,0.4517593643586833,0.45235570368126043,60.0,0.0,0.0,flat,0,2026-03-12,RELIANCE,NSE
50000,20,260,1325.5,1325.5,0.0,1.5088645794026263,0.4488836662749706,0.44894117647058823,60.0,0.0,0.0,flat,0,2026-03-12,RELIANCE,NSE
0,20,260,2191.5,2191.5,0.0,2.2815423226100844,-0.01410105757931845,-0.013172338090010977,60.0,0.0,0.0,flat,0,2026-03-12,TCS,NSE
5000,20,260,2191.3,2191.3,0.0,2.281750559028887,-0.007471980074719801,-0.006317539484621779,60.0,0.0,0.0,flat,0,2026-03-12,TCS,NSE
10000,20,260,2184.6,2184.6,0.0,2.288748512313467,-0.007398273736128237,-0.006255144032921811,60.0,0.0,0.0,flat,0,2026-03-12,TCS,NSE
20000,20,260,2188.6,2188.6,0.0,2.284565475646532,0.006674082313681869,0.007124833011726288,60.0,0.0,0.0,flat,0,2026-03-12,TCS,NSE
50000,20,260,2225.6,2225.6,0.0,2.246585190510424,-0.014336917562724014,-0.012115415271799776,60.0,0.0,0.0,flat,0,2026-03-12,TCS,NSE
0,20,260,1329.3,1329.3,0.0,3.7613781689611074,0.047116165718927704,0.0480164751788424,100.0,0.0,0.0,flat,0,2026-03-13,AXISBANK,NSE
5000,20,260,1350.3,1350.3,0.0,3.7028808412945273,0.038077969174977334,0.036297640653357534,80.0,0.0,0.0,flat,0,2026-03-13,AXISBANK,NSE
10000,20,260,1344.4,1344.4,0.0,3.719131210949122,0.024928092042186004,0.026995905834186283,80.0,0.0,0.0,flat,0,2026-03-13,AXISBANK,NSE
20000,20,260,1322.0,1322.0,0.0,3.7821482602118004,0.03099361896080219,0.03284271986376353,80.0,0.0,0.0,flat,0,2026-03-13,AXISBANK,NSE
50000,20,260,1360.8,1360.8,0.0,3.6743092298647855,0.03928266438941076,0.04113491340018231,80.0,0.0,0.0,flat,0,2026-03-13,AXISBANK,NSE
0,20,260,1239.1,1239.1,0.0,4.842224194981329,-0.25525743292240755,-0.25512770897832815,100.0,0.0,0.0,flat,0,2026-03-13,HCLTECH,NSE
5000,20,260,1253.0,1253.0,0.0,4.7885075818029454,-0.2675474814203138,-0.26939180255619216,100.0,0.0,0.0,flat,0,2026-03-13,HCLTECH,NSE
10000,20,260,1245.0,1245.0,0.0,4.819277108433004,-0.2820276497695853,-0.2829562223315298,80.0,0.0,0.0,flat,0,2026-03-13,HCLTECH,NSE
20000,20,260,1227.5,1227.5,0.0,4.887983706720237,-0.31061259706643657,-0.3118019573978123,80.0,0.0,0.0,flat,0,2026-03-13,HCLTECH,NSE
50000,20,260,1251.8,1251.8,0.0,4.7930979389671595,-0.272648835202761,-0.2751237481293887,80.0,0.0,0.0,flat,0,2026-03-13,HCLTECH,NSE
0,20,260,833.25,833.25,0.0,3.0003000300030007,-0.5401563610518835,-0.5405405405405406,100.0,0.0,0.0,flat,0,2026-03-13,HDFCBANK,NSE
5000,20,260,838.55,838.55,0.0,2.981336831435216,-0.5536445536445537,-0.554474920773686,100.0,0.0,0.0,flat,0,2026-03-13,HDFCBANK,NSE
10000,20,260,839.85,839.85,0.0,2.9767220336964932,-0.5583405358686258,-0.5592848904267589,80.0,0.0,0.0,flat,0,2026-03-13,HDFCBANK,NSE
20000,20,260,825.9,825.9,0.0,3.0270008475602372,-0.6009992862241256,-0.6020379011522712,100.0,0.0,0.0,flat,0,2026-03-13,HDFCBANK,NSE
50000,20,260,844.95,844.95,0.0,2.958754955914551,-0.5507474429583006,-0.5508554634197543,100.0,0.0,0.0,flat,0,2026-03-13,HDFCBANK,NSE
0,20,260,1410.6,1410.6,0.0,3.544590954203885,-0.34331983805668015,-0.344533275713051,100.0,0.0,0.0,flat,0,2026-03-13,ICICIBANK,NSE
5000,20,260,1427.6,1427.6,0.0,3.502381619501261,-0.4095707248416608,-0.41010233780865646,100.0,0.0,0.0,flat,0,2026-03-13,ICICIBANK,NSE
10000,20,260,1423.3,1423.3,0.0,3.5129628328532285,-0.3875968992248062,-0.3866222273301919,80.0,0.0,0.0,flat,0,2026-03-13,ICICIBANK,NSE
20000,20,260,1423.9,1423.9,0.0,3.511482547931737,-0.37629350893697083,-0.37697715289982425,80.0,0.0,0.0,flat,0,2026-03-13,ICICIBANK,NSE
50000,20,260,1432.1,1432.1,0.0,3.491376300537672,-0.35733819507748404,-0.3574556069082948,80.0,0.0,0.0,flat,0,2026-03-13,ICICIBANK,NSE
0,20,260,1123.0,1123.0,0.0,4.452359750667854,-0.1759853345554537,-0.17561452855570503,80.0,0.0,0.0,flat,0,2026-03-13,INFY,NSE
5000,20,260,1121.7,1121.7,0.0,4.45751983596327,-0.1838161838161838,-0.18397546993734168,80.0,0.0,0.0,flat,0,2026-03-13,INFY,NSE
10000,20,260,1117.8,1117.8,0.0,4.4730721059223475,-0.20162016201620162,-0.2011770357914965,80.0,0.0,0.0,flat,0,2026-03-13,INFY,NSE
20000,20,260,1094.1,1094.1,0.0,4.569966182250252,-0.20920502092050208,-0.20944512671653456,80.0,0.0,0.0,flat,0,2026-03-13,INFY,NSE
50000,20,260,1134.8,1134.8,0.0,4.406062742333451,-0.18234723569350145,-0.18226537216828478,80.0,0.0,0.0,flat,0,2026-03-13,INFY,NSE
0,20,260,1302.6,1302.6,0.0,3.070781513894239,0.4577893820713664,0.45791245791245794,80.0,0.0,0.0,flat,0,2026-03-13,RELIANCE,NSE
5000,20,260,1319.5,1319.5,0.0,3.0314513073140654,0.39416058394160586,0.39539619300575474,120.0,0.0,0.0,flat,0,2026-03-13,RELIANCE,NSE
10000,20,260,1325.8,1325.8,0.0,3.01704631166157,0.4599483204134367,0.45925755660268935,80.0,0.0,0.0,flat,0,2026-03-13,RELIANCE,NSE
20000,20,260,1322.4,1322.4,0.0,3.0248033877787623,0.4260355029585799,0.42607420773655125,80.0,0.0,0.0,flat,0,2026-03-13,RELIANCE,NSE
50000,20,260,1318.5,1318.5,0.0,3.033750474024201,0.44662095984329087,0.4470003921056071,80.0,0.0,0.0,flat,0,2026-03-13,RELIANCE,NSE
0,20,260,2197.3,2197.3,0.0,3.6408319300947847,0.010109519797809604,0.013490725126475547,80.0,0.0,0.0,flat,0,2026-03-13,TCS,NSE
5000,20,260,2231.0,2231.0,0.0,3.585835948006194,0.010535557506584723,0.010776619421342393,80.0,0.0,0.0,flat,0,2026-03-13,TCS,NSE
10000,20,260,2229.3,2229.3,0.0,3.5885704032643746,0.0,0.0002534533012292485,80.0,0.0,0.0,flat,0,2026-03-13,TCS,NSE
20000,20,260,2210.5,2210.5,0.0,3.6190907034615782,0.03794799718903725,0.04012374613293335,120.0,0.0,0.0,flat,0,2026-03-13,TCS,NSE
50000,20,260,2239.0,2239.0,0.0,3.573023671282635,0.020460358056265986,0.017745421453759527,80.0,0.0,0.0,flat,0,2026-03-13,TCS,NSE
0,20,260,1322.6,1322.6,0.0,1.5121729925906964,0.026016260162601626,0.024967433782023447,40.0,0.0,0.0,flat,0,2026-03-16,AXISBANK,NSE
5000,20,260,1322.6999999999998,1322.6999999999998,0.0,1.5120586678766577,0.01957585644371941,0.019389978213507627,40.0,0.0,0.0,flat,0,2026-03-16,AXISBANK,NSE
10000,20,260,1322.1999999999998,1322.1999999999998,0.0,1.5126304643778967,0.022988505747126436,0.02104801578601184,40.0,0.0,0.0,flat,0,2026-03-16,AXISBANK,NSE
20000,20,260,1323.0,1323.0,0.0,1.5117157974287083,0.019834710743801654,0.02228596646072374,40.0,0.0,0.0,flat,0,2026-03-16,AXISBANK,NSE
50000,20,260,1321.1,1321.1,0.0,1.5138899402016917,0.022764227642276424,0.020403733449099196,40.0,0.0,0.0,flat,0,2026-03-16,AXISBANK,NSE
0,20,260,1220.8000000000002,1220.8000000000002,0.0,2.4574049803403875,-0.2932454695222405,-0.29306930693069305,40.0,0.0,0.0,flat,0,2026-03-16,HCLTECH,NSE
5000,20,260,1223.0,1223.0,0.0,2.4529844644332126,-0.2959349593495935,-0.29635258358662614,40.0,0.0,0.0,flat,0,2026-03-16,HCLTECH,NSE
10000,20,260,1221.8000000000002,1221.8000000000002,0.0,2.4553936814532205,-0.2959349593495935,-0.29635258358662614,40.0,0.0,0.0,flat,0,2026-03-16,HCLTECH,NSE
20000,20,260,1223.8000000000002,1223.8000000000002,0.0,2.4513809445984185,-0.29421487603305785,-0.2930920326638711,40.0,0.0,0.0,flat,0,2026-03-16,HCLTECH,NSE
50000,20,260,1220.5,1220.5,0.0,2.4580090127012033,-0.29132569558101473,-0.2918942538780861,40.0,0.0,0.0,flat,0,2026-03-16,HCLTECH,NSE
0,20,260,819.8,819.8,0.0,1.2198097096855665,-0.5714285714285714,-0.5709274281955712,40.0,0.0,0.0,flat,0,2026-03-16,HDFCBANK,NSE
5000,20,260,820.8499999999999,820.8499999999999,0.0,1.2182493756474722,-0.5751211631663974,-0.5750971083297367,40.0,0.0,0.0,flat,0,2026-03-16,HDFCBANK,NSE
10000,20,260,819.3,819.3,0.0,1.220554131576013,-0.5704809286898839,-0.5720611025016604,40.0,0.0,0.0,flat,0,2026-03-16,HDFCBANK,NSE
20000,20,260,820.45,820.45,0.0,1.2188433176917879,-0.5714285714285714,-0.5709274281955712,40.0,0.0,0.0,flat,0,2026-03-16,HDFCBANK,NSE
50000,20,260,819.6500000000001,819.6500000000001,0.0,1.2200329408896813,-0.5709624796084829,-0.5710239651416122,40.0,0.0,0.0,flat,0,2026-03-16,HDFCBANK,NSE
0,20,260,1405.4,1405.4,0.0,1.423082396471079,-0.36541598694942906,-0.36680461773034195,40.0,0.0,0.0,flat,0,2026-03-16,ICICIBANK,NSE
5000,20,260,1407.0,1407.0,0.0,1.4214641080299792,-0.3657331136738056,-0.3672751264570046,40.0,0.0,0.0,flat,0,2026-03-16,ICICIBANK,NSE
10000,20,260,1405.4,1405.4,0.0,1.423082396471079,-0.367816091954023,-0.3700942775707082,40.0,0.0,0.0,flat,0,2026-03-16,ICICIBANK,NSE
20000,20,260,1406.1,1406.1,0.0,1.422373942109704,-0.3669421487603306,-0.3681306554844405,40.0,0.0,0.0,flat,0,2026-03-16,ICICIBANK,NSE
50000,20,260,1406.3000000000002,1406.3000000000002,0.0,1.4221716561192168,-0.36541598694942906,-0.36680461773034195,40.0,0.0,0.0,flat,0,2026-03-16,ICICIBANK,NSE
0,20,260,1102.9,1102.9,0.0,1.8134010336390014,-0.1857379767827529,-0.1872924507416427,40.0,0.0,0.0,flat,0,2026-03-16,INFY,NSE
5000,20,260,1103.5,1103.5,0.0,1.8124150430432089,-0.1926163723916533,-0.19189536878216124,40.0,0.0,0.0,flat,0,2026-03-16,INFY,NSE
10000,20,260,1102.1,1102.1,0.0,1.81471735777194,-0.1926163723916533,-0.19189536878216124,40.0,0.0,0.0,flat,0,2026-03-16,INFY,NSE
20000,20,260,1104.1,1104.1,0.0,1.8114301240833754,-0.18657937806873978,-0.18579234972677597,40.0,0.0,0.0,flat,0,2026-03-16,INFY,NSE
50000,20,260,1105.0,1105.0,0.0,1.8099547511295755,-0.18536585365853658,-0.18432479374728614,40.0,0.0,0.0,flat,0,2026-03-16,INFY,NSE
0,20,260,1299.6999999999998,1299.6999999999998,0.0,1.5388166499965032,0.44112769485903813,0.4436572946646004,40.0,0.0,0.0,flat,0,2026-03-16,RELIANCE,NSE
5000,20,260,1301.5,1301.5,0.0,1.5366884364181184,0.4394184168012924,0.44068162208800693,40.0,0.0,0.0,flat,0,2026-03-16,RELIANCE,NSE
10000,20,260,1302.0,1302.0,0.0,1.5360983102904617,0.4433497536945813,0.44256904866286717,40.0,0.0,0.0,flat,0,2026-03-16,RELIANCE,NSE
20000,20,260,1302.3000000000002,1302.3000000000002,0.0,1.5357444521235157,0.44297520661157025,0.44405208563231074,40.0,0.0,0.0,flat,0,2026-03-16,RELIANCE,NSE
50000,20,260,1301.9,1301.9,0.0,1.5362162992552844,0.4451718494271686,0.4455856643356643,40.0,0.0,0.0,flat,0,2026-03-16,RELIANCE,NSE
0,20,260,2182.7,2182.7,0.0,1.3744444953485462,-0.006482982171799027,-0.004110774556469061,40.0,0.0,0.0,flat,0,2026-03-16,TCS,NSE
5000,20,260,2185.6,2185.6,0.0,1.3726207906304078,-0.006482982171799027,-0.007142857142857143,40.0,0.0,0.0,flat,0,2026-03-16,TCS,NSE
10000,20,260,2184.9,2184.9,0.0,1.3730605519711743,-0.006546644844517185,-0.006557377049180328,40.0,0.0,0.0,flat,0,2026-03-16,TCS,NSE
20000,20,260,2188.5,2188.5,0.0,1.370801919123518,0.0,-0.00196078431372549,40.0,0.0,0.0,flat,0,2026-03-16,TCS,NSE
50000,20,260,2186.0,2186.0,0.0,1.372369624886468,0.0,-0.002869757174392936,40.0,0.0,0.0,flat,0,2026-03-16,TCS,NSE
0,20,260,1321.9,1321.9,0.0,1.512973749905783,0.02269503546099291,0.02272296913463359,40.0,0.0,0.0,flat,0,2026-03-17,AXISBANK,NSE
5000,20,260,1318.0,1318.0,0.0,1.5174506828514271,0.025034770514603615,0.025436316375789084,40.0,0.0,0.0,flat,0,2026-03-17,AXISBANK,NSE
10000,20,260,1321.8000000000002,1321.8000000000002,0.0,1.5130882130431642,0.029689608636977057,0.029183930823275087,40.0,0.0,0.0,flat,0,2026-03-17,AXISBANK,NSE
20000,20,260,1326.4,1326.4,0.0,1.5078407720148181,0.010540184453227932,0.011257695690413369,60.0,0.0,0.0,flat,0,2026-03-17,AXISBANK,NSE
50000,20,260,1330.6,1330.6,0.0,1.5030813166995753,0.027359781121751026,0.02629176556509038,40.0,0.0,0.0,flat,0,2026-03-17,AXISBANK,NSE
0,20,260,1221.9,1221.9,0.0,2.455192732629139,-0.2958748221906117,-0.2942851718245681,40.0,0.0,0.0,flat,0,2026-03-17,HCLTECH,NSE
5000,20,260,1218.8000000000002,1218.8000000000002,0.0,2.4614374794876475,-0.28532235939643347,-0.2882255997070134,40.0,0.0,0.0,flat,0,2026-03-17,HCLTECH,NSE
10000,20,260,1215.5,1215.5,0.0,2.4681201151804353,-0.29740791268758526,-0.2983063194317975,40.0,0.0,0.0,flat,0,2026-03-17,HCLTECH,NSE
20000,20,260,1229.4,1229.4,0.0,2.440214738896653,-0.2942008486562942,-0.2940177391960747,40.0,0.0,0.0,flat,0,2026-03-17,HCLTECH,NSE
50000,20,260,1224.1,1224.1,0.0,2.450780165018826,-0.29045643153526973,-0.2904357459379616,40.0,0.0,0.0,flat,0,2026-03-17,HCLTECH,NSE
0,20,260,817.5999999999999,817.5999999999999,0.0,1.2230919765169124,-0.5706293706293706,-0.5707617625093353,40.0,0.0,0.0,flat,0,2026-03-17,HDFCBANK,NSE
5000,20,260,817.2,817.2,0.0,1.2236906510037044,-0.5679676985195155,-0.5675530003593244,40.0,0.0,0.0,flat,0,2026-03-17,HDFCBANK,NSE
10000,20,260,819.55,819.55,0.0,1.2201818070895338,-0.5660881174899867,-0.5668210976478973,40.0,0.0,0.0,flat,0,2026-03-17,HDFCBANK,NSE
20000,20,260,822.5,822.5,0.0,1.2158054711235144,-0.5714285714285714,-0.5730740181268882,40.0,0.0,0.0,flat,0,2026-03-17,HDFCBANK,NSE
50000,20,260,822.55,822.55,0.0,1.2157315664704,-0.5683355886332883,-0.568099710982659,40.0,0.0,0.0,flat,0,2026-03-17,HDFCBANK,NSE
0,20,260,1405.6,1405.6,0.0,1.4228799089360096,-0.36879432624113473,-0.36924824843779586,40.0,0.0,0.0,flat,0,2026-03-17,ICICIBANK,NSE
5000,20,260,1402.3000000000002,1402.3000000000002,0.0,1.426228339157423,-0.36615811373092927,-0.3658581744121459,40.0,0.0,0.0,flat,0,2026-03-17,ICICIBANK,NSE
10000,20,260,1401.3000000000002,1401.3000000000002,0.0,1.4272461285952005,-0.36879432624113473,-0.3698863636363636,40.0,0.0,0.0,flat,0,2026-03-17,ICICIBANK,NSE
20000,20,260,1414.6999999999998,1414.6999999999998,0.0,1.4137272920056938,-0.36462585034013606,-0.3645114420632038,40.0,0.0,0.0,flat,0,2026-03-17,ICICIBANK,NSE
50000,20,260,1407.8000000000002,1407.8000000000002,0.0,1.4206563432308952,-0.3669985775248933,-0.368211165970376,40.0,0.0,0.0,flat,0,2026-03-17,ICICIBANK,NSE
0,20,260,1100.0,1100.0,0.0,1.8181818181801646,-0.1902097902097902,-0.18950709484690068,40.0,0.0,0.0,flat,0,2026-03-17,INFY,NSE
5000,20,260,1097.5,1097.5,0.0,1.8223234624129212,-0.18381344307270234,-0.18348287859366416,40.0,0.0,0.0,flat,0,2026-03-17,INFY,NSE
10000,20,260,1097.1,1097.1,0.0,1.8229878771310317,-0.18181818181818182,-0.18148886071363884,40.0,0.0,0.0,flat,0,2026-03-17,INFY,NSE
20000,20,260,1108.0,1108.0,0.0,1.805054151622907,-0.17795484727755645,-0.17898281056175794,40.0,0.0,0.0,flat,0,2026-03-17,INFY,NSE
50000,20,260,1104.9,1104.9,0.0,1.8101185627662726,-0.18132611637347767,-0.18153901734104047,40.0,0.0,0.0,flat,0,2026-03-17,INFY,NSE
0,20,260,1297.5,1297.5,0.0,1.5414258188810643,0.4425531914893617,0.4438553304298428,40.0,0.0,0.0,flat,0,2026-03-17,RELIANCE,NSE
5000,20,260,1295.1,1295.1,0.0,1.5442822948038413,0.4379172229639519,0.43735519515237925,40.0,0.0,0.0,flat,0,2026-03-17,RELIANCE,NSE
10000,20,260,1297.6999999999998,1297.6999999999998,0.0,1.5411882561458388,0.44625850340136053,0.44852006537134553,40.0,0.0,0.0,flat,0,2026-03-17,RELIANCE,NSE
20000,20,260,1306.1,1306.1,0.0,1.531276318812078,0.45006657789613846,0.4502310700319943,40.0,0.0,0.0,flat,0,2026-03-17,RELIANCE,NSE
50000,20,260,1306.3000000000002,1306.3000000000002,0.0,1.5310418739956015,0.44566712517193946,0.4468514778777309,40.0,0.0,0.0,flat,0,2026-03-17,RELIANCE,NSE
0,20,260,2180.1000000000004,2180.1000000000004,0.0,1.8347782211829315,-0.005641748942172073,-0.006401807569196009,40.0,0.0,0.0,flat,0,2026-03-17,TCS,NSE
5000,20,260,2176.5,2176.5,0.0,1.8378130025253214,0.0,-0.0007346189164370982,40.0,0.0,0.0,flat,0,2026-03-17,TCS,NSE
10000,20,260,2174.0,2174.0,0.0,1.8399264029422089,0.0,0.00035925992455541585,40.0,0.0,0.0,flat,0,2026-03-17,TCS,NSE
20000,20,260,2187.8999999999996,2187.8999999999996,0.0,1.8282371223551854,-0.005689900426742532,-0.0064552876400227836,40.0,0.0,0.0,flat,0,2026-03-17,TCS,NSE
50000,20,260,2186.2,2186.2,0.0,1.8296587686400647,-0.005706134094151213,-0.005713197486193106,40.0,0.0,0.0,flat,0,2026-03-17,TCS,NSE
0,20,260,1316.0,1316.0,0.0,1.5197568389043927,0.007643312101910828,0.007993197278911564,60.0,0.0,0.0,flat,0,2026-03-18,AXISBANK,NSE
5000,20,260,1315.6999999999998,1315.6999999999998,0.0,1.5201033670293038,0.02263083451202263,0.02152974504249292,40.0,0.0,0.0,flat,0,2026-03-18,AXISBANK,NSE
10000,20,260,1321.6999999999998,1321.6999999999998,0.0,1.5132026935011387,0.027359781121751026,0.02629176556509038,40.0,0.0,0.0,flat,0,2026-03-18,AXISBANK,NSE
20000,20,260,1318.1,1318.1,0.0,1.5173355587591646,0.016282225237449117,0.016479536399855124,40.0,0.0,0.0,flat,0,2026-03-18,AXISBANK,NSE
50000,20,260,1321.5,1321.5,0.0,1.5134317063928726,0.01991465149359886,0.021078617546524875,40.0,0.0,0.0,flat,0,2026-03-18,AXISBANK,NSE
0,20,260,1217.1,1217.1,0.0,2.464875523785675,-0.30451612903225805,-0.3043403375818119,60.0,0.0,0.0,flat,0,2026-03-18,HCLTECH,NSE
5000,20,260,1214.9,1214.9,0.0,2.469339040249852,-0.2965034965034965,-0.29643457158857567,40.0,0.0,0.0,flat,0,2026-03-18,HCLTECH,NSE
10000,20,260,1222.1,1222.1,0.0,2.4547909336384466,-0.285336856010568,-0.2858906525573192,40.0,0.0,0.0,flat,0,2026-03-18,HCLTECH,NSE
20000,20,260,1220.8000000000002,1220.8000000000002,0.0,2.4574049803403875,-0.29619181946403383,-0.2962335216572505,40.0,0.0,0.0,flat,0,2026-03-18,HCLTECH,NSE
50000,20,260,1227.1999999999998,1227.1999999999998,0.0,2.4445893089957185,-0.28647925033467203,-0.2870420017873101,40.0,0.0,0.0,flat,0,2026-03-18,HCLTECH,NSE
0,20,260,815.55,815.55,0.0,1.2261663907795075,-0.5813060179257362,-0.5807554264228337,60.0,0.0,0.0,flat,0,2026-03-18,HDFCBANK,NSE
5000,20,260,815.8,815.8,0.0,1.2257906349598278,-0.573049645390071,-0.5726188221927665,40.0,0.0,0.0,flat,0,2026-03-18,HDFCBANK,NSE
10000,20,260,821.4000000000001,821.4000000000001,0.0,1.217433649866359,-0.5660881174899867,-0.5668210976478973,40.0,0.0,0.0,flat,0,2026-03-18,HDFCBANK,NSE
20000,20,260,816.8499999999999,816.8499999999999,0.0,1.2242149721493878,-0.5730180806675939,-0.5742666171555886,40.0,0.0,0.0,flat,0,2026-03-18,HDFCBANK,NSE
50000,20,260,822.3,822.3,0.0,1.216101179618421,-0.5661861074705111,-0.5658792650918635,60.0,0.0,0.0,flat,0,2026-03-18,HDFCBANK,NSE
0,20,260,1397.1999999999998,1397.1999999999998,0.0,1.4314342971660858,-0.38095238095238093,-0.38000343583576707,60.0,0.0,0.0,flat,0,2026-03-18,ICICIBANK,NSE
5000,20,260,1397.5,1397.5,0.0,1.4311270125210598,-0.36775106082036774,-0.36827195467422097,40.0,0.0,0.0,flat,0,2026-03-18,ICICIBANK,NSE
10000,20,260,1401.8000000000002,1401.8000000000002,0.0,1.426737052361574,-0.3787289234760052,-0.37898199445983377,60.0,0.0,0.0,flat,0,2026-03-18,ICICIBANK,NSE
20000,20,260,1400.1999999999998,1400.1999999999998,0.0,1.4283673760894553,-0.3643724696356275,-0.3635381012430193,40.0,0.0,0.0,flat,0,2026-03-18,ICICIBANK,NSE
50000,20,260,1401.6,1401.6,0.0,1.426940639269731,-0.36775106082036774,-0.36827195467422097,40.0,0.0,0.0,flat,0,2026-03-18,ICICIBANK,NSE
0,20,260,1101.0,1101.0,0.0,1.8165304268829983,-0.1976592977893368,-0.197882312098594,60.0,0.0,0.0,flat,0,2026-03-18,INFY,NSE
5000,20,260,1099.3000000000002,1099.3000000000002,0.0,1.8193395797329706,-0.18776671408250356,-0.1879627871653693,40.0,0.0,0.0,flat,0,2026-03-18,INFY,NSE
10000,20,260,1104.9,1104.9,0.0,1.8101185627662726,-0.18331053351573187,-0.18279766252739227,40.0,0.0,0.0,flat,0,2026-03-18,INFY,NSE
20000,20,260,1103.8000000000002,1103.8000000000002,0.0,1.8119224497195636,-0.18723404255319148,-0.18632834690399547,40.0,0.0,0.0,flat,0,2026-03-18,INFY,NSE
50000,20,260,1104.8000000000002,1104.8000000000002,0.0,1.810282404055444,-0.1773142112125163,-0.1773407587887226,60.0,0.0,0.0,flat,0,2026-03-18,INFY,NSE
0,20,260,1294.6999999999998,1294.6999999999998,0.0,1.5447594037232217,0.43312101910828027,0.4325794932834552,60.0,0.0,0.0,flat,0,2026-03-18,RELIANCE,NSE
5000,20,260,1294.1,1294.1,0.0,1.545475620122444,0.44163150492264414,0.4425460007510327,40.0,0.0,0.0,flat,0,2026-03-18,RELIANCE,NSE
10000,20,260,1298.1999999999998,1298.1999999999998,0.0,1.540594669542794,0.43626806833114323,0.4364146640940186,60.0,0.0,0.0,flat,0,2026-03-18,RELIANCE,NSE
20000,20,260,1292.5,1292.5,0.0,1.5473887814299272,0.43593130779392336,0.43625462881326044,40.0,0.0,0.0,flat,0,2026-03-18,RELIANCE,NSE
50000,20,260,1296.1,1296.1,0.0,1.5430908108945722,0.44660194174757284,0.44584336234030736,40.0,0.0,0.0,flat,0,2026-03-18,RELIANCE,NSE
0,20,260,2174.7,2174.7,0.0,1.839334161034124,-0.011157601115760111,-0.01005399366970769,40.0,0.0,0.0,flat,0,2026-03-18,TCS,NSE
5000,20,260,2174.7,2174.7,0.0,1.839334161034124,0.0,-0.0024611889435819764,40.0,0.0,0.0,flat,0,2026-03-18,TCS,NSE
10000,20,260,2190.0,2190.0,0.0,1.826484018263179,0.007802340702210663,0.006074279763970843,60.0,0.0,0.0,flat,0,2026-03-18,TCS,NSE
20000,20,260,2173.8999999999996,2173.8999999999996,0.0,1.840011040066659,-0.020278833967046894,-0.02047377326565144,60.0,0.0,0.0,flat,0,2026-03-18,TCS,NSE
50000,20,260,2193.8,2193.8,0.0,1.823320266205173,0.0,-0.0009154155986818016,40.0,0.0,0.0,flat,0,2026-03-18,TCS,NSE
0,20,260,1313.6,1313.6,0.0,1.5225334957372525,0.007566204287515763,0.00706951691634405,60.0,0.0,0.0,flat,0,2026-03-19,AXISBANK,NSE
5000,20,260,1317.8000000000002,1317.8000000000002,0.0,1.5176809834576221,0.026917900403768506,0.027488321954725118,40.0,0.0,0.0,flat,0,2026-03-19,AXISBANK,NSE
10000,20,260,1318.1,1318.1,0.0,1.5173355587591646,0.029216467463479414,0.030491047686580394,40.0,0.0,0.0,flat,0,2026-03-19,AXISBANK,NSE
20000,20,260,1312.4,1312.4,0.0,1.5239256324294839,0.02269503546099291,0.021965536830145807,40.0,0.0,0.0,flat,0,2026-03-19,AXISBANK,NSE
50000,20,260,1301.9,1301.9,0.0,1.5362162992552844,0.016506189821182942,0.017076753580609623,40.0,0.0,0.0,flat,0,2026-03-19,AXISBANK,NSE
0,20,260,1214.1,1214.1,0.0,2.4709661477634013,-0.309552599758162,-0.3117637566564467,60.0,0.0,0.0,flat,0,2026-03-19,HCLTECH,NSE
5000,20,260,1218.1,1218.1,0.0,2.462851982595473,-0.28532235939643347,-0.2882255997070134,40.0,0.0,0.0,flat,0,2026-03-19,HCLTECH,NSE
10000,20,260,1218.1,1218.1,0.0,2.462851982595473,-0.28761651131824234,-0.2871867780344766,40.0,0.0,0.0,flat,0,2026-03-19,HCLTECH,NSE
20000,20,260,1213.0,1213.0,0.0,2.4732069249808895,-0.2958748221906117,-0.2942851718245681,40.0,0.0,0.0,flat,0,2026-03-19,HCLTECH,NSE
50000,20,260,1202.8000000000002,1202.8000000000002,0.0,2.4941802460920726,-0.2900976290097629,-0.29132539091586,40.0,0.0,0.0,flat,0,2026-03-19,HCLTECH,NSE
0,20,260,813.8499999999999,813.8499999999999,0.0,1.2287276525160993,-0.5828144458281445,-0.5832779255319149,60.0,0.0,0.0,flat,0,2026-03-19,HDFCBANK,NSE
5000,20,260,815.0999999999999,815.0999999999999,0.0,1.2268433321067689,-0.5683355886332883,-0.568099710982659,40.0,0.0,0.0,flat,0,2026-03-19,HDFCBANK,NSE
10000,20,260,815.95,815.95,0.0,1.2255652919912094,-0.5741496598639456,-0.5759171812568108,40.0,0.0,0.0,flat,0,2026-03-19,HDFCBANK,NSE
20000,20,260,814.8499999999999,814.8499999999999,0.0,1.227219733693597,-0.5706134094151213,-0.5724623881165493,40.0,0.0,0.0,flat,0,2026-03-19,HDFCBANK,NSE
50000,20,260,806.5999999999999,806.5999999999999,0.0,1.239771881973999,-0.5698166431593794,-0.5713478915662651,40.0,0.0,0.0,flat,0,2026-03-19,HDFCBANK,NSE
0,20,260,1400.6,1400.6,0.0,1.42795944595206,-0.3656207366984993,-0.3645966126388636,40.0,0.0,0.0,flat,0,2026-03-19,ICICIBANK,NSE
5000,20,260,1403.5,1403.5,0.0,1.4250089063043683,-0.3682008368200837,-0.3671569540122882,40.0,0.0,0.0,flat,0,2026-03-19,ICICIBANK,NSE
10000,20,260,1399.6,1399.6,0.0,1.4289797084884646,-0.373806275579809,-0.3738164603058995,40.0,0.0,0.0,flat,0,2026-03-19,ICICIBANK,NSE
20000,20,260,1398.8000000000002,1398.8000000000002,0.0,1.429796968830751,-0.3669985775248933,-0.3689707557918724,40.0,0.0,0.0,flat,0,2026-03-19,ICICIBANK,NSE
50000,20,260,1387.4,1387.4,0.0,1.441545336601164,-0.3641379310344828,-0.3656785122445222,40.0,0.0,0.0,flat,0,2026-03-19,ICICIBANK,NSE
0,20,260,1098.6999999999998,1098.6999999999998,0.0,1.82033312096155,-0.20322180916976457,-0.20373739044154127,60.0,0.0,0.0,flat,0,2026-03-19,INFY,NSE
5000,20,260,1103.1,1103.1,0.0,1.8130722509296118,-0.18776671408250356,-0.1868945868945869,40.0,0.0,0.0,flat,0,2026-03-19,INFY,NSE
10000,20,260,1098.1999999999998,1098.1999999999998,0.0,1.8211619012934392,-0.18565400843881857,-0.18629107981220658,40.0,0.0,0.0,flat,0,2026-03-19,INFY,NSE
20000,20,260,1095.1999999999998,1095.1999999999998,0.0,1.826150474799539,-0.18953323903818953,-0.18847969782813975,40.0,0.0,0.0,flat,0,2026-03-19,INFY,NSE
50000,20,260,1086.9,1086.9,0.0,1.840095684976037,-0.19151846785225718,-0.1922936449963477,40.0,0.0,0.0,flat,0,2026-03-19,INFY,NSE
0,20,260,1293.8000000000002,1293.8000000000002,0.0,1.5458339774311751,0.43236409608091025,0.4319217141893032,60.0,0.0,0.0,flat,0,2026-03-19,RELIANCE,NSE
5000,20,260,1297.9,1297.9,0.0,1.5409507666233566,0.44625850340136053,0.44852006537134553,40.0,0.0,0.0,flat,0,2026-03-19,RELIANCE,NSE
10000,20,260,1293.6999999999998,1293.6999999999998,0.0,1.5459534668010009,0.4375838926174497,0.4379143522666189,40.0,0.0,0.0,flat,0,2026-03-19,RELIANCE,NSE
20000,20,260,1291.9,1291.9,0.0,1.5481074386565947,0.44105409153952846,0.44139974078874283,40.0,0.0,0.0,flat,0,2026-03-19,RELIANCE,NSE
50000,20,260,1279.1999999999998,1279.1999999999998,0.0,1.5634771732336263,0.44660194174757284,0.44621366413627106,40.0,0.0,0.0,flat,0,2026-03-19,RELIANCE,NSE
0,20,260,2176.3,2176.3,0.0,1.8379818958787433,-0.02002503128911139,-0.02088205813564985,60.0,0.0,0.0,flat,0,2026-03-19,TCS,NSE
5000,20,260,2184.5,2184.5,0.0,1.8310826276019052,0.0,0.0012406947890818859,40.0,0.0,0.0,flat,0,2026-03-19,TCS,NSE
10000,20,260,2181.7,2181.7,0.0,1.8334326442686484,-0.013642564802182811,-0.012019668548533965,40.0,0.0,0.0,flat,0,2026-03-19,TCS,NSE
20000,20,260,2175.6000000000004,2175.6000000000004,0.0,1.8385732671451134,-0.005625879043600563,-0.005069470521967706,40.0,0.0,0.0,flat,0,2026-03-19,TCS,NSE
50000,20,260,2154.3,2154.3,0.0,1.8567516130533859,-0.005442176870748299,-0.008716179408026149,40.0,0.0,0.0,flat,0,2026-03-19,TCS,NSE
0,20,260,1315.9,1315.9,0.0,1.5198723307245645,0.01444043321299639,0.014294892386765179,60.0,0.0,0.0,flat,0,2026-03-20,AXISBANK,NSE
5000,20,260,1325.8000000000002,1325.8000000000002,0.0,1.5085231558307848,0.05247225025227043,0.053049683586912616,80.0,0.0,0.0,flat,0,2026-03-20,AXISBANK,NSE
10000,20,260,1329.6,1329.6,0.0,1.5042117930207994,0.025094102885821833,0.02445151565901859,60.0,0.0,0.0,flat,0,2026-03-20,AXISBANK,NSE
20000,20,260,1327.8000000000002,1327.8000000000002,0.0,1.5062509414071807,0.009512485136741973,0.011744167592445643,60.0,0.0,0.0,flat,0,2026-03-20,AXISBANK,NSE
50000,20,260,1339.8000000000002,1339.8000000000002,0.0,1.4927601134501078,0.01717791411042945,0.01670214507941706,60.0,0.0,0.0,flat,0,2026-03-20,AXISBANK,NSE
0,20,260,1217.1,1217.1,0.0,3.286500698380278,-0.30012004801920766,-0.30123377663835926,60.0,0.0,0.0,flat,0,2026-03-20,HCLTECH,NSE
5000,20,260,1227.3,1227.3,0.0,3.2591868328859364,-0.2870928829915561,-0.2871175523349436,60.0,0.0,0.0,flat,0,2026-03-20,HCLTECH,NSE
10000,20,260,1227.5,1227.5,0.0,3.2586558044813927,-0.29839704069050554,-0.29817344084252095,60.0,0.0,0.0,flat,0,2026-03-20,HCLTECH,NSE
20000,20,260,1224.9,1224.9,0.0,3.265572699811116,-0.29938650306748466,-0.2990011462256427,60.0,0.0,0.0,flat,0,2026-03-20,HCLTECH,NSE
50000,20,260,1236.2,1236.2,0.0,3.235722375020959,-0.2903629536921151,-0.2908453057133311,60.0,0.0,0.0,flat,0,2026-03-20,HCLTECH,NSE
0,20,260,818.05,818.05,0.0,1.2224191675328249,-0.5710627400768246,-0.5715262348316527,60.0,0.0,0.0,flat,0,2026-03-20,HDFCBANK,NSE
5000,20,260,826.55,826.55,0.0,1.2098481640556862,-0.5707133917396746,-0.5704260651629073,60.0,0.0,0.0,flat,0,2026-03-20,HDFCBANK,NSE
10000,20,260,827.5999999999999,827.5999999999999,0.0,1.2083131947803618,-0.5692883895131086,-0.5699050158306949,60.0,0.0,0.0,flat,0,2026-03-20,HDFCBANK,NSE
20000,20,260,827.2,827.2,0.0,1.208897485493505,-0.5682656826568265,-0.5687787261982928,60.0,0.0,0.0,flat,0,2026-03-20,HDFCBANK,NSE
50000,20,260,830.4000000000001,830.4000000000001,0.0,1.2042389210022004,-0.5622857142857143,-0.562929061784897,60.0,0.0,0.0,flat,0,2026-03-20,HDFCBANK,NSE
0,20,260,1398.9,1398.9,0.0,1.429694760169029,-0.3751493428912784,-0.3764555750518424,60.0,0.0,0.0,flat,0,2026-03-20,ICICIBANK,NSE
5000,20,260,1408.1,1408.1,0.0,1.4203536680636708,-0.3411167512690355,-0.34250101612247663,80.0,0.0,0.0,flat,0,2026-03-20,ICICIBANK,NSE
10000,20,260,1414.3000000000002,1414.3000000000002,0.0,1.414127130029311,-0.3654080389768575,-0.36416842789790277,60.0,0.0,0.0,flat,0,2026-03-20,ICICIBANK,NSE
20000,20,260,1411.0,1411.0,0.0,1.4174344436556916,-0.36385836385836384,-0.36414017929910353,60.0,0.0,0.0,flat,0,2026-03-20,ICICIBANK,NSE
50000,20,260,1425.1999999999998,1425.1999999999998,0.0,1.4033118158858089,-0.3645200486026732,-0.3635479163288471,60.0,0.0,0.0,flat,0,2026-03-20,ICICIBANK,NSE
0,20,260,1098.1999999999998,1098.1999999999998,0.0,1.8211619012934392,-0.19488428745432398,-0.19346447732076086,60.0,0.0,0.0,flat,0,2026-03-20,INFY,NSE
5000,20,260,1105.4,1105.4,0.0,1.809299800977433,-0.15460852329038652,-0.15500595159370453,80.0,0.0,0.0,flat,0,2026-03-20,INFY,NSE
10000,20,260,1110.4,1110.4,0.0,1.801152737752571,-0.19011406844106463,-0.18900169204737732,60.0,0.0,0.0,flat,0,2026-03-20,INFY,NSE
20000,20,260,1111.3000000000002,1111.3000000000002,0.0,1.7996940520115672,-0.17964071856287425,-0.17899952053699855,60.0,0.0,0.0,flat,0,2026-03-20,INFY,NSE
50000,20,260,1115.3000000000002,1115.3000000000002,0.0,1.7932394871339141,-0.1737142857142857,-0.17403904820012203,60.0,0.0,0.0,flat,0,2026-03-20,INFY,NSE
0,20,260,1299.6999999999998,1299.6999999999998,0.0,1.5388166499965032,0.4400494437577256,0.4395314304570203,60.0,0.0,0.0,flat,0,2026-03-20,RELIANCE,NSE
5000,20,260,1309.3000000000002,1309.3000000000002,0.0,1.5275337966855989,0.4708209693372898,0.4705649419218585,80.0,0.0,0.0,flat,0,2026-03-20,RELIANCE,NSE
10000,20,260,1313.6,1313.6,0.0,1.5225334957372525,0.44636251541307026,0.44716919025674784,60.0,0.0,0.0,flat,0,2026-03-20,RELIANCE,NSE
20000,20,260,1306.6999999999998,1306.6999999999998,0.0,1.5305731996636223,0.43636363636363634,0.4376516254245512,60.0,0.0,0.0,flat,0,2026-03-20,RELIANCE,NSE
50000,20,260,1311.0,1311.0,0.0,1.5255530129658132,0.44472681067344344,0.4452170963364993,60.0,0.0,0.0,flat,0,2026-03-20,RELIANCE,NSE
0,20,260,2181.3,2181.3,0.0,2.2922110667950304,-0.01221001221001221,-0.012713936430317848,60.0,0.0,0.0,flat,0,2026-03-20,TCS,NSE
5000,20,260,2200.1,2200.1,0.0,2.272623971637653,0.0,0.00032430679422733907,60.0,0.0,0.0,flat,0,2026-03-20,TCS,NSE
10000,20,260,2180.0,2180.0,0.0,2.293577981651376,-0.012610340479192938,-0.010606060606060607,60.0,0.0,0.0,flat,0,2026-03-20,TCS,NSE
20000,20,260,2199.3,2199.3,0.0,2.273450643386532,0.0,0.0,60.0,0.0,0.0,flat,0,2026-03-20,TCS,NSE
50000,20,260,2215.3,2215.3,0.0,2.257030650476233,0.0,-0.0011608623548922056,60.0,0.0,0.0,flat,0,2026-03-20,TCS,NSE
0,20,260,1317.4,1317.4,0.0,1.518141794443946,0.019769357495881382,0.01957765068191817,40.0,0.0,0.0,flat,0,2026-03-23,AXISBANK,NSE
5000,20,260,1314.3000000000002,1314.3000000000002,0.0,1.521722589972194,0.012441679626749611,0.013496677740863787,40.0,0.0,0.0,flat,0,2026-03-23,AXISBANK,NSE
10000,20,260,1311.6,1311.6,0.0,1.5248551387621645,0.028892455858747994,0.027646806686669523,40.0,0.0,0.0,flat,0,2026-03-23,AXISBANK,NSE
20000,20,260,1313.6,1313.6,0.0,1.5225334957372525,0.02618657937806874,0.024256993006993008,40.0,0.0,0.0,flat,0,2026-03-23,AXISBANK,NSE
50000,20,260,1310.8000000000002,1310.8000000000002,0.0,1.5257857796768801,0.019448946515397084,0.018610690326769097,40.0,0.0,0.0,flat,0,2026-03-23,AXISBANK,NSE
0,20,260,1220.6999999999998,1220.6999999999998,0.0,2.457606291471734,-0.2972536348949919,-0.2973031283710895,40.0,0.0,0.0,flat,0,2026-03-23,HCLTECH,NSE
5000,20,260,1221.8000000000002,1221.8000000000002,0.0,2.4553936814532205,-0.2936378466557912,-0.29551393728222997,40.0,0.0,0.0,flat,0,2026-03-23,HCLTECH,NSE
10000,20,260,1214.9,1214.9,0.0,2.469339040249852,-0.2936378466557912,-0.29551393728222997,40.0,0.0,0.0,flat,0,2026-03-23,HCLTECH,NSE
20000,20,260,1216.8000000000002,1216.8000000000002,0.0,2.46548323471363,-0.2932454695222405,-0.2941047074351078,40.0,0.0,0.0,flat,0,2026-03-23,HCLTECH,NSE
50000,20,260,1217.0,1217.0,0.0,2.4650780608067535,-0.29421487603305785,-0.2930920326638711,40.0,0.0,0.0,flat,0,2026-03-23,HCLTECH,NSE
0,20,260,818.3,818.3,0.0,1.2220457045096267,-0.5714285714285714,-0.5735584301688226,40.0,0.0,0.0,flat,0,2026-03-23,HDFCBANK,NSE
5000,20,260,816.0999999999999,816.0999999999999,0.0,1.2253400318591194,-0.5780525502318392,-0.5784151877837391,40.0,0.0,0.0,flat,0,2026-03-23,HDFCBANK,NSE
10000,20,260,813.8499999999999,813.8499999999999,0.0,1.2287276525160993,-0.576,-0.5756087142246903,40.0,0.0,0.0,flat,0,2026-03-23,HDFCBANK,NSE
20000,20,260,816.1500000000001,816.1500000000001,0.0,1.2252649635486457,-0.568659127625202,-0.5700107874865157,40.0,0.0,0.0,flat,0,2026-03-23,HDFCBANK,NSE
50000,20,260,814.7,814.7,0.0,1.2274456855286944,-0.568659127625202,-0.5700107874865157,40.0,0.0,0.0,flat,0,2026-03-23,HDFCBANK,NSE
0,20,260,1402.6,1402.6,0.0,1.4259232853275738,-0.367816091954023,-0.3700942775707082,40.0,0.0,0.0,flat,0,2026-03-23,ICICIBANK,NSE
5000,20,260,1399.1999999999998,1399.1999999999998,0.0,1.4293882218413774,-0.374414976599064,-0.3765882107894189,40.0,0.0,0.0,flat,0,2026-03-23,ICICIBANK,NSE
10000,20,260,1395.6,1395.6,0.0,1.4330753797653015,-0.36276083467094705,-0.3645520788684098,40.0,0.0,0.0,flat,0,2026-03-23,ICICIBANK,NSE
20000,20,260,1395.6999999999998,1395.6999999999998,0.0,1.4329727018703553,-0.367816091954023,-0.36716352476983777,40.0,0.0,0.0,flat,0,2026-03-23,ICICIBANK,NSE
50000,20,260,1396.1999999999998,1396.1999999999998,0.0,1.4324595330185181,-0.36628849270664504,-0.3665873187621727,40.0,0.0,0.0,flat,0,2026-03-23,ICICIBANK,NSE
0,20,260,1103.5,1103.5,0.0,1.8124150430432089,-0.18923327895595432,-0.19037246787192333,40.0,0.0,0.0,flat,0,2026-03-23,INFY,NSE
5000,20,260,1100.6999999999998,1100.6999999999998,0.0,1.8170255292090989,-0.1907790143084261,-0.19256900212314226,40.0,0.0,0.0,flat,0,2026-03-23,INFY,NSE
10000,20,260,1097.4,1097.4,0.0,1.8224895206856704,-0.18923327895595432,-0.19037246787192333,40.0,0.0,0.0,flat,0,2026-03-23,INFY,NSE
20000,20,260,1100.4,1100.4,0.0,1.81752090149078,-0.1884297520661157,-0.18759655705142353,40.0,0.0,0.0,flat,0,2026-03-23,INFY,NSE
50000,20,260,1099.9,1099.9,0.0,1.818347122466092,-0.18357487922705315,-0.18361642657493013,40.0,0.0,0.0,flat,0,2026-03-23,INFY,NSE
0,20,260,1298.8000000000002,1298.8000000000002,0.0,1.539882968894714,0.44084278768233387,0.44059727331746373,40.0,0.0,0.0,flat,0,2026-03-23,RELIANCE,NSE
5000,20,260,1295.1,1295.1,0.0,1.5442822948038413,0.4372093023255814,0.4367625750362244,40.0,0.0,0.0,flat,0,2026-03-23,RELIANCE,NSE
10000,20,260,1291.3000000000002,1291.3000000000002,0.0,1.5488267637268291,0.44084278768233387,0.4410300800692491,40.0,0.0,0.0,flat,0,2026-03-23,RELIANCE,NSE
20000,20,260,1293.6,1293.6,0.0,1.5460729746447548,0.44297520661157025,0.44272787464135954,40.0,0.0,0.0,flat,0,2026-03-23,RELIANCE,NSE
50000,20,260,1293.8000000000002,1293.8000000000002,0.0,1.5458339774311751,0.44189852700491,0.44221105527638194,40.0,0.0,0.0,flat,0,2026-03-23,RELIANCE,NSE
0,20,260,2177.5,2177.5,0.0,1.3777267508619147,-0.013223140495867768,-0.009269476936658574,40.0,0.0,0.0,flat,0,2026-03-23,TCS,NSE
5000,20,260,2171.4,2171.4,0.0,1.381597126278815,-0.012598425196850394,-0.012197686645636172,40.0,0.0,0.0,flat,0,2026-03-23,TCS,NSE
10000,20,260,2165.3,2165.3,0.0,1.3854893086395748,-0.006462035541195477,-0.007984462667242124,40.0,0.0,0.0,flat,0,2026-03-23,TCS,NSE
20000,20,260,2169.4,2169.4,0.0,1.382870839864395,-0.006589785831960461,-0.0063792344918609765,40.0,0.0,0.0,flat,0,2026-03-23,TCS,NSE
50000,20,260,2167.5,2167.5,0.0,1.3840830449835382,0.0,0.00021088148460565162,40.0,0.0,0.0,flat,0,2026-03-23,TCS,NSE
0,20,260,1317.4,1317.4,0.0,1.518141794443946,0.016506189821182942,0.017076753580609623,40.0,0.0,0.0,flat,0,2026-03-24,AXISBANK,NSE
5000,20,260,1319.1,1319.1,0.0,1.516185277841297,0.01969057665260197,0.020090123920390536,40.0,0.0,0.0,flat,0,2026-03-24,AXISBANK,NSE
10000,20,260,1311.6,1311.6,0.0,1.5248551387621645,0.013245033112582781,0.01326025459688826,40.0,0.0,0.0,flat,0,2026-03-24,AXISBANK,NSE
20000,20,260,1317.4,1317.4,0.0,1.518141794443946,0.016689847009735744,0.017449415258956748,40.0,0.0,0.0,flat,0,2026-03-24,AXISBANK,NSE
50000,20,260,1328.6999999999998,1328.6999999999998,0.0,1.5052306766015315,0.02269503546099291,0.02272296913463359,40.0,0.0,0.0,flat,0,2026-03-24,AXISBANK,NSE
0,20,260,1218.5,1218.5,0.0,2.4620434961032576,-0.300132802124834,-0.3007798652959943,40.0,0.0,0.0,flat,0,2026-03-24,HCLTECH,NSE
5000,20,260,1221.6999999999998,1221.6999999999998,0.0,2.455594663173893,-0.28647925033467203,-0.2870420017873101,40.0,0.0,0.0,flat,0,2026-03-24,HCLTECH,NSE
10000,20,260,1213.6999999999998,1213.6999999999998,0.0,2.471780505890702,-0.29219858156028367,-0.2938837341412611,40.0,0.0,0.0,flat,0,2026-03-24,HCLTECH,NSE
20000,20,260,1217.5,1217.5,0.0,2.464065708420385,-0.2786683107274969,-0.2781893004115226,60.0,0.0,0.0,flat,0,2026-03-24,HCLTECH,NSE
50000,20,260,1232.3000000000002,1232.3000000000002,0.0,2.434472125293796,-0.2942008486562942,-0.29286253776435045,40.0,0.0,0.0,flat,0,2026-03-24,HCLTECH,NSE
0,20,260,817.4000000000001,817.4000000000001,0.0,1.223391240518996,-0.5738396624472574,-0.5738967136150235,40.0,0.0,0.0,flat,0,2026-03-24,HDFCBANK,NSE
5000,20,260,816.8,816.8,0.0,1.2242899118514048,-0.5730180806675939,-0.5742666171555886,40.0,0.0,0.0,flat,0,2026-03-24,HDFCBANK,NSE
10000,20,260,813.45,813.45,0.0,1.2293318581353831,-0.5778961384820239,-0.5775724186955749,40.0,0.0,0.0,flat,0,2026-03-24,HDFCBANK,NSE
20000,20,260,816.55,816.55,0.0,1.2246647480255066,-0.5616264294790343,-0.5628498727735369,60.0,0.0,0.0,flat,0,2026-03-24,HDFCBANK,NSE
50000,20,260,823.7,823.7,0.0,1.2140342357657246,-0.5710267229254571,-0.5713481036425084,40.0,0.0,0.0,flat,0,2026-03-24,HDFCBANK,NSE
0,20,260,1403.6,1403.6,0.0,1.4249073810205577,-0.37130801687763715,-0.37082238077356366,40.0,0.0,0.0,flat,0,2026-03-24,ICICIBANK,NSE
5000,20,260,1405.9,1405.9,0.0,1.4225762856536417,-0.3600525624178712,-0.36098930012278546,60.0,0.0,0.0,flat,0,2026-03-24,ICICIBANK,NSE
10000,20,260,1397.3000000000002,1397.3000000000002,0.0,1.4313318542907427,-0.376502002670227,-0.3760470504366423,40.0,0.0,0.0,flat,0,2026-03-24,ICICIBANK,NSE
20000,20,260,1404.9,1404.9,0.0,1.4235888675353796,-0.3604806408544726,-0.36203208556149735,40.0,0.0,0.0,flat,0,2026-03-24,ICICIBANK,NSE
50000,20,260,1413.5,1413.5,0.0,1.4149274849651088,-0.35633626097867,-0.3553843577290236,60.0,0.0,0.0,flat,0,2026-03-24,ICICIBANK,NSE
0,20,260,1100.8000000000002,1100.8000000000002,0.0,1.8168604651166917,-0.19319727891156463,-0.19306211405739193,40.0,0.0,0.0,flat,0,2026-03-24,INFY,NSE
5000,20,260,1102.5,1102.5,0.0,1.8140589569144498,-0.17938420348058903,-0.17980339588918678,40.0,0.0,0.0,flat,0,2026-03-24,INFY,NSE
10000,20,260,1097.5,1097.5,0.0,1.8223234624129212,-0.19922380336351875,-0.19872237569060774,60.0,0.0,0.0,flat,0,2026-03-24,INFY,NSE
20000,20,260,1094.4,1094.4,0.0,1.8274853801173745,-0.19151846785225718,-0.1922936449963477,40.0,0.0,0.0,flat,0,2026-03-24,INFY,NSE
50000,20,260,1104.3000000000002,1104.3000000000002,0.0,1.8111020556012445,-0.18083670715249664,-0.18122860745811564,40.0,0.0,0.0,flat,0,2026-03-24,INFY,NSE
0,20,260,1295.6,1295.6,0.0,1.5436863229395297,0.44195804195804195,0.44193427931292006,40.0,0.0,0.0,flat,0,2026-03-24,RELIANCE,NSE
5000,20,260,1295.9,1295.9,0.0,1.5433289605682958,0.4401650618982118,0.43997797356828194,40.0,0.0,0.0,flat,0,2026-03-24,RELIANCE,NSE
10000,20,260,1287.8000000000002,1287.8000000000002,0.0,1.5530361857434807,0.44163150492264414,0.44265064764407736,40.0,0.0,0.0,flat,0,2026-03-24,RELIANCE,NSE
20000,20,260,1295.6999999999998,1295.6999999999998,0.0,1.5435671837620244,0.44195804195804195,0.44193427931292006,40.0,0.0,0.0,flat,0,2026-03-24,RELIANCE,NSE
50000,20,260,1300.4,1300.4,0.0,1.5379883112891837,0.44747612551159616,0.44790528233151183,40.0,0.0,0.0,flat,0,2026-03-24,RELIANCE,NSE
0,20,260,2176.0,2176.0,0.0,1.8382352941159752,-0.013568521031207599,-0.012133285041651575,40.0,0.0,0.0,flat,0,2026-03-24,TCS,NSE
5000,20,260,2177.8999999999996,2177.8999999999996,0.0,1.836631617613715,0.0,0.0003602954422626554,40.0,0.0,0.0,flat,0,2026-03-24,TCS,NSE
10000,20,260,2166.7,2166.7,0.0,1.846125444224355,-0.02038216560509554,-0.01972453664342799,60.0,0.0,0.0,flat,0,2026-03-24,TCS,NSE
20000,20,260,2164.7,2164.7,0.0,1.8478311082371275,-0.011157601115760111,-0.010610573343261355,40.0,0.0,0.0,flat,0,2026-03-24,TCS,NSE
50000,20,260,2198.0,2198.0,0.0,1.8198362147390181,0.0,-0.0024611889435819764,40.0,0.0,0.0,flat,0,2026-03-24,TCS,NSE
0,20,260,1321.6999999999998,1321.6999999999998,0.0,1.5132026935011387,0.02860858257477243,0.02621527777777778,60.0,0.0,0.0,flat,0,2026-03-25,AXISBANK,NSE
5000,20,260,1317.4,1317.4,0.0,1.518141794443946,0.020860495436766623,0.019836436401600835,60.0,0.0,0.0,flat,0,2026-03-25,AXISBANK,NSE
10000,20,260,1311.4,1311.4,0.0,1.525087692542668,0.006936416184971098,0.006171887054466903,60.0,0.0,0.0,flat,0,2026-03-25,AXISBANK,NSE
20000,20,260,1303.3000000000002,1303.3000000000002,0.0,1.534566101435168,0.023778071334214,0.02327631810968083,40.0,0.0,0.0,flat,0,2026-03-25,AXISBANK,NSE
50000,20,260,1287.3000000000002,1287.3000000000002,0.0,1.5536394002955447,0.021136063408190225,0.020807617704108623,40.0,0.0,0.0,flat,0,2026-03-25,AXISBANK,NSE
0,20,260,1222.8000000000002,1222.8000000000002,0.0,2.453385672227302,-0.2924901185770751,-0.29282448118185017,60.0,0.0,0.0,flat,0,2026-03-25,HCLTECH,NSE
5000,20,260,1218.3000000000002,1218.3000000000002,0.0,2.462447672986576,-0.2921646746347942,-0.2939195178159901,40.0,0.0,0.0,flat,0,2026-03-25,HCLTECH,NSE
10000,20,260,1213.5,1213.5,0.0,2.472187886280856,-0.30552291421856637,-0.306727301238827,60.0,0.0,0.0,flat,0,2026-03-25,HCLTECH,NSE
20000,20,260,1206.1,1206.1,0.0,2.4873559406347283,-0.2970550576184379,-0.29806870620406767,60.0,0.0,0.0,flat,0,2026-03-25,HCLTECH,NSE
50000,20,260,1192.3000000000002,1192.3000000000002,0.0,2.516145265452944,-0.296010296010296,-0.29685621027314896,60.0,0.0,0.0,flat,0,2026-03-25,HCLTECH,NSE
0,20,260,815.75,815.75,0.0,1.225865767697322,-0.5804111245465539,-0.5798902517753389,60.0,0.0,0.0,flat,0,2026-03-25,HDFCBANK,NSE
5000,20,260,815.2,815.2,0.0,1.2266928361141158,-0.5721716514954487,-0.5742058670369727,60.0,0.0,0.0,flat,0,2026-03-25,HDFCBANK,NSE
10000,20,260,806.0999999999999,806.0999999999999,0.0,1.2405408758221406,-0.5832376578645235,-0.5839080459770115,60.0,0.0,0.0,flat,0,2026-03-25,HDFCBANK,NSE
20000,20,260,806.55,806.55,0.0,1.2398487384541907,-0.5732814526588845,-0.5742728531855956,60.0,0.0,0.0,flat,0,2026-03-25,HDFCBANK,NSE
50000,20,260,797.1500000000001,797.1500000000001,0.0,1.2544690459765755,-0.5747126436781609,-0.575690419365837,60.0,0.0,0.0,flat,0,2026-03-25,HDFCBANK,NSE
0,20,260,1404.4,1404.4,0.0,1.424095699231312,-0.37017310252996005,-0.36917881265552793,40.0,0.0,0.0,flat,0,2026-03-25,ICICIBANK,NSE
5000,20,260,1399.5,1399.5,0.0,1.4290818149326052,-0.37065637065637064,-0.37175742999484623,60.0,0.0,0.0,flat,0,2026-03-25,ICICIBANK,NSE
10000,20,260,1393.6,1393.6,0.0,1.4351320321472838,-0.3829296424452134,-0.38367975365665896,60.0,0.0,0.0,flat,0,2026-03-25,ICICIBANK,NSE
20000,20,260,1384.6,1384.6,0.0,1.4444604940058174,-0.3722721437740693,-0.3723440712816998,60.0,0.0,0.0,flat,0,2026-03-25,ICICIBANK,NSE
50000,20,260,1367.1999999999998,1367.1999999999998,0.0,1.46284376828588,-0.37094682230869,-0.3714730829150078,60.0,0.0,0.0,flat,0,2026-03-25,ICICIBANK,NSE
0,20,260,1099.8000000000002,1099.8000000000002,0.0,1.8185124568107425,-0.18908122503328895,-0.18773333333333334,40.0,0.0,0.0,flat,0,2026-03-25,INFY,NSE
5000,20,260,1094.6999999999998,1094.6999999999998,0.0,1.8269845619808671,-0.1925545571245186,-0.19119410656158986,60.0,0.0,0.0,flat,0,2026-03-25,INFY,NSE
10000,20,260,1091.0,1091.0,0.0,1.833180568284309,-0.20259128386336867,-0.20122622229209244,60.0,0.0,0.0,flat,0,2026-03-25,INFY,NSE
20000,20,260,1087.9,1087.9,0.0,1.8384042650983128,-0.18908122503328895,-0.18773333333333334,40.0,0.0,0.0,flat,0,2026-03-25,INFY,NSE
50000,20,260,1074.9,1074.9,0.0,1.8606381989026464,-0.18908122503328895,-0.18773333333333334,40.0,0.0,0.0,flat,0,2026-03-25,INFY,NSE
0,20,260,1297.6999999999998,1297.6999999999998,0.0,1.5411882561458388,0.4435590969455511,0.4433811802232855,40.0,0.0,0.0,flat,0,2026-03-25,RELIANCE,NSE
5000,20,260,1293.4,1293.4,0.0,1.546312045771188,0.44152431011826543,0.44202771443606387,60.0,0.0,0.0,flat,0,2026-03-25,RELIANCE,NSE
10000,20,260,1284.8000000000002,1284.8000000000002,0.0,1.5566625155669789,0.4343558282208589,0.43580085162135607,60.0,0.0,0.0,flat,0,2026-03-25,RELIANCE,NSE
20000,20,260,1284.4,1284.4,0.0,1.5571473061355143,0.4464516129032258,0.44670225589805407,60.0,0.0,0.0,flat,0,2026-03-25,RELIANCE,NSE
50000,20,260,1266.9,1266.9,0.0,1.5786565632650205,0.4453227931488801,0.44477664438972914,60.0,0.0,0.0,flat,0,2026-03-25,RELIANCE,NSE
0,20,260,2183.6000000000004,2183.6000000000004,0.0,1.8318373328452597,0.0,-0.0010282776349614395,60.0,0.0,0.0,flat,0,2026-03-25,TCS,NSE
5000,20,260,2176.2,2176.2,0.0,1.8380663541958047,-0.005326231691078562,-0.006576608602915038,40.0,0.0,0.0,flat,0,2026-03-25,TCS,NSE
10000,20,260,2156.2,2156.2,0.0,1.8551154809391104,-0.021052631578947368,-0.021073993131439275,60.0,0.0,0.0,flat,0,2026-03-25,TCS,NSE
20000,20,260,2155.0,2155.0,0.0,1.856148491877662,-0.012738853503184714,-0.01207482993197279,60.0,0.0,0.0,flat,0,2026-03-25,TCS,NSE
50000,20,260,2132.7,2132.7,0.0,1.875556805927186,-0.012804097311139564,-0.011621944966672364,60.0,0.0,0.0,flat,0,2026-03-25,TCS,NSE
0,20,260,1314.5,1314.5,0.0,2.2822365918614067,0.012307692307692308,0.010674695497468181,60.0,0.0,0.0,flat,0,2026-03-26,AXISBANK,NSE
5000,20,260,1316.8000000000002,1316.8000000000002,0.0,2.2782503037663617,0.041379310344827586,0.04036287141730213,80.0,0.0,0.0,flat,0,2026-03-26,AXISBANK,NSE
10000,20,260,1318.8000000000002,1318.8000000000002,0.0,2.2747952684254966,0.022296544035674472,0.02380598125278976,60.0,0.0,0.0,flat,0,2026-03-26,AXISBANK,NSE
20000,20,260,1326.0,1326.0,0.0,2.262443438915399,0.027225130890052355,0.02962134972753947,60.0,0.0,0.0,flat,0,2026-03-26,AXISBANK,NSE
50000,20,260,1327.8000000000002,1327.8000000000002,0.0,2.2593764121099147,0.02823018458197611,0.027532241704100856,60.0,0.0,0.0,flat,0,2026-03-26,AXISBANK,NSE
0,20,260,1219.0,1219.0,0.0,3.2813781788358565,-0.3007518796992481,-0.3002150537634409,60.0,0.0,0.0,flat,0,2026-03-26,HCLTECH,NSE
5000,20,260,1227.7,1227.7,0.0,3.2581249490925384,-0.2646264626462646,-0.2661222529122133,80.0,0.0,0.0,flat,0,2026-03-26,HCLTECH,NSE
10000,20,260,1224.2,1224.2,0.0,3.267439960791463,-0.2907103825136612,-0.2909859976662777,60.0,0.0,0.0,flat,0,2026-03-26,HCLTECH,NSE
20000,20,260,1231.5,1231.5,0.0,3.2480714575728054,-0.2937853107344633,-0.29366515837104074,60.0,0.0,0.0,flat,0,2026-03-26,HCLTECH,NSE
50000,20,260,1201.6,1201.6,0.0,3.3288948069229662,-0.3051881993896236,-0.3055932663589465,80.0,0.0,0.0,flat,0,2026-03-26,HCLTECH,NSE
0,20,260,816.9000000000001,816.9000000000001,0.0,1.8362100624308637,-0.5754614549402823,-0.5758585712215621,60.0,0.0,0.0,flat,0,2026-03-26,HDFCBANK,NSE
5000,20,260,820.55,820.55,0.0,1.828042166839038,-0.5730211817168339,-0.5737875632252306,60.0,0.0,0.0,flat,0,2026-03-26,HDFCBANK,NSE
10000,20,260,823.4000000000001,823.4000000000001,0.0,1.8217148409032942,-0.5669125395152792,-0.5666057110704741,60.0,0.0,0.0,flat,0,2026-03-26,HDFCBANK,NSE
20000,20,260,831.5999999999999,831.5999999999999,0.0,1.8037518037515305,-0.5588516746411484,-0.5585493551270592,80.0,0.0,0.0,flat,0,2026-03-26,HDFCBANK,NSE
50000,20,260,826.0999999999999,826.0999999999999,0.0,1.8157608037765074,-0.5689467969598263,-0.568613244457325,60.0,0.0,0.0,flat,0,2026-03-26,HDFCBANK,NSE
0,20,260,1398.1999999999998,1398.1999999999998,0.0,2.145615791731902,-0.3764458464773922,-0.376140350877193,60.0,0.0,0.0,flat,0,2026-03-26,ICICIBANK,NSE
5000,20,260,1401.1999999999998,1401.1999999999998,0.0,2.141021981158682,-0.3830207305034551,-0.3835309617918314,80.0,0.0,0.0,flat,0,2026-03-26,ICICIBANK,NSE
10000,20,260,1403.3000000000002,1403.3000000000002,0.0,2.1378180004272394,-0.36461704422869473,-0.3645788336933045,60.0,0.0,0.0,flat,0,2026-03-26,ICICIBANK,NSE
20000,20,260,1410.6,1410.6,0.0,2.1267545725220085,-0.362303664921466,-0.36142557651991614,60.0,0.0,0.0,flat,0,2026-03-26,ICICIBANK,NSE
50000,20,260,1407.6999999999998,1407.6999999999998,0.0,2.1311358954319424,-0.35962145110410093,-0.36107213022733653,60.0,0.0,0.0,flat,0,2026-03-26,ICICIBANK,NSE
0,20,260,1098.3000000000002,1098.3000000000002,0.0,2.731494127287212,-0.193756727664155,-0.1934185946256646,60.0,0.0,0.0,flat,0,2026-03-26,INFY,NSE
5000,20,260,1105.1,1105.1,0.0,2.714686453714185,-0.16372093023255813,-0.16387337057728119,80.0,0.0,0.0,flat,0,2026-03-26,INFY,NSE
10000,20,260,1104.0,1104.0,0.0,2.7173913043494737,-0.17210682492581603,-0.17188118811881187,80.0,0.0,0.0,flat,0,2026-03-26,INFY,NSE
20000,20,260,1108.6,1108.6,0.0,2.7061158217567614,-0.18657565415244595,-0.18660795627087762,60.0,0.0,0.0,flat,0,2026-03-26,INFY,NSE
50000,20,260,1081.1999999999998,1081.1999999999998,0.0,2.774694783573387,-0.19897435897435897,-0.19860388721598685,60.0,0.0,0.0,flat,0,2026-03-26,INFY,NSE
0,20,260,1299.4,1299.4,0.0,2.308757888255768,0.44173140954495005,0.4417123389127537,60.0,0.0,0.0,flat,0,2026-03-26,RELIANCE,NSE
5000,20,260,1304.0,1304.0,0.0,2.3006134969339103,0.45589692765113976,0.45616818722729074,80.0,0.0,0.0,flat,0,2026-03-26,RELIANCE,NSE
10000,20,260,1300.9,1300.9,0.0,2.306095779844373,0.4426787741203178,0.4432661717921527,60.0,0.0,0.0,flat,0,2026-03-26,RELIANCE,NSE
20000,20,260,1310.3000000000002,1310.3000000000002,0.0,2.2895520109895022,0.4496288441145281,0.4499009340503821,60.0,0.0,0.0,flat,0,2026-03-26,RELIANCE,NSE
50000,20,260,1307.8000000000002,1307.8000000000002,0.0,2.293928735280276,0.43460350154479915,0.43463917525773194,60.0,0.0,0.0,flat,0,2026-03-26,RELIANCE,NSE
0,20,260,2168.1,2168.1,0.0,2.3061666897283337,-0.022244691607684528,-0.020912034538586078,80.0,0.0,0.0,flat,0,2026-03-26,TCS,NSE
5000,20,260,2189.5,2189.5,0.0,2.2836263987211693,0.017126546146527116,0.015617064499746064,80.0,0.0,0.0,flat,0,2026-03-26,TCS,NSE
10000,20,260,2178.0,2178.0,0.0,2.295684113865932,-0.006486486486486486,-0.009088286208886324,60.0,0.0,0.0,flat,0,2026-03-26,TCS,NSE
20000,20,260,2197.6,2197.6,0.0,2.275209319257372,0.0,-0.0014945449110745778,60.0,0.0,0.0,flat,0,2026-03-26,TCS,NSE
50000,20,260,2134.9,2134.9,0.0,2.34203007166612,0.00802407221664995,0.008031053406505154,80.0,0.0,0.0,flat,0,2026-03-26,TCS,NSE
0,20,260,1319.4,1319.4,0.0,1.5158405335762124,0.020752269779507133,0.019909972299168976,60.0,0.0,0.0,flat,0,2026-03-27,AXISBANK,NSE
5000,20,260,1318.1999999999998,1318.1999999999998,0.0,1.51722045213204,0.03262233375156838,0.029983249581239532,60.0,0.0,0.0,flat,0,2026-03-27,AXISBANK,NSE
10000,20,260,1322.3000000000002,1322.3000000000002,0.0,1.5125160704835925,0.01486988847583643,0.013891185711923267,60.0,0.0,0.0,flat,0,2026-03-27,AXISBANK,NSE
20000,20,260,1318.5,1318.5,0.0,1.5168752370103762,0.014723926380368098,0.013269986893840105,60.0,0.0,0.0,flat,0,2026-03-27,AXISBANK,NSE
50000,20,260,1322.6999999999998,1322.6999999999998,0.0,1.5120586678766577,0.03190184049079755,0.03176682495496971,60.0,0.0,0.0,flat,0,2026-03-27,AXISBANK,NSE
0,20,260,1220.9,1220.9,0.0,2.4572037021865385,-0.2952503209242619,-0.296949965729952,60.0,0.0,0.0,flat,0,2026-03-27,HCLTECH,NSE
5000,20,260,1220.6999999999998,1220.6999999999998,0.0,2.457606291471734,-0.2839657282741738,-0.28492076458095084,60.0,0.0,0.0,flat,0,2026-03-27,HCLTECH,NSE
10000,20,260,1226.3000000000002,1226.3000000000002,0.0,2.446383429829197,-0.299625468164794,-0.2999500083319447,60.0,0.0,0.0,flat,0,2026-03-27,HCLTECH,NSE
20000,20,260,1223.0,1223.0,0.0,2.4529844644332126,-0.30927835051546393,-0.3100443357284819,60.0,0.0,0.0,flat,0,2026-03-27,HCLTECH,NSE
50000,20,260,1221.0,1221.0,0.0,2.457002457003947,-0.3080513418903151,-0.3081594518841482,60.0,0.0,0.0,flat,0,2026-03-27,HCLTECH,NSE
0,20,260,817.45,817.45,0.0,1.2233164107899288,-0.5653798256537983,-0.5669160432252701,60.0,0.0,0.0,flat,0,2026-03-27,HDFCBANK,NSE
5000,20,260,815.9000000000001,815.9000000000001,0.0,1.2256403971077672,-0.581032412965186,-0.5804229413649471,60.0,0.0,0.0,flat,0,2026-03-27,HDFCBANK,NSE
10000,20,260,820.6500000000001,820.6500000000001,0.0,1.2185462742950433,-0.5733157199471598,-0.5730911655792629,40.0,0.0,0.0,flat,0,2026-03-27,HDFCBANK,NSE
20000,20,260,816.45,816.45,0.0,1.2248147467698296,-0.5781057810578106,-0.5782301756690199,60.0,0.0,0.0,flat,0,2026-03-27,HDFCBANK,NSE
50000,20,260,819.3,819.3,0.0,1.220554131576013,-0.5658056580565806,-0.5661523309258043,60.0,0.0,0.0,flat,0,2026-03-27,HDFCBANK,NSE
0,20,260,1403.6,1403.6,0.0,1.4249073810205577,-0.3712418300653595,-0.3706159483510731,60.0,0.0,0.0,flat,0,2026-03-27,ICICIBANK,NSE
5000,20,260,1400.1999999999998,1400.1999999999998,0.0,1.4283673760894553,-0.3769889840881273,-0.3779411764705882,60.0,0.0,0.0,flat,0,2026-03-27,ICICIBANK,NSE
10000,20,260,1408.0,1408.0,0.0,1.4204545454532536,-0.37420986093552466,-0.374219672684326,60.0,0.0,0.0,flat,0,2026-03-27,ICICIBANK,NSE
20000,20,260,1405.0,1405.0,0.0,1.423487544482691,-0.380499405469679,-0.380891921917156,60.0,0.0,0.0,flat,0,2026-03-27,ICICIBANK,NSE
50000,20,260,1408.9,1408.9,0.0,1.4195471644548618,-0.3603385731559855,-0.35974822466107165,60.0,0.0,0.0,flat,0,2026-03-27,ICICIBANK,NSE
0,20,260,1103.6999999999998,1103.6999999999998,0.0,1.8120866177407402,-0.18708827404479578,-0.1864555848724714,40.0,0.0,0.0,flat,0,2026-03-27,INFY,NSE
5000,20,260,1101.3000000000002,1101.3000000000002,0.0,1.816035594298061,-0.18158890290037832,-0.18164983164983164,60.0,0.0,0.0,flat,0,2026-03-27,INFY,NSE
10000,20,260,1105.4,1105.4,0.0,1.809299800977433,-0.19631901840490798,-0.1959049959049959,60.0,0.0,0.0,flat,0,2026-03-27,INFY,NSE
20000,20,260,1098.6999999999998,1098.6999999999998,0.0,1.82033312096155,-0.1932245922208281,-0.1939373639256406,60.0,0.0,0.0,flat,0,2026-03-27,INFY,NSE
50000,20,260,1102.8000000000002,1102.8000000000002,0.0,1.8135654697138686,-0.17799752781211373,-0.1789838337182448,60.0,0.0,0.0,flat,0,2026-03-27,INFY,NSE
0,20,260,1295.6999999999998,1295.6999999999998,0.0,1.5435671837620244,0.43211334120425027,0.43246650906225376,60.0,0.0,0.0,flat,0,2026-03-27,RELIANCE,NSE
5000,20,260,1302.5,1302.5,0.0,1.535508637234688,0.45153374233128835,0.4508679986898133,60.0,0.0,0.0,flat,0,2026-03-27,RELIANCE,NSE
10000,20,260,1306.8000000000002,1306.8000000000002,0.0,1.530456075910969,0.44152431011826543,0.4427293457288195,60.0,0.0,0.0,flat,0,2026-03-27,RELIANCE,NSE
20000,20,260,1300.1999999999998,1300.1999999999998,0.0,1.5382248884790455,0.4406779661016949,0.4415245388096067,60.0,0.0,0.0,flat,0,2026-03-27,RELIANCE,NSE
50000,20,260,1309.5,1309.5,0.0,1.5273004963712724,0.4435590969455511,0.4438929267860309,40.0,0.0,0.0,flat,0,2026-03-27,RELIANCE,NSE
0,20,260,2178.3999999999996,2178.3999999999996,0.0,1.83621006243156,-0.005270092226613966,-0.005275189027606823,60.0,0.0,0.0,flat,0,2026-03-27,TCS,NSE
5000,20,260,2176.7,2176.7,0.0,1.837644140212666,0.0,0.0011551155115511551,60.0,0.0,0.0,flat,0,2026-03-27,TCS,NSE
10000,20,260,2181.6000000000004,2181.6000000000004,0.0,1.8335166850022502,-0.012391573729863693,-0.013891185711923267,60.0,0.0,0.0,flat,0,2026-03-27,TCS,NSE
20000,20,260,2177.8,2177.8,0.0,1.8367159518784595,0.0,-0.0006801564359802754,60.0,0.0,0.0,flat,0,2026-03-27,TCS,NSE
50000,20,260,2188.2,2188.2,0.0,1.8279864729005164,0.0073439412484700125,0.005554647933344225,60.0,0.0,0.0,flat,0,2026-03-27,TCS,NSE
0,20,260,1323.6,1323.6,0.0,3.777576307041403,0.03115264797507788,0.03172623995566639,60.0,0.0,0.0,flat,0,2026-03-30,AXISBANK,NSE
5000,20,260,1327.9,1327.9,0.0,3.765343775886738,0.020066889632107024,0.019196428571428573,60.0,0.0,0.0,flat,0,2026-03-30,AXISBANK,NSE
10000,20,260,1327.1,1327.1,0.0,3.767613593549846,0.027225130890052355,0.02962134972753947,60.0,0.0,0.0,flat,0,2026-03-30,AXISBANK,NSE
20000,20,260,1310.8,1310.8,0.0,3.8144644491913335,0.03128258602711158,0.031732776617954074,60.0,0.0,0.0,flat,0,2026-03-30,AXISBANK,NSE
50000,20,260,1310.7,1310.7,0.0,3.8147554741741057,0.04243008678881389,0.041682747973755305,80.0,0.0,0.0,flat,0,2026-03-30,AXISBANK,NSE
0,20,260,1223.8,1223.8,0.0,4.902761889196838,-0.2789317507418398,-0.278738286920945,80.0,0.0,0.0,flat,0,2026-03-30,HCLTECH,NSE
5000,20,260,1231.9,1231.9,0.0,4.870525204969042,-0.26933575978161967,-0.2694269062651773,80.0,0.0,0.0,flat,0,2026-03-30,HCLTECH,NSE
10000,20,260,1228.8,1228.8,0.0,4.88281249999926,-0.2833158447009444,-0.2845539840358493,60.0,0.0,0.0,flat,0,2026-03-30,HCLTECH,NSE
20000,20,260,1218.8,1218.8,0.0,4.922874958975297,-0.27728613569321536,-0.27739141844902243,80.0,0.0,0.0,flat,0,2026-03-30,HCLTECH,NSE
50000,20,260,1217.7,1217.7,0.0,4.927322000491985,-0.2990455991516437,-0.3004528729125389,60.0,0.0,0.0,flat,0,2026-03-30,HCLTECH,NSE
0,20,260,821.15,821.15,0.0,3.0445107471229376,-0.5637305699481865,-0.5650670723274789,60.0,0.0,0.0,flat,0,2026-03-30,HDFCBANK,NSE
5000,20,260,822.45,822.45,0.0,3.039698461912578,-0.577209797657082,-0.5775188290464687,60.0,0.0,0.0,flat,0,2026-03-30,HDFCBANK,NSE
10000,20,260,824.8,824.8,0.0,3.0310378273520855,-0.5651720542231491,-0.5654049540773727,60.0,0.0,0.0,flat,0,2026-03-30,HDFCBANK,NSE
20000,20,260,813.95,813.95,0.0,3.071441734750292,-0.5805128205128205,-0.5799917886957712,60.0,0.0,0.0,flat,0,2026-03-30,HDFCBANK,NSE
50000,20,260,811.45,811.45,0.0,3.0809045535769304,-0.5689084895259096,-0.5698940553266627,60.0,0.0,0.0,flat,0,2026-03-30,HDFCBANK,NSE
0,20,260,1416.3,1416.3,0.0,3.5303254960107324,-0.3515850144092219,-0.35174977566978594,80.0,0.0,0.0,flat,0,2026-03-30,ICICIBANK,NSE
5000,20,260,1412.5,1412.5,0.0,3.5398230088495577,-0.36860068259385664,-0.36871678056188306,60.0,0.0,0.0,flat,0,2026-03-30,ICICIBANK,NSE
10000,20,260,1409.8,1409.8,0.0,3.5466023549439636,-0.38469087340529934,-0.38392038758674873,80.0,0.0,0.0,flat,0,2026-03-30,ICICIBANK,NSE
20000,20,260,1393.6,1393.6,0.0,3.587830080367394,-0.38469087340529934,-0.3848068107400131,80.0,0.0,0.0,flat,0,2026-03-30,ICICIBANK,NSE
50000,20,260,1392.4,1392.4,0.0,3.5909221488078136,-0.3634385201305767,-0.3644547698562509,60.0,0.0,0.0,flat,0,2026-03-30,ICICIBANK,NSE
0,20,260,1108.5,1108.5,0.0,4.510599909788001,-0.17008797653958943,-0.169971301852335,80.0,0.0,0.0,flat,0,2026-03-30,INFY,NSE
5000,20,260,1114.3,1114.3,0.0,4.487121959974872,-0.18799546998867497,-0.18805744520030235,60.0,0.0,0.0,flat,0,2026-03-30,INFY,NSE
10000,20,260,1112.0,1112.0,0.0,4.496402877697842,-0.18423973362930077,-0.18456524959265294,60.0,0.0,0.0,flat,0,2026-03-30,INFY,NSE
20000,20,260,1101.0,1101.0,0.0,4.541326067211625,-0.19648397104446744,-0.19765355417529332,60.0,0.0,0.0,flat,0,2026-03-30,INFY,NSE
50000,20,260,1104.0,1104.0,0.0,4.528985507246377,-0.1844769403824522,-0.18567997598318822,60.0,0.0,0.0,flat,0,2026-03-30,INFY,NSE
0,20,260,1301.1,1301.1,0.0,3.074321727767763,0.45141065830721006,0.4512620276112118,60.0,0.0,0.0,flat,0,2026-03-30,RELIANCE,NSE
5000,20,260,1304.4,1304.4,0.0,3.0665440049054244,0.43797195253505933,0.43846264574636534,60.0,0.0,0.0,flat,0,2026-03-30,RELIANCE,NSE
10000,20,260,1299.4,1299.4,0.0,3.0783438510071077,0.4397790055248619,0.44064297301282995,60.0,0.0,0.0,flat,0,2026-03-30,RELIANCE,NSE
20000,20,260,1288.1,1288.1,0.0,3.1053489635887246,0.4386536373507057,0.4393566149833357,60.0,0.0,0.0,flat,0,2026-03-30,RELIANCE,NSE
50000,20,260,1294.7,1294.7,0.0,3.0895188074464426,0.4410143329658214,0.4406181015452539,60.0,0.0,0.0,flat,0,2026-03-30,RELIANCE,NSE
0,20,260,2185.9,2185.9,0.0,3.6598197538779536,0.008008008008008008,0.008550434201736807,80.0,0.0,0.0,flat,0,2026-03-30,TCS,NSE
5000,20,260,2186.1,2186.1,0.0,3.6594849274972874,-0.014629049111807733,-0.01576011157601116,60.0,0.0,0.0,flat,0,2026-03-30,TCS,NSE
10000,20,260,2179.8,2179.8,0.0,3.6700614735284294,-0.0160481444332999,-0.01833511777301927,80.0,0.0,0.0,flat,0,2026-03-30,TCS,NSE
20000,20,260,2161.4,2161.4,0.0,3.7013047099110845,-0.006795016987542469,-0.005594194133655882,60.0,0.0,0.0,flat,0,2026-03-30,TCS,NSE
50000,20,260,2173.7,2173.7,0.0,3.6803606753449287,0.0,0.0012791358726549175,60.0,0.0,0.0,flat,0,2026-03-30,TCS,NSE
0,20,260,1323.6,1323.6,0.0,1.5110305228169045,0.025348542458808618,0.02689445196211096,60.0,0.0,0.0,flat,0,2026-03-31,AXISBANK,NSE
5000,20,260,1317.3000000000002,1317.3000000000002,0.0,1.5182570409173721,0.009603841536614645,0.009775641025641026,60.0,0.0,0.0,flat,0,2026-03-31,AXISBANK,NSE
10000,20,260,1320.9,1320.9,0.0,1.514119161178329,0.0258732212160414,0.025556898635814194,60.0,0.0,0.0,flat,0,2026-03-31,AXISBANK,NSE
20000,20,260,1314.1999999999998,1314.1999999999998,0.0,1.5218383807643092,0.015286624203821656,0.016669501615921074,60.0,0.0,0.0,flat,0,2026-03-31,AXISBANK,NSE
50000,20,260,1313.1999999999998,1313.1999999999998,0.0,1.522997258605281,0.017654476670870115,0.0161588958087864,60.0,0.0,0.0,flat,0,2026-03-31,AXISBANK,NSE
0,20,260,1222.0,1222.0,0.0,2.4549918166954328,-0.2822085889570552,-0.28468468468468466,60.0,0.0,0.0,flat,0,2026-03-31,HCLTECH,NSE
5000,20,260,1217.0,1217.0,0.0,2.4650780608067535,-0.30303030303030304,-0.3032999029440311,60.0,0.0,0.0,flat,0,2026-03-31,HCLTECH,NSE
10000,20,260,1217.3000000000002,1217.3000000000002,0.0,2.4644705495765584,-0.2967741935483871,-0.2977953840854289,60.0,0.0,0.0,flat,0,2026-03-31,HCLTECH,NSE
20000,20,260,1214.6,1214.6,0.0,2.4699489543879016,-0.2948207171314741,-0.2943991492378589,40.0,0.0,0.0,flat,0,2026-03-31,HCLTECH,NSE
50000,20,260,1213.3000000000002,1213.3000000000002,0.0,2.472595400972179,-0.2964889466840052,-0.2961291442457907,60.0,0.0,0.0,flat,0,2026-03-31,HCLTECH,NSE
0,20,260,820.9000000000001,820.9000000000001,0.0,1.218175173590239,-0.5685019206145967,-0.5694753033669459,60.0,0.0,0.0,flat,0,2026-03-31,HDFCBANK,NSE
5000,20,260,817.45,817.45,0.0,1.2233164107899288,-0.5766871165644172,-0.5780252169641396,60.0,0.0,0.0,flat,0,2026-03-31,HDFCBANK,NSE
10000,20,260,817.8499999999999,817.8499999999999,0.0,1.2227181023417832,-0.5725490196078431,-0.573447313328681,60.0,0.0,0.0,flat,0,2026-03-31,HDFCBANK,NSE
20000,20,260,819.05,819.05,0.0,1.2209266833529424,-0.5608342989571263,-0.5612434271574389,60.0,0.0,0.0,flat,0,2026-03-31,HDFCBANK,NSE
50000,20,260,814.0999999999999,814.0999999999999,0.0,1.2283503255131156,-0.5750962772785623,-0.5748071979434447,60.0,0.0,0.0,flat,0,2026-03-31,HDFCBANK,NSE
0,20,260,1405.9,1405.9,0.0,1.4225762856536417,-0.36386449184441655,-0.36331658291457286,60.0,0.0,0.0,flat,0,2026-03-31,ICICIBANK,NSE
5000,20,260,1402.8000000000002,1402.8000000000002,0.0,1.4257199885945642,-0.3648124191461837,-0.36584944751381215,60.0,0.0,0.0,flat,0,2026-03-31,ICICIBANK,NSE
10000,20,260,1401.4,1401.4,0.0,1.4271442842874658,-0.3722721437740693,-0.3723440712816998,60.0,0.0,0.0,flat,0,2026-03-31,ICICIBANK,NSE
20000,20,260,1403.1999999999998,1403.1999999999998,0.0,1.425313568985501,-0.3547257876312719,-0.35529595015576326,60.0,0.0,0.0,flat,0,2026-03-31,ICICIBANK,NSE
50000,20,260,1392.0,1392.0,0.0,1.4367816091940955,-0.37292464878671777,-0.37271952259164537,60.0,0.0,0.0,flat,0,2026-03-31,ICICIBANK,NSE
0,20,260,1102.8000000000002,1102.8000000000002,0.0,1.8135654697138686,-0.18437900128040974,-0.18321654418048197,60.0,0.0,0.0,flat,0,2026-03-31,INFY,NSE
5000,20,260,1103.4,1103.4,0.0,1.812579300344802,-0.1822849807445443,-0.1835161069225497,60.0,0.0,0.0,flat,0,2026-03-31,INFY,NSE
10000,20,260,1098.6999999999998,1098.6999999999998,0.0,1.82033312096155,-0.19419924337957126,-0.19343434343434343,60.0,0.0,0.0,flat,0,2026-03-31,INFY,NSE
20000,20,260,1099.6999999999998,1099.6999999999998,0.0,1.818677821224384,-0.1992797118847539,-0.19900656946002243,60.0,0.0,0.0,flat,0,2026-03-31,INFY,NSE
50000,20,260,1094.8000000000002,1094.8000000000002,0.0,1.826817683595592,-0.17799752781211373,-0.1789838337182448,60.0,0.0,0.0,flat,0,2026-03-31,INFY,NSE
0,20,260,1298.1999999999998,1298.1999999999998,0.0,1.540594669542794,0.44415243101182655,0.44483423960708646,60.0,0.0,0.0,flat,0,2026-03-31,RELIANCE,NSE
5000,20,260,1293.5,1293.5,0.0,1.546192500964964,0.4346764346764347,0.43539188528597034,60.0,0.0,0.0,flat,0,2026-03-31,RELIANCE,NSE
10000,20,260,1294.3000000000002,1294.3000000000002,0.0,1.545236807541107,0.4485749690210657,0.450140565569704,60.0,0.0,0.0,flat,0,2026-03-31,RELIANCE,NSE
20000,20,260,1291.3000000000002,1291.3000000000002,0.0,1.5488267637268291,0.4491844416562108,0.44883604086417683,60.0,0.0,0.0,flat,0,2026-03-31,RELIANCE,NSE
50000,20,260,1286.1,1286.1,0.0,1.5550890288472552,0.44699872286079184,0.44715308557790656,60.0,0.0,0.0,flat,0,2026-03-31,RELIANCE,NSE
0,20,260,2184.1000000000004,2184.1000000000004,0.0,1.8314179753678443,0.0,-0.0006836438215689625,60.0,0.0,0.0,flat,0,2026-03-31,TCS,NSE
5000,20,260,2175.6000000000004,2175.6000000000004,0.0,1.8385732671451134,-0.012422360248447204,-0.013596418504393965,60.0,0.0,0.0,flat,0,2026-03-31,TCS,NSE
10000,20,260,2180.7,2180.7,0.0,1.834273398450456,-0.005298013245033113,-0.006188118811881188,40.0,0.0,0.0,flat,0,2026-03-31,TCS,NSE
20000,20,260,2176.8,2176.8,0.0,1.83755972069134,-0.019583843329253364,-0.017317431792190818,60.0,0.0,0.0,flat,0,2026-03-31,TCS,NSE
50000,20,260,2168.6000000000004,2168.6000000000004,0.0,1.8445079774974218,-0.00517464424320828,-0.007943360386807114,60.0,0.0,0.0,flat,0,2026-03-31,TCS,NSE
