trade_date,exchange,symbol,relative_file,share,file_path_redacted
2026-07-27,NSE,ADANIPORTS,part-034500_825556-000001.parquet,ctrade1-l2-data,raw_l2/trade_date=2026-07-27/exchange=NSE/symbol=ADANIPORTS/part-REDACTED.parquet
2026-07-27,NSE,ADANIPORTS,part-034515_783464-000033.parquet,ctrade1-l2-data,raw_l2/trade_date=2026-07-27/exchange=NSE/symbol=ADANIPORTS/part-REDACTED.parquet
2026-07-27,NSE,ADANIPORTS,part-034530_282860-000065.parquet,ctrade1-l2-data,raw_l2/trade_date=2026-07-27/exchange=NSE/symbol=ADANIPORTS/part-REDACTED.parquet
2026-07-27,NSE,ADANIPORTS,part-034544_527153-000097.parquet,ctrade1-l2-data,raw_l2/trade_date=2026-07-27/exchange=NSE/symbol=ADANIPORTS/part-REDACTED.parquet
2026-07-27,NSE,ADANIPORTS,part-034558_536048-000129.parquet,ctrade1-l2-data,raw_l2/trade_date=2026-07-27/exchange=NSE/symbol=ADANIPORTS/part-REDACTED.parquet
2026-07-27,NSE,ADANIPORTS,part-034612_775843-000161.parquet,ctrade1-l2-data,raw_l2/trade_date=2026-07-27/exchange=NSE/symbol=ADANIPORTS/part-REDACTED.parquet
2026-07-27,NSE,ADANIPORTS,part-034627_278087-000193.parquet,ctrade1-l2-data,raw_l2/trade_date=2026-07-27/exchange=NSE/symbol=ADANIPORTS/part-REDACTED.parquet
2026-07-27,NSE,ADANIPORTS,part-034641_525416-000225.parquet,ctrade1-l2-data,raw_l2/trade_date=2026-07-27/exchange=NSE/symbol=ADANIPORTS/part-REDACTED.parquet
2026-07-27,NSE,ADANIPORTS,part-034656_025698-000257.parquet,ctrade1-l2-data,raw_l2/trade_date=2026-07-27/exchange=NSE/symbol=ADANIPORTS/part-REDACTED.parquet
2026-07-27,NSE,ADANIPORTS,part-034710_023629-000289.parquet,ctrade1-l2-data,raw_l2/trade_date=2026-07-27/exchange=NSE/symbol=ADANIPORTS/part-REDACTED.parquet
2026-07-27,NSE,ADANIPORTS,part-034724_025823-000321.parquet,ctrade1-l2-data,raw_l2/trade_date=2026-07-27/exchange=NSE/symbol=ADANIPORTS/part-REDACTED.parquet
2026-07-27,NSE,ADANIPORTS,part-034738_275297-000353.parquet,ctrade1-l2-data,raw_l2/trade_date=2026-07-27/exchange=NSE/symbol=ADANIPORTS/part-REDACTED.parquet
2026-07-27,NSE,ADANIPORTS,part-034752_272637-000385.parquet,ctrade1-l2-data,raw_l2/trade_date=2026-07-27/exchange=NSE/symbol=ADANIPORTS/part-REDACTED.parquet
2026-07-27,NSE,ADANIPORTS,part-034806_523088-000417.parquet,ctrade1-l2-data,raw_l2/trade_date=2026-07-27/exchange=NSE/symbol=ADANIPORTS/part-REDACTED.parquet
2026-07-27,NSE,ADANIPORTS,part-034821_025869-000449.parquet,ctrade1-l2-data,raw_l2/trade_date=2026-07-27/exchange=NSE/symbol=ADANIPORTS/part-REDACTED.parquet
2026-07-27,NSE,ADANIPORTS,part-034835_523907-000481.parquet,ctrade1-l2-data,raw_l2/trade_date=2026-07-27/exchange=NSE/symbol=ADANIPORTS/part-REDACTED.parquet
2026-07-27,NSE,ADANIPORTS,part-034849_775003-000513.parquet,ctrade1-l2-data,raw_l2/trade_date=2026-07-27/exchange=NSE/symbol=ADANIPORTS/part-REDACTED.parquet
2026-07-27,NSE,ADANIPORTS,part-034904_273795-000545.parquet,ctrade1-l2-data,raw_l2/trade_date=2026-07-27/exchange=NSE/symbol=ADANIPORTS/part-REDACTED.parquet
2026-07-27,NSE,ADANIPORTS,part-034918_776395-000577.parquet,ctrade1-l2-data,raw_l2/trade_date=2026-07-27/exchange=NSE/symbol=ADANIPORTS/part-REDACTED.parquet
2026-07-27,NSE,ADANIPORTS,part-034933_023264-000609.parquet,ctrade1-l2-data,raw_l2/trade_date=2026-07-27/exchange=NSE/symbol=ADANIPORTS/part-REDACTED.parquet
2026-07-27,NSE,ADANIPORTS,part-034947_530413-000641.parquet,ctrade1-l2-data,raw_l2/trade_date=2026-07-27/exchange=NSE/symbol=ADANIPORTS/part-REDACTED.parquet
2026-07-27,NSE,ADANIPORTS,part-035002_276178-000673.parquet,ctrade1-l2-data,raw_l2/trade_date=2026-07-27/exchange=NSE/symbol=ADANIPORTS/part-REDACTED.parquet
2026-07-27,NSE,ADANIPORTS,part-035016_526356-000705.parquet,ctrade1-l2-data,raw_l2/trade_date=2026-07-27/exchange=NSE/symbol=ADANIPORTS/part-REDACTED.parquet
2026-07-27,NSE,ADANIPORTS,part-035030_526512-000737.parquet,ctrade1-l2-data,raw_l2/trade_date=2026-07-27/exchange=NSE/symbol=ADANIPORTS/part-REDACTED.parquet
2026-07-27,NSE,ADANIPORTS,part-035044_774968-000769.parquet,ctrade1-l2-data,raw_l2/trade_date=2026-07-27/exchange=NSE/symbol=ADANIPORTS/part-REDACTED.parquet
2026-07-27,NSE,ADANIPORTS,part-035059_025433-000801.parquet,ctrade1-l2-data,raw_l2/trade_date=2026-07-27/exchange=NSE/symbol=ADANIPORTS/part-REDACTED.parquet
2026-07-27,NSE,ADANIPORTS,part-035113_275560-000833.parquet,ctrade1-l2-data,raw_l2/trade_date=2026-07-27/exchange=NSE/symbol=ADANIPORTS/part-REDACTED.parquet
2026-07-27,NSE,ADANIPORTS,part-035127_775566-000865.parquet,ctrade1-l2-data,raw_l2/trade_date=2026-07-27/exchange=NSE/symbol=ADANIPORTS/part-REDACTED.parquet
2026-07-27,NSE,ADANIPORTS,part-035142_025011-000897.parquet,ctrade1-l2-data,raw_l2/trade_date=2026-07-27/exchange=NSE/symbol=ADANIPORTS/part-REDACTED.parquet
2026-07-27,NSE,ADANIPORTS,part-035156_028355-000929.parquet,ctrade1-l2-data,raw_l2/trade_date=2026-07-27/exchange=NSE/symbol=ADANIPORTS/part-REDACTED.parquet
2026-07-27,NSE,ADANIPORTS,part-035210_277966-000961.parquet,ctrade1-l2-data,raw_l2/trade_date=2026-07-27/exchange=NSE/symbol=ADANIPORTS/part-REDACTED.parquet
2026-07-27,NSE,ADANIPORTS,part-035224_525448-000993.parquet,ctrade1-l2-data,raw_l2/trade_date=2026-07-27/exchange=NSE/symbol=ADANIPORTS/part-REDACTED.parquet
2026-07-27,NSE,ADANIPORTS,part-035238_775915-001025.parquet,ctrade1-l2-data,raw_l2/trade_date=2026-07-27/exchange=NSE/symbol=ADANIPORTS/part-REDACTED.parquet
2026-07-27,NSE,ADANIPORTS,part-035253_025802-001057.parquet,ctrade1-l2-data,raw_l2/trade_date=2026-07-27/exchange=NSE/symbol=ADANIPORTS/part-REDACTED.parquet
2026-07-27,NSE,ADANIPORTS,part-035307_277179-001089.parquet,ctrade1-l2-data,raw_l2/trade_date=2026-07-27/exchange=NSE/symbol=ADANIPORTS/part-REDACTED.parquet
2026-07-27,NSE,ADANIPORTS,part-035321_526434-001121.parquet,ctrade1-l2-data,raw_l2/trade_date=2026-07-27/exchange=NSE/symbol=ADANIPORTS/part-REDACTED.parquet
2026-07-27,NSE,ADANIPORTS,part-035336_029524-001153.parquet,ctrade1-l2-data,raw_l2/trade_date=2026-07-27/exchange=NSE/symbol=ADANIPORTS/part-REDACTED.parquet
2026-07-27,NSE,ADANIPORTS,part-035350_528941-001185.parquet,ctrade1-l2-data,raw_l2/trade_date=2026-07-27/exchange=NSE/symbol=ADANIPORTS/part-REDACTED.parquet
2026-07-27,NSE,ADANIPORTS,part-035404_795500-001217.parquet,ctrade1-l2-data,raw_l2/trade_date=2026-07-27/exchange=NSE/symbol=ADANIPORTS/part-REDACTED.parquet
2026-07-27,NSE,ADANIPORTS,part-035419_027298-001249.parquet,ctrade1-l2-data,raw_l2/trade_date=2026-07-27/exchange=NSE/symbol=ADANIPORTS/part-REDACTED.parquet
2026-07-27,NSE,ADANIPORTS,part-035433_028490-001281.parquet,ctrade1-l2-data,raw_l2/trade_date=2026-07-27/exchange=NSE/symbol=ADANIPORTS/part-REDACTED.parquet
2026-07-27,NSE,ADANIPORTS,part-035447_276611-001313.parquet,ctrade1-l2-data,raw_l2/trade_date=2026-07-27/exchange=NSE/symbol=ADANIPORTS/part-REDACTED.parquet
2026-07-27,NSE,ADANIPORTS,part-035502_528233-001345.parquet,ctrade1-l2-data,raw_l2/trade_date=2026-07-27/exchange=NSE/symbol=ADANIPORTS/part-REDACTED.parquet
2026-07-27,NSE,ADANIPORTS,part-035516_829239-001377.parquet,ctrade1-l2-data,raw_l2/trade_date=2026-07-27/exchange=NSE/symbol=ADANIPORTS/part-REDACTED.parquet
2026-07-27,NSE,ADANIPORTS,part-035531_276913-001409.parquet,ctrade1-l2-data,raw_l2/trade_date=2026-07-27/exchange=NSE/symbol=ADANIPORTS/part-REDACTED.parquet
2026-07-27,NSE,ADANIPORTS,part-035545_774693-001441.parquet,ctrade1-l2-data,raw_l2/trade_date=2026-07-27/exchange=NSE/symbol=ADANIPORTS/part-REDACTED.parquet
2026-07-27,NSE,ADANIPORTS,part-035559_777677-001473.parquet,ctrade1-l2-data,raw_l2/trade_date=2026-07-27/exchange=NSE/symbol=ADANIPORTS/part-REDACTED.parquet
2026-07-27,NSE,ADANIPORTS,part-035614_776319-001505.parquet,ctrade1-l2-data,raw_l2/trade_date=2026-07-27/exchange=NSE/symbol=ADANIPORTS/part-REDACTED.parquet
2026-07-27,NSE,ADANIPORTS,part-035629_029188-001537.parquet,ctrade1-l2-data,raw_l2/trade_date=2026-07-27/exchange=NSE/symbol=ADANIPORTS/part-REDACTED.parquet
2026-07-27,NSE,ADANIPORTS,part-035643_528316-001569.parquet,ctrade1-l2-data,raw_l2/trade_date=2026-07-27/exchange=NSE/symbol=ADANIPORTS/part-REDACTED.parquet
2026-07-27,NSE,ADANIPORTS,part-035657_776294-001601.parquet,ctrade1-l2-data,raw_l2/trade_date=2026-07-27/exchange=NSE/symbol=ADANIPORTS/part-REDACTED.parquet
2026-07-27,NSE,ADANIPORTS,part-035712_029408-001633.parquet,ctrade1-l2-data,raw_l2/trade_date=2026-07-27/exchange=NSE/symbol=ADANIPORTS/part-REDACTED.parquet
2026-07-27,NSE,ADANIPORTS,part-035726_484789-001665.parquet,ctrade1-l2-data,raw_l2/trade_date=2026-07-27/exchange=NSE/symbol=ADANIPORTS/part-REDACTED.parquet
2026-07-27,NSE,ADANIPORTS,part-035740_778226-001697.parquet,ctrade1-l2-data,raw_l2/trade_date=2026-07-27/exchange=NSE/symbol=ADANIPORTS/part-REDACTED.parquet
2026-07-27,NSE,ADANIPORTS,part-035755_026873-001729.parquet,ctrade1-l2-data,raw_l2/trade_date=2026-07-27/exchange=NSE/symbol=ADANIPORTS/part-REDACTED.parquet
2026-07-27,NSE,ADANIPORTS,part-035809_276288-001761.parquet,ctrade1-l2-data,raw_l2/trade_date=2026-07-27/exchange=NSE/symbol=ADANIPORTS/part-REDACTED.parquet
2026-07-27,NSE,ADANIPORTS,part-035823_776388-001793.parquet,ctrade1-l2-data,raw_l2/trade_date=2026-07-27/exchange=NSE/symbol=ADANIPORTS/part-REDACTED.parquet
2026-07-27,NSE,ADANIPORTS,part-035838_028340-001825.parquet,ctrade1-l2-data,raw_l2/trade_date=2026-07-27/exchange=NSE/symbol=ADANIPORTS/part-REDACTED.parquet
2026-07-27,NSE,ADANIPORTS,part-035852_528955-001857.parquet,ctrade1-l2-data,raw_l2/trade_date=2026-07-27/exchange=NSE/symbol=ADANIPORTS/part-REDACTED.parquet
2026-07-27,NSE,ADANIPORTS,part-035906_775458-001889.parquet,ctrade1-l2-data,raw_l2/trade_date=2026-07-27/exchange=NSE/symbol=ADANIPORTS/part-REDACTED.parquet
2026-07-27,NSE,ADANIPORTS,part-035921_276783-001921.parquet,ctrade1-l2-data,raw_l2/trade_date=2026-07-27/exchange=NSE/symbol=ADANIPORTS/part-REDACTED.parquet
2026-07-27,NSE,ADANIPORTS,part-035935_779868-001953.parquet,ctrade1-l2-data,raw_l2/trade_date=2026-07-27/exchange=NSE/symbol=ADANIPORTS/part-REDACTED.parquet
2026-07-27,NSE,ADANIPORTS,part-035950_029790-001985.parquet,ctrade1-l2-data,raw_l2/trade_date=2026-07-27/exchange=NSE/symbol=ADANIPORTS/part-REDACTED.parquet
2026-07-27,NSE,ADANIPORTS,part-040004_490225-002017.parquet,ctrade1-l2-data,raw_l2/trade_date=2026-07-27/exchange=NSE/symbol=ADANIPORTS/part-REDACTED.parquet
2026-07-27,NSE,ADANIPORTS,part-040019_031690-002049.parquet,ctrade1-l2-data,raw_l2/trade_date=2026-07-27/exchange=NSE/symbol=ADANIPORTS/part-REDACTED.parquet
2026-07-27,NSE,ADANIPORTS,part-040033_276869-002081.parquet,ctrade1-l2-data,raw_l2/trade_date=2026-07-27/exchange=NSE/symbol=ADANIPORTS/part-REDACTED.parquet
2026-07-27,NSE,ADANIPORTS,part-040047_528885-002113.parquet,ctrade1-l2-data,raw_l2/trade_date=2026-07-27/exchange=NSE/symbol=ADANIPORTS/part-REDACTED.parquet
2026-07-27,NSE,ADANIPORTS,part-040102_036574-002145.parquet,ctrade1-l2-data,raw_l2/trade_date=2026-07-27/exchange=NSE/symbol=ADANIPORTS/part-REDACTED.parquet
2026-07-27,NSE,ADANIPORTS,part-040116_530864-002177.parquet,ctrade1-l2-data,raw_l2/trade_date=2026-07-27/exchange=NSE/symbol=ADANIPORTS/part-REDACTED.parquet
2026-07-27,NSE,ADANIPORTS,part-040130_779622-002209.parquet,ctrade1-l2-data,raw_l2/trade_date=2026-07-27/exchange=NSE/symbol=ADANIPORTS/part-REDACTED.parquet
2026-07-27,NSE,ADANIPORTS,part-040145_527362-002241.parquet,ctrade1-l2-data,raw_l2/trade_date=2026-07-27/exchange=NSE/symbol=ADANIPORTS/part-REDACTED.parquet
2026-07-27,NSE,ADANIPORTS,part-040159_777347-002273.parquet,ctrade1-l2-data,raw_l2/trade_date=2026-07-27/exchange=NSE/symbol=ADANIPORTS/part-REDACTED.parquet
2026-07-27,NSE,ADANIPORTS,part-040214_277832-002305.parquet,ctrade1-l2-data,raw_l2/trade_date=2026-07-27/exchange=NSE/symbol=ADANIPORTS/part-REDACTED.parquet
2026-07-27,NSE,ADANIPORTS,part-040228_777754-002337.parquet,ctrade1-l2-data,raw_l2/trade_date=2026-07-27/exchange=NSE/symbol=ADANIPORTS/part-REDACTED.parquet
2026-07-27,NSE,ADANIPORTS,part-040243_527564-002369.parquet,ctrade1-l2-data,raw_l2/trade_date=2026-07-27/exchange=NSE/symbol=ADANIPORTS/part-REDACTED.parquet
2026-07-27,NSE,ADANIPORTS,part-040258_026470-002401.parquet,ctrade1-l2-data,raw_l2/trade_date=2026-07-27/exchange=NSE/symbol=ADANIPORTS/part-REDACTED.parquet
2026-07-27,NSE,ADANIPORTS,part-040312_776253-002433.parquet,ctrade1-l2-data,raw_l2/trade_date=2026-07-27/exchange=NSE/symbol=ADANIPORTS/part-REDACTED.parquet
2026-07-27,NSE,ADANIPORTS,part-040327_028058-002465.parquet,ctrade1-l2-data,raw_l2/trade_date=2026-07-27/exchange=NSE/symbol=ADANIPORTS/part-REDACTED.parquet
2026-07-27,NSE,ADANIPORTS,part-040341_527570-002497.parquet,ctrade1-l2-data,raw_l2/trade_date=2026-07-27/exchange=NSE/symbol=ADANIPORTS/part-REDACTED.parquet
2026-07-27,NSE,ADANIPORTS,part-040355_784791-002529.parquet,ctrade1-l2-data,raw_l2/trade_date=2026-07-27/exchange=NSE/symbol=ADANIPORTS/part-REDACTED.parquet
2026-07-27,NSE,ADANIPORTS,part-040410_530323-002561.parquet,ctrade1-l2-data,raw_l2/trade_date=2026-07-27/exchange=NSE/symbol=ADANIPORTS/part-REDACTED.parquet
2026-07-27,NSE,ADANIPORTS,part-040425_030570-002593.parquet,ctrade1-l2-data,raw_l2/trade_date=2026-07-27/exchange=NSE/symbol=ADANIPORTS/part-REDACTED.parquet
2026-07-27,NSE,ADANIPORTS,part-040439_276247-002625.parquet,ctrade1-l2-data,raw_l2/trade_date=2026-07-27/exchange=NSE/symbol=ADANIPORTS/part-REDACTED.parquet
2026-07-27,NSE,ADANIPORTS,part-040453_782645-002657.parquet,ctrade1-l2-data,raw_l2/trade_date=2026-07-27/exchange=NSE/symbol=ADANIPORTS/part-REDACTED.parquet
2026-07-27,NSE,ADANIPORTS,part-040508_027454-002689.parquet,ctrade1-l2-data,raw_l2/trade_date=2026-07-27/exchange=NSE/symbol=ADANIPORTS/part-REDACTED.parquet
2026-07-27,NSE,ADANIPORTS,part-040522_528552-002721.parquet,ctrade1-l2-data,raw_l2/trade_date=2026-07-27/exchange=NSE/symbol=ADANIPORTS/part-REDACTED.parquet
2026-07-27,NSE,ADANIPORTS,part-040536_527293-002753.parquet,ctrade1-l2-data,raw_l2/trade_date=2026-07-27/exchange=NSE/symbol=ADANIPORTS/part-REDACTED.parquet
2026-07-27,NSE,ADANIPORTS,part-040550_778962-002785.parquet,ctrade1-l2-data,raw_l2/trade_date=2026-07-27/exchange=NSE/symbol=ADANIPORTS/part-REDACTED.parquet
2026-07-27,NSE,ADANIPORTS,part-040604_775017-002817.parquet,ctrade1-l2-data,raw_l2/trade_date=2026-07-27/exchange=NSE/symbol=ADANIPORTS/part-REDACTED.parquet
2026-07-27,NSE,ADANIPORTS,part-040618_778105-002849.parquet,ctrade1-l2-data,raw_l2/trade_date=2026-07-27/exchange=NSE/symbol=ADANIPORTS/part-REDACTED.parquet
2026-07-27,NSE,ADANIPORTS,part-040632_776333-002881.parquet,ctrade1-l2-data,raw_l2/trade_date=2026-07-27/exchange=NSE/symbol=ADANIPORTS/part-REDACTED.parquet
2026-07-27,NSE,ADANIPORTS,part-040646_776506-002913.parquet,ctrade1-l2-data,raw_l2/trade_date=2026-07-27/exchange=NSE/symbol=ADANIPORTS/part-REDACTED.parquet
2026-07-27,NSE,ADANIPORTS,part-040700_776731-002945.parquet,ctrade1-l2-data,raw_l2/trade_date=2026-07-27/exchange=NSE/symbol=ADANIPORTS/part-REDACTED.parquet
2026-07-27,NSE,ADANIPORTS,part-040715_027477-002977.parquet,ctrade1-l2-data,raw_l2/trade_date=2026-07-27/exchange=NSE/symbol=ADANIPORTS/part-REDACTED.parquet
2026-07-27,NSE,ADANIPORTS,part-040729_276284-003009.parquet,ctrade1-l2-data,raw_l2/trade_date=2026-07-27/exchange=NSE/symbol=ADANIPORTS/part-REDACTED.parquet
2026-07-27,NSE,ADANIPORTS,part-040743_529391-003041.parquet,ctrade1-l2-data,raw_l2/trade_date=2026-07-27/exchange=NSE/symbol=ADANIPORTS/part-REDACTED.parquet
2026-07-27,NSE,ADANIPORTS,part-040757_777339-003073.parquet,ctrade1-l2-data,raw_l2/trade_date=2026-07-27/exchange=NSE/symbol=ADANIPORTS/part-REDACTED.parquet
2026-07-27,NSE,ADANIPORTS,part-040812_277542-003105.parquet,ctrade1-l2-data,raw_l2/trade_date=2026-07-27/exchange=NSE/symbol=ADANIPORTS/part-REDACTED.parquet
2026-07-27,NSE,ADANIPORTS,part-040826_526430-003137.parquet,ctrade1-l2-data,raw_l2/trade_date=2026-07-27/exchange=NSE/symbol=ADANIPORTS/part-REDACTED.parquet
2026-07-27,NSE,ADANIPORTS,part-040840_779315-003169.parquet,ctrade1-l2-data,raw_l2/trade_date=2026-07-27/exchange=NSE/symbol=ADANIPORTS/part-REDACTED.parquet
2026-07-27,NSE,ADANIPORTS,part-040855_027819-003201.parquet,ctrade1-l2-data,raw_l2/trade_date=2026-07-27/exchange=NSE/symbol=ADANIPORTS/part-REDACTED.parquet
2026-07-27,NSE,ADANIPORTS,part-040909_279238-003233.parquet,ctrade1-l2-data,raw_l2/trade_date=2026-07-27/exchange=NSE/symbol=ADANIPORTS/part-REDACTED.parquet
2026-07-27,NSE,ADANIPORTS,part-040923_280609-003265.parquet,ctrade1-l2-data,raw_l2/trade_date=2026-07-27/exchange=NSE/symbol=ADANIPORTS/part-REDACTED.parquet
2026-07-27,NSE,ADANIPORTS,part-040937_525797-003297.parquet,ctrade1-l2-data,raw_l2/trade_date=2026-07-27/exchange=NSE/symbol=ADANIPORTS/part-REDACTED.parquet
2026-07-27,NSE,ADANIPORTS,part-040951_777330-003329.parquet,ctrade1-l2-data,raw_l2/trade_date=2026-07-27/exchange=NSE/symbol=ADANIPORTS/part-REDACTED.parquet
2026-07-27,NSE,ADANIPORTS,part-041006_027008-003361.parquet,ctrade1-l2-data,raw_l2/trade_date=2026-07-27/exchange=NSE/symbol=ADANIPORTS/part-REDACTED.parquet
2026-07-27,NSE,ADANIPORTS,part-041020_282746-003393.parquet,ctrade1-l2-data,raw_l2/trade_date=2026-07-27/exchange=NSE/symbol=ADANIPORTS/part-REDACTED.parquet
2026-07-27,NSE,ADANIPORTS,part-041034_526909-003425.parquet,ctrade1-l2-data,raw_l2/trade_date=2026-07-27/exchange=NSE/symbol=ADANIPORTS/part-REDACTED.parquet
2026-07-27,NSE,ADANIPORTS,part-041049_028524-003457.parquet,ctrade1-l2-data,raw_l2/trade_date=2026-07-27/exchange=NSE/symbol=ADANIPORTS/part-REDACTED.parquet
2026-07-27,NSE,ADANIPORTS,part-041103_028134-003489.parquet,ctrade1-l2-data,raw_l2/trade_date=2026-07-27/exchange=NSE/symbol=ADANIPORTS/part-REDACTED.parquet
2026-07-27,NSE,ADANIPORTS,part-041117_527847-003521.parquet,ctrade1-l2-data,raw_l2/trade_date=2026-07-27/exchange=NSE/symbol=ADANIPORTS/part-REDACTED.parquet
2026-07-27,NSE,ADANIPORTS,part-041131_526694-003553.parquet,ctrade1-l2-data,raw_l2/trade_date=2026-07-27/exchange=NSE/symbol=ADANIPORTS/part-REDACTED.parquet
2026-07-27,NSE,ADANIPORTS,part-041145_777056-003585.parquet,ctrade1-l2-data,raw_l2/trade_date=2026-07-27/exchange=NSE/symbol=ADANIPORTS/part-REDACTED.parquet
2026-07-27,NSE,ADANIPORTS,part-041200_027305-003617.parquet,ctrade1-l2-data,raw_l2/trade_date=2026-07-27/exchange=NSE/symbol=ADANIPORTS/part-REDACTED.parquet
2026-07-27,NSE,ADANIPORTS,part-041214_026179-003649.parquet,ctrade1-l2-data,raw_l2/trade_date=2026-07-27/exchange=NSE/symbol=ADANIPORTS/part-REDACTED.parquet
2026-07-27,NSE,ADANIPORTS,part-041228_027470-003681.parquet,ctrade1-l2-data,raw_l2/trade_date=2026-07-27/exchange=NSE/symbol=ADANIPORTS/part-REDACTED.parquet
2026-07-27,NSE,ADANIPORTS,part-041243_277389-003713.parquet,ctrade1-l2-data,raw_l2/trade_date=2026-07-27/exchange=NSE/symbol=ADANIPORTS/part-REDACTED.parquet
2026-07-27,NSE,ADANIPORTS,part-041257_280671-003745.parquet,ctrade1-l2-data,raw_l2/trade_date=2026-07-27/exchange=NSE/symbol=ADANIPORTS/part-REDACTED.parquet
2026-07-27,NSE,ADANIPORTS,part-041311_276778-003777.parquet,ctrade1-l2-data,raw_l2/trade_date=2026-07-27/exchange=NSE/symbol=ADANIPORTS/part-REDACTED.parquet
2026-07-27,NSE,ADANIPORTS,part-041325_775191-003809.parquet,ctrade1-l2-data,raw_l2/trade_date=2026-07-27/exchange=NSE/symbol=ADANIPORTS/part-REDACTED.parquet
2026-07-27,NSE,ADANIPORTS,part-041339_776875-003841.parquet,ctrade1-l2-data,raw_l2/trade_date=2026-07-27/exchange=NSE/symbol=ADANIPORTS/part-REDACTED.parquet
2026-07-27,NSE,ADANIPORTS,part-041353_774493-003873.parquet,ctrade1-l2-data,raw_l2/trade_date=2026-07-27/exchange=NSE/symbol=ADANIPORTS/part-REDACTED.parquet
2026-07-27,NSE,ADANIPORTS,part-041407_778375-003905.parquet,ctrade1-l2-data,raw_l2/trade_date=2026-07-27/exchange=NSE/symbol=ADANIPORTS/part-REDACTED.parquet
2026-07-27,NSE,ADANIPORTS,part-041421_776326-003937.parquet,ctrade1-l2-data,raw_l2/trade_date=2026-07-27/exchange=NSE/symbol=ADANIPORTS/part-REDACTED.parquet
2026-07-27,NSE,ADANIPORTS,part-041435_775903-003969.parquet,ctrade1-l2-data,raw_l2/trade_date=2026-07-27/exchange=NSE/symbol=ADANIPORTS/part-REDACTED.parquet
2026-07-27,NSE,ADANIPORTS,part-041449_780324-004001.parquet,ctrade1-l2-data,raw_l2/trade_date=2026-07-27/exchange=NSE/symbol=ADANIPORTS/part-REDACTED.parquet
2026-07-27,NSE,ADANIPORTS,part-041503_779090-004033.parquet,ctrade1-l2-data,raw_l2/trade_date=2026-07-27/exchange=NSE/symbol=ADANIPORTS/part-REDACTED.parquet
2026-07-27,NSE,ADANIPORTS,part-041517_776844-004065.parquet,ctrade1-l2-data,raw_l2/trade_date=2026-07-27/exchange=NSE/symbol=ADANIPORTS/part-REDACTED.parquet
2026-07-27,NSE,ADANIPORTS,part-041531_912437-004097.parquet,ctrade1-l2-data,raw_l2/trade_date=2026-07-27/exchange=NSE/symbol=ADANIPORTS/part-REDACTED.parquet
2026-07-27,NSE,ADANIPORTS,part-041546_526219-004129.parquet,ctrade1-l2-data,raw_l2/trade_date=2026-07-27/exchange=NSE/symbol=ADANIPORTS/part-REDACTED.parquet
2026-07-27,NSE,ADANIPORTS,part-041600_526446-004161.parquet,ctrade1-l2-data,raw_l2/trade_date=2026-07-27/exchange=NSE/symbol=ADANIPORTS/part-REDACTED.parquet
2026-07-27,NSE,ADANIPORTS,part-041614_776747-004193.parquet,ctrade1-l2-data,raw_l2/trade_date=2026-07-27/exchange=NSE/symbol=ADANIPORTS/part-REDACTED.parquet
2026-07-27,NSE,ADANIPORTS,part-041628_775956-004225.parquet,ctrade1-l2-data,raw_l2/trade_date=2026-07-27/exchange=NSE/symbol=ADANIPORTS/part-REDACTED.parquet
2026-07-27,NSE,ADANIPORTS,part-041645_526653-004257.parquet,ctrade1-l2-data,raw_l2/trade_date=2026-07-27/exchange=NSE/symbol=ADANIPORTS/part-REDACTED.parquet
2026-07-27,NSE,ADANIPORTS,part-041659_526636-004289.parquet,ctrade1-l2-data,raw_l2/trade_date=2026-07-27/exchange=NSE/symbol=ADANIPORTS/part-REDACTED.parquet
2026-07-27,NSE,ADANIPORTS,part-041713_527801-004321.parquet,ctrade1-l2-data,raw_l2/trade_date=2026-07-27/exchange=NSE/symbol=ADANIPORTS/part-REDACTED.parquet
2026-07-27,NSE,ADANIPORTS,part-041727_799022-004353.parquet,ctrade1-l2-data,raw_l2/trade_date=2026-07-27/exchange=NSE/symbol=ADANIPORTS/part-REDACTED.parquet
2026-07-27,NSE,ADANIPORTS,part-041742_275772-004385.parquet,ctrade1-l2-data,raw_l2/trade_date=2026-07-27/exchange=NSE/symbol=ADANIPORTS/part-REDACTED.parquet
2026-07-27,NSE,ADANIPORTS,part-041756_528320-004417.parquet,ctrade1-l2-data,raw_l2/trade_date=2026-07-27/exchange=NSE/symbol=ADANIPORTS/part-REDACTED.parquet
2026-07-27,NSE,ADANIPORTS,part-041811_025794-004449.parquet,ctrade1-l2-data,raw_l2/trade_date=2026-07-27/exchange=NSE/symbol=ADANIPORTS/part-REDACTED.parquet
2026-07-27,NSE,ADANIPORTS,part-041825_026100-004481.parquet,ctrade1-l2-data,raw_l2/trade_date=2026-07-27/exchange=NSE/symbol=ADANIPORTS/part-REDACTED.parquet
2026-07-27,NSE,ADANIPORTS,part-041839_292483-004513.parquet,ctrade1-l2-data,raw_l2/trade_date=2026-07-27/exchange=NSE/symbol=ADANIPORTS/part-REDACTED.parquet
2026-07-27,NSE,ADANIPORTS,part-041853_280351-004545.parquet,ctrade1-l2-data,raw_l2/trade_date=2026-07-27/exchange=NSE/symbol=ADANIPORTS/part-REDACTED.parquet
2026-07-27,NSE,ADANIPORTS,part-041907_275714-004577.parquet,ctrade1-l2-data,raw_l2/trade_date=2026-07-27/exchange=NSE/symbol=ADANIPORTS/part-REDACTED.parquet
2026-07-27,NSE,ADANIPORTS,part-041921_278682-004609.parquet,ctrade1-l2-data,raw_l2/trade_date=2026-07-27/exchange=NSE/symbol=ADANIPORTS/part-REDACTED.parquet
2026-07-27,NSE,ADANIPORTS,part-041935_275974-004641.parquet,ctrade1-l2-data,raw_l2/trade_date=2026-07-27/exchange=NSE/symbol=ADANIPORTS/part-REDACTED.parquet
2026-07-27,NSE,ADANIPORTS,part-041949_281071-004673.parquet,ctrade1-l2-data,raw_l2/trade_date=2026-07-27/exchange=NSE/symbol=ADANIPORTS/part-REDACTED.parquet
2026-07-27,NSE,ADANIPORTS,part-042003_535598-004705.parquet,ctrade1-l2-data,raw_l2/trade_date=2026-07-27/exchange=NSE/symbol=ADANIPORTS/part-REDACTED.parquet
2026-07-27,NSE,ADANIPORTS,part-042017_532501-004737.parquet,ctrade1-l2-data,raw_l2/trade_date=2026-07-27/exchange=NSE/symbol=ADANIPORTS/part-REDACTED.parquet
2026-07-27,NSE,ADANIPORTS,part-042031_786536-004769.parquet,ctrade1-l2-data,raw_l2/trade_date=2026-07-27/exchange=NSE/symbol=ADANIPORTS/part-REDACTED.parquet
2026-07-27,NSE,ADANIPORTS,part-042045_785999-004801.parquet,ctrade1-l2-data,raw_l2/trade_date=2026-07-27/exchange=NSE/symbol=ADANIPORTS/part-REDACTED.parquet
2026-07-27,NSE,ADANIPORTS,part-042059_783454-004833.parquet,ctrade1-l2-data,raw_l2/trade_date=2026-07-27/exchange=NSE/symbol=ADANIPORTS/part-REDACTED.parquet
2026-07-27,NSE,ADANIPORTS,part-042113_790095-004865.parquet,ctrade1-l2-data,raw_l2/trade_date=2026-07-27/exchange=NSE/symbol=ADANIPORTS/part-REDACTED.parquet
2026-07-27,NSE,ADANIPORTS,part-042128_282469-004897.parquet,ctrade1-l2-data,raw_l2/trade_date=2026-07-27/exchange=NSE/symbol=ADANIPORTS/part-REDACTED.parquet
2026-07-27,NSE,ADANIPORTS,part-042142_532889-004929.parquet,ctrade1-l2-data,raw_l2/trade_date=2026-07-27/exchange=NSE/symbol=ADANIPORTS/part-REDACTED.parquet
2026-07-27,NSE,ADANIPORTS,part-042156_782179-004961.parquet,ctrade1-l2-data,raw_l2/trade_date=2026-07-27/exchange=NSE/symbol=ADANIPORTS/part-REDACTED.parquet
2026-07-27,NSE,ADANIPORTS,part-042211_536404-004993.parquet,ctrade1-l2-data,raw_l2/trade_date=2026-07-27/exchange=NSE/symbol=ADANIPORTS/part-REDACTED.parquet
2026-07-27,NSE,ADANIPORTS,part-042225_782699-005025.parquet,ctrade1-l2-data,raw_l2/trade_date=2026-07-27/exchange=NSE/symbol=ADANIPORTS/part-REDACTED.parquet
2026-07-27,NSE,ADANIPORTS,part-042240_043555-005057.parquet,ctrade1-l2-data,raw_l2/trade_date=2026-07-27/exchange=NSE/symbol=ADANIPORTS/part-REDACTED.parquet
2026-07-27,NSE,ADANIPORTS,part-042254_528049-005089.parquet,ctrade1-l2-data,raw_l2/trade_date=2026-07-27/exchange=NSE/symbol=ADANIPORTS/part-REDACTED.parquet
2026-07-27,NSE,ADANIPORTS,part-042308_779189-005121.parquet,ctrade1-l2-data,raw_l2/trade_date=2026-07-27/exchange=NSE/symbol=ADANIPORTS/part-REDACTED.parquet
2026-07-27,NSE,ADANIPORTS,part-042323_026224-005153.parquet,ctrade1-l2-data,raw_l2/trade_date=2026-07-27/exchange=NSE/symbol=ADANIPORTS/part-REDACTED.parquet
2026-07-27,NSE,ADANIPORTS,part-042337_526755-005185.parquet,ctrade1-l2-data,raw_l2/trade_date=2026-07-27/exchange=NSE/symbol=ADANIPORTS/part-REDACTED.parquet
2026-07-27,NSE,ADANIPORTS,part-042351_779462-005217.parquet,ctrade1-l2-data,raw_l2/trade_date=2026-07-27/exchange=NSE/symbol=ADANIPORTS/part-REDACTED.parquet
2026-07-27,NSE,ADANIPORTS,part-042406_277420-005249.parquet,ctrade1-l2-data,raw_l2/trade_date=2026-07-27/exchange=NSE/symbol=ADANIPORTS/part-REDACTED.parquet
2026-07-27,NSE,ADANIPORTS,part-042420_780149-005281.parquet,ctrade1-l2-data,raw_l2/trade_date=2026-07-27/exchange=NSE/symbol=ADANIPORTS/part-REDACTED.parquet
2026-07-27,NSE,ADANIPORTS,part-042435_028932-005313.parquet,ctrade1-l2-data,raw_l2/trade_date=2026-07-27/exchange=NSE/symbol=ADANIPORTS/part-REDACTED.parquet
2026-07-27,NSE,ADANIPORTS,part-042449_527658-005345.parquet,ctrade1-l2-data,raw_l2/trade_date=2026-07-27/exchange=NSE/symbol=ADANIPORTS/part-REDACTED.parquet
2026-07-27,NSE,ADANIPORTS,part-042503_775949-005377.parquet,ctrade1-l2-data,raw_l2/trade_date=2026-07-27/exchange=NSE/symbol=ADANIPORTS/part-REDACTED.parquet
2026-07-27,NSE,ADANIPORTS,part-042518_029572-005409.parquet,ctrade1-l2-data,raw_l2/trade_date=2026-07-27/exchange=NSE/symbol=ADANIPORTS/part-REDACTED.parquet
2026-07-27,NSE,ADANIPORTS,part-042532_278741-005441.parquet,ctrade1-l2-data,raw_l2/trade_date=2026-07-27/exchange=NSE/symbol=ADANIPORTS/part-REDACTED.parquet
2026-07-27,NSE,ADANIPORTS,part-042546_777411-005473.parquet,ctrade1-l2-data,raw_l2/trade_date=2026-07-27/exchange=NSE/symbol=ADANIPORTS/part-REDACTED.parquet
2026-07-27,NSE,ADANIPORTS,part-042601_277282-005505.parquet,ctrade1-l2-data,raw_l2/trade_date=2026-07-27/exchange=NSE/symbol=ADANIPORTS/part-REDACTED.parquet
2026-07-27,NSE,ADANIPORTS,part-042616_026782-005537.parquet,ctrade1-l2-data,raw_l2/trade_date=2026-07-27/exchange=NSE/symbol=ADANIPORTS/part-REDACTED.parquet
2026-07-27,NSE,ADANIPORTS,part-042630_278727-005569.parquet,ctrade1-l2-data,raw_l2/trade_date=2026-07-27/exchange=NSE/symbol=ADANIPORTS/part-REDACTED.parquet
2026-07-27,NSE,ADANIPORTS,part-042644_538267-005601.parquet,ctrade1-l2-data,raw_l2/trade_date=2026-07-27/exchange=NSE/symbol=ADANIPORTS/part-REDACTED.parquet
2026-07-27,NSE,ADANIPORTS,part-042659_279987-005633.parquet,ctrade1-l2-data,raw_l2/trade_date=2026-07-27/exchange=NSE/symbol=ADANIPORTS/part-REDACTED.parquet
2026-07-27,NSE,ADANIPORTS,part-042713_789260-005665.parquet,ctrade1-l2-data,raw_l2/trade_date=2026-07-27/exchange=NSE/symbol=ADANIPORTS/part-REDACTED.parquet
2026-07-27,NSE,AXISBANK,part-034501_002666-000002.parquet,ctrade1-l2-data,raw_l2/trade_date=2026-07-27/exchange=NSE/symbol=AXISBANK/part-REDACTED.parquet
2026-07-27,NSE,AXISBANK,part-034515_925735-000034.parquet,ctrade1-l2-data,raw_l2/trade_date=2026-07-27/exchange=NSE/symbol=AXISBANK/part-REDACTED.parquet
2026-07-27,NSE,AXISBANK,part-034530_408782-000066.parquet,ctrade1-l2-data,raw_l2/trade_date=2026-07-27/exchange=NSE/symbol=AXISBANK/part-REDACTED.parquet
2026-07-27,NSE,AXISBANK,part-034544_642822-000098.parquet,ctrade1-l2-data,raw_l2/trade_date=2026-07-27/exchange=NSE/symbol=AXISBANK/part-REDACTED.parquet
2026-07-27,NSE,AXISBANK,part-034558_683212-000130.parquet,ctrade1-l2-data,raw_l2/trade_date=2026-07-27/exchange=NSE/symbol=AXISBANK/part-REDACTED.parquet
2026-07-27,NSE,AXISBANK,part-034612_912683-000162.parquet,ctrade1-l2-data,raw_l2/trade_date=2026-07-27/exchange=NSE/symbol=AXISBANK/part-REDACTED.parquet
2026-07-27,NSE,AXISBANK,part-034627_401903-000194.parquet,ctrade1-l2-data,raw_l2/trade_date=2026-07-27/exchange=NSE/symbol=AXISBANK/part-REDACTED.parquet
2026-07-27,NSE,AXISBANK,part-034641_676466-000226.parquet,ctrade1-l2-data,raw_l2/trade_date=2026-07-27/exchange=NSE/symbol=AXISBANK/part-REDACTED.parquet
2026-07-27,NSE,AXISBANK,part-034656_143577-000258.parquet,ctrade1-l2-data,raw_l2/trade_date=2026-07-27/exchange=NSE/symbol=AXISBANK/part-REDACTED.parquet
2026-07-27,NSE,AXISBANK,part-034710_145702-000290.parquet,ctrade1-l2-data,raw_l2/trade_date=2026-07-27/exchange=NSE/symbol=AXISBANK/part-REDACTED.parquet
2026-07-27,NSE,AXISBANK,part-034724_155634-000322.parquet,ctrade1-l2-data,raw_l2/trade_date=2026-07-27/exchange=NSE/symbol=AXISBANK/part-REDACTED.parquet
2026-07-27,NSE,AXISBANK,part-034738_389225-000354.parquet,ctrade1-l2-data,raw_l2/trade_date=2026-07-27/exchange=NSE/symbol=AXISBANK/part-REDACTED.parquet
2026-07-27,NSE,AXISBANK,part-034752_412076-000386.parquet,ctrade1-l2-data,raw_l2/trade_date=2026-07-27/exchange=NSE/symbol=AXISBANK/part-REDACTED.parquet
2026-07-27,NSE,AXISBANK,part-034806_650521-000418.parquet,ctrade1-l2-data,raw_l2/trade_date=2026-07-27/exchange=NSE/symbol=AXISBANK/part-REDACTED.parquet
2026-07-27,NSE,AXISBANK,part-034821_160101-000450.parquet,ctrade1-l2-data,raw_l2/trade_date=2026-07-27/exchange=NSE/symbol=AXISBANK/part-REDACTED.parquet
2026-07-27,NSE,AXISBANK,part-034835_655990-000482.parquet,ctrade1-l2-data,raw_l2/trade_date=2026-07-27/exchange=NSE/symbol=AXISBANK/part-REDACTED.parquet
2026-07-27,NSE,AXISBANK,part-034849_914551-000514.parquet,ctrade1-l2-data,raw_l2/trade_date=2026-07-27/exchange=NSE/symbol=AXISBANK/part-REDACTED.parquet
2026-07-27,NSE,AXISBANK,part-034904_404025-000546.parquet,ctrade1-l2-data,raw_l2/trade_date=2026-07-27/exchange=NSE/symbol=AXISBANK/part-REDACTED.parquet
2026-07-27,NSE,AXISBANK,part-034918_895629-000578.parquet,ctrade1-l2-data,raw_l2/trade_date=2026-07-27/exchange=NSE/symbol=AXISBANK/part-REDACTED.parquet
2026-07-27,NSE,AXISBANK,part-034933_154573-000610.parquet,ctrade1-l2-data,raw_l2/trade_date=2026-07-27/exchange=NSE/symbol=AXISBANK/part-REDACTED.parquet
2026-07-27,NSE,AXISBANK,part-034947_678157-000642.parquet,ctrade1-l2-data,raw_l2/trade_date=2026-07-27/exchange=NSE/symbol=AXISBANK/part-REDACTED.parquet
2026-07-27,NSE,AXISBANK,part-035002_399627-000674.parquet,ctrade1-l2-data,raw_l2/trade_date=2026-07-27/exchange=NSE/symbol=AXISBANK/part-REDACTED.parquet
2026-07-27,NSE,AXISBANK,part-035016_647654-000706.parquet,ctrade1-l2-data,raw_l2/trade_date=2026-07-27/exchange=NSE/symbol=AXISBANK/part-REDACTED.parquet
2026-07-27,NSE,AXISBANK,part-035030_651859-000738.parquet,ctrade1-l2-data,raw_l2/trade_date=2026-07-27/exchange=NSE/symbol=AXISBANK/part-REDACTED.parquet
2026-07-27,NSE,AXISBANK,part-035044_916497-000770.parquet,ctrade1-l2-data,raw_l2/trade_date=2026-07-27/exchange=NSE/symbol=AXISBANK/part-REDACTED.parquet
2026-07-27,NSE,AXISBANK,part-035059_141747-000802.parquet,ctrade1-l2-data,raw_l2/trade_date=2026-07-27/exchange=NSE/symbol=AXISBANK/part-REDACTED.parquet
2026-07-27,NSE,AXISBANK,part-035113_400344-000834.parquet,ctrade1-l2-data,raw_l2/trade_date=2026-07-27/exchange=NSE/symbol=AXISBANK/part-REDACTED.parquet
2026-07-27,NSE,AXISBANK,part-035127_891375-000866.parquet,ctrade1-l2-data,raw_l2/trade_date=2026-07-27/exchange=NSE/symbol=AXISBANK/part-REDACTED.parquet
2026-07-27,NSE,AXISBANK,part-035142_138700-000898.parquet,ctrade1-l2-data,raw_l2/trade_date=2026-07-27/exchange=NSE/symbol=AXISBANK/part-REDACTED.parquet
2026-07-27,NSE,AXISBANK,part-035156_154745-000930.parquet,ctrade1-l2-data,raw_l2/trade_date=2026-07-27/exchange=NSE/symbol=AXISBANK/part-REDACTED.parquet
2026-07-27,NSE,AXISBANK,part-035210_414271-000962.parquet,ctrade1-l2-data,raw_l2/trade_date=2026-07-27/exchange=NSE/symbol=AXISBANK/part-REDACTED.parquet
2026-07-27,NSE,AXISBANK,part-035224_647897-000994.parquet,ctrade1-l2-data,raw_l2/trade_date=2026-07-27/exchange=NSE/symbol=AXISBANK/part-REDACTED.parquet
2026-07-27,NSE,AXISBANK,part-035238_889572-001026.parquet,ctrade1-l2-data,raw_l2/trade_date=2026-07-27/exchange=NSE/symbol=AXISBANK/part-REDACTED.parquet
2026-07-27,NSE,AXISBANK,part-035253_155253-001058.parquet,ctrade1-l2-data,raw_l2/trade_date=2026-07-27/exchange=NSE/symbol=AXISBANK/part-REDACTED.parquet
2026-07-27,NSE,AXISBANK,part-035307_401279-001090.parquet,ctrade1-l2-data,raw_l2/trade_date=2026-07-27/exchange=NSE/symbol=AXISBANK/part-REDACTED.parquet
2026-07-27,NSE,AXISBANK,part-035321_653335-001122.parquet,ctrade1-l2-data,raw_l2/trade_date=2026-07-27/exchange=NSE/symbol=AXISBANK/part-REDACTED.parquet
2026-07-27,NSE,AXISBANK,part-035336_169629-001154.parquet,ctrade1-l2-data,raw_l2/trade_date=2026-07-27/exchange=NSE/symbol=AXISBANK/part-REDACTED.parquet
2026-07-27,NSE,AXISBANK,part-035350_656998-001186.parquet,ctrade1-l2-data,raw_l2/trade_date=2026-07-27/exchange=NSE/symbol=AXISBANK/part-REDACTED.parquet
2026-07-27,NSE,AXISBANK,part-035404_947647-001218.parquet,ctrade1-l2-data,raw_l2/trade_date=2026-07-27/exchange=NSE/symbol=AXISBANK/part-REDACTED.parquet
2026-07-27,NSE,AXISBANK,part-035419_153171-001250.parquet,ctrade1-l2-data,raw_l2/trade_date=2026-07-27/exchange=NSE/symbol=AXISBANK/part-REDACTED.parquet
2026-07-27,NSE,AXISBANK,part-035433_151825-001282.parquet,ctrade1-l2-data,raw_l2/trade_date=2026-07-27/exchange=NSE/symbol=AXISBANK/part-REDACTED.parquet
2026-07-27,NSE,AXISBANK,part-035447_462677-001314.parquet,ctrade1-l2-data,raw_l2/trade_date=2026-07-27/exchange=NSE/symbol=AXISBANK/part-REDACTED.parquet
2026-07-27,NSE,AXISBANK,part-035502_648784-001346.parquet,ctrade1-l2-data,raw_l2/trade_date=2026-07-27/exchange=NSE/symbol=AXISBANK/part-REDACTED.parquet
2026-07-27,NSE,AXISBANK,part-035516_983171-001378.parquet,ctrade1-l2-data,raw_l2/trade_date=2026-07-27/exchange=NSE/symbol=AXISBANK/part-REDACTED.parquet
2026-07-27,NSE,AXISBANK,part-035531_393474-001410.parquet,ctrade1-l2-data,raw_l2/trade_date=2026-07-27/exchange=NSE/symbol=AXISBANK/part-REDACTED.parquet
2026-07-27,NSE,AXISBANK,part-035545_898099-001442.parquet,ctrade1-l2-data,raw_l2/trade_date=2026-07-27/exchange=NSE/symbol=AXISBANK/part-REDACTED.parquet
2026-07-27,NSE,AXISBANK,part-035559_898983-001474.parquet,ctrade1-l2-data,raw_l2/trade_date=2026-07-27/exchange=NSE/symbol=AXISBANK/part-REDACTED.parquet
2026-07-27,NSE,AXISBANK,part-035614_890171-001506.parquet,ctrade1-l2-data,raw_l2/trade_date=2026-07-27/exchange=NSE/symbol=AXISBANK/part-REDACTED.parquet
2026-07-27,NSE,AXISBANK,part-035629_176378-001538.parquet,ctrade1-l2-data,raw_l2/trade_date=2026-07-27/exchange=NSE/symbol=AXISBANK/part-REDACTED.parquet
2026-07-27,NSE,AXISBANK,part-035643_648157-001570.parquet,ctrade1-l2-data,raw_l2/trade_date=2026-07-27/exchange=NSE/symbol=AXISBANK/part-REDACTED.parquet
2026-07-27,NSE,AXISBANK,part-035657_896866-001602.parquet,ctrade1-l2-data,raw_l2/trade_date=2026-07-27/exchange=NSE/symbol=AXISBANK/part-REDACTED.parquet
2026-07-27,NSE,AXISBANK,part-035712_167698-001634.parquet,ctrade1-l2-data,raw_l2/trade_date=2026-07-27/exchange=NSE/symbol=AXISBANK/part-REDACTED.parquet
2026-07-27,NSE,AXISBANK,part-035726_602154-001666.parquet,ctrade1-l2-data,raw_l2/trade_date=2026-07-27/exchange=NSE/symbol=AXISBANK/part-REDACTED.parquet
2026-07-27,NSE,AXISBANK,part-035740_909285-001698.parquet,ctrade1-l2-data,raw_l2/trade_date=2026-07-27/exchange=NSE/symbol=AXISBANK/part-REDACTED.parquet
2026-07-27,NSE,AXISBANK,part-035755_151938-001730.parquet,ctrade1-l2-data,raw_l2/trade_date=2026-07-27/exchange=NSE/symbol=AXISBANK/part-REDACTED.parquet
2026-07-27,NSE,AXISBANK,part-035809_428962-001762.parquet,ctrade1-l2-data,raw_l2/trade_date=2026-07-27/exchange=NSE/symbol=AXISBANK/part-REDACTED.parquet
2026-07-27,NSE,AXISBANK,part-035823_899081-001794.parquet,ctrade1-l2-data,raw_l2/trade_date=2026-07-27/exchange=NSE/symbol=AXISBANK/part-REDACTED.parquet
2026-07-27,NSE,AXISBANK,part-035838_158335-001826.parquet,ctrade1-l2-data,raw_l2/trade_date=2026-07-27/exchange=NSE/symbol=AXISBANK/part-REDACTED.parquet
2026-07-27,NSE,AXISBANK,part-035852_659526-001858.parquet,ctrade1-l2-data,raw_l2/trade_date=2026-07-27/exchange=NSE/symbol=AXISBANK/part-REDACTED.parquet
2026-07-27,NSE,AXISBANK,part-035906_898304-001890.parquet,ctrade1-l2-data,raw_l2/trade_date=2026-07-27/exchange=NSE/symbol=AXISBANK/part-REDACTED.parquet
2026-07-27,NSE,AXISBANK,part-035921_400857-001922.parquet,ctrade1-l2-data,raw_l2/trade_date=2026-07-27/exchange=NSE/symbol=AXISBANK/part-REDACTED.parquet
2026-07-27,NSE,AXISBANK,part-035935_911131-001954.parquet,ctrade1-l2-data,raw_l2/trade_date=2026-07-27/exchange=NSE/symbol=AXISBANK/part-REDACTED.parquet
2026-07-27,NSE,AXISBANK,part-035950_150679-001986.parquet,ctrade1-l2-data,raw_l2/trade_date=2026-07-27/exchange=NSE/symbol=AXISBANK/part-REDACTED.parquet
2026-07-27,NSE,AXISBANK,part-040004_647688-002018.parquet,ctrade1-l2-data,raw_l2/trade_date=2026-07-27/exchange=NSE/symbol=AXISBANK/part-REDACTED.parquet
2026-07-27,NSE,AXISBANK,part-040019_157965-002050.parquet,ctrade1-l2-data,raw_l2/trade_date=2026-07-27/exchange=NSE/symbol=AXISBANK/part-REDACTED.parquet
2026-07-27,NSE,AXISBANK,part-040033_410965-002082.parquet,ctrade1-l2-data,raw_l2/trade_date=2026-07-27/exchange=NSE/symbol=AXISBANK/part-REDACTED.parquet
2026-07-27,NSE,AXISBANK,part-040047_660660-002114.parquet,ctrade1-l2-data,raw_l2/trade_date=2026-07-27/exchange=NSE/symbol=AXISBANK/part-REDACTED.parquet
2026-07-27,NSE,AXISBANK,part-040102_165820-002146.parquet,ctrade1-l2-data,raw_l2/trade_date=2026-07-27/exchange=NSE/symbol=AXISBANK/part-REDACTED.parquet
2026-07-27,NSE,AXISBANK,part-040116_657610-002178.parquet,ctrade1-l2-data,raw_l2/trade_date=2026-07-27/exchange=NSE/symbol=AXISBANK/part-REDACTED.parquet
2026-07-27,NSE,AXISBANK,part-040130_906125-002210.parquet,ctrade1-l2-data,raw_l2/trade_date=2026-07-27/exchange=NSE/symbol=AXISBANK/part-REDACTED.parquet
2026-07-27,NSE,AXISBANK,part-040145_668313-002242.parquet,ctrade1-l2-data,raw_l2/trade_date=2026-07-27/exchange=NSE/symbol=AXISBANK/part-REDACTED.parquet
2026-07-27,NSE,AXISBANK,part-040159_928932-002274.parquet,ctrade1-l2-data,raw_l2/trade_date=2026-07-27/exchange=NSE/symbol=AXISBANK/part-REDACTED.parquet
2026-07-27,NSE,AXISBANK,part-040214_398801-002306.parquet,ctrade1-l2-data,raw_l2/trade_date=2026-07-27/exchange=NSE/symbol=AXISBANK/part-REDACTED.parquet
2026-07-27,NSE,AXISBANK,part-040228_925948-002338.parquet,ctrade1-l2-data,raw_l2/trade_date=2026-07-27/exchange=NSE/symbol=AXISBANK/part-REDACTED.parquet
2026-07-27,NSE,AXISBANK,part-040243_644611-002370.parquet,ctrade1-l2-data,raw_l2/trade_date=2026-07-27/exchange=NSE/symbol=AXISBANK/part-REDACTED.parquet
2026-07-27,NSE,AXISBANK,part-040258_179929-002402.parquet,ctrade1-l2-data,raw_l2/trade_date=2026-07-27/exchange=NSE/symbol=AXISBANK/part-REDACTED.parquet
2026-07-27,NSE,AXISBANK,part-040312_892824-002434.parquet,ctrade1-l2-data,raw_l2/trade_date=2026-07-27/exchange=NSE/symbol=AXISBANK/part-REDACTED.parquet
2026-07-27,NSE,AXISBANK,part-040327_161190-002466.parquet,ctrade1-l2-data,raw_l2/trade_date=2026-07-27/exchange=NSE/symbol=AXISBANK/part-REDACTED.parquet
2026-07-27,NSE,AXISBANK,part-040341_639723-002498.parquet,ctrade1-l2-data,raw_l2/trade_date=2026-07-27/exchange=NSE/symbol=AXISBANK/part-REDACTED.parquet
2026-07-27,NSE,AXISBANK,part-040355_944985-002530.parquet,ctrade1-l2-data,raw_l2/trade_date=2026-07-27/exchange=NSE/symbol=AXISBANK/part-REDACTED.parquet
2026-07-27,NSE,AXISBANK,part-040410_668603-002562.parquet,ctrade1-l2-data,raw_l2/trade_date=2026-07-27/exchange=NSE/symbol=AXISBANK/part-REDACTED.parquet
2026-07-27,NSE,AXISBANK,part-040425_186783-002594.parquet,ctrade1-l2-data,raw_l2/trade_date=2026-07-27/exchange=NSE/symbol=AXISBANK/part-REDACTED.parquet
2026-07-27,NSE,AXISBANK,part-040439_423412-002626.parquet,ctrade1-l2-data,raw_l2/trade_date=2026-07-27/exchange=NSE/symbol=AXISBANK/part-REDACTED.parquet
2026-07-27,NSE,AXISBANK,part-040453_923543-002658.parquet,ctrade1-l2-data,raw_l2/trade_date=2026-07-27/exchange=NSE/symbol=AXISBANK/part-REDACTED.parquet
2026-07-27,NSE,AXISBANK,part-040508_190427-002690.parquet,ctrade1-l2-data,raw_l2/trade_date=2026-07-27/exchange=NSE/symbol=AXISBANK/part-REDACTED.parquet
2026-07-27,NSE,AXISBANK,part-040522_643358-002722.parquet,ctrade1-l2-data,raw_l2/trade_date=2026-07-27/exchange=NSE/symbol=AXISBANK/part-REDACTED.parquet
2026-07-27,NSE,AXISBANK,part-040536_642497-002754.parquet,ctrade1-l2-data,raw_l2/trade_date=2026-07-27/exchange=NSE/symbol=AXISBANK/part-REDACTED.parquet
2026-07-27,NSE,AXISBANK,part-040550_890881-002786.parquet,ctrade1-l2-data,raw_l2/trade_date=2026-07-27/exchange=NSE/symbol=AXISBANK/part-REDACTED.parquet
2026-07-27,NSE,AXISBANK,part-040604_887998-002818.parquet,ctrade1-l2-data,raw_l2/trade_date=2026-07-27/exchange=NSE/symbol=AXISBANK/part-REDACTED.parquet
2026-07-27,NSE,AXISBANK,part-040618_896395-002850.parquet,ctrade1-l2-data,raw_l2/trade_date=2026-07-27/exchange=NSE/symbol=AXISBANK/part-REDACTED.parquet
2026-07-27,NSE,AXISBANK,part-040632_904732-002882.parquet,ctrade1-l2-data,raw_l2/trade_date=2026-07-27/exchange=NSE/symbol=AXISBANK/part-REDACTED.parquet
2026-07-27,NSE,AXISBANK,part-040646_900007-002914.parquet,ctrade1-l2-data,raw_l2/trade_date=2026-07-27/exchange=NSE/symbol=AXISBANK/part-REDACTED.parquet
2026-07-27,NSE,AXISBANK,part-040700_892977-002946.parquet,ctrade1-l2-data,raw_l2/trade_date=2026-07-27/exchange=NSE/symbol=AXISBANK/part-REDACTED.parquet
2026-07-27,NSE,AXISBANK,part-040715_149748-002978.parquet,ctrade1-l2-data,raw_l2/trade_date=2026-07-27/exchange=NSE/symbol=AXISBANK/part-REDACTED.parquet
2026-07-27,NSE,AXISBANK,part-040729_399938-003010.parquet,ctrade1-l2-data,raw_l2/trade_date=2026-07-27/exchange=NSE/symbol=AXISBANK/part-REDACTED.parquet
2026-07-27,NSE,AXISBANK,part-040743_648545-003042.parquet,ctrade1-l2-data,raw_l2/trade_date=2026-07-27/exchange=NSE/symbol=AXISBANK/part-REDACTED.parquet
2026-07-27,NSE,AXISBANK,part-040757_946644-003074.parquet,ctrade1-l2-data,raw_l2/trade_date=2026-07-27/exchange=NSE/symbol=AXISBANK/part-REDACTED.parquet
2026-07-27,NSE,AXISBANK,part-040812_394747-003106.parquet,ctrade1-l2-data,raw_l2/trade_date=2026-07-27/exchange=NSE/symbol=AXISBANK/part-REDACTED.parquet
2026-07-27,NSE,AXISBANK,part-040826_643428-003138.parquet,ctrade1-l2-data,raw_l2/trade_date=2026-07-27/exchange=NSE/symbol=AXISBANK/part-REDACTED.parquet
2026-07-27,NSE,AXISBANK,part-040840_925093-003170.parquet,ctrade1-l2-data,raw_l2/trade_date=2026-07-27/exchange=NSE/symbol=AXISBANK/part-REDACTED.parquet
2026-07-27,NSE,AXISBANK,part-040855_150619-003202.parquet,ctrade1-l2-data,raw_l2/trade_date=2026-07-27/exchange=NSE/symbol=AXISBANK/part-REDACTED.parquet
2026-07-27,NSE,AXISBANK,part-040909_396967-003234.parquet,ctrade1-l2-data,raw_l2/trade_date=2026-07-27/exchange=NSE/symbol=AXISBANK/part-REDACTED.parquet
2026-07-27,NSE,AXISBANK,part-040923_394565-003266.parquet,ctrade1-l2-data,raw_l2/trade_date=2026-07-27/exchange=NSE/symbol=AXISBANK/part-REDACTED.parquet
2026-07-27,NSE,AXISBANK,part-040937_645606-003298.parquet,ctrade1-l2-data,raw_l2/trade_date=2026-07-27/exchange=NSE/symbol=AXISBANK/part-REDACTED.parquet
2026-07-27,NSE,AXISBANK,part-040951_891369-003330.parquet,ctrade1-l2-data,raw_l2/trade_date=2026-07-27/exchange=NSE/symbol=AXISBANK/part-REDACTED.parquet
2026-07-27,NSE,AXISBANK,part-041006_149273-003362.parquet,ctrade1-l2-data,raw_l2/trade_date=2026-07-27/exchange=NSE/symbol=AXISBANK/part-REDACTED.parquet
2026-07-27,NSE,AXISBANK,part-041020_401908-003394.parquet,ctrade1-l2-data,raw_l2/trade_date=2026-07-27/exchange=NSE/symbol=AXISBANK/part-REDACTED.parquet
2026-07-27,NSE,AXISBANK,part-041034_645540-003426.parquet,ctrade1-l2-data,raw_l2/trade_date=2026-07-27/exchange=NSE/symbol=AXISBANK/part-REDACTED.parquet
2026-07-27,NSE,AXISBANK,part-041049_142115-003458.parquet,ctrade1-l2-data,raw_l2/trade_date=2026-07-27/exchange=NSE/symbol=AXISBANK/part-REDACTED.parquet
2026-07-27,NSE,AXISBANK,part-041103_156060-003490.parquet,ctrade1-l2-data,raw_l2/trade_date=2026-07-27/exchange=NSE/symbol=AXISBANK/part-REDACTED.parquet
2026-07-27,NSE,AXISBANK,part-041117_661143-003522.parquet,ctrade1-l2-data,raw_l2/trade_date=2026-07-27/exchange=NSE/symbol=AXISBANK/part-REDACTED.parquet
2026-07-27,NSE,AXISBANK,part-041131_651806-003554.parquet,ctrade1-l2-data,raw_l2/trade_date=2026-07-27/exchange=NSE/symbol=AXISBANK/part-REDACTED.parquet
2026-07-27,NSE,AXISBANK,part-041145_890491-003586.parquet,ctrade1-l2-data,raw_l2/trade_date=2026-07-27/exchange=NSE/symbol=AXISBANK/part-REDACTED.parquet
2026-07-27,NSE,AXISBANK,part-041200_144080-003618.parquet,ctrade1-l2-data,raw_l2/trade_date=2026-07-27/exchange=NSE/symbol=AXISBANK/part-REDACTED.parquet
2026-07-27,NSE,AXISBANK,part-041214_145475-003650.parquet,ctrade1-l2-data,raw_l2/trade_date=2026-07-27/exchange=NSE/symbol=AXISBANK/part-REDACTED.parquet
2026-07-27,NSE,AXISBANK,part-041228_174027-003682.parquet,ctrade1-l2-data,raw_l2/trade_date=2026-07-27/exchange=NSE/symbol=AXISBANK/part-REDACTED.parquet
2026-07-27,NSE,AXISBANK,part-041243_389776-003714.parquet,ctrade1-l2-data,raw_l2/trade_date=2026-07-27/exchange=NSE/symbol=AXISBANK/part-REDACTED.parquet
2026-07-27,NSE,AXISBANK,part-041257_395184-003746.parquet,ctrade1-l2-data,raw_l2/trade_date=2026-07-27/exchange=NSE/symbol=AXISBANK/part-REDACTED.parquet
2026-07-27,NSE,AXISBANK,part-041311_397537-003778.parquet,ctrade1-l2-data,raw_l2/trade_date=2026-07-27/exchange=NSE/symbol=AXISBANK/part-REDACTED.parquet
2026-07-27,NSE,AXISBANK,part-041325_895639-003810.parquet,ctrade1-l2-data,raw_l2/trade_date=2026-07-27/exchange=NSE/symbol=AXISBANK/part-REDACTED.parquet
2026-07-27,NSE,AXISBANK,part-041339_895184-003842.parquet,ctrade1-l2-data,raw_l2/trade_date=2026-07-27/exchange=NSE/symbol=AXISBANK/part-REDACTED.parquet
2026-07-27,NSE,AXISBANK,part-041353_905132-003874.parquet,ctrade1-l2-data,raw_l2/trade_date=2026-07-27/exchange=NSE/symbol=AXISBANK/part-REDACTED.parquet
2026-07-27,NSE,AXISBANK,part-041407_900099-003906.parquet,ctrade1-l2-data,raw_l2/trade_date=2026-07-27/exchange=NSE/symbol=AXISBANK/part-REDACTED.parquet
2026-07-27,NSE,AXISBANK,part-041421_887693-003938.parquet,ctrade1-l2-data,raw_l2/trade_date=2026-07-27/exchange=NSE/symbol=AXISBANK/part-REDACTED.parquet
2026-07-27,NSE,AXISBANK,part-041435_888667-003970.parquet,ctrade1-l2-data,raw_l2/trade_date=2026-07-27/exchange=NSE/symbol=AXISBANK/part-REDACTED.parquet
2026-07-27,NSE,AXISBANK,part-041449_894935-004002.parquet,ctrade1-l2-data,raw_l2/trade_date=2026-07-27/exchange=NSE/symbol=AXISBANK/part-REDACTED.parquet
2026-07-27,NSE,AXISBANK,part-041503_898225-004034.parquet,ctrade1-l2-data,raw_l2/trade_date=2026-07-27/exchange=NSE/symbol=AXISBANK/part-REDACTED.parquet
2026-07-27,NSE,AXISBANK,part-041517_901317-004066.parquet,ctrade1-l2-data,raw_l2/trade_date=2026-07-27/exchange=NSE/symbol=AXISBANK/part-REDACTED.parquet
2026-07-27,NSE,AXISBANK,part-041532_027765-004098.parquet,ctrade1-l2-data,raw_l2/trade_date=2026-07-27/exchange=NSE/symbol=AXISBANK/part-REDACTED.parquet
2026-07-27,NSE,AXISBANK,part-041546_670216-004130.parquet,ctrade1-l2-data,raw_l2/trade_date=2026-07-27/exchange=NSE/symbol=AXISBANK/part-REDACTED.parquet
2026-07-27,NSE,AXISBANK,part-041600_650140-004162.parquet,ctrade1-l2-data,raw_l2/trade_date=2026-07-27/exchange=NSE/symbol=AXISBANK/part-REDACTED.parquet
2026-07-27,NSE,AXISBANK,part-041614_891883-004194.parquet,ctrade1-l2-data,raw_l2/trade_date=2026-07-27/exchange=NSE/symbol=AXISBANK/part-REDACTED.parquet
2026-07-27,NSE,AXISBANK,part-041628_968967-004226.parquet,ctrade1-l2-data,raw_l2/trade_date=2026-07-27/exchange=NSE/symbol=AXISBANK/part-REDACTED.parquet
2026-07-27,NSE,AXISBANK,part-041645_639178-004258.parquet,ctrade1-l2-data,raw_l2/trade_date=2026-07-27/exchange=NSE/symbol=AXISBANK/part-REDACTED.parquet
2026-07-27,NSE,AXISBANK,part-041659_644094-004290.parquet,ctrade1-l2-data,raw_l2/trade_date=2026-07-27/exchange=NSE/symbol=AXISBANK/part-REDACTED.parquet
2026-07-27,NSE,AXISBANK,part-041713_649464-004322.parquet,ctrade1-l2-data,raw_l2/trade_date=2026-07-27/exchange=NSE/symbol=AXISBANK/part-REDACTED.parquet
2026-07-27,NSE,AXISBANK,part-041727_909297-004354.parquet,ctrade1-l2-data,raw_l2/trade_date=2026-07-27/exchange=NSE/symbol=AXISBANK/part-REDACTED.parquet
2026-07-27,NSE,AXISBANK,part-041742_390991-004386.parquet,ctrade1-l2-data,raw_l2/trade_date=2026-07-27/exchange=NSE/symbol=AXISBANK/part-REDACTED.parquet
2026-07-27,NSE,AXISBANK,part-041756_656502-004418.parquet,ctrade1-l2-data,raw_l2/trade_date=2026-07-27/exchange=NSE/symbol=AXISBANK/part-REDACTED.parquet
2026-07-27,NSE,AXISBANK,part-041811_139479-004450.parquet,ctrade1-l2-data,raw_l2/trade_date=2026-07-27/exchange=NSE/symbol=AXISBANK/part-REDACTED.parquet
2026-07-27,NSE,AXISBANK,part-041825_146583-004482.parquet,ctrade1-l2-data,raw_l2/trade_date=2026-07-27/exchange=NSE/symbol=AXISBANK/part-REDACTED.parquet
2026-07-27,NSE,AXISBANK,part-041839_400324-004514.parquet,ctrade1-l2-data,raw_l2/trade_date=2026-07-27/exchange=NSE/symbol=AXISBANK/part-REDACTED.parquet
2026-07-27,NSE,AXISBANK,part-041853_398167-004546.parquet,ctrade1-l2-data,raw_l2/trade_date=2026-07-27/exchange=NSE/symbol=AXISBANK/part-REDACTED.parquet
2026-07-27,NSE,AXISBANK,part-041907_392568-004578.parquet,ctrade1-l2-data,raw_l2/trade_date=2026-07-27/exchange=NSE/symbol=AXISBANK/part-REDACTED.parquet
2026-07-27,NSE,AXISBANK,part-041921_400759-004610.parquet,ctrade1-l2-data,raw_l2/trade_date=2026-07-27/exchange=NSE/symbol=AXISBANK/part-REDACTED.parquet
2026-07-27,NSE,AXISBANK,part-041935_392607-004642.parquet,ctrade1-l2-data,raw_l2/trade_date=2026-07-27/exchange=NSE/symbol=AXISBANK/part-REDACTED.parquet
2026-07-27,NSE,AXISBANK,part-041949_392305-004674.parquet,ctrade1-l2-data,raw_l2/trade_date=2026-07-27/exchange=NSE/symbol=AXISBANK/part-REDACTED.parquet
2026-07-27,NSE,AXISBANK,part-042003_650344-004706.parquet,ctrade1-l2-data,raw_l2/trade_date=2026-07-27/exchange=NSE/symbol=AXISBANK/part-REDACTED.parquet
2026-07-27,NSE,AXISBANK,part-042017_661070-004738.parquet,ctrade1-l2-data,raw_l2/trade_date=2026-07-27/exchange=NSE/symbol=AXISBANK/part-REDACTED.parquet
2026-07-27,NSE,AXISBANK,part-042031_905800-004770.parquet,ctrade1-l2-data,raw_l2/trade_date=2026-07-27/exchange=NSE/symbol=AXISBANK/part-REDACTED.parquet
2026-07-27,NSE,AXISBANK,part-042045_902782-004802.parquet,ctrade1-l2-data,raw_l2/trade_date=2026-07-27/exchange=NSE/symbol=AXISBANK/part-REDACTED.parquet
2026-07-27,NSE,AXISBANK,part-042059_905907-004834.parquet,ctrade1-l2-data,raw_l2/trade_date=2026-07-27/exchange=NSE/symbol=AXISBANK/part-REDACTED.parquet
2026-07-27,NSE,AXISBANK,part-042113_997120-004866.parquet,ctrade1-l2-data,raw_l2/trade_date=2026-07-27/exchange=NSE/symbol=AXISBANK/part-REDACTED.parquet
2026-07-27,NSE,AXISBANK,part-042128_404365-004898.parquet,ctrade1-l2-data,raw_l2/trade_date=2026-07-27/exchange=NSE/symbol=AXISBANK/part-REDACTED.parquet
2026-07-27,NSE,AXISBANK,part-042142_651250-004930.parquet,ctrade1-l2-data,raw_l2/trade_date=2026-07-27/exchange=NSE/symbol=AXISBANK/part-REDACTED.parquet
2026-07-27,NSE,AXISBANK,part-042156_925033-004962.parquet,ctrade1-l2-data,raw_l2/trade_date=2026-07-27/exchange=NSE/symbol=AXISBANK/part-REDACTED.parquet
2026-07-27,NSE,AXISBANK,part-042211_659547-004994.parquet,ctrade1-l2-data,raw_l2/trade_date=2026-07-27/exchange=NSE/symbol=AXISBANK/part-REDACTED.parquet
2026-07-27,NSE,AXISBANK,part-042225_905617-005026.parquet,ctrade1-l2-data,raw_l2/trade_date=2026-07-27/exchange=NSE/symbol=AXISBANK/part-REDACTED.parquet
2026-07-27,NSE,AXISBANK,part-042240_167353-005058.parquet,ctrade1-l2-data,raw_l2/trade_date=2026-07-27/exchange=NSE/symbol=AXISBANK/part-REDACTED.parquet
2026-07-27,NSE,AXISBANK,part-042254_656218-005090.parquet,ctrade1-l2-data,raw_l2/trade_date=2026-07-27/exchange=NSE/symbol=AXISBANK/part-REDACTED.parquet
2026-07-27,NSE,AXISBANK,part-042308_901723-005122.parquet,ctrade1-l2-data,raw_l2/trade_date=2026-07-27/exchange=NSE/symbol=AXISBANK/part-REDACTED.parquet
2026-07-27,NSE,AXISBANK,part-042323_150332-005154.parquet,ctrade1-l2-data,raw_l2/trade_date=2026-07-27/exchange=NSE/symbol=AXISBANK/part-REDACTED.parquet
2026-07-27,NSE,AXISBANK,part-042337_670203-005186.parquet,ctrade1-l2-data,raw_l2/trade_date=2026-07-27/exchange=NSE/symbol=AXISBANK/part-REDACTED.parquet
2026-07-27,NSE,AXISBANK,part-042351_914413-005218.parquet,ctrade1-l2-data,raw_l2/trade_date=2026-07-27/exchange=NSE/symbol=AXISBANK/part-REDACTED.parquet
2026-07-27,NSE,AXISBANK,part-042406_411638-005250.parquet,ctrade1-l2-data,raw_l2/trade_date=2026-07-27/exchange=NSE/symbol=AXISBANK/part-REDACTED.parquet
2026-07-27,NSE,AXISBANK,part-042420_914919-005282.parquet,ctrade1-l2-data,raw_l2/trade_date=2026-07-27/exchange=NSE/symbol=AXISBANK/part-REDACTED.parquet
2026-07-27,NSE,AXISBANK,part-042435_174426-005314.parquet,ctrade1-l2-data,raw_l2/trade_date=2026-07-27/exchange=NSE/symbol=AXISBANK/part-REDACTED.parquet
2026-07-27,NSE,AXISBANK,part-042449_650164-005346.parquet,ctrade1-l2-data,raw_l2/trade_date=2026-07-27/exchange=NSE/symbol=AXISBANK/part-REDACTED.parquet
2026-07-27,NSE,AXISBANK,part-042503_908245-005378.parquet,ctrade1-l2-data,raw_l2/trade_date=2026-07-27/exchange=NSE/symbol=AXISBANK/part-REDACTED.parquet
2026-07-27,NSE,AXISBANK,part-042518_147056-005410.parquet,ctrade1-l2-data,raw_l2/trade_date=2026-07-27/exchange=NSE/symbol=AXISBANK/part-REDACTED.parquet
2026-07-27,NSE,AXISBANK,part-042532_406902-005442.parquet,ctrade1-l2-data,raw_l2/trade_date=2026-07-27/exchange=NSE/symbol=AXISBANK/part-REDACTED.parquet
2026-07-27,NSE,AXISBANK,part-042546_898135-005474.parquet,ctrade1-l2-data,raw_l2/trade_date=2026-07-27/exchange=NSE/symbol=AXISBANK/part-REDACTED.parquet
2026-07-27,NSE,AXISBANK,part-042601_410237-005506.parquet,ctrade1-l2-data,raw_l2/trade_date=2026-07-27/exchange=NSE/symbol=AXISBANK/part-REDACTED.parquet
2026-07-27,NSE,AXISBANK,part-042616_166910-005538.parquet,ctrade1-l2-data,raw_l2/trade_date=2026-07-27/exchange=NSE/symbol=AXISBANK/part-REDACTED.parquet
2026-07-27,NSE,AXISBANK,part-042630_394255-005570.parquet,ctrade1-l2-data,raw_l2/trade_date=2026-07-27/exchange=NSE/symbol=AXISBANK/part-REDACTED.parquet
2026-07-27,NSE,AXISBANK,part-042644_679067-005602.parquet,ctrade1-l2-data,raw_l2/trade_date=2026-07-27/exchange=NSE/symbol=AXISBANK/part-REDACTED.parquet
2026-07-27,NSE,AXISBANK,part-042659_408899-005634.parquet,ctrade1-l2-data,raw_l2/trade_date=2026-07-27/exchange=NSE/symbol=AXISBANK/part-REDACTED.parquet
2026-07-27,NSE,BAJAJ-AUTO,part-034501_158328-000003.parquet,ctrade1-l2-data,raw_l2/trade_date=2026-07-27/exchange=NSE/symbol=BAJAJ-AUTO/part-REDACTED.parquet
2026-07-27,NSE,BAJAJ-AUTO,part-034516_045475-000035.parquet,ctrade1-l2-data,raw_l2/trade_date=2026-07-27/exchange=NSE/symbol=BAJAJ-AUTO/part-REDACTED.parquet
2026-07-27,NSE,BAJAJ-AUTO,part-034530_525295-000067.parquet,ctrade1-l2-data,raw_l2/trade_date=2026-07-27/exchange=NSE/symbol=BAJAJ-AUTO/part-REDACTED.parquet
2026-07-27,NSE,BAJAJ-AUTO,part-034544_755504-000099.parquet,ctrade1-l2-data,raw_l2/trade_date=2026-07-27/exchange=NSE/symbol=BAJAJ-AUTO/part-REDACTED.parquet
2026-07-27,NSE,BAJAJ-AUTO,part-034558_802590-000131.parquet,ctrade1-l2-data,raw_l2/trade_date=2026-07-27/exchange=NSE/symbol=BAJAJ-AUTO/part-REDACTED.parquet
2026-07-27,NSE,BAJAJ-AUTO,part-034613_048744-000163.parquet,ctrade1-l2-data,raw_l2/trade_date=2026-07-27/exchange=NSE/symbol=BAJAJ-AUTO/part-REDACTED.parquet
2026-07-27,NSE,BAJAJ-AUTO,part-034627_518405-000195.parquet,ctrade1-l2-data,raw_l2/trade_date=2026-07-27/exchange=NSE/symbol=BAJAJ-AUTO/part-REDACTED.parquet
2026-07-27,NSE,BAJAJ-AUTO,part-034641_807320-000227.parquet,ctrade1-l2-data,raw_l2/trade_date=2026-07-27/exchange=NSE/symbol=BAJAJ-AUTO/part-REDACTED.parquet
2026-07-27,NSE,BAJAJ-AUTO,part-034656_261966-000259.parquet,ctrade1-l2-data,raw_l2/trade_date=2026-07-27/exchange=NSE/symbol=BAJAJ-AUTO/part-REDACTED.parquet
2026-07-27,NSE,BAJAJ-AUTO,part-034710_265631-000291.parquet,ctrade1-l2-data,raw_l2/trade_date=2026-07-27/exchange=NSE/symbol=BAJAJ-AUTO/part-REDACTED.parquet
2026-07-27,NSE,BAJAJ-AUTO,part-034724_268848-000323.parquet,ctrade1-l2-data,raw_l2/trade_date=2026-07-27/exchange=NSE/symbol=BAJAJ-AUTO/part-REDACTED.parquet
2026-07-27,NSE,BAJAJ-AUTO,part-034738_509304-000355.parquet,ctrade1-l2-data,raw_l2/trade_date=2026-07-27/exchange=NSE/symbol=BAJAJ-AUTO/part-REDACTED.parquet
2026-07-27,NSE,BAJAJ-AUTO,part-034752_559163-000387.parquet,ctrade1-l2-data,raw_l2/trade_date=2026-07-27/exchange=NSE/symbol=BAJAJ-AUTO/part-REDACTED.parquet
2026-07-27,NSE,BAJAJ-AUTO,part-034806_777102-000419.parquet,ctrade1-l2-data,raw_l2/trade_date=2026-07-27/exchange=NSE/symbol=BAJAJ-AUTO/part-REDACTED.parquet
2026-07-27,NSE,BAJAJ-AUTO,part-034821_283632-000451.parquet,ctrade1-l2-data,raw_l2/trade_date=2026-07-27/exchange=NSE/symbol=BAJAJ-AUTO/part-REDACTED.parquet
2026-07-27,NSE,BAJAJ-AUTO,part-034835_786832-000483.parquet,ctrade1-l2-data,raw_l2/trade_date=2026-07-27/exchange=NSE/symbol=BAJAJ-AUTO/part-REDACTED.parquet
2026-07-27,NSE,BAJAJ-AUTO,part-034850_042310-000515.parquet,ctrade1-l2-data,raw_l2/trade_date=2026-07-27/exchange=NSE/symbol=BAJAJ-AUTO/part-REDACTED.parquet
2026-07-27,NSE,BAJAJ-AUTO,part-034904_521672-000547.parquet,ctrade1-l2-data,raw_l2/trade_date=2026-07-27/exchange=NSE/symbol=BAJAJ-AUTO/part-REDACTED.parquet
2026-07-27,NSE,BAJAJ-AUTO,part-034919_010413-000579.parquet,ctrade1-l2-data,raw_l2/trade_date=2026-07-27/exchange=NSE/symbol=BAJAJ-AUTO/part-REDACTED.parquet
2026-07-27,NSE,BAJAJ-AUTO,part-034933_308007-000611.parquet,ctrade1-l2-data,raw_l2/trade_date=2026-07-27/exchange=NSE/symbol=BAJAJ-AUTO/part-REDACTED.parquet
2026-07-27,NSE,BAJAJ-AUTO,part-034947_815219-000643.parquet,ctrade1-l2-data,raw_l2/trade_date=2026-07-27/exchange=NSE/symbol=BAJAJ-AUTO/part-REDACTED.parquet
2026-07-27,NSE,BAJAJ-AUTO,part-035002_522793-000675.parquet,ctrade1-l2-data,raw_l2/trade_date=2026-07-27/exchange=NSE/symbol=BAJAJ-AUTO/part-REDACTED.parquet
2026-07-27,NSE,BAJAJ-AUTO,part-035016_769269-000707.parquet,ctrade1-l2-data,raw_l2/trade_date=2026-07-27/exchange=NSE/symbol=BAJAJ-AUTO/part-REDACTED.parquet
2026-07-27,NSE,BAJAJ-AUTO,part-035030_773287-000739.parquet,ctrade1-l2-data,raw_l2/trade_date=2026-07-27/exchange=NSE/symbol=BAJAJ-AUTO/part-REDACTED.parquet
2026-07-27,NSE,BAJAJ-AUTO,part-035045_066152-000771.parquet,ctrade1-l2-data,raw_l2/trade_date=2026-07-27/exchange=NSE/symbol=BAJAJ-AUTO/part-REDACTED.parquet
2026-07-27,NSE,BAJAJ-AUTO,part-035059_258426-000803.parquet,ctrade1-l2-data,raw_l2/trade_date=2026-07-27/exchange=NSE/symbol=BAJAJ-AUTO/part-REDACTED.parquet
2026-07-27,NSE,BAJAJ-AUTO,part-035113_539550-000835.parquet,ctrade1-l2-data,raw_l2/trade_date=2026-07-27/exchange=NSE/symbol=BAJAJ-AUTO/part-REDACTED.parquet
2026-07-27,NSE,BAJAJ-AUTO,part-035128_015526-000867.parquet,ctrade1-l2-data,raw_l2/trade_date=2026-07-27/exchange=NSE/symbol=BAJAJ-AUTO/part-REDACTED.parquet
2026-07-27,NSE,BAJAJ-AUTO,part-035142_255532-000899.parquet,ctrade1-l2-data,raw_l2/trade_date=2026-07-27/exchange=NSE/symbol=BAJAJ-AUTO/part-REDACTED.parquet
2026-07-27,NSE,BAJAJ-AUTO,part-035156_275572-000931.parquet,ctrade1-l2-data,raw_l2/trade_date=2026-07-27/exchange=NSE/symbol=BAJAJ-AUTO/part-REDACTED.parquet
2026-07-27,NSE,BAJAJ-AUTO,part-035210_547032-000963.parquet,ctrade1-l2-data,raw_l2/trade_date=2026-07-27/exchange=NSE/symbol=BAJAJ-AUTO/part-REDACTED.parquet
2026-07-27,NSE,BAJAJ-AUTO,part-035224_771004-000995.parquet,ctrade1-l2-data,raw_l2/trade_date=2026-07-27/exchange=NSE/symbol=BAJAJ-AUTO/part-REDACTED.parquet
2026-07-27,NSE,BAJAJ-AUTO,part-035239_008124-001027.parquet,ctrade1-l2-data,raw_l2/trade_date=2026-07-27/exchange=NSE/symbol=BAJAJ-AUTO/part-REDACTED.parquet
2026-07-27,NSE,BAJAJ-AUTO,part-035253_274669-001059.parquet,ctrade1-l2-data,raw_l2/trade_date=2026-07-27/exchange=NSE/symbol=BAJAJ-AUTO/part-REDACTED.parquet
2026-07-27,NSE,BAJAJ-AUTO,part-035307_528258-001091.parquet,ctrade1-l2-data,raw_l2/trade_date=2026-07-27/exchange=NSE/symbol=BAJAJ-AUTO/part-REDACTED.parquet
2026-07-27,NSE,BAJAJ-AUTO,part-035321_780625-001123.parquet,ctrade1-l2-data,raw_l2/trade_date=2026-07-27/exchange=NSE/symbol=BAJAJ-AUTO/part-REDACTED.parquet
2026-07-27,NSE,BAJAJ-AUTO,part-035336_298610-001155.parquet,ctrade1-l2-data,raw_l2/trade_date=2026-07-27/exchange=NSE/symbol=BAJAJ-AUTO/part-REDACTED.parquet
2026-07-27,NSE,BAJAJ-AUTO,part-035350_781776-001187.parquet,ctrade1-l2-data,raw_l2/trade_date=2026-07-27/exchange=NSE/symbol=BAJAJ-AUTO/part-REDACTED.parquet
2026-07-27,NSE,BAJAJ-AUTO,part-035405_061104-001219.parquet,ctrade1-l2-data,raw_l2/trade_date=2026-07-27/exchange=NSE/symbol=BAJAJ-AUTO/part-REDACTED.parquet
2026-07-27,NSE,BAJAJ-AUTO,part-035419_270410-001251.parquet,ctrade1-l2-data,raw_l2/trade_date=2026-07-27/exchange=NSE/symbol=BAJAJ-AUTO/part-REDACTED.parquet
2026-07-27,NSE,BAJAJ-AUTO,part-035433_277397-001283.parquet,ctrade1-l2-data,raw_l2/trade_date=2026-07-27/exchange=NSE/symbol=BAJAJ-AUTO/part-REDACTED.parquet
2026-07-27,NSE,BAJAJ-AUTO,part-035447_628552-001315.parquet,ctrade1-l2-data,raw_l2/trade_date=2026-07-27/exchange=NSE/symbol=BAJAJ-AUTO/part-REDACTED.parquet
2026-07-27,NSE,BAJAJ-AUTO,part-035502_765374-001347.parquet,ctrade1-l2-data,raw_l2/trade_date=2026-07-27/exchange=NSE/symbol=BAJAJ-AUTO/part-REDACTED.parquet
2026-07-27,NSE,BAJAJ-AUTO,part-035517_193869-001379.parquet,ctrade1-l2-data,raw_l2/trade_date=2026-07-27/exchange=NSE/symbol=BAJAJ-AUTO/part-REDACTED.parquet
2026-07-27,NSE,BAJAJ-AUTO,part-035531_517476-001411.parquet,ctrade1-l2-data,raw_l2/trade_date=2026-07-27/exchange=NSE/symbol=BAJAJ-AUTO/part-REDACTED.parquet
2026-07-27,NSE,BAJAJ-AUTO,part-035546_021567-001443.parquet,ctrade1-l2-data,raw_l2/trade_date=2026-07-27/exchange=NSE/symbol=BAJAJ-AUTO/part-REDACTED.parquet
2026-07-27,NSE,BAJAJ-AUTO,part-035600_058401-001475.parquet,ctrade1-l2-data,raw_l2/trade_date=2026-07-27/exchange=NSE/symbol=BAJAJ-AUTO/part-REDACTED.parquet
2026-07-27,NSE,BAJAJ-AUTO,part-035615_007404-001507.parquet,ctrade1-l2-data,raw_l2/trade_date=2026-07-27/exchange=NSE/symbol=BAJAJ-AUTO/part-REDACTED.parquet
2026-07-27,NSE,BAJAJ-AUTO,part-035629_328934-001539.parquet,ctrade1-l2-data,raw_l2/trade_date=2026-07-27/exchange=NSE/symbol=BAJAJ-AUTO/part-REDACTED.parquet
2026-07-27,NSE,BAJAJ-AUTO,part-035643_763247-001571.parquet,ctrade1-l2-data,raw_l2/trade_date=2026-07-27/exchange=NSE/symbol=BAJAJ-AUTO/part-REDACTED.parquet
2026-07-27,NSE,BAJAJ-AUTO,part-035658_026807-001603.parquet,ctrade1-l2-data,raw_l2/trade_date=2026-07-27/exchange=NSE/symbol=BAJAJ-AUTO/part-REDACTED.parquet
2026-07-27,NSE,BAJAJ-AUTO,part-035712_295167-001635.parquet,ctrade1-l2-data,raw_l2/trade_date=2026-07-27/exchange=NSE/symbol=BAJAJ-AUTO/part-REDACTED.parquet
2026-07-27,NSE,BAJAJ-AUTO,part-035726_719916-001667.parquet,ctrade1-l2-data,raw_l2/trade_date=2026-07-27/exchange=NSE/symbol=BAJAJ-AUTO/part-REDACTED.parquet
2026-07-27,NSE,BAJAJ-AUTO,part-035741_038813-001699.parquet,ctrade1-l2-data,raw_l2/trade_date=2026-07-27/exchange=NSE/symbol=BAJAJ-AUTO/part-REDACTED.parquet
2026-07-27,NSE,BAJAJ-AUTO,part-035755_320509-001731.parquet,ctrade1-l2-data,raw_l2/trade_date=2026-07-27/exchange=NSE/symbol=BAJAJ-AUTO/part-REDACTED.parquet
2026-07-27,NSE,BAJAJ-AUTO,part-035809_541523-001763.parquet,ctrade1-l2-data,raw_l2/trade_date=2026-07-27/exchange=NSE/symbol=BAJAJ-AUTO/part-REDACTED.parquet
2026-07-27,NSE,BAJAJ-AUTO,part-035824_024973-001795.parquet,ctrade1-l2-data,raw_l2/trade_date=2026-07-27/exchange=NSE/symbol=BAJAJ-AUTO/part-REDACTED.parquet
2026-07-27,NSE,BAJAJ-AUTO,part-035838_292780-001827.parquet,ctrade1-l2-data,raw_l2/trade_date=2026-07-27/exchange=NSE/symbol=BAJAJ-AUTO/part-REDACTED.parquet
2026-07-27,NSE,BAJAJ-AUTO,part-035852_782068-001859.parquet,ctrade1-l2-data,raw_l2/trade_date=2026-07-27/exchange=NSE/symbol=BAJAJ-AUTO/part-REDACTED.parquet
2026-07-27,NSE,BAJAJ-AUTO,part-035907_018334-001891.parquet,ctrade1-l2-data,raw_l2/trade_date=2026-07-27/exchange=NSE/symbol=BAJAJ-AUTO/part-REDACTED.parquet
2026-07-27,NSE,BAJAJ-AUTO,part-035921_524235-001923.parquet,ctrade1-l2-data,raw_l2/trade_date=2026-07-27/exchange=NSE/symbol=BAJAJ-AUTO/part-REDACTED.parquet
2026-07-27,NSE,BAJAJ-AUTO,part-035936_040055-001955.parquet,ctrade1-l2-data,raw_l2/trade_date=2026-07-27/exchange=NSE/symbol=BAJAJ-AUTO/part-REDACTED.parquet
2026-07-27,NSE,BAJAJ-AUTO,part-035950_276519-001987.parquet,ctrade1-l2-data,raw_l2/trade_date=2026-07-27/exchange=NSE/symbol=BAJAJ-AUTO/part-REDACTED.parquet
2026-07-27,NSE,BAJAJ-AUTO,part-040004_769315-002019.parquet,ctrade1-l2-data,raw_l2/trade_date=2026-07-27/exchange=NSE/symbol=BAJAJ-AUTO/part-REDACTED.parquet
2026-07-27,NSE,BAJAJ-AUTO,part-040019_279918-002051.parquet,ctrade1-l2-data,raw_l2/trade_date=2026-07-27/exchange=NSE/symbol=BAJAJ-AUTO/part-REDACTED.parquet
2026-07-27,NSE,BAJAJ-AUTO,part-040033_592068-002083.parquet,ctrade1-l2-data,raw_l2/trade_date=2026-07-27/exchange=NSE/symbol=BAJAJ-AUTO/part-REDACTED.parquet
2026-07-27,NSE,BAJAJ-AUTO,part-040047_790540-002115.parquet,ctrade1-l2-data,raw_l2/trade_date=2026-07-27/exchange=NSE/symbol=BAJAJ-AUTO/part-REDACTED.parquet
2026-07-27,NSE,BAJAJ-AUTO,part-040102_304524-002147.parquet,ctrade1-l2-data,raw_l2/trade_date=2026-07-27/exchange=NSE/symbol=BAJAJ-AUTO/part-REDACTED.parquet
2026-07-27,NSE,BAJAJ-AUTO,part-040116_810247-002179.parquet,ctrade1-l2-data,raw_l2/trade_date=2026-07-27/exchange=NSE/symbol=BAJAJ-AUTO/part-REDACTED.parquet
2026-07-27,NSE,BAJAJ-AUTO,part-040131_031071-002211.parquet,ctrade1-l2-data,raw_l2/trade_date=2026-07-27/exchange=NSE/symbol=BAJAJ-AUTO/part-REDACTED.parquet
2026-07-27,NSE,BAJAJ-AUTO,part-040145_801715-002243.parquet,ctrade1-l2-data,raw_l2/trade_date=2026-07-27/exchange=NSE/symbol=BAJAJ-AUTO/part-REDACTED.parquet
2026-07-27,NSE,BAJAJ-AUTO,part-040200_061155-002275.parquet,ctrade1-l2-data,raw_l2/trade_date=2026-07-27/exchange=NSE/symbol=BAJAJ-AUTO/part-REDACTED.parquet
2026-07-27,NSE,BAJAJ-AUTO,part-040214_518663-002307.parquet,ctrade1-l2-data,raw_l2/trade_date=2026-07-27/exchange=NSE/symbol=BAJAJ-AUTO/part-REDACTED.parquet
2026-07-27,NSE,BAJAJ-AUTO,part-040229_072074-002339.parquet,ctrade1-l2-data,raw_l2/trade_date=2026-07-27/exchange=NSE/symbol=BAJAJ-AUTO/part-REDACTED.parquet
2026-07-27,NSE,BAJAJ-AUTO,part-040243_759946-002371.parquet,ctrade1-l2-data,raw_l2/trade_date=2026-07-27/exchange=NSE/symbol=BAJAJ-AUTO/part-REDACTED.parquet
2026-07-27,NSE,BAJAJ-AUTO,part-040258_301976-002403.parquet,ctrade1-l2-data,raw_l2/trade_date=2026-07-27/exchange=NSE/symbol=BAJAJ-AUTO/part-REDACTED.parquet
2026-07-27,NSE,BAJAJ-AUTO,part-040313_007322-002435.parquet,ctrade1-l2-data,raw_l2/trade_date=2026-07-27/exchange=NSE/symbol=BAJAJ-AUTO/part-REDACTED.parquet
2026-07-27,NSE,BAJAJ-AUTO,part-040327_279365-002467.parquet,ctrade1-l2-data,raw_l2/trade_date=2026-07-27/exchange=NSE/symbol=BAJAJ-AUTO/part-REDACTED.parquet
2026-07-27,NSE,BAJAJ-AUTO,part-040341_752865-002499.parquet,ctrade1-l2-data,raw_l2/trade_date=2026-07-27/exchange=NSE/symbol=BAJAJ-AUTO/part-REDACTED.parquet
2026-07-27,NSE,BAJAJ-AUTO,part-040356_069004-002531.parquet,ctrade1-l2-data,raw_l2/trade_date=2026-07-27/exchange=NSE/symbol=BAJAJ-AUTO/part-REDACTED.parquet
2026-07-27,NSE,BAJAJ-AUTO,part-040410_788446-002563.parquet,ctrade1-l2-data,raw_l2/trade_date=2026-07-27/exchange=NSE/symbol=BAJAJ-AUTO/part-REDACTED.parquet
2026-07-27,NSE,BAJAJ-AUTO,part-040425_315719-002595.parquet,ctrade1-l2-data,raw_l2/trade_date=2026-07-27/exchange=NSE/symbol=BAJAJ-AUTO/part-REDACTED.parquet
2026-07-27,NSE,BAJAJ-AUTO,part-040439_551190-002627.parquet,ctrade1-l2-data,raw_l2/trade_date=2026-07-27/exchange=NSE/symbol=BAJAJ-AUTO/part-REDACTED.parquet
2026-07-27,NSE,BAJAJ-AUTO,part-040454_035824-002659.parquet,ctrade1-l2-data,raw_l2/trade_date=2026-07-27/exchange=NSE/symbol=BAJAJ-AUTO/part-REDACTED.parquet
2026-07-27,NSE,BAJAJ-AUTO,part-040508_311064-002691.parquet,ctrade1-l2-data,raw_l2/trade_date=2026-07-27/exchange=NSE/symbol=BAJAJ-AUTO/part-REDACTED.parquet
2026-07-27,NSE,BAJAJ-AUTO,part-040522_756917-002723.parquet,ctrade1-l2-data,raw_l2/trade_date=2026-07-27/exchange=NSE/symbol=BAJAJ-AUTO/part-REDACTED.parquet
2026-07-27,NSE,BAJAJ-AUTO,part-040536_754767-002755.parquet,ctrade1-l2-data,raw_l2/trade_date=2026-07-27/exchange=NSE/symbol=BAJAJ-AUTO/part-REDACTED.parquet
2026-07-27,NSE,BAJAJ-AUTO,part-040551_002626-002787.parquet,ctrade1-l2-data,raw_l2/trade_date=2026-07-27/exchange=NSE/symbol=BAJAJ-AUTO/part-REDACTED.parquet
2026-07-27,NSE,BAJAJ-AUTO,part-040605_004615-002819.parquet,ctrade1-l2-data,raw_l2/trade_date=2026-07-27/exchange=NSE/symbol=BAJAJ-AUTO/part-REDACTED.parquet
2026-07-27,NSE,BAJAJ-AUTO,part-040619_016061-002851.parquet,ctrade1-l2-data,raw_l2/trade_date=2026-07-27/exchange=NSE/symbol=BAJAJ-AUTO/part-REDACTED.parquet
2026-07-27,NSE,BAJAJ-AUTO,part-040633_029057-002883.parquet,ctrade1-l2-data,raw_l2/trade_date=2026-07-27/exchange=NSE/symbol=BAJAJ-AUTO/part-REDACTED.parquet
2026-07-27,NSE,BAJAJ-AUTO,part-040647_034740-002915.parquet,ctrade1-l2-data,raw_l2/trade_date=2026-07-27/exchange=NSE/symbol=BAJAJ-AUTO/part-REDACTED.parquet
2026-07-27,NSE,BAJAJ-AUTO,part-040701_005399-002947.parquet,ctrade1-l2-data,raw_l2/trade_date=2026-07-27/exchange=NSE/symbol=BAJAJ-AUTO/part-REDACTED.parquet
2026-07-27,NSE,BAJAJ-AUTO,part-040715_266602-002979.parquet,ctrade1-l2-data,raw_l2/trade_date=2026-07-27/exchange=NSE/symbol=BAJAJ-AUTO/part-REDACTED.parquet
2026-07-27,NSE,BAJAJ-AUTO,part-040729_520414-003011.parquet,ctrade1-l2-data,raw_l2/trade_date=2026-07-27/exchange=NSE/symbol=BAJAJ-AUTO/part-REDACTED.parquet
2026-07-27,NSE,BAJAJ-AUTO,part-040743_765128-003043.parquet,ctrade1-l2-data,raw_l2/trade_date=2026-07-27/exchange=NSE/symbol=BAJAJ-AUTO/part-REDACTED.parquet
2026-07-27,NSE,BAJAJ-AUTO,part-040758_057007-003075.parquet,ctrade1-l2-data,raw_l2/trade_date=2026-07-27/exchange=NSE/symbol=BAJAJ-AUTO/part-REDACTED.parquet
2026-07-27,NSE,BAJAJ-AUTO,part-040812_511601-003107.parquet,ctrade1-l2-data,raw_l2/trade_date=2026-07-27/exchange=NSE/symbol=BAJAJ-AUTO/part-REDACTED.parquet
2026-07-27,NSE,BAJAJ-AUTO,part-040826_763727-003139.parquet,ctrade1-l2-data,raw_l2/trade_date=2026-07-27/exchange=NSE/symbol=BAJAJ-AUTO/part-REDACTED.parquet
2026-07-27,NSE,BAJAJ-AUTO,part-040841_040438-003171.parquet,ctrade1-l2-data,raw_l2/trade_date=2026-07-27/exchange=NSE/symbol=BAJAJ-AUTO/part-REDACTED.parquet
2026-07-27,NSE,BAJAJ-AUTO,part-040855_297163-003203.parquet,ctrade1-l2-data,raw_l2/trade_date=2026-07-27/exchange=NSE/symbol=BAJAJ-AUTO/part-REDACTED.parquet
2026-07-27,NSE,BAJAJ-AUTO,part-040909_516541-003235.parquet,ctrade1-l2-data,raw_l2/trade_date=2026-07-27/exchange=NSE/symbol=BAJAJ-AUTO/part-REDACTED.parquet
2026-07-27,NSE,BAJAJ-AUTO,part-040923_514985-003267.parquet,ctrade1-l2-data,raw_l2/trade_date=2026-07-27/exchange=NSE/symbol=BAJAJ-AUTO/part-REDACTED.parquet
2026-07-27,NSE,BAJAJ-AUTO,part-040937_784956-003299.parquet,ctrade1-l2-data,raw_l2/trade_date=2026-07-27/exchange=NSE/symbol=BAJAJ-AUTO/part-REDACTED.parquet
2026-07-27,NSE,BAJAJ-AUTO,part-040952_010208-003331.parquet,ctrade1-l2-data,raw_l2/trade_date=2026-07-27/exchange=NSE/symbol=BAJAJ-AUTO/part-REDACTED.parquet
2026-07-27,NSE,BAJAJ-AUTO,part-041006_298884-003363.parquet,ctrade1-l2-data,raw_l2/trade_date=2026-07-27/exchange=NSE/symbol=BAJAJ-AUTO/part-REDACTED.parquet
2026-07-27,NSE,BAJAJ-AUTO,part-041020_521927-003395.parquet,ctrade1-l2-data,raw_l2/trade_date=2026-07-27/exchange=NSE/symbol=BAJAJ-AUTO/part-REDACTED.parquet
2026-07-27,NSE,BAJAJ-AUTO,part-041034_757767-003427.parquet,ctrade1-l2-data,raw_l2/trade_date=2026-07-27/exchange=NSE/symbol=BAJAJ-AUTO/part-REDACTED.parquet
2026-07-27,NSE,BAJAJ-AUTO,part-041049_257553-003459.parquet,ctrade1-l2-data,raw_l2/trade_date=2026-07-27/exchange=NSE/symbol=BAJAJ-AUTO/part-REDACTED.parquet
2026-07-27,NSE,BAJAJ-AUTO,part-041103_289845-003491.parquet,ctrade1-l2-data,raw_l2/trade_date=2026-07-27/exchange=NSE/symbol=BAJAJ-AUTO/part-REDACTED.parquet
2026-07-27,NSE,BAJAJ-AUTO,part-041117_801056-003523.parquet,ctrade1-l2-data,raw_l2/trade_date=2026-07-27/exchange=NSE/symbol=BAJAJ-AUTO/part-REDACTED.parquet
2026-07-27,NSE,BAJAJ-AUTO,part-041131_773047-003555.parquet,ctrade1-l2-data,raw_l2/trade_date=2026-07-27/exchange=NSE/symbol=BAJAJ-AUTO/part-REDACTED.parquet
2026-07-27,NSE,BAJAJ-AUTO,part-041146_028171-003587.parquet,ctrade1-l2-data,raw_l2/trade_date=2026-07-27/exchange=NSE/symbol=BAJAJ-AUTO/part-REDACTED.parquet
2026-07-27,NSE,BAJAJ-AUTO,part-041200_257670-003619.parquet,ctrade1-l2-data,raw_l2/trade_date=2026-07-27/exchange=NSE/symbol=BAJAJ-AUTO/part-REDACTED.parquet
2026-07-27,NSE,BAJAJ-AUTO,part-041214_257683-003651.parquet,ctrade1-l2-data,raw_l2/trade_date=2026-07-27/exchange=NSE/symbol=BAJAJ-AUTO/part-REDACTED.parquet
2026-07-27,NSE,BAJAJ-AUTO,part-041228_287941-003683.parquet,ctrade1-l2-data,raw_l2/trade_date=2026-07-27/exchange=NSE/symbol=BAJAJ-AUTO/part-REDACTED.parquet
2026-07-27,NSE,BAJAJ-AUTO,part-041243_507043-003715.parquet,ctrade1-l2-data,raw_l2/trade_date=2026-07-27/exchange=NSE/symbol=BAJAJ-AUTO/part-REDACTED.parquet
2026-07-27,NSE,BAJAJ-AUTO,part-041257_505905-003747.parquet,ctrade1-l2-data,raw_l2/trade_date=2026-07-27/exchange=NSE/symbol=BAJAJ-AUTO/part-REDACTED.parquet
2026-07-27,NSE,BAJAJ-AUTO,part-041311_513388-003779.parquet,ctrade1-l2-data,raw_l2/trade_date=2026-07-27/exchange=NSE/symbol=BAJAJ-AUTO/part-REDACTED.parquet
2026-07-27,NSE,BAJAJ-AUTO,part-041326_009631-003811.parquet,ctrade1-l2-data,raw_l2/trade_date=2026-07-27/exchange=NSE/symbol=BAJAJ-AUTO/part-REDACTED.parquet
2026-07-27,NSE,BAJAJ-AUTO,part-041340_020400-003843.parquet,ctrade1-l2-data,raw_l2/trade_date=2026-07-27/exchange=NSE/symbol=BAJAJ-AUTO/part-REDACTED.parquet
2026-07-27,NSE,BAJAJ-AUTO,part-041354_061498-003875.parquet,ctrade1-l2-data,raw_l2/trade_date=2026-07-27/exchange=NSE/symbol=BAJAJ-AUTO/part-REDACTED.parquet
2026-07-27,NSE,BAJAJ-AUTO,part-041408_016753-003907.parquet,ctrade1-l2-data,raw_l2/trade_date=2026-07-27/exchange=NSE/symbol=BAJAJ-AUTO/part-REDACTED.parquet
2026-07-27,NSE,BAJAJ-AUTO,part-041422_040823-003939.parquet,ctrade1-l2-data,raw_l2/trade_date=2026-07-27/exchange=NSE/symbol=BAJAJ-AUTO/part-REDACTED.parquet
2026-07-27,NSE,BAJAJ-AUTO,part-041436_022136-003971.parquet,ctrade1-l2-data,raw_l2/trade_date=2026-07-27/exchange=NSE/symbol=BAJAJ-AUTO/part-REDACTED.parquet
2026-07-27,NSE,BAJAJ-AUTO,part-041450_025148-004003.parquet,ctrade1-l2-data,raw_l2/trade_date=2026-07-27/exchange=NSE/symbol=BAJAJ-AUTO/part-REDACTED.parquet
2026-07-27,NSE,BAJAJ-AUTO,part-041504_015177-004035.parquet,ctrade1-l2-data,raw_l2/trade_date=2026-07-27/exchange=NSE/symbol=BAJAJ-AUTO/part-REDACTED.parquet
2026-07-27,NSE,BAJAJ-AUTO,part-041518_033252-004067.parquet,ctrade1-l2-data,raw_l2/trade_date=2026-07-27/exchange=NSE/symbol=BAJAJ-AUTO/part-REDACTED.parquet
2026-07-27,NSE,BAJAJ-AUTO,part-041532_156555-004099.parquet,ctrade1-l2-data,raw_l2/trade_date=2026-07-27/exchange=NSE/symbol=BAJAJ-AUTO/part-REDACTED.parquet
2026-07-27,NSE,BAJAJ-AUTO,part-041546_800295-004131.parquet,ctrade1-l2-data,raw_l2/trade_date=2026-07-27/exchange=NSE/symbol=BAJAJ-AUTO/part-REDACTED.parquet
2026-07-27,NSE,BAJAJ-AUTO,part-041600_779226-004163.parquet,ctrade1-l2-data,raw_l2/trade_date=2026-07-27/exchange=NSE/symbol=BAJAJ-AUTO/part-REDACTED.parquet
2026-07-27,NSE,BAJAJ-AUTO,part-041615_019810-004195.parquet,ctrade1-l2-data,raw_l2/trade_date=2026-07-27/exchange=NSE/symbol=BAJAJ-AUTO/part-REDACTED.parquet
2026-07-27,NSE,BAJAJ-AUTO,part-041629_142916-004227.parquet,ctrade1-l2-data,raw_l2/trade_date=2026-07-27/exchange=NSE/symbol=BAJAJ-AUTO/part-REDACTED.parquet
2026-07-27,NSE,BAJAJ-AUTO,part-041645_751553-004259.parquet,ctrade1-l2-data,raw_l2/trade_date=2026-07-27/exchange=NSE/symbol=BAJAJ-AUTO/part-REDACTED.parquet
2026-07-27,NSE,BAJAJ-AUTO,part-041659_757342-004291.parquet,ctrade1-l2-data,raw_l2/trade_date=2026-07-27/exchange=NSE/symbol=BAJAJ-AUTO/part-REDACTED.parquet
2026-07-27,NSE,BAJAJ-AUTO,part-041713_762675-004323.parquet,ctrade1-l2-data,raw_l2/trade_date=2026-07-27/exchange=NSE/symbol=BAJAJ-AUTO/part-REDACTED.parquet
2026-07-27,NSE,BAJAJ-AUTO,part-041728_020399-004355.parquet,ctrade1-l2-data,raw_l2/trade_date=2026-07-27/exchange=NSE/symbol=BAJAJ-AUTO/part-REDACTED.parquet
2026-07-27,NSE,BAJAJ-AUTO,part-041742_502952-004387.parquet,ctrade1-l2-data,raw_l2/trade_date=2026-07-27/exchange=NSE/symbol=BAJAJ-AUTO/part-REDACTED.parquet
2026-07-27,NSE,BAJAJ-AUTO,part-041756_770692-004419.parquet,ctrade1-l2-data,raw_l2/trade_date=2026-07-27/exchange=NSE/symbol=BAJAJ-AUTO/part-REDACTED.parquet
2026-07-27,NSE,BAJAJ-AUTO,part-041811_254456-004451.parquet,ctrade1-l2-data,raw_l2/trade_date=2026-07-27/exchange=NSE/symbol=BAJAJ-AUTO/part-REDACTED.parquet
2026-07-27,NSE,BAJAJ-AUTO,part-041825_254977-004483.parquet,ctrade1-l2-data,raw_l2/trade_date=2026-07-27/exchange=NSE/symbol=BAJAJ-AUTO/part-REDACTED.parquet
2026-07-27,NSE,BAJAJ-AUTO,part-041839_511960-004515.parquet,ctrade1-l2-data,raw_l2/trade_date=2026-07-27/exchange=NSE/symbol=BAJAJ-AUTO/part-REDACTED.parquet
2026-07-27,NSE,BAJAJ-AUTO,part-041853_511120-004547.parquet,ctrade1-l2-data,raw_l2/trade_date=2026-07-27/exchange=NSE/symbol=BAJAJ-AUTO/part-REDACTED.parquet
2026-07-27,NSE,BAJAJ-AUTO,part-041907_534304-004579.parquet,ctrade1-l2-data,raw_l2/trade_date=2026-07-27/exchange=NSE/symbol=BAJAJ-AUTO/part-REDACTED.parquet
2026-07-27,NSE,BAJAJ-AUTO,part-041921_511778-004611.parquet,ctrade1-l2-data,raw_l2/trade_date=2026-07-27/exchange=NSE/symbol=BAJAJ-AUTO/part-REDACTED.parquet
2026-07-27,NSE,BAJAJ-AUTO,part-041935_511752-004643.parquet,ctrade1-l2-data,raw_l2/trade_date=2026-07-27/exchange=NSE/symbol=BAJAJ-AUTO/part-REDACTED.parquet
2026-07-27,NSE,BAJAJ-AUTO,part-041949_513332-004675.parquet,ctrade1-l2-data,raw_l2/trade_date=2026-07-27/exchange=NSE/symbol=BAJAJ-AUTO/part-REDACTED.parquet
2026-07-27,NSE,BAJAJ-AUTO,part-042003_763067-004707.parquet,ctrade1-l2-data,raw_l2/trade_date=2026-07-27/exchange=NSE/symbol=BAJAJ-AUTO/part-REDACTED.parquet
2026-07-27,NSE,BAJAJ-AUTO,part-042017_783896-004739.parquet,ctrade1-l2-data,raw_l2/trade_date=2026-07-27/exchange=NSE/symbol=BAJAJ-AUTO/part-REDACTED.parquet
2026-07-27,NSE,BAJAJ-AUTO,part-042032_025105-004771.parquet,ctrade1-l2-data,raw_l2/trade_date=2026-07-27/exchange=NSE/symbol=BAJAJ-AUTO/part-REDACTED.parquet
2026-07-27,NSE,BAJAJ-AUTO,part-042046_016123-004803.parquet,ctrade1-l2-data,raw_l2/trade_date=2026-07-27/exchange=NSE/symbol=BAJAJ-AUTO/part-REDACTED.parquet
2026-07-27,NSE,BAJAJ-AUTO,part-042100_026306-004835.parquet,ctrade1-l2-data,raw_l2/trade_date=2026-07-27/exchange=NSE/symbol=BAJAJ-AUTO/part-REDACTED.parquet
2026-07-27,NSE,BAJAJ-AUTO,part-042114_153546-004867.parquet,ctrade1-l2-data,raw_l2/trade_date=2026-07-27/exchange=NSE/symbol=BAJAJ-AUTO/part-REDACTED.parquet
2026-07-27,NSE,BAJAJ-AUTO,part-042128_524576-004899.parquet,ctrade1-l2-data,raw_l2/trade_date=2026-07-27/exchange=NSE/symbol=BAJAJ-AUTO/part-REDACTED.parquet
2026-07-27,NSE,BAJAJ-AUTO,part-042142_769291-004931.parquet,ctrade1-l2-data,raw_l2/trade_date=2026-07-27/exchange=NSE/symbol=BAJAJ-AUTO/part-REDACTED.parquet
2026-07-27,NSE,BAJAJ-AUTO,part-042157_048337-004963.parquet,ctrade1-l2-data,raw_l2/trade_date=2026-07-27/exchange=NSE/symbol=BAJAJ-AUTO/part-REDACTED.parquet
2026-07-27,NSE,BAJAJ-AUTO,part-042211_773407-004995.parquet,ctrade1-l2-data,raw_l2/trade_date=2026-07-27/exchange=NSE/symbol=BAJAJ-AUTO/part-REDACTED.parquet
2026-07-27,NSE,BAJAJ-AUTO,part-042226_025893-005027.parquet,ctrade1-l2-data,raw_l2/trade_date=2026-07-27/exchange=NSE/symbol=BAJAJ-AUTO/part-REDACTED.parquet
2026-07-27,NSE,BAJAJ-AUTO,part-042240_301397-005059.parquet,ctrade1-l2-data,raw_l2/trade_date=2026-07-27/exchange=NSE/symbol=BAJAJ-AUTO/part-REDACTED.parquet
2026-07-27,NSE,BAJAJ-AUTO,part-042254_779836-005091.parquet,ctrade1-l2-data,raw_l2/trade_date=2026-07-27/exchange=NSE/symbol=BAJAJ-AUTO/part-REDACTED.parquet
2026-07-27,NSE,BAJAJ-AUTO,part-042309_034209-005123.parquet,ctrade1-l2-data,raw_l2/trade_date=2026-07-27/exchange=NSE/symbol=BAJAJ-AUTO/part-REDACTED.parquet
2026-07-27,NSE,BAJAJ-AUTO,part-042323_271257-005155.parquet,ctrade1-l2-data,raw_l2/trade_date=2026-07-27/exchange=NSE/symbol=BAJAJ-AUTO/part-REDACTED.parquet
2026-07-27,NSE,BAJAJ-AUTO,part-042337_789869-005187.parquet,ctrade1-l2-data,raw_l2/trade_date=2026-07-27/exchange=NSE/symbol=BAJAJ-AUTO/part-REDACTED.parquet
2026-07-27,NSE,BAJAJ-AUTO,part-042352_048892-005219.parquet,ctrade1-l2-data,raw_l2/trade_date=2026-07-27/exchange=NSE/symbol=BAJAJ-AUTO/part-REDACTED.parquet
2026-07-27,NSE,BAJAJ-AUTO,part-042406_542698-005251.parquet,ctrade1-l2-data,raw_l2/trade_date=2026-07-27/exchange=NSE/symbol=BAJAJ-AUTO/part-REDACTED.parquet
2026-07-27,NSE,BAJAJ-AUTO,part-042421_044317-005283.parquet,ctrade1-l2-data,raw_l2/trade_date=2026-07-27/exchange=NSE/symbol=BAJAJ-AUTO/part-REDACTED.parquet
2026-07-27,NSE,BAJAJ-AUTO,part-042435_322417-005315.parquet,ctrade1-l2-data,raw_l2/trade_date=2026-07-27/exchange=NSE/symbol=BAJAJ-AUTO/part-REDACTED.parquet
2026-07-27,NSE,BAJAJ-AUTO,part-042449_768984-005347.parquet,ctrade1-l2-data,raw_l2/trade_date=2026-07-27/exchange=NSE/symbol=BAJAJ-AUTO/part-REDACTED.parquet
2026-07-27,NSE,BAJAJ-AUTO,part-042504_024935-005379.parquet,ctrade1-l2-data,raw_l2/trade_date=2026-07-27/exchange=NSE/symbol=BAJAJ-AUTO/part-REDACTED.parquet
2026-07-27,NSE,BAJAJ-AUTO,part-042518_347745-005411.parquet,ctrade1-l2-data,raw_l2/trade_date=2026-07-27/exchange=NSE/symbol=BAJAJ-AUTO/part-REDACTED.parquet
2026-07-27,NSE,BAJAJ-AUTO,part-042532_559317-005443.parquet,ctrade1-l2-data,raw_l2/trade_date=2026-07-27/exchange=NSE/symbol=BAJAJ-AUTO/part-REDACTED.parquet
2026-07-27,NSE,BAJAJ-AUTO,part-042547_016635-005475.parquet,ctrade1-l2-data,raw_l2/trade_date=2026-07-27/exchange=NSE/symbol=BAJAJ-AUTO/part-REDACTED.parquet
2026-07-27,NSE,BAJAJ-AUTO,part-042601_536826-005507.parquet,ctrade1-l2-data,raw_l2/trade_date=2026-07-27/exchange=NSE/symbol=BAJAJ-AUTO/part-REDACTED.parquet
2026-07-27,NSE,BAJAJ-AUTO,part-042616_293794-005539.parquet,ctrade1-l2-data,raw_l2/trade_date=2026-07-27/exchange=NSE/symbol=BAJAJ-AUTO/part-REDACTED.parquet
2026-07-27,NSE,BAJAJ-AUTO,part-042630_512391-005571.parquet,ctrade1-l2-data,raw_l2/trade_date=2026-07-27/exchange=NSE/symbol=BAJAJ-AUTO/part-REDACTED.parquet
2026-07-27,NSE,BAJAJ-AUTO,part-042644_811159-005603.parquet,ctrade1-l2-data,raw_l2/trade_date=2026-07-27/exchange=NSE/symbol=BAJAJ-AUTO/part-REDACTED.parquet
2026-07-27,NSE,BAJAJ-AUTO,part-042659_524608-005635.parquet,ctrade1-l2-data,raw_l2/trade_date=2026-07-27/exchange=NSE/symbol=BAJAJ-AUTO/part-REDACTED.parquet
2026-07-27,NSE,BANKBEES,part-034501_302753-000004.parquet,ctrade1-l2-data,raw_l2/trade_date=2026-07-27/exchange=NSE/symbol=BANKBEES/part-REDACTED.parquet
2026-07-27,NSE,BANKBEES,part-034516_160825-000036.parquet,ctrade1-l2-data,raw_l2/trade_date=2026-07-27/exchange=NSE/symbol=BANKBEES/part-REDACTED.parquet
2026-07-27,NSE,BANKBEES,part-034530_670209-000068.parquet,ctrade1-l2-data,raw_l2/trade_date=2026-07-27/exchange=NSE/symbol=BANKBEES/part-REDACTED.parquet
2026-07-27,NSE,BANKBEES,part-034544_873323-000100.parquet,ctrade1-l2-data,raw_l2/trade_date=2026-07-27/exchange=NSE/symbol=BANKBEES/part-REDACTED.parquet
2026-07-27,NSE,BANKBEES,part-034558_932129-000132.parquet,ctrade1-l2-data,raw_l2/trade_date=2026-07-27/exchange=NSE/symbol=BANKBEES/part-REDACTED.parquet
2026-07-27,NSE,BANKBEES,part-034613_197662-000164.parquet,ctrade1-l2-data,raw_l2/trade_date=2026-07-27/exchange=NSE/symbol=BANKBEES/part-REDACTED.parquet
2026-07-27,NSE,BANKBEES,part-034627_636732-000196.parquet,ctrade1-l2-data,raw_l2/trade_date=2026-07-27/exchange=NSE/symbol=BANKBEES/part-REDACTED.parquet
2026-07-27,NSE,BANKBEES,part-034641_939342-000228.parquet,ctrade1-l2-data,raw_l2/trade_date=2026-07-27/exchange=NSE/symbol=BANKBEES/part-REDACTED.parquet
2026-07-27,NSE,BANKBEES,part-034656_375404-000260.parquet,ctrade1-l2-data,raw_l2/trade_date=2026-07-27/exchange=NSE/symbol=BANKBEES/part-REDACTED.parquet
2026-07-27,NSE,BANKBEES,part-034710_389156-000292.parquet,ctrade1-l2-data,raw_l2/trade_date=2026-07-27/exchange=NSE/symbol=BANKBEES/part-REDACTED.parquet
2026-07-27,NSE,BANKBEES,part-034724_381909-000324.parquet,ctrade1-l2-data,raw_l2/trade_date=2026-07-27/exchange=NSE/symbol=BANKBEES/part-REDACTED.parquet
2026-07-27,NSE,BANKBEES,part-034738_633993-000356.parquet,ctrade1-l2-data,raw_l2/trade_date=2026-07-27/exchange=NSE/symbol=BANKBEES/part-REDACTED.parquet
2026-07-27,NSE,BANKBEES,part-034752_698669-000388.parquet,ctrade1-l2-data,raw_l2/trade_date=2026-07-27/exchange=NSE/symbol=BANKBEES/part-REDACTED.parquet
2026-07-27,NSE,BANKBEES,part-034806_900498-000420.parquet,ctrade1-l2-data,raw_l2/trade_date=2026-07-27/exchange=NSE/symbol=BANKBEES/part-REDACTED.parquet
2026-07-27,NSE,BANKBEES,part-034821_405124-000452.parquet,ctrade1-l2-data,raw_l2/trade_date=2026-07-27/exchange=NSE/symbol=BANKBEES/part-REDACTED.parquet
2026-07-27,NSE,BANKBEES,part-034835_905664-000484.parquet,ctrade1-l2-data,raw_l2/trade_date=2026-07-27/exchange=NSE/symbol=BANKBEES/part-REDACTED.parquet
2026-07-27,NSE,BANKBEES,part-034850_199920-000516.parquet,ctrade1-l2-data,raw_l2/trade_date=2026-07-27/exchange=NSE/symbol=BANKBEES/part-REDACTED.parquet
2026-07-27,NSE,BANKBEES,part-034904_638795-000548.parquet,ctrade1-l2-data,raw_l2/trade_date=2026-07-27/exchange=NSE/symbol=BANKBEES/part-REDACTED.parquet
2026-07-27,NSE,BANKBEES,part-034919_136223-000580.parquet,ctrade1-l2-data,raw_l2/trade_date=2026-07-27/exchange=NSE/symbol=BANKBEES/part-REDACTED.parquet
2026-07-27,NSE,BANKBEES,part-034933_454705-000612.parquet,ctrade1-l2-data,raw_l2/trade_date=2026-07-27/exchange=NSE/symbol=BANKBEES/part-REDACTED.parquet
2026-07-27,NSE,BANKBEES,part-034948_024901-000644.parquet,ctrade1-l2-data,raw_l2/trade_date=2026-07-27/exchange=NSE/symbol=BANKBEES/part-REDACTED.parquet
2026-07-27,NSE,BANKBEES,part-035002_663436-000676.parquet,ctrade1-l2-data,raw_l2/trade_date=2026-07-27/exchange=NSE/symbol=BANKBEES/part-REDACTED.parquet
2026-07-27,NSE,BANKBEES,part-035016_895529-000708.parquet,ctrade1-l2-data,raw_l2/trade_date=2026-07-27/exchange=NSE/symbol=BANKBEES/part-REDACTED.parquet
2026-07-27,NSE,BANKBEES,part-035030_902910-000740.parquet,ctrade1-l2-data,raw_l2/trade_date=2026-07-27/exchange=NSE/symbol=BANKBEES/part-REDACTED.parquet
2026-07-27,NSE,BANKBEES,part-035045_198641-000772.parquet,ctrade1-l2-data,raw_l2/trade_date=2026-07-27/exchange=NSE/symbol=BANKBEES/part-REDACTED.parquet
2026-07-27,NSE,BANKBEES,part-035059_370663-000804.parquet,ctrade1-l2-data,raw_l2/trade_date=2026-07-27/exchange=NSE/symbol=BANKBEES/part-REDACTED.parquet
2026-07-27,NSE,BANKBEES,part-035113_660491-000836.parquet,ctrade1-l2-data,raw_l2/trade_date=2026-07-27/exchange=NSE/symbol=BANKBEES/part-REDACTED.parquet
2026-07-27,NSE,BANKBEES,part-035128_140816-000868.parquet,ctrade1-l2-data,raw_l2/trade_date=2026-07-27/exchange=NSE/symbol=BANKBEES/part-REDACTED.parquet
2026-07-27,NSE,BANKBEES,part-035142_364374-000900.parquet,ctrade1-l2-data,raw_l2/trade_date=2026-07-27/exchange=NSE/symbol=BANKBEES/part-REDACTED.parquet
2026-07-27,NSE,BANKBEES,part-035156_394352-000932.parquet,ctrade1-l2-data,raw_l2/trade_date=2026-07-27/exchange=NSE/symbol=BANKBEES/part-REDACTED.parquet
2026-07-27,NSE,BANKBEES,part-035210_668076-000964.parquet,ctrade1-l2-data,raw_l2/trade_date=2026-07-27/exchange=NSE/symbol=BANKBEES/part-REDACTED.parquet
2026-07-27,NSE,BANKBEES,part-035224_898547-000996.parquet,ctrade1-l2-data,raw_l2/trade_date=2026-07-27/exchange=NSE/symbol=BANKBEES/part-REDACTED.parquet
2026-07-27,NSE,BANKBEES,part-035239_132445-001028.parquet,ctrade1-l2-data,raw_l2/trade_date=2026-07-27/exchange=NSE/symbol=BANKBEES/part-REDACTED.parquet
2026-07-27,NSE,BANKBEES,part-035253_412199-001060.parquet,ctrade1-l2-data,raw_l2/trade_date=2026-07-27/exchange=NSE/symbol=BANKBEES/part-REDACTED.parquet
2026-07-27,NSE,BANKBEES,part-035307_682424-001092.parquet,ctrade1-l2-data,raw_l2/trade_date=2026-07-27/exchange=NSE/symbol=BANKBEES/part-REDACTED.parquet
2026-07-27,NSE,BANKBEES,part-035321_902672-001124.parquet,ctrade1-l2-data,raw_l2/trade_date=2026-07-27/exchange=NSE/symbol=BANKBEES/part-REDACTED.parquet
2026-07-27,NSE,BANKBEES,part-035336_435646-001156.parquet,ctrade1-l2-data,raw_l2/trade_date=2026-07-27/exchange=NSE/symbol=BANKBEES/part-REDACTED.parquet
2026-07-27,NSE,BANKBEES,part-035350_908587-001188.parquet,ctrade1-l2-data,raw_l2/trade_date=2026-07-27/exchange=NSE/symbol=BANKBEES/part-REDACTED.parquet
2026-07-27,NSE,BANKBEES,part-035405_181122-001220.parquet,ctrade1-l2-data,raw_l2/trade_date=2026-07-27/exchange=NSE/symbol=BANKBEES/part-REDACTED.parquet
2026-07-27,NSE,BANKBEES,part-035419_404510-001252.parquet,ctrade1-l2-data,raw_l2/trade_date=2026-07-27/exchange=NSE/symbol=BANKBEES/part-REDACTED.parquet
2026-07-27,NSE,BANKBEES,part-035433_400528-001284.parquet,ctrade1-l2-data,raw_l2/trade_date=2026-07-27/exchange=NSE/symbol=BANKBEES/part-REDACTED.parquet
2026-07-27,NSE,BANKBEES,part-035447_815800-001316.parquet,ctrade1-l2-data,raw_l2/trade_date=2026-07-27/exchange=NSE/symbol=BANKBEES/part-REDACTED.parquet
2026-07-27,NSE,BANKBEES,part-035502_889489-001348.parquet,ctrade1-l2-data,raw_l2/trade_date=2026-07-27/exchange=NSE/symbol=BANKBEES/part-REDACTED.parquet
2026-07-27,NSE,BANKBEES,part-035517_350085-001380.parquet,ctrade1-l2-data,raw_l2/trade_date=2026-07-27/exchange=NSE/symbol=BANKBEES/part-REDACTED.parquet
2026-07-27,NSE,BANKBEES,part-035531_648679-001412.parquet,ctrade1-l2-data,raw_l2/trade_date=2026-07-27/exchange=NSE/symbol=BANKBEES/part-REDACTED.parquet
2026-07-27,NSE,BANKBEES,part-035546_154904-001444.parquet,ctrade1-l2-data,raw_l2/trade_date=2026-07-27/exchange=NSE/symbol=BANKBEES/part-REDACTED.parquet
2026-07-27,NSE,BANKBEES,part-035600_182387-001476.parquet,ctrade1-l2-data,raw_l2/trade_date=2026-07-27/exchange=NSE/symbol=BANKBEES/part-REDACTED.parquet
2026-07-27,NSE,BANKBEES,part-035615_124033-001508.parquet,ctrade1-l2-data,raw_l2/trade_date=2026-07-27/exchange=NSE/symbol=BANKBEES/part-REDACTED.parquet
2026-07-27,NSE,BANKBEES,part-035629_469965-001540.parquet,ctrade1-l2-data,raw_l2/trade_date=2026-07-27/exchange=NSE/symbol=BANKBEES/part-REDACTED.parquet
2026-07-27,NSE,BANKBEES,part-035643_898353-001572.parquet,ctrade1-l2-data,raw_l2/trade_date=2026-07-27/exchange=NSE/symbol=BANKBEES/part-REDACTED.parquet
2026-07-27,NSE,BANKBEES,part-035658_151500-001604.parquet,ctrade1-l2-data,raw_l2/trade_date=2026-07-27/exchange=NSE/symbol=BANKBEES/part-REDACTED.parquet
2026-07-27,NSE,BANKBEES,part-035712_415327-001636.parquet,ctrade1-l2-data,raw_l2/trade_date=2026-07-27/exchange=NSE/symbol=BANKBEES/part-REDACTED.parquet
2026-07-27,NSE,BANKBEES,part-035726_840410-001668.parquet,ctrade1-l2-data,raw_l2/trade_date=2026-07-27/exchange=NSE/symbol=BANKBEES/part-REDACTED.parquet
2026-07-27,NSE,BANKBEES,part-035741_163170-001700.parquet,ctrade1-l2-data,raw_l2/trade_date=2026-07-27/exchange=NSE/symbol=BANKBEES/part-REDACTED.parquet
2026-07-27,NSE,BANKBEES,part-035755_446930-001732.parquet,ctrade1-l2-data,raw_l2/trade_date=2026-07-27/exchange=NSE/symbol=BANKBEES/part-REDACTED.parquet
2026-07-27,NSE,BANKBEES,part-035809_666514-001764.parquet,ctrade1-l2-data,raw_l2/trade_date=2026-07-27/exchange=NSE/symbol=BANKBEES/part-REDACTED.parquet
2026-07-27,NSE,BANKBEES,part-035824_150005-001796.parquet,ctrade1-l2-data,raw_l2/trade_date=2026-07-27/exchange=NSE/symbol=BANKBEES/part-REDACTED.parquet
2026-07-27,NSE,BANKBEES,part-035838_429955-001828.parquet,ctrade1-l2-data,raw_l2/trade_date=2026-07-27/exchange=NSE/symbol=BANKBEES/part-REDACTED.parquet
2026-07-27,NSE,BANKBEES,part-035852_910257-001860.parquet,ctrade1-l2-data,raw_l2/trade_date=2026-07-27/exchange=NSE/symbol=BANKBEES/part-REDACTED.parquet
2026-07-27,NSE,BANKBEES,part-035907_144686-001892.parquet,ctrade1-l2-data,raw_l2/trade_date=2026-07-27/exchange=NSE/symbol=BANKBEES/part-REDACTED.parquet
2026-07-27,NSE,BANKBEES,part-035921_655184-001924.parquet,ctrade1-l2-data,raw_l2/trade_date=2026-07-27/exchange=NSE/symbol=BANKBEES/part-REDACTED.parquet
2026-07-27,NSE,BANKBEES,part-035936_170922-001956.parquet,ctrade1-l2-data,raw_l2/trade_date=2026-07-27/exchange=NSE/symbol=BANKBEES/part-REDACTED.parquet
2026-07-27,NSE,BANKBEES,part-035950_393432-001988.parquet,ctrade1-l2-data,raw_l2/trade_date=2026-07-27/exchange=NSE/symbol=BANKBEES/part-REDACTED.parquet
2026-07-27,NSE,BANKBEES,part-040004_891293-002020.parquet,ctrade1-l2-data,raw_l2/trade_date=2026-07-27/exchange=NSE/symbol=BANKBEES/part-REDACTED.parquet
2026-07-27,NSE,BANKBEES,part-040019_399611-002052.parquet,ctrade1-l2-data,raw_l2/trade_date=2026-07-27/exchange=NSE/symbol=BANKBEES/part-REDACTED.parquet
2026-07-27,NSE,BANKBEES,part-040033_715825-002084.parquet,ctrade1-l2-data,raw_l2/trade_date=2026-07-27/exchange=NSE/symbol=BANKBEES/part-REDACTED.parquet
2026-07-27,NSE,BANKBEES,part-040047_950356-002116.parquet,ctrade1-l2-data,raw_l2/trade_date=2026-07-27/exchange=NSE/symbol=BANKBEES/part-REDACTED.parquet
2026-07-27,NSE,BANKBEES,part-040102_429925-002148.parquet,ctrade1-l2-data,raw_l2/trade_date=2026-07-27/exchange=NSE/symbol=BANKBEES/part-REDACTED.parquet
2026-07-27,NSE,BANKBEES,part-040116_938623-002180.parquet,ctrade1-l2-data,raw_l2/trade_date=2026-07-27/exchange=NSE/symbol=BANKBEES/part-REDACTED.parquet
2026-07-27,NSE,BANKBEES,part-040131_164718-002212.parquet,ctrade1-l2-data,raw_l2/trade_date=2026-07-27/exchange=NSE/symbol=BANKBEES/part-REDACTED.parquet
2026-07-27,NSE,BANKBEES,part-040145_926443-002244.parquet,ctrade1-l2-data,raw_l2/trade_date=2026-07-27/exchange=NSE/symbol=BANKBEES/part-REDACTED.parquet
2026-07-27,NSE,BANKBEES,part-040200_185716-002276.parquet,ctrade1-l2-data,raw_l2/trade_date=2026-07-27/exchange=NSE/symbol=BANKBEES/part-REDACTED.parquet
2026-07-27,NSE,BANKBEES,part-040214_648759-002308.parquet,ctrade1-l2-data,raw_l2/trade_date=2026-07-27/exchange=NSE/symbol=BANKBEES/part-REDACTED.parquet
2026-07-27,NSE,BANKBEES,part-040229_194137-002340.parquet,ctrade1-l2-data,raw_l2/trade_date=2026-07-27/exchange=NSE/symbol=BANKBEES/part-REDACTED.parquet
2026-07-27,NSE,BANKBEES,part-040243_895928-002372.parquet,ctrade1-l2-data,raw_l2/trade_date=2026-07-27/exchange=NSE/symbol=BANKBEES/part-REDACTED.parquet
2026-07-27,NSE,BANKBEES,part-040258_456336-002404.parquet,ctrade1-l2-data,raw_l2/trade_date=2026-07-27/exchange=NSE/symbol=BANKBEES/part-REDACTED.parquet
2026-07-27,NSE,BANKBEES,part-040313_121952-002436.parquet,ctrade1-l2-data,raw_l2/trade_date=2026-07-27/exchange=NSE/symbol=BANKBEES/part-REDACTED.parquet
2026-07-27,NSE,BANKBEES,part-040327_422407-002468.parquet,ctrade1-l2-data,raw_l2/trade_date=2026-07-27/exchange=NSE/symbol=BANKBEES/part-REDACTED.parquet
2026-07-27,NSE,BANKBEES,part-040341_875591-002500.parquet,ctrade1-l2-data,raw_l2/trade_date=2026-07-27/exchange=NSE/symbol=BANKBEES/part-REDACTED.parquet
2026-07-27,NSE,BANKBEES,part-040356_199781-002532.parquet,ctrade1-l2-data,raw_l2/trade_date=2026-07-27/exchange=NSE/symbol=BANKBEES/part-REDACTED.parquet
2026-07-27,NSE,BANKBEES,part-040410_927281-002564.parquet,ctrade1-l2-data,raw_l2/trade_date=2026-07-27/exchange=NSE/symbol=BANKBEES/part-REDACTED.parquet
2026-07-27,NSE,BANKBEES,part-040425_439930-002596.parquet,ctrade1-l2-data,raw_l2/trade_date=2026-07-27/exchange=NSE/symbol=BANKBEES/part-REDACTED.parquet
2026-07-27,NSE,BANKBEES,part-040439_664420-002628.parquet,ctrade1-l2-data,raw_l2/trade_date=2026-07-27/exchange=NSE/symbol=BANKBEES/part-REDACTED.parquet
2026-07-27,NSE,BANKBEES,part-040454_157880-002660.parquet,ctrade1-l2-data,raw_l2/trade_date=2026-07-27/exchange=NSE/symbol=BANKBEES/part-REDACTED.parquet
2026-07-27,NSE,BANKBEES,part-040508_424032-002692.parquet,ctrade1-l2-data,raw_l2/trade_date=2026-07-27/exchange=NSE/symbol=BANKBEES/part-REDACTED.parquet
2026-07-27,NSE,BANKBEES,part-040522_865006-002724.parquet,ctrade1-l2-data,raw_l2/trade_date=2026-07-27/exchange=NSE/symbol=BANKBEES/part-REDACTED.parquet
2026-07-27,NSE,BANKBEES,part-040536_875328-002756.parquet,ctrade1-l2-data,raw_l2/trade_date=2026-07-27/exchange=NSE/symbol=BANKBEES/part-REDACTED.parquet
2026-07-27,NSE,BANKBEES,part-040551_114683-002788.parquet,ctrade1-l2-data,raw_l2/trade_date=2026-07-27/exchange=NSE/symbol=BANKBEES/part-REDACTED.parquet
2026-07-27,NSE,BANKBEES,part-040605_117284-002820.parquet,ctrade1-l2-data,raw_l2/trade_date=2026-07-27/exchange=NSE/symbol=BANKBEES/part-REDACTED.parquet
2026-07-27,NSE,BANKBEES,part-040619_135538-002852.parquet,ctrade1-l2-data,raw_l2/trade_date=2026-07-27/exchange=NSE/symbol=BANKBEES/part-REDACTED.parquet
2026-07-27,NSE,BANKBEES,part-040633_158717-002884.parquet,ctrade1-l2-data,raw_l2/trade_date=2026-07-27/exchange=NSE/symbol=BANKBEES/part-REDACTED.parquet
2026-07-27,NSE,BANKBEES,part-040647_143688-002916.parquet,ctrade1-l2-data,raw_l2/trade_date=2026-07-27/exchange=NSE/symbol=BANKBEES/part-REDACTED.parquet
2026-07-27,NSE,BANKBEES,part-040701_123747-002948.parquet,ctrade1-l2-data,raw_l2/trade_date=2026-07-27/exchange=NSE/symbol=BANKBEES/part-REDACTED.parquet
2026-07-27,NSE,BANKBEES,part-040715_417043-002980.parquet,ctrade1-l2-data,raw_l2/trade_date=2026-07-27/exchange=NSE/symbol=BANKBEES/part-REDACTED.parquet
2026-07-27,NSE,BANKBEES,part-040729_651433-003012.parquet,ctrade1-l2-data,raw_l2/trade_date=2026-07-27/exchange=NSE/symbol=BANKBEES/part-REDACTED.parquet
2026-07-27,NSE,BANKBEES,part-040743_891967-003044.parquet,ctrade1-l2-data,raw_l2/trade_date=2026-07-27/exchange=NSE/symbol=BANKBEES/part-REDACTED.parquet
2026-07-27,NSE,BANKBEES,part-040758_177240-003076.parquet,ctrade1-l2-data,raw_l2/trade_date=2026-07-27/exchange=NSE/symbol=BANKBEES/part-REDACTED.parquet
2026-07-27,NSE,BANKBEES,part-040812_629307-003108.parquet,ctrade1-l2-data,raw_l2/trade_date=2026-07-27/exchange=NSE/symbol=BANKBEES/part-REDACTED.parquet
2026-07-27,NSE,BANKBEES,part-040826_920821-003140.parquet,ctrade1-l2-data,raw_l2/trade_date=2026-07-27/exchange=NSE/symbol=BANKBEES/part-REDACTED.parquet
2026-07-27,NSE,BANKBEES,part-040841_151628-003172.parquet,ctrade1-l2-data,raw_l2/trade_date=2026-07-27/exchange=NSE/symbol=BANKBEES/part-REDACTED.parquet
2026-07-27,NSE,BANKBEES,part-040855_428137-003204.parquet,ctrade1-l2-data,raw_l2/trade_date=2026-07-27/exchange=NSE/symbol=BANKBEES/part-REDACTED.parquet
2026-07-27,NSE,BANKBEES,part-040909_628916-003236.parquet,ctrade1-l2-data,raw_l2/trade_date=2026-07-27/exchange=NSE/symbol=BANKBEES/part-REDACTED.parquet
2026-07-27,NSE,BANKBEES,part-040923_632241-003268.parquet,ctrade1-l2-data,raw_l2/trade_date=2026-07-27/exchange=NSE/symbol=BANKBEES/part-REDACTED.parquet
2026-07-27,NSE,BANKBEES,part-040937_955239-003300.parquet,ctrade1-l2-data,raw_l2/trade_date=2026-07-27/exchange=NSE/symbol=BANKBEES/part-REDACTED.parquet
2026-07-27,NSE,BANKBEES,part-040952_199661-003332.parquet,ctrade1-l2-data,raw_l2/trade_date=2026-07-27/exchange=NSE/symbol=BANKBEES/part-REDACTED.parquet
2026-07-27,NSE,BANKBEES,part-041006_445882-003364.parquet,ctrade1-l2-data,raw_l2/trade_date=2026-07-27/exchange=NSE/symbol=BANKBEES/part-REDACTED.parquet
2026-07-27,NSE,BANKBEES,part-041020_641466-003396.parquet,ctrade1-l2-data,raw_l2/trade_date=2026-07-27/exchange=NSE/symbol=BANKBEES/part-REDACTED.parquet
2026-07-27,NSE,BANKBEES,part-041034_873109-003428.parquet,ctrade1-l2-data,raw_l2/trade_date=2026-07-27/exchange=NSE/symbol=BANKBEES/part-REDACTED.parquet
2026-07-27,NSE,BANKBEES,part-041049_372874-003460.parquet,ctrade1-l2-data,raw_l2/trade_date=2026-07-27/exchange=NSE/symbol=BANKBEES/part-REDACTED.parquet
2026-07-27,NSE,BANKBEES,part-041103_461543-003492.parquet,ctrade1-l2-data,raw_l2/trade_date=2026-07-27/exchange=NSE/symbol=BANKBEES/part-REDACTED.parquet
2026-07-27,NSE,BANKBEES,part-041117_912057-003524.parquet,ctrade1-l2-data,raw_l2/trade_date=2026-07-27/exchange=NSE/symbol=BANKBEES/part-REDACTED.parquet
2026-07-27,NSE,BANKBEES,part-041131_900350-003556.parquet,ctrade1-l2-data,raw_l2/trade_date=2026-07-27/exchange=NSE/symbol=BANKBEES/part-REDACTED.parquet
2026-07-27,NSE,BANKBEES,part-041146_169324-003588.parquet,ctrade1-l2-data,raw_l2/trade_date=2026-07-27/exchange=NSE/symbol=BANKBEES/part-REDACTED.parquet
2026-07-27,NSE,BANKBEES,part-041200_372466-003620.parquet,ctrade1-l2-data,raw_l2/trade_date=2026-07-27/exchange=NSE/symbol=BANKBEES/part-REDACTED.parquet
2026-07-27,NSE,BANKBEES,part-041214_377281-003652.parquet,ctrade1-l2-data,raw_l2/trade_date=2026-07-27/exchange=NSE/symbol=BANKBEES/part-REDACTED.parquet
2026-07-27,NSE,BANKBEES,part-041228_410625-003684.parquet,ctrade1-l2-data,raw_l2/trade_date=2026-07-27/exchange=NSE/symbol=BANKBEES/part-REDACTED.parquet
2026-07-27,NSE,BANKBEES,part-041243_620449-003716.parquet,ctrade1-l2-data,raw_l2/trade_date=2026-07-27/exchange=NSE/symbol=BANKBEES/part-REDACTED.parquet
2026-07-27,NSE,BANKBEES,part-041257_616755-003748.parquet,ctrade1-l2-data,raw_l2/trade_date=2026-07-27/exchange=NSE/symbol=BANKBEES/part-REDACTED.parquet
2026-07-27,NSE,BANKBEES,part-041311_626502-003780.parquet,ctrade1-l2-data,raw_l2/trade_date=2026-07-27/exchange=NSE/symbol=BANKBEES/part-REDACTED.parquet
2026-07-27,NSE,BANKBEES,part-041326_123732-003812.parquet,ctrade1-l2-data,raw_l2/trade_date=2026-07-27/exchange=NSE/symbol=BANKBEES/part-REDACTED.parquet
2026-07-27,NSE,BANKBEES,part-041340_194344-003844.parquet,ctrade1-l2-data,raw_l2/trade_date=2026-07-27/exchange=NSE/symbol=BANKBEES/part-REDACTED.parquet
2026-07-27,NSE,BANKBEES,part-041354_181140-003876.parquet,ctrade1-l2-data,raw_l2/trade_date=2026-07-27/exchange=NSE/symbol=BANKBEES/part-REDACTED.parquet
2026-07-27,NSE,BANKBEES,part-041408_128331-003908.parquet,ctrade1-l2-data,raw_l2/trade_date=2026-07-27/exchange=NSE/symbol=BANKBEES/part-REDACTED.parquet
2026-07-27,NSE,BANKBEES,part-041422_166304-003940.parquet,ctrade1-l2-data,raw_l2/trade_date=2026-07-27/exchange=NSE/symbol=BANKBEES/part-REDACTED.parquet
2026-07-27,NSE,BANKBEES,part-041436_141168-003972.parquet,ctrade1-l2-data,raw_l2/trade_date=2026-07-27/exchange=NSE/symbol=BANKBEES/part-REDACTED.parquet
2026-07-27,NSE,BANKBEES,part-041450_142555-004004.parquet,ctrade1-l2-data,raw_l2/trade_date=2026-07-27/exchange=NSE/symbol=BANKBEES/part-REDACTED.parquet
2026-07-27,NSE,BANKBEES,part-041504_137223-004036.parquet,ctrade1-l2-data,raw_l2/trade_date=2026-07-27/exchange=NSE/symbol=BANKBEES/part-REDACTED.parquet
2026-07-27,NSE,BANKBEES,part-041518_150302-004068.parquet,ctrade1-l2-data,raw_l2/trade_date=2026-07-27/exchange=NSE/symbol=BANKBEES/part-REDACTED.parquet
2026-07-27,NSE,BANKBEES,part-041532_285574-004100.parquet,ctrade1-l2-data,raw_l2/trade_date=2026-07-27/exchange=NSE/symbol=BANKBEES/part-REDACTED.parquet
2026-07-27,NSE,BANKBEES,part-041546_911659-004132.parquet,ctrade1-l2-data,raw_l2/trade_date=2026-07-27/exchange=NSE/symbol=BANKBEES/part-REDACTED.parquet
2026-07-27,NSE,BANKBEES,part-041600_895779-004164.parquet,ctrade1-l2-data,raw_l2/trade_date=2026-07-27/exchange=NSE/symbol=BANKBEES/part-REDACTED.parquet
2026-07-27,NSE,BANKBEES,part-041615_133109-004196.parquet,ctrade1-l2-data,raw_l2/trade_date=2026-07-27/exchange=NSE/symbol=BANKBEES/part-REDACTED.parquet
2026-07-27,NSE,BANKBEES,part-041629_311926-004228.parquet,ctrade1-l2-data,raw_l2/trade_date=2026-07-27/exchange=NSE/symbol=BANKBEES/part-REDACTED.parquet
2026-07-27,NSE,BANKBEES,part-041645_872390-004260.parquet,ctrade1-l2-data,raw_l2/trade_date=2026-07-27/exchange=NSE/symbol=BANKBEES/part-REDACTED.parquet
2026-07-27,NSE,BANKBEES,part-041659_869822-004292.parquet,ctrade1-l2-data,raw_l2/trade_date=2026-07-27/exchange=NSE/symbol=BANKBEES/part-REDACTED.parquet
2026-07-27,NSE,BANKBEES,part-041713_878245-004324.parquet,ctrade1-l2-data,raw_l2/trade_date=2026-07-27/exchange=NSE/symbol=BANKBEES/part-REDACTED.parquet
2026-07-27,NSE,BANKBEES,part-041728_158825-004356.parquet,ctrade1-l2-data,raw_l2/trade_date=2026-07-27/exchange=NSE/symbol=BANKBEES/part-REDACTED.parquet
2026-07-27,NSE,BANKBEES,part-041742_628941-004388.parquet,ctrade1-l2-data,raw_l2/trade_date=2026-07-27/exchange=NSE/symbol=BANKBEES/part-REDACTED.parquet
2026-07-27,NSE,BANKBEES,part-041756_892636-004420.parquet,ctrade1-l2-data,raw_l2/trade_date=2026-07-27/exchange=NSE/symbol=BANKBEES/part-REDACTED.parquet
2026-07-27,NSE,BANKBEES,part-041811_393710-004452.parquet,ctrade1-l2-data,raw_l2/trade_date=2026-07-27/exchange=NSE/symbol=BANKBEES/part-REDACTED.parquet
2026-07-27,NSE,BANKBEES,part-041825_403913-004484.parquet,ctrade1-l2-data,raw_l2/trade_date=2026-07-27/exchange=NSE/symbol=BANKBEES/part-REDACTED.parquet
2026-07-27,NSE,BANKBEES,part-041839_623962-004516.parquet,ctrade1-l2-data,raw_l2/trade_date=2026-07-27/exchange=NSE/symbol=BANKBEES/part-REDACTED.parquet
2026-07-27,NSE,BANKBEES,part-041853_629252-004548.parquet,ctrade1-l2-data,raw_l2/trade_date=2026-07-27/exchange=NSE/symbol=BANKBEES/part-REDACTED.parquet
2026-07-27,NSE,BANKBEES,part-041907_652718-004580.parquet,ctrade1-l2-data,raw_l2/trade_date=2026-07-27/exchange=NSE/symbol=BANKBEES/part-REDACTED.parquet
2026-07-27,NSE,BANKBEES,part-041921_665452-004612.parquet,ctrade1-l2-data,raw_l2/trade_date=2026-07-27/exchange=NSE/symbol=BANKBEES/part-REDACTED.parquet
2026-07-27,NSE,BANKBEES,part-041935_628557-004644.parquet,ctrade1-l2-data,raw_l2/trade_date=2026-07-27/exchange=NSE/symbol=BANKBEES/part-REDACTED.parquet
2026-07-27,NSE,BANKBEES,part-041949_629197-004676.parquet,ctrade1-l2-data,raw_l2/trade_date=2026-07-27/exchange=NSE/symbol=BANKBEES/part-REDACTED.parquet
2026-07-27,NSE,BANKBEES,part-042003_879827-004708.parquet,ctrade1-l2-data,raw_l2/trade_date=2026-07-27/exchange=NSE/symbol=BANKBEES/part-REDACTED.parquet
2026-07-27,NSE,BANKBEES,part-042017_897746-004740.parquet,ctrade1-l2-data,raw_l2/trade_date=2026-07-27/exchange=NSE/symbol=BANKBEES/part-REDACTED.parquet
2026-07-27,NSE,BANKBEES,part-042032_162213-004772.parquet,ctrade1-l2-data,raw_l2/trade_date=2026-07-27/exchange=NSE/symbol=BANKBEES/part-REDACTED.parquet
2026-07-27,NSE,BANKBEES,part-042046_150288-004804.parquet,ctrade1-l2-data,raw_l2/trade_date=2026-07-27/exchange=NSE/symbol=BANKBEES/part-REDACTED.parquet
2026-07-27,NSE,BANKBEES,part-042100_147485-004836.parquet,ctrade1-l2-data,raw_l2/trade_date=2026-07-27/exchange=NSE/symbol=BANKBEES/part-REDACTED.parquet
2026-07-27,NSE,BANKBEES,part-042114_276377-004868.parquet,ctrade1-l2-data,raw_l2/trade_date=2026-07-27/exchange=NSE/symbol=BANKBEES/part-REDACTED.parquet
2026-07-27,NSE,BANKBEES,part-042128_668371-004900.parquet,ctrade1-l2-data,raw_l2/trade_date=2026-07-27/exchange=NSE/symbol=BANKBEES/part-REDACTED.parquet
2026-07-27,NSE,BANKBEES,part-042142_880950-004932.parquet,ctrade1-l2-data,raw_l2/trade_date=2026-07-27/exchange=NSE/symbol=BANKBEES/part-REDACTED.parquet
2026-07-27,NSE,BANKBEES,part-042157_173831-004964.parquet,ctrade1-l2-data,raw_l2/trade_date=2026-07-27/exchange=NSE/symbol=BANKBEES/part-REDACTED.parquet
2026-07-27,NSE,BANKBEES,part-042211_909742-004996.parquet,ctrade1-l2-data,raw_l2/trade_date=2026-07-27/exchange=NSE/symbol=BANKBEES/part-REDACTED.parquet
2026-07-27,NSE,BANKBEES,part-042226_153537-005028.parquet,ctrade1-l2-data,raw_l2/trade_date=2026-07-27/exchange=NSE/symbol=BANKBEES/part-REDACTED.parquet
2026-07-27,NSE,BANKBEES,part-042240_451110-005060.parquet,ctrade1-l2-data,raw_l2/trade_date=2026-07-27/exchange=NSE/symbol=BANKBEES/part-REDACTED.parquet
2026-07-27,NSE,BANKBEES,part-042254_907229-005092.parquet,ctrade1-l2-data,raw_l2/trade_date=2026-07-27/exchange=NSE/symbol=BANKBEES/part-REDACTED.parquet
2026-07-27,NSE,BANKBEES,part-042309_162888-005124.parquet,ctrade1-l2-data,raw_l2/trade_date=2026-07-27/exchange=NSE/symbol=BANKBEES/part-REDACTED.parquet
2026-07-27,NSE,BANKBEES,part-042323_409650-005156.parquet,ctrade1-l2-data,raw_l2/trade_date=2026-07-27/exchange=NSE/symbol=BANKBEES/part-REDACTED.parquet
2026-07-27,NSE,BANKBEES,part-042337_923225-005188.parquet,ctrade1-l2-data,raw_l2/trade_date=2026-07-27/exchange=NSE/symbol=BANKBEES/part-REDACTED.parquet
2026-07-27,NSE,BANKBEES,part-042352_166263-005220.parquet,ctrade1-l2-data,raw_l2/trade_date=2026-07-27/exchange=NSE/symbol=BANKBEES/part-REDACTED.parquet
2026-07-27,NSE,BANKBEES,part-042406_673665-005252.parquet,ctrade1-l2-data,raw_l2/trade_date=2026-07-27/exchange=NSE/symbol=BANKBEES/part-REDACTED.parquet
2026-07-27,NSE,BANKBEES,part-042421_181185-005284.parquet,ctrade1-l2-data,raw_l2/trade_date=2026-07-27/exchange=NSE/symbol=BANKBEES/part-REDACTED.parquet
2026-07-27,NSE,BANKBEES,part-042435_454866-005316.parquet,ctrade1-l2-data,raw_l2/trade_date=2026-07-27/exchange=NSE/symbol=BANKBEES/part-REDACTED.parquet
2026-07-27,NSE,BANKBEES,part-042449_918817-005348.parquet,ctrade1-l2-data,raw_l2/trade_date=2026-07-27/exchange=NSE/symbol=BANKBEES/part-REDACTED.parquet
2026-07-27,NSE,BANKBEES,part-042504_154599-005380.parquet,ctrade1-l2-data,raw_l2/trade_date=2026-07-27/exchange=NSE/symbol=BANKBEES/part-REDACTED.parquet
2026-07-27,NSE,BANKBEES,part-042518_479117-005412.parquet,ctrade1-l2-data,raw_l2/trade_date=2026-07-27/exchange=NSE/symbol=BANKBEES/part-REDACTED.parquet
2026-07-27,NSE,BANKBEES,part-042532_681676-005444.parquet,ctrade1-l2-data,raw_l2/trade_date=2026-07-27/exchange=NSE/symbol=BANKBEES/part-REDACTED.parquet
2026-07-27,NSE,BANKBEES,part-042547_160200-005476.parquet,ctrade1-l2-data,raw_l2/trade_date=2026-07-27/exchange=NSE/symbol=BANKBEES/part-REDACTED.parquet
2026-07-27,NSE,BANKBEES,part-042601_668979-005508.parquet,ctrade1-l2-data,raw_l2/trade_date=2026-07-27/exchange=NSE/symbol=BANKBEES/part-REDACTED.parquet
2026-07-27,NSE,BANKBEES,part-042616_418129-005540.parquet,ctrade1-l2-data,raw_l2/trade_date=2026-07-27/exchange=NSE/symbol=BANKBEES/part-REDACTED.parquet
2026-07-27,NSE,BANKBEES,part-042630_663093-005572.parquet,ctrade1-l2-data,raw_l2/trade_date=2026-07-27/exchange=NSE/symbol=BANKBEES/part-REDACTED.parquet
2026-07-27,NSE,BANKBEES,part-042644_938432-005604.parquet,ctrade1-l2-data,raw_l2/trade_date=2026-07-27/exchange=NSE/symbol=BANKBEES/part-REDACTED.parquet
2026-07-27,NSE,BANKBEES,part-042659_644525-005636.parquet,ctrade1-l2-data,raw_l2/trade_date=2026-07-27/exchange=NSE/symbol=BANKBEES/part-REDACTED.parquet
2026-07-27,NSE,BHARTIARTL,part-034501_455072-000005.parquet,ctrade1-l2-data,raw_l2/trade_date=2026-07-27/exchange=NSE/symbol=BHARTIARTL/part-REDACTED.parquet
2026-07-27,NSE,BHARTIARTL,part-034516_284584-000037.parquet,ctrade1-l2-data,raw_l2/trade_date=2026-07-27/exchange=NSE/symbol=BHARTIARTL/part-REDACTED.parquet
2026-07-27,NSE,BHARTIARTL,part-034530_790551-000069.parquet,ctrade1-l2-data,raw_l2/trade_date=2026-07-27/exchange=NSE/symbol=BHARTIARTL/part-REDACTED.parquet
2026-07-27,NSE,BHARTIARTL,part-034545_005007-000101.parquet,ctrade1-l2-data,raw_l2/trade_date=2026-07-27/exchange=NSE/symbol=BHARTIARTL/part-REDACTED.parquet
2026-07-27,NSE,BHARTIARTL,part-034559_062205-000133.parquet,ctrade1-l2-data,raw_l2/trade_date=2026-07-27/exchange=NSE/symbol=BHARTIARTL/part-REDACTED.parquet
2026-07-27,NSE,BHARTIARTL,part-034613_328962-000165.parquet,ctrade1-l2-data,raw_l2/trade_date=2026-07-27/exchange=NSE/symbol=BHARTIARTL/part-REDACTED.parquet
2026-07-27,NSE,BHARTIARTL,part-034627_756003-000197.parquet,ctrade1-l2-data,raw_l2/trade_date=2026-07-27/exchange=NSE/symbol=BHARTIARTL/part-REDACTED.parquet
2026-07-27,NSE,BHARTIARTL,part-034642_067169-000229.parquet,ctrade1-l2-data,raw_l2/trade_date=2026-07-27/exchange=NSE/symbol=BHARTIARTL/part-REDACTED.parquet
2026-07-27,NSE,BHARTIARTL,part-034656_504703-000261.parquet,ctrade1-l2-data,raw_l2/trade_date=2026-07-27/exchange=NSE/symbol=BHARTIARTL/part-REDACTED.parquet
2026-07-27,NSE,BHARTIARTL,part-034710_505084-000293.parquet,ctrade1-l2-data,raw_l2/trade_date=2026-07-27/exchange=NSE/symbol=BHARTIARTL/part-REDACTED.parquet
2026-07-27,NSE,BHARTIARTL,part-034724_491528-000325.parquet,ctrade1-l2-data,raw_l2/trade_date=2026-07-27/exchange=NSE/symbol=BHARTIARTL/part-REDACTED.parquet
2026-07-27,NSE,BHARTIARTL,part-034738_753999-000357.parquet,ctrade1-l2-data,raw_l2/trade_date=2026-07-27/exchange=NSE/symbol=BHARTIARTL/part-REDACTED.parquet
2026-07-27,NSE,BHARTIARTL,part-034752_822133-000389.parquet,ctrade1-l2-data,raw_l2/trade_date=2026-07-27/exchange=NSE/symbol=BHARTIARTL/part-REDACTED.parquet
2026-07-27,NSE,BHARTIARTL,part-034807_031130-000421.parquet,ctrade1-l2-data,raw_l2/trade_date=2026-07-27/exchange=NSE/symbol=BHARTIARTL/part-REDACTED.parquet
2026-07-27,NSE,BHARTIARTL,part-034821_528645-000453.parquet,ctrade1-l2-data,raw_l2/trade_date=2026-07-27/exchange=NSE/symbol=BHARTIARTL/part-REDACTED.parquet
2026-07-27,NSE,BHARTIARTL,part-034836_024447-000485.parquet,ctrade1-l2-data,raw_l2/trade_date=2026-07-27/exchange=NSE/symbol=BHARTIARTL/part-REDACTED.parquet
2026-07-27,NSE,BHARTIARTL,part-034850_327248-000517.parquet,ctrade1-l2-data,raw_l2/trade_date=2026-07-27/exchange=NSE/symbol=BHARTIARTL/part-REDACTED.parquet
2026-07-27,NSE,BHARTIARTL,part-034904_755868-000549.parquet,ctrade1-l2-data,raw_l2/trade_date=2026-07-27/exchange=NSE/symbol=BHARTIARTL/part-REDACTED.parquet
2026-07-27,NSE,BHARTIARTL,part-034919_255472-000581.parquet,ctrade1-l2-data,raw_l2/trade_date=2026-07-27/exchange=NSE/symbol=BHARTIARTL/part-REDACTED.parquet
2026-07-27,NSE,BHARTIARTL,part-034933_582737-000613.parquet,ctrade1-l2-data,raw_l2/trade_date=2026-07-27/exchange=NSE/symbol=BHARTIARTL/part-REDACTED.parquet
2026-07-27,NSE,BHARTIARTL,part-034948_202482-000645.parquet,ctrade1-l2-data,raw_l2/trade_date=2026-07-27/exchange=NSE/symbol=BHARTIARTL/part-REDACTED.parquet
2026-07-27,NSE,BHARTIARTL,part-035002_796389-000677.parquet,ctrade1-l2-data,raw_l2/trade_date=2026-07-27/exchange=NSE/symbol=BHARTIARTL/part-REDACTED.parquet
2026-07-27,NSE,BHARTIARTL,part-035017_028080-000709.parquet,ctrade1-l2-data,raw_l2/trade_date=2026-07-27/exchange=NSE/symbol=BHARTIARTL/part-REDACTED.parquet
2026-07-27,NSE,BHARTIARTL,part-035031_028808-000741.parquet,ctrade1-l2-data,raw_l2/trade_date=2026-07-27/exchange=NSE/symbol=BHARTIARTL/part-REDACTED.parquet
2026-07-27,NSE,BHARTIARTL,part-035045_327369-000773.parquet,ctrade1-l2-data,raw_l2/trade_date=2026-07-27/exchange=NSE/symbol=BHARTIARTL/part-REDACTED.parquet
2026-07-27,NSE,BHARTIARTL,part-035059_493965-000805.parquet,ctrade1-l2-data,raw_l2/trade_date=2026-07-27/exchange=NSE/symbol=BHARTIARTL/part-REDACTED.parquet
2026-07-27,NSE,BHARTIARTL,part-035113_782734-000837.parquet,ctrade1-l2-data,raw_l2/trade_date=2026-07-27/exchange=NSE/symbol=BHARTIARTL/part-REDACTED.parquet
2026-07-27,NSE,BHARTIARTL,part-035128_259273-000869.parquet,ctrade1-l2-data,raw_l2/trade_date=2026-07-27/exchange=NSE/symbol=BHARTIARTL/part-REDACTED.parquet
2026-07-27,NSE,BHARTIARTL,part-035142_498956-000901.parquet,ctrade1-l2-data,raw_l2/trade_date=2026-07-27/exchange=NSE/symbol=BHARTIARTL/part-REDACTED.parquet
2026-07-27,NSE,BHARTIARTL,part-035156_520756-000933.parquet,ctrade1-l2-data,raw_l2/trade_date=2026-07-27/exchange=NSE/symbol=BHARTIARTL/part-REDACTED.parquet
2026-07-27,NSE,BHARTIARTL,part-035210_793485-000965.parquet,ctrade1-l2-data,raw_l2/trade_date=2026-07-27/exchange=NSE/symbol=BHARTIARTL/part-REDACTED.parquet
2026-07-27,NSE,BHARTIARTL,part-035225_031784-000997.parquet,ctrade1-l2-data,raw_l2/trade_date=2026-07-27/exchange=NSE/symbol=BHARTIARTL/part-REDACTED.parquet
2026-07-27,NSE,BHARTIARTL,part-035239_259243-001029.parquet,ctrade1-l2-data,raw_l2/trade_date=2026-07-27/exchange=NSE/symbol=BHARTIARTL/part-REDACTED.parquet
2026-07-27,NSE,BHARTIARTL,part-035253_531170-001061.parquet,ctrade1-l2-data,raw_l2/trade_date=2026-07-27/exchange=NSE/symbol=BHARTIARTL/part-REDACTED.parquet
2026-07-27,NSE,BHARTIARTL,part-035307_814741-001093.parquet,ctrade1-l2-data,raw_l2/trade_date=2026-07-27/exchange=NSE/symbol=BHARTIARTL/part-REDACTED.parquet
2026-07-27,NSE,BHARTIARTL,part-035322_053918-001125.parquet,ctrade1-l2-data,raw_l2/trade_date=2026-07-27/exchange=NSE/symbol=BHARTIARTL/part-REDACTED.parquet
2026-07-27,NSE,BHARTIARTL,part-035336_579026-001157.parquet,ctrade1-l2-data,raw_l2/trade_date=2026-07-27/exchange=NSE/symbol=BHARTIARTL/part-REDACTED.parquet
2026-07-27,NSE,BHARTIARTL,part-035351_031868-001189.parquet,ctrade1-l2-data,raw_l2/trade_date=2026-07-27/exchange=NSE/symbol=BHARTIARTL/part-REDACTED.parquet
2026-07-27,NSE,BHARTIARTL,part-035405_322686-001221.parquet,ctrade1-l2-data,raw_l2/trade_date=2026-07-27/exchange=NSE/symbol=BHARTIARTL/part-REDACTED.parquet
2026-07-27,NSE,BHARTIARTL,part-035419_524293-001253.parquet,ctrade1-l2-data,raw_l2/trade_date=2026-07-27/exchange=NSE/symbol=BHARTIARTL/part-REDACTED.parquet
2026-07-27,NSE,BHARTIARTL,part-035433_525327-001285.parquet,ctrade1-l2-data,raw_l2/trade_date=2026-07-27/exchange=NSE/symbol=BHARTIARTL/part-REDACTED.parquet
2026-07-27,NSE,BHARTIARTL,part-035447_978945-001317.parquet,ctrade1-l2-data,raw_l2/trade_date=2026-07-27/exchange=NSE/symbol=BHARTIARTL/part-REDACTED.parquet
2026-07-27,NSE,BHARTIARTL,part-035503_015124-001349.parquet,ctrade1-l2-data,raw_l2/trade_date=2026-07-27/exchange=NSE/symbol=BHARTIARTL/part-REDACTED.parquet
2026-07-27,NSE,BHARTIARTL,part-035517_509751-001381.parquet,ctrade1-l2-data,raw_l2/trade_date=2026-07-27/exchange=NSE/symbol=BHARTIARTL/part-REDACTED.parquet
2026-07-27,NSE,BHARTIARTL,part-035531_774761-001413.parquet,ctrade1-l2-data,raw_l2/trade_date=2026-07-27/exchange=NSE/symbol=BHARTIARTL/part-REDACTED.parquet
2026-07-27,NSE,BHARTIARTL,part-035546_274530-001445.parquet,ctrade1-l2-data,raw_l2/trade_date=2026-07-27/exchange=NSE/symbol=BHARTIARTL/part-REDACTED.parquet
2026-07-27,NSE,BHARTIARTL,part-035600_318932-001477.parquet,ctrade1-l2-data,raw_l2/trade_date=2026-07-27/exchange=NSE/symbol=BHARTIARTL/part-REDACTED.parquet
2026-07-27,NSE,BHARTIARTL,part-035615_245112-001509.parquet,ctrade1-l2-data,raw_l2/trade_date=2026-07-27/exchange=NSE/symbol=BHARTIARTL/part-REDACTED.parquet
2026-07-27,NSE,BHARTIARTL,part-035629_612853-001541.parquet,ctrade1-l2-data,raw_l2/trade_date=2026-07-27/exchange=NSE/symbol=BHARTIARTL/part-REDACTED.parquet
2026-07-27,NSE,BHARTIARTL,part-035644_029041-001573.parquet,ctrade1-l2-data,raw_l2/trade_date=2026-07-27/exchange=NSE/symbol=BHARTIARTL/part-REDACTED.parquet
2026-07-27,NSE,BHARTIARTL,part-035658_288584-001605.parquet,ctrade1-l2-data,raw_l2/trade_date=2026-07-27/exchange=NSE/symbol=BHARTIARTL/part-REDACTED.parquet
2026-07-27,NSE,BHARTIARTL,part-035712_546198-001637.parquet,ctrade1-l2-data,raw_l2/trade_date=2026-07-27/exchange=NSE/symbol=BHARTIARTL/part-REDACTED.parquet
2026-07-27,NSE,BHARTIARTL,part-035726_962844-001669.parquet,ctrade1-l2-data,raw_l2/trade_date=2026-07-27/exchange=NSE/symbol=BHARTIARTL/part-REDACTED.parquet
2026-07-27,NSE,BHARTIARTL,part-035741_282992-001701.parquet,ctrade1-l2-data,raw_l2/trade_date=2026-07-27/exchange=NSE/symbol=BHARTIARTL/part-REDACTED.parquet
2026-07-27,NSE,BHARTIARTL,part-035755_570191-001733.parquet,ctrade1-l2-data,raw_l2/trade_date=2026-07-27/exchange=NSE/symbol=BHARTIARTL/part-REDACTED.parquet
2026-07-27,NSE,BHARTIARTL,part-035809_791091-001765.parquet,ctrade1-l2-data,raw_l2/trade_date=2026-07-27/exchange=NSE/symbol=BHARTIARTL/part-REDACTED.parquet
2026-07-27,NSE,BHARTIARTL,part-035824_273532-001797.parquet,ctrade1-l2-data,raw_l2/trade_date=2026-07-27/exchange=NSE/symbol=BHARTIARTL/part-REDACTED.parquet
2026-07-27,NSE,BHARTIARTL,part-035838_561298-001829.parquet,ctrade1-l2-data,raw_l2/trade_date=2026-07-27/exchange=NSE/symbol=BHARTIARTL/part-REDACTED.parquet
2026-07-27,NSE,BHARTIARTL,part-035853_040996-001861.parquet,ctrade1-l2-data,raw_l2/trade_date=2026-07-27/exchange=NSE/symbol=BHARTIARTL/part-REDACTED.parquet
2026-07-27,NSE,BHARTIARTL,part-035907_270509-001893.parquet,ctrade1-l2-data,raw_l2/trade_date=2026-07-27/exchange=NSE/symbol=BHARTIARTL/part-REDACTED.parquet
2026-07-27,NSE,BHARTIARTL,part-035921_794122-001925.parquet,ctrade1-l2-data,raw_l2/trade_date=2026-07-27/exchange=NSE/symbol=BHARTIARTL/part-REDACTED.parquet
2026-07-27,NSE,BHARTIARTL,part-035936_291701-001957.parquet,ctrade1-l2-data,raw_l2/trade_date=2026-07-27/exchange=NSE/symbol=BHARTIARTL/part-REDACTED.parquet
2026-07-27,NSE,BHARTIARTL,part-035950_510825-001989.parquet,ctrade1-l2-data,raw_l2/trade_date=2026-07-27/exchange=NSE/symbol=BHARTIARTL/part-REDACTED.parquet
2026-07-27,NSE,BHARTIARTL,part-040005_024365-002021.parquet,ctrade1-l2-data,raw_l2/trade_date=2026-07-27/exchange=NSE/symbol=BHARTIARTL/part-REDACTED.parquet
2026-07-27,NSE,BHARTIARTL,part-040019_526341-002053.parquet,ctrade1-l2-data,raw_l2/trade_date=2026-07-27/exchange=NSE/symbol=BHARTIARTL/part-REDACTED.parquet
2026-07-27,NSE,BHARTIARTL,part-040033_832078-002085.parquet,ctrade1-l2-data,raw_l2/trade_date=2026-07-27/exchange=NSE/symbol=BHARTIARTL/part-REDACTED.parquet
2026-07-27,NSE,BHARTIARTL,part-040048_071405-002117.parquet,ctrade1-l2-data,raw_l2/trade_date=2026-07-27/exchange=NSE/symbol=BHARTIARTL/part-REDACTED.parquet
2026-07-27,NSE,BHARTIARTL,part-040102_566164-002149.parquet,ctrade1-l2-data,raw_l2/trade_date=2026-07-27/exchange=NSE/symbol=BHARTIARTL/part-REDACTED.parquet
2026-07-27,NSE,BHARTIARTL,part-040117_061857-002181.parquet,ctrade1-l2-data,raw_l2/trade_date=2026-07-27/exchange=NSE/symbol=BHARTIARTL/part-REDACTED.parquet
2026-07-27,NSE,BHARTIARTL,part-040131_298348-002213.parquet,ctrade1-l2-data,raw_l2/trade_date=2026-07-27/exchange=NSE/symbol=BHARTIARTL/part-REDACTED.parquet
2026-07-27,NSE,BHARTIARTL,part-040146_040458-002245.parquet,ctrade1-l2-data,raw_l2/trade_date=2026-07-27/exchange=NSE/symbol=BHARTIARTL/part-REDACTED.parquet
2026-07-27,NSE,BHARTIARTL,part-040200_316971-002277.parquet,ctrade1-l2-data,raw_l2/trade_date=2026-07-27/exchange=NSE/symbol=BHARTIARTL/part-REDACTED.parquet
2026-07-27,NSE,BHARTIARTL,part-040214_797354-002309.parquet,ctrade1-l2-data,raw_l2/trade_date=2026-07-27/exchange=NSE/symbol=BHARTIARTL/part-REDACTED.parquet
2026-07-27,NSE,BHARTIARTL,part-040229_316616-002341.parquet,ctrade1-l2-data,raw_l2/trade_date=2026-07-27/exchange=NSE/symbol=BHARTIARTL/part-REDACTED.parquet
2026-07-27,NSE,BHARTIARTL,part-040244_060122-002373.parquet,ctrade1-l2-data,raw_l2/trade_date=2026-07-27/exchange=NSE/symbol=BHARTIARTL/part-REDACTED.parquet
2026-07-27,NSE,BHARTIARTL,part-040258_594781-002405.parquet,ctrade1-l2-data,raw_l2/trade_date=2026-07-27/exchange=NSE/symbol=BHARTIARTL/part-REDACTED.parquet
2026-07-27,NSE,BHARTIARTL,part-040313_253547-002437.parquet,ctrade1-l2-data,raw_l2/trade_date=2026-07-27/exchange=NSE/symbol=BHARTIARTL/part-REDACTED.parquet
2026-07-27,NSE,BHARTIARTL,part-040327_534936-002469.parquet,ctrade1-l2-data,raw_l2/trade_date=2026-07-27/exchange=NSE/symbol=BHARTIARTL/part-REDACTED.parquet
2026-07-27,NSE,BHARTIARTL,part-040342_044997-002501.parquet,ctrade1-l2-data,raw_l2/trade_date=2026-07-27/exchange=NSE/symbol=BHARTIARTL/part-REDACTED.parquet
2026-07-27,NSE,BHARTIARTL,part-040356_324774-002533.parquet,ctrade1-l2-data,raw_l2/trade_date=2026-07-27/exchange=NSE/symbol=BHARTIARTL/part-REDACTED.parquet
2026-07-27,NSE,BHARTIARTL,part-040411_056420-002565.parquet,ctrade1-l2-data,raw_l2/trade_date=2026-07-27/exchange=NSE/symbol=BHARTIARTL/part-REDACTED.parquet
2026-07-27,NSE,BHARTIARTL,part-040425_570902-002597.parquet,ctrade1-l2-data,raw_l2/trade_date=2026-07-27/exchange=NSE/symbol=BHARTIARTL/part-REDACTED.parquet
2026-07-27,NSE,BHARTIARTL,part-040439_788679-002629.parquet,ctrade1-l2-data,raw_l2/trade_date=2026-07-27/exchange=NSE/symbol=BHARTIARTL/part-REDACTED.parquet
2026-07-27,NSE,BHARTIARTL,part-040454_285873-002661.parquet,ctrade1-l2-data,raw_l2/trade_date=2026-07-27/exchange=NSE/symbol=BHARTIARTL/part-REDACTED.parquet
2026-07-27,NSE,BHARTIARTL,part-040508_566347-002693.parquet,ctrade1-l2-data,raw_l2/trade_date=2026-07-27/exchange=NSE/symbol=BHARTIARTL/part-REDACTED.parquet
2026-07-27,NSE,BHARTIARTL,part-040522_987481-002725.parquet,ctrade1-l2-data,raw_l2/trade_date=2026-07-27/exchange=NSE/symbol=BHARTIARTL/part-REDACTED.parquet
2026-07-27,NSE,BHARTIARTL,part-040536_992207-002757.parquet,ctrade1-l2-data,raw_l2/trade_date=2026-07-27/exchange=NSE/symbol=BHARTIARTL/part-REDACTED.parquet
2026-07-27,NSE,BHARTIARTL,part-040551_230723-002789.parquet,ctrade1-l2-data,raw_l2/trade_date=2026-07-27/exchange=NSE/symbol=BHARTIARTL/part-REDACTED.parquet
2026-07-27,NSE,BHARTIARTL,part-040605_240343-002821.parquet,ctrade1-l2-data,raw_l2/trade_date=2026-07-27/exchange=NSE/symbol=BHARTIARTL/part-REDACTED.parquet
2026-07-27,NSE,BHARTIARTL,part-040619_249259-002853.parquet,ctrade1-l2-data,raw_l2/trade_date=2026-07-27/exchange=NSE/symbol=BHARTIARTL/part-REDACTED.parquet
2026-07-27,NSE,BHARTIARTL,part-040633_269956-002885.parquet,ctrade1-l2-data,raw_l2/trade_date=2026-07-27/exchange=NSE/symbol=BHARTIARTL/part-REDACTED.parquet
2026-07-27,NSE,BHARTIARTL,part-040647_253779-002917.parquet,ctrade1-l2-data,raw_l2/trade_date=2026-07-27/exchange=NSE/symbol=BHARTIARTL/part-REDACTED.parquet
2026-07-27,NSE,BHARTIARTL,part-040701_251015-002949.parquet,ctrade1-l2-data,raw_l2/trade_date=2026-07-27/exchange=NSE/symbol=BHARTIARTL/part-REDACTED.parquet
2026-07-27,NSE,BHARTIARTL,part-040715_539307-002981.parquet,ctrade1-l2-data,raw_l2/trade_date=2026-07-27/exchange=NSE/symbol=BHARTIARTL/part-REDACTED.parquet
2026-07-27,NSE,BHARTIARTL,part-040729_778407-003013.parquet,ctrade1-l2-data,raw_l2/trade_date=2026-07-27/exchange=NSE/symbol=BHARTIARTL/part-REDACTED.parquet
2026-07-27,NSE,BHARTIARTL,part-040744_003358-003045.parquet,ctrade1-l2-data,raw_l2/trade_date=2026-07-27/exchange=NSE/symbol=BHARTIARTL/part-REDACTED.parquet
2026-07-27,NSE,BHARTIARTL,part-040758_291334-003077.parquet,ctrade1-l2-data,raw_l2/trade_date=2026-07-27/exchange=NSE/symbol=BHARTIARTL/part-REDACTED.parquet
2026-07-27,NSE,BHARTIARTL,part-040812_744650-003109.parquet,ctrade1-l2-data,raw_l2/trade_date=2026-07-27/exchange=NSE/symbol=BHARTIARTL/part-REDACTED.parquet
2026-07-27,NSE,BHARTIARTL,part-040827_064629-003141.parquet,ctrade1-l2-data,raw_l2/trade_date=2026-07-27/exchange=NSE/symbol=BHARTIARTL/part-REDACTED.parquet
2026-07-27,NSE,BHARTIARTL,part-040841_275440-003173.parquet,ctrade1-l2-data,raw_l2/trade_date=2026-07-27/exchange=NSE/symbol=BHARTIARTL/part-REDACTED.parquet
2026-07-27,NSE,BHARTIARTL,part-040855_559360-003205.parquet,ctrade1-l2-data,raw_l2/trade_date=2026-07-27/exchange=NSE/symbol=BHARTIARTL/part-REDACTED.parquet
2026-07-27,NSE,BHARTIARTL,part-040909_816047-003237.parquet,ctrade1-l2-data,raw_l2/trade_date=2026-07-27/exchange=NSE/symbol=BHARTIARTL/part-REDACTED.parquet
2026-07-27,NSE,BHARTIARTL,part-040923_747546-003269.parquet,ctrade1-l2-data,raw_l2/trade_date=2026-07-27/exchange=NSE/symbol=BHARTIARTL/part-REDACTED.parquet
2026-07-27,NSE,BHARTIARTL,part-040938_082970-003301.parquet,ctrade1-l2-data,raw_l2/trade_date=2026-07-27/exchange=NSE/symbol=BHARTIARTL/part-REDACTED.parquet
2026-07-27,NSE,BHARTIARTL,part-040952_317035-003333.parquet,ctrade1-l2-data,raw_l2/trade_date=2026-07-27/exchange=NSE/symbol=BHARTIARTL/part-REDACTED.parquet
2026-07-27,NSE,BHARTIARTL,part-041006_605996-003365.parquet,ctrade1-l2-data,raw_l2/trade_date=2026-07-27/exchange=NSE/symbol=BHARTIARTL/part-REDACTED.parquet
2026-07-27,NSE,BHARTIARTL,part-041020_757105-003397.parquet,ctrade1-l2-data,raw_l2/trade_date=2026-07-27/exchange=NSE/symbol=BHARTIARTL/part-REDACTED.parquet
2026-07-27,NSE,BHARTIARTL,part-041035_039519-003429.parquet,ctrade1-l2-data,raw_l2/trade_date=2026-07-27/exchange=NSE/symbol=BHARTIARTL/part-REDACTED.parquet
2026-07-27,NSE,BHARTIARTL,part-041049_485851-003461.parquet,ctrade1-l2-data,raw_l2/trade_date=2026-07-27/exchange=NSE/symbol=BHARTIARTL/part-REDACTED.parquet
2026-07-27,NSE,BHARTIARTL,part-041103_586138-003493.parquet,ctrade1-l2-data,raw_l2/trade_date=2026-07-27/exchange=NSE/symbol=BHARTIARTL/part-REDACTED.parquet
2026-07-27,NSE,BHARTIARTL,part-041118_035367-003525.parquet,ctrade1-l2-data,raw_l2/trade_date=2026-07-27/exchange=NSE/symbol=BHARTIARTL/part-REDACTED.parquet
2026-07-27,NSE,BHARTIARTL,part-041132_029550-003557.parquet,ctrade1-l2-data,raw_l2/trade_date=2026-07-27/exchange=NSE/symbol=BHARTIARTL/part-REDACTED.parquet
2026-07-27,NSE,BHARTIARTL,part-041146_286833-003589.parquet,ctrade1-l2-data,raw_l2/trade_date=2026-07-27/exchange=NSE/symbol=BHARTIARTL/part-REDACTED.parquet
2026-07-27,NSE,BHARTIARTL,part-041200_489638-003621.parquet,ctrade1-l2-data,raw_l2/trade_date=2026-07-27/exchange=NSE/symbol=BHARTIARTL/part-REDACTED.parquet
2026-07-27,NSE,BHARTIARTL,part-041214_492472-003653.parquet,ctrade1-l2-data,raw_l2/trade_date=2026-07-27/exchange=NSE/symbol=BHARTIARTL/part-REDACTED.parquet
2026-07-27,NSE,BHARTIARTL,part-041228_525546-003685.parquet,ctrade1-l2-data,raw_l2/trade_date=2026-07-27/exchange=NSE/symbol=BHARTIARTL/part-REDACTED.parquet
2026-07-27,NSE,BHARTIARTL,part-041243_746592-003717.parquet,ctrade1-l2-data,raw_l2/trade_date=2026-07-27/exchange=NSE/symbol=BHARTIARTL/part-REDACTED.parquet
2026-07-27,NSE,BHARTIARTL,part-041257_758148-003749.parquet,ctrade1-l2-data,raw_l2/trade_date=2026-07-27/exchange=NSE/symbol=BHARTIARTL/part-REDACTED.parquet
2026-07-27,NSE,BHARTIARTL,part-041311_734086-003781.parquet,ctrade1-l2-data,raw_l2/trade_date=2026-07-27/exchange=NSE/symbol=BHARTIARTL/part-REDACTED.parquet
2026-07-27,NSE,BHARTIARTL,part-041326_280234-003813.parquet,ctrade1-l2-data,raw_l2/trade_date=2026-07-27/exchange=NSE/symbol=BHARTIARTL/part-REDACTED.parquet
2026-07-27,NSE,BHARTIARTL,part-041340_326554-003845.parquet,ctrade1-l2-data,raw_l2/trade_date=2026-07-27/exchange=NSE/symbol=BHARTIARTL/part-REDACTED.parquet
2026-07-27,NSE,BHARTIARTL,part-041354_292228-003877.parquet,ctrade1-l2-data,raw_l2/trade_date=2026-07-27/exchange=NSE/symbol=BHARTIARTL/part-REDACTED.parquet
2026-07-27,NSE,BHARTIARTL,part-041408_241716-003909.parquet,ctrade1-l2-data,raw_l2/trade_date=2026-07-27/exchange=NSE/symbol=BHARTIARTL/part-REDACTED.parquet
2026-07-27,NSE,BHARTIARTL,part-041422_279362-003941.parquet,ctrade1-l2-data,raw_l2/trade_date=2026-07-27/exchange=NSE/symbol=BHARTIARTL/part-REDACTED.parquet
2026-07-27,NSE,BHARTIARTL,part-041436_256022-003973.parquet,ctrade1-l2-data,raw_l2/trade_date=2026-07-27/exchange=NSE/symbol=BHARTIARTL/part-REDACTED.parquet
2026-07-27,NSE,BHARTIARTL,part-041450_288002-004005.parquet,ctrade1-l2-data,raw_l2/trade_date=2026-07-27/exchange=NSE/symbol=BHARTIARTL/part-REDACTED.parquet
2026-07-27,NSE,BHARTIARTL,part-041504_258290-004037.parquet,ctrade1-l2-data,raw_l2/trade_date=2026-07-27/exchange=NSE/symbol=BHARTIARTL/part-REDACTED.parquet
2026-07-27,NSE,BHARTIARTL,part-041518_264096-004069.parquet,ctrade1-l2-data,raw_l2/trade_date=2026-07-27/exchange=NSE/symbol=BHARTIARTL/part-REDACTED.parquet
2026-07-27,NSE,BHARTIARTL,part-041532_459974-004101.parquet,ctrade1-l2-data,raw_l2/trade_date=2026-07-27/exchange=NSE/symbol=BHARTIARTL/part-REDACTED.parquet
2026-07-27,NSE,BHARTIARTL,part-041547_069935-004133.parquet,ctrade1-l2-data,raw_l2/trade_date=2026-07-27/exchange=NSE/symbol=BHARTIARTL/part-REDACTED.parquet
2026-07-27,NSE,BHARTIARTL,part-041601_035490-004165.parquet,ctrade1-l2-data,raw_l2/trade_date=2026-07-27/exchange=NSE/symbol=BHARTIARTL/part-REDACTED.parquet
2026-07-27,NSE,BHARTIARTL,part-041615_255111-004197.parquet,ctrade1-l2-data,raw_l2/trade_date=2026-07-27/exchange=NSE/symbol=BHARTIARTL/part-REDACTED.parquet
2026-07-27,NSE,BHARTIARTL,part-041629_450621-004229.parquet,ctrade1-l2-data,raw_l2/trade_date=2026-07-27/exchange=NSE/symbol=BHARTIARTL/part-REDACTED.parquet
2026-07-27,NSE,BHARTIARTL,part-041645_987099-004261.parquet,ctrade1-l2-data,raw_l2/trade_date=2026-07-27/exchange=NSE/symbol=BHARTIARTL/part-REDACTED.parquet
2026-07-27,NSE,BHARTIARTL,part-041700_016394-004293.parquet,ctrade1-l2-data,raw_l2/trade_date=2026-07-27/exchange=NSE/symbol=BHARTIARTL/part-REDACTED.parquet
2026-07-27,NSE,BHARTIARTL,part-041714_020367-004325.parquet,ctrade1-l2-data,raw_l2/trade_date=2026-07-27/exchange=NSE/symbol=BHARTIARTL/part-REDACTED.parquet
2026-07-27,NSE,BHARTIARTL,part-041728_278862-004357.parquet,ctrade1-l2-data,raw_l2/trade_date=2026-07-27/exchange=NSE/symbol=BHARTIARTL/part-REDACTED.parquet
2026-07-27,NSE,BHARTIARTL,part-041742_740764-004389.parquet,ctrade1-l2-data,raw_l2/trade_date=2026-07-27/exchange=NSE/symbol=BHARTIARTL/part-REDACTED.parquet
2026-07-27,NSE,BHARTIARTL,part-041757_024770-004421.parquet,ctrade1-l2-data,raw_l2/trade_date=2026-07-27/exchange=NSE/symbol=BHARTIARTL/part-REDACTED.parquet
2026-07-27,NSE,BHARTIARTL,part-041811_511561-004453.parquet,ctrade1-l2-data,raw_l2/trade_date=2026-07-27/exchange=NSE/symbol=BHARTIARTL/part-REDACTED.parquet
2026-07-27,NSE,BHARTIARTL,part-041825_518920-004485.parquet,ctrade1-l2-data,raw_l2/trade_date=2026-07-27/exchange=NSE/symbol=BHARTIARTL/part-REDACTED.parquet
2026-07-27,NSE,BHARTIARTL,part-041839_730164-004517.parquet,ctrade1-l2-data,raw_l2/trade_date=2026-07-27/exchange=NSE/symbol=BHARTIARTL/part-REDACTED.parquet
2026-07-27,NSE,BHARTIARTL,part-041853_741160-004549.parquet,ctrade1-l2-data,raw_l2/trade_date=2026-07-27/exchange=NSE/symbol=BHARTIARTL/part-REDACTED.parquet
2026-07-27,NSE,BHARTIARTL,part-041907_771619-004581.parquet,ctrade1-l2-data,raw_l2/trade_date=2026-07-27/exchange=NSE/symbol=BHARTIARTL/part-REDACTED.parquet
2026-07-27,NSE,BHARTIARTL,part-041921_783124-004613.parquet,ctrade1-l2-data,raw_l2/trade_date=2026-07-27/exchange=NSE/symbol=BHARTIARTL/part-REDACTED.parquet
2026-07-27,NSE,BHARTIARTL,part-041935_742238-004645.parquet,ctrade1-l2-data,raw_l2/trade_date=2026-07-27/exchange=NSE/symbol=BHARTIARTL/part-REDACTED.parquet
2026-07-27,NSE,BHARTIARTL,part-041949_739840-004677.parquet,ctrade1-l2-data,raw_l2/trade_date=2026-07-27/exchange=NSE/symbol=BHARTIARTL/part-REDACTED.parquet
2026-07-27,NSE,BHARTIARTL,part-042003_998427-004709.parquet,ctrade1-l2-data,raw_l2/trade_date=2026-07-27/exchange=NSE/symbol=BHARTIARTL/part-REDACTED.parquet
2026-07-27,NSE,BHARTIARTL,part-042018_014410-004741.parquet,ctrade1-l2-data,raw_l2/trade_date=2026-07-27/exchange=NSE/symbol=BHARTIARTL/part-REDACTED.parquet
2026-07-27,NSE,BHARTIARTL,part-042032_274309-004773.parquet,ctrade1-l2-data,raw_l2/trade_date=2026-07-27/exchange=NSE/symbol=BHARTIARTL/part-REDACTED.parquet
2026-07-27,NSE,BHARTIARTL,part-042046_278672-004805.parquet,ctrade1-l2-data,raw_l2/trade_date=2026-07-27/exchange=NSE/symbol=BHARTIARTL/part-REDACTED.parquet
2026-07-27,NSE,BHARTIARTL,part-042100_264753-004837.parquet,ctrade1-l2-data,raw_l2/trade_date=2026-07-27/exchange=NSE/symbol=BHARTIARTL/part-REDACTED.parquet
2026-07-27,NSE,BHARTIARTL,part-042114_396517-004869.parquet,ctrade1-l2-data,raw_l2/trade_date=2026-07-27/exchange=NSE/symbol=BHARTIARTL/part-REDACTED.parquet
2026-07-27,NSE,BHARTIARTL,part-042128_794117-004901.parquet,ctrade1-l2-data,raw_l2/trade_date=2026-07-27/exchange=NSE/symbol=BHARTIARTL/part-REDACTED.parquet
2026-07-27,NSE,BHARTIARTL,part-042143_004543-004933.parquet,ctrade1-l2-data,raw_l2/trade_date=2026-07-27/exchange=NSE/symbol=BHARTIARTL/part-REDACTED.parquet
2026-07-27,NSE,BHARTIARTL,part-042157_301707-004965.parquet,ctrade1-l2-data,raw_l2/trade_date=2026-07-27/exchange=NSE/symbol=BHARTIARTL/part-REDACTED.parquet
2026-07-27,NSE,BHARTIARTL,part-042212_033363-004997.parquet,ctrade1-l2-data,raw_l2/trade_date=2026-07-27/exchange=NSE/symbol=BHARTIARTL/part-REDACTED.parquet
2026-07-27,NSE,BHARTIARTL,part-042226_270486-005029.parquet,ctrade1-l2-data,raw_l2/trade_date=2026-07-27/exchange=NSE/symbol=BHARTIARTL/part-REDACTED.parquet
2026-07-27,NSE,BHARTIARTL,part-042240_580877-005061.parquet,ctrade1-l2-data,raw_l2/trade_date=2026-07-27/exchange=NSE/symbol=BHARTIARTL/part-REDACTED.parquet
2026-07-27,NSE,BHARTIARTL,part-042255_028680-005093.parquet,ctrade1-l2-data,raw_l2/trade_date=2026-07-27/exchange=NSE/symbol=BHARTIARTL/part-REDACTED.parquet
2026-07-27,NSE,BHARTIARTL,part-042309_280293-005125.parquet,ctrade1-l2-data,raw_l2/trade_date=2026-07-27/exchange=NSE/symbol=BHARTIARTL/part-REDACTED.parquet
2026-07-27,NSE,BHARTIARTL,part-042323_534367-005157.parquet,ctrade1-l2-data,raw_l2/trade_date=2026-07-27/exchange=NSE/symbol=BHARTIARTL/part-REDACTED.parquet
2026-07-27,NSE,BHARTIARTL,part-042338_043311-005189.parquet,ctrade1-l2-data,raw_l2/trade_date=2026-07-27/exchange=NSE/symbol=BHARTIARTL/part-REDACTED.parquet
2026-07-27,NSE,BHARTIARTL,part-042352_285830-005221.parquet,ctrade1-l2-data,raw_l2/trade_date=2026-07-27/exchange=NSE/symbol=BHARTIARTL/part-REDACTED.parquet
2026-07-27,NSE,BHARTIARTL,part-042406_806827-005253.parquet,ctrade1-l2-data,raw_l2/trade_date=2026-07-27/exchange=NSE/symbol=BHARTIARTL/part-REDACTED.parquet
2026-07-27,NSE,BHARTIARTL,part-042421_309700-005285.parquet,ctrade1-l2-data,raw_l2/trade_date=2026-07-27/exchange=NSE/symbol=BHARTIARTL/part-REDACTED.parquet
2026-07-27,NSE,BHARTIARTL,part-042435_588737-005317.parquet,ctrade1-l2-data,raw_l2/trade_date=2026-07-27/exchange=NSE/symbol=BHARTIARTL/part-REDACTED.parquet
2026-07-27,NSE,BHARTIARTL,part-042450_047475-005349.parquet,ctrade1-l2-data,raw_l2/trade_date=2026-07-27/exchange=NSE/symbol=BHARTIARTL/part-REDACTED.parquet
2026-07-27,NSE,BHARTIARTL,part-042504_282784-005381.parquet,ctrade1-l2-data,raw_l2/trade_date=2026-07-27/exchange=NSE/symbol=BHARTIARTL/part-REDACTED.parquet
2026-07-27,NSE,BHARTIARTL,part-042518_596150-005413.parquet,ctrade1-l2-data,raw_l2/trade_date=2026-07-27/exchange=NSE/symbol=BHARTIARTL/part-REDACTED.parquet
2026-07-27,NSE,BHARTIARTL,part-042532_807987-005445.parquet,ctrade1-l2-data,raw_l2/trade_date=2026-07-27/exchange=NSE/symbol=BHARTIARTL/part-REDACTED.parquet
2026-07-27,NSE,BHARTIARTL,part-042547_293817-005477.parquet,ctrade1-l2-data,raw_l2/trade_date=2026-07-27/exchange=NSE/symbol=BHARTIARTL/part-REDACTED.parquet
2026-07-27,NSE,BHARTIARTL,part-042601_818440-005509.parquet,ctrade1-l2-data,raw_l2/trade_date=2026-07-27/exchange=NSE/symbol=BHARTIARTL/part-REDACTED.parquet
2026-07-27,NSE,BHARTIARTL,part-042616_560043-005541.parquet,ctrade1-l2-data,raw_l2/trade_date=2026-07-27/exchange=NSE/symbol=BHARTIARTL/part-REDACTED.parquet
2026-07-27,NSE,BHARTIARTL,part-042630_789080-005573.parquet,ctrade1-l2-data,raw_l2/trade_date=2026-07-27/exchange=NSE/symbol=BHARTIARTL/part-REDACTED.parquet
2026-07-27,NSE,BHARTIARTL,part-042645_074237-005605.parquet,ctrade1-l2-data,raw_l2/trade_date=2026-07-27/exchange=NSE/symbol=BHARTIARTL/part-REDACTED.parquet
2026-07-27,NSE,BHARTIARTL,part-042659_773811-005637.parquet,ctrade1-l2-data,raw_l2/trade_date=2026-07-27/exchange=NSE/symbol=BHARTIARTL/part-REDACTED.parquet
2026-07-27,NSE,BPCL,part-034501_610463-000006.parquet,ctrade1-l2-data,raw_l2/trade_date=2026-07-27/exchange=NSE/symbol=BPCL/part-REDACTED.parquet
2026-07-27,NSE,BPCL,part-034516_400721-000038.parquet,ctrade1-l2-data,raw_l2/trade_date=2026-07-27/exchange=NSE/symbol=BPCL/part-REDACTED.parquet
2026-07-27,NSE,BPCL,part-034530_910781-000070.parquet,ctrade1-l2-data,raw_l2/trade_date=2026-07-27/exchange=NSE/symbol=BPCL/part-REDACTED.parquet
2026-07-27,NSE,BPCL,part-034545_121956-000102.parquet,ctrade1-l2-data,raw_l2/trade_date=2026-07-27/exchange=NSE/symbol=BPCL/part-REDACTED.parquet
2026-07-27,NSE,BPCL,part-034559_177683-000134.parquet,ctrade1-l2-data,raw_l2/trade_date=2026-07-27/exchange=NSE/symbol=BPCL/part-REDACTED.parquet
2026-07-27,NSE,BPCL,part-034613_456449-000166.parquet,ctrade1-l2-data,raw_l2/trade_date=2026-07-27/exchange=NSE/symbol=BPCL/part-REDACTED.parquet
2026-07-27,NSE,BPCL,part-034627_900001-000198.parquet,ctrade1-l2-data,raw_l2/trade_date=2026-07-27/exchange=NSE/symbol=BPCL/part-REDACTED.parquet
2026-07-27,NSE,BPCL,part-034642_213886-000230.parquet,ctrade1-l2-data,raw_l2/trade_date=2026-07-27/exchange=NSE/symbol=BPCL/part-REDACTED.parquet
2026-07-27,NSE,BPCL,part-034656_622326-000262.parquet,ctrade1-l2-data,raw_l2/trade_date=2026-07-27/exchange=NSE/symbol=BPCL/part-REDACTED.parquet
2026-07-27,NSE,BPCL,part-034710_632104-000294.parquet,ctrade1-l2-data,raw_l2/trade_date=2026-07-27/exchange=NSE/symbol=BPCL/part-REDACTED.parquet
2026-07-27,NSE,BPCL,part-034724_605345-000326.parquet,ctrade1-l2-data,raw_l2/trade_date=2026-07-27/exchange=NSE/symbol=BPCL/part-REDACTED.parquet
2026-07-27,NSE,BPCL,part-034738_872372-000358.parquet,ctrade1-l2-data,raw_l2/trade_date=2026-07-27/exchange=NSE/symbol=BPCL/part-REDACTED.parquet
2026-07-27,NSE,BPCL,part-034752_943073-000390.parquet,ctrade1-l2-data,raw_l2/trade_date=2026-07-27/exchange=NSE/symbol=BPCL/part-REDACTED.parquet
2026-07-27,NSE,BPCL,part-034807_179676-000422.parquet,ctrade1-l2-data,raw_l2/trade_date=2026-07-27/exchange=NSE/symbol=BPCL/part-REDACTED.parquet
2026-07-27,NSE,BPCL,part-034821_675296-000454.parquet,ctrade1-l2-data,raw_l2/trade_date=2026-07-27/exchange=NSE/symbol=BPCL/part-REDACTED.parquet
2026-07-27,NSE,BPCL,part-034836_170403-000486.parquet,ctrade1-l2-data,raw_l2/trade_date=2026-07-27/exchange=NSE/symbol=BPCL/part-REDACTED.parquet
2026-07-27,NSE,BPCL,part-034850_457123-000518.parquet,ctrade1-l2-data,raw_l2/trade_date=2026-07-27/exchange=NSE/symbol=BPCL/part-REDACTED.parquet
2026-07-27,NSE,BPCL,part-034904_900359-000550.parquet,ctrade1-l2-data,raw_l2/trade_date=2026-07-27/exchange=NSE/symbol=BPCL/part-REDACTED.parquet
2026-07-27,NSE,BPCL,part-034919_411639-000582.parquet,ctrade1-l2-data,raw_l2/trade_date=2026-07-27/exchange=NSE/symbol=BPCL/part-REDACTED.parquet
2026-07-27,NSE,BPCL,part-034933_707361-000614.parquet,ctrade1-l2-data,raw_l2/trade_date=2026-07-27/exchange=NSE/symbol=BPCL/part-REDACTED.parquet
2026-07-27,NSE,BPCL,part-034948_331029-000646.parquet,ctrade1-l2-data,raw_l2/trade_date=2026-07-27/exchange=NSE/symbol=BPCL/part-REDACTED.parquet
2026-07-27,NSE,BPCL,part-035002_921031-000678.parquet,ctrade1-l2-data,raw_l2/trade_date=2026-07-27/exchange=NSE/symbol=BPCL/part-REDACTED.parquet
2026-07-27,NSE,BPCL,part-035017_154567-000710.parquet,ctrade1-l2-data,raw_l2/trade_date=2026-07-27/exchange=NSE/symbol=BPCL/part-REDACTED.parquet
2026-07-27,NSE,BPCL,part-035031_153180-000742.parquet,ctrade1-l2-data,raw_l2/trade_date=2026-07-27/exchange=NSE/symbol=BPCL/part-REDACTED.parquet
2026-07-27,NSE,BPCL,part-035045_449476-000774.parquet,ctrade1-l2-data,raw_l2/trade_date=2026-07-27/exchange=NSE/symbol=BPCL/part-REDACTED.parquet
2026-07-27,NSE,BPCL,part-035059_622207-000806.parquet,ctrade1-l2-data,raw_l2/trade_date=2026-07-27/exchange=NSE/symbol=BPCL/part-REDACTED.parquet
2026-07-27,NSE,BPCL,part-035113_937361-000838.parquet,ctrade1-l2-data,raw_l2/trade_date=2026-07-27/exchange=NSE/symbol=BPCL/part-REDACTED.parquet
2026-07-27,NSE,BPCL,part-035128_400629-000870.parquet,ctrade1-l2-data,raw_l2/trade_date=2026-07-27/exchange=NSE/symbol=BPCL/part-REDACTED.parquet
2026-07-27,NSE,BPCL,part-035142_617850-000902.parquet,ctrade1-l2-data,raw_l2/trade_date=2026-07-27/exchange=NSE/symbol=BPCL/part-REDACTED.parquet
2026-07-27,NSE,BPCL,part-035156_659631-000934.parquet,ctrade1-l2-data,raw_l2/trade_date=2026-07-27/exchange=NSE/symbol=BPCL/part-REDACTED.parquet
2026-07-27,NSE,BPCL,part-035210_937421-000966.parquet,ctrade1-l2-data,raw_l2/trade_date=2026-07-27/exchange=NSE/symbol=BPCL/part-REDACTED.parquet
2026-07-27,NSE,BPCL,part-035225_153080-000998.parquet,ctrade1-l2-data,raw_l2/trade_date=2026-07-27/exchange=NSE/symbol=BPCL/part-REDACTED.parquet
2026-07-27,NSE,BPCL,part-035239_379368-001030.parquet,ctrade1-l2-data,raw_l2/trade_date=2026-07-27/exchange=NSE/symbol=BPCL/part-REDACTED.parquet
2026-07-27,NSE,BPCL,part-035253_663358-001062.parquet,ctrade1-l2-data,raw_l2/trade_date=2026-07-27/exchange=NSE/symbol=BPCL/part-REDACTED.parquet
2026-07-27,NSE,BPCL,part-035307_957401-001094.parquet,ctrade1-l2-data,raw_l2/trade_date=2026-07-27/exchange=NSE/symbol=BPCL/part-REDACTED.parquet
2026-07-27,NSE,BPCL,part-035322_181212-001126.parquet,ctrade1-l2-data,raw_l2/trade_date=2026-07-27/exchange=NSE/symbol=BPCL/part-REDACTED.parquet
2026-07-27,NSE,BPCL,part-035336_705322-001158.parquet,ctrade1-l2-data,raw_l2/trade_date=2026-07-27/exchange=NSE/symbol=BPCL/part-REDACTED.parquet
2026-07-27,NSE,BPCL,part-035351_155123-001190.parquet,ctrade1-l2-data,raw_l2/trade_date=2026-07-27/exchange=NSE/symbol=BPCL/part-REDACTED.parquet
2026-07-27,NSE,BPCL,part-035405_449849-001222.parquet,ctrade1-l2-data,raw_l2/trade_date=2026-07-27/exchange=NSE/symbol=BPCL/part-REDACTED.parquet
2026-07-27,NSE,BPCL,part-035419_656607-001254.parquet,ctrade1-l2-data,raw_l2/trade_date=2026-07-27/exchange=NSE/symbol=BPCL/part-REDACTED.parquet
2026-07-27,NSE,BPCL,part-035433_643874-001286.parquet,ctrade1-l2-data,raw_l2/trade_date=2026-07-27/exchange=NSE/symbol=BPCL/part-REDACTED.parquet
2026-07-27,NSE,BPCL,part-035448_214861-001318.parquet,ctrade1-l2-data,raw_l2/trade_date=2026-07-27/exchange=NSE/symbol=BPCL/part-REDACTED.parquet
2026-07-27,NSE,BPCL,part-035503_136566-001350.parquet,ctrade1-l2-data,raw_l2/trade_date=2026-07-27/exchange=NSE/symbol=BPCL/part-REDACTED.parquet
2026-07-27,NSE,BPCL,part-035517_650558-001382.parquet,ctrade1-l2-data,raw_l2/trade_date=2026-07-27/exchange=NSE/symbol=BPCL/part-REDACTED.parquet
2026-07-27,NSE,BPCL,part-035531_899311-001414.parquet,ctrade1-l2-data,raw_l2/trade_date=2026-07-27/exchange=NSE/symbol=BPCL/part-REDACTED.parquet
2026-07-27,NSE,BPCL,part-035546_401468-001446.parquet,ctrade1-l2-data,raw_l2/trade_date=2026-07-27/exchange=NSE/symbol=BPCL/part-REDACTED.parquet
2026-07-27,NSE,BPCL,part-035600_448430-001478.parquet,ctrade1-l2-data,raw_l2/trade_date=2026-07-27/exchange=NSE/symbol=BPCL/part-REDACTED.parquet
2026-07-27,NSE,BPCL,part-035615_368352-001510.parquet,ctrade1-l2-data,raw_l2/trade_date=2026-07-27/exchange=NSE/symbol=BPCL/part-REDACTED.parquet
2026-07-27,NSE,BPCL,part-035629_757829-001542.parquet,ctrade1-l2-data,raw_l2/trade_date=2026-07-27/exchange=NSE/symbol=BPCL/part-REDACTED.parquet
2026-07-27,NSE,BPCL,part-035644_146166-001574.parquet,ctrade1-l2-data,raw_l2/trade_date=2026-07-27/exchange=NSE/symbol=BPCL/part-REDACTED.parquet
2026-07-27,NSE,BPCL,part-035658_407542-001606.parquet,ctrade1-l2-data,raw_l2/trade_date=2026-07-27/exchange=NSE/symbol=BPCL/part-REDACTED.parquet
2026-07-27,NSE,BPCL,part-035712_683670-001638.parquet,ctrade1-l2-data,raw_l2/trade_date=2026-07-27/exchange=NSE/symbol=BPCL/part-REDACTED.parquet
2026-07-27,NSE,BPCL,part-035727_101541-001670.parquet,ctrade1-l2-data,raw_l2/trade_date=2026-07-27/exchange=NSE/symbol=BPCL/part-REDACTED.parquet
2026-07-27,NSE,BPCL,part-035741_416077-001702.parquet,ctrade1-l2-data,raw_l2/trade_date=2026-07-27/exchange=NSE/symbol=BPCL/part-REDACTED.parquet
2026-07-27,NSE,BPCL,part-035755_694287-001734.parquet,ctrade1-l2-data,raw_l2/trade_date=2026-07-27/exchange=NSE/symbol=BPCL/part-REDACTED.parquet
2026-07-27,NSE,BPCL,part-035809_916942-001766.parquet,ctrade1-l2-data,raw_l2/trade_date=2026-07-27/exchange=NSE/symbol=BPCL/part-REDACTED.parquet
2026-07-27,NSE,BPCL,part-035824_418305-001798.parquet,ctrade1-l2-data,raw_l2/trade_date=2026-07-27/exchange=NSE/symbol=BPCL/part-REDACTED.parquet
2026-07-27,NSE,BPCL,part-035838_691194-001830.parquet,ctrade1-l2-data,raw_l2/trade_date=2026-07-27/exchange=NSE/symbol=BPCL/part-REDACTED.parquet
2026-07-27,NSE,BPCL,part-035853_171094-001862.parquet,ctrade1-l2-data,raw_l2/trade_date=2026-07-27/exchange=NSE/symbol=BPCL/part-REDACTED.parquet
2026-07-27,NSE,BPCL,part-035907_393365-001894.parquet,ctrade1-l2-data,raw_l2/trade_date=2026-07-27/exchange=NSE/symbol=BPCL/part-REDACTED.parquet
2026-07-27,NSE,BPCL,part-035921_927790-001926.parquet,ctrade1-l2-data,raw_l2/trade_date=2026-07-27/exchange=NSE/symbol=BPCL/part-REDACTED.parquet
2026-07-27,NSE,BPCL,part-035936_409781-001958.parquet,ctrade1-l2-data,raw_l2/trade_date=2026-07-27/exchange=NSE/symbol=BPCL/part-REDACTED.parquet
2026-07-27,NSE,BPCL,part-035950_631149-001990.parquet,ctrade1-l2-data,raw_l2/trade_date=2026-07-27/exchange=NSE/symbol=BPCL/part-REDACTED.parquet
2026-07-27,NSE,BPCL,part-040005_149470-002022.parquet,ctrade1-l2-data,raw_l2/trade_date=2026-07-27/exchange=NSE/symbol=BPCL/part-REDACTED.parquet
2026-07-27,NSE,BPCL,part-040019_662415-002054.parquet,ctrade1-l2-data,raw_l2/trade_date=2026-07-27/exchange=NSE/symbol=BPCL/part-REDACTED.parquet
2026-07-27,NSE,BPCL,part-040033_953017-002086.parquet,ctrade1-l2-data,raw_l2/trade_date=2026-07-27/exchange=NSE/symbol=BPCL/part-REDACTED.parquet
2026-07-27,NSE,BPCL,part-040048_194454-002118.parquet,ctrade1-l2-data,raw_l2/trade_date=2026-07-27/exchange=NSE/symbol=BPCL/part-REDACTED.parquet
2026-07-27,NSE,BPCL,part-040102_692642-002150.parquet,ctrade1-l2-data,raw_l2/trade_date=2026-07-27/exchange=NSE/symbol=BPCL/part-REDACTED.parquet
2026-07-27,NSE,BPCL,part-040117_203423-002182.parquet,ctrade1-l2-data,raw_l2/trade_date=2026-07-27/exchange=NSE/symbol=BPCL/part-REDACTED.parquet
2026-07-27,NSE,BPCL,part-040131_426248-002214.parquet,ctrade1-l2-data,raw_l2/trade_date=2026-07-27/exchange=NSE/symbol=BPCL/part-REDACTED.parquet
2026-07-27,NSE,BPCL,part-040146_165435-002246.parquet,ctrade1-l2-data,raw_l2/trade_date=2026-07-27/exchange=NSE/symbol=BPCL/part-REDACTED.parquet
2026-07-27,NSE,BPCL,part-040200_452804-002278.parquet,ctrade1-l2-data,raw_l2/trade_date=2026-07-27/exchange=NSE/symbol=BPCL/part-REDACTED.parquet
2026-07-27,NSE,BPCL,part-040214_932950-002310.parquet,ctrade1-l2-data,raw_l2/trade_date=2026-07-27/exchange=NSE/symbol=BPCL/part-REDACTED.parquet
2026-07-27,NSE,BPCL,part-040229_483999-002342.parquet,ctrade1-l2-data,raw_l2/trade_date=2026-07-27/exchange=NSE/symbol=BPCL/part-REDACTED.parquet
2026-07-27,NSE,BPCL,part-040244_185925-002374.parquet,ctrade1-l2-data,raw_l2/trade_date=2026-07-27/exchange=NSE/symbol=BPCL/part-REDACTED.parquet
2026-07-27,NSE,BPCL,part-040258_790371-002406.parquet,ctrade1-l2-data,raw_l2/trade_date=2026-07-27/exchange=NSE/symbol=BPCL/part-REDACTED.parquet
2026-07-27,NSE,BPCL,part-040313_408365-002438.parquet,ctrade1-l2-data,raw_l2/trade_date=2026-07-27/exchange=NSE/symbol=BPCL/part-REDACTED.parquet
2026-07-27,NSE,BPCL,part-040327_651047-002470.parquet,ctrade1-l2-data,raw_l2/trade_date=2026-07-27/exchange=NSE/symbol=BPCL/part-REDACTED.parquet
2026-07-27,NSE,BPCL,part-040342_167990-002502.parquet,ctrade1-l2-data,raw_l2/trade_date=2026-07-27/exchange=NSE/symbol=BPCL/part-REDACTED.parquet
2026-07-27,NSE,BPCL,part-040356_446451-002534.parquet,ctrade1-l2-data,raw_l2/trade_date=2026-07-27/exchange=NSE/symbol=BPCL/part-REDACTED.parquet
2026-07-27,NSE,BPCL,part-040411_174323-002566.parquet,ctrade1-l2-data,raw_l2/trade_date=2026-07-27/exchange=NSE/symbol=BPCL/part-REDACTED.parquet
2026-07-27,NSE,BPCL,part-040425_685173-002598.parquet,ctrade1-l2-data,raw_l2/trade_date=2026-07-27/exchange=NSE/symbol=BPCL/part-REDACTED.parquet
2026-07-27,NSE,BPCL,part-040439_910387-002630.parquet,ctrade1-l2-data,raw_l2/trade_date=2026-07-27/exchange=NSE/symbol=BPCL/part-REDACTED.parquet
2026-07-27,NSE,BPCL,part-040454_406374-002662.parquet,ctrade1-l2-data,raw_l2/trade_date=2026-07-27/exchange=NSE/symbol=BPCL/part-REDACTED.parquet
2026-07-27,NSE,BPCL,part-040508_688467-002694.parquet,ctrade1-l2-data,raw_l2/trade_date=2026-07-27/exchange=NSE/symbol=BPCL/part-REDACTED.parquet
2026-07-27,NSE,BPCL,part-040523_100530-002726.parquet,ctrade1-l2-data,raw_l2/trade_date=2026-07-27/exchange=NSE/symbol=BPCL/part-REDACTED.parquet
2026-07-27,NSE,BPCL,part-040537_124235-002758.parquet,ctrade1-l2-data,raw_l2/trade_date=2026-07-27/exchange=NSE/symbol=BPCL/part-REDACTED.parquet
2026-07-27,NSE,BPCL,part-040551_347662-002790.parquet,ctrade1-l2-data,raw_l2/trade_date=2026-07-27/exchange=NSE/symbol=BPCL/part-REDACTED.parquet
2026-07-27,NSE,BPCL,part-040605_362677-002822.parquet,ctrade1-l2-data,raw_l2/trade_date=2026-07-27/exchange=NSE/symbol=BPCL/part-REDACTED.parquet
2026-07-27,NSE,BPCL,part-040619_362216-002854.parquet,ctrade1-l2-data,raw_l2/trade_date=2026-07-27/exchange=NSE/symbol=BPCL/part-REDACTED.parquet
2026-07-27,NSE,BPCL,part-040633_388702-002886.parquet,ctrade1-l2-data,raw_l2/trade_date=2026-07-27/exchange=NSE/symbol=BPCL/part-REDACTED.parquet
2026-07-27,NSE,BPCL,part-040647_367179-002918.parquet,ctrade1-l2-data,raw_l2/trade_date=2026-07-27/exchange=NSE/symbol=BPCL/part-REDACTED.parquet
2026-07-27,NSE,BPCL,part-040701_369366-002950.parquet,ctrade1-l2-data,raw_l2/trade_date=2026-07-27/exchange=NSE/symbol=BPCL/part-REDACTED.parquet
2026-07-27,NSE,BPCL,part-040715_663192-002982.parquet,ctrade1-l2-data,raw_l2/trade_date=2026-07-27/exchange=NSE/symbol=BPCL/part-REDACTED.parquet
2026-07-27,NSE,BPCL,part-040729_899884-003014.parquet,ctrade1-l2-data,raw_l2/trade_date=2026-07-27/exchange=NSE/symbol=BPCL/part-REDACTED.parquet
2026-07-27,NSE,BPCL,part-040744_132352-003046.parquet,ctrade1-l2-data,raw_l2/trade_date=2026-07-27/exchange=NSE/symbol=BPCL/part-REDACTED.parquet
2026-07-27,NSE,BPCL,part-040758_437712-003078.parquet,ctrade1-l2-data,raw_l2/trade_date=2026-07-27/exchange=NSE/symbol=BPCL/part-REDACTED.parquet
2026-07-27,NSE,BPCL,part-040812_884182-003110.parquet,ctrade1-l2-data,raw_l2/trade_date=2026-07-27/exchange=NSE/symbol=BPCL/part-REDACTED.parquet
2026-07-27,NSE,BPCL,part-040827_181671-003142.parquet,ctrade1-l2-data,raw_l2/trade_date=2026-07-27/exchange=NSE/symbol=BPCL/part-REDACTED.parquet
2026-07-27,NSE,BPCL,part-040841_391050-003174.parquet,ctrade1-l2-data,raw_l2/trade_date=2026-07-27/exchange=NSE/symbol=BPCL/part-REDACTED.parquet
2026-07-27,NSE,BPCL,part-040855_709084-003206.parquet,ctrade1-l2-data,raw_l2/trade_date=2026-07-27/exchange=NSE/symbol=BPCL/part-REDACTED.parquet
2026-07-27,NSE,BPCL,part-040909_930240-003238.parquet,ctrade1-l2-data,raw_l2/trade_date=2026-07-27/exchange=NSE/symbol=BPCL/part-REDACTED.parquet
2026-07-27,NSE,BPCL,part-040923_871323-003270.parquet,ctrade1-l2-data,raw_l2/trade_date=2026-07-27/exchange=NSE/symbol=BPCL/part-REDACTED.parquet
2026-07-27,NSE,BPCL,part-040938_210197-003302.parquet,ctrade1-l2-data,raw_l2/trade_date=2026-07-27/exchange=NSE/symbol=BPCL/part-REDACTED.parquet
2026-07-27,NSE,BPCL,part-040952_431666-003334.parquet,ctrade1-l2-data,raw_l2/trade_date=2026-07-27/exchange=NSE/symbol=BPCL/part-REDACTED.parquet
2026-07-27,NSE,BPCL,part-041006_723066-003366.parquet,ctrade1-l2-data,raw_l2/trade_date=2026-07-27/exchange=NSE/symbol=BPCL/part-REDACTED.parquet
2026-07-27,NSE,BPCL,part-041020_892110-003398.parquet,ctrade1-l2-data,raw_l2/trade_date=2026-07-27/exchange=NSE/symbol=BPCL/part-REDACTED.parquet
2026-07-27,NSE,BPCL,part-041035_271494-003430.parquet,ctrade1-l2-data,raw_l2/trade_date=2026-07-27/exchange=NSE/symbol=BPCL/part-REDACTED.parquet
2026-07-27,NSE,BPCL,part-041049_598309-003462.parquet,ctrade1-l2-data,raw_l2/trade_date=2026-07-27/exchange=NSE/symbol=BPCL/part-REDACTED.parquet
2026-07-27,NSE,BPCL,part-041103_702554-003494.parquet,ctrade1-l2-data,raw_l2/trade_date=2026-07-27/exchange=NSE/symbol=BPCL/part-REDACTED.parquet
2026-07-27,NSE,BPCL,part-041118_168098-003526.parquet,ctrade1-l2-data,raw_l2/trade_date=2026-07-27/exchange=NSE/symbol=BPCL/part-REDACTED.parquet
2026-07-27,NSE,BPCL,part-041132_161983-003558.parquet,ctrade1-l2-data,raw_l2/trade_date=2026-07-27/exchange=NSE/symbol=BPCL/part-REDACTED.parquet
2026-07-27,NSE,BPCL,part-041146_423965-003590.parquet,ctrade1-l2-data,raw_l2/trade_date=2026-07-27/exchange=NSE/symbol=BPCL/part-REDACTED.parquet
2026-07-27,NSE,BPCL,part-041200_599572-003622.parquet,ctrade1-l2-data,raw_l2/trade_date=2026-07-27/exchange=NSE/symbol=BPCL/part-REDACTED.parquet
2026-07-27,NSE,BPCL,part-041214_610006-003654.parquet,ctrade1-l2-data,raw_l2/trade_date=2026-07-27/exchange=NSE/symbol=BPCL/part-REDACTED.parquet
2026-07-27,NSE,BPCL,part-041228_648480-003686.parquet,ctrade1-l2-data,raw_l2/trade_date=2026-07-27/exchange=NSE/symbol=BPCL/part-REDACTED.parquet
2026-07-27,NSE,BPCL,part-041243_861273-003718.parquet,ctrade1-l2-data,raw_l2/trade_date=2026-07-27/exchange=NSE/symbol=BPCL/part-REDACTED.parquet
2026-07-27,NSE,BPCL,part-041257_872253-003750.parquet,ctrade1-l2-data,raw_l2/trade_date=2026-07-27/exchange=NSE/symbol=BPCL/part-REDACTED.parquet
2026-07-27,NSE,BPCL,part-041311_862658-003782.parquet,ctrade1-l2-data,raw_l2/trade_date=2026-07-27/exchange=NSE/symbol=BPCL/part-REDACTED.parquet
2026-07-27,NSE,BPCL,part-041326_398812-003814.parquet,ctrade1-l2-data,raw_l2/trade_date=2026-07-27/exchange=NSE/symbol=BPCL/part-REDACTED.parquet
2026-07-27,NSE,BPCL,part-041340_440833-003846.parquet,ctrade1-l2-data,raw_l2/trade_date=2026-07-27/exchange=NSE/symbol=BPCL/part-REDACTED.parquet
2026-07-27,NSE,BPCL,part-041354_405023-003878.parquet,ctrade1-l2-data,raw_l2/trade_date=2026-07-27/exchange=NSE/symbol=BPCL/part-REDACTED.parquet
2026-07-27,NSE,BPCL,part-041408_355139-003910.parquet,ctrade1-l2-data,raw_l2/trade_date=2026-07-27/exchange=NSE/symbol=BPCL/part-REDACTED.parquet
2026-07-27,NSE,BPCL,part-041422_404265-003942.parquet,ctrade1-l2-data,raw_l2/trade_date=2026-07-27/exchange=NSE/symbol=BPCL/part-REDACTED.parquet
2026-07-27,NSE,BPCL,part-041436_372395-003974.parquet,ctrade1-l2-data,raw_l2/trade_date=2026-07-27/exchange=NSE/symbol=BPCL/part-REDACTED.parquet
2026-07-27,NSE,BPCL,part-041450_399575-004006.parquet,ctrade1-l2-data,raw_l2/trade_date=2026-07-27/exchange=NSE/symbol=BPCL/part-REDACTED.parquet
2026-07-27,NSE,BPCL,part-041504_383659-004038.parquet,ctrade1-l2-data,raw_l2/trade_date=2026-07-27/exchange=NSE/symbol=BPCL/part-REDACTED.parquet
2026-07-27,NSE,BPCL,part-041518_380980-004070.parquet,ctrade1-l2-data,raw_l2/trade_date=2026-07-27/exchange=NSE/symbol=BPCL/part-REDACTED.parquet
2026-07-27,NSE,BPCL,part-041532_592465-004102.parquet,ctrade1-l2-data,raw_l2/trade_date=2026-07-27/exchange=NSE/symbol=BPCL/part-REDACTED.parquet
2026-07-27,NSE,BPCL,part-041547_183063-004134.parquet,ctrade1-l2-data,raw_l2/trade_date=2026-07-27/exchange=NSE/symbol=BPCL/part-REDACTED.parquet
2026-07-27,NSE,BPCL,part-041601_176481-004166.parquet,ctrade1-l2-data,raw_l2/trade_date=2026-07-27/exchange=NSE/symbol=BPCL/part-REDACTED.parquet
2026-07-27,NSE,BPCL,part-041615_367148-004198.parquet,ctrade1-l2-data,raw_l2/trade_date=2026-07-27/exchange=NSE/symbol=BPCL/part-REDACTED.parquet
2026-07-27,NSE,BPCL,part-041629_616180-004230.parquet,ctrade1-l2-data,raw_l2/trade_date=2026-07-27/exchange=NSE/symbol=BPCL/part-REDACTED.parquet
2026-07-27,NSE,BPCL,part-041646_098839-004262.parquet,ctrade1-l2-data,raw_l2/trade_date=2026-07-27/exchange=NSE/symbol=BPCL/part-REDACTED.parquet
2026-07-27,NSE,BPCL,part-041700_148195-004294.parquet,ctrade1-l2-data,raw_l2/trade_date=2026-07-27/exchange=NSE/symbol=BPCL/part-REDACTED.parquet
2026-07-27,NSE,BPCL,part-041714_148212-004326.parquet,ctrade1-l2-data,raw_l2/trade_date=2026-07-27/exchange=NSE/symbol=BPCL/part-REDACTED.parquet
2026-07-27,NSE,BPCL,part-041728_393256-004358.parquet,ctrade1-l2-data,raw_l2/trade_date=2026-07-27/exchange=NSE/symbol=BPCL/part-REDACTED.parquet
2026-07-27,NSE,BPCL,part-041742_854938-004390.parquet,ctrade1-l2-data,raw_l2/trade_date=2026-07-27/exchange=NSE/symbol=BPCL/part-REDACTED.parquet
2026-07-27,NSE,BPCL,part-041757_186622-004422.parquet,ctrade1-l2-data,raw_l2/trade_date=2026-07-27/exchange=NSE/symbol=BPCL/part-REDACTED.parquet
2026-07-27,NSE,BPCL,part-041811_630329-004454.parquet,ctrade1-l2-data,raw_l2/trade_date=2026-07-27/exchange=NSE/symbol=BPCL/part-REDACTED.parquet
2026-07-27,NSE,BPCL,part-041825_647510-004486.parquet,ctrade1-l2-data,raw_l2/trade_date=2026-07-27/exchange=NSE/symbol=BPCL/part-REDACTED.parquet
2026-07-27,NSE,BPCL,part-041839_856115-004518.parquet,ctrade1-l2-data,raw_l2/trade_date=2026-07-27/exchange=NSE/symbol=BPCL/part-REDACTED.parquet
2026-07-27,NSE,BPCL,part-041853_864019-004550.parquet,ctrade1-l2-data,raw_l2/trade_date=2026-07-27/exchange=NSE/symbol=BPCL/part-REDACTED.parquet
2026-07-27,NSE,BPCL,part-041907_895639-004582.parquet,ctrade1-l2-data,raw_l2/trade_date=2026-07-27/exchange=NSE/symbol=BPCL/part-REDACTED.parquet
2026-07-27,NSE,BPCL,part-041921_914880-004614.parquet,ctrade1-l2-data,raw_l2/trade_date=2026-07-27/exchange=NSE/symbol=BPCL/part-REDACTED.parquet
2026-07-27,NSE,BPCL,part-041935_861303-004646.parquet,ctrade1-l2-data,raw_l2/trade_date=2026-07-27/exchange=NSE/symbol=BPCL/part-REDACTED.parquet
2026-07-27,NSE,BPCL,part-041949_881750-004678.parquet,ctrade1-l2-data,raw_l2/trade_date=2026-07-27/exchange=NSE/symbol=BPCL/part-REDACTED.parquet
2026-07-27,NSE,BPCL,part-042004_120556-004710.parquet,ctrade1-l2-data,raw_l2/trade_date=2026-07-27/exchange=NSE/symbol=BPCL/part-REDACTED.parquet
2026-07-27,NSE,BPCL,part-042018_156245-004742.parquet,ctrade1-l2-data,raw_l2/trade_date=2026-07-27/exchange=NSE/symbol=BPCL/part-REDACTED.parquet
2026-07-27,NSE,BPCL,part-042032_387864-004774.parquet,ctrade1-l2-data,raw_l2/trade_date=2026-07-27/exchange=NSE/symbol=BPCL/part-REDACTED.parquet
2026-07-27,NSE,BPCL,part-042046_401981-004806.parquet,ctrade1-l2-data,raw_l2/trade_date=2026-07-27/exchange=NSE/symbol=BPCL/part-REDACTED.parquet
2026-07-27,NSE,BPCL,part-042100_379175-004838.parquet,ctrade1-l2-data,raw_l2/trade_date=2026-07-27/exchange=NSE/symbol=BPCL/part-REDACTED.parquet
2026-07-27,NSE,BPCL,part-042114_548688-004870.parquet,ctrade1-l2-data,raw_l2/trade_date=2026-07-27/exchange=NSE/symbol=BPCL/part-REDACTED.parquet
2026-07-27,NSE,BPCL,part-042128_920560-004902.parquet,ctrade1-l2-data,raw_l2/trade_date=2026-07-27/exchange=NSE/symbol=BPCL/part-REDACTED.parquet
2026-07-27,NSE,BPCL,part-042143_122215-004934.parquet,ctrade1-l2-data,raw_l2/trade_date=2026-07-27/exchange=NSE/symbol=BPCL/part-REDACTED.parquet
2026-07-27,NSE,BPCL,part-042157_417935-004966.parquet,ctrade1-l2-data,raw_l2/trade_date=2026-07-27/exchange=NSE/symbol=BPCL/part-REDACTED.parquet
2026-07-27,NSE,BPCL,part-042212_155540-004998.parquet,ctrade1-l2-data,raw_l2/trade_date=2026-07-27/exchange=NSE/symbol=BPCL/part-REDACTED.parquet
2026-07-27,NSE,BPCL,part-042226_389571-005030.parquet,ctrade1-l2-data,raw_l2/trade_date=2026-07-27/exchange=NSE/symbol=BPCL/part-REDACTED.parquet
2026-07-27,NSE,BPCL,part-042240_701315-005062.parquet,ctrade1-l2-data,raw_l2/trade_date=2026-07-27/exchange=NSE/symbol=BPCL/part-REDACTED.parquet
2026-07-27,NSE,BPCL,part-042255_147510-005094.parquet,ctrade1-l2-data,raw_l2/trade_date=2026-07-27/exchange=NSE/symbol=BPCL/part-REDACTED.parquet
2026-07-27,NSE,BPCL,part-042309_408926-005126.parquet,ctrade1-l2-data,raw_l2/trade_date=2026-07-27/exchange=NSE/symbol=BPCL/part-REDACTED.parquet
2026-07-27,NSE,BPCL,part-042323_656625-005158.parquet,ctrade1-l2-data,raw_l2/trade_date=2026-07-27/exchange=NSE/symbol=BPCL/part-REDACTED.parquet
2026-07-27,NSE,BPCL,part-042338_181434-005190.parquet,ctrade1-l2-data,raw_l2/trade_date=2026-07-27/exchange=NSE/symbol=BPCL/part-REDACTED.parquet
2026-07-27,NSE,BPCL,part-042352_412612-005222.parquet,ctrade1-l2-data,raw_l2/trade_date=2026-07-27/exchange=NSE/symbol=BPCL/part-REDACTED.parquet
2026-07-27,NSE,BPCL,part-042406_936251-005254.parquet,ctrade1-l2-data,raw_l2/trade_date=2026-07-27/exchange=NSE/symbol=BPCL/part-REDACTED.parquet
2026-07-27,NSE,BPCL,part-042421_442148-005286.parquet,ctrade1-l2-data,raw_l2/trade_date=2026-07-27/exchange=NSE/symbol=BPCL/part-REDACTED.parquet
2026-07-27,NSE,BPCL,part-042435_723379-005318.parquet,ctrade1-l2-data,raw_l2/trade_date=2026-07-27/exchange=NSE/symbol=BPCL/part-REDACTED.parquet
2026-07-27,NSE,BPCL,part-042450_181568-005350.parquet,ctrade1-l2-data,raw_l2/trade_date=2026-07-27/exchange=NSE/symbol=BPCL/part-REDACTED.parquet
2026-07-27,NSE,BPCL,part-042504_407155-005382.parquet,ctrade1-l2-data,raw_l2/trade_date=2026-07-27/exchange=NSE/symbol=BPCL/part-REDACTED.parquet
2026-07-27,NSE,BPCL,part-042518_715548-005414.parquet,ctrade1-l2-data,raw_l2/trade_date=2026-07-27/exchange=NSE/symbol=BPCL/part-REDACTED.parquet
2026-07-27,NSE,BPCL,part-042532_942534-005446.parquet,ctrade1-l2-data,raw_l2/trade_date=2026-07-27/exchange=NSE/symbol=BPCL/part-REDACTED.parquet
2026-07-27,NSE,BPCL,part-042547_420614-005478.parquet,ctrade1-l2-data,raw_l2/trade_date=2026-07-27/exchange=NSE/symbol=BPCL/part-REDACTED.parquet
2026-07-27,NSE,BPCL,part-042601_945202-005510.parquet,ctrade1-l2-data,raw_l2/trade_date=2026-07-27/exchange=NSE/symbol=BPCL/part-REDACTED.parquet
2026-07-27,NSE,BPCL,part-042616_689129-005542.parquet,ctrade1-l2-data,raw_l2/trade_date=2026-07-27/exchange=NSE/symbol=BPCL/part-REDACTED.parquet
2026-07-27,NSE,BPCL,part-042630_909951-005574.parquet,ctrade1-l2-data,raw_l2/trade_date=2026-07-27/exchange=NSE/symbol=BPCL/part-REDACTED.parquet
2026-07-27,NSE,BPCL,part-042645_215751-005606.parquet,ctrade1-l2-data,raw_l2/trade_date=2026-07-27/exchange=NSE/symbol=BPCL/part-REDACTED.parquet
2026-07-27,NSE,BPCL,part-042659_894390-005638.parquet,ctrade1-l2-data,raw_l2/trade_date=2026-07-27/exchange=NSE/symbol=BPCL/part-REDACTED.parquet
2026-07-27,NSE,BRITANNIA,part-034501_764427-000007.parquet,ctrade1-l2-data,raw_l2/trade_date=2026-07-27/exchange=NSE/symbol=BRITANNIA/part-REDACTED.parquet
2026-07-27,NSE,BRITANNIA,part-034516_515180-000039.parquet,ctrade1-l2-data,raw_l2/trade_date=2026-07-27/exchange=NSE/symbol=BRITANNIA/part-REDACTED.parquet
2026-07-27,NSE,BRITANNIA,part-034531_033893-000071.parquet,ctrade1-l2-data,raw_l2/trade_date=2026-07-27/exchange=NSE/symbol=BRITANNIA/part-REDACTED.parquet
2026-07-27,NSE,BRITANNIA,part-034545_235246-000103.parquet,ctrade1-l2-data,raw_l2/trade_date=2026-07-27/exchange=NSE/symbol=BRITANNIA/part-REDACTED.parquet
2026-07-27,NSE,BRITANNIA,part-034559_294129-000135.parquet,ctrade1-l2-data,raw_l2/trade_date=2026-07-27/exchange=NSE/symbol=BRITANNIA/part-REDACTED.parquet
2026-07-27,NSE,BRITANNIA,part-034613_571249-000167.parquet,ctrade1-l2-data,raw_l2/trade_date=2026-07-27/exchange=NSE/symbol=BRITANNIA/part-REDACTED.parquet
2026-07-27,NSE,BRITANNIA,part-034628_022363-000199.parquet,ctrade1-l2-data,raw_l2/trade_date=2026-07-27/exchange=NSE/symbol=BRITANNIA/part-REDACTED.parquet
2026-07-27,NSE,BRITANNIA,part-034642_344144-000231.parquet,ctrade1-l2-data,raw_l2/trade_date=2026-07-27/exchange=NSE/symbol=BRITANNIA/part-REDACTED.parquet
2026-07-27,NSE,BRITANNIA,part-034656_739893-000263.parquet,ctrade1-l2-data,raw_l2/trade_date=2026-07-27/exchange=NSE/symbol=BRITANNIA/part-REDACTED.parquet
2026-07-27,NSE,BRITANNIA,part-034710_751676-000295.parquet,ctrade1-l2-data,raw_l2/trade_date=2026-07-27/exchange=NSE/symbol=BRITANNIA/part-REDACTED.parquet
2026-07-27,NSE,BRITANNIA,part-034724_722428-000327.parquet,ctrade1-l2-data,raw_l2/trade_date=2026-07-27/exchange=NSE/symbol=BRITANNIA/part-REDACTED.parquet
2026-07-27,NSE,BRITANNIA,part-034738_990584-000359.parquet,ctrade1-l2-data,raw_l2/trade_date=2026-07-27/exchange=NSE/symbol=BRITANNIA/part-REDACTED.parquet
2026-07-27,NSE,BRITANNIA,part-034753_074566-000391.parquet,ctrade1-l2-data,raw_l2/trade_date=2026-07-27/exchange=NSE/symbol=BRITANNIA/part-REDACTED.parquet
2026-07-27,NSE,BRITANNIA,part-034807_302663-000423.parquet,ctrade1-l2-data,raw_l2/trade_date=2026-07-27/exchange=NSE/symbol=BRITANNIA/part-REDACTED.parquet
2026-07-27,NSE,BRITANNIA,part-034821_797249-000455.parquet,ctrade1-l2-data,raw_l2/trade_date=2026-07-27/exchange=NSE/symbol=BRITANNIA/part-REDACTED.parquet
2026-07-27,NSE,BRITANNIA,part-034836_298773-000487.parquet,ctrade1-l2-data,raw_l2/trade_date=2026-07-27/exchange=NSE/symbol=BRITANNIA/part-REDACTED.parquet
2026-07-27,NSE,BRITANNIA,part-034850_587618-000519.parquet,ctrade1-l2-data,raw_l2/trade_date=2026-07-27/exchange=NSE/symbol=BRITANNIA/part-REDACTED.parquet
2026-07-27,NSE,BRITANNIA,part-034905_022273-000551.parquet,ctrade1-l2-data,raw_l2/trade_date=2026-07-27/exchange=NSE/symbol=BRITANNIA/part-REDACTED.parquet
2026-07-27,NSE,BRITANNIA,part-034919_533768-000583.parquet,ctrade1-l2-data,raw_l2/trade_date=2026-07-27/exchange=NSE/symbol=BRITANNIA/part-REDACTED.parquet
2026-07-27,NSE,BRITANNIA,part-034933_833926-000615.parquet,ctrade1-l2-data,raw_l2/trade_date=2026-07-27/exchange=NSE/symbol=BRITANNIA/part-REDACTED.parquet
2026-07-27,NSE,BRITANNIA,part-034948_481042-000647.parquet,ctrade1-l2-data,raw_l2/trade_date=2026-07-27/exchange=NSE/symbol=BRITANNIA/part-REDACTED.parquet
2026-07-27,NSE,BRITANNIA,part-035003_053970-000679.parquet,ctrade1-l2-data,raw_l2/trade_date=2026-07-27/exchange=NSE/symbol=BRITANNIA/part-REDACTED.parquet
2026-07-27,NSE,BRITANNIA,part-035017_276487-000711.parquet,ctrade1-l2-data,raw_l2/trade_date=2026-07-27/exchange=NSE/symbol=BRITANNIA/part-REDACTED.parquet
2026-07-27,NSE,BRITANNIA,part-035031_282153-000743.parquet,ctrade1-l2-data,raw_l2/trade_date=2026-07-27/exchange=NSE/symbol=BRITANNIA/part-REDACTED.parquet
2026-07-27,NSE,BRITANNIA,part-035045_572161-000775.parquet,ctrade1-l2-data,raw_l2/trade_date=2026-07-27/exchange=NSE/symbol=BRITANNIA/part-REDACTED.parquet
2026-07-27,NSE,BRITANNIA,part-035059_747780-000807.parquet,ctrade1-l2-data,raw_l2/trade_date=2026-07-27/exchange=NSE/symbol=BRITANNIA/part-REDACTED.parquet
2026-07-27,NSE,BRITANNIA,part-035114_064825-000839.parquet,ctrade1-l2-data,raw_l2/trade_date=2026-07-27/exchange=NSE/symbol=BRITANNIA/part-REDACTED.parquet
2026-07-27,NSE,BRITANNIA,part-035128_520133-000871.parquet,ctrade1-l2-data,raw_l2/trade_date=2026-07-27/exchange=NSE/symbol=BRITANNIA/part-REDACTED.parquet
2026-07-27,NSE,BRITANNIA,part-035142_737117-000903.parquet,ctrade1-l2-data,raw_l2/trade_date=2026-07-27/exchange=NSE/symbol=BRITANNIA/part-REDACTED.parquet
2026-07-27,NSE,BRITANNIA,part-035156_774976-000935.parquet,ctrade1-l2-data,raw_l2/trade_date=2026-07-27/exchange=NSE/symbol=BRITANNIA/part-REDACTED.parquet
2026-07-27,NSE,BRITANNIA,part-035211_066435-000967.parquet,ctrade1-l2-data,raw_l2/trade_date=2026-07-27/exchange=NSE/symbol=BRITANNIA/part-REDACTED.parquet
2026-07-27,NSE,BRITANNIA,part-035225_288045-000999.parquet,ctrade1-l2-data,raw_l2/trade_date=2026-07-27/exchange=NSE/symbol=BRITANNIA/part-REDACTED.parquet
2026-07-27,NSE,BRITANNIA,part-035239_511193-001031.parquet,ctrade1-l2-data,raw_l2/trade_date=2026-07-27/exchange=NSE/symbol=BRITANNIA/part-REDACTED.parquet
2026-07-27,NSE,BRITANNIA,part-035253_784540-001063.parquet,ctrade1-l2-data,raw_l2/trade_date=2026-07-27/exchange=NSE/symbol=BRITANNIA/part-REDACTED.parquet
2026-07-27,NSE,BRITANNIA,part-035308_081179-001095.parquet,ctrade1-l2-data,raw_l2/trade_date=2026-07-27/exchange=NSE/symbol=BRITANNIA/part-REDACTED.parquet
2026-07-27,NSE,BRITANNIA,part-035322_318415-001127.parquet,ctrade1-l2-data,raw_l2/trade_date=2026-07-27/exchange=NSE/symbol=BRITANNIA/part-REDACTED.parquet
2026-07-27,NSE,BRITANNIA,part-035336_830532-001159.parquet,ctrade1-l2-data,raw_l2/trade_date=2026-07-27/exchange=NSE/symbol=BRITANNIA/part-REDACTED.parquet
2026-07-27,NSE,BRITANNIA,part-035351_295147-001191.parquet,ctrade1-l2-data,raw_l2/trade_date=2026-07-27/exchange=NSE/symbol=BRITANNIA/part-REDACTED.parquet
2026-07-27,NSE,BRITANNIA,part-035405_580614-001223.parquet,ctrade1-l2-data,raw_l2/trade_date=2026-07-27/exchange=NSE/symbol=BRITANNIA/part-REDACTED.parquet
2026-07-27,NSE,BRITANNIA,part-035419_787765-001255.parquet,ctrade1-l2-data,raw_l2/trade_date=2026-07-27/exchange=NSE/symbol=BRITANNIA/part-REDACTED.parquet
2026-07-27,NSE,BRITANNIA,part-035433_774832-001287.parquet,ctrade1-l2-data,raw_l2/trade_date=2026-07-27/exchange=NSE/symbol=BRITANNIA/part-REDACTED.parquet
2026-07-27,NSE,BRITANNIA,part-035448_397376-001319.parquet,ctrade1-l2-data,raw_l2/trade_date=2026-07-27/exchange=NSE/symbol=BRITANNIA/part-REDACTED.parquet
2026-07-27,NSE,BRITANNIA,part-035503_257469-001351.parquet,ctrade1-l2-data,raw_l2/trade_date=2026-07-27/exchange=NSE/symbol=BRITANNIA/part-REDACTED.parquet
2026-07-27,NSE,BRITANNIA,part-035517_801391-001383.parquet,ctrade1-l2-data,raw_l2/trade_date=2026-07-27/exchange=NSE/symbol=BRITANNIA/part-REDACTED.parquet
2026-07-27,NSE,BRITANNIA,part-035532_044663-001415.parquet,ctrade1-l2-data,raw_l2/trade_date=2026-07-27/exchange=NSE/symbol=BRITANNIA/part-REDACTED.parquet
2026-07-27,NSE,BRITANNIA,part-035546_518561-001447.parquet,ctrade1-l2-data,raw_l2/trade_date=2026-07-27/exchange=NSE/symbol=BRITANNIA/part-REDACTED.parquet
2026-07-27,NSE,BRITANNIA,part-035600_572970-001479.parquet,ctrade1-l2-data,raw_l2/trade_date=2026-07-27/exchange=NSE/symbol=BRITANNIA/part-REDACTED.parquet
2026-07-27,NSE,BRITANNIA,part-035615_484346-001511.parquet,ctrade1-l2-data,raw_l2/trade_date=2026-07-27/exchange=NSE/symbol=BRITANNIA/part-REDACTED.parquet
2026-07-27,NSE,BRITANNIA,part-035629_902634-001543.parquet,ctrade1-l2-data,raw_l2/trade_date=2026-07-27/exchange=NSE/symbol=BRITANNIA/part-REDACTED.parquet
2026-07-27,NSE,BRITANNIA,part-035644_263075-001575.parquet,ctrade1-l2-data,raw_l2/trade_date=2026-07-27/exchange=NSE/symbol=BRITANNIA/part-REDACTED.parquet
2026-07-27,NSE,BRITANNIA,part-035658_530189-001607.parquet,ctrade1-l2-data,raw_l2/trade_date=2026-07-27/exchange=NSE/symbol=BRITANNIA/part-REDACTED.parquet
2026-07-27,NSE,BRITANNIA,part-035712_804593-001639.parquet,ctrade1-l2-data,raw_l2/trade_date=2026-07-27/exchange=NSE/symbol=BRITANNIA/part-REDACTED.parquet
2026-07-27,NSE,BRITANNIA,part-035727_244168-001671.parquet,ctrade1-l2-data,raw_l2/trade_date=2026-07-27/exchange=NSE/symbol=BRITANNIA/part-REDACTED.parquet
2026-07-27,NSE,BRITANNIA,part-035741_543343-001703.parquet,ctrade1-l2-data,raw_l2/trade_date=2026-07-27/exchange=NSE/symbol=BRITANNIA/part-REDACTED.parquet
2026-07-27,NSE,BRITANNIA,part-035755_830752-001735.parquet,ctrade1-l2-data,raw_l2/trade_date=2026-07-27/exchange=NSE/symbol=BRITANNIA/part-REDACTED.parquet
2026-07-27,NSE,BRITANNIA,part-035810_033971-001767.parquet,ctrade1-l2-data,raw_l2/trade_date=2026-07-27/exchange=NSE/symbol=BRITANNIA/part-REDACTED.parquet
2026-07-27,NSE,BRITANNIA,part-035824_544033-001799.parquet,ctrade1-l2-data,raw_l2/trade_date=2026-07-27/exchange=NSE/symbol=BRITANNIA/part-REDACTED.parquet
2026-07-27,NSE,BRITANNIA,part-035838_822776-001831.parquet,ctrade1-l2-data,raw_l2/trade_date=2026-07-27/exchange=NSE/symbol=BRITANNIA/part-REDACTED.parquet
2026-07-27,NSE,BRITANNIA,part-035853_298153-001863.parquet,ctrade1-l2-data,raw_l2/trade_date=2026-07-27/exchange=NSE/symbol=BRITANNIA/part-REDACTED.parquet
2026-07-27,NSE,BRITANNIA,part-035907_521949-001895.parquet,ctrade1-l2-data,raw_l2/trade_date=2026-07-27/exchange=NSE/symbol=BRITANNIA/part-REDACTED.parquet
2026-07-27,NSE,BRITANNIA,part-035922_065790-001927.parquet,ctrade1-l2-data,raw_l2/trade_date=2026-07-27/exchange=NSE/symbol=BRITANNIA/part-REDACTED.parquet
2026-07-27,NSE,BRITANNIA,part-035936_534208-001959.parquet,ctrade1-l2-data,raw_l2/trade_date=2026-07-27/exchange=NSE/symbol=BRITANNIA/part-REDACTED.parquet
2026-07-27,NSE,BRITANNIA,part-035950_757573-001991.parquet,ctrade1-l2-data,raw_l2/trade_date=2026-07-27/exchange=NSE/symbol=BRITANNIA/part-REDACTED.parquet
2026-07-27,NSE,BRITANNIA,part-040005_267912-002023.parquet,ctrade1-l2-data,raw_l2/trade_date=2026-07-27/exchange=NSE/symbol=BRITANNIA/part-REDACTED.parquet
2026-07-27,NSE,BRITANNIA,part-040019_788015-002055.parquet,ctrade1-l2-data,raw_l2/trade_date=2026-07-27/exchange=NSE/symbol=BRITANNIA/part-REDACTED.parquet
2026-07-27,NSE,BRITANNIA,part-040034_102964-002087.parquet,ctrade1-l2-data,raw_l2/trade_date=2026-07-27/exchange=NSE/symbol=BRITANNIA/part-REDACTED.parquet
2026-07-27,NSE,BRITANNIA,part-040048_345300-002119.parquet,ctrade1-l2-data,raw_l2/trade_date=2026-07-27/exchange=NSE/symbol=BRITANNIA/part-REDACTED.parquet
2026-07-27,NSE,BRITANNIA,part-040102_872085-002151.parquet,ctrade1-l2-data,raw_l2/trade_date=2026-07-27/exchange=NSE/symbol=BRITANNIA/part-REDACTED.parquet
2026-07-27,NSE,BRITANNIA,part-040117_338475-002183.parquet,ctrade1-l2-data,raw_l2/trade_date=2026-07-27/exchange=NSE/symbol=BRITANNIA/part-REDACTED.parquet
2026-07-27,NSE,BRITANNIA,part-040131_549504-002215.parquet,ctrade1-l2-data,raw_l2/trade_date=2026-07-27/exchange=NSE/symbol=BRITANNIA/part-REDACTED.parquet
2026-07-27,NSE,BRITANNIA,part-040146_281719-002247.parquet,ctrade1-l2-data,raw_l2/trade_date=2026-07-27/exchange=NSE/symbol=BRITANNIA/part-REDACTED.parquet
2026-07-27,NSE,BRITANNIA,part-040200_579842-002279.parquet,ctrade1-l2-data,raw_l2/trade_date=2026-07-27/exchange=NSE/symbol=BRITANNIA/part-REDACTED.parquet
2026-07-27,NSE,BRITANNIA,part-040215_050400-002311.parquet,ctrade1-l2-data,raw_l2/trade_date=2026-07-27/exchange=NSE/symbol=BRITANNIA/part-REDACTED.parquet
2026-07-27,NSE,BRITANNIA,part-040229_606861-002343.parquet,ctrade1-l2-data,raw_l2/trade_date=2026-07-27/exchange=NSE/symbol=BRITANNIA/part-REDACTED.parquet
2026-07-27,NSE,BRITANNIA,part-040244_307512-002375.parquet,ctrade1-l2-data,raw_l2/trade_date=2026-07-27/exchange=NSE/symbol=BRITANNIA/part-REDACTED.parquet
2026-07-27,NSE,BRITANNIA,part-040258_934683-002407.parquet,ctrade1-l2-data,raw_l2/trade_date=2026-07-27/exchange=NSE/symbol=BRITANNIA/part-REDACTED.parquet
2026-07-27,NSE,BRITANNIA,part-040313_530112-002439.parquet,ctrade1-l2-data,raw_l2/trade_date=2026-07-27/exchange=NSE/symbol=BRITANNIA/part-REDACTED.parquet
2026-07-27,NSE,BRITANNIA,part-040327_767336-002471.parquet,ctrade1-l2-data,raw_l2/trade_date=2026-07-27/exchange=NSE/symbol=BRITANNIA/part-REDACTED.parquet
2026-07-27,NSE,BRITANNIA,part-040342_318491-002503.parquet,ctrade1-l2-data,raw_l2/trade_date=2026-07-27/exchange=NSE/symbol=BRITANNIA/part-REDACTED.parquet
2026-07-27,NSE,BRITANNIA,part-040356_593485-002535.parquet,ctrade1-l2-data,raw_l2/trade_date=2026-07-27/exchange=NSE/symbol=BRITANNIA/part-REDACTED.parquet
2026-07-27,NSE,BRITANNIA,part-040411_355917-002567.parquet,ctrade1-l2-data,raw_l2/trade_date=2026-07-27/exchange=NSE/symbol=BRITANNIA/part-REDACTED.parquet
2026-07-27,NSE,BRITANNIA,part-040425_809943-002599.parquet,ctrade1-l2-data,raw_l2/trade_date=2026-07-27/exchange=NSE/symbol=BRITANNIA/part-REDACTED.parquet
2026-07-27,NSE,BRITANNIA,part-040440_026849-002631.parquet,ctrade1-l2-data,raw_l2/trade_date=2026-07-27/exchange=NSE/symbol=BRITANNIA/part-REDACTED.parquet
2026-07-27,NSE,BRITANNIA,part-040454_521525-002663.parquet,ctrade1-l2-data,raw_l2/trade_date=2026-07-27/exchange=NSE/symbol=BRITANNIA/part-REDACTED.parquet
2026-07-27,NSE,BRITANNIA,part-040508_806302-002695.parquet,ctrade1-l2-data,raw_l2/trade_date=2026-07-27/exchange=NSE/symbol=BRITANNIA/part-REDACTED.parquet
2026-07-27,NSE,BRITANNIA,part-040523_242384-002727.parquet,ctrade1-l2-data,raw_l2/trade_date=2026-07-27/exchange=NSE/symbol=BRITANNIA/part-REDACTED.parquet
2026-07-27,NSE,BRITANNIA,part-040537_247880-002759.parquet,ctrade1-l2-data,raw_l2/trade_date=2026-07-27/exchange=NSE/symbol=BRITANNIA/part-REDACTED.parquet
2026-07-27,NSE,BRITANNIA,part-040551_470303-002791.parquet,ctrade1-l2-data,raw_l2/trade_date=2026-07-27/exchange=NSE/symbol=BRITANNIA/part-REDACTED.parquet
2026-07-27,NSE,BRITANNIA,part-040605_480169-002823.parquet,ctrade1-l2-data,raw_l2/trade_date=2026-07-27/exchange=NSE/symbol=BRITANNIA/part-REDACTED.parquet
2026-07-27,NSE,BRITANNIA,part-040619_514269-002855.parquet,ctrade1-l2-data,raw_l2/trade_date=2026-07-27/exchange=NSE/symbol=BRITANNIA/part-REDACTED.parquet
2026-07-27,NSE,BRITANNIA,part-040633_518690-002887.parquet,ctrade1-l2-data,raw_l2/trade_date=2026-07-27/exchange=NSE/symbol=BRITANNIA/part-REDACTED.parquet
2026-07-27,NSE,BRITANNIA,part-040647_478790-002919.parquet,ctrade1-l2-data,raw_l2/trade_date=2026-07-27/exchange=NSE/symbol=BRITANNIA/part-REDACTED.parquet
2026-07-27,NSE,BRITANNIA,part-040701_482304-002951.parquet,ctrade1-l2-data,raw_l2/trade_date=2026-07-27/exchange=NSE/symbol=BRITANNIA/part-REDACTED.parquet
2026-07-27,NSE,BRITANNIA,part-040715_812184-002983.parquet,ctrade1-l2-data,raw_l2/trade_date=2026-07-27/exchange=NSE/symbol=BRITANNIA/part-REDACTED.parquet
2026-07-27,NSE,BRITANNIA,part-040730_017630-003015.parquet,ctrade1-l2-data,raw_l2/trade_date=2026-07-27/exchange=NSE/symbol=BRITANNIA/part-REDACTED.parquet
2026-07-27,NSE,BRITANNIA,part-040744_250359-003047.parquet,ctrade1-l2-data,raw_l2/trade_date=2026-07-27/exchange=NSE/symbol=BRITANNIA/part-REDACTED.parquet
2026-07-27,NSE,BRITANNIA,part-040758_704528-003079.parquet,ctrade1-l2-data,raw_l2/trade_date=2026-07-27/exchange=NSE/symbol=BRITANNIA/part-REDACTED.parquet
2026-07-27,NSE,BRITANNIA,part-040813_003791-003111.parquet,ctrade1-l2-data,raw_l2/trade_date=2026-07-27/exchange=NSE/symbol=BRITANNIA/part-REDACTED.parquet
2026-07-27,NSE,BRITANNIA,part-040827_320297-003143.parquet,ctrade1-l2-data,raw_l2/trade_date=2026-07-27/exchange=NSE/symbol=BRITANNIA/part-REDACTED.parquet
2026-07-27,NSE,BRITANNIA,part-040841_502422-003175.parquet,ctrade1-l2-data,raw_l2/trade_date=2026-07-27/exchange=NSE/symbol=BRITANNIA/part-REDACTED.parquet
2026-07-27,NSE,BRITANNIA,part-040855_842103-003207.parquet,ctrade1-l2-data,raw_l2/trade_date=2026-07-27/exchange=NSE/symbol=BRITANNIA/part-REDACTED.parquet
2026-07-27,NSE,BRITANNIA,part-040910_042815-003239.parquet,ctrade1-l2-data,raw_l2/trade_date=2026-07-27/exchange=NSE/symbol=BRITANNIA/part-REDACTED.parquet
2026-07-27,NSE,BRITANNIA,part-040923_996923-003271.parquet,ctrade1-l2-data,raw_l2/trade_date=2026-07-27/exchange=NSE/symbol=BRITANNIA/part-REDACTED.parquet
2026-07-27,NSE,BRITANNIA,part-040938_323039-003303.parquet,ctrade1-l2-data,raw_l2/trade_date=2026-07-27/exchange=NSE/symbol=BRITANNIA/part-REDACTED.parquet
2026-07-27,NSE,BRITANNIA,part-040952_540072-003335.parquet,ctrade1-l2-data,raw_l2/trade_date=2026-07-27/exchange=NSE/symbol=BRITANNIA/part-REDACTED.parquet
2026-07-27,NSE,BRITANNIA,part-041006_835656-003367.parquet,ctrade1-l2-data,raw_l2/trade_date=2026-07-27/exchange=NSE/symbol=BRITANNIA/part-REDACTED.parquet
2026-07-27,NSE,BRITANNIA,part-041021_015089-003399.parquet,ctrade1-l2-data,raw_l2/trade_date=2026-07-27/exchange=NSE/symbol=BRITANNIA/part-REDACTED.parquet
2026-07-27,NSE,BRITANNIA,part-041035_393714-003431.parquet,ctrade1-l2-data,raw_l2/trade_date=2026-07-27/exchange=NSE/symbol=BRITANNIA/part-REDACTED.parquet
2026-07-27,NSE,BRITANNIA,part-041049_723758-003463.parquet,ctrade1-l2-data,raw_l2/trade_date=2026-07-27/exchange=NSE/symbol=BRITANNIA/part-REDACTED.parquet
2026-07-27,NSE,BRITANNIA,part-041103_822725-003495.parquet,ctrade1-l2-data,raw_l2/trade_date=2026-07-27/exchange=NSE/symbol=BRITANNIA/part-REDACTED.parquet
2026-07-27,NSE,BRITANNIA,part-041118_347922-003527.parquet,ctrade1-l2-data,raw_l2/trade_date=2026-07-27/exchange=NSE/symbol=BRITANNIA/part-REDACTED.parquet
2026-07-27,NSE,BRITANNIA,part-041132_315368-003559.parquet,ctrade1-l2-data,raw_l2/trade_date=2026-07-27/exchange=NSE/symbol=BRITANNIA/part-REDACTED.parquet
2026-07-27,NSE,BRITANNIA,part-041146_571730-003591.parquet,ctrade1-l2-data,raw_l2/trade_date=2026-07-27/exchange=NSE/symbol=BRITANNIA/part-REDACTED.parquet
2026-07-27,NSE,BRITANNIA,part-041200_712440-003623.parquet,ctrade1-l2-data,raw_l2/trade_date=2026-07-27/exchange=NSE/symbol=BRITANNIA/part-REDACTED.parquet
2026-07-27,NSE,BRITANNIA,part-041214_727237-003655.parquet,ctrade1-l2-data,raw_l2/trade_date=2026-07-27/exchange=NSE/symbol=BRITANNIA/part-REDACTED.parquet
2026-07-27,NSE,BRITANNIA,part-041228_821199-003687.parquet,ctrade1-l2-data,raw_l2/trade_date=2026-07-27/exchange=NSE/symbol=BRITANNIA/part-REDACTED.parquet
2026-07-27,NSE,BRITANNIA,part-041243_971368-003719.parquet,ctrade1-l2-data,raw_l2/trade_date=2026-07-27/exchange=NSE/symbol=BRITANNIA/part-REDACTED.parquet
2026-07-27,NSE,BRITANNIA,part-041257_978379-003751.parquet,ctrade1-l2-data,raw_l2/trade_date=2026-07-27/exchange=NSE/symbol=BRITANNIA/part-REDACTED.parquet
2026-07-27,NSE,BRITANNIA,part-041312_022797-003783.parquet,ctrade1-l2-data,raw_l2/trade_date=2026-07-27/exchange=NSE/symbol=BRITANNIA/part-REDACTED.parquet
2026-07-27,NSE,BRITANNIA,part-041326_507099-003815.parquet,ctrade1-l2-data,raw_l2/trade_date=2026-07-27/exchange=NSE/symbol=BRITANNIA/part-REDACTED.parquet
2026-07-27,NSE,BRITANNIA,part-041340_563646-003847.parquet,ctrade1-l2-data,raw_l2/trade_date=2026-07-27/exchange=NSE/symbol=BRITANNIA/part-REDACTED.parquet
2026-07-27,NSE,BRITANNIA,part-041354_538979-003879.parquet,ctrade1-l2-data,raw_l2/trade_date=2026-07-27/exchange=NSE/symbol=BRITANNIA/part-REDACTED.parquet
2026-07-27,NSE,BRITANNIA,part-041408_473373-003911.parquet,ctrade1-l2-data,raw_l2/trade_date=2026-07-27/exchange=NSE/symbol=BRITANNIA/part-REDACTED.parquet
2026-07-27,NSE,BRITANNIA,part-041422_521431-003943.parquet,ctrade1-l2-data,raw_l2/trade_date=2026-07-27/exchange=NSE/symbol=BRITANNIA/part-REDACTED.parquet
2026-07-27,NSE,BRITANNIA,part-041436_486168-003975.parquet,ctrade1-l2-data,raw_l2/trade_date=2026-07-27/exchange=NSE/symbol=BRITANNIA/part-REDACTED.parquet
2026-07-27,NSE,BRITANNIA,part-041450_513616-004007.parquet,ctrade1-l2-data,raw_l2/trade_date=2026-07-27/exchange=NSE/symbol=BRITANNIA/part-REDACTED.parquet
2026-07-27,NSE,BRITANNIA,part-041504_528682-004039.parquet,ctrade1-l2-data,raw_l2/trade_date=2026-07-27/exchange=NSE/symbol=BRITANNIA/part-REDACTED.parquet
2026-07-27,NSE,BRITANNIA,part-041518_490520-004071.parquet,ctrade1-l2-data,raw_l2/trade_date=2026-07-27/exchange=NSE/symbol=BRITANNIA/part-REDACTED.parquet
2026-07-27,NSE,BRITANNIA,part-041532_721859-004103.parquet,ctrade1-l2-data,raw_l2/trade_date=2026-07-27/exchange=NSE/symbol=BRITANNIA/part-REDACTED.parquet
2026-07-27,NSE,BRITANNIA,part-041547_312362-004135.parquet,ctrade1-l2-data,raw_l2/trade_date=2026-07-27/exchange=NSE/symbol=BRITANNIA/part-REDACTED.parquet
2026-07-27,NSE,BRITANNIA,part-041601_313465-004167.parquet,ctrade1-l2-data,raw_l2/trade_date=2026-07-27/exchange=NSE/symbol=BRITANNIA/part-REDACTED.parquet
2026-07-27,NSE,BRITANNIA,part-041615_477997-004199.parquet,ctrade1-l2-data,raw_l2/trade_date=2026-07-27/exchange=NSE/symbol=BRITANNIA/part-REDACTED.parquet
2026-07-27,NSE,BRITANNIA,part-041629_833409-004231.parquet,ctrade1-l2-data,raw_l2/trade_date=2026-07-27/exchange=NSE/symbol=BRITANNIA/part-REDACTED.parquet
2026-07-27,NSE,BRITANNIA,part-041646_212408-004263.parquet,ctrade1-l2-data,raw_l2/trade_date=2026-07-27/exchange=NSE/symbol=BRITANNIA/part-REDACTED.parquet
2026-07-27,NSE,BRITANNIA,part-041700_270251-004295.parquet,ctrade1-l2-data,raw_l2/trade_date=2026-07-27/exchange=NSE/symbol=BRITANNIA/part-REDACTED.parquet
2026-07-27,NSE,BRITANNIA,part-041714_277412-004327.parquet,ctrade1-l2-data,raw_l2/trade_date=2026-07-27/exchange=NSE/symbol=BRITANNIA/part-REDACTED.parquet
2026-07-27,NSE,BRITANNIA,part-041728_520478-004359.parquet,ctrade1-l2-data,raw_l2/trade_date=2026-07-27/exchange=NSE/symbol=BRITANNIA/part-REDACTED.parquet
2026-07-27,NSE,BRITANNIA,part-041743_000412-004391.parquet,ctrade1-l2-data,raw_l2/trade_date=2026-07-27/exchange=NSE/symbol=BRITANNIA/part-REDACTED.parquet
2026-07-27,NSE,BRITANNIA,part-041757_330848-004423.parquet,ctrade1-l2-data,raw_l2/trade_date=2026-07-27/exchange=NSE/symbol=BRITANNIA/part-REDACTED.parquet
2026-07-27,NSE,BRITANNIA,part-041811_759050-004455.parquet,ctrade1-l2-data,raw_l2/trade_date=2026-07-27/exchange=NSE/symbol=BRITANNIA/part-REDACTED.parquet
2026-07-27,NSE,BRITANNIA,part-041825_828181-004487.parquet,ctrade1-l2-data,raw_l2/trade_date=2026-07-27/exchange=NSE/symbol=BRITANNIA/part-REDACTED.parquet
2026-07-27,NSE,BRITANNIA,part-041839_961938-004519.parquet,ctrade1-l2-data,raw_l2/trade_date=2026-07-27/exchange=NSE/symbol=BRITANNIA/part-REDACTED.parquet
2026-07-27,NSE,BRITANNIA,part-041853_977992-004551.parquet,ctrade1-l2-data,raw_l2/trade_date=2026-07-27/exchange=NSE/symbol=BRITANNIA/part-REDACTED.parquet
2026-07-27,NSE,BRITANNIA,part-041908_023622-004583.parquet,ctrade1-l2-data,raw_l2/trade_date=2026-07-27/exchange=NSE/symbol=BRITANNIA/part-REDACTED.parquet
2026-07-27,NSE,BRITANNIA,part-041922_054493-004615.parquet,ctrade1-l2-data,raw_l2/trade_date=2026-07-27/exchange=NSE/symbol=BRITANNIA/part-REDACTED.parquet
2026-07-27,NSE,BRITANNIA,part-041935_991699-004647.parquet,ctrade1-l2-data,raw_l2/trade_date=2026-07-27/exchange=NSE/symbol=BRITANNIA/part-REDACTED.parquet
2026-07-27,NSE,BRITANNIA,part-041950_003525-004679.parquet,ctrade1-l2-data,raw_l2/trade_date=2026-07-27/exchange=NSE/symbol=BRITANNIA/part-REDACTED.parquet
2026-07-27,NSE,BRITANNIA,part-042004_238255-004711.parquet,ctrade1-l2-data,raw_l2/trade_date=2026-07-27/exchange=NSE/symbol=BRITANNIA/part-REDACTED.parquet
2026-07-27,NSE,BRITANNIA,part-042018_264220-004743.parquet,ctrade1-l2-data,raw_l2/trade_date=2026-07-27/exchange=NSE/symbol=BRITANNIA/part-REDACTED.parquet
2026-07-27,NSE,BRITANNIA,part-042032_497801-004775.parquet,ctrade1-l2-data,raw_l2/trade_date=2026-07-27/exchange=NSE/symbol=BRITANNIA/part-REDACTED.parquet
2026-07-27,NSE,BRITANNIA,part-042046_520937-004807.parquet,ctrade1-l2-data,raw_l2/trade_date=2026-07-27/exchange=NSE/symbol=BRITANNIA/part-REDACTED.parquet
2026-07-27,NSE,BRITANNIA,part-042100_512262-004839.parquet,ctrade1-l2-data,raw_l2/trade_date=2026-07-27/exchange=NSE/symbol=BRITANNIA/part-REDACTED.parquet
2026-07-27,NSE,BRITANNIA,part-042114_672315-004871.parquet,ctrade1-l2-data,raw_l2/trade_date=2026-07-27/exchange=NSE/symbol=BRITANNIA/part-REDACTED.parquet
2026-07-27,NSE,BRITANNIA,part-042129_044085-004903.parquet,ctrade1-l2-data,raw_l2/trade_date=2026-07-27/exchange=NSE/symbol=BRITANNIA/part-REDACTED.parquet
2026-07-27,NSE,BRITANNIA,part-042143_253275-004935.parquet,ctrade1-l2-data,raw_l2/trade_date=2026-07-27/exchange=NSE/symbol=BRITANNIA/part-REDACTED.parquet
2026-07-27,NSE,BRITANNIA,part-042157_551868-004967.parquet,ctrade1-l2-data,raw_l2/trade_date=2026-07-27/exchange=NSE/symbol=BRITANNIA/part-REDACTED.parquet
2026-07-27,NSE,BRITANNIA,part-042212_275774-004999.parquet,ctrade1-l2-data,raw_l2/trade_date=2026-07-27/exchange=NSE/symbol=BRITANNIA/part-REDACTED.parquet
2026-07-27,NSE,BRITANNIA,part-042226_521250-005031.parquet,ctrade1-l2-data,raw_l2/trade_date=2026-07-27/exchange=NSE/symbol=BRITANNIA/part-REDACTED.parquet
2026-07-27,NSE,BRITANNIA,part-042240_824556-005063.parquet,ctrade1-l2-data,raw_l2/trade_date=2026-07-27/exchange=NSE/symbol=BRITANNIA/part-REDACTED.parquet
2026-07-27,NSE,BRITANNIA,part-042255_266737-005095.parquet,ctrade1-l2-data,raw_l2/trade_date=2026-07-27/exchange=NSE/symbol=BRITANNIA/part-REDACTED.parquet
2026-07-27,NSE,BRITANNIA,part-042309_553269-005127.parquet,ctrade1-l2-data,raw_l2/trade_date=2026-07-27/exchange=NSE/symbol=BRITANNIA/part-REDACTED.parquet
2026-07-27,NSE,BRITANNIA,part-042323_781402-005159.parquet,ctrade1-l2-data,raw_l2/trade_date=2026-07-27/exchange=NSE/symbol=BRITANNIA/part-REDACTED.parquet
2026-07-27,NSE,BRITANNIA,part-042338_303754-005191.parquet,ctrade1-l2-data,raw_l2/trade_date=2026-07-27/exchange=NSE/symbol=BRITANNIA/part-REDACTED.parquet
2026-07-27,NSE,BRITANNIA,part-042352_543915-005223.parquet,ctrade1-l2-data,raw_l2/trade_date=2026-07-27/exchange=NSE/symbol=BRITANNIA/part-REDACTED.parquet
2026-07-27,NSE,BRITANNIA,part-042407_058437-005255.parquet,ctrade1-l2-data,raw_l2/trade_date=2026-07-27/exchange=NSE/symbol=BRITANNIA/part-REDACTED.parquet
2026-07-27,NSE,BRITANNIA,part-042421_568448-005287.parquet,ctrade1-l2-data,raw_l2/trade_date=2026-07-27/exchange=NSE/symbol=BRITANNIA/part-REDACTED.parquet
2026-07-27,NSE,BRITANNIA,part-042435_849746-005319.parquet,ctrade1-l2-data,raw_l2/trade_date=2026-07-27/exchange=NSE/symbol=BRITANNIA/part-REDACTED.parquet
2026-07-27,NSE,BRITANNIA,part-042450_337166-005351.parquet,ctrade1-l2-data,raw_l2/trade_date=2026-07-27/exchange=NSE/symbol=BRITANNIA/part-REDACTED.parquet
2026-07-27,NSE,BRITANNIA,part-042504_529478-005383.parquet,ctrade1-l2-data,raw_l2/trade_date=2026-07-27/exchange=NSE/symbol=BRITANNIA/part-REDACTED.parquet
2026-07-27,NSE,BRITANNIA,part-042518_838237-005415.parquet,ctrade1-l2-data,raw_l2/trade_date=2026-07-27/exchange=NSE/symbol=BRITANNIA/part-REDACTED.parquet
2026-07-27,NSE,BRITANNIA,part-042533_066070-005447.parquet,ctrade1-l2-data,raw_l2/trade_date=2026-07-27/exchange=NSE/symbol=BRITANNIA/part-REDACTED.parquet
2026-07-27,NSE,BRITANNIA,part-042547_562977-005479.parquet,ctrade1-l2-data,raw_l2/trade_date=2026-07-27/exchange=NSE/symbol=BRITANNIA/part-REDACTED.parquet
2026-07-27,NSE,BRITANNIA,part-042602_083234-005511.parquet,ctrade1-l2-data,raw_l2/trade_date=2026-07-27/exchange=NSE/symbol=BRITANNIA/part-REDACTED.parquet
2026-07-27,NSE,BRITANNIA,part-042616_813783-005543.parquet,ctrade1-l2-data,raw_l2/trade_date=2026-07-27/exchange=NSE/symbol=BRITANNIA/part-REDACTED.parquet
2026-07-27,NSE,BRITANNIA,part-042631_091026-005575.parquet,ctrade1-l2-data,raw_l2/trade_date=2026-07-27/exchange=NSE/symbol=BRITANNIA/part-REDACTED.parquet
2026-07-27,NSE,BRITANNIA,part-042645_350526-005607.parquet,ctrade1-l2-data,raw_l2/trade_date=2026-07-27/exchange=NSE/symbol=BRITANNIA/part-REDACTED.parquet
2026-07-27,NSE,BRITANNIA,part-042700_071954-005639.parquet,ctrade1-l2-data,raw_l2/trade_date=2026-07-27/exchange=NSE/symbol=BRITANNIA/part-REDACTED.parquet
2026-07-27,NSE,CIPLA,part-034501_989266-000008.parquet,ctrade1-l2-data,raw_l2/trade_date=2026-07-27/exchange=NSE/symbol=CIPLA/part-REDACTED.parquet
2026-07-27,NSE,CIPLA,part-034516_643281-000040.parquet,ctrade1-l2-data,raw_l2/trade_date=2026-07-27/exchange=NSE/symbol=CIPLA/part-REDACTED.parquet
2026-07-27,NSE,CIPLA,part-034531_160837-000072.parquet,ctrade1-l2-data,raw_l2/trade_date=2026-07-27/exchange=NSE/symbol=CIPLA/part-REDACTED.parquet
2026-07-27,NSE,CIPLA,part-034545_359319-000104.parquet,ctrade1-l2-data,raw_l2/trade_date=2026-07-27/exchange=NSE/symbol=CIPLA/part-REDACTED.parquet
2026-07-27,NSE,CIPLA,part-034559_414524-000136.parquet,ctrade1-l2-data,raw_l2/trade_date=2026-07-27/exchange=NSE/symbol=CIPLA/part-REDACTED.parquet
2026-07-27,NSE,CIPLA,part-034613_706365-000168.parquet,ctrade1-l2-data,raw_l2/trade_date=2026-07-27/exchange=NSE/symbol=CIPLA/part-REDACTED.parquet
2026-07-27,NSE,CIPLA,part-034628_153523-000200.parquet,ctrade1-l2-data,raw_l2/trade_date=2026-07-27/exchange=NSE/symbol=CIPLA/part-REDACTED.parquet
2026-07-27,NSE,CIPLA,part-034642_481933-000232.parquet,ctrade1-l2-data,raw_l2/trade_date=2026-07-27/exchange=NSE/symbol=CIPLA/part-REDACTED.parquet
2026-07-27,NSE,CIPLA,part-034656_854581-000264.parquet,ctrade1-l2-data,raw_l2/trade_date=2026-07-27/exchange=NSE/symbol=CIPLA/part-REDACTED.parquet
2026-07-27,NSE,CIPLA,part-034710_894960-000296.parquet,ctrade1-l2-data,raw_l2/trade_date=2026-07-27/exchange=NSE/symbol=CIPLA/part-REDACTED.parquet
2026-07-27,NSE,CIPLA,part-034724_846456-000328.parquet,ctrade1-l2-data,raw_l2/trade_date=2026-07-27/exchange=NSE/symbol=CIPLA/part-REDACTED.parquet
2026-07-27,NSE,CIPLA,part-034739_106292-000360.parquet,ctrade1-l2-data,raw_l2/trade_date=2026-07-27/exchange=NSE/symbol=CIPLA/part-REDACTED.parquet
2026-07-27,NSE,CIPLA,part-034753_208632-000392.parquet,ctrade1-l2-data,raw_l2/trade_date=2026-07-27/exchange=NSE/symbol=CIPLA/part-REDACTED.parquet
2026-07-27,NSE,CIPLA,part-034807_425078-000424.parquet,ctrade1-l2-data,raw_l2/trade_date=2026-07-27/exchange=NSE/symbol=CIPLA/part-REDACTED.parquet
2026-07-27,NSE,CIPLA,part-034821_921584-000456.parquet,ctrade1-l2-data,raw_l2/trade_date=2026-07-27/exchange=NSE/symbol=CIPLA/part-REDACTED.parquet
2026-07-27,NSE,CIPLA,part-034836_433230-000488.parquet,ctrade1-l2-data,raw_l2/trade_date=2026-07-27/exchange=NSE/symbol=CIPLA/part-REDACTED.parquet
2026-07-27,NSE,CIPLA,part-034850_717320-000520.parquet,ctrade1-l2-data,raw_l2/trade_date=2026-07-27/exchange=NSE/symbol=CIPLA/part-REDACTED.parquet
2026-07-27,NSE,CIPLA,part-034905_156867-000552.parquet,ctrade1-l2-data,raw_l2/trade_date=2026-07-27/exchange=NSE/symbol=CIPLA/part-REDACTED.parquet
2026-07-27,NSE,CIPLA,part-034919_654246-000584.parquet,ctrade1-l2-data,raw_l2/trade_date=2026-07-27/exchange=NSE/symbol=CIPLA/part-REDACTED.parquet
2026-07-27,NSE,CIPLA,part-034933_954247-000616.parquet,ctrade1-l2-data,raw_l2/trade_date=2026-07-27/exchange=NSE/symbol=CIPLA/part-REDACTED.parquet
2026-07-27,NSE,CIPLA,part-034948_627913-000648.parquet,ctrade1-l2-data,raw_l2/trade_date=2026-07-27/exchange=NSE/symbol=CIPLA/part-REDACTED.parquet
2026-07-27,NSE,CIPLA,part-035003_188418-000680.parquet,ctrade1-l2-data,raw_l2/trade_date=2026-07-27/exchange=NSE/symbol=CIPLA/part-REDACTED.parquet
2026-07-27,NSE,CIPLA,part-035017_396488-000712.parquet,ctrade1-l2-data,raw_l2/trade_date=2026-07-27/exchange=NSE/symbol=CIPLA/part-REDACTED.parquet
2026-07-27,NSE,CIPLA,part-035031_399617-000744.parquet,ctrade1-l2-data,raw_l2/trade_date=2026-07-27/exchange=NSE/symbol=CIPLA/part-REDACTED.parquet
2026-07-27,NSE,CIPLA,part-035045_707109-000776.parquet,ctrade1-l2-data,raw_l2/trade_date=2026-07-27/exchange=NSE/symbol=CIPLA/part-REDACTED.parquet
2026-07-27,NSE,CIPLA,part-035059_868617-000808.parquet,ctrade1-l2-data,raw_l2/trade_date=2026-07-27/exchange=NSE/symbol=CIPLA/part-REDACTED.parquet
2026-07-27,NSE,CIPLA,part-035114_190556-000840.parquet,ctrade1-l2-data,raw_l2/trade_date=2026-07-27/exchange=NSE/symbol=CIPLA/part-REDACTED.parquet
2026-07-27,NSE,CIPLA,part-035128_630397-000872.parquet,ctrade1-l2-data,raw_l2/trade_date=2026-07-27/exchange=NSE/symbol=CIPLA/part-REDACTED.parquet
2026-07-27,NSE,CIPLA,part-035142_852682-000904.parquet,ctrade1-l2-data,raw_l2/trade_date=2026-07-27/exchange=NSE/symbol=CIPLA/part-REDACTED.parquet
2026-07-27,NSE,CIPLA,part-035156_905332-000936.parquet,ctrade1-l2-data,raw_l2/trade_date=2026-07-27/exchange=NSE/symbol=CIPLA/part-REDACTED.parquet
2026-07-27,NSE,CIPLA,part-035211_183059-000968.parquet,ctrade1-l2-data,raw_l2/trade_date=2026-07-27/exchange=NSE/symbol=CIPLA/part-REDACTED.parquet
2026-07-27,NSE,CIPLA,part-035225_437758-001000.parquet,ctrade1-l2-data,raw_l2/trade_date=2026-07-27/exchange=NSE/symbol=CIPLA/part-REDACTED.parquet
2026-07-27,NSE,CIPLA,part-035239_626433-001032.parquet,ctrade1-l2-data,raw_l2/trade_date=2026-07-27/exchange=NSE/symbol=CIPLA/part-REDACTED.parquet
2026-07-27,NSE,CIPLA,part-035253_934134-001064.parquet,ctrade1-l2-data,raw_l2/trade_date=2026-07-27/exchange=NSE/symbol=CIPLA/part-REDACTED.parquet
2026-07-27,NSE,CIPLA,part-035308_218001-001096.parquet,ctrade1-l2-data,raw_l2/trade_date=2026-07-27/exchange=NSE/symbol=CIPLA/part-REDACTED.parquet
2026-07-27,NSE,CIPLA,part-035322_474576-001128.parquet,ctrade1-l2-data,raw_l2/trade_date=2026-07-27/exchange=NSE/symbol=CIPLA/part-REDACTED.parquet
2026-07-27,NSE,CIPLA,part-035336_981850-001160.parquet,ctrade1-l2-data,raw_l2/trade_date=2026-07-27/exchange=NSE/symbol=CIPLA/part-REDACTED.parquet
2026-07-27,NSE,CIPLA,part-035351_426786-001192.parquet,ctrade1-l2-data,raw_l2/trade_date=2026-07-27/exchange=NSE/symbol=CIPLA/part-REDACTED.parquet
2026-07-27,NSE,CIPLA,part-035405_704607-001224.parquet,ctrade1-l2-data,raw_l2/trade_date=2026-07-27/exchange=NSE/symbol=CIPLA/part-REDACTED.parquet
2026-07-27,NSE,CIPLA,part-035419_914680-001256.parquet,ctrade1-l2-data,raw_l2/trade_date=2026-07-27/exchange=NSE/symbol=CIPLA/part-REDACTED.parquet
2026-07-27,NSE,CIPLA,part-035433_902717-001288.parquet,ctrade1-l2-data,raw_l2/trade_date=2026-07-27/exchange=NSE/symbol=CIPLA/part-REDACTED.parquet
2026-07-27,NSE,CIPLA,part-035448_584915-001320.parquet,ctrade1-l2-data,raw_l2/trade_date=2026-07-27/exchange=NSE/symbol=CIPLA/part-REDACTED.parquet
2026-07-27,NSE,CIPLA,part-035503_387055-001352.parquet,ctrade1-l2-data,raw_l2/trade_date=2026-07-27/exchange=NSE/symbol=CIPLA/part-REDACTED.parquet
2026-07-27,NSE,CIPLA,part-035517_947261-001384.parquet,ctrade1-l2-data,raw_l2/trade_date=2026-07-27/exchange=NSE/symbol=CIPLA/part-REDACTED.parquet
2026-07-27,NSE,CIPLA,part-035532_177891-001416.parquet,ctrade1-l2-data,raw_l2/trade_date=2026-07-27/exchange=NSE/symbol=CIPLA/part-REDACTED.parquet
2026-07-27,NSE,CIPLA,part-035546_640130-001448.parquet,ctrade1-l2-data,raw_l2/trade_date=2026-07-27/exchange=NSE/symbol=CIPLA/part-REDACTED.parquet
2026-07-27,NSE,CIPLA,part-035600_715639-001480.parquet,ctrade1-l2-data,raw_l2/trade_date=2026-07-27/exchange=NSE/symbol=CIPLA/part-REDACTED.parquet
2026-07-27,NSE,CIPLA,part-035615_601321-001512.parquet,ctrade1-l2-data,raw_l2/trade_date=2026-07-27/exchange=NSE/symbol=CIPLA/part-REDACTED.parquet
2026-07-27,NSE,CIPLA,part-035630_052358-001544.parquet,ctrade1-l2-data,raw_l2/trade_date=2026-07-27/exchange=NSE/symbol=CIPLA/part-REDACTED.parquet
2026-07-27,NSE,CIPLA,part-035644_384348-001576.parquet,ctrade1-l2-data,raw_l2/trade_date=2026-07-27/exchange=NSE/symbol=CIPLA/part-REDACTED.parquet
2026-07-27,NSE,CIPLA,part-035658_652491-001608.parquet,ctrade1-l2-data,raw_l2/trade_date=2026-07-27/exchange=NSE/symbol=CIPLA/part-REDACTED.parquet
2026-07-27,NSE,CIPLA,part-035712_920434-001640.parquet,ctrade1-l2-data,raw_l2/trade_date=2026-07-27/exchange=NSE/symbol=CIPLA/part-REDACTED.parquet
2026-07-27,NSE,CIPLA,part-035727_362770-001672.parquet,ctrade1-l2-data,raw_l2/trade_date=2026-07-27/exchange=NSE/symbol=CIPLA/part-REDACTED.parquet
2026-07-27,NSE,CIPLA,part-035741_659114-001704.parquet,ctrade1-l2-data,raw_l2/trade_date=2026-07-27/exchange=NSE/symbol=CIPLA/part-REDACTED.parquet
2026-07-27,NSE,CIPLA,part-035755_952690-001736.parquet,ctrade1-l2-data,raw_l2/trade_date=2026-07-27/exchange=NSE/symbol=CIPLA/part-REDACTED.parquet
2026-07-27,NSE,CIPLA,part-035810_176355-001768.parquet,ctrade1-l2-data,raw_l2/trade_date=2026-07-27/exchange=NSE/symbol=CIPLA/part-REDACTED.parquet
2026-07-27,NSE,CIPLA,part-035824_694833-001800.parquet,ctrade1-l2-data,raw_l2/trade_date=2026-07-27/exchange=NSE/symbol=CIPLA/part-REDACTED.parquet
2026-07-27,NSE,CIPLA,part-035838_962639-001832.parquet,ctrade1-l2-data,raw_l2/trade_date=2026-07-27/exchange=NSE/symbol=CIPLA/part-REDACTED.parquet
2026-07-27,NSE,CIPLA,part-035853_424493-001864.parquet,ctrade1-l2-data,raw_l2/trade_date=2026-07-27/exchange=NSE/symbol=CIPLA/part-REDACTED.parquet
2026-07-27,NSE,CIPLA,part-035907_647757-001896.parquet,ctrade1-l2-data,raw_l2/trade_date=2026-07-27/exchange=NSE/symbol=CIPLA/part-REDACTED.parquet
2026-07-27,NSE,CIPLA,part-035922_200135-001928.parquet,ctrade1-l2-data,raw_l2/trade_date=2026-07-27/exchange=NSE/symbol=CIPLA/part-REDACTED.parquet
2026-07-27,NSE,CIPLA,part-035936_674097-001960.parquet,ctrade1-l2-data,raw_l2/trade_date=2026-07-27/exchange=NSE/symbol=CIPLA/part-REDACTED.parquet
2026-07-27,NSE,CIPLA,part-035950_875697-001992.parquet,ctrade1-l2-data,raw_l2/trade_date=2026-07-27/exchange=NSE/symbol=CIPLA/part-REDACTED.parquet
2026-07-27,NSE,CIPLA,part-040005_390931-002024.parquet,ctrade1-l2-data,raw_l2/trade_date=2026-07-27/exchange=NSE/symbol=CIPLA/part-REDACTED.parquet
2026-07-27,NSE,CIPLA,part-040019_908002-002056.parquet,ctrade1-l2-data,raw_l2/trade_date=2026-07-27/exchange=NSE/symbol=CIPLA/part-REDACTED.parquet
2026-07-27,NSE,CIPLA,part-040034_222279-002088.parquet,ctrade1-l2-data,raw_l2/trade_date=2026-07-27/exchange=NSE/symbol=CIPLA/part-REDACTED.parquet
2026-07-27,NSE,CIPLA,part-040048_463274-002120.parquet,ctrade1-l2-data,raw_l2/trade_date=2026-07-27/exchange=NSE/symbol=CIPLA/part-REDACTED.parquet
2026-07-27,NSE,CIPLA,part-040103_010725-002152.parquet,ctrade1-l2-data,raw_l2/trade_date=2026-07-27/exchange=NSE/symbol=CIPLA/part-REDACTED.parquet
2026-07-27,NSE,CIPLA,part-040117_470959-002184.parquet,ctrade1-l2-data,raw_l2/trade_date=2026-07-27/exchange=NSE/symbol=CIPLA/part-REDACTED.parquet
2026-07-27,NSE,CIPLA,part-040131_688232-002216.parquet,ctrade1-l2-data,raw_l2/trade_date=2026-07-27/exchange=NSE/symbol=CIPLA/part-REDACTED.parquet
2026-07-27,NSE,CIPLA,part-040146_405992-002248.parquet,ctrade1-l2-data,raw_l2/trade_date=2026-07-27/exchange=NSE/symbol=CIPLA/part-REDACTED.parquet
2026-07-27,NSE,CIPLA,part-040200_706844-002280.parquet,ctrade1-l2-data,raw_l2/trade_date=2026-07-27/exchange=NSE/symbol=CIPLA/part-REDACTED.parquet
2026-07-27,NSE,CIPLA,part-040215_173422-002312.parquet,ctrade1-l2-data,raw_l2/trade_date=2026-07-27/exchange=NSE/symbol=CIPLA/part-REDACTED.parquet
2026-07-27,NSE,CIPLA,part-040229_753135-002344.parquet,ctrade1-l2-data,raw_l2/trade_date=2026-07-27/exchange=NSE/symbol=CIPLA/part-REDACTED.parquet
2026-07-27,NSE,CIPLA,part-040244_423503-002376.parquet,ctrade1-l2-data,raw_l2/trade_date=2026-07-27/exchange=NSE/symbol=CIPLA/part-REDACTED.parquet
2026-07-27,NSE,CIPLA,part-040259_079532-002408.parquet,ctrade1-l2-data,raw_l2/trade_date=2026-07-27/exchange=NSE/symbol=CIPLA/part-REDACTED.parquet
2026-07-27,NSE,CIPLA,part-040313_659526-002440.parquet,ctrade1-l2-data,raw_l2/trade_date=2026-07-27/exchange=NSE/symbol=CIPLA/part-REDACTED.parquet
2026-07-27,NSE,CIPLA,part-040327_877778-002472.parquet,ctrade1-l2-data,raw_l2/trade_date=2026-07-27/exchange=NSE/symbol=CIPLA/part-REDACTED.parquet
2026-07-27,NSE,CIPLA,part-040342_437128-002504.parquet,ctrade1-l2-data,raw_l2/trade_date=2026-07-27/exchange=NSE/symbol=CIPLA/part-REDACTED.parquet
2026-07-27,NSE,CIPLA,part-040356_863809-002536.parquet,ctrade1-l2-data,raw_l2/trade_date=2026-07-27/exchange=NSE/symbol=CIPLA/part-REDACTED.parquet
2026-07-27,NSE,CIPLA,part-040411_479367-002568.parquet,ctrade1-l2-data,raw_l2/trade_date=2026-07-27/exchange=NSE/symbol=CIPLA/part-REDACTED.parquet
2026-07-27,NSE,CIPLA,part-040425_967878-002600.parquet,ctrade1-l2-data,raw_l2/trade_date=2026-07-27/exchange=NSE/symbol=CIPLA/part-REDACTED.parquet
2026-07-27,NSE,CIPLA,part-040440_162187-002632.parquet,ctrade1-l2-data,raw_l2/trade_date=2026-07-27/exchange=NSE/symbol=CIPLA/part-REDACTED.parquet
2026-07-27,NSE,CIPLA,part-040454_638118-002664.parquet,ctrade1-l2-data,raw_l2/trade_date=2026-07-27/exchange=NSE/symbol=CIPLA/part-REDACTED.parquet
2026-07-27,NSE,CIPLA,part-040508_922104-002696.parquet,ctrade1-l2-data,raw_l2/trade_date=2026-07-27/exchange=NSE/symbol=CIPLA/part-REDACTED.parquet
2026-07-27,NSE,CIPLA,part-040523_366537-002728.parquet,ctrade1-l2-data,raw_l2/trade_date=2026-07-27/exchange=NSE/symbol=CIPLA/part-REDACTED.parquet
2026-07-27,NSE,CIPLA,part-040537_364784-002760.parquet,ctrade1-l2-data,raw_l2/trade_date=2026-07-27/exchange=NSE/symbol=CIPLA/part-REDACTED.parquet
2026-07-27,NSE,CIPLA,part-040551_601616-002792.parquet,ctrade1-l2-data,raw_l2/trade_date=2026-07-27/exchange=NSE/symbol=CIPLA/part-REDACTED.parquet
2026-07-27,NSE,CIPLA,part-040605_598337-002824.parquet,ctrade1-l2-data,raw_l2/trade_date=2026-07-27/exchange=NSE/symbol=CIPLA/part-REDACTED.parquet
2026-07-27,NSE,CIPLA,part-040619_625463-002856.parquet,ctrade1-l2-data,raw_l2/trade_date=2026-07-27/exchange=NSE/symbol=CIPLA/part-REDACTED.parquet
2026-07-27,NSE,CIPLA,part-040633_647780-002888.parquet,ctrade1-l2-data,raw_l2/trade_date=2026-07-27/exchange=NSE/symbol=CIPLA/part-REDACTED.parquet
2026-07-27,NSE,CIPLA,part-040647_591585-002920.parquet,ctrade1-l2-data,raw_l2/trade_date=2026-07-27/exchange=NSE/symbol=CIPLA/part-REDACTED.parquet
2026-07-27,NSE,CIPLA,part-040701_601041-002952.parquet,ctrade1-l2-data,raw_l2/trade_date=2026-07-27/exchange=NSE/symbol=CIPLA/part-REDACTED.parquet
2026-07-27,NSE,CIPLA,part-040715_933715-002984.parquet,ctrade1-l2-data,raw_l2/trade_date=2026-07-27/exchange=NSE/symbol=CIPLA/part-REDACTED.parquet
2026-07-27,NSE,CIPLA,part-040730_186861-003016.parquet,ctrade1-l2-data,raw_l2/trade_date=2026-07-27/exchange=NSE/symbol=CIPLA/part-REDACTED.parquet
2026-07-27,NSE,CIPLA,part-040744_366912-003048.parquet,ctrade1-l2-data,raw_l2/trade_date=2026-07-27/exchange=NSE/symbol=CIPLA/part-REDACTED.parquet
2026-07-27,NSE,CIPLA,part-040758_843193-003080.parquet,ctrade1-l2-data,raw_l2/trade_date=2026-07-27/exchange=NSE/symbol=CIPLA/part-REDACTED.parquet
2026-07-27,NSE,CIPLA,part-040813_116198-003112.parquet,ctrade1-l2-data,raw_l2/trade_date=2026-07-27/exchange=NSE/symbol=CIPLA/part-REDACTED.parquet
2026-07-27,NSE,CIPLA,part-040827_463014-003144.parquet,ctrade1-l2-data,raw_l2/trade_date=2026-07-27/exchange=NSE/symbol=CIPLA/part-REDACTED.parquet
2026-07-27,NSE,CIPLA,part-040841_617395-003176.parquet,ctrade1-l2-data,raw_l2/trade_date=2026-07-27/exchange=NSE/symbol=CIPLA/part-REDACTED.parquet
2026-07-27,NSE,CIPLA,part-040856_013085-003208.parquet,ctrade1-l2-data,raw_l2/trade_date=2026-07-27/exchange=NSE/symbol=CIPLA/part-REDACTED.parquet
2026-07-27,NSE,CIPLA,part-040910_161631-003240.parquet,ctrade1-l2-data,raw_l2/trade_date=2026-07-27/exchange=NSE/symbol=CIPLA/part-REDACTED.parquet
2026-07-27,NSE,CIPLA,part-040924_125743-003272.parquet,ctrade1-l2-data,raw_l2/trade_date=2026-07-27/exchange=NSE/symbol=CIPLA/part-REDACTED.parquet
2026-07-27,NSE,CIPLA,part-040938_476099-003304.parquet,ctrade1-l2-data,raw_l2/trade_date=2026-07-27/exchange=NSE/symbol=CIPLA/part-REDACTED.parquet
2026-07-27,NSE,CIPLA,part-040952_652966-003336.parquet,ctrade1-l2-data,raw_l2/trade_date=2026-07-27/exchange=NSE/symbol=CIPLA/part-REDACTED.parquet
2026-07-27,NSE,CIPLA,part-041006_946171-003368.parquet,ctrade1-l2-data,raw_l2/trade_date=2026-07-27/exchange=NSE/symbol=CIPLA/part-REDACTED.parquet
2026-07-27,NSE,CIPLA,part-041021_148010-003400.parquet,ctrade1-l2-data,raw_l2/trade_date=2026-07-27/exchange=NSE/symbol=CIPLA/part-REDACTED.parquet
2026-07-27,NSE,CIPLA,part-041035_543597-003432.parquet,ctrade1-l2-data,raw_l2/trade_date=2026-07-27/exchange=NSE/symbol=CIPLA/part-REDACTED.parquet
2026-07-27,NSE,CIPLA,part-041049_845637-003464.parquet,ctrade1-l2-data,raw_l2/trade_date=2026-07-27/exchange=NSE/symbol=CIPLA/part-REDACTED.parquet
2026-07-27,NSE,CIPLA,part-041103_947947-003496.parquet,ctrade1-l2-data,raw_l2/trade_date=2026-07-27/exchange=NSE/symbol=CIPLA/part-REDACTED.parquet
2026-07-27,NSE,CIPLA,part-041118_465559-003528.parquet,ctrade1-l2-data,raw_l2/trade_date=2026-07-27/exchange=NSE/symbol=CIPLA/part-REDACTED.parquet
2026-07-27,NSE,CIPLA,part-041132_443887-003560.parquet,ctrade1-l2-data,raw_l2/trade_date=2026-07-27/exchange=NSE/symbol=CIPLA/part-REDACTED.parquet
2026-07-27,NSE,CIPLA,part-041146_692105-003592.parquet,ctrade1-l2-data,raw_l2/trade_date=2026-07-27/exchange=NSE/symbol=CIPLA/part-REDACTED.parquet
2026-07-27,NSE,CIPLA,part-041200_835078-003624.parquet,ctrade1-l2-data,raw_l2/trade_date=2026-07-27/exchange=NSE/symbol=CIPLA/part-REDACTED.parquet
2026-07-27,NSE,CIPLA,part-041214_843774-003656.parquet,ctrade1-l2-data,raw_l2/trade_date=2026-07-27/exchange=NSE/symbol=CIPLA/part-REDACTED.parquet
2026-07-27,NSE,CIPLA,part-041228_966139-003688.parquet,ctrade1-l2-data,raw_l2/trade_date=2026-07-27/exchange=NSE/symbol=CIPLA/part-REDACTED.parquet
2026-07-27,NSE,CIPLA,part-041244_088994-003720.parquet,ctrade1-l2-data,raw_l2/trade_date=2026-07-27/exchange=NSE/symbol=CIPLA/part-REDACTED.parquet
2026-07-27,NSE,CIPLA,part-041258_093077-003752.parquet,ctrade1-l2-data,raw_l2/trade_date=2026-07-27/exchange=NSE/symbol=CIPLA/part-REDACTED.parquet
2026-07-27,NSE,CIPLA,part-041312_150743-003784.parquet,ctrade1-l2-data,raw_l2/trade_date=2026-07-27/exchange=NSE/symbol=CIPLA/part-REDACTED.parquet
2026-07-27,NSE,CIPLA,part-041326_616661-003816.parquet,ctrade1-l2-data,raw_l2/trade_date=2026-07-27/exchange=NSE/symbol=CIPLA/part-REDACTED.parquet
2026-07-27,NSE,CIPLA,part-041340_681151-003848.parquet,ctrade1-l2-data,raw_l2/trade_date=2026-07-27/exchange=NSE/symbol=CIPLA/part-REDACTED.parquet
2026-07-27,NSE,CIPLA,part-041354_656716-003880.parquet,ctrade1-l2-data,raw_l2/trade_date=2026-07-27/exchange=NSE/symbol=CIPLA/part-REDACTED.parquet
2026-07-27,NSE,CIPLA,part-041408_643354-003912.parquet,ctrade1-l2-data,raw_l2/trade_date=2026-07-27/exchange=NSE/symbol=CIPLA/part-REDACTED.parquet
2026-07-27,NSE,CIPLA,part-041422_634977-003944.parquet,ctrade1-l2-data,raw_l2/trade_date=2026-07-27/exchange=NSE/symbol=CIPLA/part-REDACTED.parquet
2026-07-27,NSE,CIPLA,part-041436_612094-003976.parquet,ctrade1-l2-data,raw_l2/trade_date=2026-07-27/exchange=NSE/symbol=CIPLA/part-REDACTED.parquet
2026-07-27,NSE,CIPLA,part-041450_638663-004008.parquet,ctrade1-l2-data,raw_l2/trade_date=2026-07-27/exchange=NSE/symbol=CIPLA/part-REDACTED.parquet
2026-07-27,NSE,CIPLA,part-041504_667206-004040.parquet,ctrade1-l2-data,raw_l2/trade_date=2026-07-27/exchange=NSE/symbol=CIPLA/part-REDACTED.parquet
2026-07-27,NSE,CIPLA,part-041518_633812-004072.parquet,ctrade1-l2-data,raw_l2/trade_date=2026-07-27/exchange=NSE/symbol=CIPLA/part-REDACTED.parquet
2026-07-27,NSE,CIPLA,part-041532_848945-004104.parquet,ctrade1-l2-data,raw_l2/trade_date=2026-07-27/exchange=NSE/symbol=CIPLA/part-REDACTED.parquet
2026-07-27,NSE,CIPLA,part-041547_422351-004136.parquet,ctrade1-l2-data,raw_l2/trade_date=2026-07-27/exchange=NSE/symbol=CIPLA/part-REDACTED.parquet
2026-07-27,NSE,CIPLA,part-041601_484273-004168.parquet,ctrade1-l2-data,raw_l2/trade_date=2026-07-27/exchange=NSE/symbol=CIPLA/part-REDACTED.parquet
2026-07-27,NSE,CIPLA,part-041615_598423-004200.parquet,ctrade1-l2-data,raw_l2/trade_date=2026-07-27/exchange=NSE/symbol=CIPLA/part-REDACTED.parquet
2026-07-27,NSE,CIPLA,part-041630_021479-004232.parquet,ctrade1-l2-data,raw_l2/trade_date=2026-07-27/exchange=NSE/symbol=CIPLA/part-REDACTED.parquet
2026-07-27,NSE,CIPLA,part-041646_348555-004264.parquet,ctrade1-l2-data,raw_l2/trade_date=2026-07-27/exchange=NSE/symbol=CIPLA/part-REDACTED.parquet
2026-07-27,NSE,CIPLA,part-041700_384002-004296.parquet,ctrade1-l2-data,raw_l2/trade_date=2026-07-27/exchange=NSE/symbol=CIPLA/part-REDACTED.parquet
2026-07-27,NSE,CIPLA,part-041714_408249-004328.parquet,ctrade1-l2-data,raw_l2/trade_date=2026-07-27/exchange=NSE/symbol=CIPLA/part-REDACTED.parquet
2026-07-27,NSE,CIPLA,part-041728_672764-004360.parquet,ctrade1-l2-data,raw_l2/trade_date=2026-07-27/exchange=NSE/symbol=CIPLA/part-REDACTED.parquet
2026-07-27,NSE,CIPLA,part-041743_115421-004392.parquet,ctrade1-l2-data,raw_l2/trade_date=2026-07-27/exchange=NSE/symbol=CIPLA/part-REDACTED.parquet
2026-07-27,NSE,CIPLA,part-041757_473798-004424.parquet,ctrade1-l2-data,raw_l2/trade_date=2026-07-27/exchange=NSE/symbol=CIPLA/part-REDACTED.parquet
2026-07-27,NSE,CIPLA,part-041811_881936-004456.parquet,ctrade1-l2-data,raw_l2/trade_date=2026-07-27/exchange=NSE/symbol=CIPLA/part-REDACTED.parquet
2026-07-27,NSE,CIPLA,part-041825_945034-004488.parquet,ctrade1-l2-data,raw_l2/trade_date=2026-07-27/exchange=NSE/symbol=CIPLA/part-REDACTED.parquet
2026-07-27,NSE,CIPLA,part-041840_071397-004520.parquet,ctrade1-l2-data,raw_l2/trade_date=2026-07-27/exchange=NSE/symbol=CIPLA/part-REDACTED.parquet
2026-07-27,NSE,CIPLA,part-041854_098506-004552.parquet,ctrade1-l2-data,raw_l2/trade_date=2026-07-27/exchange=NSE/symbol=CIPLA/part-REDACTED.parquet
2026-07-27,NSE,CIPLA,part-041908_144958-004584.parquet,ctrade1-l2-data,raw_l2/trade_date=2026-07-27/exchange=NSE/symbol=CIPLA/part-REDACTED.parquet
2026-07-27,NSE,CIPLA,part-041922_176685-004616.parquet,ctrade1-l2-data,raw_l2/trade_date=2026-07-27/exchange=NSE/symbol=CIPLA/part-REDACTED.parquet
2026-07-27,NSE,CIPLA,part-041936_136388-004648.parquet,ctrade1-l2-data,raw_l2/trade_date=2026-07-27/exchange=NSE/symbol=CIPLA/part-REDACTED.parquet
2026-07-27,NSE,CIPLA,part-041950_122974-004680.parquet,ctrade1-l2-data,raw_l2/trade_date=2026-07-27/exchange=NSE/symbol=CIPLA/part-REDACTED.parquet
2026-07-27,NSE,CIPLA,part-042004_389340-004712.parquet,ctrade1-l2-data,raw_l2/trade_date=2026-07-27/exchange=NSE/symbol=CIPLA/part-REDACTED.parquet
2026-07-27,NSE,CIPLA,part-042018_372025-004744.parquet,ctrade1-l2-data,raw_l2/trade_date=2026-07-27/exchange=NSE/symbol=CIPLA/part-REDACTED.parquet
2026-07-27,NSE,CIPLA,part-042032_604515-004776.parquet,ctrade1-l2-data,raw_l2/trade_date=2026-07-27/exchange=NSE/symbol=CIPLA/part-REDACTED.parquet
2026-07-27,NSE,CIPLA,part-042046_637932-004808.parquet,ctrade1-l2-data,raw_l2/trade_date=2026-07-27/exchange=NSE/symbol=CIPLA/part-REDACTED.parquet
2026-07-27,NSE,CIPLA,part-042100_627409-004840.parquet,ctrade1-l2-data,raw_l2/trade_date=2026-07-27/exchange=NSE/symbol=CIPLA/part-REDACTED.parquet
2026-07-27,NSE,CIPLA,part-042114_801762-004872.parquet,ctrade1-l2-data,raw_l2/trade_date=2026-07-27/exchange=NSE/symbol=CIPLA/part-REDACTED.parquet
2026-07-27,NSE,CIPLA,part-042129_175630-004904.parquet,ctrade1-l2-data,raw_l2/trade_date=2026-07-27/exchange=NSE/symbol=CIPLA/part-REDACTED.parquet
2026-07-27,NSE,CIPLA,part-042143_368653-004936.parquet,ctrade1-l2-data,raw_l2/trade_date=2026-07-27/exchange=NSE/symbol=CIPLA/part-REDACTED.parquet
2026-07-27,NSE,CIPLA,part-042157_702445-004968.parquet,ctrade1-l2-data,raw_l2/trade_date=2026-07-27/exchange=NSE/symbol=CIPLA/part-REDACTED.parquet
2026-07-27,NSE,CIPLA,part-042212_398644-005000.parquet,ctrade1-l2-data,raw_l2/trade_date=2026-07-27/exchange=NSE/symbol=CIPLA/part-REDACTED.parquet
2026-07-27,NSE,CIPLA,part-042226_638565-005032.parquet,ctrade1-l2-data,raw_l2/trade_date=2026-07-27/exchange=NSE/symbol=CIPLA/part-REDACTED.parquet
2026-07-27,NSE,CIPLA,part-042240_956443-005064.parquet,ctrade1-l2-data,raw_l2/trade_date=2026-07-27/exchange=NSE/symbol=CIPLA/part-REDACTED.parquet
2026-07-27,NSE,CIPLA,part-042255_383040-005096.parquet,ctrade1-l2-data,raw_l2/trade_date=2026-07-27/exchange=NSE/symbol=CIPLA/part-REDACTED.parquet
2026-07-27,NSE,CIPLA,part-042309_698432-005128.parquet,ctrade1-l2-data,raw_l2/trade_date=2026-07-27/exchange=NSE/symbol=CIPLA/part-REDACTED.parquet
2026-07-27,NSE,CIPLA,part-042323_936716-005160.parquet,ctrade1-l2-data,raw_l2/trade_date=2026-07-27/exchange=NSE/symbol=CIPLA/part-REDACTED.parquet
2026-07-27,NSE,CIPLA,part-042338_440025-005192.parquet,ctrade1-l2-data,raw_l2/trade_date=2026-07-27/exchange=NSE/symbol=CIPLA/part-REDACTED.parquet
2026-07-27,NSE,CIPLA,part-042352_672667-005224.parquet,ctrade1-l2-data,raw_l2/trade_date=2026-07-27/exchange=NSE/symbol=CIPLA/part-REDACTED.parquet
2026-07-27,NSE,CIPLA,part-042407_183164-005256.parquet,ctrade1-l2-data,raw_l2/trade_date=2026-07-27/exchange=NSE/symbol=CIPLA/part-REDACTED.parquet
2026-07-27,NSE,CIPLA,part-042421_691755-005288.parquet,ctrade1-l2-data,raw_l2/trade_date=2026-07-27/exchange=NSE/symbol=CIPLA/part-REDACTED.parquet
2026-07-27,NSE,CIPLA,part-042435_998189-005320.parquet,ctrade1-l2-data,raw_l2/trade_date=2026-07-27/exchange=NSE/symbol=CIPLA/part-REDACTED.parquet
2026-07-27,NSE,CIPLA,part-042450_456168-005352.parquet,ctrade1-l2-data,raw_l2/trade_date=2026-07-27/exchange=NSE/symbol=CIPLA/part-REDACTED.parquet
2026-07-27,NSE,CIPLA,part-042504_657805-005384.parquet,ctrade1-l2-data,raw_l2/trade_date=2026-07-27/exchange=NSE/symbol=CIPLA/part-REDACTED.parquet
2026-07-27,NSE,CIPLA,part-042518_959034-005416.parquet,ctrade1-l2-data,raw_l2/trade_date=2026-07-27/exchange=NSE/symbol=CIPLA/part-REDACTED.parquet
2026-07-27,NSE,CIPLA,part-042533_187182-005448.parquet,ctrade1-l2-data,raw_l2/trade_date=2026-07-27/exchange=NSE/symbol=CIPLA/part-REDACTED.parquet
2026-07-27,NSE,CIPLA,part-042547_684329-005480.parquet,ctrade1-l2-data,raw_l2/trade_date=2026-07-27/exchange=NSE/symbol=CIPLA/part-REDACTED.parquet
2026-07-27,NSE,CIPLA,part-042602_206176-005512.parquet,ctrade1-l2-data,raw_l2/trade_date=2026-07-27/exchange=NSE/symbol=CIPLA/part-REDACTED.parquet
2026-07-27,NSE,CIPLA,part-042616_945073-005544.parquet,ctrade1-l2-data,raw_l2/trade_date=2026-07-27/exchange=NSE/symbol=CIPLA/part-REDACTED.parquet
2026-07-27,NSE,CIPLA,part-042631_222555-005576.parquet,ctrade1-l2-data,raw_l2/trade_date=2026-07-27/exchange=NSE/symbol=CIPLA/part-REDACTED.parquet
2026-07-27,NSE,CIPLA,part-042645_483786-005608.parquet,ctrade1-l2-data,raw_l2/trade_date=2026-07-27/exchange=NSE/symbol=CIPLA/part-REDACTED.parquet
2026-07-27,NSE,CIPLA,part-042700_193968-005640.parquet,ctrade1-l2-data,raw_l2/trade_date=2026-07-27/exchange=NSE/symbol=CIPLA/part-REDACTED.parquet
2026-07-27,NSE,DRREDDY,part-034502_132781-000009.parquet,ctrade1-l2-data,raw_l2/trade_date=2026-07-27/exchange=NSE/symbol=DRREDDY/part-REDACTED.parquet
2026-07-27,NSE,DRREDDY,part-034516_800595-000041.parquet,ctrade1-l2-data,raw_l2/trade_date=2026-07-27/exchange=NSE/symbol=DRREDDY/part-REDACTED.parquet
2026-07-27,NSE,DRREDDY,part-034531_288416-000073.parquet,ctrade1-l2-data,raw_l2/trade_date=2026-07-27/exchange=NSE/symbol=DRREDDY/part-REDACTED.parquet
2026-07-27,NSE,DRREDDY,part-034545_480276-000105.parquet,ctrade1-l2-data,raw_l2/trade_date=2026-07-27/exchange=NSE/symbol=DRREDDY/part-REDACTED.parquet
2026-07-27,NSE,DRREDDY,part-034559_554573-000137.parquet,ctrade1-l2-data,raw_l2/trade_date=2026-07-27/exchange=NSE/symbol=DRREDDY/part-REDACTED.parquet
2026-07-27,NSE,DRREDDY,part-034613_848323-000169.parquet,ctrade1-l2-data,raw_l2/trade_date=2026-07-27/exchange=NSE/symbol=DRREDDY/part-REDACTED.parquet
2026-07-27,NSE,DRREDDY,part-034628_286753-000201.parquet,ctrade1-l2-data,raw_l2/trade_date=2026-07-27/exchange=NSE/symbol=DRREDDY/part-REDACTED.parquet
2026-07-27,NSE,DRREDDY,part-034642_611309-000233.parquet,ctrade1-l2-data,raw_l2/trade_date=2026-07-27/exchange=NSE/symbol=DRREDDY/part-REDACTED.parquet
2026-07-27,NSE,DRREDDY,part-034656_967460-000265.parquet,ctrade1-l2-data,raw_l2/trade_date=2026-07-27/exchange=NSE/symbol=DRREDDY/part-REDACTED.parquet
2026-07-27,NSE,DRREDDY,part-034711_034491-000297.parquet,ctrade1-l2-data,raw_l2/trade_date=2026-07-27/exchange=NSE/symbol=DRREDDY/part-REDACTED.parquet
2026-07-27,NSE,DRREDDY,part-034724_967652-000329.parquet,ctrade1-l2-data,raw_l2/trade_date=2026-07-27/exchange=NSE/symbol=DRREDDY/part-REDACTED.parquet
2026-07-27,NSE,DRREDDY,part-034739_228387-000361.parquet,ctrade1-l2-data,raw_l2/trade_date=2026-07-27/exchange=NSE/symbol=DRREDDY/part-REDACTED.parquet
2026-07-27,NSE,DRREDDY,part-034753_334971-000393.parquet,ctrade1-l2-data,raw_l2/trade_date=2026-07-27/exchange=NSE/symbol=DRREDDY/part-REDACTED.parquet
2026-07-27,NSE,DRREDDY,part-034807_560758-000425.parquet,ctrade1-l2-data,raw_l2/trade_date=2026-07-27/exchange=NSE/symbol=DRREDDY/part-REDACTED.parquet
2026-07-27,NSE,DRREDDY,part-034822_054687-000457.parquet,ctrade1-l2-data,raw_l2/trade_date=2026-07-27/exchange=NSE/symbol=DRREDDY/part-REDACTED.parquet
2026-07-27,NSE,DRREDDY,part-034836_560894-000489.parquet,ctrade1-l2-data,raw_l2/trade_date=2026-07-27/exchange=NSE/symbol=DRREDDY/part-REDACTED.parquet
2026-07-27,NSE,DRREDDY,part-034850_850152-000521.parquet,ctrade1-l2-data,raw_l2/trade_date=2026-07-27/exchange=NSE/symbol=DRREDDY/part-REDACTED.parquet
2026-07-27,NSE,DRREDDY,part-034905_290506-000553.parquet,ctrade1-l2-data,raw_l2/trade_date=2026-07-27/exchange=NSE/symbol=DRREDDY/part-REDACTED.parquet
2026-07-27,NSE,DRREDDY,part-034919_781657-000585.parquet,ctrade1-l2-data,raw_l2/trade_date=2026-07-27/exchange=NSE/symbol=DRREDDY/part-REDACTED.parquet
2026-07-27,NSE,DRREDDY,part-034934_085677-000617.parquet,ctrade1-l2-data,raw_l2/trade_date=2026-07-27/exchange=NSE/symbol=DRREDDY/part-REDACTED.parquet
2026-07-27,NSE,DRREDDY,part-034948_763597-000649.parquet,ctrade1-l2-data,raw_l2/trade_date=2026-07-27/exchange=NSE/symbol=DRREDDY/part-REDACTED.parquet
2026-07-27,NSE,DRREDDY,part-035003_326604-000681.parquet,ctrade1-l2-data,raw_l2/trade_date=2026-07-27/exchange=NSE/symbol=DRREDDY/part-REDACTED.parquet
2026-07-27,NSE,DRREDDY,part-035017_521273-000713.parquet,ctrade1-l2-data,raw_l2/trade_date=2026-07-27/exchange=NSE/symbol=DRREDDY/part-REDACTED.parquet
2026-07-27,NSE,DRREDDY,part-035031_541876-000745.parquet,ctrade1-l2-data,raw_l2/trade_date=2026-07-27/exchange=NSE/symbol=DRREDDY/part-REDACTED.parquet
2026-07-27,NSE,DRREDDY,part-035045_835936-000777.parquet,ctrade1-l2-data,raw_l2/trade_date=2026-07-27/exchange=NSE/symbol=DRREDDY/part-REDACTED.parquet
2026-07-27,NSE,DRREDDY,part-035059_990458-000809.parquet,ctrade1-l2-data,raw_l2/trade_date=2026-07-27/exchange=NSE/symbol=DRREDDY/part-REDACTED.parquet
2026-07-27,NSE,DRREDDY,part-035114_334704-000841.parquet,ctrade1-l2-data,raw_l2/trade_date=2026-07-27/exchange=NSE/symbol=DRREDDY/part-REDACTED.parquet
2026-07-27,NSE,DRREDDY,part-035128_762235-000873.parquet,ctrade1-l2-data,raw_l2/trade_date=2026-07-27/exchange=NSE/symbol=DRREDDY/part-REDACTED.parquet
2026-07-27,NSE,DRREDDY,part-035142_961725-000905.parquet,ctrade1-l2-data,raw_l2/trade_date=2026-07-27/exchange=NSE/symbol=DRREDDY/part-REDACTED.parquet
2026-07-27,NSE,DRREDDY,part-035157_043880-000937.parquet,ctrade1-l2-data,raw_l2/trade_date=2026-07-27/exchange=NSE/symbol=DRREDDY/part-REDACTED.parquet
2026-07-27,NSE,DRREDDY,part-035211_314847-000969.parquet,ctrade1-l2-data,raw_l2/trade_date=2026-07-27/exchange=NSE/symbol=DRREDDY/part-REDACTED.parquet
2026-07-27,NSE,DRREDDY,part-035225_571652-001001.parquet,ctrade1-l2-data,raw_l2/trade_date=2026-07-27/exchange=NSE/symbol=DRREDDY/part-REDACTED.parquet
2026-07-27,NSE,DRREDDY,part-035239_754428-001033.parquet,ctrade1-l2-data,raw_l2/trade_date=2026-07-27/exchange=NSE/symbol=DRREDDY/part-REDACTED.parquet
2026-07-27,NSE,DRREDDY,part-035254_066790-001065.parquet,ctrade1-l2-data,raw_l2/trade_date=2026-07-27/exchange=NSE/symbol=DRREDDY/part-REDACTED.parquet
2026-07-27,NSE,DRREDDY,part-035308_350187-001097.parquet,ctrade1-l2-data,raw_l2/trade_date=2026-07-27/exchange=NSE/symbol=DRREDDY/part-REDACTED.parquet
2026-07-27,NSE,DRREDDY,part-035322_613014-001129.parquet,ctrade1-l2-data,raw_l2/trade_date=2026-07-27/exchange=NSE/symbol=DRREDDY/part-REDACTED.parquet
2026-07-27,NSE,DRREDDY,part-035337_118069-001161.parquet,ctrade1-l2-data,raw_l2/trade_date=2026-07-27/exchange=NSE/symbol=DRREDDY/part-REDACTED.parquet
2026-07-27,NSE,DRREDDY,part-035351_554584-001193.parquet,ctrade1-l2-data,raw_l2/trade_date=2026-07-27/exchange=NSE/symbol=DRREDDY/part-REDACTED.parquet
2026-07-27,NSE,DRREDDY,part-035405_831308-001225.parquet,ctrade1-l2-data,raw_l2/trade_date=2026-07-27/exchange=NSE/symbol=DRREDDY/part-REDACTED.parquet
2026-07-27,NSE,DRREDDY,part-035420_039909-001257.parquet,ctrade1-l2-data,raw_l2/trade_date=2026-07-27/exchange=NSE/symbol=DRREDDY/part-REDACTED.parquet
2026-07-27,NSE,DRREDDY,part-035434_030506-001289.parquet,ctrade1-l2-data,raw_l2/trade_date=2026-07-27/exchange=NSE/symbol=DRREDDY/part-REDACTED.parquet
2026-07-27,NSE,DRREDDY,part-035448_769269-001321.parquet,ctrade1-l2-data,raw_l2/trade_date=2026-07-27/exchange=NSE/symbol=DRREDDY/part-REDACTED.parquet
2026-07-27,NSE,DRREDDY,part-035503_539005-001353.parquet,ctrade1-l2-data,raw_l2/trade_date=2026-07-27/exchange=NSE/symbol=DRREDDY/part-REDACTED.parquet
2026-07-27,NSE,DRREDDY,part-035518_099731-001385.parquet,ctrade1-l2-data,raw_l2/trade_date=2026-07-27/exchange=NSE/symbol=DRREDDY/part-REDACTED.parquet
2026-07-27,NSE,DRREDDY,part-035532_303377-001417.parquet,ctrade1-l2-data,raw_l2/trade_date=2026-07-27/exchange=NSE/symbol=DRREDDY/part-REDACTED.parquet
2026-07-27,NSE,DRREDDY,part-035546_788666-001449.parquet,ctrade1-l2-data,raw_l2/trade_date=2026-07-27/exchange=NSE/symbol=DRREDDY/part-REDACTED.parquet
2026-07-27,NSE,DRREDDY,part-035600_843739-001481.parquet,ctrade1-l2-data,raw_l2/trade_date=2026-07-27/exchange=NSE/symbol=DRREDDY/part-REDACTED.parquet
2026-07-27,NSE,DRREDDY,part-035615_734150-001513.parquet,ctrade1-l2-data,raw_l2/trade_date=2026-07-27/exchange=NSE/symbol=DRREDDY/part-REDACTED.parquet
2026-07-27,NSE,DRREDDY,part-035630_198267-001545.parquet,ctrade1-l2-data,raw_l2/trade_date=2026-07-27/exchange=NSE/symbol=DRREDDY/part-REDACTED.parquet
2026-07-27,NSE,DRREDDY,part-035644_507870-001577.parquet,ctrade1-l2-data,raw_l2/trade_date=2026-07-27/exchange=NSE/symbol=DRREDDY/part-REDACTED.parquet
2026-07-27,NSE,DRREDDY,part-035658_784885-001609.parquet,ctrade1-l2-data,raw_l2/trade_date=2026-07-27/exchange=NSE/symbol=DRREDDY/part-REDACTED.parquet
2026-07-27,NSE,DRREDDY,part-035713_044661-001641.parquet,ctrade1-l2-data,raw_l2/trade_date=2026-07-27/exchange=NSE/symbol=DRREDDY/part-REDACTED.parquet
2026-07-27,NSE,DRREDDY,part-035727_490721-001673.parquet,ctrade1-l2-data,raw_l2/trade_date=2026-07-27/exchange=NSE/symbol=DRREDDY/part-REDACTED.parquet
2026-07-27,NSE,DRREDDY,part-035741_797849-001705.parquet,ctrade1-l2-data,raw_l2/trade_date=2026-07-27/exchange=NSE/symbol=DRREDDY/part-REDACTED.parquet
2026-07-27,NSE,DRREDDY,part-035756_079760-001737.parquet,ctrade1-l2-data,raw_l2/trade_date=2026-07-27/exchange=NSE/symbol=DRREDDY/part-REDACTED.parquet
2026-07-27,NSE,DRREDDY,part-035810_313950-001769.parquet,ctrade1-l2-data,raw_l2/trade_date=2026-07-27/exchange=NSE/symbol=DRREDDY/part-REDACTED.parquet
2026-07-27,NSE,DRREDDY,part-035824_825932-001801.parquet,ctrade1-l2-data,raw_l2/trade_date=2026-07-27/exchange=NSE/symbol=DRREDDY/part-REDACTED.parquet
2026-07-27,NSE,DRREDDY,part-035839_094052-001833.parquet,ctrade1-l2-data,raw_l2/trade_date=2026-07-27/exchange=NSE/symbol=DRREDDY/part-REDACTED.parquet
2026-07-27,NSE,DRREDDY,part-035853_557135-001865.parquet,ctrade1-l2-data,raw_l2/trade_date=2026-07-27/exchange=NSE/symbol=DRREDDY/part-REDACTED.parquet
2026-07-27,NSE,DRREDDY,part-035907_768945-001897.parquet,ctrade1-l2-data,raw_l2/trade_date=2026-07-27/exchange=NSE/symbol=DRREDDY/part-REDACTED.parquet
2026-07-27,NSE,DRREDDY,part-035922_353098-001929.parquet,ctrade1-l2-data,raw_l2/trade_date=2026-07-27/exchange=NSE/symbol=DRREDDY/part-REDACTED.parquet
2026-07-27,NSE,DRREDDY,part-035936_805465-001961.parquet,ctrade1-l2-data,raw_l2/trade_date=2026-07-27/exchange=NSE/symbol=DRREDDY/part-REDACTED.parquet
2026-07-27,NSE,DRREDDY,part-035950_989739-001993.parquet,ctrade1-l2-data,raw_l2/trade_date=2026-07-27/exchange=NSE/symbol=DRREDDY/part-REDACTED.parquet
2026-07-27,NSE,DRREDDY,part-040005_529000-002025.parquet,ctrade1-l2-data,raw_l2/trade_date=2026-07-27/exchange=NSE/symbol=DRREDDY/part-REDACTED.parquet
2026-07-27,NSE,DRREDDY,part-040020_045870-002057.parquet,ctrade1-l2-data,raw_l2/trade_date=2026-07-27/exchange=NSE/symbol=DRREDDY/part-REDACTED.parquet
2026-07-27,NSE,DRREDDY,part-040034_357185-002089.parquet,ctrade1-l2-data,raw_l2/trade_date=2026-07-27/exchange=NSE/symbol=DRREDDY/part-REDACTED.parquet
2026-07-27,NSE,DRREDDY,part-040048_596226-002121.parquet,ctrade1-l2-data,raw_l2/trade_date=2026-07-27/exchange=NSE/symbol=DRREDDY/part-REDACTED.parquet
2026-07-27,NSE,DRREDDY,part-040103_141076-002153.parquet,ctrade1-l2-data,raw_l2/trade_date=2026-07-27/exchange=NSE/symbol=DRREDDY/part-REDACTED.parquet
2026-07-27,NSE,DRREDDY,part-040117_601093-002185.parquet,ctrade1-l2-data,raw_l2/trade_date=2026-07-27/exchange=NSE/symbol=DRREDDY/part-REDACTED.parquet
2026-07-27,NSE,DRREDDY,part-040131_841201-002217.parquet,ctrade1-l2-data,raw_l2/trade_date=2026-07-27/exchange=NSE/symbol=DRREDDY/part-REDACTED.parquet
2026-07-27,NSE,DRREDDY,part-040146_544261-002249.parquet,ctrade1-l2-data,raw_l2/trade_date=2026-07-27/exchange=NSE/symbol=DRREDDY/part-REDACTED.parquet
2026-07-27,NSE,DRREDDY,part-040200_845154-002281.parquet,ctrade1-l2-data,raw_l2/trade_date=2026-07-27/exchange=NSE/symbol=DRREDDY/part-REDACTED.parquet
2026-07-27,NSE,DRREDDY,part-040215_302113-002313.parquet,ctrade1-l2-data,raw_l2/trade_date=2026-07-27/exchange=NSE/symbol=DRREDDY/part-REDACTED.parquet
2026-07-27,NSE,DRREDDY,part-040229_895836-002345.parquet,ctrade1-l2-data,raw_l2/trade_date=2026-07-27/exchange=NSE/symbol=DRREDDY/part-REDACTED.parquet
2026-07-27,NSE,DRREDDY,part-040244_549365-002377.parquet,ctrade1-l2-data,raw_l2/trade_date=2026-07-27/exchange=NSE/symbol=DRREDDY/part-REDACTED.parquet
2026-07-27,NSE,DRREDDY,part-040259_227686-002409.parquet,ctrade1-l2-data,raw_l2/trade_date=2026-07-27/exchange=NSE/symbol=DRREDDY/part-REDACTED.parquet
2026-07-27,NSE,DRREDDY,part-040313_806359-002441.parquet,ctrade1-l2-data,raw_l2/trade_date=2026-07-27/exchange=NSE/symbol=DRREDDY/part-REDACTED.parquet
2026-07-27,NSE,DRREDDY,part-040327_993134-002473.parquet,ctrade1-l2-data,raw_l2/trade_date=2026-07-27/exchange=NSE/symbol=DRREDDY/part-REDACTED.parquet
2026-07-27,NSE,DRREDDY,part-040342_561679-002505.parquet,ctrade1-l2-data,raw_l2/trade_date=2026-07-27/exchange=NSE/symbol=DRREDDY/part-REDACTED.parquet
2026-07-27,NSE,DRREDDY,part-040357_013515-002537.parquet,ctrade1-l2-data,raw_l2/trade_date=2026-07-27/exchange=NSE/symbol=DRREDDY/part-REDACTED.parquet
2026-07-27,NSE,DRREDDY,part-040411_626510-002569.parquet,ctrade1-l2-data,raw_l2/trade_date=2026-07-27/exchange=NSE/symbol=DRREDDY/part-REDACTED.parquet
2026-07-27,NSE,DRREDDY,part-040426_127847-002601.parquet,ctrade1-l2-data,raw_l2/trade_date=2026-07-27/exchange=NSE/symbol=DRREDDY/part-REDACTED.parquet
2026-07-27,NSE,DRREDDY,part-040440_294752-002633.parquet,ctrade1-l2-data,raw_l2/trade_date=2026-07-27/exchange=NSE/symbol=DRREDDY/part-REDACTED.parquet
2026-07-27,NSE,DRREDDY,part-040454_755334-002665.parquet,ctrade1-l2-data,raw_l2/trade_date=2026-07-27/exchange=NSE/symbol=DRREDDY/part-REDACTED.parquet
2026-07-27,NSE,DRREDDY,part-040509_051517-002697.parquet,ctrade1-l2-data,raw_l2/trade_date=2026-07-27/exchange=NSE/symbol=DRREDDY/part-REDACTED.parquet
2026-07-27,NSE,DRREDDY,part-040523_483693-002729.parquet,ctrade1-l2-data,raw_l2/trade_date=2026-07-27/exchange=NSE/symbol=DRREDDY/part-REDACTED.parquet
2026-07-27,NSE,DRREDDY,part-040537_482282-002761.parquet,ctrade1-l2-data,raw_l2/trade_date=2026-07-27/exchange=NSE/symbol=DRREDDY/part-REDACTED.parquet
2026-07-27,NSE,DRREDDY,part-040551_716840-002793.parquet,ctrade1-l2-data,raw_l2/trade_date=2026-07-27/exchange=NSE/symbol=DRREDDY/part-REDACTED.parquet
2026-07-27,NSE,DRREDDY,part-040605_716141-002825.parquet,ctrade1-l2-data,raw_l2/trade_date=2026-07-27/exchange=NSE/symbol=DRREDDY/part-REDACTED.parquet
2026-07-27,NSE,DRREDDY,part-040619_758448-002857.parquet,ctrade1-l2-data,raw_l2/trade_date=2026-07-27/exchange=NSE/symbol=DRREDDY/part-REDACTED.parquet
2026-07-27,NSE,DRREDDY,part-040633_787046-002889.parquet,ctrade1-l2-data,raw_l2/trade_date=2026-07-27/exchange=NSE/symbol=DRREDDY/part-REDACTED.parquet
2026-07-27,NSE,DRREDDY,part-040647_701466-002921.parquet,ctrade1-l2-data,raw_l2/trade_date=2026-07-27/exchange=NSE/symbol=DRREDDY/part-REDACTED.parquet
2026-07-27,NSE,DRREDDY,part-040701_721862-002953.parquet,ctrade1-l2-data,raw_l2/trade_date=2026-07-27/exchange=NSE/symbol=DRREDDY/part-REDACTED.parquet
2026-07-27,NSE,DRREDDY,part-040716_081216-002985.parquet,ctrade1-l2-data,raw_l2/trade_date=2026-07-27/exchange=NSE/symbol=DRREDDY/part-REDACTED.parquet
2026-07-27,NSE,DRREDDY,part-040730_312130-003017.parquet,ctrade1-l2-data,raw_l2/trade_date=2026-07-27/exchange=NSE/symbol=DRREDDY/part-REDACTED.parquet
2026-07-27,NSE,DRREDDY,part-040744_484764-003049.parquet,ctrade1-l2-data,raw_l2/trade_date=2026-07-27/exchange=NSE/symbol=DRREDDY/part-REDACTED.parquet
2026-07-27,NSE,DRREDDY,part-040758_983338-003081.parquet,ctrade1-l2-data,raw_l2/trade_date=2026-07-27/exchange=NSE/symbol=DRREDDY/part-REDACTED.parquet
2026-07-27,NSE,DRREDDY,part-040813_269234-003113.parquet,ctrade1-l2-data,raw_l2/trade_date=2026-07-27/exchange=NSE/symbol=DRREDDY/part-REDACTED.parquet
2026-07-27,NSE,DRREDDY,part-040827_594190-003145.parquet,ctrade1-l2-data,raw_l2/trade_date=2026-07-27/exchange=NSE/symbol=DRREDDY/part-REDACTED.parquet
2026-07-27,NSE,DRREDDY,part-040841_736642-003177.parquet,ctrade1-l2-data,raw_l2/trade_date=2026-07-27/exchange=NSE/symbol=DRREDDY/part-REDACTED.parquet
2026-07-27,NSE,DRREDDY,part-040856_131042-003209.parquet,ctrade1-l2-data,raw_l2/trade_date=2026-07-27/exchange=NSE/symbol=DRREDDY/part-REDACTED.parquet
2026-07-27,NSE,DRREDDY,part-040910_286283-003241.parquet,ctrade1-l2-data,raw_l2/trade_date=2026-07-27/exchange=NSE/symbol=DRREDDY/part-REDACTED.parquet
2026-07-27,NSE,DRREDDY,part-040924_238650-003273.parquet,ctrade1-l2-data,raw_l2/trade_date=2026-07-27/exchange=NSE/symbol=DRREDDY/part-REDACTED.parquet
2026-07-27,NSE,DRREDDY,part-040938_621681-003305.parquet,ctrade1-l2-data,raw_l2/trade_date=2026-07-27/exchange=NSE/symbol=DRREDDY/part-REDACTED.parquet
2026-07-27,NSE,DRREDDY,part-040952_792973-003337.parquet,ctrade1-l2-data,raw_l2/trade_date=2026-07-27/exchange=NSE/symbol=DRREDDY/part-REDACTED.parquet
2026-07-27,NSE,DRREDDY,part-041007_078276-003369.parquet,ctrade1-l2-data,raw_l2/trade_date=2026-07-27/exchange=NSE/symbol=DRREDDY/part-REDACTED.parquet
2026-07-27,NSE,DRREDDY,part-041021_263490-003401.parquet,ctrade1-l2-data,raw_l2/trade_date=2026-07-27/exchange=NSE/symbol=DRREDDY/part-REDACTED.parquet
2026-07-27,NSE,DRREDDY,part-041035_689398-003433.parquet,ctrade1-l2-data,raw_l2/trade_date=2026-07-27/exchange=NSE/symbol=DRREDDY/part-REDACTED.parquet
2026-07-27,NSE,DRREDDY,part-041049_962717-003465.parquet,ctrade1-l2-data,raw_l2/trade_date=2026-07-27/exchange=NSE/symbol=DRREDDY/part-REDACTED.parquet
2026-07-27,NSE,DRREDDY,part-041104_080044-003497.parquet,ctrade1-l2-data,raw_l2/trade_date=2026-07-27/exchange=NSE/symbol=DRREDDY/part-REDACTED.parquet
2026-07-27,NSE,DRREDDY,part-041118_617890-003529.parquet,ctrade1-l2-data,raw_l2/trade_date=2026-07-27/exchange=NSE/symbol=DRREDDY/part-REDACTED.parquet
2026-07-27,NSE,DRREDDY,part-041132_642200-003561.parquet,ctrade1-l2-data,raw_l2/trade_date=2026-07-27/exchange=NSE/symbol=DRREDDY/part-REDACTED.parquet
2026-07-27,NSE,DRREDDY,part-041146_823273-003593.parquet,ctrade1-l2-data,raw_l2/trade_date=2026-07-27/exchange=NSE/symbol=DRREDDY/part-REDACTED.parquet
2026-07-27,NSE,DRREDDY,part-041200_951485-003625.parquet,ctrade1-l2-data,raw_l2/trade_date=2026-07-27/exchange=NSE/symbol=DRREDDY/part-REDACTED.parquet
2026-07-27,NSE,DRREDDY,part-041214_958340-003657.parquet,ctrade1-l2-data,raw_l2/trade_date=2026-07-27/exchange=NSE/symbol=DRREDDY/part-REDACTED.parquet
2026-07-27,NSE,DRREDDY,part-041229_141941-003689.parquet,ctrade1-l2-data,raw_l2/trade_date=2026-07-27/exchange=NSE/symbol=DRREDDY/part-REDACTED.parquet
2026-07-27,NSE,DRREDDY,part-041244_199073-003721.parquet,ctrade1-l2-data,raw_l2/trade_date=2026-07-27/exchange=NSE/symbol=DRREDDY/part-REDACTED.parquet
2026-07-27,NSE,DRREDDY,part-041258_225106-003753.parquet,ctrade1-l2-data,raw_l2/trade_date=2026-07-27/exchange=NSE/symbol=DRREDDY/part-REDACTED.parquet
2026-07-27,NSE,DRREDDY,part-041312_283118-003785.parquet,ctrade1-l2-data,raw_l2/trade_date=2026-07-27/exchange=NSE/symbol=DRREDDY/part-REDACTED.parquet
2026-07-27,NSE,DRREDDY,part-041326_734741-003817.parquet,ctrade1-l2-data,raw_l2/trade_date=2026-07-27/exchange=NSE/symbol=DRREDDY/part-REDACTED.parquet
2026-07-27,NSE,DRREDDY,part-041340_811274-003849.parquet,ctrade1-l2-data,raw_l2/trade_date=2026-07-27/exchange=NSE/symbol=DRREDDY/part-REDACTED.parquet
2026-07-27,NSE,DRREDDY,part-041354_765134-003881.parquet,ctrade1-l2-data,raw_l2/trade_date=2026-07-27/exchange=NSE/symbol=DRREDDY/part-REDACTED.parquet
2026-07-27,NSE,DRREDDY,part-041408_762931-003913.parquet,ctrade1-l2-data,raw_l2/trade_date=2026-07-27/exchange=NSE/symbol=DRREDDY/part-REDACTED.parquet
2026-07-27,NSE,DRREDDY,part-041422_758700-003945.parquet,ctrade1-l2-data,raw_l2/trade_date=2026-07-27/exchange=NSE/symbol=DRREDDY/part-REDACTED.parquet
2026-07-27,NSE,DRREDDY,part-041436_730461-003977.parquet,ctrade1-l2-data,raw_l2/trade_date=2026-07-27/exchange=NSE/symbol=DRREDDY/part-REDACTED.parquet
2026-07-27,NSE,DRREDDY,part-041450_748652-004009.parquet,ctrade1-l2-data,raw_l2/trade_date=2026-07-27/exchange=NSE/symbol=DRREDDY/part-REDACTED.parquet
2026-07-27,NSE,DRREDDY,part-041504_786944-004041.parquet,ctrade1-l2-data,raw_l2/trade_date=2026-07-27/exchange=NSE/symbol=DRREDDY/part-REDACTED.parquet
2026-07-27,NSE,DRREDDY,part-041518_751769-004073.parquet,ctrade1-l2-data,raw_l2/trade_date=2026-07-27/exchange=NSE/symbol=DRREDDY/part-REDACTED.parquet
2026-07-27,NSE,DRREDDY,part-041532_977369-004105.parquet,ctrade1-l2-data,raw_l2/trade_date=2026-07-27/exchange=NSE/symbol=DRREDDY/part-REDACTED.parquet
2026-07-27,NSE,DRREDDY,part-041547_543262-004137.parquet,ctrade1-l2-data,raw_l2/trade_date=2026-07-27/exchange=NSE/symbol=DRREDDY/part-REDACTED.parquet
2026-07-27,NSE,DRREDDY,part-041601_607120-004169.parquet,ctrade1-l2-data,raw_l2/trade_date=2026-07-27/exchange=NSE/symbol=DRREDDY/part-REDACTED.parquet
2026-07-27,NSE,DRREDDY,part-041615_715319-004201.parquet,ctrade1-l2-data,raw_l2/trade_date=2026-07-27/exchange=NSE/symbol=DRREDDY/part-REDACTED.parquet
2026-07-27,NSE,DRREDDY,part-041630_227325-004233.parquet,ctrade1-l2-data,raw_l2/trade_date=2026-07-27/exchange=NSE/symbol=DRREDDY/part-REDACTED.parquet
2026-07-27,NSE,DRREDDY,part-041646_469746-004265.parquet,ctrade1-l2-data,raw_l2/trade_date=2026-07-27/exchange=NSE/symbol=DRREDDY/part-REDACTED.parquet
2026-07-27,NSE,DRREDDY,part-041700_502618-004297.parquet,ctrade1-l2-data,raw_l2/trade_date=2026-07-27/exchange=NSE/symbol=DRREDDY/part-REDACTED.parquet
2026-07-27,NSE,DRREDDY,part-041714_525478-004329.parquet,ctrade1-l2-data,raw_l2/trade_date=2026-07-27/exchange=NSE/symbol=DRREDDY/part-REDACTED.parquet
2026-07-27,NSE,DRREDDY,part-041728_806934-004361.parquet,ctrade1-l2-data,raw_l2/trade_date=2026-07-27/exchange=NSE/symbol=DRREDDY/part-REDACTED.parquet
2026-07-27,NSE,DRREDDY,part-041743_265736-004393.parquet,ctrade1-l2-data,raw_l2/trade_date=2026-07-27/exchange=NSE/symbol=DRREDDY/part-REDACTED.parquet
2026-07-27,NSE,DRREDDY,part-041757_622542-004425.parquet,ctrade1-l2-data,raw_l2/trade_date=2026-07-27/exchange=NSE/symbol=DRREDDY/part-REDACTED.parquet
2026-07-27,NSE,DRREDDY,part-041812_047306-004457.parquet,ctrade1-l2-data,raw_l2/trade_date=2026-07-27/exchange=NSE/symbol=DRREDDY/part-REDACTED.parquet
2026-07-27,NSE,DRREDDY,part-041826_085358-004489.parquet,ctrade1-l2-data,raw_l2/trade_date=2026-07-27/exchange=NSE/symbol=DRREDDY/part-REDACTED.parquet
2026-07-27,NSE,DRREDDY,part-041840_182002-004521.parquet,ctrade1-l2-data,raw_l2/trade_date=2026-07-27/exchange=NSE/symbol=DRREDDY/part-REDACTED.parquet
2026-07-27,NSE,DRREDDY,part-041854_214391-004553.parquet,ctrade1-l2-data,raw_l2/trade_date=2026-07-27/exchange=NSE/symbol=DRREDDY/part-REDACTED.parquet
2026-07-27,NSE,DRREDDY,part-041908_263810-004585.parquet,ctrade1-l2-data,raw_l2/trade_date=2026-07-27/exchange=NSE/symbol=DRREDDY/part-REDACTED.parquet
2026-07-27,NSE,DRREDDY,part-041922_294004-004617.parquet,ctrade1-l2-data,raw_l2/trade_date=2026-07-27/exchange=NSE/symbol=DRREDDY/part-REDACTED.parquet
2026-07-27,NSE,DRREDDY,part-041936_244465-004649.parquet,ctrade1-l2-data,raw_l2/trade_date=2026-07-27/exchange=NSE/symbol=DRREDDY/part-REDACTED.parquet
2026-07-27,NSE,DRREDDY,part-041950_247358-004681.parquet,ctrade1-l2-data,raw_l2/trade_date=2026-07-27/exchange=NSE/symbol=DRREDDY/part-REDACTED.parquet
2026-07-27,NSE,DRREDDY,part-042004_512671-004713.parquet,ctrade1-l2-data,raw_l2/trade_date=2026-07-27/exchange=NSE/symbol=DRREDDY/part-REDACTED.parquet
2026-07-27,NSE,DRREDDY,part-042018_487341-004745.parquet,ctrade1-l2-data,raw_l2/trade_date=2026-07-27/exchange=NSE/symbol=DRREDDY/part-REDACTED.parquet
2026-07-27,NSE,DRREDDY,part-042032_749934-004777.parquet,ctrade1-l2-data,raw_l2/trade_date=2026-07-27/exchange=NSE/symbol=DRREDDY/part-REDACTED.parquet
2026-07-27,NSE,DRREDDY,part-042046_753010-004809.parquet,ctrade1-l2-data,raw_l2/trade_date=2026-07-27/exchange=NSE/symbol=DRREDDY/part-REDACTED.parquet
2026-07-27,NSE,DRREDDY,part-042100_757088-004841.parquet,ctrade1-l2-data,raw_l2/trade_date=2026-07-27/exchange=NSE/symbol=DRREDDY/part-REDACTED.parquet
2026-07-27,NSE,DRREDDY,part-042114_948209-004873.parquet,ctrade1-l2-data,raw_l2/trade_date=2026-07-27/exchange=NSE/symbol=DRREDDY/part-REDACTED.parquet
2026-07-27,NSE,DRREDDY,part-042129_306404-004905.parquet,ctrade1-l2-data,raw_l2/trade_date=2026-07-27/exchange=NSE/symbol=DRREDDY/part-REDACTED.parquet
2026-07-27,NSE,DRREDDY,part-042143_506232-004937.parquet,ctrade1-l2-data,raw_l2/trade_date=2026-07-27/exchange=NSE/symbol=DRREDDY/part-REDACTED.parquet
2026-07-27,NSE,DRREDDY,part-042157_832249-004969.parquet,ctrade1-l2-data,raw_l2/trade_date=2026-07-27/exchange=NSE/symbol=DRREDDY/part-REDACTED.parquet
2026-07-27,NSE,DRREDDY,part-042212_524819-005001.parquet,ctrade1-l2-data,raw_l2/trade_date=2026-07-27/exchange=NSE/symbol=DRREDDY/part-REDACTED.parquet
2026-07-27,NSE,DRREDDY,part-042226_757392-005033.parquet,ctrade1-l2-data,raw_l2/trade_date=2026-07-27/exchange=NSE/symbol=DRREDDY/part-REDACTED.parquet
2026-07-27,NSE,DRREDDY,part-042241_093870-005065.parquet,ctrade1-l2-data,raw_l2/trade_date=2026-07-27/exchange=NSE/symbol=DRREDDY/part-REDACTED.parquet
2026-07-27,NSE,DRREDDY,part-042255_510630-005097.parquet,ctrade1-l2-data,raw_l2/trade_date=2026-07-27/exchange=NSE/symbol=DRREDDY/part-REDACTED.parquet
2026-07-27,NSE,DRREDDY,part-042309_832187-005129.parquet,ctrade1-l2-data,raw_l2/trade_date=2026-07-27/exchange=NSE/symbol=DRREDDY/part-REDACTED.parquet
2026-07-27,NSE,DRREDDY,part-042324_074944-005161.parquet,ctrade1-l2-data,raw_l2/trade_date=2026-07-27/exchange=NSE/symbol=DRREDDY/part-REDACTED.parquet
2026-07-27,NSE,DRREDDY,part-042338_566124-005193.parquet,ctrade1-l2-data,raw_l2/trade_date=2026-07-27/exchange=NSE/symbol=DRREDDY/part-REDACTED.parquet
2026-07-27,NSE,DRREDDY,part-042352_808778-005225.parquet,ctrade1-l2-data,raw_l2/trade_date=2026-07-27/exchange=NSE/symbol=DRREDDY/part-REDACTED.parquet
2026-07-27,NSE,DRREDDY,part-042407_334184-005257.parquet,ctrade1-l2-data,raw_l2/trade_date=2026-07-27/exchange=NSE/symbol=DRREDDY/part-REDACTED.parquet
2026-07-27,NSE,DRREDDY,part-042421_851773-005289.parquet,ctrade1-l2-data,raw_l2/trade_date=2026-07-27/exchange=NSE/symbol=DRREDDY/part-REDACTED.parquet
2026-07-27,NSE,DRREDDY,part-042436_151545-005321.parquet,ctrade1-l2-data,raw_l2/trade_date=2026-07-27/exchange=NSE/symbol=DRREDDY/part-REDACTED.parquet
2026-07-27,NSE,DRREDDY,part-042450_586323-005353.parquet,ctrade1-l2-data,raw_l2/trade_date=2026-07-27/exchange=NSE/symbol=DRREDDY/part-REDACTED.parquet
2026-07-27,NSE,DRREDDY,part-042504_795152-005385.parquet,ctrade1-l2-data,raw_l2/trade_date=2026-07-27/exchange=NSE/symbol=DRREDDY/part-REDACTED.parquet
2026-07-27,NSE,DRREDDY,part-042519_084137-005417.parquet,ctrade1-l2-data,raw_l2/trade_date=2026-07-27/exchange=NSE/symbol=DRREDDY/part-REDACTED.parquet
2026-07-27,NSE,DRREDDY,part-042533_330295-005449.parquet,ctrade1-l2-data,raw_l2/trade_date=2026-07-27/exchange=NSE/symbol=DRREDDY/part-REDACTED.parquet
2026-07-27,NSE,DRREDDY,part-042547_811527-005481.parquet,ctrade1-l2-data,raw_l2/trade_date=2026-07-27/exchange=NSE/symbol=DRREDDY/part-REDACTED.parquet
2026-07-27,NSE,DRREDDY,part-042602_345807-005513.parquet,ctrade1-l2-data,raw_l2/trade_date=2026-07-27/exchange=NSE/symbol=DRREDDY/part-REDACTED.parquet
2026-07-27,NSE,DRREDDY,part-042617_079263-005545.parquet,ctrade1-l2-data,raw_l2/trade_date=2026-07-27/exchange=NSE/symbol=DRREDDY/part-REDACTED.parquet
2026-07-27,NSE,DRREDDY,part-042631_357929-005577.parquet,ctrade1-l2-data,raw_l2/trade_date=2026-07-27/exchange=NSE/symbol=DRREDDY/part-REDACTED.parquet
2026-07-27,NSE,DRREDDY,part-042645_614879-005609.parquet,ctrade1-l2-data,raw_l2/trade_date=2026-07-27/exchange=NSE/symbol=DRREDDY/part-REDACTED.parquet
2026-07-27,NSE,DRREDDY,part-042700_340076-005641.parquet,ctrade1-l2-data,raw_l2/trade_date=2026-07-27/exchange=NSE/symbol=DRREDDY/part-REDACTED.parquet
2026-07-27,NSE,GOLDBEES,part-034502_269966-000010.parquet,ctrade1-l2-data,raw_l2/trade_date=2026-07-27/exchange=NSE/symbol=GOLDBEES/part-REDACTED.parquet
2026-07-27,NSE,GOLDBEES,part-034516_927143-000042.parquet,ctrade1-l2-data,raw_l2/trade_date=2026-07-27/exchange=NSE/symbol=GOLDBEES/part-REDACTED.parquet
2026-07-27,NSE,GOLDBEES,part-034531_413456-000074.parquet,ctrade1-l2-data,raw_l2/trade_date=2026-07-27/exchange=NSE/symbol=GOLDBEES/part-REDACTED.parquet
2026-07-27,NSE,GOLDBEES,part-034545_619437-000106.parquet,ctrade1-l2-data,raw_l2/trade_date=2026-07-27/exchange=NSE/symbol=GOLDBEES/part-REDACTED.parquet
2026-07-27,NSE,GOLDBEES,part-034559_673812-000138.parquet,ctrade1-l2-data,raw_l2/trade_date=2026-07-27/exchange=NSE/symbol=GOLDBEES/part-REDACTED.parquet
2026-07-27,NSE,GOLDBEES,part-034613_987790-000170.parquet,ctrade1-l2-data,raw_l2/trade_date=2026-07-27/exchange=NSE/symbol=GOLDBEES/part-REDACTED.parquet
2026-07-27,NSE,GOLDBEES,part-034628_409288-000202.parquet,ctrade1-l2-data,raw_l2/trade_date=2026-07-27/exchange=NSE/symbol=GOLDBEES/part-REDACTED.parquet
2026-07-27,NSE,GOLDBEES,part-034642_744967-000234.parquet,ctrade1-l2-data,raw_l2/trade_date=2026-07-27/exchange=NSE/symbol=GOLDBEES/part-REDACTED.parquet
2026-07-27,NSE,GOLDBEES,part-034657_112974-000266.parquet,ctrade1-l2-data,raw_l2/trade_date=2026-07-27/exchange=NSE/symbol=GOLDBEES/part-REDACTED.parquet
2026-07-27,NSE,GOLDBEES,part-034711_153891-000298.parquet,ctrade1-l2-data,raw_l2/trade_date=2026-07-27/exchange=NSE/symbol=GOLDBEES/part-REDACTED.parquet
2026-07-27,NSE,GOLDBEES,part-034725_091785-000330.parquet,ctrade1-l2-data,raw_l2/trade_date=2026-07-27/exchange=NSE/symbol=GOLDBEES/part-REDACTED.parquet
2026-07-27,NSE,GOLDBEES,part-034739_381074-000362.parquet,ctrade1-l2-data,raw_l2/trade_date=2026-07-27/exchange=NSE/symbol=GOLDBEES/part-REDACTED.parquet
2026-07-27,NSE,GOLDBEES,part-034753_448844-000394.parquet,ctrade1-l2-data,raw_l2/trade_date=2026-07-27/exchange=NSE/symbol=GOLDBEES/part-REDACTED.parquet
2026-07-27,NSE,GOLDBEES,part-034807_701388-000426.parquet,ctrade1-l2-data,raw_l2/trade_date=2026-07-27/exchange=NSE/symbol=GOLDBEES/part-REDACTED.parquet
2026-07-27,NSE,GOLDBEES,part-034822_194610-000458.parquet,ctrade1-l2-data,raw_l2/trade_date=2026-07-27/exchange=NSE/symbol=GOLDBEES/part-REDACTED.parquet
2026-07-27,NSE,GOLDBEES,part-034836_691484-000490.parquet,ctrade1-l2-data,raw_l2/trade_date=2026-07-27/exchange=NSE/symbol=GOLDBEES/part-REDACTED.parquet
2026-07-27,NSE,GOLDBEES,part-034850_978664-000522.parquet,ctrade1-l2-data,raw_l2/trade_date=2026-07-27/exchange=NSE/symbol=GOLDBEES/part-REDACTED.parquet
2026-07-27,NSE,GOLDBEES,part-034905_410522-000554.parquet,ctrade1-l2-data,raw_l2/trade_date=2026-07-27/exchange=NSE/symbol=GOLDBEES/part-REDACTED.parquet
2026-07-27,NSE,GOLDBEES,part-034919_898410-000586.parquet,ctrade1-l2-data,raw_l2/trade_date=2026-07-27/exchange=NSE/symbol=GOLDBEES/part-REDACTED.parquet
2026-07-27,NSE,GOLDBEES,part-034934_239322-000618.parquet,ctrade1-l2-data,raw_l2/trade_date=2026-07-27/exchange=NSE/symbol=GOLDBEES/part-REDACTED.parquet
2026-07-27,NSE,GOLDBEES,part-034948_889629-000650.parquet,ctrade1-l2-data,raw_l2/trade_date=2026-07-27/exchange=NSE/symbol=GOLDBEES/part-REDACTED.parquet
2026-07-27,NSE,GOLDBEES,part-035003_467964-000682.parquet,ctrade1-l2-data,raw_l2/trade_date=2026-07-27/exchange=NSE/symbol=GOLDBEES/part-REDACTED.parquet
2026-07-27,NSE,GOLDBEES,part-035017_648808-000714.parquet,ctrade1-l2-data,raw_l2/trade_date=2026-07-27/exchange=NSE/symbol=GOLDBEES/part-REDACTED.parquet
2026-07-27,NSE,GOLDBEES,part-035031_678278-000746.parquet,ctrade1-l2-data,raw_l2/trade_date=2026-07-27/exchange=NSE/symbol=GOLDBEES/part-REDACTED.parquet
2026-07-27,NSE,GOLDBEES,part-035045_959064-000778.parquet,ctrade1-l2-data,raw_l2/trade_date=2026-07-27/exchange=NSE/symbol=GOLDBEES/part-REDACTED.parquet
2026-07-27,NSE,GOLDBEES,part-035100_120004-000810.parquet,ctrade1-l2-data,raw_l2/trade_date=2026-07-27/exchange=NSE/symbol=GOLDBEES/part-REDACTED.parquet
2026-07-27,NSE,GOLDBEES,part-035114_458501-000842.parquet,ctrade1-l2-data,raw_l2/trade_date=2026-07-27/exchange=NSE/symbol=GOLDBEES/part-REDACTED.parquet
2026-07-27,NSE,GOLDBEES,part-035128_884160-000874.parquet,ctrade1-l2-data,raw_l2/trade_date=2026-07-27/exchange=NSE/symbol=GOLDBEES/part-REDACTED.parquet
2026-07-27,NSE,GOLDBEES,part-035143_083752-000906.parquet,ctrade1-l2-data,raw_l2/trade_date=2026-07-27/exchange=NSE/symbol=GOLDBEES/part-REDACTED.parquet
2026-07-27,NSE,GOLDBEES,part-035157_164139-000938.parquet,ctrade1-l2-data,raw_l2/trade_date=2026-07-27/exchange=NSE/symbol=GOLDBEES/part-REDACTED.parquet
2026-07-27,NSE,GOLDBEES,part-035211_431160-000970.parquet,ctrade1-l2-data,raw_l2/trade_date=2026-07-27/exchange=NSE/symbol=GOLDBEES/part-REDACTED.parquet
2026-07-27,NSE,GOLDBEES,part-035225_685026-001002.parquet,ctrade1-l2-data,raw_l2/trade_date=2026-07-27/exchange=NSE/symbol=GOLDBEES/part-REDACTED.parquet
2026-07-27,NSE,GOLDBEES,part-035239_876375-001034.parquet,ctrade1-l2-data,raw_l2/trade_date=2026-07-27/exchange=NSE/symbol=GOLDBEES/part-REDACTED.parquet
2026-07-27,NSE,GOLDBEES,part-035254_205453-001066.parquet,ctrade1-l2-data,raw_l2/trade_date=2026-07-27/exchange=NSE/symbol=GOLDBEES/part-REDACTED.parquet
2026-07-27,NSE,GOLDBEES,part-035308_500561-001098.parquet,ctrade1-l2-data,raw_l2/trade_date=2026-07-27/exchange=NSE/symbol=GOLDBEES/part-REDACTED.parquet
2026-07-27,NSE,GOLDBEES,part-035322_749967-001130.parquet,ctrade1-l2-data,raw_l2/trade_date=2026-07-27/exchange=NSE/symbol=GOLDBEES/part-REDACTED.parquet
2026-07-27,NSE,GOLDBEES,part-035337_241581-001162.parquet,ctrade1-l2-data,raw_l2/trade_date=2026-07-27/exchange=NSE/symbol=GOLDBEES/part-REDACTED.parquet
2026-07-27,NSE,GOLDBEES,part-035351_675609-001194.parquet,ctrade1-l2-data,raw_l2/trade_date=2026-07-27/exchange=NSE/symbol=GOLDBEES/part-REDACTED.parquet
2026-07-27,NSE,GOLDBEES,part-035405_968920-001226.parquet,ctrade1-l2-data,raw_l2/trade_date=2026-07-27/exchange=NSE/symbol=GOLDBEES/part-REDACTED.parquet
2026-07-27,NSE,GOLDBEES,part-035420_164163-001258.parquet,ctrade1-l2-data,raw_l2/trade_date=2026-07-27/exchange=NSE/symbol=GOLDBEES/part-REDACTED.parquet
2026-07-27,NSE,GOLDBEES,part-035434_157358-001290.parquet,ctrade1-l2-data,raw_l2/trade_date=2026-07-27/exchange=NSE/symbol=GOLDBEES/part-REDACTED.parquet
2026-07-27,NSE,GOLDBEES,part-035448_906849-001322.parquet,ctrade1-l2-data,raw_l2/trade_date=2026-07-27/exchange=NSE/symbol=GOLDBEES/part-REDACTED.parquet
2026-07-27,NSE,GOLDBEES,part-035503_668865-001354.parquet,ctrade1-l2-data,raw_l2/trade_date=2026-07-27/exchange=NSE/symbol=GOLDBEES/part-REDACTED.parquet
2026-07-27,NSE,GOLDBEES,part-035518_250202-001386.parquet,ctrade1-l2-data,raw_l2/trade_date=2026-07-27/exchange=NSE/symbol=GOLDBEES/part-REDACTED.parquet
2026-07-27,NSE,GOLDBEES,part-035532_435361-001418.parquet,ctrade1-l2-data,raw_l2/trade_date=2026-07-27/exchange=NSE/symbol=GOLDBEES/part-REDACTED.parquet
2026-07-27,NSE,GOLDBEES,part-035546_900062-001450.parquet,ctrade1-l2-data,raw_l2/trade_date=2026-07-27/exchange=NSE/symbol=GOLDBEES/part-REDACTED.parquet
2026-07-27,NSE,GOLDBEES,part-035600_974633-001482.parquet,ctrade1-l2-data,raw_l2/trade_date=2026-07-27/exchange=NSE/symbol=GOLDBEES/part-REDACTED.parquet
2026-07-27,NSE,GOLDBEES,part-035615_901593-001514.parquet,ctrade1-l2-data,raw_l2/trade_date=2026-07-27/exchange=NSE/symbol=GOLDBEES/part-REDACTED.parquet
2026-07-27,NSE,GOLDBEES,part-035630_329043-001546.parquet,ctrade1-l2-data,raw_l2/trade_date=2026-07-27/exchange=NSE/symbol=GOLDBEES/part-REDACTED.parquet
2026-07-27,NSE,GOLDBEES,part-035644_655305-001578.parquet,ctrade1-l2-data,raw_l2/trade_date=2026-07-27/exchange=NSE/symbol=GOLDBEES/part-REDACTED.parquet
2026-07-27,NSE,GOLDBEES,part-035658_924268-001610.parquet,ctrade1-l2-data,raw_l2/trade_date=2026-07-27/exchange=NSE/symbol=GOLDBEES/part-REDACTED.parquet
2026-07-27,NSE,GOLDBEES,part-035713_166842-001642.parquet,ctrade1-l2-data,raw_l2/trade_date=2026-07-27/exchange=NSE/symbol=GOLDBEES/part-REDACTED.parquet
2026-07-27,NSE,GOLDBEES,part-035727_610615-001674.parquet,ctrade1-l2-data,raw_l2/trade_date=2026-07-27/exchange=NSE/symbol=GOLDBEES/part-REDACTED.parquet
2026-07-27,NSE,GOLDBEES,part-035741_916956-001706.parquet,ctrade1-l2-data,raw_l2/trade_date=2026-07-27/exchange=NSE/symbol=GOLDBEES/part-REDACTED.parquet
2026-07-27,NSE,GOLDBEES,part-035756_197021-001738.parquet,ctrade1-l2-data,raw_l2/trade_date=2026-07-27/exchange=NSE/symbol=GOLDBEES/part-REDACTED.parquet
2026-07-27,NSE,GOLDBEES,part-035810_440231-001770.parquet,ctrade1-l2-data,raw_l2/trade_date=2026-07-27/exchange=NSE/symbol=GOLDBEES/part-REDACTED.parquet
2026-07-27,NSE,GOLDBEES,part-035824_949203-001802.parquet,ctrade1-l2-data,raw_l2/trade_date=2026-07-27/exchange=NSE/symbol=GOLDBEES/part-REDACTED.parquet
2026-07-27,NSE,GOLDBEES,part-035839_222605-001834.parquet,ctrade1-l2-data,raw_l2/trade_date=2026-07-27/exchange=NSE/symbol=GOLDBEES/part-REDACTED.parquet
2026-07-27,NSE,GOLDBEES,part-035853_687150-001866.parquet,ctrade1-l2-data,raw_l2/trade_date=2026-07-27/exchange=NSE/symbol=GOLDBEES/part-REDACTED.parquet
2026-07-27,NSE,GOLDBEES,part-035907_927384-001898.parquet,ctrade1-l2-data,raw_l2/trade_date=2026-07-27/exchange=NSE/symbol=GOLDBEES/part-REDACTED.parquet
2026-07-27,NSE,GOLDBEES,part-035922_479236-001930.parquet,ctrade1-l2-data,raw_l2/trade_date=2026-07-27/exchange=NSE/symbol=GOLDBEES/part-REDACTED.parquet
2026-07-27,NSE,GOLDBEES,part-035936_919421-001962.parquet,ctrade1-l2-data,raw_l2/trade_date=2026-07-27/exchange=NSE/symbol=GOLDBEES/part-REDACTED.parquet
2026-07-27,NSE,GOLDBEES,part-035951_119399-001994.parquet,ctrade1-l2-data,raw_l2/trade_date=2026-07-27/exchange=NSE/symbol=GOLDBEES/part-REDACTED.parquet
2026-07-27,NSE,GOLDBEES,part-040005_698356-002026.parquet,ctrade1-l2-data,raw_l2/trade_date=2026-07-27/exchange=NSE/symbol=GOLDBEES/part-REDACTED.parquet
2026-07-27,NSE,GOLDBEES,part-040020_171792-002058.parquet,ctrade1-l2-data,raw_l2/trade_date=2026-07-27/exchange=NSE/symbol=GOLDBEES/part-REDACTED.parquet
2026-07-27,NSE,GOLDBEES,part-040034_474495-002090.parquet,ctrade1-l2-data,raw_l2/trade_date=2026-07-27/exchange=NSE/symbol=GOLDBEES/part-REDACTED.parquet
2026-07-27,NSE,GOLDBEES,part-040048_735416-002122.parquet,ctrade1-l2-data,raw_l2/trade_date=2026-07-27/exchange=NSE/symbol=GOLDBEES/part-REDACTED.parquet
2026-07-27,NSE,GOLDBEES,part-040103_273125-002154.parquet,ctrade1-l2-data,raw_l2/trade_date=2026-07-27/exchange=NSE/symbol=GOLDBEES/part-REDACTED.parquet
2026-07-27,NSE,GOLDBEES,part-040117_731044-002186.parquet,ctrade1-l2-data,raw_l2/trade_date=2026-07-27/exchange=NSE/symbol=GOLDBEES/part-REDACTED.parquet
2026-07-27,NSE,GOLDBEES,part-040131_985553-002218.parquet,ctrade1-l2-data,raw_l2/trade_date=2026-07-27/exchange=NSE/symbol=GOLDBEES/part-REDACTED.parquet
2026-07-27,NSE,GOLDBEES,part-040146_661915-002250.parquet,ctrade1-l2-data,raw_l2/trade_date=2026-07-27/exchange=NSE/symbol=GOLDBEES/part-REDACTED.parquet
2026-07-27,NSE,GOLDBEES,part-040201_003796-002282.parquet,ctrade1-l2-data,raw_l2/trade_date=2026-07-27/exchange=NSE/symbol=GOLDBEES/part-REDACTED.parquet
2026-07-27,NSE,GOLDBEES,part-040215_426195-002314.parquet,ctrade1-l2-data,raw_l2/trade_date=2026-07-27/exchange=NSE/symbol=GOLDBEES/part-REDACTED.parquet
2026-07-27,NSE,GOLDBEES,part-040230_062787-002346.parquet,ctrade1-l2-data,raw_l2/trade_date=2026-07-27/exchange=NSE/symbol=GOLDBEES/part-REDACTED.parquet
2026-07-27,NSE,GOLDBEES,part-040244_668158-002378.parquet,ctrade1-l2-data,raw_l2/trade_date=2026-07-27/exchange=NSE/symbol=GOLDBEES/part-REDACTED.parquet
2026-07-27,NSE,GOLDBEES,part-040259_371108-002410.parquet,ctrade1-l2-data,raw_l2/trade_date=2026-07-27/exchange=NSE/symbol=GOLDBEES/part-REDACTED.parquet
2026-07-27,NSE,GOLDBEES,part-040313_922415-002442.parquet,ctrade1-l2-data,raw_l2/trade_date=2026-07-27/exchange=NSE/symbol=GOLDBEES/part-REDACTED.parquet
2026-07-27,NSE,GOLDBEES,part-040328_125875-002474.parquet,ctrade1-l2-data,raw_l2/trade_date=2026-07-27/exchange=NSE/symbol=GOLDBEES/part-REDACTED.parquet
2026-07-27,NSE,GOLDBEES,part-040342_675445-002506.parquet,ctrade1-l2-data,raw_l2/trade_date=2026-07-27/exchange=NSE/symbol=GOLDBEES/part-REDACTED.parquet
2026-07-27,NSE,GOLDBEES,part-040357_138912-002538.parquet,ctrade1-l2-data,raw_l2/trade_date=2026-07-27/exchange=NSE/symbol=GOLDBEES/part-REDACTED.parquet
2026-07-27,NSE,GOLDBEES,part-040411_745135-002570.parquet,ctrade1-l2-data,raw_l2/trade_date=2026-07-27/exchange=NSE/symbol=GOLDBEES/part-REDACTED.parquet
2026-07-27,NSE,GOLDBEES,part-040426_252936-002602.parquet,ctrade1-l2-data,raw_l2/trade_date=2026-07-27/exchange=NSE/symbol=GOLDBEES/part-REDACTED.parquet
2026-07-27,NSE,GOLDBEES,part-040440_426330-002634.parquet,ctrade1-l2-data,raw_l2/trade_date=2026-07-27/exchange=NSE/symbol=GOLDBEES/part-REDACTED.parquet
2026-07-27,NSE,GOLDBEES,part-040454_879213-002666.parquet,ctrade1-l2-data,raw_l2/trade_date=2026-07-27/exchange=NSE/symbol=GOLDBEES/part-REDACTED.parquet
2026-07-27,NSE,GOLDBEES,part-040509_175916-002698.parquet,ctrade1-l2-data,raw_l2/trade_date=2026-07-27/exchange=NSE/symbol=GOLDBEES/part-REDACTED.parquet
2026-07-27,NSE,GOLDBEES,part-040523_607314-002730.parquet,ctrade1-l2-data,raw_l2/trade_date=2026-07-27/exchange=NSE/symbol=GOLDBEES/part-REDACTED.parquet
2026-07-27,NSE,GOLDBEES,part-040537_605770-002762.parquet,ctrade1-l2-data,raw_l2/trade_date=2026-07-27/exchange=NSE/symbol=GOLDBEES/part-REDACTED.parquet
2026-07-27,NSE,GOLDBEES,part-040551_838772-002794.parquet,ctrade1-l2-data,raw_l2/trade_date=2026-07-27/exchange=NSE/symbol=GOLDBEES/part-REDACTED.parquet
2026-07-27,NSE,GOLDBEES,part-040605_838197-002826.parquet,ctrade1-l2-data,raw_l2/trade_date=2026-07-27/exchange=NSE/symbol=GOLDBEES/part-REDACTED.parquet
2026-07-27,NSE,GOLDBEES,part-040619_881934-002858.parquet,ctrade1-l2-data,raw_l2/trade_date=2026-07-27/exchange=NSE/symbol=GOLDBEES/part-REDACTED.parquet
2026-07-27,NSE,GOLDBEES,part-040633_906099-002890.parquet,ctrade1-l2-data,raw_l2/trade_date=2026-07-27/exchange=NSE/symbol=GOLDBEES/part-REDACTED.parquet
2026-07-27,NSE,GOLDBEES,part-040647_830241-002922.parquet,ctrade1-l2-data,raw_l2/trade_date=2026-07-27/exchange=NSE/symbol=GOLDBEES/part-REDACTED.parquet
2026-07-27,NSE,GOLDBEES,part-040701_847253-002954.parquet,ctrade1-l2-data,raw_l2/trade_date=2026-07-27/exchange=NSE/symbol=GOLDBEES/part-REDACTED.parquet
2026-07-27,NSE,GOLDBEES,part-040716_213682-002986.parquet,ctrade1-l2-data,raw_l2/trade_date=2026-07-27/exchange=NSE/symbol=GOLDBEES/part-REDACTED.parquet
2026-07-27,NSE,GOLDBEES,part-040730_423761-003018.parquet,ctrade1-l2-data,raw_l2/trade_date=2026-07-27/exchange=NSE/symbol=GOLDBEES/part-REDACTED.parquet
2026-07-27,NSE,GOLDBEES,part-040744_609861-003050.parquet,ctrade1-l2-data,raw_l2/trade_date=2026-07-27/exchange=NSE/symbol=GOLDBEES/part-REDACTED.parquet
2026-07-27,NSE,GOLDBEES,part-040759_103208-003082.parquet,ctrade1-l2-data,raw_l2/trade_date=2026-07-27/exchange=NSE/symbol=GOLDBEES/part-REDACTED.parquet
2026-07-27,NSE,GOLDBEES,part-040813_386654-003114.parquet,ctrade1-l2-data,raw_l2/trade_date=2026-07-27/exchange=NSE/symbol=GOLDBEES/part-REDACTED.parquet
2026-07-27,NSE,GOLDBEES,part-040827_716865-003146.parquet,ctrade1-l2-data,raw_l2/trade_date=2026-07-27/exchange=NSE/symbol=GOLDBEES/part-REDACTED.parquet
2026-07-27,NSE,GOLDBEES,part-040841_863276-003178.parquet,ctrade1-l2-data,raw_l2/trade_date=2026-07-27/exchange=NSE/symbol=GOLDBEES/part-REDACTED.parquet
2026-07-27,NSE,GOLDBEES,part-040856_243186-003210.parquet,ctrade1-l2-data,raw_l2/trade_date=2026-07-27/exchange=NSE/symbol=GOLDBEES/part-REDACTED.parquet
2026-07-27,NSE,GOLDBEES,part-040910_400514-003242.parquet,ctrade1-l2-data,raw_l2/trade_date=2026-07-27/exchange=NSE/symbol=GOLDBEES/part-REDACTED.parquet
2026-07-27,NSE,GOLDBEES,part-040924_365573-003274.parquet,ctrade1-l2-data,raw_l2/trade_date=2026-07-27/exchange=NSE/symbol=GOLDBEES/part-REDACTED.parquet
2026-07-27,NSE,GOLDBEES,part-040938_746734-003306.parquet,ctrade1-l2-data,raw_l2/trade_date=2026-07-27/exchange=NSE/symbol=GOLDBEES/part-REDACTED.parquet
2026-07-27,NSE,GOLDBEES,part-040952_903286-003338.parquet,ctrade1-l2-data,raw_l2/trade_date=2026-07-27/exchange=NSE/symbol=GOLDBEES/part-REDACTED.parquet
2026-07-27,NSE,GOLDBEES,part-041007_202116-003370.parquet,ctrade1-l2-data,raw_l2/trade_date=2026-07-27/exchange=NSE/symbol=GOLDBEES/part-REDACTED.parquet
2026-07-27,NSE,GOLDBEES,part-041021_382574-003402.parquet,ctrade1-l2-data,raw_l2/trade_date=2026-07-27/exchange=NSE/symbol=GOLDBEES/part-REDACTED.parquet
2026-07-27,NSE,GOLDBEES,part-041035_815668-003434.parquet,ctrade1-l2-data,raw_l2/trade_date=2026-07-27/exchange=NSE/symbol=GOLDBEES/part-REDACTED.parquet
2026-07-27,NSE,GOLDBEES,part-041050_106617-003466.parquet,ctrade1-l2-data,raw_l2/trade_date=2026-07-27/exchange=NSE/symbol=GOLDBEES/part-REDACTED.parquet
2026-07-27,NSE,GOLDBEES,part-041104_202109-003498.parquet,ctrade1-l2-data,raw_l2/trade_date=2026-07-27/exchange=NSE/symbol=GOLDBEES/part-REDACTED.parquet
2026-07-27,NSE,GOLDBEES,part-041118_733170-003530.parquet,ctrade1-l2-data,raw_l2/trade_date=2026-07-27/exchange=NSE/symbol=GOLDBEES/part-REDACTED.parquet
2026-07-27,NSE,GOLDBEES,part-041132_777026-003562.parquet,ctrade1-l2-data,raw_l2/trade_date=2026-07-27/exchange=NSE/symbol=GOLDBEES/part-REDACTED.parquet
2026-07-27,NSE,GOLDBEES,part-041146_942564-003594.parquet,ctrade1-l2-data,raw_l2/trade_date=2026-07-27/exchange=NSE/symbol=GOLDBEES/part-REDACTED.parquet
2026-07-27,NSE,GOLDBEES,part-041201_076658-003626.parquet,ctrade1-l2-data,raw_l2/trade_date=2026-07-27/exchange=NSE/symbol=GOLDBEES/part-REDACTED.parquet
2026-07-27,NSE,GOLDBEES,part-041215_083894-003658.parquet,ctrade1-l2-data,raw_l2/trade_date=2026-07-27/exchange=NSE/symbol=GOLDBEES/part-REDACTED.parquet
2026-07-27,NSE,GOLDBEES,part-041229_291327-003690.parquet,ctrade1-l2-data,raw_l2/trade_date=2026-07-27/exchange=NSE/symbol=GOLDBEES/part-REDACTED.parquet
2026-07-27,NSE,GOLDBEES,part-041244_316941-003722.parquet,ctrade1-l2-data,raw_l2/trade_date=2026-07-27/exchange=NSE/symbol=GOLDBEES/part-REDACTED.parquet
2026-07-27,NSE,GOLDBEES,part-041258_343354-003754.parquet,ctrade1-l2-data,raw_l2/trade_date=2026-07-27/exchange=NSE/symbol=GOLDBEES/part-REDACTED.parquet
2026-07-27,NSE,GOLDBEES,part-041312_410405-003786.parquet,ctrade1-l2-data,raw_l2/trade_date=2026-07-27/exchange=NSE/symbol=GOLDBEES/part-REDACTED.parquet
2026-07-27,NSE,GOLDBEES,part-041326_863955-003818.parquet,ctrade1-l2-data,raw_l2/trade_date=2026-07-27/exchange=NSE/symbol=GOLDBEES/part-REDACTED.parquet
2026-07-27,NSE,GOLDBEES,part-041340_929471-003850.parquet,ctrade1-l2-data,raw_l2/trade_date=2026-07-27/exchange=NSE/symbol=GOLDBEES/part-REDACTED.parquet
2026-07-27,NSE,GOLDBEES,part-041354_888068-003882.parquet,ctrade1-l2-data,raw_l2/trade_date=2026-07-27/exchange=NSE/symbol=GOLDBEES/part-REDACTED.parquet
2026-07-27,NSE,GOLDBEES,part-041408_887644-003914.parquet,ctrade1-l2-data,raw_l2/trade_date=2026-07-27/exchange=NSE/symbol=GOLDBEES/part-REDACTED.parquet
2026-07-27,NSE,GOLDBEES,part-041422_875038-003946.parquet,ctrade1-l2-data,raw_l2/trade_date=2026-07-27/exchange=NSE/symbol=GOLDBEES/part-REDACTED.parquet
2026-07-27,NSE,GOLDBEES,part-041436_855295-003978.parquet,ctrade1-l2-data,raw_l2/trade_date=2026-07-27/exchange=NSE/symbol=GOLDBEES/part-REDACTED.parquet
2026-07-27,NSE,GOLDBEES,part-041450_870853-004010.parquet,ctrade1-l2-data,raw_l2/trade_date=2026-07-27/exchange=NSE/symbol=GOLDBEES/part-REDACTED.parquet
2026-07-27,NSE,GOLDBEES,part-041504_913973-004042.parquet,ctrade1-l2-data,raw_l2/trade_date=2026-07-27/exchange=NSE/symbol=GOLDBEES/part-REDACTED.parquet
2026-07-27,NSE,GOLDBEES,part-041518_873391-004074.parquet,ctrade1-l2-data,raw_l2/trade_date=2026-07-27/exchange=NSE/symbol=GOLDBEES/part-REDACTED.parquet
2026-07-27,NSE,GOLDBEES,part-041533_098223-004106.parquet,ctrade1-l2-data,raw_l2/trade_date=2026-07-27/exchange=NSE/symbol=GOLDBEES/part-REDACTED.parquet
2026-07-27,NSE,GOLDBEES,part-041547_654105-004138.parquet,ctrade1-l2-data,raw_l2/trade_date=2026-07-27/exchange=NSE/symbol=GOLDBEES/part-REDACTED.parquet
2026-07-27,NSE,GOLDBEES,part-041601_725045-004170.parquet,ctrade1-l2-data,raw_l2/trade_date=2026-07-27/exchange=NSE/symbol=GOLDBEES/part-REDACTED.parquet
2026-07-27,NSE,GOLDBEES,part-041615_858104-004202.parquet,ctrade1-l2-data,raw_l2/trade_date=2026-07-27/exchange=NSE/symbol=GOLDBEES/part-REDACTED.parquet
2026-07-27,NSE,GOLDBEES,part-041630_426887-004234.parquet,ctrade1-l2-data,raw_l2/trade_date=2026-07-27/exchange=NSE/symbol=GOLDBEES/part-REDACTED.parquet
2026-07-27,NSE,GOLDBEES,part-041646_591206-004266.parquet,ctrade1-l2-data,raw_l2/trade_date=2026-07-27/exchange=NSE/symbol=GOLDBEES/part-REDACTED.parquet
2026-07-27,NSE,GOLDBEES,part-041700_626293-004298.parquet,ctrade1-l2-data,raw_l2/trade_date=2026-07-27/exchange=NSE/symbol=GOLDBEES/part-REDACTED.parquet
2026-07-27,NSE,GOLDBEES,part-041714_659791-004330.parquet,ctrade1-l2-data,raw_l2/trade_date=2026-07-27/exchange=NSE/symbol=GOLDBEES/part-REDACTED.parquet
2026-07-27,NSE,GOLDBEES,part-041728_932038-004362.parquet,ctrade1-l2-data,raw_l2/trade_date=2026-07-27/exchange=NSE/symbol=GOLDBEES/part-REDACTED.parquet
2026-07-27,NSE,GOLDBEES,part-041743_400173-004394.parquet,ctrade1-l2-data,raw_l2/trade_date=2026-07-27/exchange=NSE/symbol=GOLDBEES/part-REDACTED.parquet
2026-07-27,NSE,GOLDBEES,part-041757_809904-004426.parquet,ctrade1-l2-data,raw_l2/trade_date=2026-07-27/exchange=NSE/symbol=GOLDBEES/part-REDACTED.parquet
2026-07-27,NSE,GOLDBEES,part-041812_163903-004458.parquet,ctrade1-l2-data,raw_l2/trade_date=2026-07-27/exchange=NSE/symbol=GOLDBEES/part-REDACTED.parquet
2026-07-27,NSE,GOLDBEES,part-041826_200569-004490.parquet,ctrade1-l2-data,raw_l2/trade_date=2026-07-27/exchange=NSE/symbol=GOLDBEES/part-REDACTED.parquet
2026-07-27,NSE,GOLDBEES,part-041840_315250-004522.parquet,ctrade1-l2-data,raw_l2/trade_date=2026-07-27/exchange=NSE/symbol=GOLDBEES/part-REDACTED.parquet
2026-07-27,NSE,GOLDBEES,part-041854_353490-004554.parquet,ctrade1-l2-data,raw_l2/trade_date=2026-07-27/exchange=NSE/symbol=GOLDBEES/part-REDACTED.parquet
2026-07-27,NSE,GOLDBEES,part-041908_395645-004586.parquet,ctrade1-l2-data,raw_l2/trade_date=2026-07-27/exchange=NSE/symbol=GOLDBEES/part-REDACTED.parquet
2026-07-27,NSE,GOLDBEES,part-041922_409241-004618.parquet,ctrade1-l2-data,raw_l2/trade_date=2026-07-27/exchange=NSE/symbol=GOLDBEES/part-REDACTED.parquet
2026-07-27,NSE,GOLDBEES,part-041936_368407-004650.parquet,ctrade1-l2-data,raw_l2/trade_date=2026-07-27/exchange=NSE/symbol=GOLDBEES/part-REDACTED.parquet
2026-07-27,NSE,GOLDBEES,part-041950_367876-004682.parquet,ctrade1-l2-data,raw_l2/trade_date=2026-07-27/exchange=NSE/symbol=GOLDBEES/part-REDACTED.parquet
2026-07-27,NSE,GOLDBEES,part-042004_634540-004714.parquet,ctrade1-l2-data,raw_l2/trade_date=2026-07-27/exchange=NSE/symbol=GOLDBEES/part-REDACTED.parquet
2026-07-27,NSE,GOLDBEES,part-042018_616424-004746.parquet,ctrade1-l2-data,raw_l2/trade_date=2026-07-27/exchange=NSE/symbol=GOLDBEES/part-REDACTED.parquet
2026-07-27,NSE,GOLDBEES,part-042032_878808-004778.parquet,ctrade1-l2-data,raw_l2/trade_date=2026-07-27/exchange=NSE/symbol=GOLDBEES/part-REDACTED.parquet
2026-07-27,NSE,GOLDBEES,part-042046_870202-004810.parquet,ctrade1-l2-data,raw_l2/trade_date=2026-07-27/exchange=NSE/symbol=GOLDBEES/part-REDACTED.parquet
2026-07-27,NSE,GOLDBEES,part-042100_887362-004842.parquet,ctrade1-l2-data,raw_l2/trade_date=2026-07-27/exchange=NSE/symbol=GOLDBEES/part-REDACTED.parquet
2026-07-27,NSE,GOLDBEES,part-042115_068671-004874.parquet,ctrade1-l2-data,raw_l2/trade_date=2026-07-27/exchange=NSE/symbol=GOLDBEES/part-REDACTED.parquet
2026-07-27,NSE,GOLDBEES,part-042129_430948-004906.parquet,ctrade1-l2-data,raw_l2/trade_date=2026-07-27/exchange=NSE/symbol=GOLDBEES/part-REDACTED.parquet
2026-07-27,NSE,GOLDBEES,part-042143_640870-004938.parquet,ctrade1-l2-data,raw_l2/trade_date=2026-07-27/exchange=NSE/symbol=GOLDBEES/part-REDACTED.parquet
2026-07-27,NSE,GOLDBEES,part-042157_964475-004970.parquet,ctrade1-l2-data,raw_l2/trade_date=2026-07-27/exchange=NSE/symbol=GOLDBEES/part-REDACTED.parquet
2026-07-27,NSE,GOLDBEES,part-042212_653781-005002.parquet,ctrade1-l2-data,raw_l2/trade_date=2026-07-27/exchange=NSE/symbol=GOLDBEES/part-REDACTED.parquet
2026-07-27,NSE,GOLDBEES,part-042226_891382-005034.parquet,ctrade1-l2-data,raw_l2/trade_date=2026-07-27/exchange=NSE/symbol=GOLDBEES/part-REDACTED.parquet
2026-07-27,NSE,GOLDBEES,part-042241_233172-005066.parquet,ctrade1-l2-data,raw_l2/trade_date=2026-07-27/exchange=NSE/symbol=GOLDBEES/part-REDACTED.parquet
2026-07-27,NSE,GOLDBEES,part-042255_639811-005098.parquet,ctrade1-l2-data,raw_l2/trade_date=2026-07-27/exchange=NSE/symbol=GOLDBEES/part-REDACTED.parquet
2026-07-27,NSE,GOLDBEES,part-042309_976939-005130.parquet,ctrade1-l2-data,raw_l2/trade_date=2026-07-27/exchange=NSE/symbol=GOLDBEES/part-REDACTED.parquet
2026-07-27,NSE,GOLDBEES,part-042324_201544-005162.parquet,ctrade1-l2-data,raw_l2/trade_date=2026-07-27/exchange=NSE/symbol=GOLDBEES/part-REDACTED.parquet
2026-07-27,NSE,GOLDBEES,part-042338_679358-005194.parquet,ctrade1-l2-data,raw_l2/trade_date=2026-07-27/exchange=NSE/symbol=GOLDBEES/part-REDACTED.parquet
2026-07-27,NSE,GOLDBEES,part-042352_933317-005226.parquet,ctrade1-l2-data,raw_l2/trade_date=2026-07-27/exchange=NSE/symbol=GOLDBEES/part-REDACTED.parquet
2026-07-27,NSE,GOLDBEES,part-042407_466310-005258.parquet,ctrade1-l2-data,raw_l2/trade_date=2026-07-27/exchange=NSE/symbol=GOLDBEES/part-REDACTED.parquet
2026-07-27,NSE,GOLDBEES,part-042421_974665-005290.parquet,ctrade1-l2-data,raw_l2/trade_date=2026-07-27/exchange=NSE/symbol=GOLDBEES/part-REDACTED.parquet
2026-07-27,NSE,GOLDBEES,part-042436_290391-005322.parquet,ctrade1-l2-data,raw_l2/trade_date=2026-07-27/exchange=NSE/symbol=GOLDBEES/part-REDACTED.parquet
2026-07-27,NSE,GOLDBEES,part-042450_711144-005354.parquet,ctrade1-l2-data,raw_l2/trade_date=2026-07-27/exchange=NSE/symbol=GOLDBEES/part-REDACTED.parquet
2026-07-27,NSE,GOLDBEES,part-042504_921216-005386.parquet,ctrade1-l2-data,raw_l2/trade_date=2026-07-27/exchange=NSE/symbol=GOLDBEES/part-REDACTED.parquet
2026-07-27,NSE,GOLDBEES,part-042519_199327-005418.parquet,ctrade1-l2-data,raw_l2/trade_date=2026-07-27/exchange=NSE/symbol=GOLDBEES/part-REDACTED.parquet
2026-07-27,NSE,GOLDBEES,part-042533_463007-005450.parquet,ctrade1-l2-data,raw_l2/trade_date=2026-07-27/exchange=NSE/symbol=GOLDBEES/part-REDACTED.parquet
2026-07-27,NSE,GOLDBEES,part-042547_940246-005482.parquet,ctrade1-l2-data,raw_l2/trade_date=2026-07-27/exchange=NSE/symbol=GOLDBEES/part-REDACTED.parquet
2026-07-27,NSE,GOLDBEES,part-042602_497314-005514.parquet,ctrade1-l2-data,raw_l2/trade_date=2026-07-27/exchange=NSE/symbol=GOLDBEES/part-REDACTED.parquet
2026-07-27,NSE,GOLDBEES,part-042617_211624-005546.parquet,ctrade1-l2-data,raw_l2/trade_date=2026-07-27/exchange=NSE/symbol=GOLDBEES/part-REDACTED.parquet
2026-07-27,NSE,GOLDBEES,part-042631_477476-005578.parquet,ctrade1-l2-data,raw_l2/trade_date=2026-07-27/exchange=NSE/symbol=GOLDBEES/part-REDACTED.parquet
2026-07-27,NSE,GOLDBEES,part-042645_755119-005610.parquet,ctrade1-l2-data,raw_l2/trade_date=2026-07-27/exchange=NSE/symbol=GOLDBEES/part-REDACTED.parquet
2026-07-27,NSE,GOLDBEES,part-042700_452749-005642.parquet,ctrade1-l2-data,raw_l2/trade_date=2026-07-27/exchange=NSE/symbol=GOLDBEES/part-REDACTED.parquet
2026-07-27,NSE,HCLTECH,part-034502_413530-000011.parquet,ctrade1-l2-data,raw_l2/trade_date=2026-07-27/exchange=NSE/symbol=HCLTECH/part-REDACTED.parquet
2026-07-27,NSE,HCLTECH,part-034517_053109-000043.parquet,ctrade1-l2-data,raw_l2/trade_date=2026-07-27/exchange=NSE/symbol=HCLTECH/part-REDACTED.parquet
2026-07-27,NSE,HCLTECH,part-034531_552547-000075.parquet,ctrade1-l2-data,raw_l2/trade_date=2026-07-27/exchange=NSE/symbol=HCLTECH/part-REDACTED.parquet
2026-07-27,NSE,HCLTECH,part-034545_735643-000107.parquet,ctrade1-l2-data,raw_l2/trade_date=2026-07-27/exchange=NSE/symbol=HCLTECH/part-REDACTED.parquet
2026-07-27,NSE,HCLTECH,part-034559_816312-000139.parquet,ctrade1-l2-data,raw_l2/trade_date=2026-07-27/exchange=NSE/symbol=HCLTECH/part-REDACTED.parquet
2026-07-27,NSE,HCLTECH,part-034614_129616-000171.parquet,ctrade1-l2-data,raw_l2/trade_date=2026-07-27/exchange=NSE/symbol=HCLTECH/part-REDACTED.parquet
2026-07-27,NSE,HCLTECH,part-034628_535014-000203.parquet,ctrade1-l2-data,raw_l2/trade_date=2026-07-27/exchange=NSE/symbol=HCLTECH/part-REDACTED.parquet
2026-07-27,NSE,HCLTECH,part-034642_885882-000235.parquet,ctrade1-l2-data,raw_l2/trade_date=2026-07-27/exchange=NSE/symbol=HCLTECH/part-REDACTED.parquet
2026-07-27,NSE,HCLTECH,part-034657_229073-000267.parquet,ctrade1-l2-data,raw_l2/trade_date=2026-07-27/exchange=NSE/symbol=HCLTECH/part-REDACTED.parquet
2026-07-27,NSE,HCLTECH,part-034711_274826-000299.parquet,ctrade1-l2-data,raw_l2/trade_date=2026-07-27/exchange=NSE/symbol=HCLTECH/part-REDACTED.parquet
2026-07-27,NSE,HCLTECH,part-034725_207854-000331.parquet,ctrade1-l2-data,raw_l2/trade_date=2026-07-27/exchange=NSE/symbol=HCLTECH/part-REDACTED.parquet
2026-07-27,NSE,HCLTECH,part-034739_503409-000363.parquet,ctrade1-l2-data,raw_l2/trade_date=2026-07-27/exchange=NSE/symbol=HCLTECH/part-REDACTED.parquet
2026-07-27,NSE,HCLTECH,part-034753_561723-000395.parquet,ctrade1-l2-data,raw_l2/trade_date=2026-07-27/exchange=NSE/symbol=HCLTECH/part-REDACTED.parquet
2026-07-27,NSE,HCLTECH,part-034807_821278-000427.parquet,ctrade1-l2-data,raw_l2/trade_date=2026-07-27/exchange=NSE/symbol=HCLTECH/part-REDACTED.parquet
2026-07-27,NSE,HCLTECH,part-034822_330527-000459.parquet,ctrade1-l2-data,raw_l2/trade_date=2026-07-27/exchange=NSE/symbol=HCLTECH/part-REDACTED.parquet
2026-07-27,NSE,HCLTECH,part-034836_811097-000491.parquet,ctrade1-l2-data,raw_l2/trade_date=2026-07-27/exchange=NSE/symbol=HCLTECH/part-REDACTED.parquet
2026-07-27,NSE,HCLTECH,part-034851_128995-000523.parquet,ctrade1-l2-data,raw_l2/trade_date=2026-07-27/exchange=NSE/symbol=HCLTECH/part-REDACTED.parquet
2026-07-27,NSE,HCLTECH,part-034905_531464-000555.parquet,ctrade1-l2-data,raw_l2/trade_date=2026-07-27/exchange=NSE/symbol=HCLTECH/part-REDACTED.parquet
2026-07-27,NSE,HCLTECH,part-034920_015034-000587.parquet,ctrade1-l2-data,raw_l2/trade_date=2026-07-27/exchange=NSE/symbol=HCLTECH/part-REDACTED.parquet
2026-07-27,NSE,HCLTECH,part-034934_365839-000619.parquet,ctrade1-l2-data,raw_l2/trade_date=2026-07-27/exchange=NSE/symbol=HCLTECH/part-REDACTED.parquet
2026-07-27,NSE,HCLTECH,part-034949_041979-000651.parquet,ctrade1-l2-data,raw_l2/trade_date=2026-07-27/exchange=NSE/symbol=HCLTECH/part-REDACTED.parquet
2026-07-27,NSE,HCLTECH,part-035003_623011-000683.parquet,ctrade1-l2-data,raw_l2/trade_date=2026-07-27/exchange=NSE/symbol=HCLTECH/part-REDACTED.parquet
2026-07-27,NSE,HCLTECH,part-035017_778993-000715.parquet,ctrade1-l2-data,raw_l2/trade_date=2026-07-27/exchange=NSE/symbol=HCLTECH/part-REDACTED.parquet
2026-07-27,NSE,HCLTECH,part-035031_800494-000747.parquet,ctrade1-l2-data,raw_l2/trade_date=2026-07-27/exchange=NSE/symbol=HCLTECH/part-REDACTED.parquet
2026-07-27,NSE,HCLTECH,part-035046_075174-000779.parquet,ctrade1-l2-data,raw_l2/trade_date=2026-07-27/exchange=NSE/symbol=HCLTECH/part-REDACTED.parquet
2026-07-27,NSE,HCLTECH,part-035100_237139-000811.parquet,ctrade1-l2-data,raw_l2/trade_date=2026-07-27/exchange=NSE/symbol=HCLTECH/part-REDACTED.parquet
2026-07-27,NSE,HCLTECH,part-035114_591788-000843.parquet,ctrade1-l2-data,raw_l2/trade_date=2026-07-27/exchange=NSE/symbol=HCLTECH/part-REDACTED.parquet
2026-07-27,NSE,HCLTECH,part-035129_005591-000875.parquet,ctrade1-l2-data,raw_l2/trade_date=2026-07-27/exchange=NSE/symbol=HCLTECH/part-REDACTED.parquet
2026-07-27,NSE,HCLTECH,part-035143_199129-000907.parquet,ctrade1-l2-data,raw_l2/trade_date=2026-07-27/exchange=NSE/symbol=HCLTECH/part-REDACTED.parquet
2026-07-27,NSE,HCLTECH,part-035157_279912-000939.parquet,ctrade1-l2-data,raw_l2/trade_date=2026-07-27/exchange=NSE/symbol=HCLTECH/part-REDACTED.parquet
2026-07-27,NSE,HCLTECH,part-035211_561916-000971.parquet,ctrade1-l2-data,raw_l2/trade_date=2026-07-27/exchange=NSE/symbol=HCLTECH/part-REDACTED.parquet
2026-07-27,NSE,HCLTECH,part-035225_828420-001003.parquet,ctrade1-l2-data,raw_l2/trade_date=2026-07-27/exchange=NSE/symbol=HCLTECH/part-REDACTED.parquet
2026-07-27,NSE,HCLTECH,part-035239_994476-001035.parquet,ctrade1-l2-data,raw_l2/trade_date=2026-07-27/exchange=NSE/symbol=HCLTECH/part-REDACTED.parquet
2026-07-27,NSE,HCLTECH,part-035254_334669-001067.parquet,ctrade1-l2-data,raw_l2/trade_date=2026-07-27/exchange=NSE/symbol=HCLTECH/part-REDACTED.parquet
2026-07-27,NSE,HCLTECH,part-035308_618784-001099.parquet,ctrade1-l2-data,raw_l2/trade_date=2026-07-27/exchange=NSE/symbol=HCLTECH/part-REDACTED.parquet
2026-07-27,NSE,HCLTECH,part-035322_889955-001131.parquet,ctrade1-l2-data,raw_l2/trade_date=2026-07-27/exchange=NSE/symbol=HCLTECH/part-REDACTED.parquet
2026-07-27,NSE,HCLTECH,part-035337_371668-001163.parquet,ctrade1-l2-data,raw_l2/trade_date=2026-07-27/exchange=NSE/symbol=HCLTECH/part-REDACTED.parquet
2026-07-27,NSE,HCLTECH,part-035351_799653-001195.parquet,ctrade1-l2-data,raw_l2/trade_date=2026-07-27/exchange=NSE/symbol=HCLTECH/part-REDACTED.parquet
2026-07-27,NSE,HCLTECH,part-035406_102124-001227.parquet,ctrade1-l2-data,raw_l2/trade_date=2026-07-27/exchange=NSE/symbol=HCLTECH/part-REDACTED.parquet
2026-07-27,NSE,HCLTECH,part-035420_279149-001259.parquet,ctrade1-l2-data,raw_l2/trade_date=2026-07-27/exchange=NSE/symbol=HCLTECH/part-REDACTED.parquet
2026-07-27,NSE,HCLTECH,part-035434_291285-001291.parquet,ctrade1-l2-data,raw_l2/trade_date=2026-07-27/exchange=NSE/symbol=HCLTECH/part-REDACTED.parquet
2026-07-27,NSE,HCLTECH,part-035449_164182-001323.parquet,ctrade1-l2-data,raw_l2/trade_date=2026-07-27/exchange=NSE/symbol=HCLTECH/part-REDACTED.parquet
2026-07-27,NSE,HCLTECH,part-035503_788146-001355.parquet,ctrade1-l2-data,raw_l2/trade_date=2026-07-27/exchange=NSE/symbol=HCLTECH/part-REDACTED.parquet
2026-07-27,NSE,HCLTECH,part-035518_375669-001387.parquet,ctrade1-l2-data,raw_l2/trade_date=2026-07-27/exchange=NSE/symbol=HCLTECH/part-REDACTED.parquet
2026-07-27,NSE,HCLTECH,part-035532_551192-001419.parquet,ctrade1-l2-data,raw_l2/trade_date=2026-07-27/exchange=NSE/symbol=HCLTECH/part-REDACTED.parquet
2026-07-27,NSE,HCLTECH,part-035547_014916-001451.parquet,ctrade1-l2-data,raw_l2/trade_date=2026-07-27/exchange=NSE/symbol=HCLTECH/part-REDACTED.parquet
2026-07-27,NSE,HCLTECH,part-035601_112952-001483.parquet,ctrade1-l2-data,raw_l2/trade_date=2026-07-27/exchange=NSE/symbol=HCLTECH/part-REDACTED.parquet
2026-07-27,NSE,HCLTECH,part-035616_026137-001515.parquet,ctrade1-l2-data,raw_l2/trade_date=2026-07-27/exchange=NSE/symbol=HCLTECH/part-REDACTED.parquet
2026-07-27,NSE,HCLTECH,part-035630_496936-001547.parquet,ctrade1-l2-data,raw_l2/trade_date=2026-07-27/exchange=NSE/symbol=HCLTECH/part-REDACTED.parquet
2026-07-27,NSE,HCLTECH,part-035644_774804-001579.parquet,ctrade1-l2-data,raw_l2/trade_date=2026-07-27/exchange=NSE/symbol=HCLTECH/part-REDACTED.parquet
2026-07-27,NSE,HCLTECH,part-035659_042549-001611.parquet,ctrade1-l2-data,raw_l2/trade_date=2026-07-27/exchange=NSE/symbol=HCLTECH/part-REDACTED.parquet
2026-07-27,NSE,HCLTECH,part-035713_298521-001643.parquet,ctrade1-l2-data,raw_l2/trade_date=2026-07-27/exchange=NSE/symbol=HCLTECH/part-REDACTED.parquet
2026-07-27,NSE,HCLTECH,part-035727_731042-001675.parquet,ctrade1-l2-data,raw_l2/trade_date=2026-07-27/exchange=NSE/symbol=HCLTECH/part-REDACTED.parquet
2026-07-27,NSE,HCLTECH,part-035742_038515-001707.parquet,ctrade1-l2-data,raw_l2/trade_date=2026-07-27/exchange=NSE/symbol=HCLTECH/part-REDACTED.parquet
2026-07-27,NSE,HCLTECH,part-035756_324127-001739.parquet,ctrade1-l2-data,raw_l2/trade_date=2026-07-27/exchange=NSE/symbol=HCLTECH/part-REDACTED.parquet
2026-07-27,NSE,HCLTECH,part-035810_605993-001771.parquet,ctrade1-l2-data,raw_l2/trade_date=2026-07-27/exchange=NSE/symbol=HCLTECH/part-REDACTED.parquet
2026-07-27,NSE,HCLTECH,part-035825_078656-001803.parquet,ctrade1-l2-data,raw_l2/trade_date=2026-07-27/exchange=NSE/symbol=HCLTECH/part-REDACTED.parquet
2026-07-27,NSE,HCLTECH,part-035839_354920-001835.parquet,ctrade1-l2-data,raw_l2/trade_date=2026-07-27/exchange=NSE/symbol=HCLTECH/part-REDACTED.parquet
2026-07-27,NSE,HCLTECH,part-035853_806937-001867.parquet,ctrade1-l2-data,raw_l2/trade_date=2026-07-27/exchange=NSE/symbol=HCLTECH/part-REDACTED.parquet
2026-07-27,NSE,HCLTECH,part-035908_088227-001899.parquet,ctrade1-l2-data,raw_l2/trade_date=2026-07-27/exchange=NSE/symbol=HCLTECH/part-REDACTED.parquet
2026-07-27,NSE,HCLTECH,part-035922_615668-001931.parquet,ctrade1-l2-data,raw_l2/trade_date=2026-07-27/exchange=NSE/symbol=HCLTECH/part-REDACTED.parquet
2026-07-27,NSE,HCLTECH,part-035937_038554-001963.parquet,ctrade1-l2-data,raw_l2/trade_date=2026-07-27/exchange=NSE/symbol=HCLTECH/part-REDACTED.parquet
2026-07-27,NSE,HCLTECH,part-035951_234172-001995.parquet,ctrade1-l2-data,raw_l2/trade_date=2026-07-27/exchange=NSE/symbol=HCLTECH/part-REDACTED.parquet
2026-07-27,NSE,HCLTECH,part-040005_852377-002027.parquet,ctrade1-l2-data,raw_l2/trade_date=2026-07-27/exchange=NSE/symbol=HCLTECH/part-REDACTED.parquet
2026-07-27,NSE,HCLTECH,part-040020_291196-002059.parquet,ctrade1-l2-data,raw_l2/trade_date=2026-07-27/exchange=NSE/symbol=HCLTECH/part-REDACTED.parquet
2026-07-27,NSE,HCLTECH,part-040034_599902-002091.parquet,ctrade1-l2-data,raw_l2/trade_date=2026-07-27/exchange=NSE/symbol=HCLTECH/part-REDACTED.parquet
2026-07-27,NSE,HCLTECH,part-040048_856388-002123.parquet,ctrade1-l2-data,raw_l2/trade_date=2026-07-27/exchange=NSE/symbol=HCLTECH/part-REDACTED.parquet
2026-07-27,NSE,HCLTECH,part-040103_399611-002155.parquet,ctrade1-l2-data,raw_l2/trade_date=2026-07-27/exchange=NSE/symbol=HCLTECH/part-REDACTED.parquet
2026-07-27,NSE,HCLTECH,part-040117_849761-002187.parquet,ctrade1-l2-data,raw_l2/trade_date=2026-07-27/exchange=NSE/symbol=HCLTECH/part-REDACTED.parquet
2026-07-27,NSE,HCLTECH,part-040132_119924-002219.parquet,ctrade1-l2-data,raw_l2/trade_date=2026-07-27/exchange=NSE/symbol=HCLTECH/part-REDACTED.parquet
2026-07-27,NSE,HCLTECH,part-040146_787366-002251.parquet,ctrade1-l2-data,raw_l2/trade_date=2026-07-27/exchange=NSE/symbol=HCLTECH/part-REDACTED.parquet
2026-07-27,NSE,HCLTECH,part-040201_141480-002283.parquet,ctrade1-l2-data,raw_l2/trade_date=2026-07-27/exchange=NSE/symbol=HCLTECH/part-REDACTED.parquet
2026-07-27,NSE,HCLTECH,part-040215_562903-002315.parquet,ctrade1-l2-data,raw_l2/trade_date=2026-07-27/exchange=NSE/symbol=HCLTECH/part-REDACTED.parquet
2026-07-27,NSE,HCLTECH,part-040230_262491-002347.parquet,ctrade1-l2-data,raw_l2/trade_date=2026-07-27/exchange=NSE/symbol=HCLTECH/part-REDACTED.parquet
2026-07-27,NSE,HCLTECH,part-040244_789572-002379.parquet,ctrade1-l2-data,raw_l2/trade_date=2026-07-27/exchange=NSE/symbol=HCLTECH/part-REDACTED.parquet
2026-07-27,NSE,HCLTECH,part-040259_549736-002411.parquet,ctrade1-l2-data,raw_l2/trade_date=2026-07-27/exchange=NSE/symbol=HCLTECH/part-REDACTED.parquet
2026-07-27,NSE,HCLTECH,part-040314_035336-002443.parquet,ctrade1-l2-data,raw_l2/trade_date=2026-07-27/exchange=NSE/symbol=HCLTECH/part-REDACTED.parquet
2026-07-27,NSE,HCLTECH,part-040328_292284-002475.parquet,ctrade1-l2-data,raw_l2/trade_date=2026-07-27/exchange=NSE/symbol=HCLTECH/part-REDACTED.parquet
2026-07-27,NSE,HCLTECH,part-040342_821345-002507.parquet,ctrade1-l2-data,raw_l2/trade_date=2026-07-27/exchange=NSE/symbol=HCLTECH/part-REDACTED.parquet
2026-07-27,NSE,HCLTECH,part-040357_287622-002539.parquet,ctrade1-l2-data,raw_l2/trade_date=2026-07-27/exchange=NSE/symbol=HCLTECH/part-REDACTED.parquet
2026-07-27,NSE,HCLTECH,part-040411_867952-002571.parquet,ctrade1-l2-data,raw_l2/trade_date=2026-07-27/exchange=NSE/symbol=HCLTECH/part-REDACTED.parquet
2026-07-27,NSE,HCLTECH,part-040426_371938-002603.parquet,ctrade1-l2-data,raw_l2/trade_date=2026-07-27/exchange=NSE/symbol=HCLTECH/part-REDACTED.parquet
2026-07-27,NSE,HCLTECH,part-040440_561190-002635.parquet,ctrade1-l2-data,raw_l2/trade_date=2026-07-27/exchange=NSE/symbol=HCLTECH/part-REDACTED.parquet
2026-07-27,NSE,HCLTECH,part-040454_999231-002667.parquet,ctrade1-l2-data,raw_l2/trade_date=2026-07-27/exchange=NSE/symbol=HCLTECH/part-REDACTED.parquet
2026-07-27,NSE,HCLTECH,part-040509_288777-002699.parquet,ctrade1-l2-data,raw_l2/trade_date=2026-07-27/exchange=NSE/symbol=HCLTECH/part-REDACTED.parquet
2026-07-27,NSE,HCLTECH,part-040523_721234-002731.parquet,ctrade1-l2-data,raw_l2/trade_date=2026-07-27/exchange=NSE/symbol=HCLTECH/part-REDACTED.parquet
2026-07-27,NSE,HCLTECH,part-040537_721735-002763.parquet,ctrade1-l2-data,raw_l2/trade_date=2026-07-27/exchange=NSE/symbol=HCLTECH/part-REDACTED.parquet
2026-07-27,NSE,HCLTECH,part-040551_953570-002795.parquet,ctrade1-l2-data,raw_l2/trade_date=2026-07-27/exchange=NSE/symbol=HCLTECH/part-REDACTED.parquet
2026-07-27,NSE,HCLTECH,part-040605_950553-002827.parquet,ctrade1-l2-data,raw_l2/trade_date=2026-07-27/exchange=NSE/symbol=HCLTECH/part-REDACTED.parquet
2026-07-27,NSE,HCLTECH,part-040619_993808-002859.parquet,ctrade1-l2-data,raw_l2/trade_date=2026-07-27/exchange=NSE/symbol=HCLTECH/part-REDACTED.parquet
2026-07-27,NSE,HCLTECH,part-040634_026990-002891.parquet,ctrade1-l2-data,raw_l2/trade_date=2026-07-27/exchange=NSE/symbol=HCLTECH/part-REDACTED.parquet
2026-07-27,NSE,HCLTECH,part-040647_967267-002923.parquet,ctrade1-l2-data,raw_l2/trade_date=2026-07-27/exchange=NSE/symbol=HCLTECH/part-REDACTED.parquet
2026-07-27,NSE,HCLTECH,part-040701_986424-002955.parquet,ctrade1-l2-data,raw_l2/trade_date=2026-07-27/exchange=NSE/symbol=HCLTECH/part-REDACTED.parquet
2026-07-27,NSE,HCLTECH,part-040716_332730-002987.parquet,ctrade1-l2-data,raw_l2/trade_date=2026-07-27/exchange=NSE/symbol=HCLTECH/part-REDACTED.parquet
2026-07-27,NSE,HCLTECH,part-040730_543132-003019.parquet,ctrade1-l2-data,raw_l2/trade_date=2026-07-27/exchange=NSE/symbol=HCLTECH/part-REDACTED.parquet
2026-07-27,NSE,HCLTECH,part-040744_727262-003051.parquet,ctrade1-l2-data,raw_l2/trade_date=2026-07-27/exchange=NSE/symbol=HCLTECH/part-REDACTED.parquet
2026-07-27,NSE,HCLTECH,part-040759_263042-003083.parquet,ctrade1-l2-data,raw_l2/trade_date=2026-07-27/exchange=NSE/symbol=HCLTECH/part-REDACTED.parquet
2026-07-27,NSE,HCLTECH,part-040813_510984-003115.parquet,ctrade1-l2-data,raw_l2/trade_date=2026-07-27/exchange=NSE/symbol=HCLTECH/part-REDACTED.parquet
2026-07-27,NSE,HCLTECH,part-040827_846668-003147.parquet,ctrade1-l2-data,raw_l2/trade_date=2026-07-27/exchange=NSE/symbol=HCLTECH/part-REDACTED.parquet
2026-07-27,NSE,HCLTECH,part-040841_976123-003179.parquet,ctrade1-l2-data,raw_l2/trade_date=2026-07-27/exchange=NSE/symbol=HCLTECH/part-REDACTED.parquet
2026-07-27,NSE,HCLTECH,part-040856_384568-003211.parquet,ctrade1-l2-data,raw_l2/trade_date=2026-07-27/exchange=NSE/symbol=HCLTECH/part-REDACTED.parquet
2026-07-27,NSE,HCLTECH,part-040910_513756-003243.parquet,ctrade1-l2-data,raw_l2/trade_date=2026-07-27/exchange=NSE/symbol=HCLTECH/part-REDACTED.parquet
2026-07-27,NSE,HCLTECH,part-040924_483090-003275.parquet,ctrade1-l2-data,raw_l2/trade_date=2026-07-27/exchange=NSE/symbol=HCLTECH/part-REDACTED.parquet
2026-07-27,NSE,HCLTECH,part-040938_864290-003307.parquet,ctrade1-l2-data,raw_l2/trade_date=2026-07-27/exchange=NSE/symbol=HCLTECH/part-REDACTED.parquet
2026-07-27,NSE,HCLTECH,part-040953_024863-003339.parquet,ctrade1-l2-data,raw_l2/trade_date=2026-07-27/exchange=NSE/symbol=HCLTECH/part-REDACTED.parquet
2026-07-27,NSE,HCLTECH,part-041007_323609-003371.parquet,ctrade1-l2-data,raw_l2/trade_date=2026-07-27/exchange=NSE/symbol=HCLTECH/part-REDACTED.parquet
2026-07-27,NSE,HCLTECH,part-041021_517855-003403.parquet,ctrade1-l2-data,raw_l2/trade_date=2026-07-27/exchange=NSE/symbol=HCLTECH/part-REDACTED.parquet
2026-07-27,NSE,HCLTECH,part-041035_947455-003435.parquet,ctrade1-l2-data,raw_l2/trade_date=2026-07-27/exchange=NSE/symbol=HCLTECH/part-REDACTED.parquet
2026-07-27,NSE,HCLTECH,part-041050_223285-003467.parquet,ctrade1-l2-data,raw_l2/trade_date=2026-07-27/exchange=NSE/symbol=HCLTECH/part-REDACTED.parquet
2026-07-27,NSE,HCLTECH,part-041104_346718-003499.parquet,ctrade1-l2-data,raw_l2/trade_date=2026-07-27/exchange=NSE/symbol=HCLTECH/part-REDACTED.parquet
2026-07-27,NSE,HCLTECH,part-041118_848207-003531.parquet,ctrade1-l2-data,raw_l2/trade_date=2026-07-27/exchange=NSE/symbol=HCLTECH/part-REDACTED.parquet
2026-07-27,NSE,HCLTECH,part-041132_919044-003563.parquet,ctrade1-l2-data,raw_l2/trade_date=2026-07-27/exchange=NSE/symbol=HCLTECH/part-REDACTED.parquet
2026-07-27,NSE,HCLTECH,part-041147_059074-003595.parquet,ctrade1-l2-data,raw_l2/trade_date=2026-07-27/exchange=NSE/symbol=HCLTECH/part-REDACTED.parquet
2026-07-27,NSE,HCLTECH,part-041201_190981-003627.parquet,ctrade1-l2-data,raw_l2/trade_date=2026-07-27/exchange=NSE/symbol=HCLTECH/part-REDACTED.parquet
2026-07-27,NSE,HCLTECH,part-041215_211452-003659.parquet,ctrade1-l2-data,raw_l2/trade_date=2026-07-27/exchange=NSE/symbol=HCLTECH/part-REDACTED.parquet
2026-07-27,NSE,HCLTECH,part-041229_473356-003691.parquet,ctrade1-l2-data,raw_l2/trade_date=2026-07-27/exchange=NSE/symbol=HCLTECH/part-REDACTED.parquet
2026-07-27,NSE,HCLTECH,part-041244_446859-003723.parquet,ctrade1-l2-data,raw_l2/trade_date=2026-07-27/exchange=NSE/symbol=HCLTECH/part-REDACTED.parquet
2026-07-27,NSE,HCLTECH,part-041258_455561-003755.parquet,ctrade1-l2-data,raw_l2/trade_date=2026-07-27/exchange=NSE/symbol=HCLTECH/part-REDACTED.parquet
2026-07-27,NSE,HCLTECH,part-041312_572693-003787.parquet,ctrade1-l2-data,raw_l2/trade_date=2026-07-27/exchange=NSE/symbol=HCLTECH/part-REDACTED.parquet
2026-07-27,NSE,HCLTECH,part-041326_975573-003819.parquet,ctrade1-l2-data,raw_l2/trade_date=2026-07-27/exchange=NSE/symbol=HCLTECH/part-REDACTED.parquet
2026-07-27,NSE,HCLTECH,part-041341_039520-003851.parquet,ctrade1-l2-data,raw_l2/trade_date=2026-07-27/exchange=NSE/symbol=HCLTECH/part-REDACTED.parquet
2026-07-27,NSE,HCLTECH,part-041355_034223-003883.parquet,ctrade1-l2-data,raw_l2/trade_date=2026-07-27/exchange=NSE/symbol=HCLTECH/part-REDACTED.parquet
2026-07-27,NSE,HCLTECH,part-041409_008469-003915.parquet,ctrade1-l2-data,raw_l2/trade_date=2026-07-27/exchange=NSE/symbol=HCLTECH/part-REDACTED.parquet
2026-07-27,NSE,HCLTECH,part-041422_987891-003947.parquet,ctrade1-l2-data,raw_l2/trade_date=2026-07-27/exchange=NSE/symbol=HCLTECH/part-REDACTED.parquet
2026-07-27,NSE,HCLTECH,part-041436_992152-003979.parquet,ctrade1-l2-data,raw_l2/trade_date=2026-07-27/exchange=NSE/symbol=HCLTECH/part-REDACTED.parquet
2026-07-27,NSE,HCLTECH,part-041450_980064-004011.parquet,ctrade1-l2-data,raw_l2/trade_date=2026-07-27/exchange=NSE/symbol=HCLTECH/part-REDACTED.parquet
2026-07-27,NSE,HCLTECH,part-041505_027452-004043.parquet,ctrade1-l2-data,raw_l2/trade_date=2026-07-27/exchange=NSE/symbol=HCLTECH/part-REDACTED.parquet
2026-07-27,NSE,HCLTECH,part-041519_006119-004075.parquet,ctrade1-l2-data,raw_l2/trade_date=2026-07-27/exchange=NSE/symbol=HCLTECH/part-REDACTED.parquet
2026-07-27,NSE,HCLTECH,part-041533_224586-004107.parquet,ctrade1-l2-data,raw_l2/trade_date=2026-07-27/exchange=NSE/symbol=HCLTECH/part-REDACTED.parquet
2026-07-27,NSE,HCLTECH,part-041547_779391-004139.parquet,ctrade1-l2-data,raw_l2/trade_date=2026-07-27/exchange=NSE/symbol=HCLTECH/part-REDACTED.parquet
2026-07-27,NSE,HCLTECH,part-041601_844439-004171.parquet,ctrade1-l2-data,raw_l2/trade_date=2026-07-27/exchange=NSE/symbol=HCLTECH/part-REDACTED.parquet
2026-07-27,NSE,HCLTECH,part-041615_988422-004203.parquet,ctrade1-l2-data,raw_l2/trade_date=2026-07-27/exchange=NSE/symbol=HCLTECH/part-REDACTED.parquet
2026-07-27,NSE,HCLTECH,part-041630_662361-004235.parquet,ctrade1-l2-data,raw_l2/trade_date=2026-07-27/exchange=NSE/symbol=HCLTECH/part-REDACTED.parquet
2026-07-27,NSE,HCLTECH,part-041646_718790-004267.parquet,ctrade1-l2-data,raw_l2/trade_date=2026-07-27/exchange=NSE/symbol=HCLTECH/part-REDACTED.parquet
2026-07-27,NSE,HCLTECH,part-041700_753840-004299.parquet,ctrade1-l2-data,raw_l2/trade_date=2026-07-27/exchange=NSE/symbol=HCLTECH/part-REDACTED.parquet
2026-07-27,NSE,HCLTECH,part-041714_785939-004331.parquet,ctrade1-l2-data,raw_l2/trade_date=2026-07-27/exchange=NSE/symbol=HCLTECH/part-REDACTED.parquet
2026-07-27,NSE,HCLTECH,part-041729_069117-004363.parquet,ctrade1-l2-data,raw_l2/trade_date=2026-07-27/exchange=NSE/symbol=HCLTECH/part-REDACTED.parquet
2026-07-27,NSE,HCLTECH,part-041743_543829-004395.parquet,ctrade1-l2-data,raw_l2/trade_date=2026-07-27/exchange=NSE/symbol=HCLTECH/part-REDACTED.parquet
2026-07-27,NSE,HCLTECH,part-041757_957812-004427.parquet,ctrade1-l2-data,raw_l2/trade_date=2026-07-27/exchange=NSE/symbol=HCLTECH/part-REDACTED.parquet
2026-07-27,NSE,HCLTECH,part-041812_283031-004459.parquet,ctrade1-l2-data,raw_l2/trade_date=2026-07-27/exchange=NSE/symbol=HCLTECH/part-REDACTED.parquet
2026-07-27,NSE,HCLTECH,part-041826_314367-004491.parquet,ctrade1-l2-data,raw_l2/trade_date=2026-07-27/exchange=NSE/symbol=HCLTECH/part-REDACTED.parquet
2026-07-27,NSE,HCLTECH,part-041840_422680-004523.parquet,ctrade1-l2-data,raw_l2/trade_date=2026-07-27/exchange=NSE/symbol=HCLTECH/part-REDACTED.parquet
2026-07-27,NSE,HCLTECH,part-041854_475623-004555.parquet,ctrade1-l2-data,raw_l2/trade_date=2026-07-27/exchange=NSE/symbol=HCLTECH/part-REDACTED.parquet
2026-07-27,NSE,HCLTECH,part-041908_502933-004587.parquet,ctrade1-l2-data,raw_l2/trade_date=2026-07-27/exchange=NSE/symbol=HCLTECH/part-REDACTED.parquet
2026-07-27,NSE,HCLTECH,part-041922_520930-004619.parquet,ctrade1-l2-data,raw_l2/trade_date=2026-07-27/exchange=NSE/symbol=HCLTECH/part-REDACTED.parquet
2026-07-27,NSE,HCLTECH,part-041936_479091-004651.parquet,ctrade1-l2-data,raw_l2/trade_date=2026-07-27/exchange=NSE/symbol=HCLTECH/part-REDACTED.parquet
2026-07-27,NSE,HCLTECH,part-041950_480769-004683.parquet,ctrade1-l2-data,raw_l2/trade_date=2026-07-27/exchange=NSE/symbol=HCLTECH/part-REDACTED.parquet
2026-07-27,NSE,HCLTECH,part-042004_752700-004715.parquet,ctrade1-l2-data,raw_l2/trade_date=2026-07-27/exchange=NSE/symbol=HCLTECH/part-REDACTED.parquet
2026-07-27,NSE,HCLTECH,part-042018_757326-004747.parquet,ctrade1-l2-data,raw_l2/trade_date=2026-07-27/exchange=NSE/symbol=HCLTECH/part-REDACTED.parquet
2026-07-27,NSE,HCLTECH,part-042033_013562-004779.parquet,ctrade1-l2-data,raw_l2/trade_date=2026-07-27/exchange=NSE/symbol=HCLTECH/part-REDACTED.parquet
2026-07-27,NSE,HCLTECH,part-042046_995443-004811.parquet,ctrade1-l2-data,raw_l2/trade_date=2026-07-27/exchange=NSE/symbol=HCLTECH/part-REDACTED.parquet
2026-07-27,NSE,HCLTECH,part-042101_000812-004843.parquet,ctrade1-l2-data,raw_l2/trade_date=2026-07-27/exchange=NSE/symbol=HCLTECH/part-REDACTED.parquet
2026-07-27,NSE,HCLTECH,part-042115_227475-004875.parquet,ctrade1-l2-data,raw_l2/trade_date=2026-07-27/exchange=NSE/symbol=HCLTECH/part-REDACTED.parquet
2026-07-27,NSE,HCLTECH,part-042129_558353-004907.parquet,ctrade1-l2-data,raw_l2/trade_date=2026-07-27/exchange=NSE/symbol=HCLTECH/part-REDACTED.parquet
2026-07-27,NSE,HCLTECH,part-042143_768837-004939.parquet,ctrade1-l2-data,raw_l2/trade_date=2026-07-27/exchange=NSE/symbol=HCLTECH/part-REDACTED.parquet
2026-07-27,NSE,HCLTECH,part-042158_094231-004971.parquet,ctrade1-l2-data,raw_l2/trade_date=2026-07-27/exchange=NSE/symbol=HCLTECH/part-REDACTED.parquet
2026-07-27,NSE,HCLTECH,part-042212_780462-005003.parquet,ctrade1-l2-data,raw_l2/trade_date=2026-07-27/exchange=NSE/symbol=HCLTECH/part-REDACTED.parquet
2026-07-27,NSE,HCLTECH,part-042227_017664-005035.parquet,ctrade1-l2-data,raw_l2/trade_date=2026-07-27/exchange=NSE/symbol=HCLTECH/part-REDACTED.parquet
2026-07-27,NSE,HCLTECH,part-042241_348336-005067.parquet,ctrade1-l2-data,raw_l2/trade_date=2026-07-27/exchange=NSE/symbol=HCLTECH/part-REDACTED.parquet
2026-07-27,NSE,HCLTECH,part-042255_774184-005099.parquet,ctrade1-l2-data,raw_l2/trade_date=2026-07-27/exchange=NSE/symbol=HCLTECH/part-REDACTED.parquet
2026-07-27,NSE,HCLTECH,part-042310_095874-005131.parquet,ctrade1-l2-data,raw_l2/trade_date=2026-07-27/exchange=NSE/symbol=HCLTECH/part-REDACTED.parquet
2026-07-27,NSE,HCLTECH,part-042324_329123-005163.parquet,ctrade1-l2-data,raw_l2/trade_date=2026-07-27/exchange=NSE/symbol=HCLTECH/part-REDACTED.parquet
2026-07-27,NSE,HCLTECH,part-042338_805977-005195.parquet,ctrade1-l2-data,raw_l2/trade_date=2026-07-27/exchange=NSE/symbol=HCLTECH/part-REDACTED.parquet
2026-07-27,NSE,HCLTECH,part-042353_091563-005227.parquet,ctrade1-l2-data,raw_l2/trade_date=2026-07-27/exchange=NSE/symbol=HCLTECH/part-REDACTED.parquet
2026-07-27,NSE,HCLTECH,part-042407_599330-005259.parquet,ctrade1-l2-data,raw_l2/trade_date=2026-07-27/exchange=NSE/symbol=HCLTECH/part-REDACTED.parquet
2026-07-27,NSE,HCLTECH,part-042422_124084-005291.parquet,ctrade1-l2-data,raw_l2/trade_date=2026-07-27/exchange=NSE/symbol=HCLTECH/part-REDACTED.parquet
2026-07-27,NSE,HCLTECH,part-042436_447571-005323.parquet,ctrade1-l2-data,raw_l2/trade_date=2026-07-27/exchange=NSE/symbol=HCLTECH/part-REDACTED.parquet
2026-07-27,NSE,HCLTECH,part-042450_836298-005355.parquet,ctrade1-l2-data,raw_l2/trade_date=2026-07-27/exchange=NSE/symbol=HCLTECH/part-REDACTED.parquet
2026-07-27,NSE,HCLTECH,part-042505_044368-005387.parquet,ctrade1-l2-data,raw_l2/trade_date=2026-07-27/exchange=NSE/symbol=HCLTECH/part-REDACTED.parquet
2026-07-27,NSE,HCLTECH,part-042519_318894-005419.parquet,ctrade1-l2-data,raw_l2/trade_date=2026-07-27/exchange=NSE/symbol=HCLTECH/part-REDACTED.parquet
2026-07-27,NSE,HCLTECH,part-042533_602880-005451.parquet,ctrade1-l2-data,raw_l2/trade_date=2026-07-27/exchange=NSE/symbol=HCLTECH/part-REDACTED.parquet
2026-07-27,NSE,HCLTECH,part-042548_069130-005483.parquet,ctrade1-l2-data,raw_l2/trade_date=2026-07-27/exchange=NSE/symbol=HCLTECH/part-REDACTED.parquet
2026-07-27,NSE,HCLTECH,part-042602_616464-005515.parquet,ctrade1-l2-data,raw_l2/trade_date=2026-07-27/exchange=NSE/symbol=HCLTECH/part-REDACTED.parquet
2026-07-27,NSE,HCLTECH,part-042617_342934-005547.parquet,ctrade1-l2-data,raw_l2/trade_date=2026-07-27/exchange=NSE/symbol=HCLTECH/part-REDACTED.parquet
2026-07-27,NSE,HCLTECH,part-042631_641460-005579.parquet,ctrade1-l2-data,raw_l2/trade_date=2026-07-27/exchange=NSE/symbol=HCLTECH/part-REDACTED.parquet
2026-07-27,NSE,HCLTECH,part-042645_878637-005611.parquet,ctrade1-l2-data,raw_l2/trade_date=2026-07-27/exchange=NSE/symbol=HCLTECH/part-REDACTED.parquet
2026-07-27,NSE,HCLTECH,part-042700_569236-005643.parquet,ctrade1-l2-data,raw_l2/trade_date=2026-07-27/exchange=NSE/symbol=HCLTECH/part-REDACTED.parquet
2026-07-27,NSE,HDFCBANK,part-034502_558898-000012.parquet,ctrade1-l2-data,raw_l2/trade_date=2026-07-27/exchange=NSE/symbol=HDFCBANK/part-REDACTED.parquet
2026-07-27,NSE,HDFCBANK,part-034517_179263-000044.parquet,ctrade1-l2-data,raw_l2/trade_date=2026-07-27/exchange=NSE/symbol=HDFCBANK/part-REDACTED.parquet
2026-07-27,NSE,HDFCBANK,part-034531_676162-000076.parquet,ctrade1-l2-data,raw_l2/trade_date=2026-07-27/exchange=NSE/symbol=HDFCBANK/part-REDACTED.parquet
2026-07-27,NSE,HDFCBANK,part-034545_854479-000108.parquet,ctrade1-l2-data,raw_l2/trade_date=2026-07-27/exchange=NSE/symbol=HDFCBANK/part-REDACTED.parquet
2026-07-27,NSE,HDFCBANK,part-034559_949974-000140.parquet,ctrade1-l2-data,raw_l2/trade_date=2026-07-27/exchange=NSE/symbol=HDFCBANK/part-REDACTED.parquet
2026-07-27,NSE,HDFCBANK,part-034614_264730-000172.parquet,ctrade1-l2-data,raw_l2/trade_date=2026-07-27/exchange=NSE/symbol=HDFCBANK/part-REDACTED.parquet
2026-07-27,NSE,HDFCBANK,part-034628_652801-000204.parquet,ctrade1-l2-data,raw_l2/trade_date=2026-07-27/exchange=NSE/symbol=HDFCBANK/part-REDACTED.parquet
2026-07-27,NSE,HDFCBANK,part-034643_022252-000236.parquet,ctrade1-l2-data,raw_l2/trade_date=2026-07-27/exchange=NSE/symbol=HDFCBANK/part-REDACTED.parquet
2026-07-27,NSE,HDFCBANK,part-034657_353232-000268.parquet,ctrade1-l2-data,raw_l2/trade_date=2026-07-27/exchange=NSE/symbol=HDFCBANK/part-REDACTED.parquet
2026-07-27,NSE,HDFCBANK,part-034711_394509-000300.parquet,ctrade1-l2-data,raw_l2/trade_date=2026-07-27/exchange=NSE/symbol=HDFCBANK/part-REDACTED.parquet
2026-07-27,NSE,HDFCBANK,part-034725_343640-000332.parquet,ctrade1-l2-data,raw_l2/trade_date=2026-07-27/exchange=NSE/symbol=HDFCBANK/part-REDACTED.parquet
2026-07-27,NSE,HDFCBANK,part-034739_618479-000364.parquet,ctrade1-l2-data,raw_l2/trade_date=2026-07-27/exchange=NSE/symbol=HDFCBANK/part-REDACTED.parquet
2026-07-27,NSE,HDFCBANK,part-034753_691081-000396.parquet,ctrade1-l2-data,raw_l2/trade_date=2026-07-27/exchange=NSE/symbol=HDFCBANK/part-REDACTED.parquet
2026-07-27,NSE,HDFCBANK,part-034807_943459-000428.parquet,ctrade1-l2-data,raw_l2/trade_date=2026-07-27/exchange=NSE/symbol=HDFCBANK/part-REDACTED.parquet
2026-07-27,NSE,HDFCBANK,part-034822_447730-000460.parquet,ctrade1-l2-data,raw_l2/trade_date=2026-07-27/exchange=NSE/symbol=HDFCBANK/part-REDACTED.parquet
2026-07-27,NSE,HDFCBANK,part-034836_967140-000492.parquet,ctrade1-l2-data,raw_l2/trade_date=2026-07-27/exchange=NSE/symbol=HDFCBANK/part-REDACTED.parquet
2026-07-27,NSE,HDFCBANK,part-034851_256746-000524.parquet,ctrade1-l2-data,raw_l2/trade_date=2026-07-27/exchange=NSE/symbol=HDFCBANK/part-REDACTED.parquet
2026-07-27,NSE,HDFCBANK,part-034905_658618-000556.parquet,ctrade1-l2-data,raw_l2/trade_date=2026-07-27/exchange=NSE/symbol=HDFCBANK/part-REDACTED.parquet
2026-07-27,NSE,HDFCBANK,part-034920_136804-000588.parquet,ctrade1-l2-data,raw_l2/trade_date=2026-07-27/exchange=NSE/symbol=HDFCBANK/part-REDACTED.parquet
2026-07-27,NSE,HDFCBANK,part-034934_494252-000620.parquet,ctrade1-l2-data,raw_l2/trade_date=2026-07-27/exchange=NSE/symbol=HDFCBANK/part-REDACTED.parquet
2026-07-27,NSE,HDFCBANK,part-034949_178179-000652.parquet,ctrade1-l2-data,raw_l2/trade_date=2026-07-27/exchange=NSE/symbol=HDFCBANK/part-REDACTED.parquet
2026-07-27,NSE,HDFCBANK,part-035003_740142-000684.parquet,ctrade1-l2-data,raw_l2/trade_date=2026-07-27/exchange=NSE/symbol=HDFCBANK/part-REDACTED.parquet
2026-07-27,NSE,HDFCBANK,part-035017_903140-000716.parquet,ctrade1-l2-data,raw_l2/trade_date=2026-07-27/exchange=NSE/symbol=HDFCBANK/part-REDACTED.parquet
2026-07-27,NSE,HDFCBANK,part-035031_929158-000748.parquet,ctrade1-l2-data,raw_l2/trade_date=2026-07-27/exchange=NSE/symbol=HDFCBANK/part-REDACTED.parquet
2026-07-27,NSE,HDFCBANK,part-035046_195459-000780.parquet,ctrade1-l2-data,raw_l2/trade_date=2026-07-27/exchange=NSE/symbol=HDFCBANK/part-REDACTED.parquet
2026-07-27,NSE,HDFCBANK,part-035100_350434-000812.parquet,ctrade1-l2-data,raw_l2/trade_date=2026-07-27/exchange=NSE/symbol=HDFCBANK/part-REDACTED.parquet
2026-07-27,NSE,HDFCBANK,part-035114_718183-000844.parquet,ctrade1-l2-data,raw_l2/trade_date=2026-07-27/exchange=NSE/symbol=HDFCBANK/part-REDACTED.parquet
2026-07-27,NSE,HDFCBANK,part-035129_125924-000876.parquet,ctrade1-l2-data,raw_l2/trade_date=2026-07-27/exchange=NSE/symbol=HDFCBANK/part-REDACTED.parquet
2026-07-27,NSE,HDFCBANK,part-035143_334598-000908.parquet,ctrade1-l2-data,raw_l2/trade_date=2026-07-27/exchange=NSE/symbol=HDFCBANK/part-REDACTED.parquet
2026-07-27,NSE,HDFCBANK,part-035157_421814-000940.parquet,ctrade1-l2-data,raw_l2/trade_date=2026-07-27/exchange=NSE/symbol=HDFCBANK/part-REDACTED.parquet
2026-07-27,NSE,HDFCBANK,part-035211_694447-000972.parquet,ctrade1-l2-data,raw_l2/trade_date=2026-07-27/exchange=NSE/symbol=HDFCBANK/part-REDACTED.parquet
2026-07-27,NSE,HDFCBANK,part-035225_954186-001004.parquet,ctrade1-l2-data,raw_l2/trade_date=2026-07-27/exchange=NSE/symbol=HDFCBANK/part-REDACTED.parquet
2026-07-27,NSE,HDFCBANK,part-035240_135238-001036.parquet,ctrade1-l2-data,raw_l2/trade_date=2026-07-27/exchange=NSE/symbol=HDFCBANK/part-REDACTED.parquet
2026-07-27,NSE,HDFCBANK,part-035254_482491-001068.parquet,ctrade1-l2-data,raw_l2/trade_date=2026-07-27/exchange=NSE/symbol=HDFCBANK/part-REDACTED.parquet
2026-07-27,NSE,HDFCBANK,part-035308_757213-001100.parquet,ctrade1-l2-data,raw_l2/trade_date=2026-07-27/exchange=NSE/symbol=HDFCBANK/part-REDACTED.parquet
2026-07-27,NSE,HDFCBANK,part-035323_022786-001132.parquet,ctrade1-l2-data,raw_l2/trade_date=2026-07-27/exchange=NSE/symbol=HDFCBANK/part-REDACTED.parquet
2026-07-27,NSE,HDFCBANK,part-035337_499549-001164.parquet,ctrade1-l2-data,raw_l2/trade_date=2026-07-27/exchange=NSE/symbol=HDFCBANK/part-REDACTED.parquet
2026-07-27,NSE,HDFCBANK,part-035351_935620-001196.parquet,ctrade1-l2-data,raw_l2/trade_date=2026-07-27/exchange=NSE/symbol=HDFCBANK/part-REDACTED.parquet
2026-07-27,NSE,HDFCBANK,part-035406_233109-001228.parquet,ctrade1-l2-data,raw_l2/trade_date=2026-07-27/exchange=NSE/symbol=HDFCBANK/part-REDACTED.parquet
2026-07-27,NSE,HDFCBANK,part-035420_402973-001260.parquet,ctrade1-l2-data,raw_l2/trade_date=2026-07-27/exchange=NSE/symbol=HDFCBANK/part-REDACTED.parquet
2026-07-27,NSE,HDFCBANK,part-035434_414148-001292.parquet,ctrade1-l2-data,raw_l2/trade_date=2026-07-27/exchange=NSE/symbol=HDFCBANK/part-REDACTED.parquet
2026-07-27,NSE,HDFCBANK,part-035449_368243-001324.parquet,ctrade1-l2-data,raw_l2/trade_date=2026-07-27/exchange=NSE/symbol=HDFCBANK/part-REDACTED.parquet
2026-07-27,NSE,HDFCBANK,part-035503_913314-001356.parquet,ctrade1-l2-data,raw_l2/trade_date=2026-07-27/exchange=NSE/symbol=HDFCBANK/part-REDACTED.parquet
2026-07-27,NSE,HDFCBANK,part-035518_490481-001388.parquet,ctrade1-l2-data,raw_l2/trade_date=2026-07-27/exchange=NSE/symbol=HDFCBANK/part-REDACTED.parquet
2026-07-27,NSE,HDFCBANK,part-035532_669388-001420.parquet,ctrade1-l2-data,raw_l2/trade_date=2026-07-27/exchange=NSE/symbol=HDFCBANK/part-REDACTED.parquet
2026-07-27,NSE,HDFCBANK,part-035547_128923-001452.parquet,ctrade1-l2-data,raw_l2/trade_date=2026-07-27/exchange=NSE/symbol=HDFCBANK/part-REDACTED.parquet
2026-07-27,NSE,HDFCBANK,part-035601_240007-001484.parquet,ctrade1-l2-data,raw_l2/trade_date=2026-07-27/exchange=NSE/symbol=HDFCBANK/part-REDACTED.parquet
2026-07-27,NSE,HDFCBANK,part-035616_145703-001516.parquet,ctrade1-l2-data,raw_l2/trade_date=2026-07-27/exchange=NSE/symbol=HDFCBANK/part-REDACTED.parquet
2026-07-27,NSE,HDFCBANK,part-035630_629623-001548.parquet,ctrade1-l2-data,raw_l2/trade_date=2026-07-27/exchange=NSE/symbol=HDFCBANK/part-REDACTED.parquet
2026-07-27,NSE,HDFCBANK,part-035644_898523-001580.parquet,ctrade1-l2-data,raw_l2/trade_date=2026-07-27/exchange=NSE/symbol=HDFCBANK/part-REDACTED.parquet
2026-07-27,NSE,HDFCBANK,part-035659_158845-001612.parquet,ctrade1-l2-data,raw_l2/trade_date=2026-07-27/exchange=NSE/symbol=HDFCBANK/part-REDACTED.parquet
2026-07-27,NSE,HDFCBANK,part-035713_424066-001644.parquet,ctrade1-l2-data,raw_l2/trade_date=2026-07-27/exchange=NSE/symbol=HDFCBANK/part-REDACTED.parquet
2026-07-27,NSE,HDFCBANK,part-035727_858853-001676.parquet,ctrade1-l2-data,raw_l2/trade_date=2026-07-27/exchange=NSE/symbol=HDFCBANK/part-REDACTED.parquet
2026-07-27,NSE,HDFCBANK,part-035742_171275-001708.parquet,ctrade1-l2-data,raw_l2/trade_date=2026-07-27/exchange=NSE/symbol=HDFCBANK/part-REDACTED.parquet
2026-07-27,NSE,HDFCBANK,part-035756_436710-001740.parquet,ctrade1-l2-data,raw_l2/trade_date=2026-07-27/exchange=NSE/symbol=HDFCBANK/part-REDACTED.parquet
2026-07-27,NSE,HDFCBANK,part-035810_725392-001772.parquet,ctrade1-l2-data,raw_l2/trade_date=2026-07-27/exchange=NSE/symbol=HDFCBANK/part-REDACTED.parquet
2026-07-27,NSE,HDFCBANK,part-035825_207902-001804.parquet,ctrade1-l2-data,raw_l2/trade_date=2026-07-27/exchange=NSE/symbol=HDFCBANK/part-REDACTED.parquet
2026-07-27,NSE,HDFCBANK,part-035839_484613-001836.parquet,ctrade1-l2-data,raw_l2/trade_date=2026-07-27/exchange=NSE/symbol=HDFCBANK/part-REDACTED.parquet
2026-07-27,NSE,HDFCBANK,part-035853_938325-001868.parquet,ctrade1-l2-data,raw_l2/trade_date=2026-07-27/exchange=NSE/symbol=HDFCBANK/part-REDACTED.parquet
2026-07-27,NSE,HDFCBANK,part-035908_212655-001900.parquet,ctrade1-l2-data,raw_l2/trade_date=2026-07-27/exchange=NSE/symbol=HDFCBANK/part-REDACTED.parquet
2026-07-27,NSE,HDFCBANK,part-035922_752288-001932.parquet,ctrade1-l2-data,raw_l2/trade_date=2026-07-27/exchange=NSE/symbol=HDFCBANK/part-REDACTED.parquet
2026-07-27,NSE,HDFCBANK,part-035937_163160-001964.parquet,ctrade1-l2-data,raw_l2/trade_date=2026-07-27/exchange=NSE/symbol=HDFCBANK/part-REDACTED.parquet
2026-07-27,NSE,HDFCBANK,part-035951_357903-001996.parquet,ctrade1-l2-data,raw_l2/trade_date=2026-07-27/exchange=NSE/symbol=HDFCBANK/part-REDACTED.parquet
2026-07-27,NSE,HDFCBANK,part-040005_994211-002028.parquet,ctrade1-l2-data,raw_l2/trade_date=2026-07-27/exchange=NSE/symbol=HDFCBANK/part-REDACTED.parquet
2026-07-27,NSE,HDFCBANK,part-040020_418642-002060.parquet,ctrade1-l2-data,raw_l2/trade_date=2026-07-27/exchange=NSE/symbol=HDFCBANK/part-REDACTED.parquet
2026-07-27,NSE,HDFCBANK,part-040034_719403-002092.parquet,ctrade1-l2-data,raw_l2/trade_date=2026-07-27/exchange=NSE/symbol=HDFCBANK/part-REDACTED.parquet
2026-07-27,NSE,HDFCBANK,part-040048_992168-002124.parquet,ctrade1-l2-data,raw_l2/trade_date=2026-07-27/exchange=NSE/symbol=HDFCBANK/part-REDACTED.parquet
2026-07-27,NSE,HDFCBANK,part-040103_530117-002156.parquet,ctrade1-l2-data,raw_l2/trade_date=2026-07-27/exchange=NSE/symbol=HDFCBANK/part-REDACTED.parquet
2026-07-27,NSE,HDFCBANK,part-040117_975722-002188.parquet,ctrade1-l2-data,raw_l2/trade_date=2026-07-27/exchange=NSE/symbol=HDFCBANK/part-REDACTED.parquet
2026-07-27,NSE,HDFCBANK,part-040132_251450-002220.parquet,ctrade1-l2-data,raw_l2/trade_date=2026-07-27/exchange=NSE/symbol=HDFCBANK/part-REDACTED.parquet
2026-07-27,NSE,HDFCBANK,part-040146_912380-002252.parquet,ctrade1-l2-data,raw_l2/trade_date=2026-07-27/exchange=NSE/symbol=HDFCBANK/part-REDACTED.parquet
2026-07-27,NSE,HDFCBANK,part-040201_270342-002284.parquet,ctrade1-l2-data,raw_l2/trade_date=2026-07-27/exchange=NSE/symbol=HDFCBANK/part-REDACTED.parquet
2026-07-27,NSE,HDFCBANK,part-040215_726975-002316.parquet,ctrade1-l2-data,raw_l2/trade_date=2026-07-27/exchange=NSE/symbol=HDFCBANK/part-REDACTED.parquet
2026-07-27,NSE,HDFCBANK,part-040230_416856-002348.parquet,ctrade1-l2-data,raw_l2/trade_date=2026-07-27/exchange=NSE/symbol=HDFCBANK/part-REDACTED.parquet
2026-07-27,NSE,HDFCBANK,part-040244_988209-002380.parquet,ctrade1-l2-data,raw_l2/trade_date=2026-07-27/exchange=NSE/symbol=HDFCBANK/part-REDACTED.parquet
2026-07-27,NSE,HDFCBANK,part-040259_682264-002412.parquet,ctrade1-l2-data,raw_l2/trade_date=2026-07-27/exchange=NSE/symbol=HDFCBANK/part-REDACTED.parquet
2026-07-27,NSE,HDFCBANK,part-040314_193921-002444.parquet,ctrade1-l2-data,raw_l2/trade_date=2026-07-27/exchange=NSE/symbol=HDFCBANK/part-REDACTED.parquet
2026-07-27,NSE,HDFCBANK,part-040328_412236-002476.parquet,ctrade1-l2-data,raw_l2/trade_date=2026-07-27/exchange=NSE/symbol=HDFCBANK/part-REDACTED.parquet
2026-07-27,NSE,HDFCBANK,part-040342_939485-002508.parquet,ctrade1-l2-data,raw_l2/trade_date=2026-07-27/exchange=NSE/symbol=HDFCBANK/part-REDACTED.parquet
2026-07-27,NSE,HDFCBANK,part-040357_478879-002540.parquet,ctrade1-l2-data,raw_l2/trade_date=2026-07-27/exchange=NSE/symbol=HDFCBANK/part-REDACTED.parquet
2026-07-27,NSE,HDFCBANK,part-040411_991305-002572.parquet,ctrade1-l2-data,raw_l2/trade_date=2026-07-27/exchange=NSE/symbol=HDFCBANK/part-REDACTED.parquet
2026-07-27,NSE,HDFCBANK,part-040426_486671-002604.parquet,ctrade1-l2-data,raw_l2/trade_date=2026-07-27/exchange=NSE/symbol=HDFCBANK/part-REDACTED.parquet
2026-07-27,NSE,HDFCBANK,part-040440_708097-002636.parquet,ctrade1-l2-data,raw_l2/trade_date=2026-07-27/exchange=NSE/symbol=HDFCBANK/part-REDACTED.parquet
2026-07-27,NSE,HDFCBANK,part-040455_132397-002668.parquet,ctrade1-l2-data,raw_l2/trade_date=2026-07-27/exchange=NSE/symbol=HDFCBANK/part-REDACTED.parquet
2026-07-27,NSE,HDFCBANK,part-040509_409272-002700.parquet,ctrade1-l2-data,raw_l2/trade_date=2026-07-27/exchange=NSE/symbol=HDFCBANK/part-REDACTED.parquet
2026-07-27,NSE,HDFCBANK,part-040523_833252-002732.parquet,ctrade1-l2-data,raw_l2/trade_date=2026-07-27/exchange=NSE/symbol=HDFCBANK/part-REDACTED.parquet
2026-07-27,NSE,HDFCBANK,part-040537_831939-002764.parquet,ctrade1-l2-data,raw_l2/trade_date=2026-07-27/exchange=NSE/symbol=HDFCBANK/part-REDACTED.parquet
2026-07-27,NSE,HDFCBANK,part-040552_070837-002796.parquet,ctrade1-l2-data,raw_l2/trade_date=2026-07-27/exchange=NSE/symbol=HDFCBANK/part-REDACTED.parquet
2026-07-27,NSE,HDFCBANK,part-040606_067283-002828.parquet,ctrade1-l2-data,raw_l2/trade_date=2026-07-27/exchange=NSE/symbol=HDFCBANK/part-REDACTED.parquet
2026-07-27,NSE,HDFCBANK,part-040620_111512-002860.parquet,ctrade1-l2-data,raw_l2/trade_date=2026-07-27/exchange=NSE/symbol=HDFCBANK/part-REDACTED.parquet
2026-07-27,NSE,HDFCBANK,part-040634_160346-002892.parquet,ctrade1-l2-data,raw_l2/trade_date=2026-07-27/exchange=NSE/symbol=HDFCBANK/part-REDACTED.parquet
2026-07-27,NSE,HDFCBANK,part-040648_083195-002924.parquet,ctrade1-l2-data,raw_l2/trade_date=2026-07-27/exchange=NSE/symbol=HDFCBANK/part-REDACTED.parquet
2026-07-27,NSE,HDFCBANK,part-040702_108964-002956.parquet,ctrade1-l2-data,raw_l2/trade_date=2026-07-27/exchange=NSE/symbol=HDFCBANK/part-REDACTED.parquet
2026-07-27,NSE,HDFCBANK,part-040716_460358-002988.parquet,ctrade1-l2-data,raw_l2/trade_date=2026-07-27/exchange=NSE/symbol=HDFCBANK/part-REDACTED.parquet
2026-07-27,NSE,HDFCBANK,part-040730_661216-003020.parquet,ctrade1-l2-data,raw_l2/trade_date=2026-07-27/exchange=NSE/symbol=HDFCBANK/part-REDACTED.parquet
2026-07-27,NSE,HDFCBANK,part-040744_846691-003052.parquet,ctrade1-l2-data,raw_l2/trade_date=2026-07-27/exchange=NSE/symbol=HDFCBANK/part-REDACTED.parquet
2026-07-27,NSE,HDFCBANK,part-040759_411450-003084.parquet,ctrade1-l2-data,raw_l2/trade_date=2026-07-27/exchange=NSE/symbol=HDFCBANK/part-REDACTED.parquet
2026-07-27,NSE,HDFCBANK,part-040813_628040-003116.parquet,ctrade1-l2-data,raw_l2/trade_date=2026-07-27/exchange=NSE/symbol=HDFCBANK/part-REDACTED.parquet
2026-07-27,NSE,HDFCBANK,part-040827_966806-003148.parquet,ctrade1-l2-data,raw_l2/trade_date=2026-07-27/exchange=NSE/symbol=HDFCBANK/part-REDACTED.parquet
2026-07-27,NSE,HDFCBANK,part-040842_091918-003180.parquet,ctrade1-l2-data,raw_l2/trade_date=2026-07-27/exchange=NSE/symbol=HDFCBANK/part-REDACTED.parquet
2026-07-27,NSE,HDFCBANK,part-040856_496196-003212.parquet,ctrade1-l2-data,raw_l2/trade_date=2026-07-27/exchange=NSE/symbol=HDFCBANK/part-REDACTED.parquet
2026-07-27,NSE,HDFCBANK,part-040910_631000-003244.parquet,ctrade1-l2-data,raw_l2/trade_date=2026-07-27/exchange=NSE/symbol=HDFCBANK/part-REDACTED.parquet
2026-07-27,NSE,HDFCBANK,part-040924_603606-003276.parquet,ctrade1-l2-data,raw_l2/trade_date=2026-07-27/exchange=NSE/symbol=HDFCBANK/part-REDACTED.parquet
2026-07-27,NSE,HDFCBANK,part-040938_989520-003308.parquet,ctrade1-l2-data,raw_l2/trade_date=2026-07-27/exchange=NSE/symbol=HDFCBANK/part-REDACTED.parquet
2026-07-27,NSE,HDFCBANK,part-040953_163536-003340.parquet,ctrade1-l2-data,raw_l2/trade_date=2026-07-27/exchange=NSE/symbol=HDFCBANK/part-REDACTED.parquet
2026-07-27,NSE,HDFCBANK,part-041007_442123-003372.parquet,ctrade1-l2-data,raw_l2/trade_date=2026-07-27/exchange=NSE/symbol=HDFCBANK/part-REDACTED.parquet
2026-07-27,NSE,HDFCBANK,part-041021_687237-003404.parquet,ctrade1-l2-data,raw_l2/trade_date=2026-07-27/exchange=NSE/symbol=HDFCBANK/part-REDACTED.parquet
2026-07-27,NSE,HDFCBANK,part-041036_106631-003436.parquet,ctrade1-l2-data,raw_l2/trade_date=2026-07-27/exchange=NSE/symbol=HDFCBANK/part-REDACTED.parquet
2026-07-27,NSE,HDFCBANK,part-041050_345431-003468.parquet,ctrade1-l2-data,raw_l2/trade_date=2026-07-27/exchange=NSE/symbol=HDFCBANK/part-REDACTED.parquet
2026-07-27,NSE,HDFCBANK,part-041104_463359-003500.parquet,ctrade1-l2-data,raw_l2/trade_date=2026-07-27/exchange=NSE/symbol=HDFCBANK/part-REDACTED.parquet
2026-07-27,NSE,HDFCBANK,part-041118_963020-003532.parquet,ctrade1-l2-data,raw_l2/trade_date=2026-07-27/exchange=NSE/symbol=HDFCBANK/part-REDACTED.parquet
2026-07-27,NSE,HDFCBANK,part-041133_041101-003564.parquet,ctrade1-l2-data,raw_l2/trade_date=2026-07-27/exchange=NSE/symbol=HDFCBANK/part-REDACTED.parquet
2026-07-27,NSE,HDFCBANK,part-041147_179587-003596.parquet,ctrade1-l2-data,raw_l2/trade_date=2026-07-27/exchange=NSE/symbol=HDFCBANK/part-REDACTED.parquet
2026-07-27,NSE,HDFCBANK,part-041201_313638-003628.parquet,ctrade1-l2-data,raw_l2/trade_date=2026-07-27/exchange=NSE/symbol=HDFCBANK/part-REDACTED.parquet
2026-07-27,NSE,HDFCBANK,part-041215_332634-003660.parquet,ctrade1-l2-data,raw_l2/trade_date=2026-07-27/exchange=NSE/symbol=HDFCBANK/part-REDACTED.parquet
2026-07-27,NSE,HDFCBANK,part-041229_629824-003692.parquet,ctrade1-l2-data,raw_l2/trade_date=2026-07-27/exchange=NSE/symbol=HDFCBANK/part-REDACTED.parquet
2026-07-27,NSE,HDFCBANK,part-041244_565665-003724.parquet,ctrade1-l2-data,raw_l2/trade_date=2026-07-27/exchange=NSE/symbol=HDFCBANK/part-REDACTED.parquet
2026-07-27,NSE,HDFCBANK,part-041258_566296-003756.parquet,ctrade1-l2-data,raw_l2/trade_date=2026-07-27/exchange=NSE/symbol=HDFCBANK/part-REDACTED.parquet
2026-07-27,NSE,HDFCBANK,part-041312_694320-003788.parquet,ctrade1-l2-data,raw_l2/trade_date=2026-07-27/exchange=NSE/symbol=HDFCBANK/part-REDACTED.parquet
2026-07-27,NSE,HDFCBANK,part-041327_095493-003820.parquet,ctrade1-l2-data,raw_l2/trade_date=2026-07-27/exchange=NSE/symbol=HDFCBANK/part-REDACTED.parquet
2026-07-27,NSE,HDFCBANK,part-041341_151209-003852.parquet,ctrade1-l2-data,raw_l2/trade_date=2026-07-27/exchange=NSE/symbol=HDFCBANK/part-REDACTED.parquet
2026-07-27,NSE,HDFCBANK,part-041355_147944-003884.parquet,ctrade1-l2-data,raw_l2/trade_date=2026-07-27/exchange=NSE/symbol=HDFCBANK/part-REDACTED.parquet
2026-07-27,NSE,HDFCBANK,part-041409_152438-003916.parquet,ctrade1-l2-data,raw_l2/trade_date=2026-07-27/exchange=NSE/symbol=HDFCBANK/part-REDACTED.parquet
2026-07-27,NSE,HDFCBANK,part-041423_112477-003948.parquet,ctrade1-l2-data,raw_l2/trade_date=2026-07-27/exchange=NSE/symbol=HDFCBANK/part-REDACTED.parquet
2026-07-27,NSE,HDFCBANK,part-041437_112633-003980.parquet,ctrade1-l2-data,raw_l2/trade_date=2026-07-27/exchange=NSE/symbol=HDFCBANK/part-REDACTED.parquet
2026-07-27,NSE,HDFCBANK,part-041451_108219-004012.parquet,ctrade1-l2-data,raw_l2/trade_date=2026-07-27/exchange=NSE/symbol=HDFCBANK/part-REDACTED.parquet
2026-07-27,NSE,HDFCBANK,part-041505_157091-004044.parquet,ctrade1-l2-data,raw_l2/trade_date=2026-07-27/exchange=NSE/symbol=HDFCBANK/part-REDACTED.parquet
2026-07-27,NSE,HDFCBANK,part-041519_119704-004076.parquet,ctrade1-l2-data,raw_l2/trade_date=2026-07-27/exchange=NSE/symbol=HDFCBANK/part-REDACTED.parquet
2026-07-27,NSE,HDFCBANK,part-041533_348594-004108.parquet,ctrade1-l2-data,raw_l2/trade_date=2026-07-27/exchange=NSE/symbol=HDFCBANK/part-REDACTED.parquet
2026-07-27,NSE,HDFCBANK,part-041547_897001-004140.parquet,ctrade1-l2-data,raw_l2/trade_date=2026-07-27/exchange=NSE/symbol=HDFCBANK/part-REDACTED.parquet
2026-07-27,NSE,HDFCBANK,part-041601_964553-004172.parquet,ctrade1-l2-data,raw_l2/trade_date=2026-07-27/exchange=NSE/symbol=HDFCBANK/part-REDACTED.parquet
2026-07-27,NSE,HDFCBANK,part-041616_105619-004204.parquet,ctrade1-l2-data,raw_l2/trade_date=2026-07-27/exchange=NSE/symbol=HDFCBANK/part-REDACTED.parquet
2026-07-27,NSE,HDFCBANK,part-041630_858645-004236.parquet,ctrade1-l2-data,raw_l2/trade_date=2026-07-27/exchange=NSE/symbol=HDFCBANK/part-REDACTED.parquet
2026-07-27,NSE,HDFCBANK,part-041646_834655-004268.parquet,ctrade1-l2-data,raw_l2/trade_date=2026-07-27/exchange=NSE/symbol=HDFCBANK/part-REDACTED.parquet
2026-07-27,NSE,HDFCBANK,part-041700_868343-004300.parquet,ctrade1-l2-data,raw_l2/trade_date=2026-07-27/exchange=NSE/symbol=HDFCBANK/part-REDACTED.parquet
2026-07-27,NSE,HDFCBANK,part-041714_917293-004332.parquet,ctrade1-l2-data,raw_l2/trade_date=2026-07-27/exchange=NSE/symbol=HDFCBANK/part-REDACTED.parquet
2026-07-27,NSE,HDFCBANK,part-041729_244161-004364.parquet,ctrade1-l2-data,raw_l2/trade_date=2026-07-27/exchange=NSE/symbol=HDFCBANK/part-REDACTED.parquet
2026-07-27,NSE,HDFCBANK,part-041743_666810-004396.parquet,ctrade1-l2-data,raw_l2/trade_date=2026-07-27/exchange=NSE/symbol=HDFCBANK/part-REDACTED.parquet
2026-07-27,NSE,HDFCBANK,part-041758_080121-004428.parquet,ctrade1-l2-data,raw_l2/trade_date=2026-07-27/exchange=NSE/symbol=HDFCBANK/part-REDACTED.parquet
2026-07-27,NSE,HDFCBANK,part-041812_411609-004460.parquet,ctrade1-l2-data,raw_l2/trade_date=2026-07-27/exchange=NSE/symbol=HDFCBANK/part-REDACTED.parquet
2026-07-27,NSE,HDFCBANK,part-041826_474631-004492.parquet,ctrade1-l2-data,raw_l2/trade_date=2026-07-27/exchange=NSE/symbol=HDFCBANK/part-REDACTED.parquet
2026-07-27,NSE,HDFCBANK,part-041840_546282-004524.parquet,ctrade1-l2-data,raw_l2/trade_date=2026-07-27/exchange=NSE/symbol=HDFCBANK/part-REDACTED.parquet
2026-07-27,NSE,HDFCBANK,part-041854_602827-004556.parquet,ctrade1-l2-data,raw_l2/trade_date=2026-07-27/exchange=NSE/symbol=HDFCBANK/part-REDACTED.parquet
2026-07-27,NSE,HDFCBANK,part-041908_615258-004588.parquet,ctrade1-l2-data,raw_l2/trade_date=2026-07-27/exchange=NSE/symbol=HDFCBANK/part-REDACTED.parquet
2026-07-27,NSE,HDFCBANK,part-041922_634718-004620.parquet,ctrade1-l2-data,raw_l2/trade_date=2026-07-27/exchange=NSE/symbol=HDFCBANK/part-REDACTED.parquet
2026-07-27,NSE,HDFCBANK,part-041936_591840-004652.parquet,ctrade1-l2-data,raw_l2/trade_date=2026-07-27/exchange=NSE/symbol=HDFCBANK/part-REDACTED.parquet
2026-07-27,NSE,HDFCBANK,part-041950_610684-004684.parquet,ctrade1-l2-data,raw_l2/trade_date=2026-07-27/exchange=NSE/symbol=HDFCBANK/part-REDACTED.parquet
2026-07-27,NSE,HDFCBANK,part-042004_863516-004716.parquet,ctrade1-l2-data,raw_l2/trade_date=2026-07-27/exchange=NSE/symbol=HDFCBANK/part-REDACTED.parquet
2026-07-27,NSE,HDFCBANK,part-042018_875504-004748.parquet,ctrade1-l2-data,raw_l2/trade_date=2026-07-27/exchange=NSE/symbol=HDFCBANK/part-REDACTED.parquet
2026-07-27,NSE,HDFCBANK,part-042033_130844-004780.parquet,ctrade1-l2-data,raw_l2/trade_date=2026-07-27/exchange=NSE/symbol=HDFCBANK/part-REDACTED.parquet
2026-07-27,NSE,HDFCBANK,part-042047_113375-004812.parquet,ctrade1-l2-data,raw_l2/trade_date=2026-07-27/exchange=NSE/symbol=HDFCBANK/part-REDACTED.parquet
2026-07-27,NSE,HDFCBANK,part-042101_116414-004844.parquet,ctrade1-l2-data,raw_l2/trade_date=2026-07-27/exchange=NSE/symbol=HDFCBANK/part-REDACTED.parquet
2026-07-27,NSE,HDFCBANK,part-042115_390623-004876.parquet,ctrade1-l2-data,raw_l2/trade_date=2026-07-27/exchange=NSE/symbol=HDFCBANK/part-REDACTED.parquet
2026-07-27,NSE,HDFCBANK,part-042129_681575-004908.parquet,ctrade1-l2-data,raw_l2/trade_date=2026-07-27/exchange=NSE/symbol=HDFCBANK/part-REDACTED.parquet
2026-07-27,NSE,HDFCBANK,part-042143_892771-004940.parquet,ctrade1-l2-data,raw_l2/trade_date=2026-07-27/exchange=NSE/symbol=HDFCBANK/part-REDACTED.parquet
2026-07-27,NSE,HDFCBANK,part-042158_216268-004972.parquet,ctrade1-l2-data,raw_l2/trade_date=2026-07-27/exchange=NSE/symbol=HDFCBANK/part-REDACTED.parquet
2026-07-27,NSE,HDFCBANK,part-042212_900624-005004.parquet,ctrade1-l2-data,raw_l2/trade_date=2026-07-27/exchange=NSE/symbol=HDFCBANK/part-REDACTED.parquet
2026-07-27,NSE,HDFCBANK,part-042227_146250-005036.parquet,ctrade1-l2-data,raw_l2/trade_date=2026-07-27/exchange=NSE/symbol=HDFCBANK/part-REDACTED.parquet
2026-07-27,NSE,HDFCBANK,part-042241_470427-005068.parquet,ctrade1-l2-data,raw_l2/trade_date=2026-07-27/exchange=NSE/symbol=HDFCBANK/part-REDACTED.parquet
2026-07-27,NSE,HDFCBANK,part-042255_889901-005100.parquet,ctrade1-l2-data,raw_l2/trade_date=2026-07-27/exchange=NSE/symbol=HDFCBANK/part-REDACTED.parquet
2026-07-27,NSE,HDFCBANK,part-042310_212259-005132.parquet,ctrade1-l2-data,raw_l2/trade_date=2026-07-27/exchange=NSE/symbol=HDFCBANK/part-REDACTED.parquet
2026-07-27,NSE,HDFCBANK,part-042324_453976-005164.parquet,ctrade1-l2-data,raw_l2/trade_date=2026-07-27/exchange=NSE/symbol=HDFCBANK/part-REDACTED.parquet
2026-07-27,NSE,HDFCBANK,part-042338_936356-005196.parquet,ctrade1-l2-data,raw_l2/trade_date=2026-07-27/exchange=NSE/symbol=HDFCBANK/part-REDACTED.parquet
2026-07-27,NSE,HDFCBANK,part-042353_214327-005228.parquet,ctrade1-l2-data,raw_l2/trade_date=2026-07-27/exchange=NSE/symbol=HDFCBANK/part-REDACTED.parquet
2026-07-27,NSE,HDFCBANK,part-042407_735821-005260.parquet,ctrade1-l2-data,raw_l2/trade_date=2026-07-27/exchange=NSE/symbol=HDFCBANK/part-REDACTED.parquet
2026-07-27,NSE,HDFCBANK,part-042422_256939-005292.parquet,ctrade1-l2-data,raw_l2/trade_date=2026-07-27/exchange=NSE/symbol=HDFCBANK/part-REDACTED.parquet
2026-07-27,NSE,HDFCBANK,part-042436_581092-005324.parquet,ctrade1-l2-data,raw_l2/trade_date=2026-07-27/exchange=NSE/symbol=HDFCBANK/part-REDACTED.parquet
2026-07-27,NSE,HDFCBANK,part-042450_957397-005356.parquet,ctrade1-l2-data,raw_l2/trade_date=2026-07-27/exchange=NSE/symbol=HDFCBANK/part-REDACTED.parquet
2026-07-27,NSE,HDFCBANK,part-042505_172512-005388.parquet,ctrade1-l2-data,raw_l2/trade_date=2026-07-27/exchange=NSE/symbol=HDFCBANK/part-REDACTED.parquet
2026-07-27,NSE,HDFCBANK,part-042519_451769-005420.parquet,ctrade1-l2-data,raw_l2/trade_date=2026-07-27/exchange=NSE/symbol=HDFCBANK/part-REDACTED.parquet
2026-07-27,NSE,HDFCBANK,part-042533_740833-005452.parquet,ctrade1-l2-data,raw_l2/trade_date=2026-07-27/exchange=NSE/symbol=HDFCBANK/part-REDACTED.parquet
2026-07-27,NSE,HDFCBANK,part-042548_192735-005484.parquet,ctrade1-l2-data,raw_l2/trade_date=2026-07-27/exchange=NSE/symbol=HDFCBANK/part-REDACTED.parquet
2026-07-27,NSE,HDFCBANK,part-042602_737457-005516.parquet,ctrade1-l2-data,raw_l2/trade_date=2026-07-27/exchange=NSE/symbol=HDFCBANK/part-REDACTED.parquet
2026-07-27,NSE,HDFCBANK,part-042617_464130-005548.parquet,ctrade1-l2-data,raw_l2/trade_date=2026-07-27/exchange=NSE/symbol=HDFCBANK/part-REDACTED.parquet
2026-07-27,NSE,HDFCBANK,part-042631_768634-005580.parquet,ctrade1-l2-data,raw_l2/trade_date=2026-07-27/exchange=NSE/symbol=HDFCBANK/part-REDACTED.parquet
2026-07-27,NSE,HDFCBANK,part-042646_053312-005612.parquet,ctrade1-l2-data,raw_l2/trade_date=2026-07-27/exchange=NSE/symbol=HDFCBANK/part-REDACTED.parquet
2026-07-27,NSE,HDFCBANK,part-042700_744852-005644.parquet,ctrade1-l2-data,raw_l2/trade_date=2026-07-27/exchange=NSE/symbol=HDFCBANK/part-REDACTED.parquet
2026-07-27,NSE,HINDUNILVR,part-034502_715518-000013.parquet,ctrade1-l2-data,raw_l2/trade_date=2026-07-27/exchange=NSE/symbol=HINDUNILVR/part-REDACTED.parquet
2026-07-27,NSE,HINDUNILVR,part-034517_301114-000045.parquet,ctrade1-l2-data,raw_l2/trade_date=2026-07-27/exchange=NSE/symbol=HINDUNILVR/part-REDACTED.parquet
2026-07-27,NSE,HINDUNILVR,part-034531_800810-000077.parquet,ctrade1-l2-data,raw_l2/trade_date=2026-07-27/exchange=NSE/symbol=HINDUNILVR/part-REDACTED.parquet
2026-07-27,NSE,HINDUNILVR,part-034545_967911-000109.parquet,ctrade1-l2-data,raw_l2/trade_date=2026-07-27/exchange=NSE/symbol=HINDUNILVR/part-REDACTED.parquet
2026-07-27,NSE,HINDUNILVR,part-034600_115984-000141.parquet,ctrade1-l2-data,raw_l2/trade_date=2026-07-27/exchange=NSE/symbol=HINDUNILVR/part-REDACTED.parquet
2026-07-27,NSE,HINDUNILVR,part-034614_381794-000173.parquet,ctrade1-l2-data,raw_l2/trade_date=2026-07-27/exchange=NSE/symbol=HINDUNILVR/part-REDACTED.parquet
2026-07-27,NSE,HINDUNILVR,part-034628_770701-000205.parquet,ctrade1-l2-data,raw_l2/trade_date=2026-07-27/exchange=NSE/symbol=HINDUNILVR/part-REDACTED.parquet
2026-07-27,NSE,HINDUNILVR,part-034643_219849-000237.parquet,ctrade1-l2-data,raw_l2/trade_date=2026-07-27/exchange=NSE/symbol=HINDUNILVR/part-REDACTED.parquet
2026-07-27,NSE,HINDUNILVR,part-034657_468273-000269.parquet,ctrade1-l2-data,raw_l2/trade_date=2026-07-27/exchange=NSE/symbol=HINDUNILVR/part-REDACTED.parquet
2026-07-27,NSE,HINDUNILVR,part-034711_533887-000301.parquet,ctrade1-l2-data,raw_l2/trade_date=2026-07-27/exchange=NSE/symbol=HINDUNILVR/part-REDACTED.parquet
2026-07-27,NSE,HINDUNILVR,part-034725_462826-000333.parquet,ctrade1-l2-data,raw_l2/trade_date=2026-07-27/exchange=NSE/symbol=HINDUNILVR/part-REDACTED.parquet
2026-07-27,NSE,HINDUNILVR,part-034739_735842-000365.parquet,ctrade1-l2-data,raw_l2/trade_date=2026-07-27/exchange=NSE/symbol=HINDUNILVR/part-REDACTED.parquet
2026-07-27,NSE,HINDUNILVR,part-034753_809185-000397.parquet,ctrade1-l2-data,raw_l2/trade_date=2026-07-27/exchange=NSE/symbol=HINDUNILVR/part-REDACTED.parquet
2026-07-27,NSE,HINDUNILVR,part-034808_059458-000429.parquet,ctrade1-l2-data,raw_l2/trade_date=2026-07-27/exchange=NSE/symbol=HINDUNILVR/part-REDACTED.parquet
2026-07-27,NSE,HINDUNILVR,part-034822_581555-000461.parquet,ctrade1-l2-data,raw_l2/trade_date=2026-07-27/exchange=NSE/symbol=HINDUNILVR/part-REDACTED.parquet
2026-07-27,NSE,HINDUNILVR,part-034837_087313-000493.parquet,ctrade1-l2-data,raw_l2/trade_date=2026-07-27/exchange=NSE/symbol=HINDUNILVR/part-REDACTED.parquet
2026-07-27,NSE,HINDUNILVR,part-034851_385670-000525.parquet,ctrade1-l2-data,raw_l2/trade_date=2026-07-27/exchange=NSE/symbol=HINDUNILVR/part-REDACTED.parquet
2026-07-27,NSE,HINDUNILVR,part-034905_786193-000557.parquet,ctrade1-l2-data,raw_l2/trade_date=2026-07-27/exchange=NSE/symbol=HINDUNILVR/part-REDACTED.parquet
2026-07-27,NSE,HINDUNILVR,part-034920_262646-000589.parquet,ctrade1-l2-data,raw_l2/trade_date=2026-07-27/exchange=NSE/symbol=HINDUNILVR/part-REDACTED.parquet
2026-07-27,NSE,HINDUNILVR,part-034934_646500-000621.parquet,ctrade1-l2-data,raw_l2/trade_date=2026-07-27/exchange=NSE/symbol=HINDUNILVR/part-REDACTED.parquet
2026-07-27,NSE,HINDUNILVR,part-034949_299686-000653.parquet,ctrade1-l2-data,raw_l2/trade_date=2026-07-27/exchange=NSE/symbol=HINDUNILVR/part-REDACTED.parquet
2026-07-27,NSE,HINDUNILVR,part-035003_886788-000685.parquet,ctrade1-l2-data,raw_l2/trade_date=2026-07-27/exchange=NSE/symbol=HINDUNILVR/part-REDACTED.parquet
2026-07-27,NSE,HINDUNILVR,part-035018_023045-000717.parquet,ctrade1-l2-data,raw_l2/trade_date=2026-07-27/exchange=NSE/symbol=HINDUNILVR/part-REDACTED.parquet
2026-07-27,NSE,HINDUNILVR,part-035032_065912-000749.parquet,ctrade1-l2-data,raw_l2/trade_date=2026-07-27/exchange=NSE/symbol=HINDUNILVR/part-REDACTED.parquet
2026-07-27,NSE,HINDUNILVR,part-035046_314212-000781.parquet,ctrade1-l2-data,raw_l2/trade_date=2026-07-27/exchange=NSE/symbol=HINDUNILVR/part-REDACTED.parquet
2026-07-27,NSE,HINDUNILVR,part-035100_472933-000813.parquet,ctrade1-l2-data,raw_l2/trade_date=2026-07-27/exchange=NSE/symbol=HINDUNILVR/part-REDACTED.parquet
2026-07-27,NSE,HINDUNILVR,part-035114_850001-000845.parquet,ctrade1-l2-data,raw_l2/trade_date=2026-07-27/exchange=NSE/symbol=HINDUNILVR/part-REDACTED.parquet
2026-07-27,NSE,HINDUNILVR,part-035129_243047-000877.parquet,ctrade1-l2-data,raw_l2/trade_date=2026-07-27/exchange=NSE/symbol=HINDUNILVR/part-REDACTED.parquet
2026-07-27,NSE,HINDUNILVR,part-035143_454752-000909.parquet,ctrade1-l2-data,raw_l2/trade_date=2026-07-27/exchange=NSE/symbol=HINDUNILVR/part-REDACTED.parquet
2026-07-27,NSE,HINDUNILVR,part-035157_553919-000941.parquet,ctrade1-l2-data,raw_l2/trade_date=2026-07-27/exchange=NSE/symbol=HINDUNILVR/part-REDACTED.parquet
2026-07-27,NSE,HINDUNILVR,part-035211_842407-000973.parquet,ctrade1-l2-data,raw_l2/trade_date=2026-07-27/exchange=NSE/symbol=HINDUNILVR/part-REDACTED.parquet
2026-07-27,NSE,HINDUNILVR,part-035226_075878-001005.parquet,ctrade1-l2-data,raw_l2/trade_date=2026-07-27/exchange=NSE/symbol=HINDUNILVR/part-REDACTED.parquet
2026-07-27,NSE,HINDUNILVR,part-035240_265222-001037.parquet,ctrade1-l2-data,raw_l2/trade_date=2026-07-27/exchange=NSE/symbol=HINDUNILVR/part-REDACTED.parquet
2026-07-27,NSE,HINDUNILVR,part-035254_603101-001069.parquet,ctrade1-l2-data,raw_l2/trade_date=2026-07-27/exchange=NSE/symbol=HINDUNILVR/part-REDACTED.parquet
2026-07-27,NSE,HINDUNILVR,part-035308_890112-001101.parquet,ctrade1-l2-data,raw_l2/trade_date=2026-07-27/exchange=NSE/symbol=HINDUNILVR/part-REDACTED.parquet
2026-07-27,NSE,HINDUNILVR,part-035323_163236-001133.parquet,ctrade1-l2-data,raw_l2/trade_date=2026-07-27/exchange=NSE/symbol=HINDUNILVR/part-REDACTED.parquet
2026-07-27,NSE,HINDUNILVR,part-035337_638205-001165.parquet,ctrade1-l2-data,raw_l2/trade_date=2026-07-27/exchange=NSE/symbol=HINDUNILVR/part-REDACTED.parquet
2026-07-27,NSE,HINDUNILVR,part-035352_066599-001197.parquet,ctrade1-l2-data,raw_l2/trade_date=2026-07-27/exchange=NSE/symbol=HINDUNILVR/part-REDACTED.parquet
2026-07-27,NSE,HINDUNILVR,part-035406_357642-001229.parquet,ctrade1-l2-data,raw_l2/trade_date=2026-07-27/exchange=NSE/symbol=HINDUNILVR/part-REDACTED.parquet
2026-07-27,NSE,HINDUNILVR,part-035420_527153-001261.parquet,ctrade1-l2-data,raw_l2/trade_date=2026-07-27/exchange=NSE/symbol=HINDUNILVR/part-REDACTED.parquet
2026-07-27,NSE,HINDUNILVR,part-035434_552192-001293.parquet,ctrade1-l2-data,raw_l2/trade_date=2026-07-27/exchange=NSE/symbol=HINDUNILVR/part-REDACTED.parquet
2026-07-27,NSE,HINDUNILVR,part-035449_533717-001325.parquet,ctrade1-l2-data,raw_l2/trade_date=2026-07-27/exchange=NSE/symbol=HINDUNILVR/part-REDACTED.parquet
2026-07-27,NSE,HINDUNILVR,part-035504_027145-001357.parquet,ctrade1-l2-data,raw_l2/trade_date=2026-07-27/exchange=NSE/symbol=HINDUNILVR/part-REDACTED.parquet
2026-07-27,NSE,HINDUNILVR,part-035518_613965-001389.parquet,ctrade1-l2-data,raw_l2/trade_date=2026-07-27/exchange=NSE/symbol=HINDUNILVR/part-REDACTED.parquet
2026-07-27,NSE,HINDUNILVR,part-035532_794664-001421.parquet,ctrade1-l2-data,raw_l2/trade_date=2026-07-27/exchange=NSE/symbol=HINDUNILVR/part-REDACTED.parquet
2026-07-27,NSE,HINDUNILVR,part-035547_246015-001453.parquet,ctrade1-l2-data,raw_l2/trade_date=2026-07-27/exchange=NSE/symbol=HINDUNILVR/part-REDACTED.parquet
2026-07-27,NSE,HINDUNILVR,part-035601_369544-001485.parquet,ctrade1-l2-data,raw_l2/trade_date=2026-07-27/exchange=NSE/symbol=HINDUNILVR/part-REDACTED.parquet
2026-07-27,NSE,HINDUNILVR,part-035616_273732-001517.parquet,ctrade1-l2-data,raw_l2/trade_date=2026-07-27/exchange=NSE/symbol=HINDUNILVR/part-REDACTED.parquet
2026-07-27,NSE,HINDUNILVR,part-035630_766065-001549.parquet,ctrade1-l2-data,raw_l2/trade_date=2026-07-27/exchange=NSE/symbol=HINDUNILVR/part-REDACTED.parquet
2026-07-27,NSE,HINDUNILVR,part-035645_020641-001581.parquet,ctrade1-l2-data,raw_l2/trade_date=2026-07-27/exchange=NSE/symbol=HINDUNILVR/part-REDACTED.parquet
2026-07-27,NSE,HINDUNILVR,part-035659_282373-001613.parquet,ctrade1-l2-data,raw_l2/trade_date=2026-07-27/exchange=NSE/symbol=HINDUNILVR/part-REDACTED.parquet
2026-07-27,NSE,HINDUNILVR,part-035713_557737-001645.parquet,ctrade1-l2-data,raw_l2/trade_date=2026-07-27/exchange=NSE/symbol=HINDUNILVR/part-REDACTED.parquet
2026-07-27,NSE,HINDUNILVR,part-035728_024820-001677.parquet,ctrade1-l2-data,raw_l2/trade_date=2026-07-27/exchange=NSE/symbol=HINDUNILVR/part-REDACTED.parquet
2026-07-27,NSE,HINDUNILVR,part-035742_295670-001709.parquet,ctrade1-l2-data,raw_l2/trade_date=2026-07-27/exchange=NSE/symbol=HINDUNILVR/part-REDACTED.parquet
2026-07-27,NSE,HINDUNILVR,part-035756_557932-001741.parquet,ctrade1-l2-data,raw_l2/trade_date=2026-07-27/exchange=NSE/symbol=HINDUNILVR/part-REDACTED.parquet
2026-07-27,NSE,HINDUNILVR,part-035810_872228-001773.parquet,ctrade1-l2-data,raw_l2/trade_date=2026-07-27/exchange=NSE/symbol=HINDUNILVR/part-REDACTED.parquet
2026-07-27,NSE,HINDUNILVR,part-035825_327247-001805.parquet,ctrade1-l2-data,raw_l2/trade_date=2026-07-27/exchange=NSE/symbol=HINDUNILVR/part-REDACTED.parquet
2026-07-27,NSE,HINDUNILVR,part-035839_682663-001837.parquet,ctrade1-l2-data,raw_l2/trade_date=2026-07-27/exchange=NSE/symbol=HINDUNILVR/part-REDACTED.parquet
2026-07-27,NSE,HINDUNILVR,part-035854_061747-001869.parquet,ctrade1-l2-data,raw_l2/trade_date=2026-07-27/exchange=NSE/symbol=HINDUNILVR/part-REDACTED.parquet
2026-07-27,NSE,HINDUNILVR,part-035908_346480-001901.parquet,ctrade1-l2-data,raw_l2/trade_date=2026-07-27/exchange=NSE/symbol=HINDUNILVR/part-REDACTED.parquet
2026-07-27,NSE,HINDUNILVR,part-035922_879584-001933.parquet,ctrade1-l2-data,raw_l2/trade_date=2026-07-27/exchange=NSE/symbol=HINDUNILVR/part-REDACTED.parquet
2026-07-27,NSE,HINDUNILVR,part-035937_282462-001965.parquet,ctrade1-l2-data,raw_l2/trade_date=2026-07-27/exchange=NSE/symbol=HINDUNILVR/part-REDACTED.parquet
2026-07-27,NSE,HINDUNILVR,part-035951_481299-001997.parquet,ctrade1-l2-data,raw_l2/trade_date=2026-07-27/exchange=NSE/symbol=HINDUNILVR/part-REDACTED.parquet
2026-07-27,NSE,HINDUNILVR,part-040006_129417-002029.parquet,ctrade1-l2-data,raw_l2/trade_date=2026-07-27/exchange=NSE/symbol=HINDUNILVR/part-REDACTED.parquet
2026-07-27,NSE,HINDUNILVR,part-040020_551316-002061.parquet,ctrade1-l2-data,raw_l2/trade_date=2026-07-27/exchange=NSE/symbol=HINDUNILVR/part-REDACTED.parquet
2026-07-27,NSE,HINDUNILVR,part-040034_844311-002093.parquet,ctrade1-l2-data,raw_l2/trade_date=2026-07-27/exchange=NSE/symbol=HINDUNILVR/part-REDACTED.parquet
2026-07-27,NSE,HINDUNILVR,part-040049_114502-002125.parquet,ctrade1-l2-data,raw_l2/trade_date=2026-07-27/exchange=NSE/symbol=HINDUNILVR/part-REDACTED.parquet
2026-07-27,NSE,HINDUNILVR,part-040103_671417-002157.parquet,ctrade1-l2-data,raw_l2/trade_date=2026-07-27/exchange=NSE/symbol=HINDUNILVR/part-REDACTED.parquet
2026-07-27,NSE,HINDUNILVR,part-040118_099650-002189.parquet,ctrade1-l2-data,raw_l2/trade_date=2026-07-27/exchange=NSE/symbol=HINDUNILVR/part-REDACTED.parquet
2026-07-27,NSE,HINDUNILVR,part-040132_384009-002221.parquet,ctrade1-l2-data,raw_l2/trade_date=2026-07-27/exchange=NSE/symbol=HINDUNILVR/part-REDACTED.parquet
2026-07-27,NSE,HINDUNILVR,part-040147_026950-002253.parquet,ctrade1-l2-data,raw_l2/trade_date=2026-07-27/exchange=NSE/symbol=HINDUNILVR/part-REDACTED.parquet
2026-07-27,NSE,HINDUNILVR,part-040201_397830-002285.parquet,ctrade1-l2-data,raw_l2/trade_date=2026-07-27/exchange=NSE/symbol=HINDUNILVR/part-REDACTED.parquet
2026-07-27,NSE,HINDUNILVR,part-040215_852347-002317.parquet,ctrade1-l2-data,raw_l2/trade_date=2026-07-27/exchange=NSE/symbol=HINDUNILVR/part-REDACTED.parquet
2026-07-27,NSE,HINDUNILVR,part-040230_558629-002349.parquet,ctrade1-l2-data,raw_l2/trade_date=2026-07-27/exchange=NSE/symbol=HINDUNILVR/part-REDACTED.parquet
2026-07-27,NSE,HINDUNILVR,part-040245_105625-002381.parquet,ctrade1-l2-data,raw_l2/trade_date=2026-07-27/exchange=NSE/symbol=HINDUNILVR/part-REDACTED.parquet
2026-07-27,NSE,HINDUNILVR,part-040259_807838-002413.parquet,ctrade1-l2-data,raw_l2/trade_date=2026-07-27/exchange=NSE/symbol=HINDUNILVR/part-REDACTED.parquet
2026-07-27,NSE,HINDUNILVR,part-040314_309205-002445.parquet,ctrade1-l2-data,raw_l2/trade_date=2026-07-27/exchange=NSE/symbol=HINDUNILVR/part-REDACTED.parquet
2026-07-27,NSE,HINDUNILVR,part-040328_531183-002477.parquet,ctrade1-l2-data,raw_l2/trade_date=2026-07-27/exchange=NSE/symbol=HINDUNILVR/part-REDACTED.parquet
2026-07-27,NSE,HINDUNILVR,part-040343_063617-002509.parquet,ctrade1-l2-data,raw_l2/trade_date=2026-07-27/exchange=NSE/symbol=HINDUNILVR/part-REDACTED.parquet
2026-07-27,NSE,HINDUNILVR,part-040357_604440-002541.parquet,ctrade1-l2-data,raw_l2/trade_date=2026-07-27/exchange=NSE/symbol=HINDUNILVR/part-REDACTED.parquet
2026-07-27,NSE,HINDUNILVR,part-040412_206650-002573.parquet,ctrade1-l2-data,raw_l2/trade_date=2026-07-27/exchange=NSE/symbol=HINDUNILVR/part-REDACTED.parquet
2026-07-27,NSE,HINDUNILVR,part-040426_604794-002605.parquet,ctrade1-l2-data,raw_l2/trade_date=2026-07-27/exchange=NSE/symbol=HINDUNILVR/part-REDACTED.parquet
2026-07-27,NSE,HINDUNILVR,part-040440_828866-002637.parquet,ctrade1-l2-data,raw_l2/trade_date=2026-07-27/exchange=NSE/symbol=HINDUNILVR/part-REDACTED.parquet
2026-07-27,NSE,HINDUNILVR,part-040455_264864-002669.parquet,ctrade1-l2-data,raw_l2/trade_date=2026-07-27/exchange=NSE/symbol=HINDUNILVR/part-REDACTED.parquet
2026-07-27,NSE,HINDUNILVR,part-040509_531622-002701.parquet,ctrade1-l2-data,raw_l2/trade_date=2026-07-27/exchange=NSE/symbol=HINDUNILVR/part-REDACTED.parquet
2026-07-27,NSE,HINDUNILVR,part-040523_952748-002733.parquet,ctrade1-l2-data,raw_l2/trade_date=2026-07-27/exchange=NSE/symbol=HINDUNILVR/part-REDACTED.parquet
2026-07-27,NSE,HINDUNILVR,part-040537_949396-002765.parquet,ctrade1-l2-data,raw_l2/trade_date=2026-07-27/exchange=NSE/symbol=HINDUNILVR/part-REDACTED.parquet
2026-07-27,NSE,HINDUNILVR,part-040552_204062-002797.parquet,ctrade1-l2-data,raw_l2/trade_date=2026-07-27/exchange=NSE/symbol=HINDUNILVR/part-REDACTED.parquet
2026-07-27,NSE,HINDUNILVR,part-040606_185892-002829.parquet,ctrade1-l2-data,raw_l2/trade_date=2026-07-27/exchange=NSE/symbol=HINDUNILVR/part-REDACTED.parquet
2026-07-27,NSE,HINDUNILVR,part-040620_234644-002861.parquet,ctrade1-l2-data,raw_l2/trade_date=2026-07-27/exchange=NSE/symbol=HINDUNILVR/part-REDACTED.parquet
2026-07-27,NSE,HINDUNILVR,part-040634_287439-002893.parquet,ctrade1-l2-data,raw_l2/trade_date=2026-07-27/exchange=NSE/symbol=HINDUNILVR/part-REDACTED.parquet
2026-07-27,NSE,HINDUNILVR,part-040648_196083-002925.parquet,ctrade1-l2-data,raw_l2/trade_date=2026-07-27/exchange=NSE/symbol=HINDUNILVR/part-REDACTED.parquet
2026-07-27,NSE,HINDUNILVR,part-040702_231193-002957.parquet,ctrade1-l2-data,raw_l2/trade_date=2026-07-27/exchange=NSE/symbol=HINDUNILVR/part-REDACTED.parquet
2026-07-27,NSE,HINDUNILVR,part-040716_582960-002989.parquet,ctrade1-l2-data,raw_l2/trade_date=2026-07-27/exchange=NSE/symbol=HINDUNILVR/part-REDACTED.parquet
2026-07-27,NSE,HINDUNILVR,part-040730_798172-003021.parquet,ctrade1-l2-data,raw_l2/trade_date=2026-07-27/exchange=NSE/symbol=HINDUNILVR/part-REDACTED.parquet
2026-07-27,NSE,HINDUNILVR,part-040744_953697-003053.parquet,ctrade1-l2-data,raw_l2/trade_date=2026-07-27/exchange=NSE/symbol=HINDUNILVR/part-REDACTED.parquet
2026-07-27,NSE,HINDUNILVR,part-040759_533754-003085.parquet,ctrade1-l2-data,raw_l2/trade_date=2026-07-27/exchange=NSE/symbol=HINDUNILVR/part-REDACTED.parquet
2026-07-27,NSE,HINDUNILVR,part-040813_753270-003117.parquet,ctrade1-l2-data,raw_l2/trade_date=2026-07-27/exchange=NSE/symbol=HINDUNILVR/part-REDACTED.parquet
2026-07-27,NSE,HINDUNILVR,part-040828_103168-003149.parquet,ctrade1-l2-data,raw_l2/trade_date=2026-07-27/exchange=NSE/symbol=HINDUNILVR/part-REDACTED.parquet
2026-07-27,NSE,HINDUNILVR,part-040842_207636-003181.parquet,ctrade1-l2-data,raw_l2/trade_date=2026-07-27/exchange=NSE/symbol=HINDUNILVR/part-REDACTED.parquet
2026-07-27,NSE,HINDUNILVR,part-040856_603963-003213.parquet,ctrade1-l2-data,raw_l2/trade_date=2026-07-27/exchange=NSE/symbol=HINDUNILVR/part-REDACTED.parquet
2026-07-27,NSE,HINDUNILVR,part-040910_743659-003245.parquet,ctrade1-l2-data,raw_l2/trade_date=2026-07-27/exchange=NSE/symbol=HINDUNILVR/part-REDACTED.parquet
2026-07-27,NSE,HINDUNILVR,part-040924_723696-003277.parquet,ctrade1-l2-data,raw_l2/trade_date=2026-07-27/exchange=NSE/symbol=HINDUNILVR/part-REDACTED.parquet
2026-07-27,NSE,HINDUNILVR,part-040939_123807-003309.parquet,ctrade1-l2-data,raw_l2/trade_date=2026-07-27/exchange=NSE/symbol=HINDUNILVR/part-REDACTED.parquet
2026-07-27,NSE,HINDUNILVR,part-040953_282609-003341.parquet,ctrade1-l2-data,raw_l2/trade_date=2026-07-27/exchange=NSE/symbol=HINDUNILVR/part-REDACTED.parquet
2026-07-27,NSE,HINDUNILVR,part-041007_552488-003373.parquet,ctrade1-l2-data,raw_l2/trade_date=2026-07-27/exchange=NSE/symbol=HINDUNILVR/part-REDACTED.parquet
2026-07-27,NSE,HINDUNILVR,part-041021_810393-003405.parquet,ctrade1-l2-data,raw_l2/trade_date=2026-07-27/exchange=NSE/symbol=HINDUNILVR/part-REDACTED.parquet
2026-07-27,NSE,HINDUNILVR,part-041036_233326-003437.parquet,ctrade1-l2-data,raw_l2/trade_date=2026-07-27/exchange=NSE/symbol=HINDUNILVR/part-REDACTED.parquet
2026-07-27,NSE,HINDUNILVR,part-041050_464890-003469.parquet,ctrade1-l2-data,raw_l2/trade_date=2026-07-27/exchange=NSE/symbol=HINDUNILVR/part-REDACTED.parquet
2026-07-27,NSE,HINDUNILVR,part-041104_579370-003501.parquet,ctrade1-l2-data,raw_l2/trade_date=2026-07-27/exchange=NSE/symbol=HINDUNILVR/part-REDACTED.parquet
2026-07-27,NSE,HINDUNILVR,part-041119_078660-003533.parquet,ctrade1-l2-data,raw_l2/trade_date=2026-07-27/exchange=NSE/symbol=HINDUNILVR/part-REDACTED.parquet
2026-07-27,NSE,HINDUNILVR,part-041133_169723-003565.parquet,ctrade1-l2-data,raw_l2/trade_date=2026-07-27/exchange=NSE/symbol=HINDUNILVR/part-REDACTED.parquet
2026-07-27,NSE,HINDUNILVR,part-041147_331100-003597.parquet,ctrade1-l2-data,raw_l2/trade_date=2026-07-27/exchange=NSE/symbol=HINDUNILVR/part-REDACTED.parquet
2026-07-27,NSE,HINDUNILVR,part-041201_425949-003629.parquet,ctrade1-l2-data,raw_l2/trade_date=2026-07-27/exchange=NSE/symbol=HINDUNILVR/part-REDACTED.parquet
2026-07-27,NSE,HINDUNILVR,part-041215_448283-003661.parquet,ctrade1-l2-data,raw_l2/trade_date=2026-07-27/exchange=NSE/symbol=HINDUNILVR/part-REDACTED.parquet
2026-07-27,NSE,HINDUNILVR,part-041229_789549-003693.parquet,ctrade1-l2-data,raw_l2/trade_date=2026-07-27/exchange=NSE/symbol=HINDUNILVR/part-REDACTED.parquet
2026-07-27,NSE,HINDUNILVR,part-041244_682947-003725.parquet,ctrade1-l2-data,raw_l2/trade_date=2026-07-27/exchange=NSE/symbol=HINDUNILVR/part-REDACTED.parquet
2026-07-27,NSE,HINDUNILVR,part-041258_690179-003757.parquet,ctrade1-l2-data,raw_l2/trade_date=2026-07-27/exchange=NSE/symbol=HINDUNILVR/part-REDACTED.parquet
2026-07-27,NSE,HINDUNILVR,part-041312_821641-003789.parquet,ctrade1-l2-data,raw_l2/trade_date=2026-07-27/exchange=NSE/symbol=HINDUNILVR/part-REDACTED.parquet
2026-07-27,NSE,HINDUNILVR,part-041327_247311-003821.parquet,ctrade1-l2-data,raw_l2/trade_date=2026-07-27/exchange=NSE/symbol=HINDUNILVR/part-REDACTED.parquet
2026-07-27,NSE,HINDUNILVR,part-041341_263154-003853.parquet,ctrade1-l2-data,raw_l2/trade_date=2026-07-27/exchange=NSE/symbol=HINDUNILVR/part-REDACTED.parquet
2026-07-27,NSE,HINDUNILVR,part-041355_266723-003885.parquet,ctrade1-l2-data,raw_l2/trade_date=2026-07-27/exchange=NSE/symbol=HINDUNILVR/part-REDACTED.parquet
2026-07-27,NSE,HINDUNILVR,part-041409_269836-003917.parquet,ctrade1-l2-data,raw_l2/trade_date=2026-07-27/exchange=NSE/symbol=HINDUNILVR/part-REDACTED.parquet
2026-07-27,NSE,HINDUNILVR,part-041423_249791-003949.parquet,ctrade1-l2-data,raw_l2/trade_date=2026-07-27/exchange=NSE/symbol=HINDUNILVR/part-REDACTED.parquet
2026-07-27,NSE,HINDUNILVR,part-041437_224329-003981.parquet,ctrade1-l2-data,raw_l2/trade_date=2026-07-27/exchange=NSE/symbol=HINDUNILVR/part-REDACTED.parquet
2026-07-27,NSE,HINDUNILVR,part-041451_236054-004013.parquet,ctrade1-l2-data,raw_l2/trade_date=2026-07-27/exchange=NSE/symbol=HINDUNILVR/part-REDACTED.parquet
2026-07-27,NSE,HINDUNILVR,part-041505_268701-004045.parquet,ctrade1-l2-data,raw_l2/trade_date=2026-07-27/exchange=NSE/symbol=HINDUNILVR/part-REDACTED.parquet
2026-07-27,NSE,HINDUNILVR,part-041519_232745-004077.parquet,ctrade1-l2-data,raw_l2/trade_date=2026-07-27/exchange=NSE/symbol=HINDUNILVR/part-REDACTED.parquet
2026-07-27,NSE,HINDUNILVR,part-041533_458561-004109.parquet,ctrade1-l2-data,raw_l2/trade_date=2026-07-27/exchange=NSE/symbol=HINDUNILVR/part-REDACTED.parquet
2026-07-27,NSE,HINDUNILVR,part-041548_045145-004141.parquet,ctrade1-l2-data,raw_l2/trade_date=2026-07-27/exchange=NSE/symbol=HINDUNILVR/part-REDACTED.parquet
2026-07-27,NSE,HINDUNILVR,part-041602_077593-004173.parquet,ctrade1-l2-data,raw_l2/trade_date=2026-07-27/exchange=NSE/symbol=HINDUNILVR/part-REDACTED.parquet
2026-07-27,NSE,HINDUNILVR,part-041616_230594-004205.parquet,ctrade1-l2-data,raw_l2/trade_date=2026-07-27/exchange=NSE/symbol=HINDUNILVR/part-REDACTED.parquet
2026-07-27,NSE,HINDUNILVR,part-041631_015109-004237.parquet,ctrade1-l2-data,raw_l2/trade_date=2026-07-27/exchange=NSE/symbol=HINDUNILVR/part-REDACTED.parquet
2026-07-27,NSE,HINDUNILVR,part-041646_946823-004269.parquet,ctrade1-l2-data,raw_l2/trade_date=2026-07-27/exchange=NSE/symbol=HINDUNILVR/part-REDACTED.parquet
2026-07-27,NSE,HINDUNILVR,part-041700_978893-004301.parquet,ctrade1-l2-data,raw_l2/trade_date=2026-07-27/exchange=NSE/symbol=HINDUNILVR/part-REDACTED.parquet
2026-07-27,NSE,HINDUNILVR,part-041715_027383-004333.parquet,ctrade1-l2-data,raw_l2/trade_date=2026-07-27/exchange=NSE/symbol=HINDUNILVR/part-REDACTED.parquet
2026-07-27,NSE,HINDUNILVR,part-041729_374280-004365.parquet,ctrade1-l2-data,raw_l2/trade_date=2026-07-27/exchange=NSE/symbol=HINDUNILVR/part-REDACTED.parquet
2026-07-27,NSE,HINDUNILVR,part-041743_795628-004397.parquet,ctrade1-l2-data,raw_l2/trade_date=2026-07-27/exchange=NSE/symbol=HINDUNILVR/part-REDACTED.parquet
2026-07-27,NSE,HINDUNILVR,part-041758_220274-004429.parquet,ctrade1-l2-data,raw_l2/trade_date=2026-07-27/exchange=NSE/symbol=HINDUNILVR/part-REDACTED.parquet
2026-07-27,NSE,HINDUNILVR,part-041812_523929-004461.parquet,ctrade1-l2-data,raw_l2/trade_date=2026-07-27/exchange=NSE/symbol=HINDUNILVR/part-REDACTED.parquet
2026-07-27,NSE,HINDUNILVR,part-041826_590388-004493.parquet,ctrade1-l2-data,raw_l2/trade_date=2026-07-27/exchange=NSE/symbol=HINDUNILVR/part-REDACTED.parquet
2026-07-27,NSE,HINDUNILVR,part-041840_662703-004525.parquet,ctrade1-l2-data,raw_l2/trade_date=2026-07-27/exchange=NSE/symbol=HINDUNILVR/part-REDACTED.parquet
2026-07-27,NSE,HINDUNILVR,part-041854_709878-004557.parquet,ctrade1-l2-data,raw_l2/trade_date=2026-07-27/exchange=NSE/symbol=HINDUNILVR/part-REDACTED.parquet
2026-07-27,NSE,HINDUNILVR,part-041908_728998-004589.parquet,ctrade1-l2-data,raw_l2/trade_date=2026-07-27/exchange=NSE/symbol=HINDUNILVR/part-REDACTED.parquet
2026-07-27,NSE,HINDUNILVR,part-041922_782276-004621.parquet,ctrade1-l2-data,raw_l2/trade_date=2026-07-27/exchange=NSE/symbol=HINDUNILVR/part-REDACTED.parquet
2026-07-27,NSE,HINDUNILVR,part-041936_716973-004653.parquet,ctrade1-l2-data,raw_l2/trade_date=2026-07-27/exchange=NSE/symbol=HINDUNILVR/part-REDACTED.parquet
2026-07-27,NSE,HINDUNILVR,part-041950_722685-004685.parquet,ctrade1-l2-data,raw_l2/trade_date=2026-07-27/exchange=NSE/symbol=HINDUNILVR/part-REDACTED.parquet
2026-07-27,NSE,HINDUNILVR,part-042004_973909-004717.parquet,ctrade1-l2-data,raw_l2/trade_date=2026-07-27/exchange=NSE/symbol=HINDUNILVR/part-REDACTED.parquet
2026-07-27,NSE,HINDUNILVR,part-042018_994182-004749.parquet,ctrade1-l2-data,raw_l2/trade_date=2026-07-27/exchange=NSE/symbol=HINDUNILVR/part-REDACTED.parquet
2026-07-27,NSE,HINDUNILVR,part-042033_248044-004781.parquet,ctrade1-l2-data,raw_l2/trade_date=2026-07-27/exchange=NSE/symbol=HINDUNILVR/part-REDACTED.parquet
2026-07-27,NSE,HINDUNILVR,part-042047_224289-004813.parquet,ctrade1-l2-data,raw_l2/trade_date=2026-07-27/exchange=NSE/symbol=HINDUNILVR/part-REDACTED.parquet
2026-07-27,NSE,HINDUNILVR,part-042101_235640-004845.parquet,ctrade1-l2-data,raw_l2/trade_date=2026-07-27/exchange=NSE/symbol=HINDUNILVR/part-REDACTED.parquet
2026-07-27,NSE,HINDUNILVR,part-042115_515411-004877.parquet,ctrade1-l2-data,raw_l2/trade_date=2026-07-27/exchange=NSE/symbol=HINDUNILVR/part-REDACTED.parquet
2026-07-27,NSE,HINDUNILVR,part-042129_802179-004909.parquet,ctrade1-l2-data,raw_l2/trade_date=2026-07-27/exchange=NSE/symbol=HINDUNILVR/part-REDACTED.parquet
2026-07-27,NSE,HINDUNILVR,part-042144_017380-004941.parquet,ctrade1-l2-data,raw_l2/trade_date=2026-07-27/exchange=NSE/symbol=HINDUNILVR/part-REDACTED.parquet
2026-07-27,NSE,HINDUNILVR,part-042158_345132-004973.parquet,ctrade1-l2-data,raw_l2/trade_date=2026-07-27/exchange=NSE/symbol=HINDUNILVR/part-REDACTED.parquet
2026-07-27,NSE,HINDUNILVR,part-042213_028396-005005.parquet,ctrade1-l2-data,raw_l2/trade_date=2026-07-27/exchange=NSE/symbol=HINDUNILVR/part-REDACTED.parquet
2026-07-27,NSE,HINDUNILVR,part-042227_284720-005037.parquet,ctrade1-l2-data,raw_l2/trade_date=2026-07-27/exchange=NSE/symbol=HINDUNILVR/part-REDACTED.parquet
2026-07-27,NSE,HINDUNILVR,part-042241_590537-005069.parquet,ctrade1-l2-data,raw_l2/trade_date=2026-07-27/exchange=NSE/symbol=HINDUNILVR/part-REDACTED.parquet
2026-07-27,NSE,HINDUNILVR,part-042256_023934-005101.parquet,ctrade1-l2-data,raw_l2/trade_date=2026-07-27/exchange=NSE/symbol=HINDUNILVR/part-REDACTED.parquet
2026-07-27,NSE,HINDUNILVR,part-042310_337601-005133.parquet,ctrade1-l2-data,raw_l2/trade_date=2026-07-27/exchange=NSE/symbol=HINDUNILVR/part-REDACTED.parquet
2026-07-27,NSE,HINDUNILVR,part-042324_591478-005165.parquet,ctrade1-l2-data,raw_l2/trade_date=2026-07-27/exchange=NSE/symbol=HINDUNILVR/part-REDACTED.parquet
2026-07-27,NSE,HINDUNILVR,part-042339_069343-005197.parquet,ctrade1-l2-data,raw_l2/trade_date=2026-07-27/exchange=NSE/symbol=HINDUNILVR/part-REDACTED.parquet
2026-07-27,NSE,HINDUNILVR,part-042353_342485-005229.parquet,ctrade1-l2-data,raw_l2/trade_date=2026-07-27/exchange=NSE/symbol=HINDUNILVR/part-REDACTED.parquet
2026-07-27,NSE,HINDUNILVR,part-042407_866130-005261.parquet,ctrade1-l2-data,raw_l2/trade_date=2026-07-27/exchange=NSE/symbol=HINDUNILVR/part-REDACTED.parquet
2026-07-27,NSE,HINDUNILVR,part-042422_393913-005293.parquet,ctrade1-l2-data,raw_l2/trade_date=2026-07-27/exchange=NSE/symbol=HINDUNILVR/part-REDACTED.parquet
2026-07-27,NSE,HINDUNILVR,part-042436_715023-005325.parquet,ctrade1-l2-data,raw_l2/trade_date=2026-07-27/exchange=NSE/symbol=HINDUNILVR/part-REDACTED.parquet
2026-07-27,NSE,HINDUNILVR,part-042451_100272-005357.parquet,ctrade1-l2-data,raw_l2/trade_date=2026-07-27/exchange=NSE/symbol=HINDUNILVR/part-REDACTED.parquet
2026-07-27,NSE,HINDUNILVR,part-042505_326085-005389.parquet,ctrade1-l2-data,raw_l2/trade_date=2026-07-27/exchange=NSE/symbol=HINDUNILVR/part-REDACTED.parquet
2026-07-27,NSE,HINDUNILVR,part-042519_571526-005421.parquet,ctrade1-l2-data,raw_l2/trade_date=2026-07-27/exchange=NSE/symbol=HINDUNILVR/part-REDACTED.parquet
2026-07-27,NSE,HINDUNILVR,part-042533_877121-005453.parquet,ctrade1-l2-data,raw_l2/trade_date=2026-07-27/exchange=NSE/symbol=HINDUNILVR/part-REDACTED.parquet
2026-07-27,NSE,HINDUNILVR,part-042548_338908-005485.parquet,ctrade1-l2-data,raw_l2/trade_date=2026-07-27/exchange=NSE/symbol=HINDUNILVR/part-REDACTED.parquet
2026-07-27,NSE,HINDUNILVR,part-042602_932400-005517.parquet,ctrade1-l2-data,raw_l2/trade_date=2026-07-27/exchange=NSE/symbol=HINDUNILVR/part-REDACTED.parquet
2026-07-27,NSE,HINDUNILVR,part-042617_592941-005549.parquet,ctrade1-l2-data,raw_l2/trade_date=2026-07-27/exchange=NSE/symbol=HINDUNILVR/part-REDACTED.parquet
2026-07-27,NSE,HINDUNILVR,part-042631_893181-005581.parquet,ctrade1-l2-data,raw_l2/trade_date=2026-07-27/exchange=NSE/symbol=HINDUNILVR/part-REDACTED.parquet
2026-07-27,NSE,HINDUNILVR,part-042646_191302-005613.parquet,ctrade1-l2-data,raw_l2/trade_date=2026-07-27/exchange=NSE/symbol=HINDUNILVR/part-REDACTED.parquet
2026-07-27,NSE,HINDUNILVR,part-042700_878011-005645.parquet,ctrade1-l2-data,raw_l2/trade_date=2026-07-27/exchange=NSE/symbol=HINDUNILVR/part-REDACTED.parquet
2026-07-27,NSE,ICICIBANK,part-034502_878315-000014.parquet,ctrade1-l2-data,raw_l2/trade_date=2026-07-27/exchange=NSE/symbol=ICICIBANK/part-REDACTED.parquet
2026-07-27,NSE,ICICIBANK,part-034517_424409-000046.parquet,ctrade1-l2-data,raw_l2/trade_date=2026-07-27/exchange=NSE/symbol=ICICIBANK/part-REDACTED.parquet
2026-07-27,NSE,ICICIBANK,part-034531_919789-000078.parquet,ctrade1-l2-data,raw_l2/trade_date=2026-07-27/exchange=NSE/symbol=ICICIBANK/part-REDACTED.parquet
2026-07-27,NSE,ICICIBANK,part-034546_090768-000110.parquet,ctrade1-l2-data,raw_l2/trade_date=2026-07-27/exchange=NSE/symbol=ICICIBANK/part-REDACTED.parquet
2026-07-27,NSE,ICICIBANK,part-034600_243059-000142.parquet,ctrade1-l2-data,raw_l2/trade_date=2026-07-27/exchange=NSE/symbol=ICICIBANK/part-REDACTED.parquet
2026-07-27,NSE,ICICIBANK,part-034614_532154-000174.parquet,ctrade1-l2-data,raw_l2/trade_date=2026-07-27/exchange=NSE/symbol=ICICIBANK/part-REDACTED.parquet
2026-07-27,NSE,ICICIBANK,part-034628_905213-000206.parquet,ctrade1-l2-data,raw_l2/trade_date=2026-07-27/exchange=NSE/symbol=ICICIBANK/part-REDACTED.parquet
2026-07-27,NSE,ICICIBANK,part-034643_354860-000238.parquet,ctrade1-l2-data,raw_l2/trade_date=2026-07-27/exchange=NSE/symbol=ICICIBANK/part-REDACTED.parquet
2026-07-27,NSE,ICICIBANK,part-034657_587297-000270.parquet,ctrade1-l2-data,raw_l2/trade_date=2026-07-27/exchange=NSE/symbol=ICICIBANK/part-REDACTED.parquet
2026-07-27,NSE,ICICIBANK,part-034711_652322-000302.parquet,ctrade1-l2-data,raw_l2/trade_date=2026-07-27/exchange=NSE/symbol=ICICIBANK/part-REDACTED.parquet
2026-07-27,NSE,ICICIBANK,part-034725_591509-000334.parquet,ctrade1-l2-data,raw_l2/trade_date=2026-07-27/exchange=NSE/symbol=ICICIBANK/part-REDACTED.parquet
2026-07-27,NSE,ICICIBANK,part-034739_865547-000366.parquet,ctrade1-l2-data,raw_l2/trade_date=2026-07-27/exchange=NSE/symbol=ICICIBANK/part-REDACTED.parquet
2026-07-27,NSE,ICICIBANK,part-034753_927598-000398.parquet,ctrade1-l2-data,raw_l2/trade_date=2026-07-27/exchange=NSE/symbol=ICICIBANK/part-REDACTED.parquet
2026-07-27,NSE,ICICIBANK,part-034808_186523-000430.parquet,ctrade1-l2-data,raw_l2/trade_date=2026-07-27/exchange=NSE/symbol=ICICIBANK/part-REDACTED.parquet
2026-07-27,NSE,ICICIBANK,part-034822_720302-000462.parquet,ctrade1-l2-data,raw_l2/trade_date=2026-07-27/exchange=NSE/symbol=ICICIBANK/part-REDACTED.parquet
2026-07-27,NSE,ICICIBANK,part-034837_205383-000494.parquet,ctrade1-l2-data,raw_l2/trade_date=2026-07-27/exchange=NSE/symbol=ICICIBANK/part-REDACTED.parquet
2026-07-27,NSE,ICICIBANK,part-034851_545673-000526.parquet,ctrade1-l2-data,raw_l2/trade_date=2026-07-27/exchange=NSE/symbol=ICICIBANK/part-REDACTED.parquet
2026-07-27,NSE,ICICIBANK,part-034905_911013-000558.parquet,ctrade1-l2-data,raw_l2/trade_date=2026-07-27/exchange=NSE/symbol=ICICIBANK/part-REDACTED.parquet
2026-07-27,NSE,ICICIBANK,part-034920_402115-000590.parquet,ctrade1-l2-data,raw_l2/trade_date=2026-07-27/exchange=NSE/symbol=ICICIBANK/part-REDACTED.parquet
2026-07-27,NSE,ICICIBANK,part-034934_787098-000622.parquet,ctrade1-l2-data,raw_l2/trade_date=2026-07-27/exchange=NSE/symbol=ICICIBANK/part-REDACTED.parquet
2026-07-27,NSE,ICICIBANK,part-034949_424247-000654.parquet,ctrade1-l2-data,raw_l2/trade_date=2026-07-27/exchange=NSE/symbol=ICICIBANK/part-REDACTED.parquet
2026-07-27,NSE,ICICIBANK,part-035004_007569-000686.parquet,ctrade1-l2-data,raw_l2/trade_date=2026-07-27/exchange=NSE/symbol=ICICIBANK/part-REDACTED.parquet
2026-07-27,NSE,ICICIBANK,part-035018_147452-000718.parquet,ctrade1-l2-data,raw_l2/trade_date=2026-07-27/exchange=NSE/symbol=ICICIBANK/part-REDACTED.parquet
2026-07-27,NSE,ICICIBANK,part-035032_196613-000750.parquet,ctrade1-l2-data,raw_l2/trade_date=2026-07-27/exchange=NSE/symbol=ICICIBANK/part-REDACTED.parquet
2026-07-27,NSE,ICICIBANK,part-035046_448539-000782.parquet,ctrade1-l2-data,raw_l2/trade_date=2026-07-27/exchange=NSE/symbol=ICICIBANK/part-REDACTED.parquet
2026-07-27,NSE,ICICIBANK,part-035100_595583-000814.parquet,ctrade1-l2-data,raw_l2/trade_date=2026-07-27/exchange=NSE/symbol=ICICIBANK/part-REDACTED.parquet
2026-07-27,NSE,ICICIBANK,part-035114_979963-000846.parquet,ctrade1-l2-data,raw_l2/trade_date=2026-07-27/exchange=NSE/symbol=ICICIBANK/part-REDACTED.parquet
2026-07-27,NSE,ICICIBANK,part-035129_359384-000878.parquet,ctrade1-l2-data,raw_l2/trade_date=2026-07-27/exchange=NSE/symbol=ICICIBANK/part-REDACTED.parquet
2026-07-27,NSE,ICICIBANK,part-035143_573291-000910.parquet,ctrade1-l2-data,raw_l2/trade_date=2026-07-27/exchange=NSE/symbol=ICICIBANK/part-REDACTED.parquet
2026-07-27,NSE,ICICIBANK,part-035157_675535-000942.parquet,ctrade1-l2-data,raw_l2/trade_date=2026-07-27/exchange=NSE/symbol=ICICIBANK/part-REDACTED.parquet
2026-07-27,NSE,ICICIBANK,part-035211_970584-000974.parquet,ctrade1-l2-data,raw_l2/trade_date=2026-07-27/exchange=NSE/symbol=ICICIBANK/part-REDACTED.parquet
2026-07-27,NSE,ICICIBANK,part-035226_209980-001006.parquet,ctrade1-l2-data,raw_l2/trade_date=2026-07-27/exchange=NSE/symbol=ICICIBANK/part-REDACTED.parquet
2026-07-27,NSE,ICICIBANK,part-035240_383790-001038.parquet,ctrade1-l2-data,raw_l2/trade_date=2026-07-27/exchange=NSE/symbol=ICICIBANK/part-REDACTED.parquet
2026-07-27,NSE,ICICIBANK,part-035254_737123-001070.parquet,ctrade1-l2-data,raw_l2/trade_date=2026-07-27/exchange=NSE/symbol=ICICIBANK/part-REDACTED.parquet
2026-07-27,NSE,ICICIBANK,part-035309_017042-001102.parquet,ctrade1-l2-data,raw_l2/trade_date=2026-07-27/exchange=NSE/symbol=ICICIBANK/part-REDACTED.parquet
2026-07-27,NSE,ICICIBANK,part-035323_296872-001134.parquet,ctrade1-l2-data,raw_l2/trade_date=2026-07-27/exchange=NSE/symbol=ICICIBANK/part-REDACTED.parquet
2026-07-27,NSE,ICICIBANK,part-035337_757832-001166.parquet,ctrade1-l2-data,raw_l2/trade_date=2026-07-27/exchange=NSE/symbol=ICICIBANK/part-REDACTED.parquet
2026-07-27,NSE,ICICIBANK,part-035352_192224-001198.parquet,ctrade1-l2-data,raw_l2/trade_date=2026-07-27/exchange=NSE/symbol=ICICIBANK/part-REDACTED.parquet
2026-07-27,NSE,ICICIBANK,part-035406_496949-001230.parquet,ctrade1-l2-data,raw_l2/trade_date=2026-07-27/exchange=NSE/symbol=ICICIBANK/part-REDACTED.parquet
2026-07-27,NSE,ICICIBANK,part-035420_646348-001262.parquet,ctrade1-l2-data,raw_l2/trade_date=2026-07-27/exchange=NSE/symbol=ICICIBANK/part-REDACTED.parquet
2026-07-27,NSE,ICICIBANK,part-035434_714686-001294.parquet,ctrade1-l2-data,raw_l2/trade_date=2026-07-27/exchange=NSE/symbol=ICICIBANK/part-REDACTED.parquet
2026-07-27,NSE,ICICIBANK,part-035449_698182-001326.parquet,ctrade1-l2-data,raw_l2/trade_date=2026-07-27/exchange=NSE/symbol=ICICIBANK/part-REDACTED.parquet
2026-07-27,NSE,ICICIBANK,part-035504_144832-001358.parquet,ctrade1-l2-data,raw_l2/trade_date=2026-07-27/exchange=NSE/symbol=ICICIBANK/part-REDACTED.parquet
2026-07-27,NSE,ICICIBANK,part-035518_761038-001390.parquet,ctrade1-l2-data,raw_l2/trade_date=2026-07-27/exchange=NSE/symbol=ICICIBANK/part-REDACTED.parquet
2026-07-27,NSE,ICICIBANK,part-035532_912663-001422.parquet,ctrade1-l2-data,raw_l2/trade_date=2026-07-27/exchange=NSE/symbol=ICICIBANK/part-REDACTED.parquet
2026-07-27,NSE,ICICIBANK,part-035547_370945-001454.parquet,ctrade1-l2-data,raw_l2/trade_date=2026-07-27/exchange=NSE/symbol=ICICIBANK/part-REDACTED.parquet
2026-07-27,NSE,ICICIBANK,part-035601_510368-001486.parquet,ctrade1-l2-data,raw_l2/trade_date=2026-07-27/exchange=NSE/symbol=ICICIBANK/part-REDACTED.parquet
2026-07-27,NSE,ICICIBANK,part-035616_394476-001518.parquet,ctrade1-l2-data,raw_l2/trade_date=2026-07-27/exchange=NSE/symbol=ICICIBANK/part-REDACTED.parquet
2026-07-27,NSE,ICICIBANK,part-035630_917851-001550.parquet,ctrade1-l2-data,raw_l2/trade_date=2026-07-27/exchange=NSE/symbol=ICICIBANK/part-REDACTED.parquet
2026-07-27,NSE,ICICIBANK,part-035645_139169-001582.parquet,ctrade1-l2-data,raw_l2/trade_date=2026-07-27/exchange=NSE/symbol=ICICIBANK/part-REDACTED.parquet
2026-07-27,NSE,ICICIBANK,part-035659_399956-001614.parquet,ctrade1-l2-data,raw_l2/trade_date=2026-07-27/exchange=NSE/symbol=ICICIBANK/part-REDACTED.parquet
2026-07-27,NSE,ICICIBANK,part-035713_681595-001646.parquet,ctrade1-l2-data,raw_l2/trade_date=2026-07-27/exchange=NSE/symbol=ICICIBANK/part-REDACTED.parquet
2026-07-27,NSE,ICICIBANK,part-035728_160731-001678.parquet,ctrade1-l2-data,raw_l2/trade_date=2026-07-27/exchange=NSE/symbol=ICICIBANK/part-REDACTED.parquet
2026-07-27,NSE,ICICIBANK,part-035742_419614-001710.parquet,ctrade1-l2-data,raw_l2/trade_date=2026-07-27/exchange=NSE/symbol=ICICIBANK/part-REDACTED.parquet
2026-07-27,NSE,ICICIBANK,part-035756_686776-001742.parquet,ctrade1-l2-data,raw_l2/trade_date=2026-07-27/exchange=NSE/symbol=ICICIBANK/part-REDACTED.parquet
2026-07-27,NSE,ICICIBANK,part-035810_989568-001774.parquet,ctrade1-l2-data,raw_l2/trade_date=2026-07-27/exchange=NSE/symbol=ICICIBANK/part-REDACTED.parquet
2026-07-27,NSE,ICICIBANK,part-035825_452865-001806.parquet,ctrade1-l2-data,raw_l2/trade_date=2026-07-27/exchange=NSE/symbol=ICICIBANK/part-REDACTED.parquet
2026-07-27,NSE,ICICIBANK,part-035839_809595-001838.parquet,ctrade1-l2-data,raw_l2/trade_date=2026-07-27/exchange=NSE/symbol=ICICIBANK/part-REDACTED.parquet
2026-07-27,NSE,ICICIBANK,part-035854_198655-001870.parquet,ctrade1-l2-data,raw_l2/trade_date=2026-07-27/exchange=NSE/symbol=ICICIBANK/part-REDACTED.parquet
2026-07-27,NSE,ICICIBANK,part-035908_474269-001902.parquet,ctrade1-l2-data,raw_l2/trade_date=2026-07-27/exchange=NSE/symbol=ICICIBANK/part-REDACTED.parquet
2026-07-27,NSE,ICICIBANK,part-035923_015353-001934.parquet,ctrade1-l2-data,raw_l2/trade_date=2026-07-27/exchange=NSE/symbol=ICICIBANK/part-REDACTED.parquet
2026-07-27,NSE,ICICIBANK,part-035937_399350-001966.parquet,ctrade1-l2-data,raw_l2/trade_date=2026-07-27/exchange=NSE/symbol=ICICIBANK/part-REDACTED.parquet
2026-07-27,NSE,ICICIBANK,part-035951_605883-001998.parquet,ctrade1-l2-data,raw_l2/trade_date=2026-07-27/exchange=NSE/symbol=ICICIBANK/part-REDACTED.parquet
2026-07-27,NSE,ICICIBANK,part-040006_255007-002030.parquet,ctrade1-l2-data,raw_l2/trade_date=2026-07-27/exchange=NSE/symbol=ICICIBANK/part-REDACTED.parquet
2026-07-27,NSE,ICICIBANK,part-040020_671542-002062.parquet,ctrade1-l2-data,raw_l2/trade_date=2026-07-27/exchange=NSE/symbol=ICICIBANK/part-REDACTED.parquet
2026-07-27,NSE,ICICIBANK,part-040034_977003-002094.parquet,ctrade1-l2-data,raw_l2/trade_date=2026-07-27/exchange=NSE/symbol=ICICIBANK/part-REDACTED.parquet
2026-07-27,NSE,ICICIBANK,part-040049_233738-002126.parquet,ctrade1-l2-data,raw_l2/trade_date=2026-07-27/exchange=NSE/symbol=ICICIBANK/part-REDACTED.parquet
2026-07-27,NSE,ICICIBANK,part-040103_794122-002158.parquet,ctrade1-l2-data,raw_l2/trade_date=2026-07-27/exchange=NSE/symbol=ICICIBANK/part-REDACTED.parquet
2026-07-27,NSE,ICICIBANK,part-040118_285746-002190.parquet,ctrade1-l2-data,raw_l2/trade_date=2026-07-27/exchange=NSE/symbol=ICICIBANK/part-REDACTED.parquet
2026-07-27,NSE,ICICIBANK,part-040132_514473-002222.parquet,ctrade1-l2-data,raw_l2/trade_date=2026-07-27/exchange=NSE/symbol=ICICIBANK/part-REDACTED.parquet
2026-07-27,NSE,ICICIBANK,part-040147_168921-002254.parquet,ctrade1-l2-data,raw_l2/trade_date=2026-07-27/exchange=NSE/symbol=ICICIBANK/part-REDACTED.parquet
2026-07-27,NSE,ICICIBANK,part-040201_519413-002286.parquet,ctrade1-l2-data,raw_l2/trade_date=2026-07-27/exchange=NSE/symbol=ICICIBANK/part-REDACTED.parquet
2026-07-27,NSE,ICICIBANK,part-040215_974423-002318.parquet,ctrade1-l2-data,raw_l2/trade_date=2026-07-27/exchange=NSE/symbol=ICICIBANK/part-REDACTED.parquet
2026-07-27,NSE,ICICIBANK,part-040230_683949-002350.parquet,ctrade1-l2-data,raw_l2/trade_date=2026-07-27/exchange=NSE/symbol=ICICIBANK/part-REDACTED.parquet
2026-07-27,NSE,ICICIBANK,part-040245_225130-002382.parquet,ctrade1-l2-data,raw_l2/trade_date=2026-07-27/exchange=NSE/symbol=ICICIBANK/part-REDACTED.parquet
2026-07-27,NSE,ICICIBANK,part-040259_944262-002414.parquet,ctrade1-l2-data,raw_l2/trade_date=2026-07-27/exchange=NSE/symbol=ICICIBANK/part-REDACTED.parquet
2026-07-27,NSE,ICICIBANK,part-040314_433753-002446.parquet,ctrade1-l2-data,raw_l2/trade_date=2026-07-27/exchange=NSE/symbol=ICICIBANK/part-REDACTED.parquet
2026-07-27,NSE,ICICIBANK,part-040328_696331-002478.parquet,ctrade1-l2-data,raw_l2/trade_date=2026-07-27/exchange=NSE/symbol=ICICIBANK/part-REDACTED.parquet
2026-07-27,NSE,ICICIBANK,part-040343_181703-002510.parquet,ctrade1-l2-data,raw_l2/trade_date=2026-07-27/exchange=NSE/symbol=ICICIBANK/part-REDACTED.parquet
2026-07-27,NSE,ICICIBANK,part-040357_749744-002542.parquet,ctrade1-l2-data,raw_l2/trade_date=2026-07-27/exchange=NSE/symbol=ICICIBANK/part-REDACTED.parquet
2026-07-27,NSE,ICICIBANK,part-040412_341737-002574.parquet,ctrade1-l2-data,raw_l2/trade_date=2026-07-27/exchange=NSE/symbol=ICICIBANK/part-REDACTED.parquet
2026-07-27,NSE,ICICIBANK,part-040426_771735-002606.parquet,ctrade1-l2-data,raw_l2/trade_date=2026-07-27/exchange=NSE/symbol=ICICIBANK/part-REDACTED.parquet
2026-07-27,NSE,ICICIBANK,part-040440_955492-002638.parquet,ctrade1-l2-data,raw_l2/trade_date=2026-07-27/exchange=NSE/symbol=ICICIBANK/part-REDACTED.parquet
2026-07-27,NSE,ICICIBANK,part-040455_382367-002670.parquet,ctrade1-l2-data,raw_l2/trade_date=2026-07-27/exchange=NSE/symbol=ICICIBANK/part-REDACTED.parquet
2026-07-27,NSE,ICICIBANK,part-040509_672778-002702.parquet,ctrade1-l2-data,raw_l2/trade_date=2026-07-27/exchange=NSE/symbol=ICICIBANK/part-REDACTED.parquet
2026-07-27,NSE,ICICIBANK,part-040524_061864-002734.parquet,ctrade1-l2-data,raw_l2/trade_date=2026-07-27/exchange=NSE/symbol=ICICIBANK/part-REDACTED.parquet
2026-07-27,NSE,ICICIBANK,part-040538_063189-002766.parquet,ctrade1-l2-data,raw_l2/trade_date=2026-07-27/exchange=NSE/symbol=ICICIBANK/part-REDACTED.parquet
2026-07-27,NSE,ICICIBANK,part-040552_317583-002798.parquet,ctrade1-l2-data,raw_l2/trade_date=2026-07-27/exchange=NSE/symbol=ICICIBANK/part-REDACTED.parquet
2026-07-27,NSE,ICICIBANK,part-040606_297636-002830.parquet,ctrade1-l2-data,raw_l2/trade_date=2026-07-27/exchange=NSE/symbol=ICICIBANK/part-REDACTED.parquet
2026-07-27,NSE,ICICIBANK,part-040620_360034-002862.parquet,ctrade1-l2-data,raw_l2/trade_date=2026-07-27/exchange=NSE/symbol=ICICIBANK/part-REDACTED.parquet
2026-07-27,NSE,ICICIBANK,part-040634_395492-002894.parquet,ctrade1-l2-data,raw_l2/trade_date=2026-07-27/exchange=NSE/symbol=ICICIBANK/part-REDACTED.parquet
2026-07-27,NSE,ICICIBANK,part-040648_337687-002926.parquet,ctrade1-l2-data,raw_l2/trade_date=2026-07-27/exchange=NSE/symbol=ICICIBANK/part-REDACTED.parquet
2026-07-27,NSE,ICICIBANK,part-040702_364649-002958.parquet,ctrade1-l2-data,raw_l2/trade_date=2026-07-27/exchange=NSE/symbol=ICICIBANK/part-REDACTED.parquet
2026-07-27,NSE,ICICIBANK,part-040716_730746-002990.parquet,ctrade1-l2-data,raw_l2/trade_date=2026-07-27/exchange=NSE/symbol=ICICIBANK/part-REDACTED.parquet
2026-07-27,NSE,ICICIBANK,part-040730_926865-003022.parquet,ctrade1-l2-data,raw_l2/trade_date=2026-07-27/exchange=NSE/symbol=ICICIBANK/part-REDACTED.parquet
2026-07-27,NSE,ICICIBANK,part-040745_067956-003054.parquet,ctrade1-l2-data,raw_l2/trade_date=2026-07-27/exchange=NSE/symbol=ICICIBANK/part-REDACTED.parquet
2026-07-27,NSE,ICICIBANK,part-040759_673464-003086.parquet,ctrade1-l2-data,raw_l2/trade_date=2026-07-27/exchange=NSE/symbol=ICICIBANK/part-REDACTED.parquet
2026-07-27,NSE,ICICIBANK,part-040813_896752-003118.parquet,ctrade1-l2-data,raw_l2/trade_date=2026-07-27/exchange=NSE/symbol=ICICIBANK/part-REDACTED.parquet
2026-07-27,NSE,ICICIBANK,part-040828_223208-003150.parquet,ctrade1-l2-data,raw_l2/trade_date=2026-07-27/exchange=NSE/symbol=ICICIBANK/part-REDACTED.parquet
2026-07-27,NSE,ICICIBANK,part-040842_332334-003182.parquet,ctrade1-l2-data,raw_l2/trade_date=2026-07-27/exchange=NSE/symbol=ICICIBANK/part-REDACTED.parquet
2026-07-27,NSE,ICICIBANK,part-040856_750276-003214.parquet,ctrade1-l2-data,raw_l2/trade_date=2026-07-27/exchange=NSE/symbol=ICICIBANK/part-REDACTED.parquet
2026-07-27,NSE,ICICIBANK,part-040910_855760-003246.parquet,ctrade1-l2-data,raw_l2/trade_date=2026-07-27/exchange=NSE/symbol=ICICIBANK/part-REDACTED.parquet
2026-07-27,NSE,ICICIBANK,part-040924_860154-003278.parquet,ctrade1-l2-data,raw_l2/trade_date=2026-07-27/exchange=NSE/symbol=ICICIBANK/part-REDACTED.parquet
2026-07-27,NSE,ICICIBANK,part-040939_238643-003310.parquet,ctrade1-l2-data,raw_l2/trade_date=2026-07-27/exchange=NSE/symbol=ICICIBANK/part-REDACTED.parquet
2026-07-27,NSE,ICICIBANK,part-040953_394402-003342.parquet,ctrade1-l2-data,raw_l2/trade_date=2026-07-27/exchange=NSE/symbol=ICICIBANK/part-REDACTED.parquet
2026-07-27,NSE,ICICIBANK,part-041007_692091-003374.parquet,ctrade1-l2-data,raw_l2/trade_date=2026-07-27/exchange=NSE/symbol=ICICIBANK/part-REDACTED.parquet
2026-07-27,NSE,ICICIBANK,part-041021_924920-003406.parquet,ctrade1-l2-data,raw_l2/trade_date=2026-07-27/exchange=NSE/symbol=ICICIBANK/part-REDACTED.parquet
2026-07-27,NSE,ICICIBANK,part-041036_350838-003438.parquet,ctrade1-l2-data,raw_l2/trade_date=2026-07-27/exchange=NSE/symbol=ICICIBANK/part-REDACTED.parquet
2026-07-27,NSE,ICICIBANK,part-041050_578704-003470.parquet,ctrade1-l2-data,raw_l2/trade_date=2026-07-27/exchange=NSE/symbol=ICICIBANK/part-REDACTED.parquet
2026-07-27,NSE,ICICIBANK,part-041104_691824-003502.parquet,ctrade1-l2-data,raw_l2/trade_date=2026-07-27/exchange=NSE/symbol=ICICIBANK/part-REDACTED.parquet
2026-07-27,NSE,ICICIBANK,part-041119_195424-003534.parquet,ctrade1-l2-data,raw_l2/trade_date=2026-07-27/exchange=NSE/symbol=ICICIBANK/part-REDACTED.parquet
2026-07-27,NSE,ICICIBANK,part-041133_290997-003566.parquet,ctrade1-l2-data,raw_l2/trade_date=2026-07-27/exchange=NSE/symbol=ICICIBANK/part-REDACTED.parquet
2026-07-27,NSE,ICICIBANK,part-041147_445806-003598.parquet,ctrade1-l2-data,raw_l2/trade_date=2026-07-27/exchange=NSE/symbol=ICICIBANK/part-REDACTED.parquet
2026-07-27,NSE,ICICIBANK,part-041201_546288-003630.parquet,ctrade1-l2-data,raw_l2/trade_date=2026-07-27/exchange=NSE/symbol=ICICIBANK/part-REDACTED.parquet
2026-07-27,NSE,ICICIBANK,part-041215_562796-003662.parquet,ctrade1-l2-data,raw_l2/trade_date=2026-07-27/exchange=NSE/symbol=ICICIBANK/part-REDACTED.parquet
2026-07-27,NSE,ICICIBANK,part-041229_973150-003694.parquet,ctrade1-l2-data,raw_l2/trade_date=2026-07-27/exchange=NSE/symbol=ICICIBANK/part-REDACTED.parquet
2026-07-27,NSE,ICICIBANK,part-041244_799675-003726.parquet,ctrade1-l2-data,raw_l2/trade_date=2026-07-27/exchange=NSE/symbol=ICICIBANK/part-REDACTED.parquet
2026-07-27,NSE,ICICIBANK,part-041258_804898-003758.parquet,ctrade1-l2-data,raw_l2/trade_date=2026-07-27/exchange=NSE/symbol=ICICIBANK/part-REDACTED.parquet
2026-07-27,NSE,ICICIBANK,part-041312_970337-003790.parquet,ctrade1-l2-data,raw_l2/trade_date=2026-07-27/exchange=NSE/symbol=ICICIBANK/part-REDACTED.parquet
2026-07-27,NSE,ICICIBANK,part-041327_361214-003822.parquet,ctrade1-l2-data,raw_l2/trade_date=2026-07-27/exchange=NSE/symbol=ICICIBANK/part-REDACTED.parquet
2026-07-27,NSE,ICICIBANK,part-041341_372239-003854.parquet,ctrade1-l2-data,raw_l2/trade_date=2026-07-27/exchange=NSE/symbol=ICICIBANK/part-REDACTED.parquet
2026-07-27,NSE,ICICIBANK,part-041355_377801-003886.parquet,ctrade1-l2-data,raw_l2/trade_date=2026-07-27/exchange=NSE/symbol=ICICIBANK/part-REDACTED.parquet
2026-07-27,NSE,ICICIBANK,part-041409_399354-003918.parquet,ctrade1-l2-data,raw_l2/trade_date=2026-07-27/exchange=NSE/symbol=ICICIBANK/part-REDACTED.parquet
2026-07-27,NSE,ICICIBANK,part-041423_364436-003950.parquet,ctrade1-l2-data,raw_l2/trade_date=2026-07-27/exchange=NSE/symbol=ICICIBANK/part-REDACTED.parquet
2026-07-27,NSE,ICICIBANK,part-041437_338008-003982.parquet,ctrade1-l2-data,raw_l2/trade_date=2026-07-27/exchange=NSE/symbol=ICICIBANK/part-REDACTED.parquet
2026-07-27,NSE,ICICIBANK,part-041451_346836-004014.parquet,ctrade1-l2-data,raw_l2/trade_date=2026-07-27/exchange=NSE/symbol=ICICIBANK/part-REDACTED.parquet
2026-07-27,NSE,ICICIBANK,part-041505_380361-004046.parquet,ctrade1-l2-data,raw_l2/trade_date=2026-07-27/exchange=NSE/symbol=ICICIBANK/part-REDACTED.parquet
2026-07-27,NSE,ICICIBANK,part-041519_347319-004078.parquet,ctrade1-l2-data,raw_l2/trade_date=2026-07-27/exchange=NSE/symbol=ICICIBANK/part-REDACTED.parquet
2026-07-27,NSE,ICICIBANK,part-041533_646426-004110.parquet,ctrade1-l2-data,raw_l2/trade_date=2026-07-27/exchange=NSE/symbol=ICICIBANK/part-REDACTED.parquet
2026-07-27,NSE,ICICIBANK,part-041548_163026-004142.parquet,ctrade1-l2-data,raw_l2/trade_date=2026-07-27/exchange=NSE/symbol=ICICIBANK/part-REDACTED.parquet
2026-07-27,NSE,ICICIBANK,part-041602_199102-004174.parquet,ctrade1-l2-data,raw_l2/trade_date=2026-07-27/exchange=NSE/symbol=ICICIBANK/part-REDACTED.parquet
2026-07-27,NSE,ICICIBANK,part-041616_343641-004206.parquet,ctrade1-l2-data,raw_l2/trade_date=2026-07-27/exchange=NSE/symbol=ICICIBANK/part-REDACTED.parquet
2026-07-27,NSE,ICICIBANK,part-041631_219885-004238.parquet,ctrade1-l2-data,raw_l2/trade_date=2026-07-27/exchange=NSE/symbol=ICICIBANK/part-REDACTED.parquet
2026-07-27,NSE,ICICIBANK,part-041647_070335-004270.parquet,ctrade1-l2-data,raw_l2/trade_date=2026-07-27/exchange=NSE/symbol=ICICIBANK/part-REDACTED.parquet
2026-07-27,NSE,ICICIBANK,part-041701_094360-004302.parquet,ctrade1-l2-data,raw_l2/trade_date=2026-07-27/exchange=NSE/symbol=ICICIBANK/part-REDACTED.parquet
2026-07-27,NSE,ICICIBANK,part-041715_152042-004334.parquet,ctrade1-l2-data,raw_l2/trade_date=2026-07-27/exchange=NSE/symbol=ICICIBANK/part-REDACTED.parquet
2026-07-27,NSE,ICICIBANK,part-041729_484209-004366.parquet,ctrade1-l2-data,raw_l2/trade_date=2026-07-27/exchange=NSE/symbol=ICICIBANK/part-REDACTED.parquet
2026-07-27,NSE,ICICIBANK,part-041743_921384-004398.parquet,ctrade1-l2-data,raw_l2/trade_date=2026-07-27/exchange=NSE/symbol=ICICIBANK/part-REDACTED.parquet
2026-07-27,NSE,ICICIBANK,part-041758_335217-004430.parquet,ctrade1-l2-data,raw_l2/trade_date=2026-07-27/exchange=NSE/symbol=ICICIBANK/part-REDACTED.parquet
2026-07-27,NSE,ICICIBANK,part-041812_628381-004462.parquet,ctrade1-l2-data,raw_l2/trade_date=2026-07-27/exchange=NSE/symbol=ICICIBANK/part-REDACTED.parquet
2026-07-27,NSE,ICICIBANK,part-041826_707374-004494.parquet,ctrade1-l2-data,raw_l2/trade_date=2026-07-27/exchange=NSE/symbol=ICICIBANK/part-REDACTED.parquet
2026-07-27,NSE,ICICIBANK,part-041840_767320-004526.parquet,ctrade1-l2-data,raw_l2/trade_date=2026-07-27/exchange=NSE/symbol=ICICIBANK/part-REDACTED.parquet
2026-07-27,NSE,ICICIBANK,part-041854_859021-004558.parquet,ctrade1-l2-data,raw_l2/trade_date=2026-07-27/exchange=NSE/symbol=ICICIBANK/part-REDACTED.parquet
2026-07-27,NSE,ICICIBANK,part-041908_848974-004590.parquet,ctrade1-l2-data,raw_l2/trade_date=2026-07-27/exchange=NSE/symbol=ICICIBANK/part-REDACTED.parquet
2026-07-27,NSE,ICICIBANK,part-041922_895437-004622.parquet,ctrade1-l2-data,raw_l2/trade_date=2026-07-27/exchange=NSE/symbol=ICICIBANK/part-REDACTED.parquet
2026-07-27,NSE,ICICIBANK,part-041936_825553-004654.parquet,ctrade1-l2-data,raw_l2/trade_date=2026-07-27/exchange=NSE/symbol=ICICIBANK/part-REDACTED.parquet
2026-07-27,NSE,ICICIBANK,part-041950_832672-004686.parquet,ctrade1-l2-data,raw_l2/trade_date=2026-07-27/exchange=NSE/symbol=ICICIBANK/part-REDACTED.parquet
2026-07-27,NSE,ICICIBANK,part-042005_088970-004718.parquet,ctrade1-l2-data,raw_l2/trade_date=2026-07-27/exchange=NSE/symbol=ICICIBANK/part-REDACTED.parquet
2026-07-27,NSE,ICICIBANK,part-042019_107927-004750.parquet,ctrade1-l2-data,raw_l2/trade_date=2026-07-27/exchange=NSE/symbol=ICICIBANK/part-REDACTED.parquet
2026-07-27,NSE,ICICIBANK,part-042033_388356-004782.parquet,ctrade1-l2-data,raw_l2/trade_date=2026-07-27/exchange=NSE/symbol=ICICIBANK/part-REDACTED.parquet
2026-07-27,NSE,ICICIBANK,part-042047_335762-004814.parquet,ctrade1-l2-data,raw_l2/trade_date=2026-07-27/exchange=NSE/symbol=ICICIBANK/part-REDACTED.parquet
2026-07-27,NSE,ICICIBANK,part-042101_349635-004846.parquet,ctrade1-l2-data,raw_l2/trade_date=2026-07-27/exchange=NSE/symbol=ICICIBANK/part-REDACTED.parquet
2026-07-27,NSE,ICICIBANK,part-042115_632823-004878.parquet,ctrade1-l2-data,raw_l2/trade_date=2026-07-27/exchange=NSE/symbol=ICICIBANK/part-REDACTED.parquet
2026-07-27,NSE,ICICIBANK,part-042129_924677-004910.parquet,ctrade1-l2-data,raw_l2/trade_date=2026-07-27/exchange=NSE/symbol=ICICIBANK/part-REDACTED.parquet
2026-07-27,NSE,ICICIBANK,part-042144_139245-004942.parquet,ctrade1-l2-data,raw_l2/trade_date=2026-07-27/exchange=NSE/symbol=ICICIBANK/part-REDACTED.parquet
2026-07-27,NSE,ICICIBANK,part-042158_477409-004974.parquet,ctrade1-l2-data,raw_l2/trade_date=2026-07-27/exchange=NSE/symbol=ICICIBANK/part-REDACTED.parquet
2026-07-27,NSE,ICICIBANK,part-042213_164217-005006.parquet,ctrade1-l2-data,raw_l2/trade_date=2026-07-27/exchange=NSE/symbol=ICICIBANK/part-REDACTED.parquet
2026-07-27,NSE,ICICIBANK,part-042227_403732-005038.parquet,ctrade1-l2-data,raw_l2/trade_date=2026-07-27/exchange=NSE/symbol=ICICIBANK/part-REDACTED.parquet
2026-07-27,NSE,ICICIBANK,part-042241_713166-005070.parquet,ctrade1-l2-data,raw_l2/trade_date=2026-07-27/exchange=NSE/symbol=ICICIBANK/part-REDACTED.parquet
2026-07-27,NSE,ICICIBANK,part-042256_178781-005102.parquet,ctrade1-l2-data,raw_l2/trade_date=2026-07-27/exchange=NSE/symbol=ICICIBANK/part-REDACTED.parquet
2026-07-27,NSE,ICICIBANK,part-042310_459346-005134.parquet,ctrade1-l2-data,raw_l2/trade_date=2026-07-27/exchange=NSE/symbol=ICICIBANK/part-REDACTED.parquet
2026-07-27,NSE,ICICIBANK,part-042324_727808-005166.parquet,ctrade1-l2-data,raw_l2/trade_date=2026-07-27/exchange=NSE/symbol=ICICIBANK/part-REDACTED.parquet
2026-07-27,NSE,ICICIBANK,part-042339_187400-005198.parquet,ctrade1-l2-data,raw_l2/trade_date=2026-07-27/exchange=NSE/symbol=ICICIBANK/part-REDACTED.parquet
2026-07-27,NSE,ICICIBANK,part-042353_480349-005230.parquet,ctrade1-l2-data,raw_l2/trade_date=2026-07-27/exchange=NSE/symbol=ICICIBANK/part-REDACTED.parquet
2026-07-27,NSE,ICICIBANK,part-042407_992087-005262.parquet,ctrade1-l2-data,raw_l2/trade_date=2026-07-27/exchange=NSE/symbol=ICICIBANK/part-REDACTED.parquet
2026-07-27,NSE,ICICIBANK,part-042422_518239-005294.parquet,ctrade1-l2-data,raw_l2/trade_date=2026-07-27/exchange=NSE/symbol=ICICIBANK/part-REDACTED.parquet
2026-07-27,NSE,ICICIBANK,part-042436_853563-005326.parquet,ctrade1-l2-data,raw_l2/trade_date=2026-07-27/exchange=NSE/symbol=ICICIBANK/part-REDACTED.parquet
2026-07-27,NSE,ICICIBANK,part-042451_223213-005358.parquet,ctrade1-l2-data,raw_l2/trade_date=2026-07-27/exchange=NSE/symbol=ICICIBANK/part-REDACTED.parquet
2026-07-27,NSE,ICICIBANK,part-042505_458418-005390.parquet,ctrade1-l2-data,raw_l2/trade_date=2026-07-27/exchange=NSE/symbol=ICICIBANK/part-REDACTED.parquet
2026-07-27,NSE,ICICIBANK,part-042519_684662-005422.parquet,ctrade1-l2-data,raw_l2/trade_date=2026-07-27/exchange=NSE/symbol=ICICIBANK/part-REDACTED.parquet
2026-07-27,NSE,ICICIBANK,part-042534_013646-005454.parquet,ctrade1-l2-data,raw_l2/trade_date=2026-07-27/exchange=NSE/symbol=ICICIBANK/part-REDACTED.parquet
2026-07-27,NSE,ICICIBANK,part-042548_459134-005486.parquet,ctrade1-l2-data,raw_l2/trade_date=2026-07-27/exchange=NSE/symbol=ICICIBANK/part-REDACTED.parquet
2026-07-27,NSE,ICICIBANK,part-042603_067376-005518.parquet,ctrade1-l2-data,raw_l2/trade_date=2026-07-27/exchange=NSE/symbol=ICICIBANK/part-REDACTED.parquet
2026-07-27,NSE,ICICIBANK,part-042617_745641-005550.parquet,ctrade1-l2-data,raw_l2/trade_date=2026-07-27/exchange=NSE/symbol=ICICIBANK/part-REDACTED.parquet
2026-07-27,NSE,ICICIBANK,part-042632_028720-005582.parquet,ctrade1-l2-data,raw_l2/trade_date=2026-07-27/exchange=NSE/symbol=ICICIBANK/part-REDACTED.parquet
2026-07-27,NSE,ICICIBANK,part-042646_333544-005614.parquet,ctrade1-l2-data,raw_l2/trade_date=2026-07-27/exchange=NSE/symbol=ICICIBANK/part-REDACTED.parquet
2026-07-27,NSE,ICICIBANK,part-042701_007161-005646.parquet,ctrade1-l2-data,raw_l2/trade_date=2026-07-27/exchange=NSE/symbol=ICICIBANK/part-REDACTED.parquet
2026-07-27,NSE,INFY,part-034503_024412-000015.parquet,ctrade1-l2-data,raw_l2/trade_date=2026-07-27/exchange=NSE/symbol=INFY/part-REDACTED.parquet
2026-07-27,NSE,INFY,part-034517_585883-000047.parquet,ctrade1-l2-data,raw_l2/trade_date=2026-07-27/exchange=NSE/symbol=INFY/part-REDACTED.parquet
2026-07-27,NSE,INFY,part-034532_044887-000079.parquet,ctrade1-l2-data,raw_l2/trade_date=2026-07-27/exchange=NSE/symbol=INFY/part-REDACTED.parquet
2026-07-27,NSE,INFY,part-034546_217948-000111.parquet,ctrade1-l2-data,raw_l2/trade_date=2026-07-27/exchange=NSE/symbol=INFY/part-REDACTED.parquet
2026-07-27,NSE,INFY,part-034600_388899-000143.parquet,ctrade1-l2-data,raw_l2/trade_date=2026-07-27/exchange=NSE/symbol=INFY/part-REDACTED.parquet
2026-07-27,NSE,INFY,part-034614_672261-000175.parquet,ctrade1-l2-data,raw_l2/trade_date=2026-07-27/exchange=NSE/symbol=INFY/part-REDACTED.parquet
2026-07-27,NSE,INFY,part-034629_030996-000207.parquet,ctrade1-l2-data,raw_l2/trade_date=2026-07-27/exchange=NSE/symbol=INFY/part-REDACTED.parquet
2026-07-27,NSE,INFY,part-034643_528443-000239.parquet,ctrade1-l2-data,raw_l2/trade_date=2026-07-27/exchange=NSE/symbol=INFY/part-REDACTED.parquet
2026-07-27,NSE,INFY,part-034657_721537-000271.parquet,ctrade1-l2-data,raw_l2/trade_date=2026-07-27/exchange=NSE/symbol=INFY/part-REDACTED.parquet
2026-07-27,NSE,INFY,part-034711_775708-000303.parquet,ctrade1-l2-data,raw_l2/trade_date=2026-07-27/exchange=NSE/symbol=INFY/part-REDACTED.parquet
2026-07-27,NSE,INFY,part-034725_726109-000335.parquet,ctrade1-l2-data,raw_l2/trade_date=2026-07-27/exchange=NSE/symbol=INFY/part-REDACTED.parquet
2026-07-27,NSE,INFY,part-034739_980093-000367.parquet,ctrade1-l2-data,raw_l2/trade_date=2026-07-27/exchange=NSE/symbol=INFY/part-REDACTED.parquet
2026-07-27,NSE,INFY,part-034754_038799-000399.parquet,ctrade1-l2-data,raw_l2/trade_date=2026-07-27/exchange=NSE/symbol=INFY/part-REDACTED.parquet
2026-07-27,NSE,INFY,part-034808_314485-000431.parquet,ctrade1-l2-data,raw_l2/trade_date=2026-07-27/exchange=NSE/symbol=INFY/part-REDACTED.parquet
2026-07-27,NSE,INFY,part-034822_837855-000463.parquet,ctrade1-l2-data,raw_l2/trade_date=2026-07-27/exchange=NSE/symbol=INFY/part-REDACTED.parquet
2026-07-27,NSE,INFY,part-034837_347306-000495.parquet,ctrade1-l2-data,raw_l2/trade_date=2026-07-27/exchange=NSE/symbol=INFY/part-REDACTED.parquet
2026-07-27,NSE,INFY,part-034851_671748-000527.parquet,ctrade1-l2-data,raw_l2/trade_date=2026-07-27/exchange=NSE/symbol=INFY/part-REDACTED.parquet
2026-07-27,NSE,INFY,part-034906_035115-000559.parquet,ctrade1-l2-data,raw_l2/trade_date=2026-07-27/exchange=NSE/symbol=INFY/part-REDACTED.parquet
2026-07-27,NSE,INFY,part-034920_534149-000591.parquet,ctrade1-l2-data,raw_l2/trade_date=2026-07-27/exchange=NSE/symbol=INFY/part-REDACTED.parquet
2026-07-27,NSE,INFY,part-034934_919613-000623.parquet,ctrade1-l2-data,raw_l2/trade_date=2026-07-27/exchange=NSE/symbol=INFY/part-REDACTED.parquet
2026-07-27,NSE,INFY,part-034949_549345-000655.parquet,ctrade1-l2-data,raw_l2/trade_date=2026-07-27/exchange=NSE/symbol=INFY/part-REDACTED.parquet
2026-07-27,NSE,INFY,part-035004_148771-000687.parquet,ctrade1-l2-data,raw_l2/trade_date=2026-07-27/exchange=NSE/symbol=INFY/part-REDACTED.parquet
2026-07-27,NSE,INFY,part-035018_278487-000719.parquet,ctrade1-l2-data,raw_l2/trade_date=2026-07-27/exchange=NSE/symbol=INFY/part-REDACTED.parquet
2026-07-27,NSE,INFY,part-035032_311382-000751.parquet,ctrade1-l2-data,raw_l2/trade_date=2026-07-27/exchange=NSE/symbol=INFY/part-REDACTED.parquet
2026-07-27,NSE,INFY,part-035046_559716-000783.parquet,ctrade1-l2-data,raw_l2/trade_date=2026-07-27/exchange=NSE/symbol=INFY/part-REDACTED.parquet
2026-07-27,NSE,INFY,part-035100_723531-000815.parquet,ctrade1-l2-data,raw_l2/trade_date=2026-07-27/exchange=NSE/symbol=INFY/part-REDACTED.parquet
2026-07-27,NSE,INFY,part-035115_140046-000847.parquet,ctrade1-l2-data,raw_l2/trade_date=2026-07-27/exchange=NSE/symbol=INFY/part-REDACTED.parquet
2026-07-27,NSE,INFY,part-035129_490831-000879.parquet,ctrade1-l2-data,raw_l2/trade_date=2026-07-27/exchange=NSE/symbol=INFY/part-REDACTED.parquet
2026-07-27,NSE,INFY,part-035143_688794-000911.parquet,ctrade1-l2-data,raw_l2/trade_date=2026-07-27/exchange=NSE/symbol=INFY/part-REDACTED.parquet
2026-07-27,NSE,INFY,part-035157_905053-000943.parquet,ctrade1-l2-data,raw_l2/trade_date=2026-07-27/exchange=NSE/symbol=INFY/part-REDACTED.parquet
2026-07-27,NSE,INFY,part-035212_094181-000975.parquet,ctrade1-l2-data,raw_l2/trade_date=2026-07-27/exchange=NSE/symbol=INFY/part-REDACTED.parquet
2026-07-27,NSE,INFY,part-035226_330427-001007.parquet,ctrade1-l2-data,raw_l2/trade_date=2026-07-27/exchange=NSE/symbol=INFY/part-REDACTED.parquet
2026-07-27,NSE,INFY,part-035240_504978-001039.parquet,ctrade1-l2-data,raw_l2/trade_date=2026-07-27/exchange=NSE/symbol=INFY/part-REDACTED.parquet
2026-07-27,NSE,INFY,part-035254_860747-001071.parquet,ctrade1-l2-data,raw_l2/trade_date=2026-07-27/exchange=NSE/symbol=INFY/part-REDACTED.parquet
2026-07-27,NSE,INFY,part-035309_162208-001103.parquet,ctrade1-l2-data,raw_l2/trade_date=2026-07-27/exchange=NSE/symbol=INFY/part-REDACTED.parquet
2026-07-27,NSE,INFY,part-035323_421040-001135.parquet,ctrade1-l2-data,raw_l2/trade_date=2026-07-27/exchange=NSE/symbol=INFY/part-REDACTED.parquet
2026-07-27,NSE,INFY,part-035337_882858-001167.parquet,ctrade1-l2-data,raw_l2/trade_date=2026-07-27/exchange=NSE/symbol=INFY/part-REDACTED.parquet
2026-07-27,NSE,INFY,part-035352_325765-001199.parquet,ctrade1-l2-data,raw_l2/trade_date=2026-07-27/exchange=NSE/symbol=INFY/part-REDACTED.parquet
2026-07-27,NSE,INFY,part-035406_616104-001231.parquet,ctrade1-l2-data,raw_l2/trade_date=2026-07-27/exchange=NSE/symbol=INFY/part-REDACTED.parquet
2026-07-27,NSE,INFY,part-035420_766778-001263.parquet,ctrade1-l2-data,raw_l2/trade_date=2026-07-27/exchange=NSE/symbol=INFY/part-REDACTED.parquet
2026-07-27,NSE,INFY,part-035434_834705-001295.parquet,ctrade1-l2-data,raw_l2/trade_date=2026-07-27/exchange=NSE/symbol=INFY/part-REDACTED.parquet
2026-07-27,NSE,INFY,part-035449_832387-001327.parquet,ctrade1-l2-data,raw_l2/trade_date=2026-07-27/exchange=NSE/symbol=INFY/part-REDACTED.parquet
2026-07-27,NSE,INFY,part-035504_272522-001359.parquet,ctrade1-l2-data,raw_l2/trade_date=2026-07-27/exchange=NSE/symbol=INFY/part-REDACTED.parquet
2026-07-27,NSE,INFY,part-035518_885359-001391.parquet,ctrade1-l2-data,raw_l2/trade_date=2026-07-27/exchange=NSE/symbol=INFY/part-REDACTED.parquet
2026-07-27,NSE,INFY,part-035533_031233-001423.parquet,ctrade1-l2-data,raw_l2/trade_date=2026-07-27/exchange=NSE/symbol=INFY/part-REDACTED.parquet
2026-07-27,NSE,INFY,part-035547_486123-001455.parquet,ctrade1-l2-data,raw_l2/trade_date=2026-07-27/exchange=NSE/symbol=INFY/part-REDACTED.parquet
2026-07-27,NSE,INFY,part-035601_656845-001487.parquet,ctrade1-l2-data,raw_l2/trade_date=2026-07-27/exchange=NSE/symbol=INFY/part-REDACTED.parquet
2026-07-27,NSE,INFY,part-035616_516639-001519.parquet,ctrade1-l2-data,raw_l2/trade_date=2026-07-27/exchange=NSE/symbol=INFY/part-REDACTED.parquet
2026-07-27,NSE,INFY,part-035631_063241-001551.parquet,ctrade1-l2-data,raw_l2/trade_date=2026-07-27/exchange=NSE/symbol=INFY/part-REDACTED.parquet
2026-07-27,NSE,INFY,part-035645_264545-001583.parquet,ctrade1-l2-data,raw_l2/trade_date=2026-07-27/exchange=NSE/symbol=INFY/part-REDACTED.parquet
2026-07-27,NSE,INFY,part-035659_543798-001615.parquet,ctrade1-l2-data,raw_l2/trade_date=2026-07-27/exchange=NSE/symbol=INFY/part-REDACTED.parquet
2026-07-27,NSE,INFY,part-035713_809573-001647.parquet,ctrade1-l2-data,raw_l2/trade_date=2026-07-27/exchange=NSE/symbol=INFY/part-REDACTED.parquet
2026-07-27,NSE,INFY,part-035728_304621-001679.parquet,ctrade1-l2-data,raw_l2/trade_date=2026-07-27/exchange=NSE/symbol=INFY/part-REDACTED.parquet
2026-07-27,NSE,INFY,part-035742_541679-001711.parquet,ctrade1-l2-data,raw_l2/trade_date=2026-07-27/exchange=NSE/symbol=INFY/part-REDACTED.parquet
2026-07-27,NSE,INFY,part-035756_820968-001743.parquet,ctrade1-l2-data,raw_l2/trade_date=2026-07-27/exchange=NSE/symbol=INFY/part-REDACTED.parquet
2026-07-27,NSE,INFY,part-035811_111835-001775.parquet,ctrade1-l2-data,raw_l2/trade_date=2026-07-27/exchange=NSE/symbol=INFY/part-REDACTED.parquet
2026-07-27,NSE,INFY,part-035825_577580-001807.parquet,ctrade1-l2-data,raw_l2/trade_date=2026-07-27/exchange=NSE/symbol=INFY/part-REDACTED.parquet
2026-07-27,NSE,INFY,part-035839_939674-001839.parquet,ctrade1-l2-data,raw_l2/trade_date=2026-07-27/exchange=NSE/symbol=INFY/part-REDACTED.parquet
2026-07-27,NSE,INFY,part-035854_322945-001871.parquet,ctrade1-l2-data,raw_l2/trade_date=2026-07-27/exchange=NSE/symbol=INFY/part-REDACTED.parquet
2026-07-27,NSE,INFY,part-035908_599650-001903.parquet,ctrade1-l2-data,raw_l2/trade_date=2026-07-27/exchange=NSE/symbol=INFY/part-REDACTED.parquet
2026-07-27,NSE,INFY,part-035923_178863-001935.parquet,ctrade1-l2-data,raw_l2/trade_date=2026-07-27/exchange=NSE/symbol=INFY/part-REDACTED.parquet
2026-07-27,NSE,INFY,part-035937_525130-001967.parquet,ctrade1-l2-data,raw_l2/trade_date=2026-07-27/exchange=NSE/symbol=INFY/part-REDACTED.parquet
2026-07-27,NSE,INFY,part-035951_735013-001999.parquet,ctrade1-l2-data,raw_l2/trade_date=2026-07-27/exchange=NSE/symbol=INFY/part-REDACTED.parquet
2026-07-27,NSE,INFY,part-040006_388703-002031.parquet,ctrade1-l2-data,raw_l2/trade_date=2026-07-27/exchange=NSE/symbol=INFY/part-REDACTED.parquet
2026-07-27,NSE,INFY,part-040020_805804-002063.parquet,ctrade1-l2-data,raw_l2/trade_date=2026-07-27/exchange=NSE/symbol=INFY/part-REDACTED.parquet
2026-07-27,NSE,INFY,part-040035_097368-002095.parquet,ctrade1-l2-data,raw_l2/trade_date=2026-07-27/exchange=NSE/symbol=INFY/part-REDACTED.parquet
2026-07-27,NSE,INFY,part-040049_363852-002127.parquet,ctrade1-l2-data,raw_l2/trade_date=2026-07-27/exchange=NSE/symbol=INFY/part-REDACTED.parquet
2026-07-27,NSE,INFY,part-040103_937582-002159.parquet,ctrade1-l2-data,raw_l2/trade_date=2026-07-27/exchange=NSE/symbol=INFY/part-REDACTED.parquet
2026-07-27,NSE,INFY,part-040118_408686-002191.parquet,ctrade1-l2-data,raw_l2/trade_date=2026-07-27/exchange=NSE/symbol=INFY/part-REDACTED.parquet
2026-07-27,NSE,INFY,part-040132_644905-002223.parquet,ctrade1-l2-data,raw_l2/trade_date=2026-07-27/exchange=NSE/symbol=INFY/part-REDACTED.parquet
2026-07-27,NSE,INFY,part-040147_289013-002255.parquet,ctrade1-l2-data,raw_l2/trade_date=2026-07-27/exchange=NSE/symbol=INFY/part-REDACTED.parquet
2026-07-27,NSE,INFY,part-040201_648364-002287.parquet,ctrade1-l2-data,raw_l2/trade_date=2026-07-27/exchange=NSE/symbol=INFY/part-REDACTED.parquet
2026-07-27,NSE,INFY,part-040216_107223-002319.parquet,ctrade1-l2-data,raw_l2/trade_date=2026-07-27/exchange=NSE/symbol=INFY/part-REDACTED.parquet
2026-07-27,NSE,INFY,part-040230_801750-002351.parquet,ctrade1-l2-data,raw_l2/trade_date=2026-07-27/exchange=NSE/symbol=INFY/part-REDACTED.parquet
2026-07-27,NSE,INFY,part-040245_353075-002383.parquet,ctrade1-l2-data,raw_l2/trade_date=2026-07-27/exchange=NSE/symbol=INFY/part-REDACTED.parquet
2026-07-27,NSE,INFY,part-040300_091560-002415.parquet,ctrade1-l2-data,raw_l2/trade_date=2026-07-27/exchange=NSE/symbol=INFY/part-REDACTED.parquet
2026-07-27,NSE,INFY,part-040314_551061-002447.parquet,ctrade1-l2-data,raw_l2/trade_date=2026-07-27/exchange=NSE/symbol=INFY/part-REDACTED.parquet
2026-07-27,NSE,INFY,part-040328_814248-002479.parquet,ctrade1-l2-data,raw_l2/trade_date=2026-07-27/exchange=NSE/symbol=INFY/part-REDACTED.parquet
2026-07-27,NSE,INFY,part-040343_321043-002511.parquet,ctrade1-l2-data,raw_l2/trade_date=2026-07-27/exchange=NSE/symbol=INFY/part-REDACTED.parquet
2026-07-27,NSE,INFY,part-040357_900607-002543.parquet,ctrade1-l2-data,raw_l2/trade_date=2026-07-27/exchange=NSE/symbol=INFY/part-REDACTED.parquet
2026-07-27,NSE,INFY,part-040412_467529-002575.parquet,ctrade1-l2-data,raw_l2/trade_date=2026-07-27/exchange=NSE/symbol=INFY/part-REDACTED.parquet
2026-07-27,NSE,INFY,part-040426_893745-002607.parquet,ctrade1-l2-data,raw_l2/trade_date=2026-07-27/exchange=NSE/symbol=INFY/part-REDACTED.parquet
2026-07-27,NSE,INFY,part-040441_087787-002639.parquet,ctrade1-l2-data,raw_l2/trade_date=2026-07-27/exchange=NSE/symbol=INFY/part-REDACTED.parquet
2026-07-27,NSE,INFY,part-040455_495021-002671.parquet,ctrade1-l2-data,raw_l2/trade_date=2026-07-27/exchange=NSE/symbol=INFY/part-REDACTED.parquet
2026-07-27,NSE,INFY,part-040509_844684-002703.parquet,ctrade1-l2-data,raw_l2/trade_date=2026-07-27/exchange=NSE/symbol=INFY/part-REDACTED.parquet
2026-07-27,NSE,INFY,part-040524_168207-002735.parquet,ctrade1-l2-data,raw_l2/trade_date=2026-07-27/exchange=NSE/symbol=INFY/part-REDACTED.parquet
2026-07-27,NSE,INFY,part-040538_224280-002767.parquet,ctrade1-l2-data,raw_l2/trade_date=2026-07-27/exchange=NSE/symbol=INFY/part-REDACTED.parquet
2026-07-27,NSE,INFY,part-040552_428498-002799.parquet,ctrade1-l2-data,raw_l2/trade_date=2026-07-27/exchange=NSE/symbol=INFY/part-REDACTED.parquet
2026-07-27,NSE,INFY,part-040606_414588-002831.parquet,ctrade1-l2-data,raw_l2/trade_date=2026-07-27/exchange=NSE/symbol=INFY/part-REDACTED.parquet
2026-07-27,NSE,INFY,part-040620_474810-002863.parquet,ctrade1-l2-data,raw_l2/trade_date=2026-07-27/exchange=NSE/symbol=INFY/part-REDACTED.parquet
2026-07-27,NSE,INFY,part-040634_517114-002895.parquet,ctrade1-l2-data,raw_l2/trade_date=2026-07-27/exchange=NSE/symbol=INFY/part-REDACTED.parquet
2026-07-27,NSE,INFY,part-040648_454595-002927.parquet,ctrade1-l2-data,raw_l2/trade_date=2026-07-27/exchange=NSE/symbol=INFY/part-REDACTED.parquet
2026-07-27,NSE,INFY,part-040702_483161-002959.parquet,ctrade1-l2-data,raw_l2/trade_date=2026-07-27/exchange=NSE/symbol=INFY/part-REDACTED.parquet
2026-07-27,NSE,INFY,part-040716_873115-002991.parquet,ctrade1-l2-data,raw_l2/trade_date=2026-07-27/exchange=NSE/symbol=INFY/part-REDACTED.parquet
2026-07-27,NSE,INFY,part-040731_042331-003023.parquet,ctrade1-l2-data,raw_l2/trade_date=2026-07-27/exchange=NSE/symbol=INFY/part-REDACTED.parquet
2026-07-27,NSE,INFY,part-040745_184979-003055.parquet,ctrade1-l2-data,raw_l2/trade_date=2026-07-27/exchange=NSE/symbol=INFY/part-REDACTED.parquet
2026-07-27,NSE,INFY,part-040759_819033-003087.parquet,ctrade1-l2-data,raw_l2/trade_date=2026-07-27/exchange=NSE/symbol=INFY/part-REDACTED.parquet
2026-07-27,NSE,INFY,part-040814_066310-003119.parquet,ctrade1-l2-data,raw_l2/trade_date=2026-07-27/exchange=NSE/symbol=INFY/part-REDACTED.parquet
2026-07-27,NSE,INFY,part-040828_342178-003151.parquet,ctrade1-l2-data,raw_l2/trade_date=2026-07-27/exchange=NSE/symbol=INFY/part-REDACTED.parquet
2026-07-27,NSE,INFY,part-040842_459169-003183.parquet,ctrade1-l2-data,raw_l2/trade_date=2026-07-27/exchange=NSE/symbol=INFY/part-REDACTED.parquet
2026-07-27,NSE,INFY,part-040856_866366-003215.parquet,ctrade1-l2-data,raw_l2/trade_date=2026-07-27/exchange=NSE/symbol=INFY/part-REDACTED.parquet
2026-07-27,NSE,INFY,part-040910_986553-003247.parquet,ctrade1-l2-data,raw_l2/trade_date=2026-07-27/exchange=NSE/symbol=INFY/part-REDACTED.parquet
2026-07-27,NSE,INFY,part-040924_979562-003279.parquet,ctrade1-l2-data,raw_l2/trade_date=2026-07-27/exchange=NSE/symbol=INFY/part-REDACTED.parquet
2026-07-27,NSE,INFY,part-040939_354515-003311.parquet,ctrade1-l2-data,raw_l2/trade_date=2026-07-27/exchange=NSE/symbol=INFY/part-REDACTED.parquet
2026-07-27,NSE,INFY,part-040953_555078-003343.parquet,ctrade1-l2-data,raw_l2/trade_date=2026-07-27/exchange=NSE/symbol=INFY/part-REDACTED.parquet
2026-07-27,NSE,INFY,part-041007_812320-003375.parquet,ctrade1-l2-data,raw_l2/trade_date=2026-07-27/exchange=NSE/symbol=INFY/part-REDACTED.parquet
2026-07-27,NSE,INFY,part-041022_043816-003407.parquet,ctrade1-l2-data,raw_l2/trade_date=2026-07-27/exchange=NSE/symbol=INFY/part-REDACTED.parquet
2026-07-27,NSE,INFY,part-041036_479361-003439.parquet,ctrade1-l2-data,raw_l2/trade_date=2026-07-27/exchange=NSE/symbol=INFY/part-REDACTED.parquet
2026-07-27,NSE,INFY,part-041050_690632-003471.parquet,ctrade1-l2-data,raw_l2/trade_date=2026-07-27/exchange=NSE/symbol=INFY/part-REDACTED.parquet
2026-07-27,NSE,INFY,part-041104_880144-003503.parquet,ctrade1-l2-data,raw_l2/trade_date=2026-07-27/exchange=NSE/symbol=INFY/part-REDACTED.parquet
2026-07-27,NSE,INFY,part-041119_308191-003535.parquet,ctrade1-l2-data,raw_l2/trade_date=2026-07-27/exchange=NSE/symbol=INFY/part-REDACTED.parquet
2026-07-27,NSE,INFY,part-041133_416697-003567.parquet,ctrade1-l2-data,raw_l2/trade_date=2026-07-27/exchange=NSE/symbol=INFY/part-REDACTED.parquet
2026-07-27,NSE,INFY,part-041147_591508-003599.parquet,ctrade1-l2-data,raw_l2/trade_date=2026-07-27/exchange=NSE/symbol=INFY/part-REDACTED.parquet
2026-07-27,NSE,INFY,part-041201_675464-003631.parquet,ctrade1-l2-data,raw_l2/trade_date=2026-07-27/exchange=NSE/symbol=INFY/part-REDACTED.parquet
2026-07-27,NSE,INFY,part-041215_680274-003663.parquet,ctrade1-l2-data,raw_l2/trade_date=2026-07-27/exchange=NSE/symbol=INFY/part-REDACTED.parquet
2026-07-27,NSE,INFY,part-041230_205296-003695.parquet,ctrade1-l2-data,raw_l2/trade_date=2026-07-27/exchange=NSE/symbol=INFY/part-REDACTED.parquet
2026-07-27,NSE,INFY,part-041244_913625-003727.parquet,ctrade1-l2-data,raw_l2/trade_date=2026-07-27/exchange=NSE/symbol=INFY/part-REDACTED.parquet
2026-07-27,NSE,INFY,part-041258_936823-003759.parquet,ctrade1-l2-data,raw_l2/trade_date=2026-07-27/exchange=NSE/symbol=INFY/part-REDACTED.parquet
2026-07-27,NSE,INFY,part-041313_106412-003791.parquet,ctrade1-l2-data,raw_l2/trade_date=2026-07-27/exchange=NSE/symbol=INFY/part-REDACTED.parquet
2026-07-27,NSE,INFY,part-041327_477271-003823.parquet,ctrade1-l2-data,raw_l2/trade_date=2026-07-27/exchange=NSE/symbol=INFY/part-REDACTED.parquet
2026-07-27,NSE,INFY,part-041341_485969-003855.parquet,ctrade1-l2-data,raw_l2/trade_date=2026-07-27/exchange=NSE/symbol=INFY/part-REDACTED.parquet
2026-07-27,NSE,INFY,part-041355_499126-003887.parquet,ctrade1-l2-data,raw_l2/trade_date=2026-07-27/exchange=NSE/symbol=INFY/part-REDACTED.parquet
2026-07-27,NSE,INFY,part-041409_512679-003919.parquet,ctrade1-l2-data,raw_l2/trade_date=2026-07-27/exchange=NSE/symbol=INFY/part-REDACTED.parquet
2026-07-27,NSE,INFY,part-041423_482583-003951.parquet,ctrade1-l2-data,raw_l2/trade_date=2026-07-27/exchange=NSE/symbol=INFY/part-REDACTED.parquet
2026-07-27,NSE,INFY,part-041437_472205-003983.parquet,ctrade1-l2-data,raw_l2/trade_date=2026-07-27/exchange=NSE/symbol=INFY/part-REDACTED.parquet
2026-07-27,NSE,INFY,part-041451_456334-004015.parquet,ctrade1-l2-data,raw_l2/trade_date=2026-07-27/exchange=NSE/symbol=INFY/part-REDACTED.parquet
2026-07-27,NSE,INFY,part-041505_493165-004047.parquet,ctrade1-l2-data,raw_l2/trade_date=2026-07-27/exchange=NSE/symbol=INFY/part-REDACTED.parquet
2026-07-27,NSE,INFY,part-041519_463076-004079.parquet,ctrade1-l2-data,raw_l2/trade_date=2026-07-27/exchange=NSE/symbol=INFY/part-REDACTED.parquet
2026-07-27,NSE,INFY,part-041533_779655-004111.parquet,ctrade1-l2-data,raw_l2/trade_date=2026-07-27/exchange=NSE/symbol=INFY/part-REDACTED.parquet
2026-07-27,NSE,INFY,part-041548_273384-004143.parquet,ctrade1-l2-data,raw_l2/trade_date=2026-07-27/exchange=NSE/symbol=INFY/part-REDACTED.parquet
2026-07-27,NSE,INFY,part-041602_327010-004175.parquet,ctrade1-l2-data,raw_l2/trade_date=2026-07-27/exchange=NSE/symbol=INFY/part-REDACTED.parquet
2026-07-27,NSE,INFY,part-041616_477827-004207.parquet,ctrade1-l2-data,raw_l2/trade_date=2026-07-27/exchange=NSE/symbol=INFY/part-REDACTED.parquet
2026-07-27,NSE,INFY,part-041631_417674-004239.parquet,ctrade1-l2-data,raw_l2/trade_date=2026-07-27/exchange=NSE/symbol=INFY/part-REDACTED.parquet
2026-07-27,NSE,INFY,part-041647_212315-004271.parquet,ctrade1-l2-data,raw_l2/trade_date=2026-07-27/exchange=NSE/symbol=INFY/part-REDACTED.parquet
2026-07-27,NSE,INFY,part-041701_214069-004303.parquet,ctrade1-l2-data,raw_l2/trade_date=2026-07-27/exchange=NSE/symbol=INFY/part-REDACTED.parquet
2026-07-27,NSE,INFY,part-041715_261942-004335.parquet,ctrade1-l2-data,raw_l2/trade_date=2026-07-27/exchange=NSE/symbol=INFY/part-REDACTED.parquet
2026-07-27,NSE,INFY,part-041729_610213-004367.parquet,ctrade1-l2-data,raw_l2/trade_date=2026-07-27/exchange=NSE/symbol=INFY/part-REDACTED.parquet
2026-07-27,NSE,INFY,part-041744_042221-004399.parquet,ctrade1-l2-data,raw_l2/trade_date=2026-07-27/exchange=NSE/symbol=INFY/part-REDACTED.parquet
2026-07-27,NSE,INFY,part-041758_454423-004431.parquet,ctrade1-l2-data,raw_l2/trade_date=2026-07-27/exchange=NSE/symbol=INFY/part-REDACTED.parquet
2026-07-27,NSE,INFY,part-041812_754744-004463.parquet,ctrade1-l2-data,raw_l2/trade_date=2026-07-27/exchange=NSE/symbol=INFY/part-REDACTED.parquet
2026-07-27,NSE,INFY,part-041826_842700-004495.parquet,ctrade1-l2-data,raw_l2/trade_date=2026-07-27/exchange=NSE/symbol=INFY/part-REDACTED.parquet
2026-07-27,NSE,INFY,part-041840_881424-004527.parquet,ctrade1-l2-data,raw_l2/trade_date=2026-07-27/exchange=NSE/symbol=INFY/part-REDACTED.parquet
2026-07-27,NSE,INFY,part-041854_989841-004559.parquet,ctrade1-l2-data,raw_l2/trade_date=2026-07-27/exchange=NSE/symbol=INFY/part-REDACTED.parquet
2026-07-27,NSE,INFY,part-041908_979461-004591.parquet,ctrade1-l2-data,raw_l2/trade_date=2026-07-27/exchange=NSE/symbol=INFY/part-REDACTED.parquet
2026-07-27,NSE,INFY,part-041923_019897-004623.parquet,ctrade1-l2-data,raw_l2/trade_date=2026-07-27/exchange=NSE/symbol=INFY/part-REDACTED.parquet
2026-07-27,NSE,INFY,part-041936_937625-004655.parquet,ctrade1-l2-data,raw_l2/trade_date=2026-07-27/exchange=NSE/symbol=INFY/part-REDACTED.parquet
2026-07-27,NSE,INFY,part-041950_955039-004687.parquet,ctrade1-l2-data,raw_l2/trade_date=2026-07-27/exchange=NSE/symbol=INFY/part-REDACTED.parquet
2026-07-27,NSE,INFY,part-042005_197930-004719.parquet,ctrade1-l2-data,raw_l2/trade_date=2026-07-27/exchange=NSE/symbol=INFY/part-REDACTED.parquet
2026-07-27,NSE,INFY,part-042019_221875-004751.parquet,ctrade1-l2-data,raw_l2/trade_date=2026-07-27/exchange=NSE/symbol=INFY/part-REDACTED.parquet
2026-07-27,NSE,INFY,part-042033_528510-004783.parquet,ctrade1-l2-data,raw_l2/trade_date=2026-07-27/exchange=NSE/symbol=INFY/part-REDACTED.parquet
2026-07-27,NSE,INFY,part-042047_450294-004815.parquet,ctrade1-l2-data,raw_l2/trade_date=2026-07-27/exchange=NSE/symbol=INFY/part-REDACTED.parquet
2026-07-27,NSE,INFY,part-042101_465594-004847.parquet,ctrade1-l2-data,raw_l2/trade_date=2026-07-27/exchange=NSE/symbol=INFY/part-REDACTED.parquet
2026-07-27,NSE,INFY,part-042115_755005-004879.parquet,ctrade1-l2-data,raw_l2/trade_date=2026-07-27/exchange=NSE/symbol=INFY/part-REDACTED.parquet
2026-07-27,NSE,INFY,part-042130_076392-004911.parquet,ctrade1-l2-data,raw_l2/trade_date=2026-07-27/exchange=NSE/symbol=INFY/part-REDACTED.parquet
2026-07-27,NSE,INFY,part-042144_262280-004943.parquet,ctrade1-l2-data,raw_l2/trade_date=2026-07-27/exchange=NSE/symbol=INFY/part-REDACTED.parquet
2026-07-27,NSE,INFY,part-042158_640377-004975.parquet,ctrade1-l2-data,raw_l2/trade_date=2026-07-27/exchange=NSE/symbol=INFY/part-REDACTED.parquet
2026-07-27,NSE,INFY,part-042213_286698-005007.parquet,ctrade1-l2-data,raw_l2/trade_date=2026-07-27/exchange=NSE/symbol=INFY/part-REDACTED.parquet
2026-07-27,NSE,INFY,part-042227_524236-005039.parquet,ctrade1-l2-data,raw_l2/trade_date=2026-07-27/exchange=NSE/symbol=INFY/part-REDACTED.parquet
2026-07-27,NSE,INFY,part-042241_855096-005071.parquet,ctrade1-l2-data,raw_l2/trade_date=2026-07-27/exchange=NSE/symbol=INFY/part-REDACTED.parquet
2026-07-27,NSE,INFY,part-042256_297503-005103.parquet,ctrade1-l2-data,raw_l2/trade_date=2026-07-27/exchange=NSE/symbol=INFY/part-REDACTED.parquet
2026-07-27,NSE,INFY,part-042310_581034-005135.parquet,ctrade1-l2-data,raw_l2/trade_date=2026-07-27/exchange=NSE/symbol=INFY/part-REDACTED.parquet
2026-07-27,NSE,INFY,part-042324_854586-005167.parquet,ctrade1-l2-data,raw_l2/trade_date=2026-07-27/exchange=NSE/symbol=INFY/part-REDACTED.parquet
2026-07-27,NSE,INFY,part-042339_317744-005199.parquet,ctrade1-l2-data,raw_l2/trade_date=2026-07-27/exchange=NSE/symbol=INFY/part-REDACTED.parquet
2026-07-27,NSE,INFY,part-042353_607118-005231.parquet,ctrade1-l2-data,raw_l2/trade_date=2026-07-27/exchange=NSE/symbol=INFY/part-REDACTED.parquet
2026-07-27,NSE,INFY,part-042408_120605-005263.parquet,ctrade1-l2-data,raw_l2/trade_date=2026-07-27/exchange=NSE/symbol=INFY/part-REDACTED.parquet
2026-07-27,NSE,INFY,part-042422_636051-005295.parquet,ctrade1-l2-data,raw_l2/trade_date=2026-07-27/exchange=NSE/symbol=INFY/part-REDACTED.parquet
2026-07-27,NSE,INFY,part-042437_001234-005327.parquet,ctrade1-l2-data,raw_l2/trade_date=2026-07-27/exchange=NSE/symbol=INFY/part-REDACTED.parquet
2026-07-27,NSE,INFY,part-042451_348456-005359.parquet,ctrade1-l2-data,raw_l2/trade_date=2026-07-27/exchange=NSE/symbol=INFY/part-REDACTED.parquet
2026-07-27,NSE,INFY,part-042505_602482-005391.parquet,ctrade1-l2-data,raw_l2/trade_date=2026-07-27/exchange=NSE/symbol=INFY/part-REDACTED.parquet
2026-07-27,NSE,INFY,part-042519_807035-005423.parquet,ctrade1-l2-data,raw_l2/trade_date=2026-07-27/exchange=NSE/symbol=INFY/part-REDACTED.parquet
2026-07-27,NSE,INFY,part-042534_144348-005455.parquet,ctrade1-l2-data,raw_l2/trade_date=2026-07-27/exchange=NSE/symbol=INFY/part-REDACTED.parquet
2026-07-27,NSE,INFY,part-042548_598193-005487.parquet,ctrade1-l2-data,raw_l2/trade_date=2026-07-27/exchange=NSE/symbol=INFY/part-REDACTED.parquet
2026-07-27,NSE,INFY,part-042603_190975-005519.parquet,ctrade1-l2-data,raw_l2/trade_date=2026-07-27/exchange=NSE/symbol=INFY/part-REDACTED.parquet
2026-07-27,NSE,INFY,part-042617_873238-005551.parquet,ctrade1-l2-data,raw_l2/trade_date=2026-07-27/exchange=NSE/symbol=INFY/part-REDACTED.parquet
2026-07-27,NSE,INFY,part-042632_164235-005583.parquet,ctrade1-l2-data,raw_l2/trade_date=2026-07-27/exchange=NSE/symbol=INFY/part-REDACTED.parquet
2026-07-27,NSE,INFY,part-042646_473928-005615.parquet,ctrade1-l2-data,raw_l2/trade_date=2026-07-27/exchange=NSE/symbol=INFY/part-REDACTED.parquet
2026-07-27,NSE,INFY,part-042701_127746-005647.parquet,ctrade1-l2-data,raw_l2/trade_date=2026-07-27/exchange=NSE/symbol=INFY/part-REDACTED.parquet
2026-07-27,NSE,ITBEES,part-034503_177398-000016.parquet,ctrade1-l2-data,raw_l2/trade_date=2026-07-27/exchange=NSE/symbol=ITBEES/part-REDACTED.parquet
2026-07-27,NSE,ITBEES,part-034517_705361-000048.parquet,ctrade1-l2-data,raw_l2/trade_date=2026-07-27/exchange=NSE/symbol=ITBEES/part-REDACTED.parquet
2026-07-27,NSE,ITBEES,part-034532_170779-000080.parquet,ctrade1-l2-data,raw_l2/trade_date=2026-07-27/exchange=NSE/symbol=ITBEES/part-REDACTED.parquet
2026-07-27,NSE,ITBEES,part-034546_354351-000112.parquet,ctrade1-l2-data,raw_l2/trade_date=2026-07-27/exchange=NSE/symbol=ITBEES/part-REDACTED.parquet
2026-07-27,NSE,ITBEES,part-034600_507654-000144.parquet,ctrade1-l2-data,raw_l2/trade_date=2026-07-27/exchange=NSE/symbol=ITBEES/part-REDACTED.parquet
2026-07-27,NSE,ITBEES,part-034614_805155-000176.parquet,ctrade1-l2-data,raw_l2/trade_date=2026-07-27/exchange=NSE/symbol=ITBEES/part-REDACTED.parquet
2026-07-27,NSE,ITBEES,part-034629_182149-000208.parquet,ctrade1-l2-data,raw_l2/trade_date=2026-07-27/exchange=NSE/symbol=ITBEES/part-REDACTED.parquet
2026-07-27,NSE,ITBEES,part-034643_665058-000240.parquet,ctrade1-l2-data,raw_l2/trade_date=2026-07-27/exchange=NSE/symbol=ITBEES/part-REDACTED.parquet
2026-07-27,NSE,ITBEES,part-034657_843973-000272.parquet,ctrade1-l2-data,raw_l2/trade_date=2026-07-27/exchange=NSE/symbol=ITBEES/part-REDACTED.parquet
2026-07-27,NSE,ITBEES,part-034711_902195-000304.parquet,ctrade1-l2-data,raw_l2/trade_date=2026-07-27/exchange=NSE/symbol=ITBEES/part-REDACTED.parquet
2026-07-27,NSE,ITBEES,part-034725_843872-000336.parquet,ctrade1-l2-data,raw_l2/trade_date=2026-07-27/exchange=NSE/symbol=ITBEES/part-REDACTED.parquet
2026-07-27,NSE,ITBEES,part-034740_099473-000368.parquet,ctrade1-l2-data,raw_l2/trade_date=2026-07-27/exchange=NSE/symbol=ITBEES/part-REDACTED.parquet
2026-07-27,NSE,ITBEES,part-034754_156135-000400.parquet,ctrade1-l2-data,raw_l2/trade_date=2026-07-27/exchange=NSE/symbol=ITBEES/part-REDACTED.parquet
2026-07-27,NSE,ITBEES,part-034808_435326-000432.parquet,ctrade1-l2-data,raw_l2/trade_date=2026-07-27/exchange=NSE/symbol=ITBEES/part-REDACTED.parquet
2026-07-27,NSE,ITBEES,part-034822_970188-000464.parquet,ctrade1-l2-data,raw_l2/trade_date=2026-07-27/exchange=NSE/symbol=ITBEES/part-REDACTED.parquet
2026-07-27,NSE,ITBEES,part-034837_493484-000496.parquet,ctrade1-l2-data,raw_l2/trade_date=2026-07-27/exchange=NSE/symbol=ITBEES/part-REDACTED.parquet
2026-07-27,NSE,ITBEES,part-034851_794818-000528.parquet,ctrade1-l2-data,raw_l2/trade_date=2026-07-27/exchange=NSE/symbol=ITBEES/part-REDACTED.parquet
2026-07-27,NSE,ITBEES,part-034906_163423-000560.parquet,ctrade1-l2-data,raw_l2/trade_date=2026-07-27/exchange=NSE/symbol=ITBEES/part-REDACTED.parquet
2026-07-27,NSE,ITBEES,part-034920_659900-000592.parquet,ctrade1-l2-data,raw_l2/trade_date=2026-07-27/exchange=NSE/symbol=ITBEES/part-REDACTED.parquet
2026-07-27,NSE,ITBEES,part-034935_040289-000624.parquet,ctrade1-l2-data,raw_l2/trade_date=2026-07-27/exchange=NSE/symbol=ITBEES/part-REDACTED.parquet
2026-07-27,NSE,ITBEES,part-034949_672212-000656.parquet,ctrade1-l2-data,raw_l2/trade_date=2026-07-27/exchange=NSE/symbol=ITBEES/part-REDACTED.parquet
2026-07-27,NSE,ITBEES,part-035004_265866-000688.parquet,ctrade1-l2-data,raw_l2/trade_date=2026-07-27/exchange=NSE/symbol=ITBEES/part-REDACTED.parquet
2026-07-27,NSE,ITBEES,part-035018_394881-000720.parquet,ctrade1-l2-data,raw_l2/trade_date=2026-07-27/exchange=NSE/symbol=ITBEES/part-REDACTED.parquet
2026-07-27,NSE,ITBEES,part-035032_439334-000752.parquet,ctrade1-l2-data,raw_l2/trade_date=2026-07-27/exchange=NSE/symbol=ITBEES/part-REDACTED.parquet
2026-07-27,NSE,ITBEES,part-035046_701719-000784.parquet,ctrade1-l2-data,raw_l2/trade_date=2026-07-27/exchange=NSE/symbol=ITBEES/part-REDACTED.parquet
2026-07-27,NSE,ITBEES,part-035100_863512-000816.parquet,ctrade1-l2-data,raw_l2/trade_date=2026-07-27/exchange=NSE/symbol=ITBEES/part-REDACTED.parquet
2026-07-27,NSE,ITBEES,part-035115_282566-000848.parquet,ctrade1-l2-data,raw_l2/trade_date=2026-07-27/exchange=NSE/symbol=ITBEES/part-REDACTED.parquet
2026-07-27,NSE,ITBEES,part-035129_628023-000880.parquet,ctrade1-l2-data,raw_l2/trade_date=2026-07-27/exchange=NSE/symbol=ITBEES/part-REDACTED.parquet
2026-07-27,NSE,ITBEES,part-035143_815529-000912.parquet,ctrade1-l2-data,raw_l2/trade_date=2026-07-27/exchange=NSE/symbol=ITBEES/part-REDACTED.parquet
2026-07-27,NSE,ITBEES,part-035158_032542-000944.parquet,ctrade1-l2-data,raw_l2/trade_date=2026-07-27/exchange=NSE/symbol=ITBEES/part-REDACTED.parquet
2026-07-27,NSE,ITBEES,part-035212_222933-000976.parquet,ctrade1-l2-data,raw_l2/trade_date=2026-07-27/exchange=NSE/symbol=ITBEES/part-REDACTED.parquet
2026-07-27,NSE,ITBEES,part-035226_460228-001008.parquet,ctrade1-l2-data,raw_l2/trade_date=2026-07-27/exchange=NSE/symbol=ITBEES/part-REDACTED.parquet
2026-07-27,NSE,ITBEES,part-035240_629791-001040.parquet,ctrade1-l2-data,raw_l2/trade_date=2026-07-27/exchange=NSE/symbol=ITBEES/part-REDACTED.parquet
2026-07-27,NSE,ITBEES,part-035254_977702-001072.parquet,ctrade1-l2-data,raw_l2/trade_date=2026-07-27/exchange=NSE/symbol=ITBEES/part-REDACTED.parquet
2026-07-27,NSE,ITBEES,part-035309_303025-001104.parquet,ctrade1-l2-data,raw_l2/trade_date=2026-07-27/exchange=NSE/symbol=ITBEES/part-REDACTED.parquet
2026-07-27,NSE,ITBEES,part-035323_553569-001136.parquet,ctrade1-l2-data,raw_l2/trade_date=2026-07-27/exchange=NSE/symbol=ITBEES/part-REDACTED.parquet
2026-07-27,NSE,ITBEES,part-035338_008147-001168.parquet,ctrade1-l2-data,raw_l2/trade_date=2026-07-27/exchange=NSE/symbol=ITBEES/part-REDACTED.parquet
2026-07-27,NSE,ITBEES,part-035352_465740-001200.parquet,ctrade1-l2-data,raw_l2/trade_date=2026-07-27/exchange=NSE/symbol=ITBEES/part-REDACTED.parquet
2026-07-27,NSE,ITBEES,part-035406_747583-001232.parquet,ctrade1-l2-data,raw_l2/trade_date=2026-07-27/exchange=NSE/symbol=ITBEES/part-REDACTED.parquet
2026-07-27,NSE,ITBEES,part-035420_883366-001264.parquet,ctrade1-l2-data,raw_l2/trade_date=2026-07-27/exchange=NSE/symbol=ITBEES/part-REDACTED.parquet
2026-07-27,NSE,ITBEES,part-035434_951816-001296.parquet,ctrade1-l2-data,raw_l2/trade_date=2026-07-27/exchange=NSE/symbol=ITBEES/part-REDACTED.parquet
2026-07-27,NSE,ITBEES,part-035449_965510-001328.parquet,ctrade1-l2-data,raw_l2/trade_date=2026-07-27/exchange=NSE/symbol=ITBEES/part-REDACTED.parquet
2026-07-27,NSE,ITBEES,part-035504_390365-001360.parquet,ctrade1-l2-data,raw_l2/trade_date=2026-07-27/exchange=NSE/symbol=ITBEES/part-REDACTED.parquet
2026-07-27,NSE,ITBEES,part-035519_006526-001392.parquet,ctrade1-l2-data,raw_l2/trade_date=2026-07-27/exchange=NSE/symbol=ITBEES/part-REDACTED.parquet
2026-07-27,NSE,ITBEES,part-035533_154162-001424.parquet,ctrade1-l2-data,raw_l2/trade_date=2026-07-27/exchange=NSE/symbol=ITBEES/part-REDACTED.parquet
2026-07-27,NSE,ITBEES,part-035547_639485-001456.parquet,ctrade1-l2-data,raw_l2/trade_date=2026-07-27/exchange=NSE/symbol=ITBEES/part-REDACTED.parquet
2026-07-27,NSE,ITBEES,part-035601_791780-001488.parquet,ctrade1-l2-data,raw_l2/trade_date=2026-07-27/exchange=NSE/symbol=ITBEES/part-REDACTED.parquet
2026-07-27,NSE,ITBEES,part-035616_633781-001520.parquet,ctrade1-l2-data,raw_l2/trade_date=2026-07-27/exchange=NSE/symbol=ITBEES/part-REDACTED.parquet
2026-07-27,NSE,ITBEES,part-035631_192468-001552.parquet,ctrade1-l2-data,raw_l2/trade_date=2026-07-27/exchange=NSE/symbol=ITBEES/part-REDACTED.parquet
2026-07-27,NSE,ITBEES,part-035645_410734-001584.parquet,ctrade1-l2-data,raw_l2/trade_date=2026-07-27/exchange=NSE/symbol=ITBEES/part-REDACTED.parquet
2026-07-27,NSE,ITBEES,part-035659_667633-001616.parquet,ctrade1-l2-data,raw_l2/trade_date=2026-07-27/exchange=NSE/symbol=ITBEES/part-REDACTED.parquet
2026-07-27,NSE,ITBEES,part-035713_929333-001648.parquet,ctrade1-l2-data,raw_l2/trade_date=2026-07-27/exchange=NSE/symbol=ITBEES/part-REDACTED.parquet
2026-07-27,NSE,ITBEES,part-035728_424523-001680.parquet,ctrade1-l2-data,raw_l2/trade_date=2026-07-27/exchange=NSE/symbol=ITBEES/part-REDACTED.parquet
2026-07-27,NSE,ITBEES,part-035742_661862-001712.parquet,ctrade1-l2-data,raw_l2/trade_date=2026-07-27/exchange=NSE/symbol=ITBEES/part-REDACTED.parquet
2026-07-27,NSE,ITBEES,part-035756_942575-001744.parquet,ctrade1-l2-data,raw_l2/trade_date=2026-07-27/exchange=NSE/symbol=ITBEES/part-REDACTED.parquet
2026-07-27,NSE,ITBEES,part-035811_236431-001776.parquet,ctrade1-l2-data,raw_l2/trade_date=2026-07-27/exchange=NSE/symbol=ITBEES/part-REDACTED.parquet
2026-07-27,NSE,ITBEES,part-035825_722491-001808.parquet,ctrade1-l2-data,raw_l2/trade_date=2026-07-27/exchange=NSE/symbol=ITBEES/part-REDACTED.parquet
2026-07-27,NSE,ITBEES,part-035840_079734-001840.parquet,ctrade1-l2-data,raw_l2/trade_date=2026-07-27/exchange=NSE/symbol=ITBEES/part-REDACTED.parquet
2026-07-27,NSE,ITBEES,part-035854_452732-001872.parquet,ctrade1-l2-data,raw_l2/trade_date=2026-07-27/exchange=NSE/symbol=ITBEES/part-REDACTED.parquet
2026-07-27,NSE,ITBEES,part-035908_738176-001904.parquet,ctrade1-l2-data,raw_l2/trade_date=2026-07-27/exchange=NSE/symbol=ITBEES/part-REDACTED.parquet
2026-07-27,NSE,ITBEES,part-035923_308822-001936.parquet,ctrade1-l2-data,raw_l2/trade_date=2026-07-27/exchange=NSE/symbol=ITBEES/part-REDACTED.parquet
2026-07-27,NSE,ITBEES,part-035937_645352-001968.parquet,ctrade1-l2-data,raw_l2/trade_date=2026-07-27/exchange=NSE/symbol=ITBEES/part-REDACTED.parquet
2026-07-27,NSE,ITBEES,part-035951_858353-002000.parquet,ctrade1-l2-data,raw_l2/trade_date=2026-07-27/exchange=NSE/symbol=ITBEES/part-REDACTED.parquet
2026-07-27,NSE,ITBEES,part-040006_535244-002032.parquet,ctrade1-l2-data,raw_l2/trade_date=2026-07-27/exchange=NSE/symbol=ITBEES/part-REDACTED.parquet
2026-07-27,NSE,ITBEES,part-040020_933302-002064.parquet,ctrade1-l2-data,raw_l2/trade_date=2026-07-27/exchange=NSE/symbol=ITBEES/part-REDACTED.parquet
2026-07-27,NSE,ITBEES,part-040035_219585-002096.parquet,ctrade1-l2-data,raw_l2/trade_date=2026-07-27/exchange=NSE/symbol=ITBEES/part-REDACTED.parquet
2026-07-27,NSE,ITBEES,part-040049_488159-002128.parquet,ctrade1-l2-data,raw_l2/trade_date=2026-07-27/exchange=NSE/symbol=ITBEES/part-REDACTED.parquet
2026-07-27,NSE,ITBEES,part-040104_069586-002160.parquet,ctrade1-l2-data,raw_l2/trade_date=2026-07-27/exchange=NSE/symbol=ITBEES/part-REDACTED.parquet
2026-07-27,NSE,ITBEES,part-040118_525243-002192.parquet,ctrade1-l2-data,raw_l2/trade_date=2026-07-27/exchange=NSE/symbol=ITBEES/part-REDACTED.parquet
2026-07-27,NSE,ITBEES,part-040132_774270-002224.parquet,ctrade1-l2-data,raw_l2/trade_date=2026-07-27/exchange=NSE/symbol=ITBEES/part-REDACTED.parquet
2026-07-27,NSE,ITBEES,part-040147_408472-002256.parquet,ctrade1-l2-data,raw_l2/trade_date=2026-07-27/exchange=NSE/symbol=ITBEES/part-REDACTED.parquet
2026-07-27,NSE,ITBEES,part-040201_776444-002288.parquet,ctrade1-l2-data,raw_l2/trade_date=2026-07-27/exchange=NSE/symbol=ITBEES/part-REDACTED.parquet
2026-07-27,NSE,ITBEES,part-040216_231474-002320.parquet,ctrade1-l2-data,raw_l2/trade_date=2026-07-27/exchange=NSE/symbol=ITBEES/part-REDACTED.parquet
2026-07-27,NSE,ITBEES,part-040231_126704-002352.parquet,ctrade1-l2-data,raw_l2/trade_date=2026-07-27/exchange=NSE/symbol=ITBEES/part-REDACTED.parquet
2026-07-27,NSE,ITBEES,part-040245_475097-002384.parquet,ctrade1-l2-data,raw_l2/trade_date=2026-07-27/exchange=NSE/symbol=ITBEES/part-REDACTED.parquet
2026-07-27,NSE,ITBEES,part-040300_235987-002416.parquet,ctrade1-l2-data,raw_l2/trade_date=2026-07-27/exchange=NSE/symbol=ITBEES/part-REDACTED.parquet
2026-07-27,NSE,ITBEES,part-040314_670931-002448.parquet,ctrade1-l2-data,raw_l2/trade_date=2026-07-27/exchange=NSE/symbol=ITBEES/part-REDACTED.parquet
2026-07-27,NSE,ITBEES,part-040328_981856-002480.parquet,ctrade1-l2-data,raw_l2/trade_date=2026-07-27/exchange=NSE/symbol=ITBEES/part-REDACTED.parquet
2026-07-27,NSE,ITBEES,part-040343_449044-002512.parquet,ctrade1-l2-data,raw_l2/trade_date=2026-07-27/exchange=NSE/symbol=ITBEES/part-REDACTED.parquet
2026-07-27,NSE,ITBEES,part-040358_030847-002544.parquet,ctrade1-l2-data,raw_l2/trade_date=2026-07-27/exchange=NSE/symbol=ITBEES/part-REDACTED.parquet
2026-07-27,NSE,ITBEES,part-040412_618396-002576.parquet,ctrade1-l2-data,raw_l2/trade_date=2026-07-27/exchange=NSE/symbol=ITBEES/part-REDACTED.parquet
2026-07-27,NSE,ITBEES,part-040427_013551-002608.parquet,ctrade1-l2-data,raw_l2/trade_date=2026-07-27/exchange=NSE/symbol=ITBEES/part-REDACTED.parquet
2026-07-27,NSE,ITBEES,part-040441_231549-002640.parquet,ctrade1-l2-data,raw_l2/trade_date=2026-07-27/exchange=NSE/symbol=ITBEES/part-REDACTED.parquet
2026-07-27,NSE,ITBEES,part-040455_610080-002672.parquet,ctrade1-l2-data,raw_l2/trade_date=2026-07-27/exchange=NSE/symbol=ITBEES/part-REDACTED.parquet
2026-07-27,NSE,ITBEES,part-040509_957714-002704.parquet,ctrade1-l2-data,raw_l2/trade_date=2026-07-27/exchange=NSE/symbol=ITBEES/part-REDACTED.parquet
2026-07-27,NSE,ITBEES,part-040524_277565-002736.parquet,ctrade1-l2-data,raw_l2/trade_date=2026-07-27/exchange=NSE/symbol=ITBEES/part-REDACTED.parquet
2026-07-27,NSE,ITBEES,part-040538_338098-002768.parquet,ctrade1-l2-data,raw_l2/trade_date=2026-07-27/exchange=NSE/symbol=ITBEES/part-REDACTED.parquet
2026-07-27,NSE,ITBEES,part-040552_545458-002800.parquet,ctrade1-l2-data,raw_l2/trade_date=2026-07-27/exchange=NSE/symbol=ITBEES/part-REDACTED.parquet
2026-07-27,NSE,ITBEES,part-040606_528107-002832.parquet,ctrade1-l2-data,raw_l2/trade_date=2026-07-27/exchange=NSE/symbol=ITBEES/part-REDACTED.parquet
2026-07-27,NSE,ITBEES,part-040620_588739-002864.parquet,ctrade1-l2-data,raw_l2/trade_date=2026-07-27/exchange=NSE/symbol=ITBEES/part-REDACTED.parquet
2026-07-27,NSE,ITBEES,part-040634_635400-002896.parquet,ctrade1-l2-data,raw_l2/trade_date=2026-07-27/exchange=NSE/symbol=ITBEES/part-REDACTED.parquet
2026-07-27,NSE,ITBEES,part-040648_570895-002928.parquet,ctrade1-l2-data,raw_l2/trade_date=2026-07-27/exchange=NSE/symbol=ITBEES/part-REDACTED.parquet
2026-07-27,NSE,ITBEES,part-040702_610336-002960.parquet,ctrade1-l2-data,raw_l2/trade_date=2026-07-27/exchange=NSE/symbol=ITBEES/part-REDACTED.parquet
2026-07-27,NSE,ITBEES,part-040717_014508-002992.parquet,ctrade1-l2-data,raw_l2/trade_date=2026-07-27/exchange=NSE/symbol=ITBEES/part-REDACTED.parquet
2026-07-27,NSE,ITBEES,part-040731_165522-003024.parquet,ctrade1-l2-data,raw_l2/trade_date=2026-07-27/exchange=NSE/symbol=ITBEES/part-REDACTED.parquet
2026-07-27,NSE,ITBEES,part-040745_300240-003056.parquet,ctrade1-l2-data,raw_l2/trade_date=2026-07-27/exchange=NSE/symbol=ITBEES/part-REDACTED.parquet
2026-07-27,NSE,ITBEES,part-040759_936527-003088.parquet,ctrade1-l2-data,raw_l2/trade_date=2026-07-27/exchange=NSE/symbol=ITBEES/part-REDACTED.parquet
2026-07-27,NSE,ITBEES,part-040814_184047-003120.parquet,ctrade1-l2-data,raw_l2/trade_date=2026-07-27/exchange=NSE/symbol=ITBEES/part-REDACTED.parquet
2026-07-27,NSE,ITBEES,part-040828_455489-003152.parquet,ctrade1-l2-data,raw_l2/trade_date=2026-07-27/exchange=NSE/symbol=ITBEES/part-REDACTED.parquet
2026-07-27,NSE,ITBEES,part-040842_570861-003184.parquet,ctrade1-l2-data,raw_l2/trade_date=2026-07-27/exchange=NSE/symbol=ITBEES/part-REDACTED.parquet
2026-07-27,NSE,ITBEES,part-040856_992875-003216.parquet,ctrade1-l2-data,raw_l2/trade_date=2026-07-27/exchange=NSE/symbol=ITBEES/part-REDACTED.parquet
2026-07-27,NSE,ITBEES,part-040911_101149-003248.parquet,ctrade1-l2-data,raw_l2/trade_date=2026-07-27/exchange=NSE/symbol=ITBEES/part-REDACTED.parquet
2026-07-27,NSE,ITBEES,part-040925_102221-003280.parquet,ctrade1-l2-data,raw_l2/trade_date=2026-07-27/exchange=NSE/symbol=ITBEES/part-REDACTED.parquet
2026-07-27,NSE,ITBEES,part-040939_492877-003312.parquet,ctrade1-l2-data,raw_l2/trade_date=2026-07-27/exchange=NSE/symbol=ITBEES/part-REDACTED.parquet
2026-07-27,NSE,ITBEES,part-040953_672466-003344.parquet,ctrade1-l2-data,raw_l2/trade_date=2026-07-27/exchange=NSE/symbol=ITBEES/part-REDACTED.parquet
2026-07-27,NSE,ITBEES,part-041007_926422-003376.parquet,ctrade1-l2-data,raw_l2/trade_date=2026-07-27/exchange=NSE/symbol=ITBEES/part-REDACTED.parquet
2026-07-27,NSE,ITBEES,part-041022_160683-003408.parquet,ctrade1-l2-data,raw_l2/trade_date=2026-07-27/exchange=NSE/symbol=ITBEES/part-REDACTED.parquet
2026-07-27,NSE,ITBEES,part-041036_608522-003440.parquet,ctrade1-l2-data,raw_l2/trade_date=2026-07-27/exchange=NSE/symbol=ITBEES/part-REDACTED.parquet
2026-07-27,NSE,ITBEES,part-041050_806257-003472.parquet,ctrade1-l2-data,raw_l2/trade_date=2026-07-27/exchange=NSE/symbol=ITBEES/part-REDACTED.parquet
2026-07-27,NSE,ITBEES,part-041105_005697-003504.parquet,ctrade1-l2-data,raw_l2/trade_date=2026-07-27/exchange=NSE/symbol=ITBEES/part-REDACTED.parquet
2026-07-27,NSE,ITBEES,part-041119_425674-003536.parquet,ctrade1-l2-data,raw_l2/trade_date=2026-07-27/exchange=NSE/symbol=ITBEES/part-REDACTED.parquet
2026-07-27,NSE,ITBEES,part-041133_532334-003568.parquet,ctrade1-l2-data,raw_l2/trade_date=2026-07-27/exchange=NSE/symbol=ITBEES/part-REDACTED.parquet
2026-07-27,NSE,ITBEES,part-041147_704662-003600.parquet,ctrade1-l2-data,raw_l2/trade_date=2026-07-27/exchange=NSE/symbol=ITBEES/part-REDACTED.parquet
2026-07-27,NSE,ITBEES,part-041201_789277-003632.parquet,ctrade1-l2-data,raw_l2/trade_date=2026-07-27/exchange=NSE/symbol=ITBEES/part-REDACTED.parquet
2026-07-27,NSE,ITBEES,part-041215_819530-003664.parquet,ctrade1-l2-data,raw_l2/trade_date=2026-07-27/exchange=NSE/symbol=ITBEES/part-REDACTED.parquet
2026-07-27,NSE,ITBEES,part-041230_360275-003696.parquet,ctrade1-l2-data,raw_l2/trade_date=2026-07-27/exchange=NSE/symbol=ITBEES/part-REDACTED.parquet
2026-07-27,NSE,ITBEES,part-041245_023604-003728.parquet,ctrade1-l2-data,raw_l2/trade_date=2026-07-27/exchange=NSE/symbol=ITBEES/part-REDACTED.parquet
2026-07-27,NSE,ITBEES,part-041259_048171-003760.parquet,ctrade1-l2-data,raw_l2/trade_date=2026-07-27/exchange=NSE/symbol=ITBEES/part-REDACTED.parquet
2026-07-27,NSE,ITBEES,part-041313_245899-003792.parquet,ctrade1-l2-data,raw_l2/trade_date=2026-07-27/exchange=NSE/symbol=ITBEES/part-REDACTED.parquet
2026-07-27,NSE,ITBEES,part-041327_593257-003824.parquet,ctrade1-l2-data,raw_l2/trade_date=2026-07-27/exchange=NSE/symbol=ITBEES/part-REDACTED.parquet
2026-07-27,NSE,ITBEES,part-041341_606818-003856.parquet,ctrade1-l2-data,raw_l2/trade_date=2026-07-27/exchange=NSE/symbol=ITBEES/part-REDACTED.parquet
2026-07-27,NSE,ITBEES,part-041355_612013-003888.parquet,ctrade1-l2-data,raw_l2/trade_date=2026-07-27/exchange=NSE/symbol=ITBEES/part-REDACTED.parquet
2026-07-27,NSE,ITBEES,part-041409_623844-003920.parquet,ctrade1-l2-data,raw_l2/trade_date=2026-07-27/exchange=NSE/symbol=ITBEES/part-REDACTED.parquet
2026-07-27,NSE,ITBEES,part-041423_599483-003952.parquet,ctrade1-l2-data,raw_l2/trade_date=2026-07-27/exchange=NSE/symbol=ITBEES/part-REDACTED.parquet
2026-07-27,NSE,ITBEES,part-041437_602884-003984.parquet,ctrade1-l2-data,raw_l2/trade_date=2026-07-27/exchange=NSE/symbol=ITBEES/part-REDACTED.parquet
2026-07-27,NSE,ITBEES,part-041451_570320-004016.parquet,ctrade1-l2-data,raw_l2/trade_date=2026-07-27/exchange=NSE/symbol=ITBEES/part-REDACTED.parquet
2026-07-27,NSE,ITBEES,part-041505_610802-004048.parquet,ctrade1-l2-data,raw_l2/trade_date=2026-07-27/exchange=NSE/symbol=ITBEES/part-REDACTED.parquet
2026-07-27,NSE,ITBEES,part-041519_591435-004080.parquet,ctrade1-l2-data,raw_l2/trade_date=2026-07-27/exchange=NSE/symbol=ITBEES/part-REDACTED.parquet
2026-07-27,NSE,ITBEES,part-041533_900865-004112.parquet,ctrade1-l2-data,raw_l2/trade_date=2026-07-27/exchange=NSE/symbol=ITBEES/part-REDACTED.parquet
2026-07-27,NSE,ITBEES,part-041548_379989-004144.parquet,ctrade1-l2-data,raw_l2/trade_date=2026-07-27/exchange=NSE/symbol=ITBEES/part-REDACTED.parquet
2026-07-27,NSE,ITBEES,part-041602_442791-004176.parquet,ctrade1-l2-data,raw_l2/trade_date=2026-07-27/exchange=NSE/symbol=ITBEES/part-REDACTED.parquet
2026-07-27,NSE,ITBEES,part-041616_590148-004208.parquet,ctrade1-l2-data,raw_l2/trade_date=2026-07-27/exchange=NSE/symbol=ITBEES/part-REDACTED.parquet
2026-07-27,NSE,ITBEES,part-041631_611007-004240.parquet,ctrade1-l2-data,raw_l2/trade_date=2026-07-27/exchange=NSE/symbol=ITBEES/part-REDACTED.parquet
2026-07-27,NSE,ITBEES,part-041647_345783-004272.parquet,ctrade1-l2-data,raw_l2/trade_date=2026-07-27/exchange=NSE/symbol=ITBEES/part-REDACTED.parquet
2026-07-27,NSE,ITBEES,part-041701_329491-004304.parquet,ctrade1-l2-data,raw_l2/trade_date=2026-07-27/exchange=NSE/symbol=ITBEES/part-REDACTED.parquet
2026-07-27,NSE,ITBEES,part-041715_388264-004336.parquet,ctrade1-l2-data,raw_l2/trade_date=2026-07-27/exchange=NSE/symbol=ITBEES/part-REDACTED.parquet
2026-07-27,NSE,ITBEES,part-041729_740017-004368.parquet,ctrade1-l2-data,raw_l2/trade_date=2026-07-27/exchange=NSE/symbol=ITBEES/part-REDACTED.parquet
2026-07-27,NSE,ITBEES,part-041744_175524-004400.parquet,ctrade1-l2-data,raw_l2/trade_date=2026-07-27/exchange=NSE/symbol=ITBEES/part-REDACTED.parquet
2026-07-27,NSE,ITBEES,part-041758_612875-004432.parquet,ctrade1-l2-data,raw_l2/trade_date=2026-07-27/exchange=NSE/symbol=ITBEES/part-REDACTED.parquet
2026-07-27,NSE,ITBEES,part-041812_866094-004464.parquet,ctrade1-l2-data,raw_l2/trade_date=2026-07-27/exchange=NSE/symbol=ITBEES/part-REDACTED.parquet
2026-07-27,NSE,ITBEES,part-041826_963843-004496.parquet,ctrade1-l2-data,raw_l2/trade_date=2026-07-27/exchange=NSE/symbol=ITBEES/part-REDACTED.parquet
2026-07-27,NSE,ITBEES,part-041841_011520-004528.parquet,ctrade1-l2-data,raw_l2/trade_date=2026-07-27/exchange=NSE/symbol=ITBEES/part-REDACTED.parquet
2026-07-27,NSE,ITBEES,part-041855_138096-004560.parquet,ctrade1-l2-data,raw_l2/trade_date=2026-07-27/exchange=NSE/symbol=ITBEES/part-REDACTED.parquet
2026-07-27,NSE,ITBEES,part-041909_092174-004592.parquet,ctrade1-l2-data,raw_l2/trade_date=2026-07-27/exchange=NSE/symbol=ITBEES/part-REDACTED.parquet
2026-07-27,NSE,ITBEES,part-041923_134159-004624.parquet,ctrade1-l2-data,raw_l2/trade_date=2026-07-27/exchange=NSE/symbol=ITBEES/part-REDACTED.parquet
2026-07-27,NSE,ITBEES,part-041937_049428-004656.parquet,ctrade1-l2-data,raw_l2/trade_date=2026-07-27/exchange=NSE/symbol=ITBEES/part-REDACTED.parquet
2026-07-27,NSE,ITBEES,part-041951_067689-004688.parquet,ctrade1-l2-data,raw_l2/trade_date=2026-07-27/exchange=NSE/symbol=ITBEES/part-REDACTED.parquet
2026-07-27,NSE,ITBEES,part-042005_316767-004720.parquet,ctrade1-l2-data,raw_l2/trade_date=2026-07-27/exchange=NSE/symbol=ITBEES/part-REDACTED.parquet
2026-07-27,NSE,ITBEES,part-042019_333677-004752.parquet,ctrade1-l2-data,raw_l2/trade_date=2026-07-27/exchange=NSE/symbol=ITBEES/part-REDACTED.parquet
2026-07-27,NSE,ITBEES,part-042033_651121-004784.parquet,ctrade1-l2-data,raw_l2/trade_date=2026-07-27/exchange=NSE/symbol=ITBEES/part-REDACTED.parquet
2026-07-27,NSE,ITBEES,part-042047_574524-004816.parquet,ctrade1-l2-data,raw_l2/trade_date=2026-07-27/exchange=NSE/symbol=ITBEES/part-REDACTED.parquet
2026-07-27,NSE,ITBEES,part-042101_584127-004848.parquet,ctrade1-l2-data,raw_l2/trade_date=2026-07-27/exchange=NSE/symbol=ITBEES/part-REDACTED.parquet
2026-07-27,NSE,ITBEES,part-042115_904617-004880.parquet,ctrade1-l2-data,raw_l2/trade_date=2026-07-27/exchange=NSE/symbol=ITBEES/part-REDACTED.parquet
2026-07-27,NSE,ITBEES,part-042130_224276-004912.parquet,ctrade1-l2-data,raw_l2/trade_date=2026-07-27/exchange=NSE/symbol=ITBEES/part-REDACTED.parquet
2026-07-27,NSE,ITBEES,part-042144_386987-004944.parquet,ctrade1-l2-data,raw_l2/trade_date=2026-07-27/exchange=NSE/symbol=ITBEES/part-REDACTED.parquet
2026-07-27,NSE,ITBEES,part-042158_769259-004976.parquet,ctrade1-l2-data,raw_l2/trade_date=2026-07-27/exchange=NSE/symbol=ITBEES/part-REDACTED.parquet
2026-07-27,NSE,ITBEES,part-042213_413033-005008.parquet,ctrade1-l2-data,raw_l2/trade_date=2026-07-27/exchange=NSE/symbol=ITBEES/part-REDACTED.parquet
2026-07-27,NSE,ITBEES,part-042227_643403-005040.parquet,ctrade1-l2-data,raw_l2/trade_date=2026-07-27/exchange=NSE/symbol=ITBEES/part-REDACTED.parquet
2026-07-27,NSE,ITBEES,part-042241_979121-005072.parquet,ctrade1-l2-data,raw_l2/trade_date=2026-07-27/exchange=NSE/symbol=ITBEES/part-REDACTED.parquet
2026-07-27,NSE,ITBEES,part-042256_435225-005104.parquet,ctrade1-l2-data,raw_l2/trade_date=2026-07-27/exchange=NSE/symbol=ITBEES/part-REDACTED.parquet
2026-07-27,NSE,ITBEES,part-042310_696966-005136.parquet,ctrade1-l2-data,raw_l2/trade_date=2026-07-27/exchange=NSE/symbol=ITBEES/part-REDACTED.parquet
2026-07-27,NSE,ITBEES,part-042324_975539-005168.parquet,ctrade1-l2-data,raw_l2/trade_date=2026-07-27/exchange=NSE/symbol=ITBEES/part-REDACTED.parquet
2026-07-27,NSE,ITBEES,part-042339_481390-005200.parquet,ctrade1-l2-data,raw_l2/trade_date=2026-07-27/exchange=NSE/symbol=ITBEES/part-REDACTED.parquet
2026-07-27,NSE,ITBEES,part-042353_737169-005232.parquet,ctrade1-l2-data,raw_l2/trade_date=2026-07-27/exchange=NSE/symbol=ITBEES/part-REDACTED.parquet
2026-07-27,NSE,ITBEES,part-042408_259254-005264.parquet,ctrade1-l2-data,raw_l2/trade_date=2026-07-27/exchange=NSE/symbol=ITBEES/part-REDACTED.parquet
2026-07-27,NSE,ITBEES,part-042422_766774-005296.parquet,ctrade1-l2-data,raw_l2/trade_date=2026-07-27/exchange=NSE/symbol=ITBEES/part-REDACTED.parquet
2026-07-27,NSE,ITBEES,part-042437_180123-005328.parquet,ctrade1-l2-data,raw_l2/trade_date=2026-07-27/exchange=NSE/symbol=ITBEES/part-REDACTED.parquet
2026-07-27,NSE,ITBEES,part-042451_480753-005360.parquet,ctrade1-l2-data,raw_l2/trade_date=2026-07-27/exchange=NSE/symbol=ITBEES/part-REDACTED.parquet
2026-07-27,NSE,ITBEES,part-042505_729916-005392.parquet,ctrade1-l2-data,raw_l2/trade_date=2026-07-27/exchange=NSE/symbol=ITBEES/part-REDACTED.parquet
2026-07-27,NSE,ITBEES,part-042519_927372-005424.parquet,ctrade1-l2-data,raw_l2/trade_date=2026-07-27/exchange=NSE/symbol=ITBEES/part-REDACTED.parquet
2026-07-27,NSE,ITBEES,part-042534_288986-005456.parquet,ctrade1-l2-data,raw_l2/trade_date=2026-07-27/exchange=NSE/symbol=ITBEES/part-REDACTED.parquet
2026-07-27,NSE,ITBEES,part-042548_723327-005488.parquet,ctrade1-l2-data,raw_l2/trade_date=2026-07-27/exchange=NSE/symbol=ITBEES/part-REDACTED.parquet
2026-07-27,NSE,ITBEES,part-042603_326121-005520.parquet,ctrade1-l2-data,raw_l2/trade_date=2026-07-27/exchange=NSE/symbol=ITBEES/part-REDACTED.parquet
2026-07-27,NSE,ITBEES,part-042617_999370-005552.parquet,ctrade1-l2-data,raw_l2/trade_date=2026-07-27/exchange=NSE/symbol=ITBEES/part-REDACTED.parquet
2026-07-27,NSE,ITBEES,part-042632_291600-005584.parquet,ctrade1-l2-data,raw_l2/trade_date=2026-07-27/exchange=NSE/symbol=ITBEES/part-REDACTED.parquet
2026-07-27,NSE,ITBEES,part-042646_633493-005616.parquet,ctrade1-l2-data,raw_l2/trade_date=2026-07-27/exchange=NSE/symbol=ITBEES/part-REDACTED.parquet
2026-07-27,NSE,ITBEES,part-042701_243611-005648.parquet,ctrade1-l2-data,raw_l2/trade_date=2026-07-27/exchange=NSE/symbol=ITBEES/part-REDACTED.parquet
2026-07-27,NSE,ITC,part-034503_317504-000017.parquet,ctrade1-l2-data,raw_l2/trade_date=2026-07-27/exchange=NSE/symbol=ITC/part-REDACTED.parquet
2026-07-27,NSE,ITC,part-034517_866201-000049.parquet,ctrade1-l2-data,raw_l2/trade_date=2026-07-27/exchange=NSE/symbol=ITC/part-REDACTED.parquet
2026-07-27,NSE,ITC,part-034532_305188-000081.parquet,ctrade1-l2-data,raw_l2/trade_date=2026-07-27/exchange=NSE/symbol=ITC/part-REDACTED.parquet
2026-07-27,NSE,ITC,part-034546_468834-000113.parquet,ctrade1-l2-data,raw_l2/trade_date=2026-07-27/exchange=NSE/symbol=ITC/part-REDACTED.parquet
2026-07-27,NSE,ITC,part-034600_632066-000145.parquet,ctrade1-l2-data,raw_l2/trade_date=2026-07-27/exchange=NSE/symbol=ITC/part-REDACTED.parquet
2026-07-27,NSE,ITC,part-034614_939462-000177.parquet,ctrade1-l2-data,raw_l2/trade_date=2026-07-27/exchange=NSE/symbol=ITC/part-REDACTED.parquet
2026-07-27,NSE,ITC,part-034629_318784-000209.parquet,ctrade1-l2-data,raw_l2/trade_date=2026-07-27/exchange=NSE/symbol=ITC/part-REDACTED.parquet
2026-07-27,NSE,ITC,part-034643_796521-000241.parquet,ctrade1-l2-data,raw_l2/trade_date=2026-07-27/exchange=NSE/symbol=ITC/part-REDACTED.parquet
2026-07-27,NSE,ITC,part-034657_968579-000273.parquet,ctrade1-l2-data,raw_l2/trade_date=2026-07-27/exchange=NSE/symbol=ITC/part-REDACTED.parquet
2026-07-27,NSE,ITC,part-034712_037816-000305.parquet,ctrade1-l2-data,raw_l2/trade_date=2026-07-27/exchange=NSE/symbol=ITC/part-REDACTED.parquet
2026-07-27,NSE,ITC,part-034725_962817-000337.parquet,ctrade1-l2-data,raw_l2/trade_date=2026-07-27/exchange=NSE/symbol=ITC/part-REDACTED.parquet
2026-07-27,NSE,ITC,part-034740_247109-000369.parquet,ctrade1-l2-data,raw_l2/trade_date=2026-07-27/exchange=NSE/symbol=ITC/part-REDACTED.parquet
2026-07-27,NSE,ITC,part-034754_274332-000401.parquet,ctrade1-l2-data,raw_l2/trade_date=2026-07-27/exchange=NSE/symbol=ITC/part-REDACTED.parquet
2026-07-27,NSE,ITC,part-034808_582169-000433.parquet,ctrade1-l2-data,raw_l2/trade_date=2026-07-27/exchange=NSE/symbol=ITC/part-REDACTED.parquet
2026-07-27,NSE,ITC,part-034823_098836-000465.parquet,ctrade1-l2-data,raw_l2/trade_date=2026-07-27/exchange=NSE/symbol=ITC/part-REDACTED.parquet
2026-07-27,NSE,ITC,part-034837_624773-000497.parquet,ctrade1-l2-data,raw_l2/trade_date=2026-07-27/exchange=NSE/symbol=ITC/part-REDACTED.parquet
2026-07-27,NSE,ITC,part-034851_934415-000529.parquet,ctrade1-l2-data,raw_l2/trade_date=2026-07-27/exchange=NSE/symbol=ITC/part-REDACTED.parquet
2026-07-27,NSE,ITC,part-034906_313474-000561.parquet,ctrade1-l2-data,raw_l2/trade_date=2026-07-27/exchange=NSE/symbol=ITC/part-REDACTED.parquet
2026-07-27,NSE,ITC,part-034920_781583-000593.parquet,ctrade1-l2-data,raw_l2/trade_date=2026-07-27/exchange=NSE/symbol=ITC/part-REDACTED.parquet
2026-07-27,NSE,ITC,part-034935_192673-000625.parquet,ctrade1-l2-data,raw_l2/trade_date=2026-07-27/exchange=NSE/symbol=ITC/part-REDACTED.parquet
2026-07-27,NSE,ITC,part-034949_812684-000657.parquet,ctrade1-l2-data,raw_l2/trade_date=2026-07-27/exchange=NSE/symbol=ITC/part-REDACTED.parquet
2026-07-27,NSE,ITC,part-035004_393789-000689.parquet,ctrade1-l2-data,raw_l2/trade_date=2026-07-27/exchange=NSE/symbol=ITC/part-REDACTED.parquet
2026-07-27,NSE,ITC,part-035018_510232-000721.parquet,ctrade1-l2-data,raw_l2/trade_date=2026-07-27/exchange=NSE/symbol=ITC/part-REDACTED.parquet
2026-07-27,NSE,ITC,part-035032_565153-000753.parquet,ctrade1-l2-data,raw_l2/trade_date=2026-07-27/exchange=NSE/symbol=ITC/part-REDACTED.parquet
2026-07-27,NSE,ITC,part-035046_831783-000785.parquet,ctrade1-l2-data,raw_l2/trade_date=2026-07-27/exchange=NSE/symbol=ITC/part-REDACTED.parquet
2026-07-27,NSE,ITC,part-035100_984667-000817.parquet,ctrade1-l2-data,raw_l2/trade_date=2026-07-27/exchange=NSE/symbol=ITC/part-REDACTED.parquet
2026-07-27,NSE,ITC,part-035115_418928-000849.parquet,ctrade1-l2-data,raw_l2/trade_date=2026-07-27/exchange=NSE/symbol=ITC/part-REDACTED.parquet
2026-07-27,NSE,ITC,part-035129_742847-000881.parquet,ctrade1-l2-data,raw_l2/trade_date=2026-07-27/exchange=NSE/symbol=ITC/part-REDACTED.parquet
2026-07-27,NSE,ITC,part-035143_932755-000913.parquet,ctrade1-l2-data,raw_l2/trade_date=2026-07-27/exchange=NSE/symbol=ITC/part-REDACTED.parquet
2026-07-27,NSE,ITC,part-035158_165491-000945.parquet,ctrade1-l2-data,raw_l2/trade_date=2026-07-27/exchange=NSE/symbol=ITC/part-REDACTED.parquet
2026-07-27,NSE,ITC,part-035212_363609-000977.parquet,ctrade1-l2-data,raw_l2/trade_date=2026-07-27/exchange=NSE/symbol=ITC/part-REDACTED.parquet
2026-07-27,NSE,ITC,part-035226_586698-001009.parquet,ctrade1-l2-data,raw_l2/trade_date=2026-07-27/exchange=NSE/symbol=ITC/part-REDACTED.parquet
2026-07-27,NSE,ITC,part-035240_772563-001041.parquet,ctrade1-l2-data,raw_l2/trade_date=2026-07-27/exchange=NSE/symbol=ITC/part-REDACTED.parquet
2026-07-27,NSE,ITC,part-035255_112041-001073.parquet,ctrade1-l2-data,raw_l2/trade_date=2026-07-27/exchange=NSE/symbol=ITC/part-REDACTED.parquet
2026-07-27,NSE,ITC,part-035309_428795-001105.parquet,ctrade1-l2-data,raw_l2/trade_date=2026-07-27/exchange=NSE/symbol=ITC/part-REDACTED.parquet
2026-07-27,NSE,ITC,part-035323_684044-001137.parquet,ctrade1-l2-data,raw_l2/trade_date=2026-07-27/exchange=NSE/symbol=ITC/part-REDACTED.parquet
2026-07-27,NSE,ITC,part-035338_143730-001169.parquet,ctrade1-l2-data,raw_l2/trade_date=2026-07-27/exchange=NSE/symbol=ITC/part-REDACTED.parquet
2026-07-27,NSE,ITC,part-035352_595726-001201.parquet,ctrade1-l2-data,raw_l2/trade_date=2026-07-27/exchange=NSE/symbol=ITC/part-REDACTED.parquet
2026-07-27,NSE,ITC,part-035406_874095-001233.parquet,ctrade1-l2-data,raw_l2/trade_date=2026-07-27/exchange=NSE/symbol=ITC/part-REDACTED.parquet
2026-07-27,NSE,ITC,part-035420_996658-001265.parquet,ctrade1-l2-data,raw_l2/trade_date=2026-07-27/exchange=NSE/symbol=ITC/part-REDACTED.parquet
2026-07-27,NSE,ITC,part-035435_133434-001297.parquet,ctrade1-l2-data,raw_l2/trade_date=2026-07-27/exchange=NSE/symbol=ITC/part-REDACTED.parquet
2026-07-27,NSE,ITC,part-035450_137386-001329.parquet,ctrade1-l2-data,raw_l2/trade_date=2026-07-27/exchange=NSE/symbol=ITC/part-REDACTED.parquet
2026-07-27,NSE,ITC,part-035504_515479-001361.parquet,ctrade1-l2-data,raw_l2/trade_date=2026-07-27/exchange=NSE/symbol=ITC/part-REDACTED.parquet
2026-07-27,NSE,ITC,part-035519_128124-001393.parquet,ctrade1-l2-data,raw_l2/trade_date=2026-07-27/exchange=NSE/symbol=ITC/part-REDACTED.parquet
2026-07-27,NSE,ITC,part-035533_287246-001425.parquet,ctrade1-l2-data,raw_l2/trade_date=2026-07-27/exchange=NSE/symbol=ITC/part-REDACTED.parquet
2026-07-27,NSE,ITC,part-035547_760758-001457.parquet,ctrade1-l2-data,raw_l2/trade_date=2026-07-27/exchange=NSE/symbol=ITC/part-REDACTED.parquet
2026-07-27,NSE,ITC,part-035601_953740-001489.parquet,ctrade1-l2-data,raw_l2/trade_date=2026-07-27/exchange=NSE/symbol=ITC/part-REDACTED.parquet
2026-07-27,NSE,ITC,part-035616_750457-001521.parquet,ctrade1-l2-data,raw_l2/trade_date=2026-07-27/exchange=NSE/symbol=ITC/part-REDACTED.parquet
2026-07-27,NSE,ITC,part-035631_322393-001553.parquet,ctrade1-l2-data,raw_l2/trade_date=2026-07-27/exchange=NSE/symbol=ITC/part-REDACTED.parquet
2026-07-27,NSE,ITC,part-035645_536447-001585.parquet,ctrade1-l2-data,raw_l2/trade_date=2026-07-27/exchange=NSE/symbol=ITC/part-REDACTED.parquet
2026-07-27,NSE,ITC,part-035659_794311-001617.parquet,ctrade1-l2-data,raw_l2/trade_date=2026-07-27/exchange=NSE/symbol=ITC/part-REDACTED.parquet
2026-07-27,NSE,ITC,part-035714_060911-001649.parquet,ctrade1-l2-data,raw_l2/trade_date=2026-07-27/exchange=NSE/symbol=ITC/part-REDACTED.parquet
2026-07-27,NSE,ITC,part-035728_554557-001681.parquet,ctrade1-l2-data,raw_l2/trade_date=2026-07-27/exchange=NSE/symbol=ITC/part-REDACTED.parquet
2026-07-27,NSE,ITC,part-035742_781591-001713.parquet,ctrade1-l2-data,raw_l2/trade_date=2026-07-27/exchange=NSE/symbol=ITC/part-REDACTED.parquet
2026-07-27,NSE,ITC,part-035757_076428-001745.parquet,ctrade1-l2-data,raw_l2/trade_date=2026-07-27/exchange=NSE/symbol=ITC/part-REDACTED.parquet
2026-07-27,NSE,ITC,part-035811_357486-001777.parquet,ctrade1-l2-data,raw_l2/trade_date=2026-07-27/exchange=NSE/symbol=ITC/part-REDACTED.parquet
2026-07-27,NSE,ITC,part-035825_844522-001809.parquet,ctrade1-l2-data,raw_l2/trade_date=2026-07-27/exchange=NSE/symbol=ITC/part-REDACTED.parquet
2026-07-27,NSE,ITC,part-035840_218924-001841.parquet,ctrade1-l2-data,raw_l2/trade_date=2026-07-27/exchange=NSE/symbol=ITC/part-REDACTED.parquet
2026-07-27,NSE,ITC,part-035854_583945-001873.parquet,ctrade1-l2-data,raw_l2/trade_date=2026-07-27/exchange=NSE/symbol=ITC/part-REDACTED.parquet
2026-07-27,NSE,ITC,part-035908_885999-001905.parquet,ctrade1-l2-data,raw_l2/trade_date=2026-07-27/exchange=NSE/symbol=ITC/part-REDACTED.parquet
2026-07-27,NSE,ITC,part-035923_451455-001937.parquet,ctrade1-l2-data,raw_l2/trade_date=2026-07-27/exchange=NSE/symbol=ITC/part-REDACTED.parquet
2026-07-27,NSE,ITC,part-035937_777335-001969.parquet,ctrade1-l2-data,raw_l2/trade_date=2026-07-27/exchange=NSE/symbol=ITC/part-REDACTED.parquet
2026-07-27,NSE,ITC,part-035951_986606-002001.parquet,ctrade1-l2-data,raw_l2/trade_date=2026-07-27/exchange=NSE/symbol=ITC/part-REDACTED.parquet
2026-07-27,NSE,ITC,part-040006_691628-002033.parquet,ctrade1-l2-data,raw_l2/trade_date=2026-07-27/exchange=NSE/symbol=ITC/part-REDACTED.parquet
2026-07-27,NSE,ITC,part-040021_071511-002065.parquet,ctrade1-l2-data,raw_l2/trade_date=2026-07-27/exchange=NSE/symbol=ITC/part-REDACTED.parquet
2026-07-27,NSE,ITC,part-040035_347821-002097.parquet,ctrade1-l2-data,raw_l2/trade_date=2026-07-27/exchange=NSE/symbol=ITC/part-REDACTED.parquet
2026-07-27,NSE,ITC,part-040049_647161-002129.parquet,ctrade1-l2-data,raw_l2/trade_date=2026-07-27/exchange=NSE/symbol=ITC/part-REDACTED.parquet
2026-07-27,NSE,ITC,part-040104_218540-002161.parquet,ctrade1-l2-data,raw_l2/trade_date=2026-07-27/exchange=NSE/symbol=ITC/part-REDACTED.parquet
2026-07-27,NSE,ITC,part-040118_668466-002193.parquet,ctrade1-l2-data,raw_l2/trade_date=2026-07-27/exchange=NSE/symbol=ITC/part-REDACTED.parquet
2026-07-27,NSE,ITC,part-040132_939889-002225.parquet,ctrade1-l2-data,raw_l2/trade_date=2026-07-27/exchange=NSE/symbol=ITC/part-REDACTED.parquet
2026-07-27,NSE,ITC,part-040147_531641-002257.parquet,ctrade1-l2-data,raw_l2/trade_date=2026-07-27/exchange=NSE/symbol=ITC/part-REDACTED.parquet
2026-07-27,NSE,ITC,part-040201_911967-002289.parquet,ctrade1-l2-data,raw_l2/trade_date=2026-07-27/exchange=NSE/symbol=ITC/part-REDACTED.parquet
2026-07-27,NSE,ITC,part-040216_369800-002321.parquet,ctrade1-l2-data,raw_l2/trade_date=2026-07-27/exchange=NSE/symbol=ITC/part-REDACTED.parquet
2026-07-27,NSE,ITC,part-040231_248551-002353.parquet,ctrade1-l2-data,raw_l2/trade_date=2026-07-27/exchange=NSE/symbol=ITC/part-REDACTED.parquet
2026-07-27,NSE,ITC,part-040245_597419-002385.parquet,ctrade1-l2-data,raw_l2/trade_date=2026-07-27/exchange=NSE/symbol=ITC/part-REDACTED.parquet
2026-07-27,NSE,ITC,part-040300_417454-002417.parquet,ctrade1-l2-data,raw_l2/trade_date=2026-07-27/exchange=NSE/symbol=ITC/part-REDACTED.parquet
2026-07-27,NSE,ITC,part-040314_789008-002449.parquet,ctrade1-l2-data,raw_l2/trade_date=2026-07-27/exchange=NSE/symbol=ITC/part-REDACTED.parquet
2026-07-27,NSE,ITC,part-040329_145361-002481.parquet,ctrade1-l2-data,raw_l2/trade_date=2026-07-27/exchange=NSE/symbol=ITC/part-REDACTED.parquet
2026-07-27,NSE,ITC,part-040343_626970-002513.parquet,ctrade1-l2-data,raw_l2/trade_date=2026-07-27/exchange=NSE/symbol=ITC/part-REDACTED.parquet
2026-07-27,NSE,ITC,part-040358_155208-002545.parquet,ctrade1-l2-data,raw_l2/trade_date=2026-07-27/exchange=NSE/symbol=ITC/part-REDACTED.parquet
2026-07-27,NSE,ITC,part-040412_747705-002577.parquet,ctrade1-l2-data,raw_l2/trade_date=2026-07-27/exchange=NSE/symbol=ITC/part-REDACTED.parquet
2026-07-27,NSE,ITC,part-040427_141065-002609.parquet,ctrade1-l2-data,raw_l2/trade_date=2026-07-27/exchange=NSE/symbol=ITC/part-REDACTED.parquet
2026-07-27,NSE,ITC,part-040441_390423-002641.parquet,ctrade1-l2-data,raw_l2/trade_date=2026-07-27/exchange=NSE/symbol=ITC/part-REDACTED.parquet
2026-07-27,NSE,ITC,part-040455_718790-002673.parquet,ctrade1-l2-data,raw_l2/trade_date=2026-07-27/exchange=NSE/symbol=ITC/part-REDACTED.parquet
2026-07-27,NSE,ITC,part-040510_118462-002705.parquet,ctrade1-l2-data,raw_l2/trade_date=2026-07-27/exchange=NSE/symbol=ITC/part-REDACTED.parquet
2026-07-27,NSE,ITC,part-040524_398468-002737.parquet,ctrade1-l2-data,raw_l2/trade_date=2026-07-27/exchange=NSE/symbol=ITC/part-REDACTED.parquet
2026-07-27,NSE,ITC,part-040538_476620-002769.parquet,ctrade1-l2-data,raw_l2/trade_date=2026-07-27/exchange=NSE/symbol=ITC/part-REDACTED.parquet
2026-07-27,NSE,ITC,part-040552_660664-002801.parquet,ctrade1-l2-data,raw_l2/trade_date=2026-07-27/exchange=NSE/symbol=ITC/part-REDACTED.parquet
2026-07-27,NSE,ITC,part-040606_647992-002833.parquet,ctrade1-l2-data,raw_l2/trade_date=2026-07-27/exchange=NSE/symbol=ITC/part-REDACTED.parquet
2026-07-27,NSE,ITC,part-040620_705934-002865.parquet,ctrade1-l2-data,raw_l2/trade_date=2026-07-27/exchange=NSE/symbol=ITC/part-REDACTED.parquet
2026-07-27,NSE,ITC,part-040634_750747-002897.parquet,ctrade1-l2-data,raw_l2/trade_date=2026-07-27/exchange=NSE/symbol=ITC/part-REDACTED.parquet
2026-07-27,NSE,ITC,part-040648_684701-002929.parquet,ctrade1-l2-data,raw_l2/trade_date=2026-07-27/exchange=NSE/symbol=ITC/part-REDACTED.parquet
2026-07-27,NSE,ITC,part-040702_727910-002961.parquet,ctrade1-l2-data,raw_l2/trade_date=2026-07-27/exchange=NSE/symbol=ITC/part-REDACTED.parquet
2026-07-27,NSE,ITC,part-040717_143690-002993.parquet,ctrade1-l2-data,raw_l2/trade_date=2026-07-27/exchange=NSE/symbol=ITC/part-REDACTED.parquet
2026-07-27,NSE,ITC,part-040731_281036-003025.parquet,ctrade1-l2-data,raw_l2/trade_date=2026-07-27/exchange=NSE/symbol=ITC/part-REDACTED.parquet
2026-07-27,NSE,ITC,part-040745_413753-003057.parquet,ctrade1-l2-data,raw_l2/trade_date=2026-07-27/exchange=NSE/symbol=ITC/part-REDACTED.parquet
2026-07-27,NSE,ITC,part-040800_082377-003089.parquet,ctrade1-l2-data,raw_l2/trade_date=2026-07-27/exchange=NSE/symbol=ITC/part-REDACTED.parquet
2026-07-27,NSE,ITC,part-040814_335954-003121.parquet,ctrade1-l2-data,raw_l2/trade_date=2026-07-27/exchange=NSE/symbol=ITC/part-REDACTED.parquet
2026-07-27,NSE,ITC,part-040828_578137-003153.parquet,ctrade1-l2-data,raw_l2/trade_date=2026-07-27/exchange=NSE/symbol=ITC/part-REDACTED.parquet
2026-07-27,NSE,ITC,part-040842_680185-003185.parquet,ctrade1-l2-data,raw_l2/trade_date=2026-07-27/exchange=NSE/symbol=ITC/part-REDACTED.parquet
2026-07-27,NSE,ITC,part-040857_121522-003217.parquet,ctrade1-l2-data,raw_l2/trade_date=2026-07-27/exchange=NSE/symbol=ITC/part-REDACTED.parquet
2026-07-27,NSE,ITC,part-040911_239714-003249.parquet,ctrade1-l2-data,raw_l2/trade_date=2026-07-27/exchange=NSE/symbol=ITC/part-REDACTED.parquet
2026-07-27,NSE,ITC,part-040925_274841-003281.parquet,ctrade1-l2-data,raw_l2/trade_date=2026-07-27/exchange=NSE/symbol=ITC/part-REDACTED.parquet
2026-07-27,NSE,ITC,part-040939_625844-003313.parquet,ctrade1-l2-data,raw_l2/trade_date=2026-07-27/exchange=NSE/symbol=ITC/part-REDACTED.parquet
2026-07-27,NSE,ITC,part-040953_805674-003345.parquet,ctrade1-l2-data,raw_l2/trade_date=2026-07-27/exchange=NSE/symbol=ITC/part-REDACTED.parquet
2026-07-27,NSE,ITC,part-041008_056287-003377.parquet,ctrade1-l2-data,raw_l2/trade_date=2026-07-27/exchange=NSE/symbol=ITC/part-REDACTED.parquet
2026-07-27,NSE,ITC,part-041022_300329-003409.parquet,ctrade1-l2-data,raw_l2/trade_date=2026-07-27/exchange=NSE/symbol=ITC/part-REDACTED.parquet
2026-07-27,NSE,ITC,part-041036_759183-003441.parquet,ctrade1-l2-data,raw_l2/trade_date=2026-07-27/exchange=NSE/symbol=ITC/part-REDACTED.parquet
2026-07-27,NSE,ITC,part-041050_925100-003473.parquet,ctrade1-l2-data,raw_l2/trade_date=2026-07-27/exchange=NSE/symbol=ITC/part-REDACTED.parquet
2026-07-27,NSE,ITC,part-041105_160070-003505.parquet,ctrade1-l2-data,raw_l2/trade_date=2026-07-27/exchange=NSE/symbol=ITC/part-REDACTED.parquet
2026-07-27,NSE,ITC,part-041119_549709-003537.parquet,ctrade1-l2-data,raw_l2/trade_date=2026-07-27/exchange=NSE/symbol=ITC/part-REDACTED.parquet
2026-07-27,NSE,ITC,part-041133_666605-003569.parquet,ctrade1-l2-data,raw_l2/trade_date=2026-07-27/exchange=NSE/symbol=ITC/part-REDACTED.parquet
2026-07-27,NSE,ITC,part-041147_856264-003601.parquet,ctrade1-l2-data,raw_l2/trade_date=2026-07-27/exchange=NSE/symbol=ITC/part-REDACTED.parquet
2026-07-27,NSE,ITC,part-041201_901296-003633.parquet,ctrade1-l2-data,raw_l2/trade_date=2026-07-27/exchange=NSE/symbol=ITC/part-REDACTED.parquet
2026-07-27,NSE,ITC,part-041215_943243-003665.parquet,ctrade1-l2-data,raw_l2/trade_date=2026-07-27/exchange=NSE/symbol=ITC/part-REDACTED.parquet
2026-07-27,NSE,ITC,part-041230_494965-003697.parquet,ctrade1-l2-data,raw_l2/trade_date=2026-07-27/exchange=NSE/symbol=ITC/part-REDACTED.parquet
2026-07-27,NSE,ITC,part-041245_139315-003729.parquet,ctrade1-l2-data,raw_l2/trade_date=2026-07-27/exchange=NSE/symbol=ITC/part-REDACTED.parquet
2026-07-27,NSE,ITC,part-041259_175701-003761.parquet,ctrade1-l2-data,raw_l2/trade_date=2026-07-27/exchange=NSE/symbol=ITC/part-REDACTED.parquet
2026-07-27,NSE,ITC,part-041313_394837-003793.parquet,ctrade1-l2-data,raw_l2/trade_date=2026-07-27/exchange=NSE/symbol=ITC/part-REDACTED.parquet
2026-07-27,NSE,ITC,part-041327_707065-003825.parquet,ctrade1-l2-data,raw_l2/trade_date=2026-07-27/exchange=NSE/symbol=ITC/part-REDACTED.parquet
2026-07-27,NSE,ITC,part-041341_734630-003857.parquet,ctrade1-l2-data,raw_l2/trade_date=2026-07-27/exchange=NSE/symbol=ITC/part-REDACTED.parquet
2026-07-27,NSE,ITC,part-041355_727532-003889.parquet,ctrade1-l2-data,raw_l2/trade_date=2026-07-27/exchange=NSE/symbol=ITC/part-REDACTED.parquet
2026-07-27,NSE,ITC,part-041409_734523-003921.parquet,ctrade1-l2-data,raw_l2/trade_date=2026-07-27/exchange=NSE/symbol=ITC/part-REDACTED.parquet
2026-07-27,NSE,ITC,part-041423_712618-003953.parquet,ctrade1-l2-data,raw_l2/trade_date=2026-07-27/exchange=NSE/symbol=ITC/part-REDACTED.parquet
2026-07-27,NSE,ITC,part-041437_725316-003985.parquet,ctrade1-l2-data,raw_l2/trade_date=2026-07-27/exchange=NSE/symbol=ITC/part-REDACTED.parquet
2026-07-27,NSE,ITC,part-041451_707958-004017.parquet,ctrade1-l2-data,raw_l2/trade_date=2026-07-27/exchange=NSE/symbol=ITC/part-REDACTED.parquet
2026-07-27,NSE,ITC,part-041505_746571-004049.parquet,ctrade1-l2-data,raw_l2/trade_date=2026-07-27/exchange=NSE/symbol=ITC/part-REDACTED.parquet
2026-07-27,NSE,ITC,part-041519_707787-004081.parquet,ctrade1-l2-data,raw_l2/trade_date=2026-07-27/exchange=NSE/symbol=ITC/part-REDACTED.parquet
2026-07-27,NSE,ITC,part-041534_041088-004113.parquet,ctrade1-l2-data,raw_l2/trade_date=2026-07-27/exchange=NSE/symbol=ITC/part-REDACTED.parquet
2026-07-27,NSE,ITC,part-041548_494090-004145.parquet,ctrade1-l2-data,raw_l2/trade_date=2026-07-27/exchange=NSE/symbol=ITC/part-REDACTED.parquet
2026-07-27,NSE,ITC,part-041602_567890-004177.parquet,ctrade1-l2-data,raw_l2/trade_date=2026-07-27/exchange=NSE/symbol=ITC/part-REDACTED.parquet
2026-07-27,NSE,ITC,part-041616_700673-004209.parquet,ctrade1-l2-data,raw_l2/trade_date=2026-07-27/exchange=NSE/symbol=ITC/part-REDACTED.parquet
2026-07-27,NSE,ITC,part-041631_838169-004241.parquet,ctrade1-l2-data,raw_l2/trade_date=2026-07-27/exchange=NSE/symbol=ITC/part-REDACTED.parquet
2026-07-27,NSE,ITC,part-041647_466565-004273.parquet,ctrade1-l2-data,raw_l2/trade_date=2026-07-27/exchange=NSE/symbol=ITC/part-REDACTED.parquet
2026-07-27,NSE,ITC,part-041701_450824-004305.parquet,ctrade1-l2-data,raw_l2/trade_date=2026-07-27/exchange=NSE/symbol=ITC/part-REDACTED.parquet
2026-07-27,NSE,ITC,part-041715_508459-004337.parquet,ctrade1-l2-data,raw_l2/trade_date=2026-07-27/exchange=NSE/symbol=ITC/part-REDACTED.parquet
2026-07-27,NSE,ITC,part-041729_863667-004369.parquet,ctrade1-l2-data,raw_l2/trade_date=2026-07-27/exchange=NSE/symbol=ITC/part-REDACTED.parquet
2026-07-27,NSE,ITC,part-041744_292877-004401.parquet,ctrade1-l2-data,raw_l2/trade_date=2026-07-27/exchange=NSE/symbol=ITC/part-REDACTED.parquet
2026-07-27,NSE,ITC,part-041758_748123-004433.parquet,ctrade1-l2-data,raw_l2/trade_date=2026-07-27/exchange=NSE/symbol=ITC/part-REDACTED.parquet
2026-07-27,NSE,ITC,part-041812_984360-004465.parquet,ctrade1-l2-data,raw_l2/trade_date=2026-07-27/exchange=NSE/symbol=ITC/part-REDACTED.parquet
2026-07-27,NSE,ITC,part-041827_106853-004497.parquet,ctrade1-l2-data,raw_l2/trade_date=2026-07-27/exchange=NSE/symbol=ITC/part-REDACTED.parquet
2026-07-27,NSE,ITC,part-041841_119550-004529.parquet,ctrade1-l2-data,raw_l2/trade_date=2026-07-27/exchange=NSE/symbol=ITC/part-REDACTED.parquet
2026-07-27,NSE,ITC,part-041855_250401-004561.parquet,ctrade1-l2-data,raw_l2/trade_date=2026-07-27/exchange=NSE/symbol=ITC/part-REDACTED.parquet
2026-07-27,NSE,ITC,part-041909_223351-004593.parquet,ctrade1-l2-data,raw_l2/trade_date=2026-07-27/exchange=NSE/symbol=ITC/part-REDACTED.parquet
2026-07-27,NSE,ITC,part-041923_279359-004625.parquet,ctrade1-l2-data,raw_l2/trade_date=2026-07-27/exchange=NSE/symbol=ITC/part-REDACTED.parquet
2026-07-27,NSE,ITC,part-041937_160609-004657.parquet,ctrade1-l2-data,raw_l2/trade_date=2026-07-27/exchange=NSE/symbol=ITC/part-REDACTED.parquet
2026-07-27,NSE,ITC,part-041951_191322-004689.parquet,ctrade1-l2-data,raw_l2/trade_date=2026-07-27/exchange=NSE/symbol=ITC/part-REDACTED.parquet
2026-07-27,NSE,ITC,part-042005_433398-004721.parquet,ctrade1-l2-data,raw_l2/trade_date=2026-07-27/exchange=NSE/symbol=ITC/part-REDACTED.parquet
2026-07-27,NSE,ITC,part-042019_456420-004753.parquet,ctrade1-l2-data,raw_l2/trade_date=2026-07-27/exchange=NSE/symbol=ITC/part-REDACTED.parquet
2026-07-27,NSE,ITC,part-042033_765241-004785.parquet,ctrade1-l2-data,raw_l2/trade_date=2026-07-27/exchange=NSE/symbol=ITC/part-REDACTED.parquet
2026-07-27,NSE,ITC,part-042047_690623-004817.parquet,ctrade1-l2-data,raw_l2/trade_date=2026-07-27/exchange=NSE/symbol=ITC/part-REDACTED.parquet
2026-07-27,NSE,ITC,part-042101_699287-004849.parquet,ctrade1-l2-data,raw_l2/trade_date=2026-07-27/exchange=NSE/symbol=ITC/part-REDACTED.parquet
2026-07-27,NSE,ITC,part-042116_020299-004881.parquet,ctrade1-l2-data,raw_l2/trade_date=2026-07-27/exchange=NSE/symbol=ITC/part-REDACTED.parquet
2026-07-27,NSE,ITC,part-042130_355993-004913.parquet,ctrade1-l2-data,raw_l2/trade_date=2026-07-27/exchange=NSE/symbol=ITC/part-REDACTED.parquet
2026-07-27,NSE,ITC,part-042144_539889-004945.parquet,ctrade1-l2-data,raw_l2/trade_date=2026-07-27/exchange=NSE/symbol=ITC/part-REDACTED.parquet
2026-07-27,NSE,ITC,part-042158_936004-004977.parquet,ctrade1-l2-data,raw_l2/trade_date=2026-07-27/exchange=NSE/symbol=ITC/part-REDACTED.parquet
2026-07-27,NSE,ITC,part-042213_531629-005009.parquet,ctrade1-l2-data,raw_l2/trade_date=2026-07-27/exchange=NSE/symbol=ITC/part-REDACTED.parquet
2026-07-27,NSE,ITC,part-042227_760487-005041.parquet,ctrade1-l2-data,raw_l2/trade_date=2026-07-27/exchange=NSE/symbol=ITC/part-REDACTED.parquet
2026-07-27,NSE,ITC,part-042242_125857-005073.parquet,ctrade1-l2-data,raw_l2/trade_date=2026-07-27/exchange=NSE/symbol=ITC/part-REDACTED.parquet
2026-07-27,NSE,ITC,part-042256_559318-005105.parquet,ctrade1-l2-data,raw_l2/trade_date=2026-07-27/exchange=NSE/symbol=ITC/part-REDACTED.parquet
2026-07-27,NSE,ITC,part-042310_822504-005137.parquet,ctrade1-l2-data,raw_l2/trade_date=2026-07-27/exchange=NSE/symbol=ITC/part-REDACTED.parquet
2026-07-27,NSE,ITC,part-042325_113699-005169.parquet,ctrade1-l2-data,raw_l2/trade_date=2026-07-27/exchange=NSE/symbol=ITC/part-REDACTED.parquet
2026-07-27,NSE,ITC,part-042339_617309-005201.parquet,ctrade1-l2-data,raw_l2/trade_date=2026-07-27/exchange=NSE/symbol=ITC/part-REDACTED.parquet
2026-07-27,NSE,ITC,part-042353_897786-005233.parquet,ctrade1-l2-data,raw_l2/trade_date=2026-07-27/exchange=NSE/symbol=ITC/part-REDACTED.parquet
2026-07-27,NSE,ITC,part-042408_428004-005265.parquet,ctrade1-l2-data,raw_l2/trade_date=2026-07-27/exchange=NSE/symbol=ITC/part-REDACTED.parquet
2026-07-27,NSE,ITC,part-042422_895262-005297.parquet,ctrade1-l2-data,raw_l2/trade_date=2026-07-27/exchange=NSE/symbol=ITC/part-REDACTED.parquet
2026-07-27,NSE,ITC,part-042437_325654-005329.parquet,ctrade1-l2-data,raw_l2/trade_date=2026-07-27/exchange=NSE/symbol=ITC/part-REDACTED.parquet
2026-07-27,NSE,ITC,part-042451_612347-005361.parquet,ctrade1-l2-data,raw_l2/trade_date=2026-07-27/exchange=NSE/symbol=ITC/part-REDACTED.parquet
2026-07-27,NSE,ITC,part-042505_858566-005393.parquet,ctrade1-l2-data,raw_l2/trade_date=2026-07-27/exchange=NSE/symbol=ITC/part-REDACTED.parquet
2026-07-27,NSE,ITC,part-042520_045076-005425.parquet,ctrade1-l2-data,raw_l2/trade_date=2026-07-27/exchange=NSE/symbol=ITC/part-REDACTED.parquet
2026-07-27,NSE,ITC,part-042534_445142-005457.parquet,ctrade1-l2-data,raw_l2/trade_date=2026-07-27/exchange=NSE/symbol=ITC/part-REDACTED.parquet
2026-07-27,NSE,ITC,part-042548_853036-005489.parquet,ctrade1-l2-data,raw_l2/trade_date=2026-07-27/exchange=NSE/symbol=ITC/part-REDACTED.parquet
2026-07-27,NSE,ITC,part-042603_459617-005521.parquet,ctrade1-l2-data,raw_l2/trade_date=2026-07-27/exchange=NSE/symbol=ITC/part-REDACTED.parquet
2026-07-27,NSE,ITC,part-042618_131969-005553.parquet,ctrade1-l2-data,raw_l2/trade_date=2026-07-27/exchange=NSE/symbol=ITC/part-REDACTED.parquet
2026-07-27,NSE,ITC,part-042632_430218-005585.parquet,ctrade1-l2-data,raw_l2/trade_date=2026-07-27/exchange=NSE/symbol=ITC/part-REDACTED.parquet
2026-07-27,NSE,ITC,part-042646_773344-005617.parquet,ctrade1-l2-data,raw_l2/trade_date=2026-07-27/exchange=NSE/symbol=ITC/part-REDACTED.parquet
2026-07-27,NSE,ITC,part-042701_373915-005649.parquet,ctrade1-l2-data,raw_l2/trade_date=2026-07-27/exchange=NSE/symbol=ITC/part-REDACTED.parquet
2026-07-27,NSE,JUNIORBEES,part-034503_459355-000018.parquet,ctrade1-l2-data,raw_l2/trade_date=2026-07-27/exchange=NSE/symbol=JUNIORBEES/part-REDACTED.parquet
2026-07-27,NSE,JUNIORBEES,part-034517_990508-000050.parquet,ctrade1-l2-data,raw_l2/trade_date=2026-07-27/exchange=NSE/symbol=JUNIORBEES/part-REDACTED.parquet
2026-07-27,NSE,JUNIORBEES,part-034532_435557-000082.parquet,ctrade1-l2-data,raw_l2/trade_date=2026-07-27/exchange=NSE/symbol=JUNIORBEES/part-REDACTED.parquet
2026-07-27,NSE,JUNIORBEES,part-034546_612386-000114.parquet,ctrade1-l2-data,raw_l2/trade_date=2026-07-27/exchange=NSE/symbol=JUNIORBEES/part-REDACTED.parquet
2026-07-27,NSE,JUNIORBEES,part-034600_752104-000146.parquet,ctrade1-l2-data,raw_l2/trade_date=2026-07-27/exchange=NSE/symbol=JUNIORBEES/part-REDACTED.parquet
2026-07-27,NSE,JUNIORBEES,part-034615_069265-000178.parquet,ctrade1-l2-data,raw_l2/trade_date=2026-07-27/exchange=NSE/symbol=JUNIORBEES/part-REDACTED.parquet
2026-07-27,NSE,JUNIORBEES,part-034629_437920-000210.parquet,ctrade1-l2-data,raw_l2/trade_date=2026-07-27/exchange=NSE/symbol=JUNIORBEES/part-REDACTED.parquet
2026-07-27,NSE,JUNIORBEES,part-034643_945938-000242.parquet,ctrade1-l2-data,raw_l2/trade_date=2026-07-27/exchange=NSE/symbol=JUNIORBEES/part-REDACTED.parquet
2026-07-27,NSE,JUNIORBEES,part-034658_109043-000274.parquet,ctrade1-l2-data,raw_l2/trade_date=2026-07-27/exchange=NSE/symbol=JUNIORBEES/part-REDACTED.parquet
2026-07-27,NSE,JUNIORBEES,part-034712_158503-000306.parquet,ctrade1-l2-data,raw_l2/trade_date=2026-07-27/exchange=NSE/symbol=JUNIORBEES/part-REDACTED.parquet
2026-07-27,NSE,JUNIORBEES,part-034726_099179-000338.parquet,ctrade1-l2-data,raw_l2/trade_date=2026-07-27/exchange=NSE/symbol=JUNIORBEES/part-REDACTED.parquet
2026-07-27,NSE,JUNIORBEES,part-034740_374675-000370.parquet,ctrade1-l2-data,raw_l2/trade_date=2026-07-27/exchange=NSE/symbol=JUNIORBEES/part-REDACTED.parquet
2026-07-27,NSE,JUNIORBEES,part-034754_402318-000402.parquet,ctrade1-l2-data,raw_l2/trade_date=2026-07-27/exchange=NSE/symbol=JUNIORBEES/part-REDACTED.parquet
2026-07-27,NSE,JUNIORBEES,part-034808_715129-000434.parquet,ctrade1-l2-data,raw_l2/trade_date=2026-07-27/exchange=NSE/symbol=JUNIORBEES/part-REDACTED.parquet
2026-07-27,NSE,JUNIORBEES,part-034823_249721-000466.parquet,ctrade1-l2-data,raw_l2/trade_date=2026-07-27/exchange=NSE/symbol=JUNIORBEES/part-REDACTED.parquet
2026-07-27,NSE,JUNIORBEES,part-034837_743288-000498.parquet,ctrade1-l2-data,raw_l2/trade_date=2026-07-27/exchange=NSE/symbol=JUNIORBEES/part-REDACTED.parquet
2026-07-27,NSE,JUNIORBEES,part-034852_062217-000530.parquet,ctrade1-l2-data,raw_l2/trade_date=2026-07-27/exchange=NSE/symbol=JUNIORBEES/part-REDACTED.parquet
2026-07-27,NSE,JUNIORBEES,part-034906_432230-000562.parquet,ctrade1-l2-data,raw_l2/trade_date=2026-07-27/exchange=NSE/symbol=JUNIORBEES/part-REDACTED.parquet
2026-07-27,NSE,JUNIORBEES,part-034920_902749-000594.parquet,ctrade1-l2-data,raw_l2/trade_date=2026-07-27/exchange=NSE/symbol=JUNIORBEES/part-REDACTED.parquet
2026-07-27,NSE,JUNIORBEES,part-034935_316940-000626.parquet,ctrade1-l2-data,raw_l2/trade_date=2026-07-27/exchange=NSE/symbol=JUNIORBEES/part-REDACTED.parquet
2026-07-27,NSE,JUNIORBEES,part-034949_938316-000658.parquet,ctrade1-l2-data,raw_l2/trade_date=2026-07-27/exchange=NSE/symbol=JUNIORBEES/part-REDACTED.parquet
2026-07-27,NSE,JUNIORBEES,part-035004_511204-000690.parquet,ctrade1-l2-data,raw_l2/trade_date=2026-07-27/exchange=NSE/symbol=JUNIORBEES/part-REDACTED.parquet
2026-07-27,NSE,JUNIORBEES,part-035018_638224-000722.parquet,ctrade1-l2-data,raw_l2/trade_date=2026-07-27/exchange=NSE/symbol=JUNIORBEES/part-REDACTED.parquet
2026-07-27,NSE,JUNIORBEES,part-035032_689484-000754.parquet,ctrade1-l2-data,raw_l2/trade_date=2026-07-27/exchange=NSE/symbol=JUNIORBEES/part-REDACTED.parquet
2026-07-27,NSE,JUNIORBEES,part-035046_944036-000786.parquet,ctrade1-l2-data,raw_l2/trade_date=2026-07-27/exchange=NSE/symbol=JUNIORBEES/part-REDACTED.parquet
2026-07-27,NSE,JUNIORBEES,part-035101_128988-000818.parquet,ctrade1-l2-data,raw_l2/trade_date=2026-07-27/exchange=NSE/symbol=JUNIORBEES/part-REDACTED.parquet
2026-07-27,NSE,JUNIORBEES,part-035115_549979-000850.parquet,ctrade1-l2-data,raw_l2/trade_date=2026-07-27/exchange=NSE/symbol=JUNIORBEES/part-REDACTED.parquet
2026-07-27,NSE,JUNIORBEES,part-035129_865450-000882.parquet,ctrade1-l2-data,raw_l2/trade_date=2026-07-27/exchange=NSE/symbol=JUNIORBEES/part-REDACTED.parquet
2026-07-27,NSE,JUNIORBEES,part-035144_060417-000914.parquet,ctrade1-l2-data,raw_l2/trade_date=2026-07-27/exchange=NSE/symbol=JUNIORBEES/part-REDACTED.parquet
2026-07-27,NSE,JUNIORBEES,part-035158_290135-000946.parquet,ctrade1-l2-data,raw_l2/trade_date=2026-07-27/exchange=NSE/symbol=JUNIORBEES/part-REDACTED.parquet
2026-07-27,NSE,JUNIORBEES,part-035212_484828-000978.parquet,ctrade1-l2-data,raw_l2/trade_date=2026-07-27/exchange=NSE/symbol=JUNIORBEES/part-REDACTED.parquet
2026-07-27,NSE,JUNIORBEES,part-035226_698956-001010.parquet,ctrade1-l2-data,raw_l2/trade_date=2026-07-27/exchange=NSE/symbol=JUNIORBEES/part-REDACTED.parquet
2026-07-27,NSE,JUNIORBEES,part-035240_918924-001042.parquet,ctrade1-l2-data,raw_l2/trade_date=2026-07-27/exchange=NSE/symbol=JUNIORBEES/part-REDACTED.parquet
2026-07-27,NSE,JUNIORBEES,part-035255_234394-001074.parquet,ctrade1-l2-data,raw_l2/trade_date=2026-07-27/exchange=NSE/symbol=JUNIORBEES/part-REDACTED.parquet
2026-07-27,NSE,JUNIORBEES,part-035309_551921-001106.parquet,ctrade1-l2-data,raw_l2/trade_date=2026-07-27/exchange=NSE/symbol=JUNIORBEES/part-REDACTED.parquet
2026-07-27,NSE,JUNIORBEES,part-035323_825659-001138.parquet,ctrade1-l2-data,raw_l2/trade_date=2026-07-27/exchange=NSE/symbol=JUNIORBEES/part-REDACTED.parquet
2026-07-27,NSE,JUNIORBEES,part-035338_275339-001170.parquet,ctrade1-l2-data,raw_l2/trade_date=2026-07-27/exchange=NSE/symbol=JUNIORBEES/part-REDACTED.parquet
2026-07-27,NSE,JUNIORBEES,part-035352_715819-001202.parquet,ctrade1-l2-data,raw_l2/trade_date=2026-07-27/exchange=NSE/symbol=JUNIORBEES/part-REDACTED.parquet
2026-07-27,NSE,JUNIORBEES,part-035407_003052-001234.parquet,ctrade1-l2-data,raw_l2/trade_date=2026-07-27/exchange=NSE/symbol=JUNIORBEES/part-REDACTED.parquet
2026-07-27,NSE,JUNIORBEES,part-035421_121139-001266.parquet,ctrade1-l2-data,raw_l2/trade_date=2026-07-27/exchange=NSE/symbol=JUNIORBEES/part-REDACTED.parquet
2026-07-27,NSE,JUNIORBEES,part-035435_255532-001298.parquet,ctrade1-l2-data,raw_l2/trade_date=2026-07-27/exchange=NSE/symbol=JUNIORBEES/part-REDACTED.parquet
2026-07-27,NSE,JUNIORBEES,part-035450_267492-001330.parquet,ctrade1-l2-data,raw_l2/trade_date=2026-07-27/exchange=NSE/symbol=JUNIORBEES/part-REDACTED.parquet
2026-07-27,NSE,JUNIORBEES,part-035504_647987-001362.parquet,ctrade1-l2-data,raw_l2/trade_date=2026-07-27/exchange=NSE/symbol=JUNIORBEES/part-REDACTED.parquet
2026-07-27,NSE,JUNIORBEES,part-035519_245182-001394.parquet,ctrade1-l2-data,raw_l2/trade_date=2026-07-27/exchange=NSE/symbol=JUNIORBEES/part-REDACTED.parquet
2026-07-27,NSE,JUNIORBEES,part-035533_417484-001426.parquet,ctrade1-l2-data,raw_l2/trade_date=2026-07-27/exchange=NSE/symbol=JUNIORBEES/part-REDACTED.parquet
2026-07-27,NSE,JUNIORBEES,part-035547_892362-001458.parquet,ctrade1-l2-data,raw_l2/trade_date=2026-07-27/exchange=NSE/symbol=JUNIORBEES/part-REDACTED.parquet
2026-07-27,NSE,JUNIORBEES,part-035602_133597-001490.parquet,ctrade1-l2-data,raw_l2/trade_date=2026-07-27/exchange=NSE/symbol=JUNIORBEES/part-REDACTED.parquet
2026-07-27,NSE,JUNIORBEES,part-035616_896291-001522.parquet,ctrade1-l2-data,raw_l2/trade_date=2026-07-27/exchange=NSE/symbol=JUNIORBEES/part-REDACTED.parquet
2026-07-27,NSE,JUNIORBEES,part-035631_444864-001554.parquet,ctrade1-l2-data,raw_l2/trade_date=2026-07-27/exchange=NSE/symbol=JUNIORBEES/part-REDACTED.parquet
2026-07-27,NSE,JUNIORBEES,part-035645_667250-001586.parquet,ctrade1-l2-data,raw_l2/trade_date=2026-07-27/exchange=NSE/symbol=JUNIORBEES/part-REDACTED.parquet
2026-07-27,NSE,JUNIORBEES,part-035659_912377-001618.parquet,ctrade1-l2-data,raw_l2/trade_date=2026-07-27/exchange=NSE/symbol=JUNIORBEES/part-REDACTED.parquet
2026-07-27,NSE,JUNIORBEES,part-035714_185019-001650.parquet,ctrade1-l2-data,raw_l2/trade_date=2026-07-27/exchange=NSE/symbol=JUNIORBEES/part-REDACTED.parquet
2026-07-27,NSE,JUNIORBEES,part-035728_682116-001682.parquet,ctrade1-l2-data,raw_l2/trade_date=2026-07-27/exchange=NSE/symbol=JUNIORBEES/part-REDACTED.parquet
2026-07-27,NSE,JUNIORBEES,part-035742_922248-001714.parquet,ctrade1-l2-data,raw_l2/trade_date=2026-07-27/exchange=NSE/symbol=JUNIORBEES/part-REDACTED.parquet
2026-07-27,NSE,JUNIORBEES,part-035757_208708-001746.parquet,ctrade1-l2-data,raw_l2/trade_date=2026-07-27/exchange=NSE/symbol=JUNIORBEES/part-REDACTED.parquet
2026-07-27,NSE,JUNIORBEES,part-035811_483656-001778.parquet,ctrade1-l2-data,raw_l2/trade_date=2026-07-27/exchange=NSE/symbol=JUNIORBEES/part-REDACTED.parquet
2026-07-27,NSE,JUNIORBEES,part-035825_956402-001810.parquet,ctrade1-l2-data,raw_l2/trade_date=2026-07-27/exchange=NSE/symbol=JUNIORBEES/part-REDACTED.parquet
2026-07-27,NSE,JUNIORBEES,part-035840_359666-001842.parquet,ctrade1-l2-data,raw_l2/trade_date=2026-07-27/exchange=NSE/symbol=JUNIORBEES/part-REDACTED.parquet
2026-07-27,NSE,JUNIORBEES,part-035854_727226-001874.parquet,ctrade1-l2-data,raw_l2/trade_date=2026-07-27/exchange=NSE/symbol=JUNIORBEES/part-REDACTED.parquet
2026-07-27,NSE,JUNIORBEES,part-035909_013497-001906.parquet,ctrade1-l2-data,raw_l2/trade_date=2026-07-27/exchange=NSE/symbol=JUNIORBEES/part-REDACTED.parquet
2026-07-27,NSE,JUNIORBEES,part-035923_575635-001938.parquet,ctrade1-l2-data,raw_l2/trade_date=2026-07-27/exchange=NSE/symbol=JUNIORBEES/part-REDACTED.parquet
2026-07-27,NSE,JUNIORBEES,part-035937_912569-001970.parquet,ctrade1-l2-data,raw_l2/trade_date=2026-07-27/exchange=NSE/symbol=JUNIORBEES/part-REDACTED.parquet
2026-07-27,NSE,JUNIORBEES,part-035952_117644-002002.parquet,ctrade1-l2-data,raw_l2/trade_date=2026-07-27/exchange=NSE/symbol=JUNIORBEES/part-REDACTED.parquet
2026-07-27,NSE,JUNIORBEES,part-040006_827358-002034.parquet,ctrade1-l2-data,raw_l2/trade_date=2026-07-27/exchange=NSE/symbol=JUNIORBEES/part-REDACTED.parquet
2026-07-27,NSE,JUNIORBEES,part-040021_198939-002066.parquet,ctrade1-l2-data,raw_l2/trade_date=2026-07-27/exchange=NSE/symbol=JUNIORBEES/part-REDACTED.parquet
2026-07-27,NSE,JUNIORBEES,part-040035_477090-002098.parquet,ctrade1-l2-data,raw_l2/trade_date=2026-07-27/exchange=NSE/symbol=JUNIORBEES/part-REDACTED.parquet
2026-07-27,NSE,JUNIORBEES,part-040049_790283-002130.parquet,ctrade1-l2-data,raw_l2/trade_date=2026-07-27/exchange=NSE/symbol=JUNIORBEES/part-REDACTED.parquet
2026-07-27,NSE,JUNIORBEES,part-040104_371043-002162.parquet,ctrade1-l2-data,raw_l2/trade_date=2026-07-27/exchange=NSE/symbol=JUNIORBEES/part-REDACTED.parquet
2026-07-27,NSE,JUNIORBEES,part-040118_817975-002194.parquet,ctrade1-l2-data,raw_l2/trade_date=2026-07-27/exchange=NSE/symbol=JUNIORBEES/part-REDACTED.parquet
2026-07-27,NSE,JUNIORBEES,part-040133_094442-002226.parquet,ctrade1-l2-data,raw_l2/trade_date=2026-07-27/exchange=NSE/symbol=JUNIORBEES/part-REDACTED.parquet
2026-07-27,NSE,JUNIORBEES,part-040147_681110-002258.parquet,ctrade1-l2-data,raw_l2/trade_date=2026-07-27/exchange=NSE/symbol=JUNIORBEES/part-REDACTED.parquet
2026-07-27,NSE,JUNIORBEES,part-040202_031992-002290.parquet,ctrade1-l2-data,raw_l2/trade_date=2026-07-27/exchange=NSE/symbol=JUNIORBEES/part-REDACTED.parquet
2026-07-27,NSE,JUNIORBEES,part-040216_526249-002322.parquet,ctrade1-l2-data,raw_l2/trade_date=2026-07-27/exchange=NSE/symbol=JUNIORBEES/part-REDACTED.parquet
2026-07-27,NSE,JUNIORBEES,part-040231_371285-002354.parquet,ctrade1-l2-data,raw_l2/trade_date=2026-07-27/exchange=NSE/symbol=JUNIORBEES/part-REDACTED.parquet
2026-07-27,NSE,JUNIORBEES,part-040245_763826-002386.parquet,ctrade1-l2-data,raw_l2/trade_date=2026-07-27/exchange=NSE/symbol=JUNIORBEES/part-REDACTED.parquet
2026-07-27,NSE,JUNIORBEES,part-040300_565885-002418.parquet,ctrade1-l2-data,raw_l2/trade_date=2026-07-27/exchange=NSE/symbol=JUNIORBEES/part-REDACTED.parquet
2026-07-27,NSE,JUNIORBEES,part-040314_942335-002450.parquet,ctrade1-l2-data,raw_l2/trade_date=2026-07-27/exchange=NSE/symbol=JUNIORBEES/part-REDACTED.parquet
2026-07-27,NSE,JUNIORBEES,part-040329_287094-002482.parquet,ctrade1-l2-data,raw_l2/trade_date=2026-07-27/exchange=NSE/symbol=JUNIORBEES/part-REDACTED.parquet
2026-07-27,NSE,JUNIORBEES,part-040343_743797-002514.parquet,ctrade1-l2-data,raw_l2/trade_date=2026-07-27/exchange=NSE/symbol=JUNIORBEES/part-REDACTED.parquet
2026-07-27,NSE,JUNIORBEES,part-040358_347509-002546.parquet,ctrade1-l2-data,raw_l2/trade_date=2026-07-27/exchange=NSE/symbol=JUNIORBEES/part-REDACTED.parquet
2026-07-27,NSE,JUNIORBEES,part-040412_934073-002578.parquet,ctrade1-l2-data,raw_l2/trade_date=2026-07-27/exchange=NSE/symbol=JUNIORBEES/part-REDACTED.parquet
2026-07-27,NSE,JUNIORBEES,part-040427_258211-002610.parquet,ctrade1-l2-data,raw_l2/trade_date=2026-07-27/exchange=NSE/symbol=JUNIORBEES/part-REDACTED.parquet
2026-07-27,NSE,JUNIORBEES,part-040441_529664-002642.parquet,ctrade1-l2-data,raw_l2/trade_date=2026-07-27/exchange=NSE/symbol=JUNIORBEES/part-REDACTED.parquet
2026-07-27,NSE,JUNIORBEES,part-040455_889515-002674.parquet,ctrade1-l2-data,raw_l2/trade_date=2026-07-27/exchange=NSE/symbol=JUNIORBEES/part-REDACTED.parquet
2026-07-27,NSE,JUNIORBEES,part-040510_270886-002706.parquet,ctrade1-l2-data,raw_l2/trade_date=2026-07-27/exchange=NSE/symbol=JUNIORBEES/part-REDACTED.parquet
2026-07-27,NSE,JUNIORBEES,part-040524_511737-002738.parquet,ctrade1-l2-data,raw_l2/trade_date=2026-07-27/exchange=NSE/symbol=JUNIORBEES/part-REDACTED.parquet
2026-07-27,NSE,JUNIORBEES,part-040538_605529-002770.parquet,ctrade1-l2-data,raw_l2/trade_date=2026-07-27/exchange=NSE/symbol=JUNIORBEES/part-REDACTED.parquet
2026-07-27,NSE,JUNIORBEES,part-040552_770745-002802.parquet,ctrade1-l2-data,raw_l2/trade_date=2026-07-27/exchange=NSE/symbol=JUNIORBEES/part-REDACTED.parquet
2026-07-27,NSE,JUNIORBEES,part-040606_760583-002834.parquet,ctrade1-l2-data,raw_l2/trade_date=2026-07-27/exchange=NSE/symbol=JUNIORBEES/part-REDACTED.parquet
2026-07-27,NSE,JUNIORBEES,part-040620_825641-002866.parquet,ctrade1-l2-data,raw_l2/trade_date=2026-07-27/exchange=NSE/symbol=JUNIORBEES/part-REDACTED.parquet
2026-07-27,NSE,JUNIORBEES,part-040634_869791-002898.parquet,ctrade1-l2-data,raw_l2/trade_date=2026-07-27/exchange=NSE/symbol=JUNIORBEES/part-REDACTED.parquet
2026-07-27,NSE,JUNIORBEES,part-040648_863069-002930.parquet,ctrade1-l2-data,raw_l2/trade_date=2026-07-27/exchange=NSE/symbol=JUNIORBEES/part-REDACTED.parquet
2026-07-27,NSE,JUNIORBEES,part-040702_879158-002962.parquet,ctrade1-l2-data,raw_l2/trade_date=2026-07-27/exchange=NSE/symbol=JUNIORBEES/part-REDACTED.parquet
2026-07-27,NSE,JUNIORBEES,part-040717_266312-002994.parquet,ctrade1-l2-data,raw_l2/trade_date=2026-07-27/exchange=NSE/symbol=JUNIORBEES/part-REDACTED.parquet
2026-07-27,NSE,JUNIORBEES,part-040731_405270-003026.parquet,ctrade1-l2-data,raw_l2/trade_date=2026-07-27/exchange=NSE/symbol=JUNIORBEES/part-REDACTED.parquet
2026-07-27,NSE,JUNIORBEES,part-040745_529515-003058.parquet,ctrade1-l2-data,raw_l2/trade_date=2026-07-27/exchange=NSE/symbol=JUNIORBEES/part-REDACTED.parquet
2026-07-27,NSE,JUNIORBEES,part-040800_211757-003090.parquet,ctrade1-l2-data,raw_l2/trade_date=2026-07-27/exchange=NSE/symbol=JUNIORBEES/part-REDACTED.parquet
2026-07-27,NSE,JUNIORBEES,part-040814_453016-003122.parquet,ctrade1-l2-data,raw_l2/trade_date=2026-07-27/exchange=NSE/symbol=JUNIORBEES/part-REDACTED.parquet
2026-07-27,NSE,JUNIORBEES,part-040828_699537-003154.parquet,ctrade1-l2-data,raw_l2/trade_date=2026-07-27/exchange=NSE/symbol=JUNIORBEES/part-REDACTED.parquet
2026-07-27,NSE,JUNIORBEES,part-040842_808880-003186.parquet,ctrade1-l2-data,raw_l2/trade_date=2026-07-27/exchange=NSE/symbol=JUNIORBEES/part-REDACTED.parquet
2026-07-27,NSE,JUNIORBEES,part-040857_236011-003218.parquet,ctrade1-l2-data,raw_l2/trade_date=2026-07-27/exchange=NSE/symbol=JUNIORBEES/part-REDACTED.parquet
2026-07-27,NSE,JUNIORBEES,part-040911_388205-003250.parquet,ctrade1-l2-data,raw_l2/trade_date=2026-07-27/exchange=NSE/symbol=JUNIORBEES/part-REDACTED.parquet
2026-07-27,NSE,JUNIORBEES,part-040925_407638-003282.parquet,ctrade1-l2-data,raw_l2/trade_date=2026-07-27/exchange=NSE/symbol=JUNIORBEES/part-REDACTED.parquet
2026-07-27,NSE,JUNIORBEES,part-040939_761752-003314.parquet,ctrade1-l2-data,raw_l2/trade_date=2026-07-27/exchange=NSE/symbol=JUNIORBEES/part-REDACTED.parquet
2026-07-27,NSE,JUNIORBEES,part-040953_936469-003346.parquet,ctrade1-l2-data,raw_l2/trade_date=2026-07-27/exchange=NSE/symbol=JUNIORBEES/part-REDACTED.parquet
2026-07-27,NSE,JUNIORBEES,part-041008_172691-003378.parquet,ctrade1-l2-data,raw_l2/trade_date=2026-07-27/exchange=NSE/symbol=JUNIORBEES/part-REDACTED.parquet
2026-07-27,NSE,JUNIORBEES,part-041022_422130-003410.parquet,ctrade1-l2-data,raw_l2/trade_date=2026-07-27/exchange=NSE/symbol=JUNIORBEES/part-REDACTED.parquet
2026-07-27,NSE,JUNIORBEES,part-041036_878836-003442.parquet,ctrade1-l2-data,raw_l2/trade_date=2026-07-27/exchange=NSE/symbol=JUNIORBEES/part-REDACTED.parquet
2026-07-27,NSE,JUNIORBEES,part-041051_051096-003474.parquet,ctrade1-l2-data,raw_l2/trade_date=2026-07-27/exchange=NSE/symbol=JUNIORBEES/part-REDACTED.parquet
2026-07-27,NSE,JUNIORBEES,part-041105_272147-003506.parquet,ctrade1-l2-data,raw_l2/trade_date=2026-07-27/exchange=NSE/symbol=JUNIORBEES/part-REDACTED.parquet
2026-07-27,NSE,JUNIORBEES,part-041119_666205-003538.parquet,ctrade1-l2-data,raw_l2/trade_date=2026-07-27/exchange=NSE/symbol=JUNIORBEES/part-REDACTED.parquet
2026-07-27,NSE,JUNIORBEES,part-041133_789824-003570.parquet,ctrade1-l2-data,raw_l2/trade_date=2026-07-27/exchange=NSE/symbol=JUNIORBEES/part-REDACTED.parquet
2026-07-27,NSE,JUNIORBEES,part-041147_999543-003602.parquet,ctrade1-l2-data,raw_l2/trade_date=2026-07-27/exchange=NSE/symbol=JUNIORBEES/part-REDACTED.parquet
2026-07-27,NSE,JUNIORBEES,part-041202_024232-003634.parquet,ctrade1-l2-data,raw_l2/trade_date=2026-07-27/exchange=NSE/symbol=JUNIORBEES/part-REDACTED.parquet
2026-07-27,NSE,JUNIORBEES,part-041216_069057-003666.parquet,ctrade1-l2-data,raw_l2/trade_date=2026-07-27/exchange=NSE/symbol=JUNIORBEES/part-REDACTED.parquet
2026-07-27,NSE,JUNIORBEES,part-041230_649091-003698.parquet,ctrade1-l2-data,raw_l2/trade_date=2026-07-27/exchange=NSE/symbol=JUNIORBEES/part-REDACTED.parquet
2026-07-27,NSE,JUNIORBEES,part-041245_256543-003730.parquet,ctrade1-l2-data,raw_l2/trade_date=2026-07-27/exchange=NSE/symbol=JUNIORBEES/part-REDACTED.parquet
2026-07-27,NSE,JUNIORBEES,part-041259_288664-003762.parquet,ctrade1-l2-data,raw_l2/trade_date=2026-07-27/exchange=NSE/symbol=JUNIORBEES/part-REDACTED.parquet
2026-07-27,NSE,JUNIORBEES,part-041313_549597-003794.parquet,ctrade1-l2-data,raw_l2/trade_date=2026-07-27/exchange=NSE/symbol=JUNIORBEES/part-REDACTED.parquet
2026-07-27,NSE,JUNIORBEES,part-041327_826435-003826.parquet,ctrade1-l2-data,raw_l2/trade_date=2026-07-27/exchange=NSE/symbol=JUNIORBEES/part-REDACTED.parquet
2026-07-27,NSE,JUNIORBEES,part-041341_857023-003858.parquet,ctrade1-l2-data,raw_l2/trade_date=2026-07-27/exchange=NSE/symbol=JUNIORBEES/part-REDACTED.parquet
2026-07-27,NSE,JUNIORBEES,part-041355_846582-003890.parquet,ctrade1-l2-data,raw_l2/trade_date=2026-07-27/exchange=NSE/symbol=JUNIORBEES/part-REDACTED.parquet
2026-07-27,NSE,JUNIORBEES,part-041409_901784-003922.parquet,ctrade1-l2-data,raw_l2/trade_date=2026-07-27/exchange=NSE/symbol=JUNIORBEES/part-REDACTED.parquet
2026-07-27,NSE,JUNIORBEES,part-041423_844648-003954.parquet,ctrade1-l2-data,raw_l2/trade_date=2026-07-27/exchange=NSE/symbol=JUNIORBEES/part-REDACTED.parquet
2026-07-27,NSE,JUNIORBEES,part-041437_876378-003986.parquet,ctrade1-l2-data,raw_l2/trade_date=2026-07-27/exchange=NSE/symbol=JUNIORBEES/part-REDACTED.parquet
2026-07-27,NSE,JUNIORBEES,part-041451_826999-004018.parquet,ctrade1-l2-data,raw_l2/trade_date=2026-07-27/exchange=NSE/symbol=JUNIORBEES/part-REDACTED.parquet
2026-07-27,NSE,JUNIORBEES,part-041505_902531-004050.parquet,ctrade1-l2-data,raw_l2/trade_date=2026-07-27/exchange=NSE/symbol=JUNIORBEES/part-REDACTED.parquet
2026-07-27,NSE,JUNIORBEES,part-041519_846617-004082.parquet,ctrade1-l2-data,raw_l2/trade_date=2026-07-27/exchange=NSE/symbol=JUNIORBEES/part-REDACTED.parquet
2026-07-27,NSE,JUNIORBEES,part-041534_194835-004114.parquet,ctrade1-l2-data,raw_l2/trade_date=2026-07-27/exchange=NSE/symbol=JUNIORBEES/part-REDACTED.parquet
2026-07-27,NSE,JUNIORBEES,part-041548_611638-004146.parquet,ctrade1-l2-data,raw_l2/trade_date=2026-07-27/exchange=NSE/symbol=JUNIORBEES/part-REDACTED.parquet
2026-07-27,NSE,JUNIORBEES,part-041602_681941-004178.parquet,ctrade1-l2-data,raw_l2/trade_date=2026-07-27/exchange=NSE/symbol=JUNIORBEES/part-REDACTED.parquet
2026-07-27,NSE,JUNIORBEES,part-041616_827430-004210.parquet,ctrade1-l2-data,raw_l2/trade_date=2026-07-27/exchange=NSE/symbol=JUNIORBEES/part-REDACTED.parquet
2026-07-27,NSE,JUNIORBEES,part-041632_060679-004242.parquet,ctrade1-l2-data,raw_l2/trade_date=2026-07-27/exchange=NSE/symbol=JUNIORBEES/part-REDACTED.parquet
2026-07-27,NSE,JUNIORBEES,part-041647_588828-004274.parquet,ctrade1-l2-data,raw_l2/trade_date=2026-07-27/exchange=NSE/symbol=JUNIORBEES/part-REDACTED.parquet
2026-07-27,NSE,JUNIORBEES,part-041701_579221-004306.parquet,ctrade1-l2-data,raw_l2/trade_date=2026-07-27/exchange=NSE/symbol=JUNIORBEES/part-REDACTED.parquet
2026-07-27,NSE,JUNIORBEES,part-041715_671147-004338.parquet,ctrade1-l2-data,raw_l2/trade_date=2026-07-27/exchange=NSE/symbol=JUNIORBEES/part-REDACTED.parquet
2026-07-27,NSE,JUNIORBEES,part-041729_994356-004370.parquet,ctrade1-l2-data,raw_l2/trade_date=2026-07-27/exchange=NSE/symbol=JUNIORBEES/part-REDACTED.parquet
2026-07-27,NSE,JUNIORBEES,part-041744_403388-004402.parquet,ctrade1-l2-data,raw_l2/trade_date=2026-07-27/exchange=NSE/symbol=JUNIORBEES/part-REDACTED.parquet
2026-07-27,NSE,JUNIORBEES,part-041758_901393-004434.parquet,ctrade1-l2-data,raw_l2/trade_date=2026-07-27/exchange=NSE/symbol=JUNIORBEES/part-REDACTED.parquet
2026-07-27,NSE,JUNIORBEES,part-041813_124046-004466.parquet,ctrade1-l2-data,raw_l2/trade_date=2026-07-27/exchange=NSE/symbol=JUNIORBEES/part-REDACTED.parquet
2026-07-27,NSE,JUNIORBEES,part-041827_231308-004498.parquet,ctrade1-l2-data,raw_l2/trade_date=2026-07-27/exchange=NSE/symbol=JUNIORBEES/part-REDACTED.parquet
2026-07-27,NSE,JUNIORBEES,part-041841_227223-004530.parquet,ctrade1-l2-data,raw_l2/trade_date=2026-07-27/exchange=NSE/symbol=JUNIORBEES/part-REDACTED.parquet
2026-07-27,NSE,JUNIORBEES,part-041855_384232-004562.parquet,ctrade1-l2-data,raw_l2/trade_date=2026-07-27/exchange=NSE/symbol=JUNIORBEES/part-REDACTED.parquet
2026-07-27,NSE,JUNIORBEES,part-041909_347964-004594.parquet,ctrade1-l2-data,raw_l2/trade_date=2026-07-27/exchange=NSE/symbol=JUNIORBEES/part-REDACTED.parquet
2026-07-27,NSE,JUNIORBEES,part-041923_415536-004626.parquet,ctrade1-l2-data,raw_l2/trade_date=2026-07-27/exchange=NSE/symbol=JUNIORBEES/part-REDACTED.parquet
2026-07-27,NSE,JUNIORBEES,part-041937_270396-004658.parquet,ctrade1-l2-data,raw_l2/trade_date=2026-07-27/exchange=NSE/symbol=JUNIORBEES/part-REDACTED.parquet
2026-07-27,NSE,JUNIORBEES,part-041951_320986-004690.parquet,ctrade1-l2-data,raw_l2/trade_date=2026-07-27/exchange=NSE/symbol=JUNIORBEES/part-REDACTED.parquet
2026-07-27,NSE,JUNIORBEES,part-042005_540894-004722.parquet,ctrade1-l2-data,raw_l2/trade_date=2026-07-27/exchange=NSE/symbol=JUNIORBEES/part-REDACTED.parquet
2026-07-27,NSE,JUNIORBEES,part-042019_584095-004754.parquet,ctrade1-l2-data,raw_l2/trade_date=2026-07-27/exchange=NSE/symbol=JUNIORBEES/part-REDACTED.parquet
2026-07-27,NSE,JUNIORBEES,part-042033_893485-004786.parquet,ctrade1-l2-data,raw_l2/trade_date=2026-07-27/exchange=NSE/symbol=JUNIORBEES/part-REDACTED.parquet
2026-07-27,NSE,JUNIORBEES,part-042047_814959-004818.parquet,ctrade1-l2-data,raw_l2/trade_date=2026-07-27/exchange=NSE/symbol=JUNIORBEES/part-REDACTED.parquet
2026-07-27,NSE,JUNIORBEES,part-042101_824130-004850.parquet,ctrade1-l2-data,raw_l2/trade_date=2026-07-27/exchange=NSE/symbol=JUNIORBEES/part-REDACTED.parquet
2026-07-27,NSE,JUNIORBEES,part-042116_143097-004882.parquet,ctrade1-l2-data,raw_l2/trade_date=2026-07-27/exchange=NSE/symbol=JUNIORBEES/part-REDACTED.parquet
2026-07-27,NSE,JUNIORBEES,part-042130_484454-004914.parquet,ctrade1-l2-data,raw_l2/trade_date=2026-07-27/exchange=NSE/symbol=JUNIORBEES/part-REDACTED.parquet
2026-07-27,NSE,JUNIORBEES,part-042144_674664-004946.parquet,ctrade1-l2-data,raw_l2/trade_date=2026-07-27/exchange=NSE/symbol=JUNIORBEES/part-REDACTED.parquet
2026-07-27,NSE,JUNIORBEES,part-042159_068202-004978.parquet,ctrade1-l2-data,raw_l2/trade_date=2026-07-27/exchange=NSE/symbol=JUNIORBEES/part-REDACTED.parquet
2026-07-27,NSE,JUNIORBEES,part-042213_664789-005010.parquet,ctrade1-l2-data,raw_l2/trade_date=2026-07-27/exchange=NSE/symbol=JUNIORBEES/part-REDACTED.parquet
2026-07-27,NSE,JUNIORBEES,part-042227_891740-005042.parquet,ctrade1-l2-data,raw_l2/trade_date=2026-07-27/exchange=NSE/symbol=JUNIORBEES/part-REDACTED.parquet
2026-07-27,NSE,JUNIORBEES,part-042242_294612-005074.parquet,ctrade1-l2-data,raw_l2/trade_date=2026-07-27/exchange=NSE/symbol=JUNIORBEES/part-REDACTED.parquet
2026-07-27,NSE,JUNIORBEES,part-042256_696102-005106.parquet,ctrade1-l2-data,raw_l2/trade_date=2026-07-27/exchange=NSE/symbol=JUNIORBEES/part-REDACTED.parquet
2026-07-27,NSE,JUNIORBEES,part-042310_975327-005138.parquet,ctrade1-l2-data,raw_l2/trade_date=2026-07-27/exchange=NSE/symbol=JUNIORBEES/part-REDACTED.parquet
2026-07-27,NSE,JUNIORBEES,part-042325_257441-005170.parquet,ctrade1-l2-data,raw_l2/trade_date=2026-07-27/exchange=NSE/symbol=JUNIORBEES/part-REDACTED.parquet
2026-07-27,NSE,JUNIORBEES,part-042339_734180-005202.parquet,ctrade1-l2-data,raw_l2/trade_date=2026-07-27/exchange=NSE/symbol=JUNIORBEES/part-REDACTED.parquet
2026-07-27,NSE,JUNIORBEES,part-042354_025999-005234.parquet,ctrade1-l2-data,raw_l2/trade_date=2026-07-27/exchange=NSE/symbol=JUNIORBEES/part-REDACTED.parquet
2026-07-27,NSE,JUNIORBEES,part-042408_552345-005266.parquet,ctrade1-l2-data,raw_l2/trade_date=2026-07-27/exchange=NSE/symbol=JUNIORBEES/part-REDACTED.parquet
2026-07-27,NSE,JUNIORBEES,part-042423_022312-005298.parquet,ctrade1-l2-data,raw_l2/trade_date=2026-07-27/exchange=NSE/symbol=JUNIORBEES/part-REDACTED.parquet
2026-07-27,NSE,JUNIORBEES,part-042437_464663-005330.parquet,ctrade1-l2-data,raw_l2/trade_date=2026-07-27/exchange=NSE/symbol=JUNIORBEES/part-REDACTED.parquet
2026-07-27,NSE,JUNIORBEES,part-042451_736552-005362.parquet,ctrade1-l2-data,raw_l2/trade_date=2026-07-27/exchange=NSE/symbol=JUNIORBEES/part-REDACTED.parquet
2026-07-27,NSE,JUNIORBEES,part-042505_974676-005394.parquet,ctrade1-l2-data,raw_l2/trade_date=2026-07-27/exchange=NSE/symbol=JUNIORBEES/part-REDACTED.parquet
2026-07-27,NSE,JUNIORBEES,part-042520_175236-005426.parquet,ctrade1-l2-data,raw_l2/trade_date=2026-07-27/exchange=NSE/symbol=JUNIORBEES/part-REDACTED.parquet
2026-07-27,NSE,JUNIORBEES,part-042534_578301-005458.parquet,ctrade1-l2-data,raw_l2/trade_date=2026-07-27/exchange=NSE/symbol=JUNIORBEES/part-REDACTED.parquet
2026-07-27,NSE,JUNIORBEES,part-042548_984767-005490.parquet,ctrade1-l2-data,raw_l2/trade_date=2026-07-27/exchange=NSE/symbol=JUNIORBEES/part-REDACTED.parquet
2026-07-27,NSE,JUNIORBEES,part-042603_629542-005522.parquet,ctrade1-l2-data,raw_l2/trade_date=2026-07-27/exchange=NSE/symbol=JUNIORBEES/part-REDACTED.parquet
2026-07-27,NSE,JUNIORBEES,part-042618_271973-005554.parquet,ctrade1-l2-data,raw_l2/trade_date=2026-07-27/exchange=NSE/symbol=JUNIORBEES/part-REDACTED.parquet
2026-07-27,NSE,JUNIORBEES,part-042632_553714-005586.parquet,ctrade1-l2-data,raw_l2/trade_date=2026-07-27/exchange=NSE/symbol=JUNIORBEES/part-REDACTED.parquet
2026-07-27,NSE,JUNIORBEES,part-042646_931658-005618.parquet,ctrade1-l2-data,raw_l2/trade_date=2026-07-27/exchange=NSE/symbol=JUNIORBEES/part-REDACTED.parquet
2026-07-27,NSE,JUNIORBEES,part-042701_510883-005650.parquet,ctrade1-l2-data,raw_l2/trade_date=2026-07-27/exchange=NSE/symbol=JUNIORBEES/part-REDACTED.parquet
2026-07-27,NSE,KOTAKBANK,part-034503_604148-000019.parquet,ctrade1-l2-data,raw_l2/trade_date=2026-07-27/exchange=NSE/symbol=KOTAKBANK/part-REDACTED.parquet
2026-07-27,NSE,KOTAKBANK,part-034518_131211-000051.parquet,ctrade1-l2-data,raw_l2/trade_date=2026-07-27/exchange=NSE/symbol=KOTAKBANK/part-REDACTED.parquet
2026-07-27,NSE,KOTAKBANK,part-034532_556874-000083.parquet,ctrade1-l2-data,raw_l2/trade_date=2026-07-27/exchange=NSE/symbol=KOTAKBANK/part-REDACTED.parquet
2026-07-27,NSE,KOTAKBANK,part-034546_734105-000115.parquet,ctrade1-l2-data,raw_l2/trade_date=2026-07-27/exchange=NSE/symbol=KOTAKBANK/part-REDACTED.parquet
2026-07-27,NSE,KOTAKBANK,part-034600_867057-000147.parquet,ctrade1-l2-data,raw_l2/trade_date=2026-07-27/exchange=NSE/symbol=KOTAKBANK/part-REDACTED.parquet
2026-07-27,NSE,KOTAKBANK,part-034615_194149-000179.parquet,ctrade1-l2-data,raw_l2/trade_date=2026-07-27/exchange=NSE/symbol=KOTAKBANK/part-REDACTED.parquet
2026-07-27,NSE,KOTAKBANK,part-034629_562418-000211.parquet,ctrade1-l2-data,raw_l2/trade_date=2026-07-27/exchange=NSE/symbol=KOTAKBANK/part-REDACTED.parquet
2026-07-27,NSE,KOTAKBANK,part-034644_086174-000243.parquet,ctrade1-l2-data,raw_l2/trade_date=2026-07-27/exchange=NSE/symbol=KOTAKBANK/part-REDACTED.parquet
2026-07-27,NSE,KOTAKBANK,part-034658_230532-000275.parquet,ctrade1-l2-data,raw_l2/trade_date=2026-07-27/exchange=NSE/symbol=KOTAKBANK/part-REDACTED.parquet
2026-07-27,NSE,KOTAKBANK,part-034712_273449-000307.parquet,ctrade1-l2-data,raw_l2/trade_date=2026-07-27/exchange=NSE/symbol=KOTAKBANK/part-REDACTED.parquet
2026-07-27,NSE,KOTAKBANK,part-034726_227017-000339.parquet,ctrade1-l2-data,raw_l2/trade_date=2026-07-27/exchange=NSE/symbol=KOTAKBANK/part-REDACTED.parquet
2026-07-27,NSE,KOTAKBANK,part-034740_491108-000371.parquet,ctrade1-l2-data,raw_l2/trade_date=2026-07-27/exchange=NSE/symbol=KOTAKBANK/part-REDACTED.parquet
2026-07-27,NSE,KOTAKBANK,part-034754_530490-000403.parquet,ctrade1-l2-data,raw_l2/trade_date=2026-07-27/exchange=NSE/symbol=KOTAKBANK/part-REDACTED.parquet
2026-07-27,NSE,KOTAKBANK,part-034808_839320-000435.parquet,ctrade1-l2-data,raw_l2/trade_date=2026-07-27/exchange=NSE/symbol=KOTAKBANK/part-REDACTED.parquet
2026-07-27,NSE,KOTAKBANK,part-034823_392603-000467.parquet,ctrade1-l2-data,raw_l2/trade_date=2026-07-27/exchange=NSE/symbol=KOTAKBANK/part-REDACTED.parquet
2026-07-27,NSE,KOTAKBANK,part-034837_864133-000499.parquet,ctrade1-l2-data,raw_l2/trade_date=2026-07-27/exchange=NSE/symbol=KOTAKBANK/part-REDACTED.parquet
2026-07-27,NSE,KOTAKBANK,part-034852_189316-000531.parquet,ctrade1-l2-data,raw_l2/trade_date=2026-07-27/exchange=NSE/symbol=KOTAKBANK/part-REDACTED.parquet
2026-07-27,NSE,KOTAKBANK,part-034906_564443-000563.parquet,ctrade1-l2-data,raw_l2/trade_date=2026-07-27/exchange=NSE/symbol=KOTAKBANK/part-REDACTED.parquet
2026-07-27,NSE,KOTAKBANK,part-034921_020460-000595.parquet,ctrade1-l2-data,raw_l2/trade_date=2026-07-27/exchange=NSE/symbol=KOTAKBANK/part-REDACTED.parquet
2026-07-27,NSE,KOTAKBANK,part-034935_440687-000627.parquet,ctrade1-l2-data,raw_l2/trade_date=2026-07-27/exchange=NSE/symbol=KOTAKBANK/part-REDACTED.parquet
2026-07-27,NSE,KOTAKBANK,part-034950_072176-000659.parquet,ctrade1-l2-data,raw_l2/trade_date=2026-07-27/exchange=NSE/symbol=KOTAKBANK/part-REDACTED.parquet
2026-07-27,NSE,KOTAKBANK,part-035004_646395-000691.parquet,ctrade1-l2-data,raw_l2/trade_date=2026-07-27/exchange=NSE/symbol=KOTAKBANK/part-REDACTED.parquet
2026-07-27,NSE,KOTAKBANK,part-035018_762406-000723.parquet,ctrade1-l2-data,raw_l2/trade_date=2026-07-27/exchange=NSE/symbol=KOTAKBANK/part-REDACTED.parquet
2026-07-27,NSE,KOTAKBANK,part-035032_809761-000755.parquet,ctrade1-l2-data,raw_l2/trade_date=2026-07-27/exchange=NSE/symbol=KOTAKBANK/part-REDACTED.parquet
2026-07-27,NSE,KOTAKBANK,part-035047_057462-000787.parquet,ctrade1-l2-data,raw_l2/trade_date=2026-07-27/exchange=NSE/symbol=KOTAKBANK/part-REDACTED.parquet
2026-07-27,NSE,KOTAKBANK,part-035101_258133-000819.parquet,ctrade1-l2-data,raw_l2/trade_date=2026-07-27/exchange=NSE/symbol=KOTAKBANK/part-REDACTED.parquet
2026-07-27,NSE,KOTAKBANK,part-035115_688220-000851.parquet,ctrade1-l2-data,raw_l2/trade_date=2026-07-27/exchange=NSE/symbol=KOTAKBANK/part-REDACTED.parquet
2026-07-27,NSE,KOTAKBANK,part-035129_978391-000883.parquet,ctrade1-l2-data,raw_l2/trade_date=2026-07-27/exchange=NSE/symbol=KOTAKBANK/part-REDACTED.parquet
2026-07-27,NSE,KOTAKBANK,part-035144_178929-000915.parquet,ctrade1-l2-data,raw_l2/trade_date=2026-07-27/exchange=NSE/symbol=KOTAKBANK/part-REDACTED.parquet
2026-07-27,NSE,KOTAKBANK,part-035158_440649-000947.parquet,ctrade1-l2-data,raw_l2/trade_date=2026-07-27/exchange=NSE/symbol=KOTAKBANK/part-REDACTED.parquet
2026-07-27,NSE,KOTAKBANK,part-035212_608480-000979.parquet,ctrade1-l2-data,raw_l2/trade_date=2026-07-27/exchange=NSE/symbol=KOTAKBANK/part-REDACTED.parquet
2026-07-27,NSE,KOTAKBANK,part-035226_821237-001011.parquet,ctrade1-l2-data,raw_l2/trade_date=2026-07-27/exchange=NSE/symbol=KOTAKBANK/part-REDACTED.parquet
2026-07-27,NSE,KOTAKBANK,part-035241_076739-001043.parquet,ctrade1-l2-data,raw_l2/trade_date=2026-07-27/exchange=NSE/symbol=KOTAKBANK/part-REDACTED.parquet
2026-07-27,NSE,KOTAKBANK,part-035255_351937-001075.parquet,ctrade1-l2-data,raw_l2/trade_date=2026-07-27/exchange=NSE/symbol=KOTAKBANK/part-REDACTED.parquet
2026-07-27,NSE,KOTAKBANK,part-035309_684370-001107.parquet,ctrade1-l2-data,raw_l2/trade_date=2026-07-27/exchange=NSE/symbol=KOTAKBANK/part-REDACTED.parquet
2026-07-27,NSE,KOTAKBANK,part-035323_953123-001139.parquet,ctrade1-l2-data,raw_l2/trade_date=2026-07-27/exchange=NSE/symbol=KOTAKBANK/part-REDACTED.parquet
2026-07-27,NSE,KOTAKBANK,part-035338_431638-001171.parquet,ctrade1-l2-data,raw_l2/trade_date=2026-07-27/exchange=NSE/symbol=KOTAKBANK/part-REDACTED.parquet
2026-07-27,NSE,KOTAKBANK,part-035352_853089-001203.parquet,ctrade1-l2-data,raw_l2/trade_date=2026-07-27/exchange=NSE/symbol=KOTAKBANK/part-REDACTED.parquet
2026-07-27,NSE,KOTAKBANK,part-035407_125643-001235.parquet,ctrade1-l2-data,raw_l2/trade_date=2026-07-27/exchange=NSE/symbol=KOTAKBANK/part-REDACTED.parquet
2026-07-27,NSE,KOTAKBANK,part-035421_238124-001267.parquet,ctrade1-l2-data,raw_l2/trade_date=2026-07-27/exchange=NSE/symbol=KOTAKBANK/part-REDACTED.parquet
2026-07-27,NSE,KOTAKBANK,part-035435_393733-001299.parquet,ctrade1-l2-data,raw_l2/trade_date=2026-07-27/exchange=NSE/symbol=KOTAKBANK/part-REDACTED.parquet
2026-07-27,NSE,KOTAKBANK,part-035450_415270-001331.parquet,ctrade1-l2-data,raw_l2/trade_date=2026-07-27/exchange=NSE/symbol=KOTAKBANK/part-REDACTED.parquet
2026-07-27,NSE,KOTAKBANK,part-035504_784512-001363.parquet,ctrade1-l2-data,raw_l2/trade_date=2026-07-27/exchange=NSE/symbol=KOTAKBANK/part-REDACTED.parquet
2026-07-27,NSE,KOTAKBANK,part-035519_373723-001395.parquet,ctrade1-l2-data,raw_l2/trade_date=2026-07-27/exchange=NSE/symbol=KOTAKBANK/part-REDACTED.parquet
2026-07-27,NSE,KOTAKBANK,part-035533_540516-001427.parquet,ctrade1-l2-data,raw_l2/trade_date=2026-07-27/exchange=NSE/symbol=KOTAKBANK/part-REDACTED.parquet
2026-07-27,NSE,KOTAKBANK,part-035548_034544-001459.parquet,ctrade1-l2-data,raw_l2/trade_date=2026-07-27/exchange=NSE/symbol=KOTAKBANK/part-REDACTED.parquet
2026-07-27,NSE,KOTAKBANK,part-035602_317087-001491.parquet,ctrade1-l2-data,raw_l2/trade_date=2026-07-27/exchange=NSE/symbol=KOTAKBANK/part-REDACTED.parquet
2026-07-27,NSE,KOTAKBANK,part-035617_019594-001523.parquet,ctrade1-l2-data,raw_l2/trade_date=2026-07-27/exchange=NSE/symbol=KOTAKBANK/part-REDACTED.parquet
2026-07-27,NSE,KOTAKBANK,part-035631_578675-001555.parquet,ctrade1-l2-data,raw_l2/trade_date=2026-07-27/exchange=NSE/symbol=KOTAKBANK/part-REDACTED.parquet
2026-07-27,NSE,KOTAKBANK,part-035645_797680-001587.parquet,ctrade1-l2-data,raw_l2/trade_date=2026-07-27/exchange=NSE/symbol=KOTAKBANK/part-REDACTED.parquet
2026-07-27,NSE,KOTAKBANK,part-035700_046910-001619.parquet,ctrade1-l2-data,raw_l2/trade_date=2026-07-27/exchange=NSE/symbol=KOTAKBANK/part-REDACTED.parquet
2026-07-27,NSE,KOTAKBANK,part-035714_319531-001651.parquet,ctrade1-l2-data,raw_l2/trade_date=2026-07-27/exchange=NSE/symbol=KOTAKBANK/part-REDACTED.parquet
2026-07-27,NSE,KOTAKBANK,part-035728_805452-001683.parquet,ctrade1-l2-data,raw_l2/trade_date=2026-07-27/exchange=NSE/symbol=KOTAKBANK/part-REDACTED.parquet
2026-07-27,NSE,KOTAKBANK,part-035743_051456-001715.parquet,ctrade1-l2-data,raw_l2/trade_date=2026-07-27/exchange=NSE/symbol=KOTAKBANK/part-REDACTED.parquet
2026-07-27,NSE,KOTAKBANK,part-035757_331540-001747.parquet,ctrade1-l2-data,raw_l2/trade_date=2026-07-27/exchange=NSE/symbol=KOTAKBANK/part-REDACTED.parquet
2026-07-27,NSE,KOTAKBANK,part-035811_607421-001779.parquet,ctrade1-l2-data,raw_l2/trade_date=2026-07-27/exchange=NSE/symbol=KOTAKBANK/part-REDACTED.parquet
2026-07-27,NSE,KOTAKBANK,part-035826_076836-001811.parquet,ctrade1-l2-data,raw_l2/trade_date=2026-07-27/exchange=NSE/symbol=KOTAKBANK/part-REDACTED.parquet
2026-07-27,NSE,KOTAKBANK,part-035840_494832-001843.parquet,ctrade1-l2-data,raw_l2/trade_date=2026-07-27/exchange=NSE/symbol=KOTAKBANK/part-REDACTED.parquet
2026-07-27,NSE,KOTAKBANK,part-035854_855418-001875.parquet,ctrade1-l2-data,raw_l2/trade_date=2026-07-27/exchange=NSE/symbol=KOTAKBANK/part-REDACTED.parquet
2026-07-27,NSE,KOTAKBANK,part-035909_138836-001907.parquet,ctrade1-l2-data,raw_l2/trade_date=2026-07-27/exchange=NSE/symbol=KOTAKBANK/part-REDACTED.parquet
2026-07-27,NSE,KOTAKBANK,part-035923_721563-001939.parquet,ctrade1-l2-data,raw_l2/trade_date=2026-07-27/exchange=NSE/symbol=KOTAKBANK/part-REDACTED.parquet
2026-07-27,NSE,KOTAKBANK,part-035938_044513-001971.parquet,ctrade1-l2-data,raw_l2/trade_date=2026-07-27/exchange=NSE/symbol=KOTAKBANK/part-REDACTED.parquet
2026-07-27,NSE,KOTAKBANK,part-035952_251961-002003.parquet,ctrade1-l2-data,raw_l2/trade_date=2026-07-27/exchange=NSE/symbol=KOTAKBANK/part-REDACTED.parquet
2026-07-27,NSE,KOTAKBANK,part-040006_963502-002035.parquet,ctrade1-l2-data,raw_l2/trade_date=2026-07-27/exchange=NSE/symbol=KOTAKBANK/part-REDACTED.parquet
2026-07-27,NSE,KOTAKBANK,part-040021_319497-002067.parquet,ctrade1-l2-data,raw_l2/trade_date=2026-07-27/exchange=NSE/symbol=KOTAKBANK/part-REDACTED.parquet
2026-07-27,NSE,KOTAKBANK,part-040035_589713-002099.parquet,ctrade1-l2-data,raw_l2/trade_date=2026-07-27/exchange=NSE/symbol=KOTAKBANK/part-REDACTED.parquet
2026-07-27,NSE,KOTAKBANK,part-040049_945422-002131.parquet,ctrade1-l2-data,raw_l2/trade_date=2026-07-27/exchange=NSE/symbol=KOTAKBANK/part-REDACTED.parquet
2026-07-27,NSE,KOTAKBANK,part-040104_499340-002163.parquet,ctrade1-l2-data,raw_l2/trade_date=2026-07-27/exchange=NSE/symbol=KOTAKBANK/part-REDACTED.parquet
2026-07-27,NSE,KOTAKBANK,part-040118_938678-002195.parquet,ctrade1-l2-data,raw_l2/trade_date=2026-07-27/exchange=NSE/symbol=KOTAKBANK/part-REDACTED.parquet
2026-07-27,NSE,KOTAKBANK,part-040133_228303-002227.parquet,ctrade1-l2-data,raw_l2/trade_date=2026-07-27/exchange=NSE/symbol=KOTAKBANK/part-REDACTED.parquet
2026-07-27,NSE,KOTAKBANK,part-040147_801323-002259.parquet,ctrade1-l2-data,raw_l2/trade_date=2026-07-27/exchange=NSE/symbol=KOTAKBANK/part-REDACTED.parquet
2026-07-27,NSE,KOTAKBANK,part-040202_157967-002291.parquet,ctrade1-l2-data,raw_l2/trade_date=2026-07-27/exchange=NSE/symbol=KOTAKBANK/part-REDACTED.parquet
2026-07-27,NSE,KOTAKBANK,part-040216_643382-002323.parquet,ctrade1-l2-data,raw_l2/trade_date=2026-07-27/exchange=NSE/symbol=KOTAKBANK/part-REDACTED.parquet
2026-07-27,NSE,KOTAKBANK,part-040231_496633-002355.parquet,ctrade1-l2-data,raw_l2/trade_date=2026-07-27/exchange=NSE/symbol=KOTAKBANK/part-REDACTED.parquet
2026-07-27,NSE,KOTAKBANK,part-040245_907555-002387.parquet,ctrade1-l2-data,raw_l2/trade_date=2026-07-27/exchange=NSE/symbol=KOTAKBANK/part-REDACTED.parquet
2026-07-27,NSE,KOTAKBANK,part-040300_694413-002419.parquet,ctrade1-l2-data,raw_l2/trade_date=2026-07-27/exchange=NSE/symbol=KOTAKBANK/part-REDACTED.parquet
2026-07-27,NSE,KOTAKBANK,part-040315_085745-002451.parquet,ctrade1-l2-data,raw_l2/trade_date=2026-07-27/exchange=NSE/symbol=KOTAKBANK/part-REDACTED.parquet
2026-07-27,NSE,KOTAKBANK,part-040329_414302-002483.parquet,ctrade1-l2-data,raw_l2/trade_date=2026-07-27/exchange=NSE/symbol=KOTAKBANK/part-REDACTED.parquet
2026-07-27,NSE,KOTAKBANK,part-040343_871964-002515.parquet,ctrade1-l2-data,raw_l2/trade_date=2026-07-27/exchange=NSE/symbol=KOTAKBANK/part-REDACTED.parquet
2026-07-27,NSE,KOTAKBANK,part-040358_486801-002547.parquet,ctrade1-l2-data,raw_l2/trade_date=2026-07-27/exchange=NSE/symbol=KOTAKBANK/part-REDACTED.parquet
2026-07-27,NSE,KOTAKBANK,part-040413_050388-002579.parquet,ctrade1-l2-data,raw_l2/trade_date=2026-07-27/exchange=NSE/symbol=KOTAKBANK/part-REDACTED.parquet
2026-07-27,NSE,KOTAKBANK,part-040427_377164-002611.parquet,ctrade1-l2-data,raw_l2/trade_date=2026-07-27/exchange=NSE/symbol=KOTAKBANK/part-REDACTED.parquet
2026-07-27,NSE,KOTAKBANK,part-040441_680770-002643.parquet,ctrade1-l2-data,raw_l2/trade_date=2026-07-27/exchange=NSE/symbol=KOTAKBANK/part-REDACTED.parquet
2026-07-27,NSE,KOTAKBANK,part-040456_008044-002675.parquet,ctrade1-l2-data,raw_l2/trade_date=2026-07-27/exchange=NSE/symbol=KOTAKBANK/part-REDACTED.parquet
2026-07-27,NSE,KOTAKBANK,part-040510_401523-002707.parquet,ctrade1-l2-data,raw_l2/trade_date=2026-07-27/exchange=NSE/symbol=KOTAKBANK/part-REDACTED.parquet
2026-07-27,NSE,KOTAKBANK,part-040524_632549-002739.parquet,ctrade1-l2-data,raw_l2/trade_date=2026-07-27/exchange=NSE/symbol=KOTAKBANK/part-REDACTED.parquet
2026-07-27,NSE,KOTAKBANK,part-040538_734614-002771.parquet,ctrade1-l2-data,raw_l2/trade_date=2026-07-27/exchange=NSE/symbol=KOTAKBANK/part-REDACTED.parquet
2026-07-27,NSE,KOTAKBANK,part-040552_891439-002803.parquet,ctrade1-l2-data,raw_l2/trade_date=2026-07-27/exchange=NSE/symbol=KOTAKBANK/part-REDACTED.parquet
2026-07-27,NSE,KOTAKBANK,part-040606_881615-002835.parquet,ctrade1-l2-data,raw_l2/trade_date=2026-07-27/exchange=NSE/symbol=KOTAKBANK/part-REDACTED.parquet
2026-07-27,NSE,KOTAKBANK,part-040620_941856-002867.parquet,ctrade1-l2-data,raw_l2/trade_date=2026-07-27/exchange=NSE/symbol=KOTAKBANK/part-REDACTED.parquet
2026-07-27,NSE,KOTAKBANK,part-040634_994285-002899.parquet,ctrade1-l2-data,raw_l2/trade_date=2026-07-27/exchange=NSE/symbol=KOTAKBANK/part-REDACTED.parquet
2026-07-27,NSE,KOTAKBANK,part-040648_987690-002931.parquet,ctrade1-l2-data,raw_l2/trade_date=2026-07-27/exchange=NSE/symbol=KOTAKBANK/part-REDACTED.parquet
2026-07-27,NSE,KOTAKBANK,part-040703_005080-002963.parquet,ctrade1-l2-data,raw_l2/trade_date=2026-07-27/exchange=NSE/symbol=KOTAKBANK/part-REDACTED.parquet
2026-07-27,NSE,KOTAKBANK,part-040717_395103-002995.parquet,ctrade1-l2-data,raw_l2/trade_date=2026-07-27/exchange=NSE/symbol=KOTAKBANK/part-REDACTED.parquet
2026-07-27,NSE,KOTAKBANK,part-040731_520351-003027.parquet,ctrade1-l2-data,raw_l2/trade_date=2026-07-27/exchange=NSE/symbol=KOTAKBANK/part-REDACTED.parquet
2026-07-27,NSE,KOTAKBANK,part-040745_647913-003059.parquet,ctrade1-l2-data,raw_l2/trade_date=2026-07-27/exchange=NSE/symbol=KOTAKBANK/part-REDACTED.parquet
2026-07-27,NSE,KOTAKBANK,part-040800_323925-003091.parquet,ctrade1-l2-data,raw_l2/trade_date=2026-07-27/exchange=NSE/symbol=KOTAKBANK/part-REDACTED.parquet
2026-07-27,NSE,KOTAKBANK,part-040814_591917-003123.parquet,ctrade1-l2-data,raw_l2/trade_date=2026-07-27/exchange=NSE/symbol=KOTAKBANK/part-REDACTED.parquet
2026-07-27,NSE,KOTAKBANK,part-040828_811613-003155.parquet,ctrade1-l2-data,raw_l2/trade_date=2026-07-27/exchange=NSE/symbol=KOTAKBANK/part-REDACTED.parquet
2026-07-27,NSE,KOTAKBANK,part-040842_977541-003187.parquet,ctrade1-l2-data,raw_l2/trade_date=2026-07-27/exchange=NSE/symbol=KOTAKBANK/part-REDACTED.parquet
2026-07-27,NSE,KOTAKBANK,part-040857_348109-003219.parquet,ctrade1-l2-data,raw_l2/trade_date=2026-07-27/exchange=NSE/symbol=KOTAKBANK/part-REDACTED.parquet
2026-07-27,NSE,KOTAKBANK,part-040911_526707-003251.parquet,ctrade1-l2-data,raw_l2/trade_date=2026-07-27/exchange=NSE/symbol=KOTAKBANK/part-REDACTED.parquet
2026-07-27,NSE,KOTAKBANK,part-040925_566892-003283.parquet,ctrade1-l2-data,raw_l2/trade_date=2026-07-27/exchange=NSE/symbol=KOTAKBANK/part-REDACTED.parquet
2026-07-27,NSE,KOTAKBANK,part-040939_882719-003315.parquet,ctrade1-l2-data,raw_l2/trade_date=2026-07-27/exchange=NSE/symbol=KOTAKBANK/part-REDACTED.parquet
2026-07-27,NSE,KOTAKBANK,part-040954_091163-003347.parquet,ctrade1-l2-data,raw_l2/trade_date=2026-07-27/exchange=NSE/symbol=KOTAKBANK/part-REDACTED.parquet
2026-07-27,NSE,KOTAKBANK,part-041008_285239-003379.parquet,ctrade1-l2-data,raw_l2/trade_date=2026-07-27/exchange=NSE/symbol=KOTAKBANK/part-REDACTED.parquet
2026-07-27,NSE,KOTAKBANK,part-041022_541985-003411.parquet,ctrade1-l2-data,raw_l2/trade_date=2026-07-27/exchange=NSE/symbol=KOTAKBANK/part-REDACTED.parquet
2026-07-27,NSE,KOTAKBANK,part-041037_000075-003443.parquet,ctrade1-l2-data,raw_l2/trade_date=2026-07-27/exchange=NSE/symbol=KOTAKBANK/part-REDACTED.parquet
2026-07-27,NSE,KOTAKBANK,part-041051_173761-003475.parquet,ctrade1-l2-data,raw_l2/trade_date=2026-07-27/exchange=NSE/symbol=KOTAKBANK/part-REDACTED.parquet
2026-07-27,NSE,KOTAKBANK,part-041105_402586-003507.parquet,ctrade1-l2-data,raw_l2/trade_date=2026-07-27/exchange=NSE/symbol=KOTAKBANK/part-REDACTED.parquet
2026-07-27,NSE,KOTAKBANK,part-041119_787867-003539.parquet,ctrade1-l2-data,raw_l2/trade_date=2026-07-27/exchange=NSE/symbol=KOTAKBANK/part-REDACTED.parquet
2026-07-27,NSE,KOTAKBANK,part-041133_914471-003571.parquet,ctrade1-l2-data,raw_l2/trade_date=2026-07-27/exchange=NSE/symbol=KOTAKBANK/part-REDACTED.parquet
2026-07-27,NSE,KOTAKBANK,part-041148_166864-003603.parquet,ctrade1-l2-data,raw_l2/trade_date=2026-07-27/exchange=NSE/symbol=KOTAKBANK/part-REDACTED.parquet
2026-07-27,NSE,KOTAKBANK,part-041202_149378-003635.parquet,ctrade1-l2-data,raw_l2/trade_date=2026-07-27/exchange=NSE/symbol=KOTAKBANK/part-REDACTED.parquet
2026-07-27,NSE,KOTAKBANK,part-041216_186178-003667.parquet,ctrade1-l2-data,raw_l2/trade_date=2026-07-27/exchange=NSE/symbol=KOTAKBANK/part-REDACTED.parquet
2026-07-27,NSE,KOTAKBANK,part-041230_761339-003699.parquet,ctrade1-l2-data,raw_l2/trade_date=2026-07-27/exchange=NSE/symbol=KOTAKBANK/part-REDACTED.parquet
2026-07-27,NSE,KOTAKBANK,part-041245_388248-003731.parquet,ctrade1-l2-data,raw_l2/trade_date=2026-07-27/exchange=NSE/symbol=KOTAKBANK/part-REDACTED.parquet
2026-07-27,NSE,KOTAKBANK,part-041259_410683-003763.parquet,ctrade1-l2-data,raw_l2/trade_date=2026-07-27/exchange=NSE/symbol=KOTAKBANK/part-REDACTED.parquet
2026-07-27,NSE,KOTAKBANK,part-041313_710000-003795.parquet,ctrade1-l2-data,raw_l2/trade_date=2026-07-27/exchange=NSE/symbol=KOTAKBANK/part-REDACTED.parquet
2026-07-27,NSE,KOTAKBANK,part-041327_938237-003827.parquet,ctrade1-l2-data,raw_l2/trade_date=2026-07-27/exchange=NSE/symbol=KOTAKBANK/part-REDACTED.parquet
2026-07-27,NSE,KOTAKBANK,part-041341_969757-003859.parquet,ctrade1-l2-data,raw_l2/trade_date=2026-07-27/exchange=NSE/symbol=KOTAKBANK/part-REDACTED.parquet
2026-07-27,NSE,KOTAKBANK,part-041355_961830-003891.parquet,ctrade1-l2-data,raw_l2/trade_date=2026-07-27/exchange=NSE/symbol=KOTAKBANK/part-REDACTED.parquet
2026-07-27,NSE,KOTAKBANK,part-041410_014710-003923.parquet,ctrade1-l2-data,raw_l2/trade_date=2026-07-27/exchange=NSE/symbol=KOTAKBANK/part-REDACTED.parquet
2026-07-27,NSE,KOTAKBANK,part-041423_955154-003955.parquet,ctrade1-l2-data,raw_l2/trade_date=2026-07-27/exchange=NSE/symbol=KOTAKBANK/part-REDACTED.parquet
2026-07-27,NSE,KOTAKBANK,part-041438_000122-003987.parquet,ctrade1-l2-data,raw_l2/trade_date=2026-07-27/exchange=NSE/symbol=KOTAKBANK/part-REDACTED.parquet
2026-07-27,NSE,KOTAKBANK,part-041451_992966-004019.parquet,ctrade1-l2-data,raw_l2/trade_date=2026-07-27/exchange=NSE/symbol=KOTAKBANK/part-REDACTED.parquet
2026-07-27,NSE,KOTAKBANK,part-041506_022151-004051.parquet,ctrade1-l2-data,raw_l2/trade_date=2026-07-27/exchange=NSE/symbol=KOTAKBANK/part-REDACTED.parquet
2026-07-27,NSE,KOTAKBANK,part-041519_973564-004083.parquet,ctrade1-l2-data,raw_l2/trade_date=2026-07-27/exchange=NSE/symbol=KOTAKBANK/part-REDACTED.parquet
2026-07-27,NSE,KOTAKBANK,part-041534_331340-004115.parquet,ctrade1-l2-data,raw_l2/trade_date=2026-07-27/exchange=NSE/symbol=KOTAKBANK/part-REDACTED.parquet
2026-07-27,NSE,KOTAKBANK,part-041548_735211-004147.parquet,ctrade1-l2-data,raw_l2/trade_date=2026-07-27/exchange=NSE/symbol=KOTAKBANK/part-REDACTED.parquet
2026-07-27,NSE,KOTAKBANK,part-041602_805336-004179.parquet,ctrade1-l2-data,raw_l2/trade_date=2026-07-27/exchange=NSE/symbol=KOTAKBANK/part-REDACTED.parquet
2026-07-27,NSE,KOTAKBANK,part-041616_942620-004211.parquet,ctrade1-l2-data,raw_l2/trade_date=2026-07-27/exchange=NSE/symbol=KOTAKBANK/part-REDACTED.parquet
2026-07-27,NSE,KOTAKBANK,part-041632_256947-004243.parquet,ctrade1-l2-data,raw_l2/trade_date=2026-07-27/exchange=NSE/symbol=KOTAKBANK/part-REDACTED.parquet
2026-07-27,NSE,KOTAKBANK,part-041647_699341-004275.parquet,ctrade1-l2-data,raw_l2/trade_date=2026-07-27/exchange=NSE/symbol=KOTAKBANK/part-REDACTED.parquet
2026-07-27,NSE,KOTAKBANK,part-041701_692961-004307.parquet,ctrade1-l2-data,raw_l2/trade_date=2026-07-27/exchange=NSE/symbol=KOTAKBANK/part-REDACTED.parquet
2026-07-27,NSE,KOTAKBANK,part-041715_781743-004339.parquet,ctrade1-l2-data,raw_l2/trade_date=2026-07-27/exchange=NSE/symbol=KOTAKBANK/part-REDACTED.parquet
2026-07-27,NSE,KOTAKBANK,part-041730_149702-004371.parquet,ctrade1-l2-data,raw_l2/trade_date=2026-07-27/exchange=NSE/symbol=KOTAKBANK/part-REDACTED.parquet
2026-07-27,NSE,KOTAKBANK,part-041744_545468-004403.parquet,ctrade1-l2-data,raw_l2/trade_date=2026-07-27/exchange=NSE/symbol=KOTAKBANK/part-REDACTED.parquet
2026-07-27,NSE,KOTAKBANK,part-041759_026966-004435.parquet,ctrade1-l2-data,raw_l2/trade_date=2026-07-27/exchange=NSE/symbol=KOTAKBANK/part-REDACTED.parquet
2026-07-27,NSE,KOTAKBANK,part-041813_246748-004467.parquet,ctrade1-l2-data,raw_l2/trade_date=2026-07-27/exchange=NSE/symbol=KOTAKBANK/part-REDACTED.parquet
2026-07-27,NSE,KOTAKBANK,part-041827_347790-004499.parquet,ctrade1-l2-data,raw_l2/trade_date=2026-07-27/exchange=NSE/symbol=KOTAKBANK/part-REDACTED.parquet
2026-07-27,NSE,KOTAKBANK,part-041841_363468-004531.parquet,ctrade1-l2-data,raw_l2/trade_date=2026-07-27/exchange=NSE/symbol=KOTAKBANK/part-REDACTED.parquet
2026-07-27,NSE,KOTAKBANK,part-041855_493278-004563.parquet,ctrade1-l2-data,raw_l2/trade_date=2026-07-27/exchange=NSE/symbol=KOTAKBANK/part-REDACTED.parquet
2026-07-27,NSE,KOTAKBANK,part-041909_508240-004595.parquet,ctrade1-l2-data,raw_l2/trade_date=2026-07-27/exchange=NSE/symbol=KOTAKBANK/part-REDACTED.parquet
2026-07-27,NSE,KOTAKBANK,part-041923_532431-004627.parquet,ctrade1-l2-data,raw_l2/trade_date=2026-07-27/exchange=NSE/symbol=KOTAKBANK/part-REDACTED.parquet
2026-07-27,NSE,KOTAKBANK,part-041937_388690-004659.parquet,ctrade1-l2-data,raw_l2/trade_date=2026-07-27/exchange=NSE/symbol=KOTAKBANK/part-REDACTED.parquet
2026-07-27,NSE,KOTAKBANK,part-041951_472717-004691.parquet,ctrade1-l2-data,raw_l2/trade_date=2026-07-27/exchange=NSE/symbol=KOTAKBANK/part-REDACTED.parquet
2026-07-27,NSE,KOTAKBANK,part-042005_665673-004723.parquet,ctrade1-l2-data,raw_l2/trade_date=2026-07-27/exchange=NSE/symbol=KOTAKBANK/part-REDACTED.parquet
2026-07-27,NSE,KOTAKBANK,part-042019_702252-004755.parquet,ctrade1-l2-data,raw_l2/trade_date=2026-07-27/exchange=NSE/symbol=KOTAKBANK/part-REDACTED.parquet
2026-07-27,NSE,KOTAKBANK,part-042034_014269-004787.parquet,ctrade1-l2-data,raw_l2/trade_date=2026-07-27/exchange=NSE/symbol=KOTAKBANK/part-REDACTED.parquet
2026-07-27,NSE,KOTAKBANK,part-042047_932167-004819.parquet,ctrade1-l2-data,raw_l2/trade_date=2026-07-27/exchange=NSE/symbol=KOTAKBANK/part-REDACTED.parquet
2026-07-27,NSE,KOTAKBANK,part-042101_936996-004851.parquet,ctrade1-l2-data,raw_l2/trade_date=2026-07-27/exchange=NSE/symbol=KOTAKBANK/part-REDACTED.parquet
2026-07-27,NSE,KOTAKBANK,part-042116_279447-004883.parquet,ctrade1-l2-data,raw_l2/trade_date=2026-07-27/exchange=NSE/symbol=KOTAKBANK/part-REDACTED.parquet
2026-07-27,NSE,KOTAKBANK,part-042130_637131-004915.parquet,ctrade1-l2-data,raw_l2/trade_date=2026-07-27/exchange=NSE/symbol=KOTAKBANK/part-REDACTED.parquet
2026-07-27,NSE,KOTAKBANK,part-042144_789710-004947.parquet,ctrade1-l2-data,raw_l2/trade_date=2026-07-27/exchange=NSE/symbol=KOTAKBANK/part-REDACTED.parquet
2026-07-27,NSE,KOTAKBANK,part-042159_212710-004979.parquet,ctrade1-l2-data,raw_l2/trade_date=2026-07-27/exchange=NSE/symbol=KOTAKBANK/part-REDACTED.parquet
2026-07-27,NSE,KOTAKBANK,part-042213_781267-005011.parquet,ctrade1-l2-data,raw_l2/trade_date=2026-07-27/exchange=NSE/symbol=KOTAKBANK/part-REDACTED.parquet
2026-07-27,NSE,KOTAKBANK,part-042228_016321-005043.parquet,ctrade1-l2-data,raw_l2/trade_date=2026-07-27/exchange=NSE/symbol=KOTAKBANK/part-REDACTED.parquet
2026-07-27,NSE,KOTAKBANK,part-042242_420066-005075.parquet,ctrade1-l2-data,raw_l2/trade_date=2026-07-27/exchange=NSE/symbol=KOTAKBANK/part-REDACTED.parquet
2026-07-27,NSE,KOTAKBANK,part-042256_821627-005107.parquet,ctrade1-l2-data,raw_l2/trade_date=2026-07-27/exchange=NSE/symbol=KOTAKBANK/part-REDACTED.parquet
2026-07-27,NSE,KOTAKBANK,part-042311_109283-005139.parquet,ctrade1-l2-data,raw_l2/trade_date=2026-07-27/exchange=NSE/symbol=KOTAKBANK/part-REDACTED.parquet
2026-07-27,NSE,KOTAKBANK,part-042325_408472-005171.parquet,ctrade1-l2-data,raw_l2/trade_date=2026-07-27/exchange=NSE/symbol=KOTAKBANK/part-REDACTED.parquet
2026-07-27,NSE,KOTAKBANK,part-042339_851608-005203.parquet,ctrade1-l2-data,raw_l2/trade_date=2026-07-27/exchange=NSE/symbol=KOTAKBANK/part-REDACTED.parquet
2026-07-27,NSE,KOTAKBANK,part-042354_171944-005235.parquet,ctrade1-l2-data,raw_l2/trade_date=2026-07-27/exchange=NSE/symbol=KOTAKBANK/part-REDACTED.parquet
2026-07-27,NSE,KOTAKBANK,part-042408_680811-005267.parquet,ctrade1-l2-data,raw_l2/trade_date=2026-07-27/exchange=NSE/symbol=KOTAKBANK/part-REDACTED.parquet
2026-07-27,NSE,KOTAKBANK,part-042423_150333-005299.parquet,ctrade1-l2-data,raw_l2/trade_date=2026-07-27/exchange=NSE/symbol=KOTAKBANK/part-REDACTED.parquet
2026-07-27,NSE,KOTAKBANK,part-042437_619642-005331.parquet,ctrade1-l2-data,raw_l2/trade_date=2026-07-27/exchange=NSE/symbol=KOTAKBANK/part-REDACTED.parquet
2026-07-27,NSE,KOTAKBANK,part-042451_855110-005363.parquet,ctrade1-l2-data,raw_l2/trade_date=2026-07-27/exchange=NSE/symbol=KOTAKBANK/part-REDACTED.parquet
2026-07-27,NSE,KOTAKBANK,part-042506_105049-005395.parquet,ctrade1-l2-data,raw_l2/trade_date=2026-07-27/exchange=NSE/symbol=KOTAKBANK/part-REDACTED.parquet
2026-07-27,NSE,KOTAKBANK,part-042520_301300-005427.parquet,ctrade1-l2-data,raw_l2/trade_date=2026-07-27/exchange=NSE/symbol=KOTAKBANK/part-REDACTED.parquet
2026-07-27,NSE,KOTAKBANK,part-042534_703584-005459.parquet,ctrade1-l2-data,raw_l2/trade_date=2026-07-27/exchange=NSE/symbol=KOTAKBANK/part-REDACTED.parquet
2026-07-27,NSE,KOTAKBANK,part-042549_114462-005491.parquet,ctrade1-l2-data,raw_l2/trade_date=2026-07-27/exchange=NSE/symbol=KOTAKBANK/part-REDACTED.parquet
2026-07-27,NSE,KOTAKBANK,part-042603_757538-005523.parquet,ctrade1-l2-data,raw_l2/trade_date=2026-07-27/exchange=NSE/symbol=KOTAKBANK/part-REDACTED.parquet
2026-07-27,NSE,KOTAKBANK,part-042618_396542-005555.parquet,ctrade1-l2-data,raw_l2/trade_date=2026-07-27/exchange=NSE/symbol=KOTAKBANK/part-REDACTED.parquet
2026-07-27,NSE,KOTAKBANK,part-042632_677029-005587.parquet,ctrade1-l2-data,raw_l2/trade_date=2026-07-27/exchange=NSE/symbol=KOTAKBANK/part-REDACTED.parquet
2026-07-27,NSE,KOTAKBANK,part-042647_065580-005619.parquet,ctrade1-l2-data,raw_l2/trade_date=2026-07-27/exchange=NSE/symbol=KOTAKBANK/part-REDACTED.parquet
2026-07-27,NSE,KOTAKBANK,part-042701_634699-005651.parquet,ctrade1-l2-data,raw_l2/trade_date=2026-07-27/exchange=NSE/symbol=KOTAKBANK/part-REDACTED.parquet
2026-07-27,NSE,LT,part-034503_769047-000020.parquet,ctrade1-l2-data,raw_l2/trade_date=2026-07-27/exchange=NSE/symbol=LT/part-REDACTED.parquet
2026-07-27,NSE,LT,part-034518_278317-000052.parquet,ctrade1-l2-data,raw_l2/trade_date=2026-07-27/exchange=NSE/symbol=LT/part-REDACTED.parquet
2026-07-27,NSE,LT,part-034532_692111-000084.parquet,ctrade1-l2-data,raw_l2/trade_date=2026-07-27/exchange=NSE/symbol=LT/part-REDACTED.parquet
2026-07-27,NSE,LT,part-034546_883795-000116.parquet,ctrade1-l2-data,raw_l2/trade_date=2026-07-27/exchange=NSE/symbol=LT/part-REDACTED.parquet
2026-07-27,NSE,LT,part-034600_985441-000148.parquet,ctrade1-l2-data,raw_l2/trade_date=2026-07-27/exchange=NSE/symbol=LT/part-REDACTED.parquet
2026-07-27,NSE,LT,part-034615_332171-000180.parquet,ctrade1-l2-data,raw_l2/trade_date=2026-07-27/exchange=NSE/symbol=LT/part-REDACTED.parquet
2026-07-27,NSE,LT,part-034629_690851-000212.parquet,ctrade1-l2-data,raw_l2/trade_date=2026-07-27/exchange=NSE/symbol=LT/part-REDACTED.parquet
2026-07-27,NSE,LT,part-034644_219801-000244.parquet,ctrade1-l2-data,raw_l2/trade_date=2026-07-27/exchange=NSE/symbol=LT/part-REDACTED.parquet
2026-07-27,NSE,LT,part-034658_355303-000276.parquet,ctrade1-l2-data,raw_l2/trade_date=2026-07-27/exchange=NSE/symbol=LT/part-REDACTED.parquet
2026-07-27,NSE,LT,part-034712_410466-000308.parquet,ctrade1-l2-data,raw_l2/trade_date=2026-07-27/exchange=NSE/symbol=LT/part-REDACTED.parquet
2026-07-27,NSE,LT,part-034726_356279-000340.parquet,ctrade1-l2-data,raw_l2/trade_date=2026-07-27/exchange=NSE/symbol=LT/part-REDACTED.parquet
2026-07-27,NSE,LT,part-034740_620291-000372.parquet,ctrade1-l2-data,raw_l2/trade_date=2026-07-27/exchange=NSE/symbol=LT/part-REDACTED.parquet
2026-07-27,NSE,LT,part-034754_688493-000404.parquet,ctrade1-l2-data,raw_l2/trade_date=2026-07-27/exchange=NSE/symbol=LT/part-REDACTED.parquet
2026-07-27,NSE,LT,part-034808_975964-000436.parquet,ctrade1-l2-data,raw_l2/trade_date=2026-07-27/exchange=NSE/symbol=LT/part-REDACTED.parquet
2026-07-27,NSE,LT,part-034823_571020-000468.parquet,ctrade1-l2-data,raw_l2/trade_date=2026-07-27/exchange=NSE/symbol=LT/part-REDACTED.parquet
2026-07-27,NSE,LT,part-034837_989222-000500.parquet,ctrade1-l2-data,raw_l2/trade_date=2026-07-27/exchange=NSE/symbol=LT/part-REDACTED.parquet
2026-07-27,NSE,LT,part-034852_316786-000532.parquet,ctrade1-l2-data,raw_l2/trade_date=2026-07-27/exchange=NSE/symbol=LT/part-REDACTED.parquet
2026-07-27,NSE,LT,part-034906_688892-000564.parquet,ctrade1-l2-data,raw_l2/trade_date=2026-07-27/exchange=NSE/symbol=LT/part-REDACTED.parquet
2026-07-27,NSE,LT,part-034921_138680-000596.parquet,ctrade1-l2-data,raw_l2/trade_date=2026-07-27/exchange=NSE/symbol=LT/part-REDACTED.parquet
2026-07-27,NSE,LT,part-034935_566199-000628.parquet,ctrade1-l2-data,raw_l2/trade_date=2026-07-27/exchange=NSE/symbol=LT/part-REDACTED.parquet
2026-07-27,NSE,LT,part-034950_215873-000660.parquet,ctrade1-l2-data,raw_l2/trade_date=2026-07-27/exchange=NSE/symbol=LT/part-REDACTED.parquet
2026-07-27,NSE,LT,part-035004_760709-000692.parquet,ctrade1-l2-data,raw_l2/trade_date=2026-07-27/exchange=NSE/symbol=LT/part-REDACTED.parquet
2026-07-27,NSE,LT,part-035018_883765-000724.parquet,ctrade1-l2-data,raw_l2/trade_date=2026-07-27/exchange=NSE/symbol=LT/part-REDACTED.parquet
2026-07-27,NSE,LT,part-035032_927936-000756.parquet,ctrade1-l2-data,raw_l2/trade_date=2026-07-27/exchange=NSE/symbol=LT/part-REDACTED.parquet
2026-07-27,NSE,LT,part-035047_169945-000788.parquet,ctrade1-l2-data,raw_l2/trade_date=2026-07-27/exchange=NSE/symbol=LT/part-REDACTED.parquet
2026-07-27,NSE,LT,part-035101_380889-000820.parquet,ctrade1-l2-data,raw_l2/trade_date=2026-07-27/exchange=NSE/symbol=LT/part-REDACTED.parquet
2026-07-27,NSE,LT,part-035115_817768-000852.parquet,ctrade1-l2-data,raw_l2/trade_date=2026-07-27/exchange=NSE/symbol=LT/part-REDACTED.parquet
2026-07-27,NSE,LT,part-035130_128753-000884.parquet,ctrade1-l2-data,raw_l2/trade_date=2026-07-27/exchange=NSE/symbol=LT/part-REDACTED.parquet
2026-07-27,NSE,LT,part-035144_294634-000916.parquet,ctrade1-l2-data,raw_l2/trade_date=2026-07-27/exchange=NSE/symbol=LT/part-REDACTED.parquet
2026-07-27,NSE,LT,part-035158_569562-000948.parquet,ctrade1-l2-data,raw_l2/trade_date=2026-07-27/exchange=NSE/symbol=LT/part-REDACTED.parquet
2026-07-27,NSE,LT,part-035212_747650-000980.parquet,ctrade1-l2-data,raw_l2/trade_date=2026-07-27/exchange=NSE/symbol=LT/part-REDACTED.parquet
2026-07-27,NSE,LT,part-035226_937952-001012.parquet,ctrade1-l2-data,raw_l2/trade_date=2026-07-27/exchange=NSE/symbol=LT/part-REDACTED.parquet
2026-07-27,NSE,LT,part-035241_212672-001044.parquet,ctrade1-l2-data,raw_l2/trade_date=2026-07-27/exchange=NSE/symbol=LT/part-REDACTED.parquet
2026-07-27,NSE,LT,part-035255_501526-001076.parquet,ctrade1-l2-data,raw_l2/trade_date=2026-07-27/exchange=NSE/symbol=LT/part-REDACTED.parquet
2026-07-27,NSE,LT,part-035309_808603-001108.parquet,ctrade1-l2-data,raw_l2/trade_date=2026-07-27/exchange=NSE/symbol=LT/part-REDACTED.parquet
2026-07-27,NSE,LT,part-035324_075511-001140.parquet,ctrade1-l2-data,raw_l2/trade_date=2026-07-27/exchange=NSE/symbol=LT/part-REDACTED.parquet
2026-07-27,NSE,LT,part-035338_575264-001172.parquet,ctrade1-l2-data,raw_l2/trade_date=2026-07-27/exchange=NSE/symbol=LT/part-REDACTED.parquet
2026-07-27,NSE,LT,part-035352_976471-001204.parquet,ctrade1-l2-data,raw_l2/trade_date=2026-07-27/exchange=NSE/symbol=LT/part-REDACTED.parquet
2026-07-27,NSE,LT,part-035407_245768-001236.parquet,ctrade1-l2-data,raw_l2/trade_date=2026-07-27/exchange=NSE/symbol=LT/part-REDACTED.parquet
2026-07-27,NSE,LT,part-035421_374642-001268.parquet,ctrade1-l2-data,raw_l2/trade_date=2026-07-27/exchange=NSE/symbol=LT/part-REDACTED.parquet
2026-07-27,NSE,LT,part-035435_514815-001300.parquet,ctrade1-l2-data,raw_l2/trade_date=2026-07-27/exchange=NSE/symbol=LT/part-REDACTED.parquet
2026-07-27,NSE,LT,part-035450_539045-001332.parquet,ctrade1-l2-data,raw_l2/trade_date=2026-07-27/exchange=NSE/symbol=LT/part-REDACTED.parquet
2026-07-27,NSE,LT,part-035504_908856-001364.parquet,ctrade1-l2-data,raw_l2/trade_date=2026-07-27/exchange=NSE/symbol=LT/part-REDACTED.parquet
2026-07-27,NSE,LT,part-035519_489311-001396.parquet,ctrade1-l2-data,raw_l2/trade_date=2026-07-27/exchange=NSE/symbol=LT/part-REDACTED.parquet
2026-07-27,NSE,LT,part-035533_663494-001428.parquet,ctrade1-l2-data,raw_l2/trade_date=2026-07-27/exchange=NSE/symbol=LT/part-REDACTED.parquet
2026-07-27,NSE,LT,part-035548_153725-001460.parquet,ctrade1-l2-data,raw_l2/trade_date=2026-07-27/exchange=NSE/symbol=LT/part-REDACTED.parquet
2026-07-27,NSE,LT,part-035602_499501-001492.parquet,ctrade1-l2-data,raw_l2/trade_date=2026-07-27/exchange=NSE/symbol=LT/part-REDACTED.parquet
2026-07-27,NSE,LT,part-035617_172353-001524.parquet,ctrade1-l2-data,raw_l2/trade_date=2026-07-27/exchange=NSE/symbol=LT/part-REDACTED.parquet
2026-07-27,NSE,LT,part-035631_703972-001556.parquet,ctrade1-l2-data,raw_l2/trade_date=2026-07-27/exchange=NSE/symbol=LT/part-REDACTED.parquet
2026-07-27,NSE,LT,part-035645_915780-001588.parquet,ctrade1-l2-data,raw_l2/trade_date=2026-07-27/exchange=NSE/symbol=LT/part-REDACTED.parquet
2026-07-27,NSE,LT,part-035700_169680-001620.parquet,ctrade1-l2-data,raw_l2/trade_date=2026-07-27/exchange=NSE/symbol=LT/part-REDACTED.parquet
2026-07-27,NSE,LT,part-035714_443392-001652.parquet,ctrade1-l2-data,raw_l2/trade_date=2026-07-27/exchange=NSE/symbol=LT/part-REDACTED.parquet
2026-07-27,NSE,LT,part-035728_923664-001684.parquet,ctrade1-l2-data,raw_l2/trade_date=2026-07-27/exchange=NSE/symbol=LT/part-REDACTED.parquet
2026-07-27,NSE,LT,part-035743_177414-001716.parquet,ctrade1-l2-data,raw_l2/trade_date=2026-07-27/exchange=NSE/symbol=LT/part-REDACTED.parquet
2026-07-27,NSE,LT,part-035757_455428-001748.parquet,ctrade1-l2-data,raw_l2/trade_date=2026-07-27/exchange=NSE/symbol=LT/part-REDACTED.parquet
2026-07-27,NSE,LT,part-035811_730840-001780.parquet,ctrade1-l2-data,raw_l2/trade_date=2026-07-27/exchange=NSE/symbol=LT/part-REDACTED.parquet
2026-07-27,NSE,LT,part-035826_193746-001812.parquet,ctrade1-l2-data,raw_l2/trade_date=2026-07-27/exchange=NSE/symbol=LT/part-REDACTED.parquet
2026-07-27,NSE,LT,part-035840_626075-001844.parquet,ctrade1-l2-data,raw_l2/trade_date=2026-07-27/exchange=NSE/symbol=LT/part-REDACTED.parquet
2026-07-27,NSE,LT,part-035854_977745-001876.parquet,ctrade1-l2-data,raw_l2/trade_date=2026-07-27/exchange=NSE/symbol=LT/part-REDACTED.parquet
2026-07-27,NSE,LT,part-035909_281892-001908.parquet,ctrade1-l2-data,raw_l2/trade_date=2026-07-27/exchange=NSE/symbol=LT/part-REDACTED.parquet
2026-07-27,NSE,LT,part-035923_857746-001940.parquet,ctrade1-l2-data,raw_l2/trade_date=2026-07-27/exchange=NSE/symbol=LT/part-REDACTED.parquet
2026-07-27,NSE,LT,part-035938_181277-001972.parquet,ctrade1-l2-data,raw_l2/trade_date=2026-07-27/exchange=NSE/symbol=LT/part-REDACTED.parquet
2026-07-27,NSE,LT,part-035952_375840-002004.parquet,ctrade1-l2-data,raw_l2/trade_date=2026-07-27/exchange=NSE/symbol=LT/part-REDACTED.parquet
2026-07-27,NSE,LT,part-040007_112486-002036.parquet,ctrade1-l2-data,raw_l2/trade_date=2026-07-27/exchange=NSE/symbol=LT/part-REDACTED.parquet
2026-07-27,NSE,LT,part-040021_440436-002068.parquet,ctrade1-l2-data,raw_l2/trade_date=2026-07-27/exchange=NSE/symbol=LT/part-REDACTED.parquet
2026-07-27,NSE,LT,part-040035_703640-002100.parquet,ctrade1-l2-data,raw_l2/trade_date=2026-07-27/exchange=NSE/symbol=LT/part-REDACTED.parquet
2026-07-27,NSE,LT,part-040050_087910-002132.parquet,ctrade1-l2-data,raw_l2/trade_date=2026-07-27/exchange=NSE/symbol=LT/part-REDACTED.parquet
2026-07-27,NSE,LT,part-040104_658936-002164.parquet,ctrade1-l2-data,raw_l2/trade_date=2026-07-27/exchange=NSE/symbol=LT/part-REDACTED.parquet
2026-07-27,NSE,LT,part-040119_057957-002196.parquet,ctrade1-l2-data,raw_l2/trade_date=2026-07-27/exchange=NSE/symbol=LT/part-REDACTED.parquet
2026-07-27,NSE,LT,part-040133_356483-002228.parquet,ctrade1-l2-data,raw_l2/trade_date=2026-07-27/exchange=NSE/symbol=LT/part-REDACTED.parquet
2026-07-27,NSE,LT,part-040147_927599-002260.parquet,ctrade1-l2-data,raw_l2/trade_date=2026-07-27/exchange=NSE/symbol=LT/part-REDACTED.parquet
2026-07-27,NSE,LT,part-040202_292435-002292.parquet,ctrade1-l2-data,raw_l2/trade_date=2026-07-27/exchange=NSE/symbol=LT/part-REDACTED.parquet
2026-07-27,NSE,LT,part-040216_760853-002324.parquet,ctrade1-l2-data,raw_l2/trade_date=2026-07-27/exchange=NSE/symbol=LT/part-REDACTED.parquet
2026-07-27,NSE,LT,part-040231_621632-002356.parquet,ctrade1-l2-data,raw_l2/trade_date=2026-07-27/exchange=NSE/symbol=LT/part-REDACTED.parquet
2026-07-27,NSE,LT,part-040246_036311-002388.parquet,ctrade1-l2-data,raw_l2/trade_date=2026-07-27/exchange=NSE/symbol=LT/part-REDACTED.parquet
2026-07-27,NSE,LT,part-040300_832974-002420.parquet,ctrade1-l2-data,raw_l2/trade_date=2026-07-27/exchange=NSE/symbol=LT/part-REDACTED.parquet
2026-07-27,NSE,LT,part-040315_196582-002452.parquet,ctrade1-l2-data,raw_l2/trade_date=2026-07-27/exchange=NSE/symbol=LT/part-REDACTED.parquet
2026-07-27,NSE,LT,part-040329_550608-002484.parquet,ctrade1-l2-data,raw_l2/trade_date=2026-07-27/exchange=NSE/symbol=LT/part-REDACTED.parquet
2026-07-27,NSE,LT,part-040343_988881-002516.parquet,ctrade1-l2-data,raw_l2/trade_date=2026-07-27/exchange=NSE/symbol=LT/part-REDACTED.parquet
2026-07-27,NSE,LT,part-040358_615260-002548.parquet,ctrade1-l2-data,raw_l2/trade_date=2026-07-27/exchange=NSE/symbol=LT/part-REDACTED.parquet
2026-07-27,NSE,LT,part-040413_216515-002580.parquet,ctrade1-l2-data,raw_l2/trade_date=2026-07-27/exchange=NSE/symbol=LT/part-REDACTED.parquet
2026-07-27,NSE,LT,part-040427_519131-002612.parquet,ctrade1-l2-data,raw_l2/trade_date=2026-07-27/exchange=NSE/symbol=LT/part-REDACTED.parquet
2026-07-27,NSE,LT,part-040441_812283-002644.parquet,ctrade1-l2-data,raw_l2/trade_date=2026-07-27/exchange=NSE/symbol=LT/part-REDACTED.parquet
2026-07-27,NSE,LT,part-040456_128844-002676.parquet,ctrade1-l2-data,raw_l2/trade_date=2026-07-27/exchange=NSE/symbol=LT/part-REDACTED.parquet
2026-07-27,NSE,LT,part-040510_521293-002708.parquet,ctrade1-l2-data,raw_l2/trade_date=2026-07-27/exchange=NSE/symbol=LT/part-REDACTED.parquet
2026-07-27,NSE,LT,part-040524_743603-002740.parquet,ctrade1-l2-data,raw_l2/trade_date=2026-07-27/exchange=NSE/symbol=LT/part-REDACTED.parquet
2026-07-27,NSE,LT,part-040538_850161-002772.parquet,ctrade1-l2-data,raw_l2/trade_date=2026-07-27/exchange=NSE/symbol=LT/part-REDACTED.parquet
2026-07-27,NSE,LT,part-040553_002960-002804.parquet,ctrade1-l2-data,raw_l2/trade_date=2026-07-27/exchange=NSE/symbol=LT/part-REDACTED.parquet
2026-07-27,NSE,LT,part-040606_996602-002836.parquet,ctrade1-l2-data,raw_l2/trade_date=2026-07-27/exchange=NSE/symbol=LT/part-REDACTED.parquet
2026-07-27,NSE,LT,part-040621_075904-002868.parquet,ctrade1-l2-data,raw_l2/trade_date=2026-07-27/exchange=NSE/symbol=LT/part-REDACTED.parquet
2026-07-27,NSE,LT,part-040635_111037-002900.parquet,ctrade1-l2-data,raw_l2/trade_date=2026-07-27/exchange=NSE/symbol=LT/part-REDACTED.parquet
2026-07-27,NSE,LT,part-040649_115660-002932.parquet,ctrade1-l2-data,raw_l2/trade_date=2026-07-27/exchange=NSE/symbol=LT/part-REDACTED.parquet
2026-07-27,NSE,LT,part-040703_128229-002964.parquet,ctrade1-l2-data,raw_l2/trade_date=2026-07-27/exchange=NSE/symbol=LT/part-REDACTED.parquet
2026-07-27,NSE,LT,part-040717_530448-002996.parquet,ctrade1-l2-data,raw_l2/trade_date=2026-07-27/exchange=NSE/symbol=LT/part-REDACTED.parquet
2026-07-27,NSE,LT,part-040731_643830-003028.parquet,ctrade1-l2-data,raw_l2/trade_date=2026-07-27/exchange=NSE/symbol=LT/part-REDACTED.parquet
2026-07-27,NSE,LT,part-040745_760757-003060.parquet,ctrade1-l2-data,raw_l2/trade_date=2026-07-27/exchange=NSE/symbol=LT/part-REDACTED.parquet
2026-07-27,NSE,LT,part-040800_441809-003092.parquet,ctrade1-l2-data,raw_l2/trade_date=2026-07-27/exchange=NSE/symbol=LT/part-REDACTED.parquet
2026-07-27,NSE,LT,part-040814_786157-003124.parquet,ctrade1-l2-data,raw_l2/trade_date=2026-07-27/exchange=NSE/symbol=LT/part-REDACTED.parquet
2026-07-27,NSE,LT,part-040828_928574-003156.parquet,ctrade1-l2-data,raw_l2/trade_date=2026-07-27/exchange=NSE/symbol=LT/part-REDACTED.parquet
2026-07-27,NSE,LT,part-040843_091406-003188.parquet,ctrade1-l2-data,raw_l2/trade_date=2026-07-27/exchange=NSE/symbol=LT/part-REDACTED.parquet
2026-07-27,NSE,LT,part-040857_461370-003220.parquet,ctrade1-l2-data,raw_l2/trade_date=2026-07-27/exchange=NSE/symbol=LT/part-REDACTED.parquet
2026-07-27,NSE,LT,part-040911_649813-003252.parquet,ctrade1-l2-data,raw_l2/trade_date=2026-07-27/exchange=NSE/symbol=LT/part-REDACTED.parquet
2026-07-27,NSE,LT,part-040925_688021-003284.parquet,ctrade1-l2-data,raw_l2/trade_date=2026-07-27/exchange=NSE/symbol=LT/part-REDACTED.parquet
2026-07-27,NSE,LT,part-040940_023414-003316.parquet,ctrade1-l2-data,raw_l2/trade_date=2026-07-27/exchange=NSE/symbol=LT/part-REDACTED.parquet
2026-07-27,NSE,LT,part-040954_206828-003348.parquet,ctrade1-l2-data,raw_l2/trade_date=2026-07-27/exchange=NSE/symbol=LT/part-REDACTED.parquet
2026-07-27,NSE,LT,part-041008_401588-003380.parquet,ctrade1-l2-data,raw_l2/trade_date=2026-07-27/exchange=NSE/symbol=LT/part-REDACTED.parquet
2026-07-27,NSE,LT,part-041022_661146-003412.parquet,ctrade1-l2-data,raw_l2/trade_date=2026-07-27/exchange=NSE/symbol=LT/part-REDACTED.parquet
2026-07-27,NSE,LT,part-041037_129564-003444.parquet,ctrade1-l2-data,raw_l2/trade_date=2026-07-27/exchange=NSE/symbol=LT/part-REDACTED.parquet
2026-07-27,NSE,LT,part-041051_298888-003476.parquet,ctrade1-l2-data,raw_l2/trade_date=2026-07-27/exchange=NSE/symbol=LT/part-REDACTED.parquet
2026-07-27,NSE,LT,part-041105_532770-003508.parquet,ctrade1-l2-data,raw_l2/trade_date=2026-07-27/exchange=NSE/symbol=LT/part-REDACTED.parquet
2026-07-27,NSE,LT,part-041119_905880-003540.parquet,ctrade1-l2-data,raw_l2/trade_date=2026-07-27/exchange=NSE/symbol=LT/part-REDACTED.parquet
2026-07-27,NSE,LT,part-041134_035828-003572.parquet,ctrade1-l2-data,raw_l2/trade_date=2026-07-27/exchange=NSE/symbol=LT/part-REDACTED.parquet
2026-07-27,NSE,LT,part-041148_284095-003604.parquet,ctrade1-l2-data,raw_l2/trade_date=2026-07-27/exchange=NSE/symbol=LT/part-REDACTED.parquet
2026-07-27,NSE,LT,part-041202_266851-003636.parquet,ctrade1-l2-data,raw_l2/trade_date=2026-07-27/exchange=NSE/symbol=LT/part-REDACTED.parquet
2026-07-27,NSE,LT,part-041216_294899-003668.parquet,ctrade1-l2-data,raw_l2/trade_date=2026-07-27/exchange=NSE/symbol=LT/part-REDACTED.parquet
2026-07-27,NSE,LT,part-041230_884735-003700.parquet,ctrade1-l2-data,raw_l2/trade_date=2026-07-27/exchange=NSE/symbol=LT/part-REDACTED.parquet
2026-07-27,NSE,LT,part-041245_504168-003732.parquet,ctrade1-l2-data,raw_l2/trade_date=2026-07-27/exchange=NSE/symbol=LT/part-REDACTED.parquet
2026-07-27,NSE,LT,part-041259_524272-003764.parquet,ctrade1-l2-data,raw_l2/trade_date=2026-07-27/exchange=NSE/symbol=LT/part-REDACTED.parquet
2026-07-27,NSE,LT,part-041313_853796-003796.parquet,ctrade1-l2-data,raw_l2/trade_date=2026-07-27/exchange=NSE/symbol=LT/part-REDACTED.parquet
2026-07-27,NSE,LT,part-041328_065642-003828.parquet,ctrade1-l2-data,raw_l2/trade_date=2026-07-27/exchange=NSE/symbol=LT/part-REDACTED.parquet
2026-07-27,NSE,LT,part-041342_096559-003860.parquet,ctrade1-l2-data,raw_l2/trade_date=2026-07-27/exchange=NSE/symbol=LT/part-REDACTED.parquet
2026-07-27,NSE,LT,part-041356_087517-003892.parquet,ctrade1-l2-data,raw_l2/trade_date=2026-07-27/exchange=NSE/symbol=LT/part-REDACTED.parquet
2026-07-27,NSE,LT,part-041410_131022-003924.parquet,ctrade1-l2-data,raw_l2/trade_date=2026-07-27/exchange=NSE/symbol=LT/part-REDACTED.parquet
2026-07-27,NSE,LT,part-041424_068735-003956.parquet,ctrade1-l2-data,raw_l2/trade_date=2026-07-27/exchange=NSE/symbol=LT/part-REDACTED.parquet
2026-07-27,NSE,LT,part-041438_117891-003988.parquet,ctrade1-l2-data,raw_l2/trade_date=2026-07-27/exchange=NSE/symbol=LT/part-REDACTED.parquet
2026-07-27,NSE,LT,part-041452_112162-004020.parquet,ctrade1-l2-data,raw_l2/trade_date=2026-07-27/exchange=NSE/symbol=LT/part-REDACTED.parquet
2026-07-27,NSE,LT,part-041506_172032-004052.parquet,ctrade1-l2-data,raw_l2/trade_date=2026-07-27/exchange=NSE/symbol=LT/part-REDACTED.parquet
2026-07-27,NSE,LT,part-041520_105892-004084.parquet,ctrade1-l2-data,raw_l2/trade_date=2026-07-27/exchange=NSE/symbol=LT/part-REDACTED.parquet
2026-07-27,NSE,LT,part-041534_445998-004116.parquet,ctrade1-l2-data,raw_l2/trade_date=2026-07-27/exchange=NSE/symbol=LT/part-REDACTED.parquet
2026-07-27,NSE,LT,part-041548_854654-004148.parquet,ctrade1-l2-data,raw_l2/trade_date=2026-07-27/exchange=NSE/symbol=LT/part-REDACTED.parquet
2026-07-27,NSE,LT,part-041602_945778-004180.parquet,ctrade1-l2-data,raw_l2/trade_date=2026-07-27/exchange=NSE/symbol=LT/part-REDACTED.parquet
2026-07-27,NSE,LT,part-041617_061289-004212.parquet,ctrade1-l2-data,raw_l2/trade_date=2026-07-27/exchange=NSE/symbol=LT/part-REDACTED.parquet
2026-07-27,NSE,LT,part-041632_486979-004244.parquet,ctrade1-l2-data,raw_l2/trade_date=2026-07-27/exchange=NSE/symbol=LT/part-REDACTED.parquet
2026-07-27,NSE,LT,part-041647_820248-004276.parquet,ctrade1-l2-data,raw_l2/trade_date=2026-07-27/exchange=NSE/symbol=LT/part-REDACTED.parquet
2026-07-27,NSE,LT,part-041701_825330-004308.parquet,ctrade1-l2-data,raw_l2/trade_date=2026-07-27/exchange=NSE/symbol=LT/part-REDACTED.parquet
2026-07-27,NSE,LT,part-041715_914983-004340.parquet,ctrade1-l2-data,raw_l2/trade_date=2026-07-27/exchange=NSE/symbol=LT/part-REDACTED.parquet
2026-07-27,NSE,LT,part-041730_262542-004372.parquet,ctrade1-l2-data,raw_l2/trade_date=2026-07-27/exchange=NSE/symbol=LT/part-REDACTED.parquet
2026-07-27,NSE,LT,part-041744_659421-004404.parquet,ctrade1-l2-data,raw_l2/trade_date=2026-07-27/exchange=NSE/symbol=LT/part-REDACTED.parquet
2026-07-27,NSE,LT,part-041759_158332-004436.parquet,ctrade1-l2-data,raw_l2/trade_date=2026-07-27/exchange=NSE/symbol=LT/part-REDACTED.parquet
2026-07-27,NSE,LT,part-041813_355584-004468.parquet,ctrade1-l2-data,raw_l2/trade_date=2026-07-27/exchange=NSE/symbol=LT/part-REDACTED.parquet
2026-07-27,NSE,LT,part-041827_471853-004500.parquet,ctrade1-l2-data,raw_l2/trade_date=2026-07-27/exchange=NSE/symbol=LT/part-REDACTED.parquet
2026-07-27,NSE,LT,part-041841_470165-004532.parquet,ctrade1-l2-data,raw_l2/trade_date=2026-07-27/exchange=NSE/symbol=LT/part-REDACTED.parquet
2026-07-27,NSE,LT,part-041855_602287-004564.parquet,ctrade1-l2-data,raw_l2/trade_date=2026-07-27/exchange=NSE/symbol=LT/part-REDACTED.parquet
2026-07-27,NSE,LT,part-041909_615444-004596.parquet,ctrade1-l2-data,raw_l2/trade_date=2026-07-27/exchange=NSE/symbol=LT/part-REDACTED.parquet
2026-07-27,NSE,LT,part-041923_655085-004628.parquet,ctrade1-l2-data,raw_l2/trade_date=2026-07-27/exchange=NSE/symbol=LT/part-REDACTED.parquet
2026-07-27,NSE,LT,part-041937_508146-004660.parquet,ctrade1-l2-data,raw_l2/trade_date=2026-07-27/exchange=NSE/symbol=LT/part-REDACTED.parquet
2026-07-27,NSE,LT,part-041951_591974-004692.parquet,ctrade1-l2-data,raw_l2/trade_date=2026-07-27/exchange=NSE/symbol=LT/part-REDACTED.parquet
2026-07-27,NSE,LT,part-042005_782711-004724.parquet,ctrade1-l2-data,raw_l2/trade_date=2026-07-27/exchange=NSE/symbol=LT/part-REDACTED.parquet
2026-07-27,NSE,LT,part-042019_821879-004756.parquet,ctrade1-l2-data,raw_l2/trade_date=2026-07-27/exchange=NSE/symbol=LT/part-REDACTED.parquet
2026-07-27,NSE,LT,part-042034_127944-004788.parquet,ctrade1-l2-data,raw_l2/trade_date=2026-07-27/exchange=NSE/symbol=LT/part-REDACTED.parquet
2026-07-27,NSE,LT,part-042048_083568-004820.parquet,ctrade1-l2-data,raw_l2/trade_date=2026-07-27/exchange=NSE/symbol=LT/part-REDACTED.parquet
2026-07-27,NSE,LT,part-042102_057495-004852.parquet,ctrade1-l2-data,raw_l2/trade_date=2026-07-27/exchange=NSE/symbol=LT/part-REDACTED.parquet
2026-07-27,NSE,LT,part-042116_424507-004884.parquet,ctrade1-l2-data,raw_l2/trade_date=2026-07-27/exchange=NSE/symbol=LT/part-REDACTED.parquet
2026-07-27,NSE,LT,part-042130_753742-004916.parquet,ctrade1-l2-data,raw_l2/trade_date=2026-07-27/exchange=NSE/symbol=LT/part-REDACTED.parquet
2026-07-27,NSE,LT,part-042144_904769-004948.parquet,ctrade1-l2-data,raw_l2/trade_date=2026-07-27/exchange=NSE/symbol=LT/part-REDACTED.parquet
2026-07-27,NSE,LT,part-042159_342331-004980.parquet,ctrade1-l2-data,raw_l2/trade_date=2026-07-27/exchange=NSE/symbol=LT/part-REDACTED.parquet
2026-07-27,NSE,LT,part-042213_918720-005012.parquet,ctrade1-l2-data,raw_l2/trade_date=2026-07-27/exchange=NSE/symbol=LT/part-REDACTED.parquet
2026-07-27,NSE,LT,part-042228_163292-005044.parquet,ctrade1-l2-data,raw_l2/trade_date=2026-07-27/exchange=NSE/symbol=LT/part-REDACTED.parquet
2026-07-27,NSE,LT,part-042242_559436-005076.parquet,ctrade1-l2-data,raw_l2/trade_date=2026-07-27/exchange=NSE/symbol=LT/part-REDACTED.parquet
2026-07-27,NSE,LT,part-042256_949343-005108.parquet,ctrade1-l2-data,raw_l2/trade_date=2026-07-27/exchange=NSE/symbol=LT/part-REDACTED.parquet
2026-07-27,NSE,LT,part-042311_227736-005140.parquet,ctrade1-l2-data,raw_l2/trade_date=2026-07-27/exchange=NSE/symbol=LT/part-REDACTED.parquet
2026-07-27,NSE,LT,part-042325_527715-005172.parquet,ctrade1-l2-data,raw_l2/trade_date=2026-07-27/exchange=NSE/symbol=LT/part-REDACTED.parquet
2026-07-27,NSE,LT,part-042339_986474-005204.parquet,ctrade1-l2-data,raw_l2/trade_date=2026-07-27/exchange=NSE/symbol=LT/part-REDACTED.parquet
2026-07-27,NSE,LT,part-042354_296262-005236.parquet,ctrade1-l2-data,raw_l2/trade_date=2026-07-27/exchange=NSE/symbol=LT/part-REDACTED.parquet
2026-07-27,NSE,LT,part-042408_807097-005268.parquet,ctrade1-l2-data,raw_l2/trade_date=2026-07-27/exchange=NSE/symbol=LT/part-REDACTED.parquet
2026-07-27,NSE,LT,part-042423_275156-005300.parquet,ctrade1-l2-data,raw_l2/trade_date=2026-07-27/exchange=NSE/symbol=LT/part-REDACTED.parquet
2026-07-27,NSE,LT,part-042437_747700-005332.parquet,ctrade1-l2-data,raw_l2/trade_date=2026-07-27/exchange=NSE/symbol=LT/part-REDACTED.parquet
2026-07-27,NSE,LT,part-042451_976345-005364.parquet,ctrade1-l2-data,raw_l2/trade_date=2026-07-27/exchange=NSE/symbol=LT/part-REDACTED.parquet
2026-07-27,NSE,LT,part-042506_233720-005396.parquet,ctrade1-l2-data,raw_l2/trade_date=2026-07-27/exchange=NSE/symbol=LT/part-REDACTED.parquet
2026-07-27,NSE,LT,part-042520_427169-005428.parquet,ctrade1-l2-data,raw_l2/trade_date=2026-07-27/exchange=NSE/symbol=LT/part-REDACTED.parquet
2026-07-27,NSE,LT,part-042534_836478-005460.parquet,ctrade1-l2-data,raw_l2/trade_date=2026-07-27/exchange=NSE/symbol=LT/part-REDACTED.parquet
2026-07-27,NSE,LT,part-042549_249744-005492.parquet,ctrade1-l2-data,raw_l2/trade_date=2026-07-27/exchange=NSE/symbol=LT/part-REDACTED.parquet
2026-07-27,NSE,LT,part-042603_908604-005524.parquet,ctrade1-l2-data,raw_l2/trade_date=2026-07-27/exchange=NSE/symbol=LT/part-REDACTED.parquet
2026-07-27,NSE,LT,part-042618_519000-005556.parquet,ctrade1-l2-data,raw_l2/trade_date=2026-07-27/exchange=NSE/symbol=LT/part-REDACTED.parquet
2026-07-27,NSE,LT,part-042632_797039-005588.parquet,ctrade1-l2-data,raw_l2/trade_date=2026-07-27/exchange=NSE/symbol=LT/part-REDACTED.parquet
2026-07-27,NSE,LT,part-042647_194278-005620.parquet,ctrade1-l2-data,raw_l2/trade_date=2026-07-27/exchange=NSE/symbol=LT/part-REDACTED.parquet
2026-07-27,NSE,LT,part-042701_799644-005652.parquet,ctrade1-l2-data,raw_l2/trade_date=2026-07-27/exchange=NSE/symbol=LT/part-REDACTED.parquet
2026-07-27,NSE,M&M,part-034503_910337-000021.parquet,ctrade1-l2-data,raw_l2/trade_date=2026-07-27/exchange=NSE/symbol=M&M/part-REDACTED.parquet
2026-07-27,NSE,M&M,part-034518_393150-000053.parquet,ctrade1-l2-data,raw_l2/trade_date=2026-07-27/exchange=NSE/symbol=M&M/part-REDACTED.parquet
2026-07-27,NSE,M&M,part-034532_810283-000085.parquet,ctrade1-l2-data,raw_l2/trade_date=2026-07-27/exchange=NSE/symbol=M&M/part-REDACTED.parquet
2026-07-27,NSE,M&M,part-034547_003653-000117.parquet,ctrade1-l2-data,raw_l2/trade_date=2026-07-27/exchange=NSE/symbol=M&M/part-REDACTED.parquet
2026-07-27,NSE,M&M,part-034601_111100-000149.parquet,ctrade1-l2-data,raw_l2/trade_date=2026-07-27/exchange=NSE/symbol=M&M/part-REDACTED.parquet
2026-07-27,NSE,M&M,part-034615_463121-000181.parquet,ctrade1-l2-data,raw_l2/trade_date=2026-07-27/exchange=NSE/symbol=M&M/part-REDACTED.parquet
2026-07-27,NSE,M&M,part-034629_811274-000213.parquet,ctrade1-l2-data,raw_l2/trade_date=2026-07-27/exchange=NSE/symbol=M&M/part-REDACTED.parquet
2026-07-27,NSE,M&M,part-034644_352235-000245.parquet,ctrade1-l2-data,raw_l2/trade_date=2026-07-27/exchange=NSE/symbol=M&M/part-REDACTED.parquet
2026-07-27,NSE,M&M,part-034658_473445-000277.parquet,ctrade1-l2-data,raw_l2/trade_date=2026-07-27/exchange=NSE/symbol=M&M/part-REDACTED.parquet
2026-07-27,NSE,M&M,part-034712_524417-000309.parquet,ctrade1-l2-data,raw_l2/trade_date=2026-07-27/exchange=NSE/symbol=M&M/part-REDACTED.parquet
2026-07-27,NSE,M&M,part-034726_497746-000341.parquet,ctrade1-l2-data,raw_l2/trade_date=2026-07-27/exchange=NSE/symbol=M&M/part-REDACTED.parquet
2026-07-27,NSE,M&M,part-034740_741504-000373.parquet,ctrade1-l2-data,raw_l2/trade_date=2026-07-27/exchange=NSE/symbol=M&M/part-REDACTED.parquet
2026-07-27,NSE,M&M,part-034754_822770-000405.parquet,ctrade1-l2-data,raw_l2/trade_date=2026-07-27/exchange=NSE/symbol=M&M/part-REDACTED.parquet
2026-07-27,NSE,M&M,part-034809_100798-000437.parquet,ctrade1-l2-data,raw_l2/trade_date=2026-07-27/exchange=NSE/symbol=M&M/part-REDACTED.parquet
2026-07-27,NSE,M&M,part-034823_690902-000469.parquet,ctrade1-l2-data,raw_l2/trade_date=2026-07-27/exchange=NSE/symbol=M&M/part-REDACTED.parquet
2026-07-27,NSE,M&M,part-034838_119464-000501.parquet,ctrade1-l2-data,raw_l2/trade_date=2026-07-27/exchange=NSE/symbol=M&M/part-REDACTED.parquet
2026-07-27,NSE,M&M,part-034852_436137-000533.parquet,ctrade1-l2-data,raw_l2/trade_date=2026-07-27/exchange=NSE/symbol=M&M/part-REDACTED.parquet
2026-07-27,NSE,M&M,part-034906_807649-000565.parquet,ctrade1-l2-data,raw_l2/trade_date=2026-07-27/exchange=NSE/symbol=M&M/part-REDACTED.parquet
2026-07-27,NSE,M&M,part-034921_267836-000597.parquet,ctrade1-l2-data,raw_l2/trade_date=2026-07-27/exchange=NSE/symbol=M&M/part-REDACTED.parquet
2026-07-27,NSE,M&M,part-034935_695272-000629.parquet,ctrade1-l2-data,raw_l2/trade_date=2026-07-27/exchange=NSE/symbol=M&M/part-REDACTED.parquet
2026-07-27,NSE,M&M,part-034950_343668-000661.parquet,ctrade1-l2-data,raw_l2/trade_date=2026-07-27/exchange=NSE/symbol=M&M/part-REDACTED.parquet
2026-07-27,NSE,M&M,part-035004_881165-000693.parquet,ctrade1-l2-data,raw_l2/trade_date=2026-07-27/exchange=NSE/symbol=M&M/part-REDACTED.parquet
2026-07-27,NSE,M&M,part-035018_999216-000725.parquet,ctrade1-l2-data,raw_l2/trade_date=2026-07-27/exchange=NSE/symbol=M&M/part-REDACTED.parquet
2026-07-27,NSE,M&M,part-035033_060665-000757.parquet,ctrade1-l2-data,raw_l2/trade_date=2026-07-27/exchange=NSE/symbol=M&M/part-REDACTED.parquet
2026-07-27,NSE,M&M,part-035047_303666-000789.parquet,ctrade1-l2-data,raw_l2/trade_date=2026-07-27/exchange=NSE/symbol=M&M/part-REDACTED.parquet
2026-07-27,NSE,M&M,part-035101_508860-000821.parquet,ctrade1-l2-data,raw_l2/trade_date=2026-07-27/exchange=NSE/symbol=M&M/part-REDACTED.parquet
2026-07-27,NSE,M&M,part-035115_943352-000853.parquet,ctrade1-l2-data,raw_l2/trade_date=2026-07-27/exchange=NSE/symbol=M&M/part-REDACTED.parquet
2026-07-27,NSE,M&M,part-035130_258165-000885.parquet,ctrade1-l2-data,raw_l2/trade_date=2026-07-27/exchange=NSE/symbol=M&M/part-REDACTED.parquet
2026-07-27,NSE,M&M,part-035144_407320-000917.parquet,ctrade1-l2-data,raw_l2/trade_date=2026-07-27/exchange=NSE/symbol=M&M/part-REDACTED.parquet
2026-07-27,NSE,M&M,part-035158_689589-000949.parquet,ctrade1-l2-data,raw_l2/trade_date=2026-07-27/exchange=NSE/symbol=M&M/part-REDACTED.parquet
2026-07-27,NSE,M&M,part-035212_885805-000981.parquet,ctrade1-l2-data,raw_l2/trade_date=2026-07-27/exchange=NSE/symbol=M&M/part-REDACTED.parquet
2026-07-27,NSE,M&M,part-035227_084612-001013.parquet,ctrade1-l2-data,raw_l2/trade_date=2026-07-27/exchange=NSE/symbol=M&M/part-REDACTED.parquet
2026-07-27,NSE,M&M,part-035241_333222-001045.parquet,ctrade1-l2-data,raw_l2/trade_date=2026-07-27/exchange=NSE/symbol=M&M/part-REDACTED.parquet
2026-07-27,NSE,M&M,part-035255_665705-001077.parquet,ctrade1-l2-data,raw_l2/trade_date=2026-07-27/exchange=NSE/symbol=M&M/part-REDACTED.parquet
2026-07-27,NSE,M&M,part-035309_933981-001109.parquet,ctrade1-l2-data,raw_l2/trade_date=2026-07-27/exchange=NSE/symbol=M&M/part-REDACTED.parquet
2026-07-27,NSE,M&M,part-035324_200026-001141.parquet,ctrade1-l2-data,raw_l2/trade_date=2026-07-27/exchange=NSE/symbol=M&M/part-REDACTED.parquet
2026-07-27,NSE,M&M,part-035338_706160-001173.parquet,ctrade1-l2-data,raw_l2/trade_date=2026-07-27/exchange=NSE/symbol=M&M/part-REDACTED.parquet
2026-07-27,NSE,M&M,part-035353_095604-001205.parquet,ctrade1-l2-data,raw_l2/trade_date=2026-07-27/exchange=NSE/symbol=M&M/part-REDACTED.parquet
2026-07-27,NSE,M&M,part-035407_361177-001237.parquet,ctrade1-l2-data,raw_l2/trade_date=2026-07-27/exchange=NSE/symbol=M&M/part-REDACTED.parquet
2026-07-27,NSE,M&M,part-035421_510213-001269.parquet,ctrade1-l2-data,raw_l2/trade_date=2026-07-27/exchange=NSE/symbol=M&M/part-REDACTED.parquet
2026-07-27,NSE,M&M,part-035435_665815-001301.parquet,ctrade1-l2-data,raw_l2/trade_date=2026-07-27/exchange=NSE/symbol=M&M/part-REDACTED.parquet
2026-07-27,NSE,M&M,part-035450_658837-001333.parquet,ctrade1-l2-data,raw_l2/trade_date=2026-07-27/exchange=NSE/symbol=M&M/part-REDACTED.parquet
2026-07-27,NSE,M&M,part-035505_035127-001365.parquet,ctrade1-l2-data,raw_l2/trade_date=2026-07-27/exchange=NSE/symbol=M&M/part-REDACTED.parquet
2026-07-27,NSE,M&M,part-035519_620438-001397.parquet,ctrade1-l2-data,raw_l2/trade_date=2026-07-27/exchange=NSE/symbol=M&M/part-REDACTED.parquet
2026-07-27,NSE,M&M,part-035533_783506-001429.parquet,ctrade1-l2-data,raw_l2/trade_date=2026-07-27/exchange=NSE/symbol=M&M/part-REDACTED.parquet
2026-07-27,NSE,M&M,part-035548_287221-001461.parquet,ctrade1-l2-data,raw_l2/trade_date=2026-07-27/exchange=NSE/symbol=M&M/part-REDACTED.parquet
2026-07-27,NSE,M&M,part-035602_673640-001493.parquet,ctrade1-l2-data,raw_l2/trade_date=2026-07-27/exchange=NSE/symbol=M&M/part-REDACTED.parquet
2026-07-27,NSE,M&M,part-035617_295870-001525.parquet,ctrade1-l2-data,raw_l2/trade_date=2026-07-27/exchange=NSE/symbol=M&M/part-REDACTED.parquet
2026-07-27,NSE,M&M,part-035631_835110-001557.parquet,ctrade1-l2-data,raw_l2/trade_date=2026-07-27/exchange=NSE/symbol=M&M/part-REDACTED.parquet
2026-07-27,NSE,M&M,part-035646_037770-001589.parquet,ctrade1-l2-data,raw_l2/trade_date=2026-07-27/exchange=NSE/symbol=M&M/part-REDACTED.parquet
2026-07-27,NSE,M&M,part-035700_283799-001621.parquet,ctrade1-l2-data,raw_l2/trade_date=2026-07-27/exchange=NSE/symbol=M&M/part-REDACTED.parquet
2026-07-27,NSE,M&M,part-035714_566077-001653.parquet,ctrade1-l2-data,raw_l2/trade_date=2026-07-27/exchange=NSE/symbol=M&M/part-REDACTED.parquet
2026-07-27,NSE,M&M,part-035729_063870-001685.parquet,ctrade1-l2-data,raw_l2/trade_date=2026-07-27/exchange=NSE/symbol=M&M/part-REDACTED.parquet
2026-07-27,NSE,M&M,part-035743_298756-001717.parquet,ctrade1-l2-data,raw_l2/trade_date=2026-07-27/exchange=NSE/symbol=M&M/part-REDACTED.parquet
2026-07-27,NSE,M&M,part-035757_579932-001749.parquet,ctrade1-l2-data,raw_l2/trade_date=2026-07-27/exchange=NSE/symbol=M&M/part-REDACTED.parquet
2026-07-27,NSE,M&M,part-035811_855028-001781.parquet,ctrade1-l2-data,raw_l2/trade_date=2026-07-27/exchange=NSE/symbol=M&M/part-REDACTED.parquet
2026-07-27,NSE,M&M,part-035826_312651-001813.parquet,ctrade1-l2-data,raw_l2/trade_date=2026-07-27/exchange=NSE/symbol=M&M/part-REDACTED.parquet
2026-07-27,NSE,M&M,part-035840_759727-001845.parquet,ctrade1-l2-data,raw_l2/trade_date=2026-07-27/exchange=NSE/symbol=M&M/part-REDACTED.parquet
2026-07-27,NSE,M&M,part-035855_136435-001877.parquet,ctrade1-l2-data,raw_l2/trade_date=2026-07-27/exchange=NSE/symbol=M&M/part-REDACTED.parquet
2026-07-27,NSE,M&M,part-035909_417616-001909.parquet,ctrade1-l2-data,raw_l2/trade_date=2026-07-27/exchange=NSE/symbol=M&M/part-REDACTED.parquet
2026-07-27,NSE,M&M,part-035923_981603-001941.parquet,ctrade1-l2-data,raw_l2/trade_date=2026-07-27/exchange=NSE/symbol=M&M/part-REDACTED.parquet
2026-07-27,NSE,M&M,part-035938_302757-001973.parquet,ctrade1-l2-data,raw_l2/trade_date=2026-07-27/exchange=NSE/symbol=M&M/part-REDACTED.parquet
2026-07-27,NSE,M&M,part-035952_497901-002005.parquet,ctrade1-l2-data,raw_l2/trade_date=2026-07-27/exchange=NSE/symbol=M&M/part-REDACTED.parquet
2026-07-27,NSE,M&M,part-040007_266195-002037.parquet,ctrade1-l2-data,raw_l2/trade_date=2026-07-27/exchange=NSE/symbol=M&M/part-REDACTED.parquet
2026-07-27,NSE,M&M,part-040021_572765-002069.parquet,ctrade1-l2-data,raw_l2/trade_date=2026-07-27/exchange=NSE/symbol=M&M/part-REDACTED.parquet
2026-07-27,NSE,M&M,part-040035_835553-002101.parquet,ctrade1-l2-data,raw_l2/trade_date=2026-07-27/exchange=NSE/symbol=M&M/part-REDACTED.parquet
2026-07-27,NSE,M&M,part-040050_233414-002133.parquet,ctrade1-l2-data,raw_l2/trade_date=2026-07-27/exchange=NSE/symbol=M&M/part-REDACTED.parquet
2026-07-27,NSE,M&M,part-040104_793906-002165.parquet,ctrade1-l2-data,raw_l2/trade_date=2026-07-27/exchange=NSE/symbol=M&M/part-REDACTED.parquet
2026-07-27,NSE,M&M,part-040119_180254-002197.parquet,ctrade1-l2-data,raw_l2/trade_date=2026-07-27/exchange=NSE/symbol=M&M/part-REDACTED.parquet
2026-07-27,NSE,M&M,part-040133_478588-002229.parquet,ctrade1-l2-data,raw_l2/trade_date=2026-07-27/exchange=NSE/symbol=M&M/part-REDACTED.parquet
2026-07-27,NSE,M&M,part-040148_057431-002261.parquet,ctrade1-l2-data,raw_l2/trade_date=2026-07-27/exchange=NSE/symbol=M&M/part-REDACTED.parquet
2026-07-27,NSE,M&M,part-040202_417708-002293.parquet,ctrade1-l2-data,raw_l2/trade_date=2026-07-27/exchange=NSE/symbol=M&M/part-REDACTED.parquet
2026-07-27,NSE,M&M,part-040216_897299-002325.parquet,ctrade1-l2-data,raw_l2/trade_date=2026-07-27/exchange=NSE/symbol=M&M/part-REDACTED.parquet
2026-07-27,NSE,M&M,part-040231_743909-002357.parquet,ctrade1-l2-data,raw_l2/trade_date=2026-07-27/exchange=NSE/symbol=M&M/part-REDACTED.parquet
2026-07-27,NSE,M&M,part-040246_182838-002389.parquet,ctrade1-l2-data,raw_l2/trade_date=2026-07-27/exchange=NSE/symbol=M&M/part-REDACTED.parquet
2026-07-27,NSE,M&M,part-040300_948286-002421.parquet,ctrade1-l2-data,raw_l2/trade_date=2026-07-27/exchange=NSE/symbol=M&M/part-REDACTED.parquet
2026-07-27,NSE,M&M,part-040315_311353-002453.parquet,ctrade1-l2-data,raw_l2/trade_date=2026-07-27/exchange=NSE/symbol=M&M/part-REDACTED.parquet
2026-07-27,NSE,M&M,part-040329_661917-002485.parquet,ctrade1-l2-data,raw_l2/trade_date=2026-07-27/exchange=NSE/symbol=M&M/part-REDACTED.parquet
2026-07-27,NSE,M&M,part-040344_105949-002517.parquet,ctrade1-l2-data,raw_l2/trade_date=2026-07-27/exchange=NSE/symbol=M&M/part-REDACTED.parquet
2026-07-27,NSE,M&M,part-040358_746647-002549.parquet,ctrade1-l2-data,raw_l2/trade_date=2026-07-27/exchange=NSE/symbol=M&M/part-REDACTED.parquet
2026-07-27,NSE,M&M,part-040413_343846-002581.parquet,ctrade1-l2-data,raw_l2/trade_date=2026-07-27/exchange=NSE/symbol=M&M/part-REDACTED.parquet
2026-07-27,NSE,M&M,part-040427_635237-002613.parquet,ctrade1-l2-data,raw_l2/trade_date=2026-07-27/exchange=NSE/symbol=M&M/part-REDACTED.parquet
2026-07-27,NSE,M&M,part-040441_923337-002645.parquet,ctrade1-l2-data,raw_l2/trade_date=2026-07-27/exchange=NSE/symbol=M&M/part-REDACTED.parquet
2026-07-27,NSE,M&M,part-040456_256059-002677.parquet,ctrade1-l2-data,raw_l2/trade_date=2026-07-27/exchange=NSE/symbol=M&M/part-REDACTED.parquet
2026-07-27,NSE,M&M,part-040510_641302-002709.parquet,ctrade1-l2-data,raw_l2/trade_date=2026-07-27/exchange=NSE/symbol=M&M/part-REDACTED.parquet
2026-07-27,NSE,M&M,part-040524_855891-002741.parquet,ctrade1-l2-data,raw_l2/trade_date=2026-07-27/exchange=NSE/symbol=M&M/part-REDACTED.parquet
2026-07-27,NSE,M&M,part-040538_966698-002773.parquet,ctrade1-l2-data,raw_l2/trade_date=2026-07-27/exchange=NSE/symbol=M&M/part-REDACTED.parquet
2026-07-27,NSE,M&M,part-040553_115501-002805.parquet,ctrade1-l2-data,raw_l2/trade_date=2026-07-27/exchange=NSE/symbol=M&M/part-REDACTED.parquet
2026-07-27,NSE,M&M,part-040607_113121-002837.parquet,ctrade1-l2-data,raw_l2/trade_date=2026-07-27/exchange=NSE/symbol=M&M/part-REDACTED.parquet
2026-07-27,NSE,M&M,part-040621_194214-002869.parquet,ctrade1-l2-data,raw_l2/trade_date=2026-07-27/exchange=NSE/symbol=M&M/part-REDACTED.parquet
2026-07-27,NSE,M&M,part-040635_224781-002901.parquet,ctrade1-l2-data,raw_l2/trade_date=2026-07-27/exchange=NSE/symbol=M&M/part-REDACTED.parquet
2026-07-27,NSE,M&M,part-040649_241993-002933.parquet,ctrade1-l2-data,raw_l2/trade_date=2026-07-27/exchange=NSE/symbol=M&M/part-REDACTED.parquet
2026-07-27,NSE,M&M,part-040703_259010-002965.parquet,ctrade1-l2-data,raw_l2/trade_date=2026-07-27/exchange=NSE/symbol=M&M/part-REDACTED.parquet
2026-07-27,NSE,M&M,part-040717_646499-002997.parquet,ctrade1-l2-data,raw_l2/trade_date=2026-07-27/exchange=NSE/symbol=M&M/part-REDACTED.parquet
2026-07-27,NSE,M&M,part-040731_757989-003029.parquet,ctrade1-l2-data,raw_l2/trade_date=2026-07-27/exchange=NSE/symbol=M&M/part-REDACTED.parquet
2026-07-27,NSE,M&M,part-040745_895440-003061.parquet,ctrade1-l2-data,raw_l2/trade_date=2026-07-27/exchange=NSE/symbol=M&M/part-REDACTED.parquet
2026-07-27,NSE,M&M,part-040800_574733-003093.parquet,ctrade1-l2-data,raw_l2/trade_date=2026-07-27/exchange=NSE/symbol=M&M/part-REDACTED.parquet
2026-07-27,NSE,M&M,part-040814_906287-003125.parquet,ctrade1-l2-data,raw_l2/trade_date=2026-07-27/exchange=NSE/symbol=M&M/part-REDACTED.parquet
2026-07-27,NSE,M&M,part-040829_069693-003157.parquet,ctrade1-l2-data,raw_l2/trade_date=2026-07-27/exchange=NSE/symbol=M&M/part-REDACTED.parquet
2026-07-27,NSE,M&M,part-040843_208669-003189.parquet,ctrade1-l2-data,raw_l2/trade_date=2026-07-27/exchange=NSE/symbol=M&M/part-REDACTED.parquet
2026-07-27,NSE,M&M,part-040857_578245-003221.parquet,ctrade1-l2-data,raw_l2/trade_date=2026-07-27/exchange=NSE/symbol=M&M/part-REDACTED.parquet
2026-07-27,NSE,M&M,part-040911_766419-003253.parquet,ctrade1-l2-data,raw_l2/trade_date=2026-07-27/exchange=NSE/symbol=M&M/part-REDACTED.parquet
2026-07-27,NSE,M&M,part-040925_853770-003285.parquet,ctrade1-l2-data,raw_l2/trade_date=2026-07-27/exchange=NSE/symbol=M&M/part-REDACTED.parquet
2026-07-27,NSE,M&M,part-040940_161578-003317.parquet,ctrade1-l2-data,raw_l2/trade_date=2026-07-27/exchange=NSE/symbol=M&M/part-REDACTED.parquet
2026-07-27,NSE,M&M,part-040954_320149-003349.parquet,ctrade1-l2-data,raw_l2/trade_date=2026-07-27/exchange=NSE/symbol=M&M/part-REDACTED.parquet
2026-07-27,NSE,M&M,part-041008_517583-003381.parquet,ctrade1-l2-data,raw_l2/trade_date=2026-07-27/exchange=NSE/symbol=M&M/part-REDACTED.parquet
2026-07-27,NSE,M&M,part-041022_781687-003413.parquet,ctrade1-l2-data,raw_l2/trade_date=2026-07-27/exchange=NSE/symbol=M&M/part-REDACTED.parquet
2026-07-27,NSE,M&M,part-041037_249301-003445.parquet,ctrade1-l2-data,raw_l2/trade_date=2026-07-27/exchange=NSE/symbol=M&M/part-REDACTED.parquet
2026-07-27,NSE,M&M,part-041051_413752-003477.parquet,ctrade1-l2-data,raw_l2/trade_date=2026-07-27/exchange=NSE/symbol=M&M/part-REDACTED.parquet
2026-07-27,NSE,M&M,part-041105_700549-003509.parquet,ctrade1-l2-data,raw_l2/trade_date=2026-07-27/exchange=NSE/symbol=M&M/part-REDACTED.parquet
2026-07-27,NSE,M&M,part-041120_023830-003541.parquet,ctrade1-l2-data,raw_l2/trade_date=2026-07-27/exchange=NSE/symbol=M&M/part-REDACTED.parquet
2026-07-27,NSE,M&M,part-041134_164172-003573.parquet,ctrade1-l2-data,raw_l2/trade_date=2026-07-27/exchange=NSE/symbol=M&M/part-REDACTED.parquet
2026-07-27,NSE,M&M,part-041148_399578-003605.parquet,ctrade1-l2-data,raw_l2/trade_date=2026-07-27/exchange=NSE/symbol=M&M/part-REDACTED.parquet
2026-07-27,NSE,M&M,part-041202_377026-003637.parquet,ctrade1-l2-data,raw_l2/trade_date=2026-07-27/exchange=NSE/symbol=M&M/part-REDACTED.parquet
2026-07-27,NSE,M&M,part-041216_411356-003669.parquet,ctrade1-l2-data,raw_l2/trade_date=2026-07-27/exchange=NSE/symbol=M&M/part-REDACTED.parquet
2026-07-27,NSE,M&M,part-041231_020271-003701.parquet,ctrade1-l2-data,raw_l2/trade_date=2026-07-27/exchange=NSE/symbol=M&M/part-REDACTED.parquet
2026-07-27,NSE,M&M,part-041245_618502-003733.parquet,ctrade1-l2-data,raw_l2/trade_date=2026-07-27/exchange=NSE/symbol=M&M/part-REDACTED.parquet
2026-07-27,NSE,M&M,part-041259_630341-003765.parquet,ctrade1-l2-data,raw_l2/trade_date=2026-07-27/exchange=NSE/symbol=M&M/part-REDACTED.parquet
2026-07-27,NSE,M&M,part-041313_967763-003797.parquet,ctrade1-l2-data,raw_l2/trade_date=2026-07-27/exchange=NSE/symbol=M&M/part-REDACTED.parquet
2026-07-27,NSE,M&M,part-041328_183172-003829.parquet,ctrade1-l2-data,raw_l2/trade_date=2026-07-27/exchange=NSE/symbol=M&M/part-REDACTED.parquet
2026-07-27,NSE,M&M,part-041342_209565-003861.parquet,ctrade1-l2-data,raw_l2/trade_date=2026-07-27/exchange=NSE/symbol=M&M/part-REDACTED.parquet
2026-07-27,NSE,M&M,part-041356_199444-003893.parquet,ctrade1-l2-data,raw_l2/trade_date=2026-07-27/exchange=NSE/symbol=M&M/part-REDACTED.parquet
2026-07-27,NSE,M&M,part-041410_243280-003925.parquet,ctrade1-l2-data,raw_l2/trade_date=2026-07-27/exchange=NSE/symbol=M&M/part-REDACTED.parquet
2026-07-27,NSE,M&M,part-041424_193648-003957.parquet,ctrade1-l2-data,raw_l2/trade_date=2026-07-27/exchange=NSE/symbol=M&M/part-REDACTED.parquet
2026-07-27,NSE,M&M,part-041438_229354-003989.parquet,ctrade1-l2-data,raw_l2/trade_date=2026-07-27/exchange=NSE/symbol=M&M/part-REDACTED.parquet
2026-07-27,NSE,M&M,part-041452_230823-004021.parquet,ctrade1-l2-data,raw_l2/trade_date=2026-07-27/exchange=NSE/symbol=M&M/part-REDACTED.parquet
2026-07-27,NSE,M&M,part-041506_285752-004053.parquet,ctrade1-l2-data,raw_l2/trade_date=2026-07-27/exchange=NSE/symbol=M&M/part-REDACTED.parquet
2026-07-27,NSE,M&M,part-041520_223015-004085.parquet,ctrade1-l2-data,raw_l2/trade_date=2026-07-27/exchange=NSE/symbol=M&M/part-REDACTED.parquet
2026-07-27,NSE,M&M,part-041534_584217-004117.parquet,ctrade1-l2-data,raw_l2/trade_date=2026-07-27/exchange=NSE/symbol=M&M/part-REDACTED.parquet
2026-07-27,NSE,M&M,part-041548_964462-004149.parquet,ctrade1-l2-data,raw_l2/trade_date=2026-07-27/exchange=NSE/symbol=M&M/part-REDACTED.parquet
2026-07-27,NSE,M&M,part-041603_066142-004181.parquet,ctrade1-l2-data,raw_l2/trade_date=2026-07-27/exchange=NSE/symbol=M&M/part-REDACTED.parquet
2026-07-27,NSE,M&M,part-041617_181095-004213.parquet,ctrade1-l2-data,raw_l2/trade_date=2026-07-27/exchange=NSE/symbol=M&M/part-REDACTED.parquet
2026-07-27,NSE,M&M,part-041632_690249-004245.parquet,ctrade1-l2-data,raw_l2/trade_date=2026-07-27/exchange=NSE/symbol=M&M/part-REDACTED.parquet
2026-07-27,NSE,M&M,part-041647_973969-004277.parquet,ctrade1-l2-data,raw_l2/trade_date=2026-07-27/exchange=NSE/symbol=M&M/part-REDACTED.parquet
2026-07-27,NSE,M&M,part-041701_944887-004309.parquet,ctrade1-l2-data,raw_l2/trade_date=2026-07-27/exchange=NSE/symbol=M&M/part-REDACTED.parquet
2026-07-27,NSE,M&M,part-041716_042144-004341.parquet,ctrade1-l2-data,raw_l2/trade_date=2026-07-27/exchange=NSE/symbol=M&M/part-REDACTED.parquet
2026-07-27,NSE,M&M,part-041730_400387-004373.parquet,ctrade1-l2-data,raw_l2/trade_date=2026-07-27/exchange=NSE/symbol=M&M/part-REDACTED.parquet
2026-07-27,NSE,M&M,part-041744_784742-004405.parquet,ctrade1-l2-data,raw_l2/trade_date=2026-07-27/exchange=NSE/symbol=M&M/part-REDACTED.parquet
2026-07-27,NSE,M&M,part-041759_274242-004437.parquet,ctrade1-l2-data,raw_l2/trade_date=2026-07-27/exchange=NSE/symbol=M&M/part-REDACTED.parquet
2026-07-27,NSE,M&M,part-041813_513811-004469.parquet,ctrade1-l2-data,raw_l2/trade_date=2026-07-27/exchange=NSE/symbol=M&M/part-REDACTED.parquet
2026-07-27,NSE,M&M,part-041827_586825-004501.parquet,ctrade1-l2-data,raw_l2/trade_date=2026-07-27/exchange=NSE/symbol=M&M/part-REDACTED.parquet
2026-07-27,NSE,M&M,part-041841_594909-004533.parquet,ctrade1-l2-data,raw_l2/trade_date=2026-07-27/exchange=NSE/symbol=M&M/part-REDACTED.parquet
2026-07-27,NSE,M&M,part-041855_713613-004565.parquet,ctrade1-l2-data,raw_l2/trade_date=2026-07-27/exchange=NSE/symbol=M&M/part-REDACTED.parquet
2026-07-27,NSE,M&M,part-041909_721587-004597.parquet,ctrade1-l2-data,raw_l2/trade_date=2026-07-27/exchange=NSE/symbol=M&M/part-REDACTED.parquet
2026-07-27,NSE,M&M,part-041923_769705-004629.parquet,ctrade1-l2-data,raw_l2/trade_date=2026-07-27/exchange=NSE/symbol=M&M/part-REDACTED.parquet
2026-07-27,NSE,M&M,part-041937_663326-004661.parquet,ctrade1-l2-data,raw_l2/trade_date=2026-07-27/exchange=NSE/symbol=M&M/part-REDACTED.parquet
2026-07-27,NSE,M&M,part-041951_713036-004693.parquet,ctrade1-l2-data,raw_l2/trade_date=2026-07-27/exchange=NSE/symbol=M&M/part-REDACTED.parquet
2026-07-27,NSE,M&M,part-042005_898187-004725.parquet,ctrade1-l2-data,raw_l2/trade_date=2026-07-27/exchange=NSE/symbol=M&M/part-REDACTED.parquet
2026-07-27,NSE,M&M,part-042019_964923-004757.parquet,ctrade1-l2-data,raw_l2/trade_date=2026-07-27/exchange=NSE/symbol=M&M/part-REDACTED.parquet
2026-07-27,NSE,M&M,part-042034_241773-004789.parquet,ctrade1-l2-data,raw_l2/trade_date=2026-07-27/exchange=NSE/symbol=M&M/part-REDACTED.parquet
2026-07-27,NSE,M&M,part-042048_202952-004821.parquet,ctrade1-l2-data,raw_l2/trade_date=2026-07-27/exchange=NSE/symbol=M&M/part-REDACTED.parquet
2026-07-27,NSE,M&M,part-042102_227234-004853.parquet,ctrade1-l2-data,raw_l2/trade_date=2026-07-27/exchange=NSE/symbol=M&M/part-REDACTED.parquet
2026-07-27,NSE,M&M,part-042116_551131-004885.parquet,ctrade1-l2-data,raw_l2/trade_date=2026-07-27/exchange=NSE/symbol=M&M/part-REDACTED.parquet
2026-07-27,NSE,M&M,part-042130_869639-004917.parquet,ctrade1-l2-data,raw_l2/trade_date=2026-07-27/exchange=NSE/symbol=M&M/part-REDACTED.parquet
2026-07-27,NSE,M&M,part-042145_030617-004949.parquet,ctrade1-l2-data,raw_l2/trade_date=2026-07-27/exchange=NSE/symbol=M&M/part-REDACTED.parquet
2026-07-27,NSE,M&M,part-042159_464704-004981.parquet,ctrade1-l2-data,raw_l2/trade_date=2026-07-27/exchange=NSE/symbol=M&M/part-REDACTED.parquet
2026-07-27,NSE,M&M,part-042214_045816-005013.parquet,ctrade1-l2-data,raw_l2/trade_date=2026-07-27/exchange=NSE/symbol=M&M/part-REDACTED.parquet
2026-07-27,NSE,M&M,part-042228_286924-005045.parquet,ctrade1-l2-data,raw_l2/trade_date=2026-07-27/exchange=NSE/symbol=M&M/part-REDACTED.parquet
2026-07-27,NSE,M&M,part-042242_677847-005077.parquet,ctrade1-l2-data,raw_l2/trade_date=2026-07-27/exchange=NSE/symbol=M&M/part-REDACTED.parquet
2026-07-27,NSE,M&M,part-042257_074105-005109.parquet,ctrade1-l2-data,raw_l2/trade_date=2026-07-27/exchange=NSE/symbol=M&M/part-REDACTED.parquet
2026-07-27,NSE,M&M,part-042311_359872-005141.parquet,ctrade1-l2-data,raw_l2/trade_date=2026-07-27/exchange=NSE/symbol=M&M/part-REDACTED.parquet
2026-07-27,NSE,M&M,part-042325_674811-005173.parquet,ctrade1-l2-data,raw_l2/trade_date=2026-07-27/exchange=NSE/symbol=M&M/part-REDACTED.parquet
2026-07-27,NSE,M&M,part-042340_106077-005205.parquet,ctrade1-l2-data,raw_l2/trade_date=2026-07-27/exchange=NSE/symbol=M&M/part-REDACTED.parquet
2026-07-27,NSE,M&M,part-042354_438650-005237.parquet,ctrade1-l2-data,raw_l2/trade_date=2026-07-27/exchange=NSE/symbol=M&M/part-REDACTED.parquet
2026-07-27,NSE,M&M,part-042408_935329-005269.parquet,ctrade1-l2-data,raw_l2/trade_date=2026-07-27/exchange=NSE/symbol=M&M/part-REDACTED.parquet
2026-07-27,NSE,M&M,part-042423_398568-005301.parquet,ctrade1-l2-data,raw_l2/trade_date=2026-07-27/exchange=NSE/symbol=M&M/part-REDACTED.parquet
2026-07-27,NSE,M&M,part-042437_875547-005333.parquet,ctrade1-l2-data,raw_l2/trade_date=2026-07-27/exchange=NSE/symbol=M&M/part-REDACTED.parquet
2026-07-27,NSE,M&M,part-042452_103458-005365.parquet,ctrade1-l2-data,raw_l2/trade_date=2026-07-27/exchange=NSE/symbol=M&M/part-REDACTED.parquet
2026-07-27,NSE,M&M,part-042506_355714-005397.parquet,ctrade1-l2-data,raw_l2/trade_date=2026-07-27/exchange=NSE/symbol=M&M/part-REDACTED.parquet
2026-07-27,NSE,M&M,part-042520_549242-005429.parquet,ctrade1-l2-data,raw_l2/trade_date=2026-07-27/exchange=NSE/symbol=M&M/part-REDACTED.parquet
2026-07-27,NSE,M&M,part-042534_958162-005461.parquet,ctrade1-l2-data,raw_l2/trade_date=2026-07-27/exchange=NSE/symbol=M&M/part-REDACTED.parquet
2026-07-27,NSE,M&M,part-042549_373640-005493.parquet,ctrade1-l2-data,raw_l2/trade_date=2026-07-27/exchange=NSE/symbol=M&M/part-REDACTED.parquet
2026-07-27,NSE,M&M,part-042604_037735-005525.parquet,ctrade1-l2-data,raw_l2/trade_date=2026-07-27/exchange=NSE/symbol=M&M/part-REDACTED.parquet
2026-07-27,NSE,M&M,part-042618_644510-005557.parquet,ctrade1-l2-data,raw_l2/trade_date=2026-07-27/exchange=NSE/symbol=M&M/part-REDACTED.parquet
2026-07-27,NSE,M&M,part-042632_924286-005589.parquet,ctrade1-l2-data,raw_l2/trade_date=2026-07-27/exchange=NSE/symbol=M&M/part-REDACTED.parquet
2026-07-27,NSE,M&M,part-042647_346876-005621.parquet,ctrade1-l2-data,raw_l2/trade_date=2026-07-27/exchange=NSE/symbol=M&M/part-REDACTED.parquet
2026-07-27,NSE,M&M,part-042701_935438-005653.parquet,ctrade1-l2-data,raw_l2/trade_date=2026-07-27/exchange=NSE/symbol=M&M/part-REDACTED.parquet
2026-07-27,NSE,MARUTI,part-034504_062201-000022.parquet,ctrade1-l2-data,raw_l2/trade_date=2026-07-27/exchange=NSE/symbol=MARUTI/part-REDACTED.parquet
2026-07-27,NSE,MARUTI,part-034518_516503-000054.parquet,ctrade1-l2-data,raw_l2/trade_date=2026-07-27/exchange=NSE/symbol=MARUTI/part-REDACTED.parquet
2026-07-27,NSE,MARUTI,part-034532_951800-000086.parquet,ctrade1-l2-data,raw_l2/trade_date=2026-07-27/exchange=NSE/symbol=MARUTI/part-REDACTED.parquet
2026-07-27,NSE,MARUTI,part-034547_126899-000118.parquet,ctrade1-l2-data,raw_l2/trade_date=2026-07-27/exchange=NSE/symbol=MARUTI/part-REDACTED.parquet
2026-07-27,NSE,MARUTI,part-034601_235642-000150.parquet,ctrade1-l2-data,raw_l2/trade_date=2026-07-27/exchange=NSE/symbol=MARUTI/part-REDACTED.parquet
2026-07-27,NSE,MARUTI,part-034615_582395-000182.parquet,ctrade1-l2-data,raw_l2/trade_date=2026-07-27/exchange=NSE/symbol=MARUTI/part-REDACTED.parquet
2026-07-27,NSE,MARUTI,part-034629_930420-000214.parquet,ctrade1-l2-data,raw_l2/trade_date=2026-07-27/exchange=NSE/symbol=MARUTI/part-REDACTED.parquet
2026-07-27,NSE,MARUTI,part-034644_483724-000246.parquet,ctrade1-l2-data,raw_l2/trade_date=2026-07-27/exchange=NSE/symbol=MARUTI/part-REDACTED.parquet
2026-07-27,NSE,MARUTI,part-034658_604124-000278.parquet,ctrade1-l2-data,raw_l2/trade_date=2026-07-27/exchange=NSE/symbol=MARUTI/part-REDACTED.parquet
2026-07-27,NSE,MARUTI,part-034712_651101-000310.parquet,ctrade1-l2-data,raw_l2/trade_date=2026-07-27/exchange=NSE/symbol=MARUTI/part-REDACTED.parquet
2026-07-27,NSE,MARUTI,part-034726_616908-000342.parquet,ctrade1-l2-data,raw_l2/trade_date=2026-07-27/exchange=NSE/symbol=MARUTI/part-REDACTED.parquet
2026-07-27,NSE,MARUTI,part-034740_869560-000374.parquet,ctrade1-l2-data,raw_l2/trade_date=2026-07-27/exchange=NSE/symbol=MARUTI/part-REDACTED.parquet
2026-07-27,NSE,MARUTI,part-034754_945089-000406.parquet,ctrade1-l2-data,raw_l2/trade_date=2026-07-27/exchange=NSE/symbol=MARUTI/part-REDACTED.parquet
2026-07-27,NSE,MARUTI,part-034809_268985-000438.parquet,ctrade1-l2-data,raw_l2/trade_date=2026-07-27/exchange=NSE/symbol=MARUTI/part-REDACTED.parquet
2026-07-27,NSE,MARUTI,part-034823_812901-000470.parquet,ctrade1-l2-data,raw_l2/trade_date=2026-07-27/exchange=NSE/symbol=MARUTI/part-REDACTED.parquet
2026-07-27,NSE,MARUTI,part-034838_243938-000502.parquet,ctrade1-l2-data,raw_l2/trade_date=2026-07-27/exchange=NSE/symbol=MARUTI/part-REDACTED.parquet
2026-07-27,NSE,MARUTI,part-034852_619679-000534.parquet,ctrade1-l2-data,raw_l2/trade_date=2026-07-27/exchange=NSE/symbol=MARUTI/part-REDACTED.parquet
2026-07-27,NSE,MARUTI,part-034906_933962-000566.parquet,ctrade1-l2-data,raw_l2/trade_date=2026-07-27/exchange=NSE/symbol=MARUTI/part-REDACTED.parquet
2026-07-27,NSE,MARUTI,part-034921_388589-000598.parquet,ctrade1-l2-data,raw_l2/trade_date=2026-07-27/exchange=NSE/symbol=MARUTI/part-REDACTED.parquet
2026-07-27,NSE,MARUTI,part-034935_816067-000630.parquet,ctrade1-l2-data,raw_l2/trade_date=2026-07-27/exchange=NSE/symbol=MARUTI/part-REDACTED.parquet
2026-07-27,NSE,MARUTI,part-034950_481897-000662.parquet,ctrade1-l2-data,raw_l2/trade_date=2026-07-27/exchange=NSE/symbol=MARUTI/part-REDACTED.parquet
2026-07-27,NSE,MARUTI,part-035005_003826-000694.parquet,ctrade1-l2-data,raw_l2/trade_date=2026-07-27/exchange=NSE/symbol=MARUTI/part-REDACTED.parquet
2026-07-27,NSE,MARUTI,part-035019_124080-000726.parquet,ctrade1-l2-data,raw_l2/trade_date=2026-07-27/exchange=NSE/symbol=MARUTI/part-REDACTED.parquet
2026-07-27,NSE,MARUTI,part-035033_194481-000758.parquet,ctrade1-l2-data,raw_l2/trade_date=2026-07-27/exchange=NSE/symbol=MARUTI/part-REDACTED.parquet
2026-07-27,NSE,MARUTI,part-035047_427265-000790.parquet,ctrade1-l2-data,raw_l2/trade_date=2026-07-27/exchange=NSE/symbol=MARUTI/part-REDACTED.parquet
2026-07-27,NSE,MARUTI,part-035101_633685-000822.parquet,ctrade1-l2-data,raw_l2/trade_date=2026-07-27/exchange=NSE/symbol=MARUTI/part-REDACTED.parquet
2026-07-27,NSE,MARUTI,part-035116_070001-000854.parquet,ctrade1-l2-data,raw_l2/trade_date=2026-07-27/exchange=NSE/symbol=MARUTI/part-REDACTED.parquet
2026-07-27,NSE,MARUTI,part-035130_395723-000886.parquet,ctrade1-l2-data,raw_l2/trade_date=2026-07-27/exchange=NSE/symbol=MARUTI/part-REDACTED.parquet
2026-07-27,NSE,MARUTI,part-035144_520778-000918.parquet,ctrade1-l2-data,raw_l2/trade_date=2026-07-27/exchange=NSE/symbol=MARUTI/part-REDACTED.parquet
2026-07-27,NSE,MARUTI,part-035158_811379-000950.parquet,ctrade1-l2-data,raw_l2/trade_date=2026-07-27/exchange=NSE/symbol=MARUTI/part-REDACTED.parquet
2026-07-27,NSE,MARUTI,part-035213_006782-000982.parquet,ctrade1-l2-data,raw_l2/trade_date=2026-07-27/exchange=NSE/symbol=MARUTI/part-REDACTED.parquet
2026-07-27,NSE,MARUTI,part-035227_208976-001014.parquet,ctrade1-l2-data,raw_l2/trade_date=2026-07-27/exchange=NSE/symbol=MARUTI/part-REDACTED.parquet
2026-07-27,NSE,MARUTI,part-035241_458137-001046.parquet,ctrade1-l2-data,raw_l2/trade_date=2026-07-27/exchange=NSE/symbol=MARUTI/part-REDACTED.parquet
2026-07-27,NSE,MARUTI,part-035255_789574-001078.parquet,ctrade1-l2-data,raw_l2/trade_date=2026-07-27/exchange=NSE/symbol=MARUTI/part-REDACTED.parquet
2026-07-27,NSE,MARUTI,part-035310_058599-001110.parquet,ctrade1-l2-data,raw_l2/trade_date=2026-07-27/exchange=NSE/symbol=MARUTI/part-REDACTED.parquet
2026-07-27,NSE,MARUTI,part-035324_346084-001142.parquet,ctrade1-l2-data,raw_l2/trade_date=2026-07-27/exchange=NSE/symbol=MARUTI/part-REDACTED.parquet
2026-07-27,NSE,MARUTI,part-035338_840637-001174.parquet,ctrade1-l2-data,raw_l2/trade_date=2026-07-27/exchange=NSE/symbol=MARUTI/part-REDACTED.parquet
2026-07-27,NSE,MARUTI,part-035353_211214-001206.parquet,ctrade1-l2-data,raw_l2/trade_date=2026-07-27/exchange=NSE/symbol=MARUTI/part-REDACTED.parquet
2026-07-27,NSE,MARUTI,part-035407_497140-001238.parquet,ctrade1-l2-data,raw_l2/trade_date=2026-07-27/exchange=NSE/symbol=MARUTI/part-REDACTED.parquet
2026-07-27,NSE,MARUTI,part-035421_636822-001270.parquet,ctrade1-l2-data,raw_l2/trade_date=2026-07-27/exchange=NSE/symbol=MARUTI/part-REDACTED.parquet
2026-07-27,NSE,MARUTI,part-035435_788220-001302.parquet,ctrade1-l2-data,raw_l2/trade_date=2026-07-27/exchange=NSE/symbol=MARUTI/part-REDACTED.parquet
2026-07-27,NSE,MARUTI,part-035450_812884-001334.parquet,ctrade1-l2-data,raw_l2/trade_date=2026-07-27/exchange=NSE/symbol=MARUTI/part-REDACTED.parquet
2026-07-27,NSE,MARUTI,part-035505_164344-001366.parquet,ctrade1-l2-data,raw_l2/trade_date=2026-07-27/exchange=NSE/symbol=MARUTI/part-REDACTED.parquet
2026-07-27,NSE,MARUTI,part-035519_748446-001398.parquet,ctrade1-l2-data,raw_l2/trade_date=2026-07-27/exchange=NSE/symbol=MARUTI/part-REDACTED.parquet
2026-07-27,NSE,MARUTI,part-035533_902337-001430.parquet,ctrade1-l2-data,raw_l2/trade_date=2026-07-27/exchange=NSE/symbol=MARUTI/part-REDACTED.parquet
2026-07-27,NSE,MARUTI,part-035548_407693-001462.parquet,ctrade1-l2-data,raw_l2/trade_date=2026-07-27/exchange=NSE/symbol=MARUTI/part-REDACTED.parquet
2026-07-27,NSE,MARUTI,part-035602_892782-001494.parquet,ctrade1-l2-data,raw_l2/trade_date=2026-07-27/exchange=NSE/symbol=MARUTI/part-REDACTED.parquet
2026-07-27,NSE,MARUTI,part-035617_415801-001526.parquet,ctrade1-l2-data,raw_l2/trade_date=2026-07-27/exchange=NSE/symbol=MARUTI/part-REDACTED.parquet
2026-07-27,NSE,MARUTI,part-035631_960967-001558.parquet,ctrade1-l2-data,raw_l2/trade_date=2026-07-27/exchange=NSE/symbol=MARUTI/part-REDACTED.parquet
2026-07-27,NSE,MARUTI,part-035646_157639-001590.parquet,ctrade1-l2-data,raw_l2/trade_date=2026-07-27/exchange=NSE/symbol=MARUTI/part-REDACTED.parquet
2026-07-27,NSE,MARUTI,part-035700_400060-001622.parquet,ctrade1-l2-data,raw_l2/trade_date=2026-07-27/exchange=NSE/symbol=MARUTI/part-REDACTED.parquet
2026-07-27,NSE,MARUTI,part-035714_686691-001654.parquet,ctrade1-l2-data,raw_l2/trade_date=2026-07-27/exchange=NSE/symbol=MARUTI/part-REDACTED.parquet
2026-07-27,NSE,MARUTI,part-035729_210924-001686.parquet,ctrade1-l2-data,raw_l2/trade_date=2026-07-27/exchange=NSE/symbol=MARUTI/part-REDACTED.parquet
2026-07-27,NSE,MARUTI,part-035743_421110-001718.parquet,ctrade1-l2-data,raw_l2/trade_date=2026-07-27/exchange=NSE/symbol=MARUTI/part-REDACTED.parquet
2026-07-27,NSE,MARUTI,part-035757_717165-001750.parquet,ctrade1-l2-data,raw_l2/trade_date=2026-07-27/exchange=NSE/symbol=MARUTI/part-REDACTED.parquet
2026-07-27,NSE,MARUTI,part-035811_986322-001782.parquet,ctrade1-l2-data,raw_l2/trade_date=2026-07-27/exchange=NSE/symbol=MARUTI/part-REDACTED.parquet
2026-07-27,NSE,MARUTI,part-035826_431722-001814.parquet,ctrade1-l2-data,raw_l2/trade_date=2026-07-27/exchange=NSE/symbol=MARUTI/part-REDACTED.parquet
2026-07-27,NSE,MARUTI,part-035840_890085-001846.parquet,ctrade1-l2-data,raw_l2/trade_date=2026-07-27/exchange=NSE/symbol=MARUTI/part-REDACTED.parquet
2026-07-27,NSE,MARUTI,part-035855_263857-001878.parquet,ctrade1-l2-data,raw_l2/trade_date=2026-07-27/exchange=NSE/symbol=MARUTI/part-REDACTED.parquet
2026-07-27,NSE,MARUTI,part-035909_541229-001910.parquet,ctrade1-l2-data,raw_l2/trade_date=2026-07-27/exchange=NSE/symbol=MARUTI/part-REDACTED.parquet
2026-07-27,NSE,MARUTI,part-035924_107276-001942.parquet,ctrade1-l2-data,raw_l2/trade_date=2026-07-27/exchange=NSE/symbol=MARUTI/part-REDACTED.parquet
2026-07-27,NSE,MARUTI,part-035938_438796-001974.parquet,ctrade1-l2-data,raw_l2/trade_date=2026-07-27/exchange=NSE/symbol=MARUTI/part-REDACTED.parquet
2026-07-27,NSE,MARUTI,part-035952_619711-002006.parquet,ctrade1-l2-data,raw_l2/trade_date=2026-07-27/exchange=NSE/symbol=MARUTI/part-REDACTED.parquet
2026-07-27,NSE,MARUTI,part-040007_384488-002038.parquet,ctrade1-l2-data,raw_l2/trade_date=2026-07-27/exchange=NSE/symbol=MARUTI/part-REDACTED.parquet
2026-07-27,NSE,MARUTI,part-040021_693491-002070.parquet,ctrade1-l2-data,raw_l2/trade_date=2026-07-27/exchange=NSE/symbol=MARUTI/part-REDACTED.parquet
2026-07-27,NSE,MARUTI,part-040035_961051-002102.parquet,ctrade1-l2-data,raw_l2/trade_date=2026-07-27/exchange=NSE/symbol=MARUTI/part-REDACTED.parquet
2026-07-27,NSE,MARUTI,part-040050_371229-002134.parquet,ctrade1-l2-data,raw_l2/trade_date=2026-07-27/exchange=NSE/symbol=MARUTI/part-REDACTED.parquet
2026-07-27,NSE,MARUTI,part-040104_917230-002166.parquet,ctrade1-l2-data,raw_l2/trade_date=2026-07-27/exchange=NSE/symbol=MARUTI/part-REDACTED.parquet
2026-07-27,NSE,MARUTI,part-040119_320222-002198.parquet,ctrade1-l2-data,raw_l2/trade_date=2026-07-27/exchange=NSE/symbol=MARUTI/part-REDACTED.parquet
2026-07-27,NSE,MARUTI,part-040133_603089-002230.parquet,ctrade1-l2-data,raw_l2/trade_date=2026-07-27/exchange=NSE/symbol=MARUTI/part-REDACTED.parquet
2026-07-27,NSE,MARUTI,part-040148_201684-002262.parquet,ctrade1-l2-data,raw_l2/trade_date=2026-07-27/exchange=NSE/symbol=MARUTI/part-REDACTED.parquet
2026-07-27,NSE,MARUTI,part-040202_552085-002294.parquet,ctrade1-l2-data,raw_l2/trade_date=2026-07-27/exchange=NSE/symbol=MARUTI/part-REDACTED.parquet
2026-07-27,NSE,MARUTI,part-040217_009011-002326.parquet,ctrade1-l2-data,raw_l2/trade_date=2026-07-27/exchange=NSE/symbol=MARUTI/part-REDACTED.parquet
2026-07-27,NSE,MARUTI,part-040231_914500-002358.parquet,ctrade1-l2-data,raw_l2/trade_date=2026-07-27/exchange=NSE/symbol=MARUTI/part-REDACTED.parquet
2026-07-27,NSE,MARUTI,part-040246_316424-002390.parquet,ctrade1-l2-data,raw_l2/trade_date=2026-07-27/exchange=NSE/symbol=MARUTI/part-REDACTED.parquet
2026-07-27,NSE,MARUTI,part-040301_086766-002422.parquet,ctrade1-l2-data,raw_l2/trade_date=2026-07-27/exchange=NSE/symbol=MARUTI/part-REDACTED.parquet
2026-07-27,NSE,MARUTI,part-040315_425384-002454.parquet,ctrade1-l2-data,raw_l2/trade_date=2026-07-27/exchange=NSE/symbol=MARUTI/part-REDACTED.parquet
2026-07-27,NSE,MARUTI,part-040329_819373-002486.parquet,ctrade1-l2-data,raw_l2/trade_date=2026-07-27/exchange=NSE/symbol=MARUTI/part-REDACTED.parquet
2026-07-27,NSE,MARUTI,part-040344_225856-002518.parquet,ctrade1-l2-data,raw_l2/trade_date=2026-07-27/exchange=NSE/symbol=MARUTI/part-REDACTED.parquet
2026-07-27,NSE,MARUTI,part-040358_888541-002550.parquet,ctrade1-l2-data,raw_l2/trade_date=2026-07-27/exchange=NSE/symbol=MARUTI/part-REDACTED.parquet
2026-07-27,NSE,MARUTI,part-040413_467995-002582.parquet,ctrade1-l2-data,raw_l2/trade_date=2026-07-27/exchange=NSE/symbol=MARUTI/part-REDACTED.parquet
2026-07-27,NSE,MARUTI,part-040427_750351-002614.parquet,ctrade1-l2-data,raw_l2/trade_date=2026-07-27/exchange=NSE/symbol=MARUTI/part-REDACTED.parquet
2026-07-27,NSE,MARUTI,part-040442_051415-002646.parquet,ctrade1-l2-data,raw_l2/trade_date=2026-07-27/exchange=NSE/symbol=MARUTI/part-REDACTED.parquet
2026-07-27,NSE,MARUTI,part-040456_388806-002678.parquet,ctrade1-l2-data,raw_l2/trade_date=2026-07-27/exchange=NSE/symbol=MARUTI/part-REDACTED.parquet
2026-07-27,NSE,MARUTI,part-040510_778453-002710.parquet,ctrade1-l2-data,raw_l2/trade_date=2026-07-27/exchange=NSE/symbol=MARUTI/part-REDACTED.parquet
2026-07-27,NSE,MARUTI,part-040524_978438-002742.parquet,ctrade1-l2-data,raw_l2/trade_date=2026-07-27/exchange=NSE/symbol=MARUTI/part-REDACTED.parquet
2026-07-27,NSE,MARUTI,part-040539_093030-002774.parquet,ctrade1-l2-data,raw_l2/trade_date=2026-07-27/exchange=NSE/symbol=MARUTI/part-REDACTED.parquet
2026-07-27,NSE,MARUTI,part-040553_231577-002806.parquet,ctrade1-l2-data,raw_l2/trade_date=2026-07-27/exchange=NSE/symbol=MARUTI/part-REDACTED.parquet
2026-07-27,NSE,MARUTI,part-040607_226312-002838.parquet,ctrade1-l2-data,raw_l2/trade_date=2026-07-27/exchange=NSE/symbol=MARUTI/part-REDACTED.parquet
2026-07-27,NSE,MARUTI,part-040621_308626-002870.parquet,ctrade1-l2-data,raw_l2/trade_date=2026-07-27/exchange=NSE/symbol=MARUTI/part-REDACTED.parquet
2026-07-27,NSE,MARUTI,part-040635_339911-002902.parquet,ctrade1-l2-data,raw_l2/trade_date=2026-07-27/exchange=NSE/symbol=MARUTI/part-REDACTED.parquet
2026-07-27,NSE,MARUTI,part-040649_354589-002934.parquet,ctrade1-l2-data,raw_l2/trade_date=2026-07-27/exchange=NSE/symbol=MARUTI/part-REDACTED.parquet
2026-07-27,NSE,MARUTI,part-040703_382561-002966.parquet,ctrade1-l2-data,raw_l2/trade_date=2026-07-27/exchange=NSE/symbol=MARUTI/part-REDACTED.parquet
2026-07-27,NSE,MARUTI,part-040717_783274-002998.parquet,ctrade1-l2-data,raw_l2/trade_date=2026-07-27/exchange=NSE/symbol=MARUTI/part-REDACTED.parquet
2026-07-27,NSE,MARUTI,part-040731_885902-003030.parquet,ctrade1-l2-data,raw_l2/trade_date=2026-07-27/exchange=NSE/symbol=MARUTI/part-REDACTED.parquet
2026-07-27,NSE,MARUTI,part-040746_005907-003062.parquet,ctrade1-l2-data,raw_l2/trade_date=2026-07-27/exchange=NSE/symbol=MARUTI/part-REDACTED.parquet
2026-07-27,NSE,MARUTI,part-040800_711366-003094.parquet,ctrade1-l2-data,raw_l2/trade_date=2026-07-27/exchange=NSE/symbol=MARUTI/part-REDACTED.parquet
2026-07-27,NSE,MARUTI,part-040815_038875-003126.parquet,ctrade1-l2-data,raw_l2/trade_date=2026-07-27/exchange=NSE/symbol=MARUTI/part-REDACTED.parquet
2026-07-27,NSE,MARUTI,part-040829_203859-003158.parquet,ctrade1-l2-data,raw_l2/trade_date=2026-07-27/exchange=NSE/symbol=MARUTI/part-REDACTED.parquet
2026-07-27,NSE,MARUTI,part-040843_374464-003190.parquet,ctrade1-l2-data,raw_l2/trade_date=2026-07-27/exchange=NSE/symbol=MARUTI/part-REDACTED.parquet
2026-07-27,NSE,MARUTI,part-040857_696586-003222.parquet,ctrade1-l2-data,raw_l2/trade_date=2026-07-27/exchange=NSE/symbol=MARUTI/part-REDACTED.parquet
2026-07-27,NSE,MARUTI,part-040911_881763-003254.parquet,ctrade1-l2-data,raw_l2/trade_date=2026-07-27/exchange=NSE/symbol=MARUTI/part-REDACTED.parquet
2026-07-27,NSE,MARUTI,part-040925_976048-003286.parquet,ctrade1-l2-data,raw_l2/trade_date=2026-07-27/exchange=NSE/symbol=MARUTI/part-REDACTED.parquet
2026-07-27,NSE,MARUTI,part-040940_279981-003318.parquet,ctrade1-l2-data,raw_l2/trade_date=2026-07-27/exchange=NSE/symbol=MARUTI/part-REDACTED.parquet
2026-07-27,NSE,MARUTI,part-040954_469104-003350.parquet,ctrade1-l2-data,raw_l2/trade_date=2026-07-27/exchange=NSE/symbol=MARUTI/part-REDACTED.parquet
2026-07-27,NSE,MARUTI,part-041008_640378-003382.parquet,ctrade1-l2-data,raw_l2/trade_date=2026-07-27/exchange=NSE/symbol=MARUTI/part-REDACTED.parquet
2026-07-27,NSE,MARUTI,part-041022_901549-003414.parquet,ctrade1-l2-data,raw_l2/trade_date=2026-07-27/exchange=NSE/symbol=MARUTI/part-REDACTED.parquet
2026-07-27,NSE,MARUTI,part-041037_362278-003446.parquet,ctrade1-l2-data,raw_l2/trade_date=2026-07-27/exchange=NSE/symbol=MARUTI/part-REDACTED.parquet
2026-07-27,NSE,MARUTI,part-041051_526972-003478.parquet,ctrade1-l2-data,raw_l2/trade_date=2026-07-27/exchange=NSE/symbol=MARUTI/part-REDACTED.parquet
2026-07-27,NSE,MARUTI,part-041105_822066-003510.parquet,ctrade1-l2-data,raw_l2/trade_date=2026-07-27/exchange=NSE/symbol=MARUTI/part-REDACTED.parquet
2026-07-27,NSE,MARUTI,part-041120_138283-003542.parquet,ctrade1-l2-data,raw_l2/trade_date=2026-07-27/exchange=NSE/symbol=MARUTI/part-REDACTED.parquet
2026-07-27,NSE,MARUTI,part-041134_282899-003574.parquet,ctrade1-l2-data,raw_l2/trade_date=2026-07-27/exchange=NSE/symbol=MARUTI/part-REDACTED.parquet
2026-07-27,NSE,MARUTI,part-041148_521340-003606.parquet,ctrade1-l2-data,raw_l2/trade_date=2026-07-27/exchange=NSE/symbol=MARUTI/part-REDACTED.parquet
2026-07-27,NSE,MARUTI,part-041202_492643-003638.parquet,ctrade1-l2-data,raw_l2/trade_date=2026-07-27/exchange=NSE/symbol=MARUTI/part-REDACTED.parquet
2026-07-27,NSE,MARUTI,part-041216_523440-003670.parquet,ctrade1-l2-data,raw_l2/trade_date=2026-07-27/exchange=NSE/symbol=MARUTI/part-REDACTED.parquet
2026-07-27,NSE,MARUTI,part-041231_161639-003702.parquet,ctrade1-l2-data,raw_l2/trade_date=2026-07-27/exchange=NSE/symbol=MARUTI/part-REDACTED.parquet
2026-07-27,NSE,MARUTI,part-041245_745114-003734.parquet,ctrade1-l2-data,raw_l2/trade_date=2026-07-27/exchange=NSE/symbol=MARUTI/part-REDACTED.parquet
2026-07-27,NSE,MARUTI,part-041259_740686-003766.parquet,ctrade1-l2-data,raw_l2/trade_date=2026-07-27/exchange=NSE/symbol=MARUTI/part-REDACTED.parquet
2026-07-27,NSE,MARUTI,part-041314_091167-003798.parquet,ctrade1-l2-data,raw_l2/trade_date=2026-07-27/exchange=NSE/symbol=MARUTI/part-REDACTED.parquet
2026-07-27,NSE,MARUTI,part-041328_294908-003830.parquet,ctrade1-l2-data,raw_l2/trade_date=2026-07-27/exchange=NSE/symbol=MARUTI/part-REDACTED.parquet
2026-07-27,NSE,MARUTI,part-041342_327543-003862.parquet,ctrade1-l2-data,raw_l2/trade_date=2026-07-27/exchange=NSE/symbol=MARUTI/part-REDACTED.parquet
2026-07-27,NSE,MARUTI,part-041356_313915-003894.parquet,ctrade1-l2-data,raw_l2/trade_date=2026-07-27/exchange=NSE/symbol=MARUTI/part-REDACTED.parquet
2026-07-27,NSE,MARUTI,part-041410_392830-003926.parquet,ctrade1-l2-data,raw_l2/trade_date=2026-07-27/exchange=NSE/symbol=MARUTI/part-REDACTED.parquet
2026-07-27,NSE,MARUTI,part-041424_311023-003958.parquet,ctrade1-l2-data,raw_l2/trade_date=2026-07-27/exchange=NSE/symbol=MARUTI/part-REDACTED.parquet
2026-07-27,NSE,MARUTI,part-041438_343925-003990.parquet,ctrade1-l2-data,raw_l2/trade_date=2026-07-27/exchange=NSE/symbol=MARUTI/part-REDACTED.parquet
2026-07-27,NSE,MARUTI,part-041452_347432-004022.parquet,ctrade1-l2-data,raw_l2/trade_date=2026-07-27/exchange=NSE/symbol=MARUTI/part-REDACTED.parquet
2026-07-27,NSE,MARUTI,part-041506_401878-004054.parquet,ctrade1-l2-data,raw_l2/trade_date=2026-07-27/exchange=NSE/symbol=MARUTI/part-REDACTED.parquet
2026-07-27,NSE,MARUTI,part-041520_348956-004086.parquet,ctrade1-l2-data,raw_l2/trade_date=2026-07-27/exchange=NSE/symbol=MARUTI/part-REDACTED.parquet
2026-07-27,NSE,MARUTI,part-041534_701921-004118.parquet,ctrade1-l2-data,raw_l2/trade_date=2026-07-27/exchange=NSE/symbol=MARUTI/part-REDACTED.parquet
2026-07-27,NSE,MARUTI,part-041549_072435-004150.parquet,ctrade1-l2-data,raw_l2/trade_date=2026-07-27/exchange=NSE/symbol=MARUTI/part-REDACTED.parquet
2026-07-27,NSE,MARUTI,part-041603_183145-004182.parquet,ctrade1-l2-data,raw_l2/trade_date=2026-07-27/exchange=NSE/symbol=MARUTI/part-REDACTED.parquet
2026-07-27,NSE,MARUTI,part-041617_308537-004214.parquet,ctrade1-l2-data,raw_l2/trade_date=2026-07-27/exchange=NSE/symbol=MARUTI/part-REDACTED.parquet
2026-07-27,NSE,MARUTI,part-041632_939645-004246.parquet,ctrade1-l2-data,raw_l2/trade_date=2026-07-27/exchange=NSE/symbol=MARUTI/part-REDACTED.parquet
2026-07-27,NSE,MARUTI,part-041648_095340-004278.parquet,ctrade1-l2-data,raw_l2/trade_date=2026-07-27/exchange=NSE/symbol=MARUTI/part-REDACTED.parquet
2026-07-27,NSE,MARUTI,part-041702_072412-004310.parquet,ctrade1-l2-data,raw_l2/trade_date=2026-07-27/exchange=NSE/symbol=MARUTI/part-REDACTED.parquet
2026-07-27,NSE,MARUTI,part-041716_237536-004342.parquet,ctrade1-l2-data,raw_l2/trade_date=2026-07-27/exchange=NSE/symbol=MARUTI/part-REDACTED.parquet
2026-07-27,NSE,MARUTI,part-041730_525565-004374.parquet,ctrade1-l2-data,raw_l2/trade_date=2026-07-27/exchange=NSE/symbol=MARUTI/part-REDACTED.parquet
2026-07-27,NSE,MARUTI,part-041744_902015-004406.parquet,ctrade1-l2-data,raw_l2/trade_date=2026-07-27/exchange=NSE/symbol=MARUTI/part-REDACTED.parquet
2026-07-27,NSE,MARUTI,part-041759_388523-004438.parquet,ctrade1-l2-data,raw_l2/trade_date=2026-07-27/exchange=NSE/symbol=MARUTI/part-REDACTED.parquet
2026-07-27,NSE,MARUTI,part-041813_639073-004470.parquet,ctrade1-l2-data,raw_l2/trade_date=2026-07-27/exchange=NSE/symbol=MARUTI/part-REDACTED.parquet
2026-07-27,NSE,MARUTI,part-041827_701009-004502.parquet,ctrade1-l2-data,raw_l2/trade_date=2026-07-27/exchange=NSE/symbol=MARUTI/part-REDACTED.parquet
2026-07-27,NSE,MARUTI,part-041841_706917-004534.parquet,ctrade1-l2-data,raw_l2/trade_date=2026-07-27/exchange=NSE/symbol=MARUTI/part-REDACTED.parquet
2026-07-27,NSE,MARUTI,part-041855_828912-004566.parquet,ctrade1-l2-data,raw_l2/trade_date=2026-07-27/exchange=NSE/symbol=MARUTI/part-REDACTED.parquet
2026-07-27,NSE,MARUTI,part-041909_865958-004598.parquet,ctrade1-l2-data,raw_l2/trade_date=2026-07-27/exchange=NSE/symbol=MARUTI/part-REDACTED.parquet
2026-07-27,NSE,MARUTI,part-041923_874772-004630.parquet,ctrade1-l2-data,raw_l2/trade_date=2026-07-27/exchange=NSE/symbol=MARUTI/part-REDACTED.parquet
2026-07-27,NSE,MARUTI,part-041937_773129-004662.parquet,ctrade1-l2-data,raw_l2/trade_date=2026-07-27/exchange=NSE/symbol=MARUTI/part-REDACTED.parquet
2026-07-27,NSE,MARUTI,part-041951_827183-004694.parquet,ctrade1-l2-data,raw_l2/trade_date=2026-07-27/exchange=NSE/symbol=MARUTI/part-REDACTED.parquet
2026-07-27,NSE,MARUTI,part-042006_032328-004726.parquet,ctrade1-l2-data,raw_l2/trade_date=2026-07-27/exchange=NSE/symbol=MARUTI/part-REDACTED.parquet
2026-07-27,NSE,MARUTI,part-042020_081773-004758.parquet,ctrade1-l2-data,raw_l2/trade_date=2026-07-27/exchange=NSE/symbol=MARUTI/part-REDACTED.parquet
2026-07-27,NSE,MARUTI,part-042034_362814-004790.parquet,ctrade1-l2-data,raw_l2/trade_date=2026-07-27/exchange=NSE/symbol=MARUTI/part-REDACTED.parquet
2026-07-27,NSE,MARUTI,part-042048_316020-004822.parquet,ctrade1-l2-data,raw_l2/trade_date=2026-07-27/exchange=NSE/symbol=MARUTI/part-REDACTED.parquet
2026-07-27,NSE,MARUTI,part-042102_356262-004854.parquet,ctrade1-l2-data,raw_l2/trade_date=2026-07-27/exchange=NSE/symbol=MARUTI/part-REDACTED.parquet
2026-07-27,NSE,MARUTI,part-042116_691363-004886.parquet,ctrade1-l2-data,raw_l2/trade_date=2026-07-27/exchange=NSE/symbol=MARUTI/part-REDACTED.parquet
2026-07-27,NSE,MARUTI,part-042130_988169-004918.parquet,ctrade1-l2-data,raw_l2/trade_date=2026-07-27/exchange=NSE/symbol=MARUTI/part-REDACTED.parquet
2026-07-27,NSE,MARUTI,part-042145_183616-004950.parquet,ctrade1-l2-data,raw_l2/trade_date=2026-07-27/exchange=NSE/symbol=MARUTI/part-REDACTED.parquet
2026-07-27,NSE,MARUTI,part-042159_593159-004982.parquet,ctrade1-l2-data,raw_l2/trade_date=2026-07-27/exchange=NSE/symbol=MARUTI/part-REDACTED.parquet
2026-07-27,NSE,MARUTI,part-042214_163928-005014.parquet,ctrade1-l2-data,raw_l2/trade_date=2026-07-27/exchange=NSE/symbol=MARUTI/part-REDACTED.parquet
2026-07-27,NSE,MARUTI,part-042228_421919-005046.parquet,ctrade1-l2-data,raw_l2/trade_date=2026-07-27/exchange=NSE/symbol=MARUTI/part-REDACTED.parquet
2026-07-27,NSE,MARUTI,part-042242_799323-005078.parquet,ctrade1-l2-data,raw_l2/trade_date=2026-07-27/exchange=NSE/symbol=MARUTI/part-REDACTED.parquet
2026-07-27,NSE,MARUTI,part-042257_204322-005110.parquet,ctrade1-l2-data,raw_l2/trade_date=2026-07-27/exchange=NSE/symbol=MARUTI/part-REDACTED.parquet
2026-07-27,NSE,MARUTI,part-042311_500498-005142.parquet,ctrade1-l2-data,raw_l2/trade_date=2026-07-27/exchange=NSE/symbol=MARUTI/part-REDACTED.parquet
2026-07-27,NSE,MARUTI,part-042325_804399-005174.parquet,ctrade1-l2-data,raw_l2/trade_date=2026-07-27/exchange=NSE/symbol=MARUTI/part-REDACTED.parquet
2026-07-27,NSE,MARUTI,part-042340_224515-005206.parquet,ctrade1-l2-data,raw_l2/trade_date=2026-07-27/exchange=NSE/symbol=MARUTI/part-REDACTED.parquet
2026-07-27,NSE,MARUTI,part-042354_566137-005238.parquet,ctrade1-l2-data,raw_l2/trade_date=2026-07-27/exchange=NSE/symbol=MARUTI/part-REDACTED.parquet
2026-07-27,NSE,MARUTI,part-042409_057993-005270.parquet,ctrade1-l2-data,raw_l2/trade_date=2026-07-27/exchange=NSE/symbol=MARUTI/part-REDACTED.parquet
2026-07-27,NSE,MARUTI,part-042423_529767-005302.parquet,ctrade1-l2-data,raw_l2/trade_date=2026-07-27/exchange=NSE/symbol=MARUTI/part-REDACTED.parquet
2026-07-27,NSE,MARUTI,part-042438_029947-005334.parquet,ctrade1-l2-data,raw_l2/trade_date=2026-07-27/exchange=NSE/symbol=MARUTI/part-REDACTED.parquet
2026-07-27,NSE,MARUTI,part-042452_236404-005366.parquet,ctrade1-l2-data,raw_l2/trade_date=2026-07-27/exchange=NSE/symbol=MARUTI/part-REDACTED.parquet
2026-07-27,NSE,MARUTI,part-042506_497739-005398.parquet,ctrade1-l2-data,raw_l2/trade_date=2026-07-27/exchange=NSE/symbol=MARUTI/part-REDACTED.parquet
2026-07-27,NSE,MARUTI,part-042520_697705-005430.parquet,ctrade1-l2-data,raw_l2/trade_date=2026-07-27/exchange=NSE/symbol=MARUTI/part-REDACTED.parquet
2026-07-27,NSE,MARUTI,part-042535_082264-005462.parquet,ctrade1-l2-data,raw_l2/trade_date=2026-07-27/exchange=NSE/symbol=MARUTI/part-REDACTED.parquet
2026-07-27,NSE,MARUTI,part-042549_544050-005494.parquet,ctrade1-l2-data,raw_l2/trade_date=2026-07-27/exchange=NSE/symbol=MARUTI/part-REDACTED.parquet
2026-07-27,NSE,MARUTI,part-042604_167822-005526.parquet,ctrade1-l2-data,raw_l2/trade_date=2026-07-27/exchange=NSE/symbol=MARUTI/part-REDACTED.parquet
2026-07-27,NSE,MARUTI,part-042618_770502-005558.parquet,ctrade1-l2-data,raw_l2/trade_date=2026-07-27/exchange=NSE/symbol=MARUTI/part-REDACTED.parquet
2026-07-27,NSE,MARUTI,part-042633_049777-005590.parquet,ctrade1-l2-data,raw_l2/trade_date=2026-07-27/exchange=NSE/symbol=MARUTI/part-REDACTED.parquet
2026-07-27,NSE,MARUTI,part-042647_493053-005622.parquet,ctrade1-l2-data,raw_l2/trade_date=2026-07-27/exchange=NSE/symbol=MARUTI/part-REDACTED.parquet
2026-07-27,NSE,MARUTI,part-042702_057935-005654.parquet,ctrade1-l2-data,raw_l2/trade_date=2026-07-27/exchange=NSE/symbol=MARUTI/part-REDACTED.parquet
2026-07-27,NSE,NESTLEIND,part-034504_202087-000023.parquet,ctrade1-l2-data,raw_l2/trade_date=2026-07-27/exchange=NSE/symbol=NESTLEIND/part-REDACTED.parquet
2026-07-27,NSE,NESTLEIND,part-034518_636250-000055.parquet,ctrade1-l2-data,raw_l2/trade_date=2026-07-27/exchange=NSE/symbol=NESTLEIND/part-REDACTED.parquet
2026-07-27,NSE,NESTLEIND,part-034533_081657-000087.parquet,ctrade1-l2-data,raw_l2/trade_date=2026-07-27/exchange=NSE/symbol=NESTLEIND/part-REDACTED.parquet
2026-07-27,NSE,NESTLEIND,part-034547_246625-000119.parquet,ctrade1-l2-data,raw_l2/trade_date=2026-07-27/exchange=NSE/symbol=NESTLEIND/part-REDACTED.parquet
2026-07-27,NSE,NESTLEIND,part-034601_359622-000151.parquet,ctrade1-l2-data,raw_l2/trade_date=2026-07-27/exchange=NSE/symbol=NESTLEIND/part-REDACTED.parquet
2026-07-27,NSE,NESTLEIND,part-034615_705419-000183.parquet,ctrade1-l2-data,raw_l2/trade_date=2026-07-27/exchange=NSE/symbol=NESTLEIND/part-REDACTED.parquet
2026-07-27,NSE,NESTLEIND,part-034630_057175-000215.parquet,ctrade1-l2-data,raw_l2/trade_date=2026-07-27/exchange=NSE/symbol=NESTLEIND/part-REDACTED.parquet
2026-07-27,NSE,NESTLEIND,part-034644_628303-000247.parquet,ctrade1-l2-data,raw_l2/trade_date=2026-07-27/exchange=NSE/symbol=NESTLEIND/part-REDACTED.parquet
2026-07-27,NSE,NESTLEIND,part-034658_732493-000279.parquet,ctrade1-l2-data,raw_l2/trade_date=2026-07-27/exchange=NSE/symbol=NESTLEIND/part-REDACTED.parquet
2026-07-27,NSE,NESTLEIND,part-034712_779433-000311.parquet,ctrade1-l2-data,raw_l2/trade_date=2026-07-27/exchange=NSE/symbol=NESTLEIND/part-REDACTED.parquet
2026-07-27,NSE,NESTLEIND,part-034726_758395-000343.parquet,ctrade1-l2-data,raw_l2/trade_date=2026-07-27/exchange=NSE/symbol=NESTLEIND/part-REDACTED.parquet
2026-07-27,NSE,NESTLEIND,part-034740_990235-000375.parquet,ctrade1-l2-data,raw_l2/trade_date=2026-07-27/exchange=NSE/symbol=NESTLEIND/part-REDACTED.parquet
2026-07-27,NSE,NESTLEIND,part-034755_089074-000407.parquet,ctrade1-l2-data,raw_l2/trade_date=2026-07-27/exchange=NSE/symbol=NESTLEIND/part-REDACTED.parquet
2026-07-27,NSE,NESTLEIND,part-034809_404154-000439.parquet,ctrade1-l2-data,raw_l2/trade_date=2026-07-27/exchange=NSE/symbol=NESTLEIND/part-REDACTED.parquet
2026-07-27,NSE,NESTLEIND,part-034823_951130-000471.parquet,ctrade1-l2-data,raw_l2/trade_date=2026-07-27/exchange=NSE/symbol=NESTLEIND/part-REDACTED.parquet
2026-07-27,NSE,NESTLEIND,part-034838_369849-000503.parquet,ctrade1-l2-data,raw_l2/trade_date=2026-07-27/exchange=NSE/symbol=NESTLEIND/part-REDACTED.parquet
2026-07-27,NSE,NESTLEIND,part-034852_740274-000535.parquet,ctrade1-l2-data,raw_l2/trade_date=2026-07-27/exchange=NSE/symbol=NESTLEIND/part-REDACTED.parquet
2026-07-27,NSE,NESTLEIND,part-034907_076554-000567.parquet,ctrade1-l2-data,raw_l2/trade_date=2026-07-27/exchange=NSE/symbol=NESTLEIND/part-REDACTED.parquet
2026-07-27,NSE,NESTLEIND,part-034921_505430-000599.parquet,ctrade1-l2-data,raw_l2/trade_date=2026-07-27/exchange=NSE/symbol=NESTLEIND/part-REDACTED.parquet
2026-07-27,NSE,NESTLEIND,part-034935_956752-000631.parquet,ctrade1-l2-data,raw_l2/trade_date=2026-07-27/exchange=NSE/symbol=NESTLEIND/part-REDACTED.parquet
2026-07-27,NSE,NESTLEIND,part-034950_622572-000663.parquet,ctrade1-l2-data,raw_l2/trade_date=2026-07-27/exchange=NSE/symbol=NESTLEIND/part-REDACTED.parquet
2026-07-27,NSE,NESTLEIND,part-035005_127540-000695.parquet,ctrade1-l2-data,raw_l2/trade_date=2026-07-27/exchange=NSE/symbol=NESTLEIND/part-REDACTED.parquet
2026-07-27,NSE,NESTLEIND,part-035019_236780-000727.parquet,ctrade1-l2-data,raw_l2/trade_date=2026-07-27/exchange=NSE/symbol=NESTLEIND/part-REDACTED.parquet
2026-07-27,NSE,NESTLEIND,part-035033_318813-000759.parquet,ctrade1-l2-data,raw_l2/trade_date=2026-07-27/exchange=NSE/symbol=NESTLEIND/part-REDACTED.parquet
2026-07-27,NSE,NESTLEIND,part-035047_546538-000791.parquet,ctrade1-l2-data,raw_l2/trade_date=2026-07-27/exchange=NSE/symbol=NESTLEIND/part-REDACTED.parquet
2026-07-27,NSE,NESTLEIND,part-035101_757325-000823.parquet,ctrade1-l2-data,raw_l2/trade_date=2026-07-27/exchange=NSE/symbol=NESTLEIND/part-REDACTED.parquet
2026-07-27,NSE,NESTLEIND,part-035116_194432-000855.parquet,ctrade1-l2-data,raw_l2/trade_date=2026-07-27/exchange=NSE/symbol=NESTLEIND/part-REDACTED.parquet
2026-07-27,NSE,NESTLEIND,part-035130_512946-000887.parquet,ctrade1-l2-data,raw_l2/trade_date=2026-07-27/exchange=NSE/symbol=NESTLEIND/part-REDACTED.parquet
2026-07-27,NSE,NESTLEIND,part-035144_634563-000919.parquet,ctrade1-l2-data,raw_l2/trade_date=2026-07-27/exchange=NSE/symbol=NESTLEIND/part-REDACTED.parquet
2026-07-27,NSE,NESTLEIND,part-035158_952172-000951.parquet,ctrade1-l2-data,raw_l2/trade_date=2026-07-27/exchange=NSE/symbol=NESTLEIND/part-REDACTED.parquet
2026-07-27,NSE,NESTLEIND,part-035213_126218-000983.parquet,ctrade1-l2-data,raw_l2/trade_date=2026-07-27/exchange=NSE/symbol=NESTLEIND/part-REDACTED.parquet
2026-07-27,NSE,NESTLEIND,part-035227_323406-001015.parquet,ctrade1-l2-data,raw_l2/trade_date=2026-07-27/exchange=NSE/symbol=NESTLEIND/part-REDACTED.parquet
2026-07-27,NSE,NESTLEIND,part-035241_576898-001047.parquet,ctrade1-l2-data,raw_l2/trade_date=2026-07-27/exchange=NSE/symbol=NESTLEIND/part-REDACTED.parquet
2026-07-27,NSE,NESTLEIND,part-035255_921822-001079.parquet,ctrade1-l2-data,raw_l2/trade_date=2026-07-27/exchange=NSE/symbol=NESTLEIND/part-REDACTED.parquet
2026-07-27,NSE,NESTLEIND,part-035310_197403-001111.parquet,ctrade1-l2-data,raw_l2/trade_date=2026-07-27/exchange=NSE/symbol=NESTLEIND/part-REDACTED.parquet
2026-07-27,NSE,NESTLEIND,part-035324_483749-001143.parquet,ctrade1-l2-data,raw_l2/trade_date=2026-07-27/exchange=NSE/symbol=NESTLEIND/part-REDACTED.parquet
2026-07-27,NSE,NESTLEIND,part-035338_961423-001175.parquet,ctrade1-l2-data,raw_l2/trade_date=2026-07-27/exchange=NSE/symbol=NESTLEIND/part-REDACTED.parquet
2026-07-27,NSE,NESTLEIND,part-035353_382903-001207.parquet,ctrade1-l2-data,raw_l2/trade_date=2026-07-27/exchange=NSE/symbol=NESTLEIND/part-REDACTED.parquet
2026-07-27,NSE,NESTLEIND,part-035407_633953-001239.parquet,ctrade1-l2-data,raw_l2/trade_date=2026-07-27/exchange=NSE/symbol=NESTLEIND/part-REDACTED.parquet
2026-07-27,NSE,NESTLEIND,part-035421_753383-001271.parquet,ctrade1-l2-data,raw_l2/trade_date=2026-07-27/exchange=NSE/symbol=NESTLEIND/part-REDACTED.parquet
2026-07-27,NSE,NESTLEIND,part-035435_927433-001303.parquet,ctrade1-l2-data,raw_l2/trade_date=2026-07-27/exchange=NSE/symbol=NESTLEIND/part-REDACTED.parquet
2026-07-27,NSE,NESTLEIND,part-035450_933232-001335.parquet,ctrade1-l2-data,raw_l2/trade_date=2026-07-27/exchange=NSE/symbol=NESTLEIND/part-REDACTED.parquet
2026-07-27,NSE,NESTLEIND,part-035505_290425-001367.parquet,ctrade1-l2-data,raw_l2/trade_date=2026-07-27/exchange=NSE/symbol=NESTLEIND/part-REDACTED.parquet
2026-07-27,NSE,NESTLEIND,part-035519_872592-001399.parquet,ctrade1-l2-data,raw_l2/trade_date=2026-07-27/exchange=NSE/symbol=NESTLEIND/part-REDACTED.parquet
2026-07-27,NSE,NESTLEIND,part-035534_028688-001431.parquet,ctrade1-l2-data,raw_l2/trade_date=2026-07-27/exchange=NSE/symbol=NESTLEIND/part-REDACTED.parquet
2026-07-27,NSE,NESTLEIND,part-035548_523911-001463.parquet,ctrade1-l2-data,raw_l2/trade_date=2026-07-27/exchange=NSE/symbol=NESTLEIND/part-REDACTED.parquet
2026-07-27,NSE,NESTLEIND,part-035603_047488-001495.parquet,ctrade1-l2-data,raw_l2/trade_date=2026-07-27/exchange=NSE/symbol=NESTLEIND/part-REDACTED.parquet
2026-07-27,NSE,NESTLEIND,part-035617_567592-001527.parquet,ctrade1-l2-data,raw_l2/trade_date=2026-07-27/exchange=NSE/symbol=NESTLEIND/part-REDACTED.parquet
2026-07-27,NSE,NESTLEIND,part-035632_108337-001559.parquet,ctrade1-l2-data,raw_l2/trade_date=2026-07-27/exchange=NSE/symbol=NESTLEIND/part-REDACTED.parquet
2026-07-27,NSE,NESTLEIND,part-035646_278801-001591.parquet,ctrade1-l2-data,raw_l2/trade_date=2026-07-27/exchange=NSE/symbol=NESTLEIND/part-REDACTED.parquet
2026-07-27,NSE,NESTLEIND,part-035700_520264-001623.parquet,ctrade1-l2-data,raw_l2/trade_date=2026-07-27/exchange=NSE/symbol=NESTLEIND/part-REDACTED.parquet
2026-07-27,NSE,NESTLEIND,part-035714_806744-001655.parquet,ctrade1-l2-data,raw_l2/trade_date=2026-07-27/exchange=NSE/symbol=NESTLEIND/part-REDACTED.parquet
2026-07-27,NSE,NESTLEIND,part-035729_334186-001687.parquet,ctrade1-l2-data,raw_l2/trade_date=2026-07-27/exchange=NSE/symbol=NESTLEIND/part-REDACTED.parquet
2026-07-27,NSE,NESTLEIND,part-035743_543188-001719.parquet,ctrade1-l2-data,raw_l2/trade_date=2026-07-27/exchange=NSE/symbol=NESTLEIND/part-REDACTED.parquet
2026-07-27,NSE,NESTLEIND,part-035757_843759-001751.parquet,ctrade1-l2-data,raw_l2/trade_date=2026-07-27/exchange=NSE/symbol=NESTLEIND/part-REDACTED.parquet
2026-07-27,NSE,NESTLEIND,part-035812_113539-001783.parquet,ctrade1-l2-data,raw_l2/trade_date=2026-07-27/exchange=NSE/symbol=NESTLEIND/part-REDACTED.parquet
2026-07-27,NSE,NESTLEIND,part-035826_560855-001815.parquet,ctrade1-l2-data,raw_l2/trade_date=2026-07-27/exchange=NSE/symbol=NESTLEIND/part-REDACTED.parquet
2026-07-27,NSE,NESTLEIND,part-035841_028167-001847.parquet,ctrade1-l2-data,raw_l2/trade_date=2026-07-27/exchange=NSE/symbol=NESTLEIND/part-REDACTED.parquet
2026-07-27,NSE,NESTLEIND,part-035855_408740-001879.parquet,ctrade1-l2-data,raw_l2/trade_date=2026-07-27/exchange=NSE/symbol=NESTLEIND/part-REDACTED.parquet
2026-07-27,NSE,NESTLEIND,part-035909_674158-001911.parquet,ctrade1-l2-data,raw_l2/trade_date=2026-07-27/exchange=NSE/symbol=NESTLEIND/part-REDACTED.parquet
2026-07-27,NSE,NESTLEIND,part-035924_227618-001943.parquet,ctrade1-l2-data,raw_l2/trade_date=2026-07-27/exchange=NSE/symbol=NESTLEIND/part-REDACTED.parquet
2026-07-27,NSE,NESTLEIND,part-035938_570201-001975.parquet,ctrade1-l2-data,raw_l2/trade_date=2026-07-27/exchange=NSE/symbol=NESTLEIND/part-REDACTED.parquet
2026-07-27,NSE,NESTLEIND,part-035952_742191-002007.parquet,ctrade1-l2-data,raw_l2/trade_date=2026-07-27/exchange=NSE/symbol=NESTLEIND/part-REDACTED.parquet
2026-07-27,NSE,NESTLEIND,part-040007_505461-002039.parquet,ctrade1-l2-data,raw_l2/trade_date=2026-07-27/exchange=NSE/symbol=NESTLEIND/part-REDACTED.parquet
2026-07-27,NSE,NESTLEIND,part-040021_814797-002071.parquet,ctrade1-l2-data,raw_l2/trade_date=2026-07-27/exchange=NSE/symbol=NESTLEIND/part-REDACTED.parquet
2026-07-27,NSE,NESTLEIND,part-040036_094489-002103.parquet,ctrade1-l2-data,raw_l2/trade_date=2026-07-27/exchange=NSE/symbol=NESTLEIND/part-REDACTED.parquet
2026-07-27,NSE,NESTLEIND,part-040050_514166-002135.parquet,ctrade1-l2-data,raw_l2/trade_date=2026-07-27/exchange=NSE/symbol=NESTLEIND/part-REDACTED.parquet
2026-07-27,NSE,NESTLEIND,part-040105_069652-002167.parquet,ctrade1-l2-data,raw_l2/trade_date=2026-07-27/exchange=NSE/symbol=NESTLEIND/part-REDACTED.parquet
2026-07-27,NSE,NESTLEIND,part-040119_449630-002199.parquet,ctrade1-l2-data,raw_l2/trade_date=2026-07-27/exchange=NSE/symbol=NESTLEIND/part-REDACTED.parquet
2026-07-27,NSE,NESTLEIND,part-040133_749099-002231.parquet,ctrade1-l2-data,raw_l2/trade_date=2026-07-27/exchange=NSE/symbol=NESTLEIND/part-REDACTED.parquet
2026-07-27,NSE,NESTLEIND,part-040148_323179-002263.parquet,ctrade1-l2-data,raw_l2/trade_date=2026-07-27/exchange=NSE/symbol=NESTLEIND/part-REDACTED.parquet
2026-07-27,NSE,NESTLEIND,part-040202_700199-002295.parquet,ctrade1-l2-data,raw_l2/trade_date=2026-07-27/exchange=NSE/symbol=NESTLEIND/part-REDACTED.parquet
2026-07-27,NSE,NESTLEIND,part-040217_164185-002327.parquet,ctrade1-l2-data,raw_l2/trade_date=2026-07-27/exchange=NSE/symbol=NESTLEIND/part-REDACTED.parquet
2026-07-27,NSE,NESTLEIND,part-040232_063252-002359.parquet,ctrade1-l2-data,raw_l2/trade_date=2026-07-27/exchange=NSE/symbol=NESTLEIND/part-REDACTED.parquet
2026-07-27,NSE,NESTLEIND,part-040246_476429-002391.parquet,ctrade1-l2-data,raw_l2/trade_date=2026-07-27/exchange=NSE/symbol=NESTLEIND/part-REDACTED.parquet
2026-07-27,NSE,NESTLEIND,part-040301_279333-002423.parquet,ctrade1-l2-data,raw_l2/trade_date=2026-07-27/exchange=NSE/symbol=NESTLEIND/part-REDACTED.parquet
2026-07-27,NSE,NESTLEIND,part-040315_539014-002455.parquet,ctrade1-l2-data,raw_l2/trade_date=2026-07-27/exchange=NSE/symbol=NESTLEIND/part-REDACTED.parquet
2026-07-27,NSE,NESTLEIND,part-040329_937820-002487.parquet,ctrade1-l2-data,raw_l2/trade_date=2026-07-27/exchange=NSE/symbol=NESTLEIND/part-REDACTED.parquet
2026-07-27,NSE,NESTLEIND,part-040344_340963-002519.parquet,ctrade1-l2-data,raw_l2/trade_date=2026-07-27/exchange=NSE/symbol=NESTLEIND/part-REDACTED.parquet
2026-07-27,NSE,NESTLEIND,part-040359_016130-002551.parquet,ctrade1-l2-data,raw_l2/trade_date=2026-07-27/exchange=NSE/symbol=NESTLEIND/part-REDACTED.parquet
2026-07-27,NSE,NESTLEIND,part-040413_609330-002583.parquet,ctrade1-l2-data,raw_l2/trade_date=2026-07-27/exchange=NSE/symbol=NESTLEIND/part-REDACTED.parquet
2026-07-27,NSE,NESTLEIND,part-040427_861544-002615.parquet,ctrade1-l2-data,raw_l2/trade_date=2026-07-27/exchange=NSE/symbol=NESTLEIND/part-REDACTED.parquet
2026-07-27,NSE,NESTLEIND,part-040442_184390-002647.parquet,ctrade1-l2-data,raw_l2/trade_date=2026-07-27/exchange=NSE/symbol=NESTLEIND/part-REDACTED.parquet
2026-07-27,NSE,NESTLEIND,part-040456_499474-002679.parquet,ctrade1-l2-data,raw_l2/trade_date=2026-07-27/exchange=NSE/symbol=NESTLEIND/part-REDACTED.parquet
2026-07-27,NSE,NESTLEIND,part-040510_931323-002711.parquet,ctrade1-l2-data,raw_l2/trade_date=2026-07-27/exchange=NSE/symbol=NESTLEIND/part-REDACTED.parquet
2026-07-27,NSE,NESTLEIND,part-040525_096361-002743.parquet,ctrade1-l2-data,raw_l2/trade_date=2026-07-27/exchange=NSE/symbol=NESTLEIND/part-REDACTED.parquet
2026-07-27,NSE,NESTLEIND,part-040539_203017-002775.parquet,ctrade1-l2-data,raw_l2/trade_date=2026-07-27/exchange=NSE/symbol=NESTLEIND/part-REDACTED.parquet
2026-07-27,NSE,NESTLEIND,part-040553_345643-002807.parquet,ctrade1-l2-data,raw_l2/trade_date=2026-07-27/exchange=NSE/symbol=NESTLEIND/part-REDACTED.parquet
2026-07-27,NSE,NESTLEIND,part-040607_344936-002839.parquet,ctrade1-l2-data,raw_l2/trade_date=2026-07-27/exchange=NSE/symbol=NESTLEIND/part-REDACTED.parquet
2026-07-27,NSE,NESTLEIND,part-040621_422978-002871.parquet,ctrade1-l2-data,raw_l2/trade_date=2026-07-27/exchange=NSE/symbol=NESTLEIND/part-REDACTED.parquet
2026-07-27,NSE,NESTLEIND,part-040635_453673-002903.parquet,ctrade1-l2-data,raw_l2/trade_date=2026-07-27/exchange=NSE/symbol=NESTLEIND/part-REDACTED.parquet
2026-07-27,NSE,NESTLEIND,part-040649_472294-002935.parquet,ctrade1-l2-data,raw_l2/trade_date=2026-07-27/exchange=NSE/symbol=NESTLEIND/part-REDACTED.parquet
2026-07-27,NSE,NESTLEIND,part-040703_501533-002967.parquet,ctrade1-l2-data,raw_l2/trade_date=2026-07-27/exchange=NSE/symbol=NESTLEIND/part-REDACTED.parquet
2026-07-27,NSE,NESTLEIND,part-040717_898001-002999.parquet,ctrade1-l2-data,raw_l2/trade_date=2026-07-27/exchange=NSE/symbol=NESTLEIND/part-REDACTED.parquet
2026-07-27,NSE,NESTLEIND,part-040732_002703-003031.parquet,ctrade1-l2-data,raw_l2/trade_date=2026-07-27/exchange=NSE/symbol=NESTLEIND/part-REDACTED.parquet
2026-07-27,NSE,NESTLEIND,part-040746_117390-003063.parquet,ctrade1-l2-data,raw_l2/trade_date=2026-07-27/exchange=NSE/symbol=NESTLEIND/part-REDACTED.parquet
2026-07-27,NSE,NESTLEIND,part-040800_882216-003095.parquet,ctrade1-l2-data,raw_l2/trade_date=2026-07-27/exchange=NSE/symbol=NESTLEIND/part-REDACTED.parquet
2026-07-27,NSE,NESTLEIND,part-040815_155972-003127.parquet,ctrade1-l2-data,raw_l2/trade_date=2026-07-27/exchange=NSE/symbol=NESTLEIND/part-REDACTED.parquet
2026-07-27,NSE,NESTLEIND,part-040829_319644-003159.parquet,ctrade1-l2-data,raw_l2/trade_date=2026-07-27/exchange=NSE/symbol=NESTLEIND/part-REDACTED.parquet
2026-07-27,NSE,NESTLEIND,part-040843_487704-003191.parquet,ctrade1-l2-data,raw_l2/trade_date=2026-07-27/exchange=NSE/symbol=NESTLEIND/part-REDACTED.parquet
2026-07-27,NSE,NESTLEIND,part-040857_811713-003223.parquet,ctrade1-l2-data,raw_l2/trade_date=2026-07-27/exchange=NSE/symbol=NESTLEIND/part-REDACTED.parquet
2026-07-27,NSE,NESTLEIND,part-040911_997562-003255.parquet,ctrade1-l2-data,raw_l2/trade_date=2026-07-27/exchange=NSE/symbol=NESTLEIND/part-REDACTED.parquet
2026-07-27,NSE,NESTLEIND,part-040926_099673-003287.parquet,ctrade1-l2-data,raw_l2/trade_date=2026-07-27/exchange=NSE/symbol=NESTLEIND/part-REDACTED.parquet
2026-07-27,NSE,NESTLEIND,part-040940_412690-003319.parquet,ctrade1-l2-data,raw_l2/trade_date=2026-07-27/exchange=NSE/symbol=NESTLEIND/part-REDACTED.parquet
2026-07-27,NSE,NESTLEIND,part-040954_581580-003351.parquet,ctrade1-l2-data,raw_l2/trade_date=2026-07-27/exchange=NSE/symbol=NESTLEIND/part-REDACTED.parquet
2026-07-27,NSE,NESTLEIND,part-041008_767465-003383.parquet,ctrade1-l2-data,raw_l2/trade_date=2026-07-27/exchange=NSE/symbol=NESTLEIND/part-REDACTED.parquet
2026-07-27,NSE,NESTLEIND,part-041023_033372-003415.parquet,ctrade1-l2-data,raw_l2/trade_date=2026-07-27/exchange=NSE/symbol=NESTLEIND/part-REDACTED.parquet
2026-07-27,NSE,NESTLEIND,part-041037_473999-003447.parquet,ctrade1-l2-data,raw_l2/trade_date=2026-07-27/exchange=NSE/symbol=NESTLEIND/part-REDACTED.parquet
2026-07-27,NSE,NESTLEIND,part-041051_646314-003479.parquet,ctrade1-l2-data,raw_l2/trade_date=2026-07-27/exchange=NSE/symbol=NESTLEIND/part-REDACTED.parquet
2026-07-27,NSE,NESTLEIND,part-041105_948028-003511.parquet,ctrade1-l2-data,raw_l2/trade_date=2026-07-27/exchange=NSE/symbol=NESTLEIND/part-REDACTED.parquet
2026-07-27,NSE,NESTLEIND,part-041120_249785-003543.parquet,ctrade1-l2-data,raw_l2/trade_date=2026-07-27/exchange=NSE/symbol=NESTLEIND/part-REDACTED.parquet
2026-07-27,NSE,NESTLEIND,part-041134_405270-003575.parquet,ctrade1-l2-data,raw_l2/trade_date=2026-07-27/exchange=NSE/symbol=NESTLEIND/part-REDACTED.parquet
2026-07-27,NSE,NESTLEIND,part-041148_635038-003607.parquet,ctrade1-l2-data,raw_l2/trade_date=2026-07-27/exchange=NSE/symbol=NESTLEIND/part-REDACTED.parquet
2026-07-27,NSE,NESTLEIND,part-041202_608532-003639.parquet,ctrade1-l2-data,raw_l2/trade_date=2026-07-27/exchange=NSE/symbol=NESTLEIND/part-REDACTED.parquet
2026-07-27,NSE,NESTLEIND,part-041216_638409-003671.parquet,ctrade1-l2-data,raw_l2/trade_date=2026-07-27/exchange=NSE/symbol=NESTLEIND/part-REDACTED.parquet
2026-07-27,NSE,NESTLEIND,part-041231_317817-003703.parquet,ctrade1-l2-data,raw_l2/trade_date=2026-07-27/exchange=NSE/symbol=NESTLEIND/part-REDACTED.parquet
2026-07-27,NSE,NESTLEIND,part-041245_862217-003735.parquet,ctrade1-l2-data,raw_l2/trade_date=2026-07-27/exchange=NSE/symbol=NESTLEIND/part-REDACTED.parquet
2026-07-27,NSE,NESTLEIND,part-041259_852527-003767.parquet,ctrade1-l2-data,raw_l2/trade_date=2026-07-27/exchange=NSE/symbol=NESTLEIND/part-REDACTED.parquet
2026-07-27,NSE,NESTLEIND,part-041314_254797-003799.parquet,ctrade1-l2-data,raw_l2/trade_date=2026-07-27/exchange=NSE/symbol=NESTLEIND/part-REDACTED.parquet
2026-07-27,NSE,NESTLEIND,part-041328_409172-003831.parquet,ctrade1-l2-data,raw_l2/trade_date=2026-07-27/exchange=NSE/symbol=NESTLEIND/part-REDACTED.parquet
2026-07-27,NSE,NESTLEIND,part-041342_445164-003863.parquet,ctrade1-l2-data,raw_l2/trade_date=2026-07-27/exchange=NSE/symbol=NESTLEIND/part-REDACTED.parquet
2026-07-27,NSE,NESTLEIND,part-041356_463023-003895.parquet,ctrade1-l2-data,raw_l2/trade_date=2026-07-27/exchange=NSE/symbol=NESTLEIND/part-REDACTED.parquet
2026-07-27,NSE,NESTLEIND,part-041410_500003-003927.parquet,ctrade1-l2-data,raw_l2/trade_date=2026-07-27/exchange=NSE/symbol=NESTLEIND/part-REDACTED.parquet
2026-07-27,NSE,NESTLEIND,part-041424_426356-003959.parquet,ctrade1-l2-data,raw_l2/trade_date=2026-07-27/exchange=NSE/symbol=NESTLEIND/part-REDACTED.parquet
2026-07-27,NSE,NESTLEIND,part-041438_457852-003991.parquet,ctrade1-l2-data,raw_l2/trade_date=2026-07-27/exchange=NSE/symbol=NESTLEIND/part-REDACTED.parquet
2026-07-27,NSE,NESTLEIND,part-041452_457502-004023.parquet,ctrade1-l2-data,raw_l2/trade_date=2026-07-27/exchange=NSE/symbol=NESTLEIND/part-REDACTED.parquet
2026-07-27,NSE,NESTLEIND,part-041506_512922-004055.parquet,ctrade1-l2-data,raw_l2/trade_date=2026-07-27/exchange=NSE/symbol=NESTLEIND/part-REDACTED.parquet
2026-07-27,NSE,NESTLEIND,part-041520_481922-004087.parquet,ctrade1-l2-data,raw_l2/trade_date=2026-07-27/exchange=NSE/symbol=NESTLEIND/part-REDACTED.parquet
2026-07-27,NSE,NESTLEIND,part-041534_836862-004119.parquet,ctrade1-l2-data,raw_l2/trade_date=2026-07-27/exchange=NSE/symbol=NESTLEIND/part-REDACTED.parquet
2026-07-27,NSE,NESTLEIND,part-041549_181970-004151.parquet,ctrade1-l2-data,raw_l2/trade_date=2026-07-27/exchange=NSE/symbol=NESTLEIND/part-REDACTED.parquet
2026-07-27,NSE,NESTLEIND,part-041603_300233-004183.parquet,ctrade1-l2-data,raw_l2/trade_date=2026-07-27/exchange=NSE/symbol=NESTLEIND/part-REDACTED.parquet
2026-07-27,NSE,NESTLEIND,part-041617_449521-004215.parquet,ctrade1-l2-data,raw_l2/trade_date=2026-07-27/exchange=NSE/symbol=NESTLEIND/part-REDACTED.parquet
2026-07-27,NSE,NESTLEIND,part-041633_118503-004247.parquet,ctrade1-l2-data,raw_l2/trade_date=2026-07-27/exchange=NSE/symbol=NESTLEIND/part-REDACTED.parquet
2026-07-27,NSE,NESTLEIND,part-041648_212268-004279.parquet,ctrade1-l2-data,raw_l2/trade_date=2026-07-27/exchange=NSE/symbol=NESTLEIND/part-REDACTED.parquet
2026-07-27,NSE,NESTLEIND,part-041702_192479-004311.parquet,ctrade1-l2-data,raw_l2/trade_date=2026-07-27/exchange=NSE/symbol=NESTLEIND/part-REDACTED.parquet
2026-07-27,NSE,NESTLEIND,part-041716_355963-004343.parquet,ctrade1-l2-data,raw_l2/trade_date=2026-07-27/exchange=NSE/symbol=NESTLEIND/part-REDACTED.parquet
2026-07-27,NSE,NESTLEIND,part-041730_824358-004375.parquet,ctrade1-l2-data,raw_l2/trade_date=2026-07-27/exchange=NSE/symbol=NESTLEIND/part-REDACTED.parquet
2026-07-27,NSE,NESTLEIND,part-041745_080618-004407.parquet,ctrade1-l2-data,raw_l2/trade_date=2026-07-27/exchange=NSE/symbol=NESTLEIND/part-REDACTED.parquet
2026-07-27,NSE,NESTLEIND,part-041759_508023-004439.parquet,ctrade1-l2-data,raw_l2/trade_date=2026-07-27/exchange=NSE/symbol=NESTLEIND/part-REDACTED.parquet
2026-07-27,NSE,NESTLEIND,part-041813_763254-004471.parquet,ctrade1-l2-data,raw_l2/trade_date=2026-07-27/exchange=NSE/symbol=NESTLEIND/part-REDACTED.parquet
2026-07-27,NSE,NESTLEIND,part-041827_808097-004503.parquet,ctrade1-l2-data,raw_l2/trade_date=2026-07-27/exchange=NSE/symbol=NESTLEIND/part-REDACTED.parquet
2026-07-27,NSE,NESTLEIND,part-041841_819816-004535.parquet,ctrade1-l2-data,raw_l2/trade_date=2026-07-27/exchange=NSE/symbol=NESTLEIND/part-REDACTED.parquet
2026-07-27,NSE,NESTLEIND,part-041855_936228-004567.parquet,ctrade1-l2-data,raw_l2/trade_date=2026-07-27/exchange=NSE/symbol=NESTLEIND/part-REDACTED.parquet
2026-07-27,NSE,NESTLEIND,part-041909_994999-004599.parquet,ctrade1-l2-data,raw_l2/trade_date=2026-07-27/exchange=NSE/symbol=NESTLEIND/part-REDACTED.parquet
2026-07-27,NSE,NESTLEIND,part-041923_986930-004631.parquet,ctrade1-l2-data,raw_l2/trade_date=2026-07-27/exchange=NSE/symbol=NESTLEIND/part-REDACTED.parquet
2026-07-27,NSE,NESTLEIND,part-041937_886162-004663.parquet,ctrade1-l2-data,raw_l2/trade_date=2026-07-27/exchange=NSE/symbol=NESTLEIND/part-REDACTED.parquet
2026-07-27,NSE,NESTLEIND,part-041951_943195-004695.parquet,ctrade1-l2-data,raw_l2/trade_date=2026-07-27/exchange=NSE/symbol=NESTLEIND/part-REDACTED.parquet
2026-07-27,NSE,NESTLEIND,part-042006_167587-004727.parquet,ctrade1-l2-data,raw_l2/trade_date=2026-07-27/exchange=NSE/symbol=NESTLEIND/part-REDACTED.parquet
2026-07-27,NSE,NESTLEIND,part-042020_212002-004759.parquet,ctrade1-l2-data,raw_l2/trade_date=2026-07-27/exchange=NSE/symbol=NESTLEIND/part-REDACTED.parquet
2026-07-27,NSE,NESTLEIND,part-042034_483417-004791.parquet,ctrade1-l2-data,raw_l2/trade_date=2026-07-27/exchange=NSE/symbol=NESTLEIND/part-REDACTED.parquet
2026-07-27,NSE,NESTLEIND,part-042048_430185-004823.parquet,ctrade1-l2-data,raw_l2/trade_date=2026-07-27/exchange=NSE/symbol=NESTLEIND/part-REDACTED.parquet
2026-07-27,NSE,NESTLEIND,part-042102_473078-004855.parquet,ctrade1-l2-data,raw_l2/trade_date=2026-07-27/exchange=NSE/symbol=NESTLEIND/part-REDACTED.parquet
2026-07-27,NSE,NESTLEIND,part-042116_832618-004887.parquet,ctrade1-l2-data,raw_l2/trade_date=2026-07-27/exchange=NSE/symbol=NESTLEIND/part-REDACTED.parquet
2026-07-27,NSE,NESTLEIND,part-042131_109595-004919.parquet,ctrade1-l2-data,raw_l2/trade_date=2026-07-27/exchange=NSE/symbol=NESTLEIND/part-REDACTED.parquet
2026-07-27,NSE,NESTLEIND,part-042145_305982-004951.parquet,ctrade1-l2-data,raw_l2/trade_date=2026-07-27/exchange=NSE/symbol=NESTLEIND/part-REDACTED.parquet
2026-07-27,NSE,NESTLEIND,part-042159_731655-004983.parquet,ctrade1-l2-data,raw_l2/trade_date=2026-07-27/exchange=NSE/symbol=NESTLEIND/part-REDACTED.parquet
2026-07-27,NSE,NESTLEIND,part-042214_280439-005015.parquet,ctrade1-l2-data,raw_l2/trade_date=2026-07-27/exchange=NSE/symbol=NESTLEIND/part-REDACTED.parquet
2026-07-27,NSE,NESTLEIND,part-042228_548754-005047.parquet,ctrade1-l2-data,raw_l2/trade_date=2026-07-27/exchange=NSE/symbol=NESTLEIND/part-REDACTED.parquet
2026-07-27,NSE,NESTLEIND,part-042242_921480-005079.parquet,ctrade1-l2-data,raw_l2/trade_date=2026-07-27/exchange=NSE/symbol=NESTLEIND/part-REDACTED.parquet
2026-07-27,NSE,NESTLEIND,part-042257_325662-005111.parquet,ctrade1-l2-data,raw_l2/trade_date=2026-07-27/exchange=NSE/symbol=NESTLEIND/part-REDACTED.parquet
2026-07-27,NSE,NESTLEIND,part-042311_621219-005143.parquet,ctrade1-l2-data,raw_l2/trade_date=2026-07-27/exchange=NSE/symbol=NESTLEIND/part-REDACTED.parquet
2026-07-27,NSE,NESTLEIND,part-042325_926301-005175.parquet,ctrade1-l2-data,raw_l2/trade_date=2026-07-27/exchange=NSE/symbol=NESTLEIND/part-REDACTED.parquet
2026-07-27,NSE,NESTLEIND,part-042340_348970-005207.parquet,ctrade1-l2-data,raw_l2/trade_date=2026-07-27/exchange=NSE/symbol=NESTLEIND/part-REDACTED.parquet
2026-07-27,NSE,NESTLEIND,part-042354_691582-005239.parquet,ctrade1-l2-data,raw_l2/trade_date=2026-07-27/exchange=NSE/symbol=NESTLEIND/part-REDACTED.parquet
2026-07-27,NSE,NESTLEIND,part-042409_185149-005271.parquet,ctrade1-l2-data,raw_l2/trade_date=2026-07-27/exchange=NSE/symbol=NESTLEIND/part-REDACTED.parquet
2026-07-27,NSE,NESTLEIND,part-042423_664057-005303.parquet,ctrade1-l2-data,raw_l2/trade_date=2026-07-27/exchange=NSE/symbol=NESTLEIND/part-REDACTED.parquet
2026-07-27,NSE,NESTLEIND,part-042438_167488-005335.parquet,ctrade1-l2-data,raw_l2/trade_date=2026-07-27/exchange=NSE/symbol=NESTLEIND/part-REDACTED.parquet
2026-07-27,NSE,NESTLEIND,part-042452_361469-005367.parquet,ctrade1-l2-data,raw_l2/trade_date=2026-07-27/exchange=NSE/symbol=NESTLEIND/part-REDACTED.parquet
2026-07-27,NSE,NESTLEIND,part-042506_615802-005399.parquet,ctrade1-l2-data,raw_l2/trade_date=2026-07-27/exchange=NSE/symbol=NESTLEIND/part-REDACTED.parquet
2026-07-27,NSE,NESTLEIND,part-042520_825919-005431.parquet,ctrade1-l2-data,raw_l2/trade_date=2026-07-27/exchange=NSE/symbol=NESTLEIND/part-REDACTED.parquet
2026-07-27,NSE,NESTLEIND,part-042535_204520-005463.parquet,ctrade1-l2-data,raw_l2/trade_date=2026-07-27/exchange=NSE/symbol=NESTLEIND/part-REDACTED.parquet
2026-07-27,NSE,NESTLEIND,part-042549_669660-005495.parquet,ctrade1-l2-data,raw_l2/trade_date=2026-07-27/exchange=NSE/symbol=NESTLEIND/part-REDACTED.parquet
2026-07-27,NSE,NESTLEIND,part-042604_307496-005527.parquet,ctrade1-l2-data,raw_l2/trade_date=2026-07-27/exchange=NSE/symbol=NESTLEIND/part-REDACTED.parquet
2026-07-27,NSE,NESTLEIND,part-042618_893580-005559.parquet,ctrade1-l2-data,raw_l2/trade_date=2026-07-27/exchange=NSE/symbol=NESTLEIND/part-REDACTED.parquet
2026-07-27,NSE,NESTLEIND,part-042633_172331-005591.parquet,ctrade1-l2-data,raw_l2/trade_date=2026-07-27/exchange=NSE/symbol=NESTLEIND/part-REDACTED.parquet
2026-07-27,NSE,NESTLEIND,part-042647_631502-005623.parquet,ctrade1-l2-data,raw_l2/trade_date=2026-07-27/exchange=NSE/symbol=NESTLEIND/part-REDACTED.parquet
2026-07-27,NSE,NESTLEIND,part-042702_218504-005655.parquet,ctrade1-l2-data,raw_l2/trade_date=2026-07-27/exchange=NSE/symbol=NESTLEIND/part-REDACTED.parquet
2026-07-27,NSE,NIFTYBEES,part-034504_341975-000024.parquet,ctrade1-l2-data,raw_l2/trade_date=2026-07-27/exchange=NSE/symbol=NIFTYBEES/part-REDACTED.parquet
2026-07-27,NSE,NIFTYBEES,part-034518_762550-000056.parquet,ctrade1-l2-data,raw_l2/trade_date=2026-07-27/exchange=NSE/symbol=NIFTYBEES/part-REDACTED.parquet
2026-07-27,NSE,NIFTYBEES,part-034533_236373-000088.parquet,ctrade1-l2-data,raw_l2/trade_date=2026-07-27/exchange=NSE/symbol=NIFTYBEES/part-REDACTED.parquet
2026-07-27,NSE,NIFTYBEES,part-034547_380407-000120.parquet,ctrade1-l2-data,raw_l2/trade_date=2026-07-27/exchange=NSE/symbol=NIFTYBEES/part-REDACTED.parquet
2026-07-27,NSE,NIFTYBEES,part-034601_478860-000152.parquet,ctrade1-l2-data,raw_l2/trade_date=2026-07-27/exchange=NSE/symbol=NIFTYBEES/part-REDACTED.parquet
2026-07-27,NSE,NIFTYBEES,part-034615_865470-000184.parquet,ctrade1-l2-data,raw_l2/trade_date=2026-07-27/exchange=NSE/symbol=NIFTYBEES/part-REDACTED.parquet
2026-07-27,NSE,NIFTYBEES,part-034630_177264-000216.parquet,ctrade1-l2-data,raw_l2/trade_date=2026-07-27/exchange=NSE/symbol=NIFTYBEES/part-REDACTED.parquet
2026-07-27,NSE,NIFTYBEES,part-034644_803806-000248.parquet,ctrade1-l2-data,raw_l2/trade_date=2026-07-27/exchange=NSE/symbol=NIFTYBEES/part-REDACTED.parquet
2026-07-27,NSE,NIFTYBEES,part-034658_871113-000280.parquet,ctrade1-l2-data,raw_l2/trade_date=2026-07-27/exchange=NSE/symbol=NIFTYBEES/part-REDACTED.parquet
2026-07-27,NSE,NIFTYBEES,part-034712_896185-000312.parquet,ctrade1-l2-data,raw_l2/trade_date=2026-07-27/exchange=NSE/symbol=NIFTYBEES/part-REDACTED.parquet
2026-07-27,NSE,NIFTYBEES,part-034726_888246-000344.parquet,ctrade1-l2-data,raw_l2/trade_date=2026-07-27/exchange=NSE/symbol=NIFTYBEES/part-REDACTED.parquet
2026-07-27,NSE,NIFTYBEES,part-034741_112765-000376.parquet,ctrade1-l2-data,raw_l2/trade_date=2026-07-27/exchange=NSE/symbol=NIFTYBEES/part-REDACTED.parquet
2026-07-27,NSE,NIFTYBEES,part-034755_208493-000408.parquet,ctrade1-l2-data,raw_l2/trade_date=2026-07-27/exchange=NSE/symbol=NIFTYBEES/part-REDACTED.parquet
2026-07-27,NSE,NIFTYBEES,part-034809_527066-000440.parquet,ctrade1-l2-data,raw_l2/trade_date=2026-07-27/exchange=NSE/symbol=NIFTYBEES/part-REDACTED.parquet
2026-07-27,NSE,NIFTYBEES,part-034824_083099-000472.parquet,ctrade1-l2-data,raw_l2/trade_date=2026-07-27/exchange=NSE/symbol=NIFTYBEES/part-REDACTED.parquet
2026-07-27,NSE,NIFTYBEES,part-034838_526503-000504.parquet,ctrade1-l2-data,raw_l2/trade_date=2026-07-27/exchange=NSE/symbol=NIFTYBEES/part-REDACTED.parquet
2026-07-27,NSE,NIFTYBEES,part-034852_894486-000536.parquet,ctrade1-l2-data,raw_l2/trade_date=2026-07-27/exchange=NSE/symbol=NIFTYBEES/part-REDACTED.parquet
2026-07-27,NSE,NIFTYBEES,part-034907_198155-000568.parquet,ctrade1-l2-data,raw_l2/trade_date=2026-07-27/exchange=NSE/symbol=NIFTYBEES/part-REDACTED.parquet
2026-07-27,NSE,NIFTYBEES,part-034921_663272-000600.parquet,ctrade1-l2-data,raw_l2/trade_date=2026-07-27/exchange=NSE/symbol=NIFTYBEES/part-REDACTED.parquet
2026-07-27,NSE,NIFTYBEES,part-034936_118219-000632.parquet,ctrade1-l2-data,raw_l2/trade_date=2026-07-27/exchange=NSE/symbol=NIFTYBEES/part-REDACTED.parquet
2026-07-27,NSE,NIFTYBEES,part-034950_776155-000664.parquet,ctrade1-l2-data,raw_l2/trade_date=2026-07-27/exchange=NSE/symbol=NIFTYBEES/part-REDACTED.parquet
2026-07-27,NSE,NIFTYBEES,part-035005_247080-000696.parquet,ctrade1-l2-data,raw_l2/trade_date=2026-07-27/exchange=NSE/symbol=NIFTYBEES/part-REDACTED.parquet
2026-07-27,NSE,NIFTYBEES,part-035019_370651-000728.parquet,ctrade1-l2-data,raw_l2/trade_date=2026-07-27/exchange=NSE/symbol=NIFTYBEES/part-REDACTED.parquet
2026-07-27,NSE,NIFTYBEES,part-035033_437416-000760.parquet,ctrade1-l2-data,raw_l2/trade_date=2026-07-27/exchange=NSE/symbol=NIFTYBEES/part-REDACTED.parquet
2026-07-27,NSE,NIFTYBEES,part-035047_672190-000792.parquet,ctrade1-l2-data,raw_l2/trade_date=2026-07-27/exchange=NSE/symbol=NIFTYBEES/part-REDACTED.parquet
2026-07-27,NSE,NIFTYBEES,part-035101_878853-000824.parquet,ctrade1-l2-data,raw_l2/trade_date=2026-07-27/exchange=NSE/symbol=NIFTYBEES/part-REDACTED.parquet
2026-07-27,NSE,NIFTYBEES,part-035116_329596-000856.parquet,ctrade1-l2-data,raw_l2/trade_date=2026-07-27/exchange=NSE/symbol=NIFTYBEES/part-REDACTED.parquet
2026-07-27,NSE,NIFTYBEES,part-035130_647635-000888.parquet,ctrade1-l2-data,raw_l2/trade_date=2026-07-27/exchange=NSE/symbol=NIFTYBEES/part-REDACTED.parquet
2026-07-27,NSE,NIFTYBEES,part-035144_747899-000920.parquet,ctrade1-l2-data,raw_l2/trade_date=2026-07-27/exchange=NSE/symbol=NIFTYBEES/part-REDACTED.parquet
2026-07-27,NSE,NIFTYBEES,part-035159_081433-000952.parquet,ctrade1-l2-data,raw_l2/trade_date=2026-07-27/exchange=NSE/symbol=NIFTYBEES/part-REDACTED.parquet
2026-07-27,NSE,NIFTYBEES,part-035213_263472-000984.parquet,ctrade1-l2-data,raw_l2/trade_date=2026-07-27/exchange=NSE/symbol=NIFTYBEES/part-REDACTED.parquet
2026-07-27,NSE,NIFTYBEES,part-035227_446547-001016.parquet,ctrade1-l2-data,raw_l2/trade_date=2026-07-27/exchange=NSE/symbol=NIFTYBEES/part-REDACTED.parquet
2026-07-27,NSE,NIFTYBEES,part-035241_699709-001048.parquet,ctrade1-l2-data,raw_l2/trade_date=2026-07-27/exchange=NSE/symbol=NIFTYBEES/part-REDACTED.parquet
2026-07-27,NSE,NIFTYBEES,part-035256_052515-001080.parquet,ctrade1-l2-data,raw_l2/trade_date=2026-07-27/exchange=NSE/symbol=NIFTYBEES/part-REDACTED.parquet
2026-07-27,NSE,NIFTYBEES,part-035310_333058-001112.parquet,ctrade1-l2-data,raw_l2/trade_date=2026-07-27/exchange=NSE/symbol=NIFTYBEES/part-REDACTED.parquet
2026-07-27,NSE,NIFTYBEES,part-035324_620701-001144.parquet,ctrade1-l2-data,raw_l2/trade_date=2026-07-27/exchange=NSE/symbol=NIFTYBEES/part-REDACTED.parquet
2026-07-27,NSE,NIFTYBEES,part-035339_089888-001176.parquet,ctrade1-l2-data,raw_l2/trade_date=2026-07-27/exchange=NSE/symbol=NIFTYBEES/part-REDACTED.parquet
2026-07-27,NSE,NIFTYBEES,part-035353_512365-001208.parquet,ctrade1-l2-data,raw_l2/trade_date=2026-07-27/exchange=NSE/symbol=NIFTYBEES/part-REDACTED.parquet
2026-07-27,NSE,NIFTYBEES,part-035407_753798-001240.parquet,ctrade1-l2-data,raw_l2/trade_date=2026-07-27/exchange=NSE/symbol=NIFTYBEES/part-REDACTED.parquet
2026-07-27,NSE,NIFTYBEES,part-035421_872989-001272.parquet,ctrade1-l2-data,raw_l2/trade_date=2026-07-27/exchange=NSE/symbol=NIFTYBEES/part-REDACTED.parquet
2026-07-27,NSE,NIFTYBEES,part-035436_044241-001304.parquet,ctrade1-l2-data,raw_l2/trade_date=2026-07-27/exchange=NSE/symbol=NIFTYBEES/part-REDACTED.parquet
2026-07-27,NSE,NIFTYBEES,part-035451_060063-001336.parquet,ctrade1-l2-data,raw_l2/trade_date=2026-07-27/exchange=NSE/symbol=NIFTYBEES/part-REDACTED.parquet
2026-07-27,NSE,NIFTYBEES,part-035505_414234-001368.parquet,ctrade1-l2-data,raw_l2/trade_date=2026-07-27/exchange=NSE/symbol=NIFTYBEES/part-REDACTED.parquet
2026-07-27,NSE,NIFTYBEES,part-035519_994783-001400.parquet,ctrade1-l2-data,raw_l2/trade_date=2026-07-27/exchange=NSE/symbol=NIFTYBEES/part-REDACTED.parquet
2026-07-27,NSE,NIFTYBEES,part-035534_158475-001432.parquet,ctrade1-l2-data,raw_l2/trade_date=2026-07-27/exchange=NSE/symbol=NIFTYBEES/part-REDACTED.parquet
2026-07-27,NSE,NIFTYBEES,part-035548_638345-001464.parquet,ctrade1-l2-data,raw_l2/trade_date=2026-07-27/exchange=NSE/symbol=NIFTYBEES/part-REDACTED.parquet
2026-07-27,NSE,NIFTYBEES,part-035603_201797-001496.parquet,ctrade1-l2-data,raw_l2/trade_date=2026-07-27/exchange=NSE/symbol=NIFTYBEES/part-REDACTED.parquet
2026-07-27,NSE,NIFTYBEES,part-035617_689231-001528.parquet,ctrade1-l2-data,raw_l2/trade_date=2026-07-27/exchange=NSE/symbol=NIFTYBEES/part-REDACTED.parquet
2026-07-27,NSE,NIFTYBEES,part-035632_240218-001560.parquet,ctrade1-l2-data,raw_l2/trade_date=2026-07-27/exchange=NSE/symbol=NIFTYBEES/part-REDACTED.parquet
2026-07-27,NSE,NIFTYBEES,part-035646_412327-001592.parquet,ctrade1-l2-data,raw_l2/trade_date=2026-07-27/exchange=NSE/symbol=NIFTYBEES/part-REDACTED.parquet
2026-07-27,NSE,NIFTYBEES,part-035700_642330-001624.parquet,ctrade1-l2-data,raw_l2/trade_date=2026-07-27/exchange=NSE/symbol=NIFTYBEES/part-REDACTED.parquet
2026-07-27,NSE,NIFTYBEES,part-035714_936129-001656.parquet,ctrade1-l2-data,raw_l2/trade_date=2026-07-27/exchange=NSE/symbol=NIFTYBEES/part-REDACTED.parquet
2026-07-27,NSE,NIFTYBEES,part-035729_459777-001688.parquet,ctrade1-l2-data,raw_l2/trade_date=2026-07-27/exchange=NSE/symbol=NIFTYBEES/part-REDACTED.parquet
2026-07-27,NSE,NIFTYBEES,part-035743_800061-001720.parquet,ctrade1-l2-data,raw_l2/trade_date=2026-07-27/exchange=NSE/symbol=NIFTYBEES/part-REDACTED.parquet
2026-07-27,NSE,NIFTYBEES,part-035757_974535-001752.parquet,ctrade1-l2-data,raw_l2/trade_date=2026-07-27/exchange=NSE/symbol=NIFTYBEES/part-REDACTED.parquet
2026-07-27,NSE,NIFTYBEES,part-035812_246087-001784.parquet,ctrade1-l2-data,raw_l2/trade_date=2026-07-27/exchange=NSE/symbol=NIFTYBEES/part-REDACTED.parquet
2026-07-27,NSE,NIFTYBEES,part-035826_690387-001816.parquet,ctrade1-l2-data,raw_l2/trade_date=2026-07-27/exchange=NSE/symbol=NIFTYBEES/part-REDACTED.parquet
2026-07-27,NSE,NIFTYBEES,part-035841_177269-001848.parquet,ctrade1-l2-data,raw_l2/trade_date=2026-07-27/exchange=NSE/symbol=NIFTYBEES/part-REDACTED.parquet
2026-07-27,NSE,NIFTYBEES,part-035855_563824-001880.parquet,ctrade1-l2-data,raw_l2/trade_date=2026-07-27/exchange=NSE/symbol=NIFTYBEES/part-REDACTED.parquet
2026-07-27,NSE,NIFTYBEES,part-035909_809678-001912.parquet,ctrade1-l2-data,raw_l2/trade_date=2026-07-27/exchange=NSE/symbol=NIFTYBEES/part-REDACTED.parquet
2026-07-27,NSE,NIFTYBEES,part-035924_360017-001944.parquet,ctrade1-l2-data,raw_l2/trade_date=2026-07-27/exchange=NSE/symbol=NIFTYBEES/part-REDACTED.parquet
2026-07-27,NSE,NIFTYBEES,part-035938_697772-001976.parquet,ctrade1-l2-data,raw_l2/trade_date=2026-07-27/exchange=NSE/symbol=NIFTYBEES/part-REDACTED.parquet
2026-07-27,NSE,NIFTYBEES,part-035952_857265-002008.parquet,ctrade1-l2-data,raw_l2/trade_date=2026-07-27/exchange=NSE/symbol=NIFTYBEES/part-REDACTED.parquet
2026-07-27,NSE,NIFTYBEES,part-040007_635973-002040.parquet,ctrade1-l2-data,raw_l2/trade_date=2026-07-27/exchange=NSE/symbol=NIFTYBEES/part-REDACTED.parquet
2026-07-27,NSE,NIFTYBEES,part-040021_941730-002072.parquet,ctrade1-l2-data,raw_l2/trade_date=2026-07-27/exchange=NSE/symbol=NIFTYBEES/part-REDACTED.parquet
2026-07-27,NSE,NIFTYBEES,part-040036_210080-002104.parquet,ctrade1-l2-data,raw_l2/trade_date=2026-07-27/exchange=NSE/symbol=NIFTYBEES/part-REDACTED.parquet
2026-07-27,NSE,NIFTYBEES,part-040050_680309-002136.parquet,ctrade1-l2-data,raw_l2/trade_date=2026-07-27/exchange=NSE/symbol=NIFTYBEES/part-REDACTED.parquet
2026-07-27,NSE,NIFTYBEES,part-040105_236761-002168.parquet,ctrade1-l2-data,raw_l2/trade_date=2026-07-27/exchange=NSE/symbol=NIFTYBEES/part-REDACTED.parquet
2026-07-27,NSE,NIFTYBEES,part-040119_584123-002200.parquet,ctrade1-l2-data,raw_l2/trade_date=2026-07-27/exchange=NSE/symbol=NIFTYBEES/part-REDACTED.parquet
2026-07-27,NSE,NIFTYBEES,part-040133_881676-002232.parquet,ctrade1-l2-data,raw_l2/trade_date=2026-07-27/exchange=NSE/symbol=NIFTYBEES/part-REDACTED.parquet
2026-07-27,NSE,NIFTYBEES,part-040148_444813-002264.parquet,ctrade1-l2-data,raw_l2/trade_date=2026-07-27/exchange=NSE/symbol=NIFTYBEES/part-REDACTED.parquet
2026-07-27,NSE,NIFTYBEES,part-040202_842725-002296.parquet,ctrade1-l2-data,raw_l2/trade_date=2026-07-27/exchange=NSE/symbol=NIFTYBEES/part-REDACTED.parquet
2026-07-27,NSE,NIFTYBEES,part-040217_340919-002328.parquet,ctrade1-l2-data,raw_l2/trade_date=2026-07-27/exchange=NSE/symbol=NIFTYBEES/part-REDACTED.parquet
2026-07-27,NSE,NIFTYBEES,part-040232_181895-002360.parquet,ctrade1-l2-data,raw_l2/trade_date=2026-07-27/exchange=NSE/symbol=NIFTYBEES/part-REDACTED.parquet
2026-07-27,NSE,NIFTYBEES,part-040246_657864-002392.parquet,ctrade1-l2-data,raw_l2/trade_date=2026-07-27/exchange=NSE/symbol=NIFTYBEES/part-REDACTED.parquet
2026-07-27,NSE,NIFTYBEES,part-040301_396431-002424.parquet,ctrade1-l2-data,raw_l2/trade_date=2026-07-27/exchange=NSE/symbol=NIFTYBEES/part-REDACTED.parquet
2026-07-27,NSE,NIFTYBEES,part-040315_653640-002456.parquet,ctrade1-l2-data,raw_l2/trade_date=2026-07-27/exchange=NSE/symbol=NIFTYBEES/part-REDACTED.parquet
2026-07-27,NSE,NIFTYBEES,part-040330_090758-002488.parquet,ctrade1-l2-data,raw_l2/trade_date=2026-07-27/exchange=NSE/symbol=NIFTYBEES/part-REDACTED.parquet
2026-07-27,NSE,NIFTYBEES,part-040344_497725-002520.parquet,ctrade1-l2-data,raw_l2/trade_date=2026-07-27/exchange=NSE/symbol=NIFTYBEES/part-REDACTED.parquet
2026-07-27,NSE,NIFTYBEES,part-040359_205771-002552.parquet,ctrade1-l2-data,raw_l2/trade_date=2026-07-27/exchange=NSE/symbol=NIFTYBEES/part-REDACTED.parquet
2026-07-27,NSE,NIFTYBEES,part-040413_781327-002584.parquet,ctrade1-l2-data,raw_l2/trade_date=2026-07-27/exchange=NSE/symbol=NIFTYBEES/part-REDACTED.parquet
2026-07-27,NSE,NIFTYBEES,part-040427_982726-002616.parquet,ctrade1-l2-data,raw_l2/trade_date=2026-07-27/exchange=NSE/symbol=NIFTYBEES/part-REDACTED.parquet
2026-07-27,NSE,NIFTYBEES,part-040442_332805-002648.parquet,ctrade1-l2-data,raw_l2/trade_date=2026-07-27/exchange=NSE/symbol=NIFTYBEES/part-REDACTED.parquet
2026-07-27,NSE,NIFTYBEES,part-040456_614923-002680.parquet,ctrade1-l2-data,raw_l2/trade_date=2026-07-27/exchange=NSE/symbol=NIFTYBEES/part-REDACTED.parquet
2026-07-27,NSE,NIFTYBEES,part-040511_098187-002712.parquet,ctrade1-l2-data,raw_l2/trade_date=2026-07-27/exchange=NSE/symbol=NIFTYBEES/part-REDACTED.parquet
2026-07-27,NSE,NIFTYBEES,part-040525_218754-002744.parquet,ctrade1-l2-data,raw_l2/trade_date=2026-07-27/exchange=NSE/symbol=NIFTYBEES/part-REDACTED.parquet
2026-07-27,NSE,NIFTYBEES,part-040539_345493-002776.parquet,ctrade1-l2-data,raw_l2/trade_date=2026-07-27/exchange=NSE/symbol=NIFTYBEES/part-REDACTED.parquet
2026-07-27,NSE,NIFTYBEES,part-040553_472858-002808.parquet,ctrade1-l2-data,raw_l2/trade_date=2026-07-27/exchange=NSE/symbol=NIFTYBEES/part-REDACTED.parquet
2026-07-27,NSE,NIFTYBEES,part-040607_480693-002840.parquet,ctrade1-l2-data,raw_l2/trade_date=2026-07-27/exchange=NSE/symbol=NIFTYBEES/part-REDACTED.parquet
2026-07-27,NSE,NIFTYBEES,part-040621_536896-002872.parquet,ctrade1-l2-data,raw_l2/trade_date=2026-07-27/exchange=NSE/symbol=NIFTYBEES/part-REDACTED.parquet
2026-07-27,NSE,NIFTYBEES,part-040635_562630-002904.parquet,ctrade1-l2-data,raw_l2/trade_date=2026-07-27/exchange=NSE/symbol=NIFTYBEES/part-REDACTED.parquet
2026-07-27,NSE,NIFTYBEES,part-040649_623163-002936.parquet,ctrade1-l2-data,raw_l2/trade_date=2026-07-27/exchange=NSE/symbol=NIFTYBEES/part-REDACTED.parquet
2026-07-27,NSE,NIFTYBEES,part-040703_621221-002968.parquet,ctrade1-l2-data,raw_l2/trade_date=2026-07-27/exchange=NSE/symbol=NIFTYBEES/part-REDACTED.parquet
2026-07-27,NSE,NIFTYBEES,part-040718_013735-003000.parquet,ctrade1-l2-data,raw_l2/trade_date=2026-07-27/exchange=NSE/symbol=NIFTYBEES/part-REDACTED.parquet
2026-07-27,NSE,NIFTYBEES,part-040732_149690-003032.parquet,ctrade1-l2-data,raw_l2/trade_date=2026-07-27/exchange=NSE/symbol=NIFTYBEES/part-REDACTED.parquet
2026-07-27,NSE,NIFTYBEES,part-040746_239093-003064.parquet,ctrade1-l2-data,raw_l2/trade_date=2026-07-27/exchange=NSE/symbol=NIFTYBEES/part-REDACTED.parquet
2026-07-27,NSE,NIFTYBEES,part-040800_992993-003096.parquet,ctrade1-l2-data,raw_l2/trade_date=2026-07-27/exchange=NSE/symbol=NIFTYBEES/part-REDACTED.parquet
2026-07-27,NSE,NIFTYBEES,part-040815_274809-003128.parquet,ctrade1-l2-data,raw_l2/trade_date=2026-07-27/exchange=NSE/symbol=NIFTYBEES/part-REDACTED.parquet
2026-07-27,NSE,NIFTYBEES,part-040829_432649-003160.parquet,ctrade1-l2-data,raw_l2/trade_date=2026-07-27/exchange=NSE/symbol=NIFTYBEES/part-REDACTED.parquet
2026-07-27,NSE,NIFTYBEES,part-040843_609052-003192.parquet,ctrade1-l2-data,raw_l2/trade_date=2026-07-27/exchange=NSE/symbol=NIFTYBEES/part-REDACTED.parquet
2026-07-27,NSE,NIFTYBEES,part-040857_922653-003224.parquet,ctrade1-l2-data,raw_l2/trade_date=2026-07-27/exchange=NSE/symbol=NIFTYBEES/part-REDACTED.parquet
2026-07-27,NSE,NIFTYBEES,part-040912_111113-003256.parquet,ctrade1-l2-data,raw_l2/trade_date=2026-07-27/exchange=NSE/symbol=NIFTYBEES/part-REDACTED.parquet
2026-07-27,NSE,NIFTYBEES,part-040926_250930-003288.parquet,ctrade1-l2-data,raw_l2/trade_date=2026-07-27/exchange=NSE/symbol=NIFTYBEES/part-REDACTED.parquet
2026-07-27,NSE,NIFTYBEES,part-040940_539657-003320.parquet,ctrade1-l2-data,raw_l2/trade_date=2026-07-27/exchange=NSE/symbol=NIFTYBEES/part-REDACTED.parquet
2026-07-27,NSE,NIFTYBEES,part-040954_701379-003352.parquet,ctrade1-l2-data,raw_l2/trade_date=2026-07-27/exchange=NSE/symbol=NIFTYBEES/part-REDACTED.parquet
2026-07-27,NSE,NIFTYBEES,part-041008_906084-003384.parquet,ctrade1-l2-data,raw_l2/trade_date=2026-07-27/exchange=NSE/symbol=NIFTYBEES/part-REDACTED.parquet
2026-07-27,NSE,NIFTYBEES,part-041023_182316-003416.parquet,ctrade1-l2-data,raw_l2/trade_date=2026-07-27/exchange=NSE/symbol=NIFTYBEES/part-REDACTED.parquet
2026-07-27,NSE,NIFTYBEES,part-041037_607372-003448.parquet,ctrade1-l2-data,raw_l2/trade_date=2026-07-27/exchange=NSE/symbol=NIFTYBEES/part-REDACTED.parquet
2026-07-27,NSE,NIFTYBEES,part-041051_774217-003480.parquet,ctrade1-l2-data,raw_l2/trade_date=2026-07-27/exchange=NSE/symbol=NIFTYBEES/part-REDACTED.parquet
2026-07-27,NSE,NIFTYBEES,part-041106_111717-003512.parquet,ctrade1-l2-data,raw_l2/trade_date=2026-07-27/exchange=NSE/symbol=NIFTYBEES/part-REDACTED.parquet
2026-07-27,NSE,NIFTYBEES,part-041120_381711-003544.parquet,ctrade1-l2-data,raw_l2/trade_date=2026-07-27/exchange=NSE/symbol=NIFTYBEES/part-REDACTED.parquet
2026-07-27,NSE,NIFTYBEES,part-041134_543930-003576.parquet,ctrade1-l2-data,raw_l2/trade_date=2026-07-27/exchange=NSE/symbol=NIFTYBEES/part-REDACTED.parquet
2026-07-27,NSE,NIFTYBEES,part-041148_755729-003608.parquet,ctrade1-l2-data,raw_l2/trade_date=2026-07-27/exchange=NSE/symbol=NIFTYBEES/part-REDACTED.parquet
2026-07-27,NSE,NIFTYBEES,part-041202_718981-003640.parquet,ctrade1-l2-data,raw_l2/trade_date=2026-07-27/exchange=NSE/symbol=NIFTYBEES/part-REDACTED.parquet
2026-07-27,NSE,NIFTYBEES,part-041216_753177-003672.parquet,ctrade1-l2-data,raw_l2/trade_date=2026-07-27/exchange=NSE/symbol=NIFTYBEES/part-REDACTED.parquet
2026-07-27,NSE,NIFTYBEES,part-041231_467696-003704.parquet,ctrade1-l2-data,raw_l2/trade_date=2026-07-27/exchange=NSE/symbol=NIFTYBEES/part-REDACTED.parquet
2026-07-27,NSE,NIFTYBEES,part-041245_990811-003736.parquet,ctrade1-l2-data,raw_l2/trade_date=2026-07-27/exchange=NSE/symbol=NIFTYBEES/part-REDACTED.parquet
2026-07-27,NSE,NIFTYBEES,part-041259_959679-003768.parquet,ctrade1-l2-data,raw_l2/trade_date=2026-07-27/exchange=NSE/symbol=NIFTYBEES/part-REDACTED.parquet
2026-07-27,NSE,NIFTYBEES,part-041314_391087-003800.parquet,ctrade1-l2-data,raw_l2/trade_date=2026-07-27/exchange=NSE/symbol=NIFTYBEES/part-REDACTED.parquet
2026-07-27,NSE,NIFTYBEES,part-041328_524298-003832.parquet,ctrade1-l2-data,raw_l2/trade_date=2026-07-27/exchange=NSE/symbol=NIFTYBEES/part-REDACTED.parquet
2026-07-27,NSE,NIFTYBEES,part-041342_565714-003864.parquet,ctrade1-l2-data,raw_l2/trade_date=2026-07-27/exchange=NSE/symbol=NIFTYBEES/part-REDACTED.parquet
2026-07-27,NSE,NIFTYBEES,part-041356_574520-003896.parquet,ctrade1-l2-data,raw_l2/trade_date=2026-07-27/exchange=NSE/symbol=NIFTYBEES/part-REDACTED.parquet
2026-07-27,NSE,NIFTYBEES,part-041410_636106-003928.parquet,ctrade1-l2-data,raw_l2/trade_date=2026-07-27/exchange=NSE/symbol=NIFTYBEES/part-REDACTED.parquet
2026-07-27,NSE,NIFTYBEES,part-041424_541280-003960.parquet,ctrade1-l2-data,raw_l2/trade_date=2026-07-27/exchange=NSE/symbol=NIFTYBEES/part-REDACTED.parquet
2026-07-27,NSE,NIFTYBEES,part-041438_567534-003992.parquet,ctrade1-l2-data,raw_l2/trade_date=2026-07-27/exchange=NSE/symbol=NIFTYBEES/part-REDACTED.parquet
2026-07-27,NSE,NIFTYBEES,part-041452_568947-004024.parquet,ctrade1-l2-data,raw_l2/trade_date=2026-07-27/exchange=NSE/symbol=NIFTYBEES/part-REDACTED.parquet
2026-07-27,NSE,NIFTYBEES,part-041506_628300-004056.parquet,ctrade1-l2-data,raw_l2/trade_date=2026-07-27/exchange=NSE/symbol=NIFTYBEES/part-REDACTED.parquet
2026-07-27,NSE,NIFTYBEES,part-041520_595485-004088.parquet,ctrade1-l2-data,raw_l2/trade_date=2026-07-27/exchange=NSE/symbol=NIFTYBEES/part-REDACTED.parquet
2026-07-27,NSE,NIFTYBEES,part-041534_967698-004120.parquet,ctrade1-l2-data,raw_l2/trade_date=2026-07-27/exchange=NSE/symbol=NIFTYBEES/part-REDACTED.parquet
2026-07-27,NSE,NIFTYBEES,part-041549_289377-004152.parquet,ctrade1-l2-data,raw_l2/trade_date=2026-07-27/exchange=NSE/symbol=NIFTYBEES/part-REDACTED.parquet
2026-07-27,NSE,NIFTYBEES,part-041603_419173-004184.parquet,ctrade1-l2-data,raw_l2/trade_date=2026-07-27/exchange=NSE/symbol=NIFTYBEES/part-REDACTED.parquet
2026-07-27,NSE,NIFTYBEES,part-041617_572496-004216.parquet,ctrade1-l2-data,raw_l2/trade_date=2026-07-27/exchange=NSE/symbol=NIFTYBEES/part-REDACTED.parquet
2026-07-27,NSE,NIFTYBEES,part-041633_293672-004248.parquet,ctrade1-l2-data,raw_l2/trade_date=2026-07-27/exchange=NSE/symbol=NIFTYBEES/part-REDACTED.parquet
2026-07-27,NSE,NIFTYBEES,part-041648_332875-004280.parquet,ctrade1-l2-data,raw_l2/trade_date=2026-07-27/exchange=NSE/symbol=NIFTYBEES/part-REDACTED.parquet
2026-07-27,NSE,NIFTYBEES,part-041702_313659-004312.parquet,ctrade1-l2-data,raw_l2/trade_date=2026-07-27/exchange=NSE/symbol=NIFTYBEES/part-REDACTED.parquet
2026-07-27,NSE,NIFTYBEES,part-041716_476801-004344.parquet,ctrade1-l2-data,raw_l2/trade_date=2026-07-27/exchange=NSE/symbol=NIFTYBEES/part-REDACTED.parquet
2026-07-27,NSE,NIFTYBEES,part-041730_945033-004376.parquet,ctrade1-l2-data,raw_l2/trade_date=2026-07-27/exchange=NSE/symbol=NIFTYBEES/part-REDACTED.parquet
2026-07-27,NSE,NIFTYBEES,part-041745_189711-004408.parquet,ctrade1-l2-data,raw_l2/trade_date=2026-07-27/exchange=NSE/symbol=NIFTYBEES/part-REDACTED.parquet
2026-07-27,NSE,NIFTYBEES,part-041759_668203-004440.parquet,ctrade1-l2-data,raw_l2/trade_date=2026-07-27/exchange=NSE/symbol=NIFTYBEES/part-REDACTED.parquet
2026-07-27,NSE,NIFTYBEES,part-041813_882844-004472.parquet,ctrade1-l2-data,raw_l2/trade_date=2026-07-27/exchange=NSE/symbol=NIFTYBEES/part-REDACTED.parquet
2026-07-27,NSE,NIFTYBEES,part-041827_931119-004504.parquet,ctrade1-l2-data,raw_l2/trade_date=2026-07-27/exchange=NSE/symbol=NIFTYBEES/part-REDACTED.parquet
2026-07-27,NSE,NIFTYBEES,part-041841_927826-004536.parquet,ctrade1-l2-data,raw_l2/trade_date=2026-07-27/exchange=NSE/symbol=NIFTYBEES/part-REDACTED.parquet
2026-07-27,NSE,NIFTYBEES,part-041856_046657-004568.parquet,ctrade1-l2-data,raw_l2/trade_date=2026-07-27/exchange=NSE/symbol=NIFTYBEES/part-REDACTED.parquet
2026-07-27,NSE,NIFTYBEES,part-041910_109229-004600.parquet,ctrade1-l2-data,raw_l2/trade_date=2026-07-27/exchange=NSE/symbol=NIFTYBEES/part-REDACTED.parquet
2026-07-27,NSE,NIFTYBEES,part-041924_100001-004632.parquet,ctrade1-l2-data,raw_l2/trade_date=2026-07-27/exchange=NSE/symbol=NIFTYBEES/part-REDACTED.parquet
2026-07-27,NSE,NIFTYBEES,part-041938_019562-004664.parquet,ctrade1-l2-data,raw_l2/trade_date=2026-07-27/exchange=NSE/symbol=NIFTYBEES/part-REDACTED.parquet
2026-07-27,NSE,NIFTYBEES,part-041952_056745-004696.parquet,ctrade1-l2-data,raw_l2/trade_date=2026-07-27/exchange=NSE/symbol=NIFTYBEES/part-REDACTED.parquet
2026-07-27,NSE,NIFTYBEES,part-042006_292609-004728.parquet,ctrade1-l2-data,raw_l2/trade_date=2026-07-27/exchange=NSE/symbol=NIFTYBEES/part-REDACTED.parquet
2026-07-27,NSE,NIFTYBEES,part-042020_351217-004760.parquet,ctrade1-l2-data,raw_l2/trade_date=2026-07-27/exchange=NSE/symbol=NIFTYBEES/part-REDACTED.parquet
2026-07-27,NSE,NIFTYBEES,part-042034_600087-004792.parquet,ctrade1-l2-data,raw_l2/trade_date=2026-07-27/exchange=NSE/symbol=NIFTYBEES/part-REDACTED.parquet
2026-07-27,NSE,NIFTYBEES,part-042048_549052-004824.parquet,ctrade1-l2-data,raw_l2/trade_date=2026-07-27/exchange=NSE/symbol=NIFTYBEES/part-REDACTED.parquet
2026-07-27,NSE,NIFTYBEES,part-042102_598889-004856.parquet,ctrade1-l2-data,raw_l2/trade_date=2026-07-27/exchange=NSE/symbol=NIFTYBEES/part-REDACTED.parquet
2026-07-27,NSE,NIFTYBEES,part-042116_949901-004888.parquet,ctrade1-l2-data,raw_l2/trade_date=2026-07-27/exchange=NSE/symbol=NIFTYBEES/part-REDACTED.parquet
2026-07-27,NSE,NIFTYBEES,part-042131_234944-004920.parquet,ctrade1-l2-data,raw_l2/trade_date=2026-07-27/exchange=NSE/symbol=NIFTYBEES/part-REDACTED.parquet
2026-07-27,NSE,NIFTYBEES,part-042145_457561-004952.parquet,ctrade1-l2-data,raw_l2/trade_date=2026-07-27/exchange=NSE/symbol=NIFTYBEES/part-REDACTED.parquet
2026-07-27,NSE,NIFTYBEES,part-042159_866595-004984.parquet,ctrade1-l2-data,raw_l2/trade_date=2026-07-27/exchange=NSE/symbol=NIFTYBEES/part-REDACTED.parquet
2026-07-27,NSE,NIFTYBEES,part-042214_420728-005016.parquet,ctrade1-l2-data,raw_l2/trade_date=2026-07-27/exchange=NSE/symbol=NIFTYBEES/part-REDACTED.parquet
2026-07-27,NSE,NIFTYBEES,part-042228_682868-005048.parquet,ctrade1-l2-data,raw_l2/trade_date=2026-07-27/exchange=NSE/symbol=NIFTYBEES/part-REDACTED.parquet
2026-07-27,NSE,NIFTYBEES,part-042243_053120-005080.parquet,ctrade1-l2-data,raw_l2/trade_date=2026-07-27/exchange=NSE/symbol=NIFTYBEES/part-REDACTED.parquet
2026-07-27,NSE,NIFTYBEES,part-042257_444545-005112.parquet,ctrade1-l2-data,raw_l2/trade_date=2026-07-27/exchange=NSE/symbol=NIFTYBEES/part-REDACTED.parquet
2026-07-27,NSE,NIFTYBEES,part-042311_757455-005144.parquet,ctrade1-l2-data,raw_l2/trade_date=2026-07-27/exchange=NSE/symbol=NIFTYBEES/part-REDACTED.parquet
2026-07-27,NSE,NIFTYBEES,part-042326_054228-005176.parquet,ctrade1-l2-data,raw_l2/trade_date=2026-07-27/exchange=NSE/symbol=NIFTYBEES/part-REDACTED.parquet
2026-07-27,NSE,NIFTYBEES,part-042340_467456-005208.parquet,ctrade1-l2-data,raw_l2/trade_date=2026-07-27/exchange=NSE/symbol=NIFTYBEES/part-REDACTED.parquet
2026-07-27,NSE,NIFTYBEES,part-042354_828691-005240.parquet,ctrade1-l2-data,raw_l2/trade_date=2026-07-27/exchange=NSE/symbol=NIFTYBEES/part-REDACTED.parquet
2026-07-27,NSE,NIFTYBEES,part-042409_330064-005272.parquet,ctrade1-l2-data,raw_l2/trade_date=2026-07-27/exchange=NSE/symbol=NIFTYBEES/part-REDACTED.parquet
2026-07-27,NSE,NIFTYBEES,part-042423_786286-005304.parquet,ctrade1-l2-data,raw_l2/trade_date=2026-07-27/exchange=NSE/symbol=NIFTYBEES/part-REDACTED.parquet
2026-07-27,NSE,NIFTYBEES,part-042438_294337-005336.parquet,ctrade1-l2-data,raw_l2/trade_date=2026-07-27/exchange=NSE/symbol=NIFTYBEES/part-REDACTED.parquet
2026-07-27,NSE,NIFTYBEES,part-042452_491148-005368.parquet,ctrade1-l2-data,raw_l2/trade_date=2026-07-27/exchange=NSE/symbol=NIFTYBEES/part-REDACTED.parquet
2026-07-27,NSE,NIFTYBEES,part-042506_740224-005400.parquet,ctrade1-l2-data,raw_l2/trade_date=2026-07-27/exchange=NSE/symbol=NIFTYBEES/part-REDACTED.parquet
2026-07-27,NSE,NIFTYBEES,part-042520_948229-005432.parquet,ctrade1-l2-data,raw_l2/trade_date=2026-07-27/exchange=NSE/symbol=NIFTYBEES/part-REDACTED.parquet
2026-07-27,NSE,NIFTYBEES,part-042535_347377-005464.parquet,ctrade1-l2-data,raw_l2/trade_date=2026-07-27/exchange=NSE/symbol=NIFTYBEES/part-REDACTED.parquet
2026-07-27,NSE,NIFTYBEES,part-042549_788570-005496.parquet,ctrade1-l2-data,raw_l2/trade_date=2026-07-27/exchange=NSE/symbol=NIFTYBEES/part-REDACTED.parquet
2026-07-27,NSE,NIFTYBEES,part-042604_448607-005528.parquet,ctrade1-l2-data,raw_l2/trade_date=2026-07-27/exchange=NSE/symbol=NIFTYBEES/part-REDACTED.parquet
2026-07-27,NSE,NIFTYBEES,part-042619_045923-005560.parquet,ctrade1-l2-data,raw_l2/trade_date=2026-07-27/exchange=NSE/symbol=NIFTYBEES/part-REDACTED.parquet
2026-07-27,NSE,NIFTYBEES,part-042633_293925-005592.parquet,ctrade1-l2-data,raw_l2/trade_date=2026-07-27/exchange=NSE/symbol=NIFTYBEES/part-REDACTED.parquet
2026-07-27,NSE,NIFTYBEES,part-042647_822720-005624.parquet,ctrade1-l2-data,raw_l2/trade_date=2026-07-27/exchange=NSE/symbol=NIFTYBEES/part-REDACTED.parquet
2026-07-27,NSE,NIFTYBEES,part-042702_349512-005656.parquet,ctrade1-l2-data,raw_l2/trade_date=2026-07-27/exchange=NSE/symbol=NIFTYBEES/part-REDACTED.parquet
2026-07-27,NSE,ONGC,part-034504_479729-000025.parquet,ctrade1-l2-data,raw_l2/trade_date=2026-07-27/exchange=NSE/symbol=ONGC/part-REDACTED.parquet
2026-07-27,NSE,ONGC,part-034518_899205-000057.parquet,ctrade1-l2-data,raw_l2/trade_date=2026-07-27/exchange=NSE/symbol=ONGC/part-REDACTED.parquet
2026-07-27,NSE,ONGC,part-034533_391394-000089.parquet,ctrade1-l2-data,raw_l2/trade_date=2026-07-27/exchange=NSE/symbol=ONGC/part-REDACTED.parquet
2026-07-27,NSE,ONGC,part-034547_498242-000121.parquet,ctrade1-l2-data,raw_l2/trade_date=2026-07-27/exchange=NSE/symbol=ONGC/part-REDACTED.parquet
2026-07-27,NSE,ONGC,part-034601_604635-000153.parquet,ctrade1-l2-data,raw_l2/trade_date=2026-07-27/exchange=NSE/symbol=ONGC/part-REDACTED.parquet
2026-07-27,NSE,ONGC,part-034616_012336-000185.parquet,ctrade1-l2-data,raw_l2/trade_date=2026-07-27/exchange=NSE/symbol=ONGC/part-REDACTED.parquet
2026-07-27,NSE,ONGC,part-034630_310281-000217.parquet,ctrade1-l2-data,raw_l2/trade_date=2026-07-27/exchange=NSE/symbol=ONGC/part-REDACTED.parquet
2026-07-27,NSE,ONGC,part-034644_937349-000249.parquet,ctrade1-l2-data,raw_l2/trade_date=2026-07-27/exchange=NSE/symbol=ONGC/part-REDACTED.parquet
2026-07-27,NSE,ONGC,part-034658_993559-000281.parquet,ctrade1-l2-data,raw_l2/trade_date=2026-07-27/exchange=NSE/symbol=ONGC/part-REDACTED.parquet
2026-07-27,NSE,ONGC,part-034713_013905-000313.parquet,ctrade1-l2-data,raw_l2/trade_date=2026-07-27/exchange=NSE/symbol=ONGC/part-REDACTED.parquet
2026-07-27,NSE,ONGC,part-034727_016822-000345.parquet,ctrade1-l2-data,raw_l2/trade_date=2026-07-27/exchange=NSE/symbol=ONGC/part-REDACTED.parquet
2026-07-27,NSE,ONGC,part-034741_229981-000377.parquet,ctrade1-l2-data,raw_l2/trade_date=2026-07-27/exchange=NSE/symbol=ONGC/part-REDACTED.parquet
2026-07-27,NSE,ONGC,part-034755_388428-000409.parquet,ctrade1-l2-data,raw_l2/trade_date=2026-07-27/exchange=NSE/symbol=ONGC/part-REDACTED.parquet
2026-07-27,NSE,ONGC,part-034809_719948-000441.parquet,ctrade1-l2-data,raw_l2/trade_date=2026-07-27/exchange=NSE/symbol=ONGC/part-REDACTED.parquet
2026-07-27,NSE,ONGC,part-034824_206985-000473.parquet,ctrade1-l2-data,raw_l2/trade_date=2026-07-27/exchange=NSE/symbol=ONGC/part-REDACTED.parquet
2026-07-27,NSE,ONGC,part-034838_656436-000505.parquet,ctrade1-l2-data,raw_l2/trade_date=2026-07-27/exchange=NSE/symbol=ONGC/part-REDACTED.parquet
2026-07-27,NSE,ONGC,part-034853_048644-000537.parquet,ctrade1-l2-data,raw_l2/trade_date=2026-07-27/exchange=NSE/symbol=ONGC/part-REDACTED.parquet
2026-07-27,NSE,ONGC,part-034907_337389-000569.parquet,ctrade1-l2-data,raw_l2/trade_date=2026-07-27/exchange=NSE/symbol=ONGC/part-REDACTED.parquet
2026-07-27,NSE,ONGC,part-034921_781790-000601.parquet,ctrade1-l2-data,raw_l2/trade_date=2026-07-27/exchange=NSE/symbol=ONGC/part-REDACTED.parquet
2026-07-27,NSE,ONGC,part-034936_244946-000633.parquet,ctrade1-l2-data,raw_l2/trade_date=2026-07-27/exchange=NSE/symbol=ONGC/part-REDACTED.parquet
2026-07-27,NSE,ONGC,part-034950_929490-000665.parquet,ctrade1-l2-data,raw_l2/trade_date=2026-07-27/exchange=NSE/symbol=ONGC/part-REDACTED.parquet
2026-07-27,NSE,ONGC,part-035005_373938-000697.parquet,ctrade1-l2-data,raw_l2/trade_date=2026-07-27/exchange=NSE/symbol=ONGC/part-REDACTED.parquet
2026-07-27,NSE,ONGC,part-035019_494244-000729.parquet,ctrade1-l2-data,raw_l2/trade_date=2026-07-27/exchange=NSE/symbol=ONGC/part-REDACTED.parquet
2026-07-27,NSE,ONGC,part-035033_554776-000761.parquet,ctrade1-l2-data,raw_l2/trade_date=2026-07-27/exchange=NSE/symbol=ONGC/part-REDACTED.parquet
2026-07-27,NSE,ONGC,part-035047_813794-000793.parquet,ctrade1-l2-data,raw_l2/trade_date=2026-07-27/exchange=NSE/symbol=ONGC/part-REDACTED.parquet
2026-07-27,NSE,ONGC,part-035102_000624-000825.parquet,ctrade1-l2-data,raw_l2/trade_date=2026-07-27/exchange=NSE/symbol=ONGC/part-REDACTED.parquet
2026-07-27,NSE,ONGC,part-035116_463672-000857.parquet,ctrade1-l2-data,raw_l2/trade_date=2026-07-27/exchange=NSE/symbol=ONGC/part-REDACTED.parquet
2026-07-27,NSE,ONGC,part-035130_762433-000889.parquet,ctrade1-l2-data,raw_l2/trade_date=2026-07-27/exchange=NSE/symbol=ONGC/part-REDACTED.parquet
2026-07-27,NSE,ONGC,part-035144_873411-000921.parquet,ctrade1-l2-data,raw_l2/trade_date=2026-07-27/exchange=NSE/symbol=ONGC/part-REDACTED.parquet
2026-07-27,NSE,ONGC,part-035159_224470-000953.parquet,ctrade1-l2-data,raw_l2/trade_date=2026-07-27/exchange=NSE/symbol=ONGC/part-REDACTED.parquet
2026-07-27,NSE,ONGC,part-035213_403648-000985.parquet,ctrade1-l2-data,raw_l2/trade_date=2026-07-27/exchange=NSE/symbol=ONGC/part-REDACTED.parquet
2026-07-27,NSE,ONGC,part-035227_588002-001017.parquet,ctrade1-l2-data,raw_l2/trade_date=2026-07-27/exchange=NSE/symbol=ONGC/part-REDACTED.parquet
2026-07-27,NSE,ONGC,part-035241_815945-001049.parquet,ctrade1-l2-data,raw_l2/trade_date=2026-07-27/exchange=NSE/symbol=ONGC/part-REDACTED.parquet
2026-07-27,NSE,ONGC,part-035256_183070-001081.parquet,ctrade1-l2-data,raw_l2/trade_date=2026-07-27/exchange=NSE/symbol=ONGC/part-REDACTED.parquet
2026-07-27,NSE,ONGC,part-035310_464279-001113.parquet,ctrade1-l2-data,raw_l2/trade_date=2026-07-27/exchange=NSE/symbol=ONGC/part-REDACTED.parquet
2026-07-27,NSE,ONGC,part-035324_752504-001145.parquet,ctrade1-l2-data,raw_l2/trade_date=2026-07-27/exchange=NSE/symbol=ONGC/part-REDACTED.parquet
2026-07-27,NSE,ONGC,part-035339_205537-001177.parquet,ctrade1-l2-data,raw_l2/trade_date=2026-07-27/exchange=NSE/symbol=ONGC/part-REDACTED.parquet
2026-07-27,NSE,ONGC,part-035353_649178-001209.parquet,ctrade1-l2-data,raw_l2/trade_date=2026-07-27/exchange=NSE/symbol=ONGC/part-REDACTED.parquet
2026-07-27,NSE,ONGC,part-035407_879664-001241.parquet,ctrade1-l2-data,raw_l2/trade_date=2026-07-27/exchange=NSE/symbol=ONGC/part-REDACTED.parquet
2026-07-27,NSE,ONGC,part-035421_990843-001273.parquet,ctrade1-l2-data,raw_l2/trade_date=2026-07-27/exchange=NSE/symbol=ONGC/part-REDACTED.parquet
2026-07-27,NSE,ONGC,part-035436_174852-001305.parquet,ctrade1-l2-data,raw_l2/trade_date=2026-07-27/exchange=NSE/symbol=ONGC/part-REDACTED.parquet
2026-07-27,NSE,ONGC,part-035451_175383-001337.parquet,ctrade1-l2-data,raw_l2/trade_date=2026-07-27/exchange=NSE/symbol=ONGC/part-REDACTED.parquet
2026-07-27,NSE,ONGC,part-035505_541370-001369.parquet,ctrade1-l2-data,raw_l2/trade_date=2026-07-27/exchange=NSE/symbol=ONGC/part-REDACTED.parquet
2026-07-27,NSE,ONGC,part-035520_122246-001401.parquet,ctrade1-l2-data,raw_l2/trade_date=2026-07-27/exchange=NSE/symbol=ONGC/part-REDACTED.parquet
2026-07-27,NSE,ONGC,part-035534_292189-001433.parquet,ctrade1-l2-data,raw_l2/trade_date=2026-07-27/exchange=NSE/symbol=ONGC/part-REDACTED.parquet
2026-07-27,NSE,ONGC,part-035548_751934-001465.parquet,ctrade1-l2-data,raw_l2/trade_date=2026-07-27/exchange=NSE/symbol=ONGC/part-REDACTED.parquet
2026-07-27,NSE,ONGC,part-035603_356551-001497.parquet,ctrade1-l2-data,raw_l2/trade_date=2026-07-27/exchange=NSE/symbol=ONGC/part-REDACTED.parquet
2026-07-27,NSE,ONGC,part-035617_839111-001529.parquet,ctrade1-l2-data,raw_l2/trade_date=2026-07-27/exchange=NSE/symbol=ONGC/part-REDACTED.parquet
2026-07-27,NSE,ONGC,part-035632_371879-001561.parquet,ctrade1-l2-data,raw_l2/trade_date=2026-07-27/exchange=NSE/symbol=ONGC/part-REDACTED.parquet
2026-07-27,NSE,ONGC,part-035646_562317-001593.parquet,ctrade1-l2-data,raw_l2/trade_date=2026-07-27/exchange=NSE/symbol=ONGC/part-REDACTED.parquet
2026-07-27,NSE,ONGC,part-035700_788243-001625.parquet,ctrade1-l2-data,raw_l2/trade_date=2026-07-27/exchange=NSE/symbol=ONGC/part-REDACTED.parquet
2026-07-27,NSE,ONGC,part-035715_056413-001657.parquet,ctrade1-l2-data,raw_l2/trade_date=2026-07-27/exchange=NSE/symbol=ONGC/part-REDACTED.parquet
2026-07-27,NSE,ONGC,part-035729_608697-001689.parquet,ctrade1-l2-data,raw_l2/trade_date=2026-07-27/exchange=NSE/symbol=ONGC/part-REDACTED.parquet
2026-07-27,NSE,ONGC,part-035743_930977-001721.parquet,ctrade1-l2-data,raw_l2/trade_date=2026-07-27/exchange=NSE/symbol=ONGC/part-REDACTED.parquet
2026-07-27,NSE,ONGC,part-035758_109041-001753.parquet,ctrade1-l2-data,raw_l2/trade_date=2026-07-27/exchange=NSE/symbol=ONGC/part-REDACTED.parquet
2026-07-27,NSE,ONGC,part-035812_379295-001785.parquet,ctrade1-l2-data,raw_l2/trade_date=2026-07-27/exchange=NSE/symbol=ONGC/part-REDACTED.parquet
2026-07-27,NSE,ONGC,part-035826_822391-001817.parquet,ctrade1-l2-data,raw_l2/trade_date=2026-07-27/exchange=NSE/symbol=ONGC/part-REDACTED.parquet
2026-07-27,NSE,ONGC,part-035841_327584-001849.parquet,ctrade1-l2-data,raw_l2/trade_date=2026-07-27/exchange=NSE/symbol=ONGC/part-REDACTED.parquet
2026-07-27,NSE,ONGC,part-035855_705866-001881.parquet,ctrade1-l2-data,raw_l2/trade_date=2026-07-27/exchange=NSE/symbol=ONGC/part-REDACTED.parquet
2026-07-27,NSE,ONGC,part-035909_933591-001913.parquet,ctrade1-l2-data,raw_l2/trade_date=2026-07-27/exchange=NSE/symbol=ONGC/part-REDACTED.parquet
2026-07-27,NSE,ONGC,part-035924_495847-001945.parquet,ctrade1-l2-data,raw_l2/trade_date=2026-07-27/exchange=NSE/symbol=ONGC/part-REDACTED.parquet
2026-07-27,NSE,ONGC,part-035938_839851-001977.parquet,ctrade1-l2-data,raw_l2/trade_date=2026-07-27/exchange=NSE/symbol=ONGC/part-REDACTED.parquet
2026-07-27,NSE,ONGC,part-035952_980281-002009.parquet,ctrade1-l2-data,raw_l2/trade_date=2026-07-27/exchange=NSE/symbol=ONGC/part-REDACTED.parquet
2026-07-27,NSE,ONGC,part-040007_782113-002041.parquet,ctrade1-l2-data,raw_l2/trade_date=2026-07-27/exchange=NSE/symbol=ONGC/part-REDACTED.parquet
2026-07-27,NSE,ONGC,part-040022_075455-002073.parquet,ctrade1-l2-data,raw_l2/trade_date=2026-07-27/exchange=NSE/symbol=ONGC/part-REDACTED.parquet
2026-07-27,NSE,ONGC,part-040036_362168-002105.parquet,ctrade1-l2-data,raw_l2/trade_date=2026-07-27/exchange=NSE/symbol=ONGC/part-REDACTED.parquet
2026-07-27,NSE,ONGC,part-040050_820193-002137.parquet,ctrade1-l2-data,raw_l2/trade_date=2026-07-27/exchange=NSE/symbol=ONGC/part-REDACTED.parquet
2026-07-27,NSE,ONGC,part-040105_360473-002169.parquet,ctrade1-l2-data,raw_l2/trade_date=2026-07-27/exchange=NSE/symbol=ONGC/part-REDACTED.parquet
2026-07-27,NSE,ONGC,part-040119_717224-002201.parquet,ctrade1-l2-data,raw_l2/trade_date=2026-07-27/exchange=NSE/symbol=ONGC/part-REDACTED.parquet
2026-07-27,NSE,ONGC,part-040134_006546-002233.parquet,ctrade1-l2-data,raw_l2/trade_date=2026-07-27/exchange=NSE/symbol=ONGC/part-REDACTED.parquet
2026-07-27,NSE,ONGC,part-040148_567357-002265.parquet,ctrade1-l2-data,raw_l2/trade_date=2026-07-27/exchange=NSE/symbol=ONGC/part-REDACTED.parquet
2026-07-27,NSE,ONGC,part-040202_965763-002297.parquet,ctrade1-l2-data,raw_l2/trade_date=2026-07-27/exchange=NSE/symbol=ONGC/part-REDACTED.parquet
2026-07-27,NSE,ONGC,part-040217_468755-002329.parquet,ctrade1-l2-data,raw_l2/trade_date=2026-07-27/exchange=NSE/symbol=ONGC/part-REDACTED.parquet
2026-07-27,NSE,ONGC,part-040232_310848-002361.parquet,ctrade1-l2-data,raw_l2/trade_date=2026-07-27/exchange=NSE/symbol=ONGC/part-REDACTED.parquet
2026-07-27,NSE,ONGC,part-040246_787070-002393.parquet,ctrade1-l2-data,raw_l2/trade_date=2026-07-27/exchange=NSE/symbol=ONGC/part-REDACTED.parquet
2026-07-27,NSE,ONGC,part-040301_513052-002425.parquet,ctrade1-l2-data,raw_l2/trade_date=2026-07-27/exchange=NSE/symbol=ONGC/part-REDACTED.parquet
2026-07-27,NSE,ONGC,part-040315_838056-002457.parquet,ctrade1-l2-data,raw_l2/trade_date=2026-07-27/exchange=NSE/symbol=ONGC/part-REDACTED.parquet
2026-07-27,NSE,ONGC,part-040330_221819-002489.parquet,ctrade1-l2-data,raw_l2/trade_date=2026-07-27/exchange=NSE/symbol=ONGC/part-REDACTED.parquet
2026-07-27,NSE,ONGC,part-040344_634558-002521.parquet,ctrade1-l2-data,raw_l2/trade_date=2026-07-27/exchange=NSE/symbol=ONGC/part-REDACTED.parquet
2026-07-27,NSE,ONGC,part-040359_333308-002553.parquet,ctrade1-l2-data,raw_l2/trade_date=2026-07-27/exchange=NSE/symbol=ONGC/part-REDACTED.parquet
2026-07-27,NSE,ONGC,part-040413_908637-002585.parquet,ctrade1-l2-data,raw_l2/trade_date=2026-07-27/exchange=NSE/symbol=ONGC/part-REDACTED.parquet
2026-07-27,NSE,ONGC,part-040428_113152-002617.parquet,ctrade1-l2-data,raw_l2/trade_date=2026-07-27/exchange=NSE/symbol=ONGC/part-REDACTED.parquet
2026-07-27,NSE,ONGC,part-040442_453231-002649.parquet,ctrade1-l2-data,raw_l2/trade_date=2026-07-27/exchange=NSE/symbol=ONGC/part-REDACTED.parquet
2026-07-27,NSE,ONGC,part-040456_770582-002681.parquet,ctrade1-l2-data,raw_l2/trade_date=2026-07-27/exchange=NSE/symbol=ONGC/part-REDACTED.parquet
2026-07-27,NSE,ONGC,part-040511_228674-002713.parquet,ctrade1-l2-data,raw_l2/trade_date=2026-07-27/exchange=NSE/symbol=ONGC/part-REDACTED.parquet
2026-07-27,NSE,ONGC,part-040525_334137-002745.parquet,ctrade1-l2-data,raw_l2/trade_date=2026-07-27/exchange=NSE/symbol=ONGC/part-REDACTED.parquet
2026-07-27,NSE,ONGC,part-040539_459444-002777.parquet,ctrade1-l2-data,raw_l2/trade_date=2026-07-27/exchange=NSE/symbol=ONGC/part-REDACTED.parquet
2026-07-27,NSE,ONGC,part-040553_592201-002809.parquet,ctrade1-l2-data,raw_l2/trade_date=2026-07-27/exchange=NSE/symbol=ONGC/part-REDACTED.parquet
2026-07-27,NSE,ONGC,part-040607_600386-002841.parquet,ctrade1-l2-data,raw_l2/trade_date=2026-07-27/exchange=NSE/symbol=ONGC/part-REDACTED.parquet
2026-07-27,NSE,ONGC,part-040621_653612-002873.parquet,ctrade1-l2-data,raw_l2/trade_date=2026-07-27/exchange=NSE/symbol=ONGC/part-REDACTED.parquet
2026-07-27,NSE,ONGC,part-040635_676169-002905.parquet,ctrade1-l2-data,raw_l2/trade_date=2026-07-27/exchange=NSE/symbol=ONGC/part-REDACTED.parquet
2026-07-27,NSE,ONGC,part-040649_738752-002937.parquet,ctrade1-l2-data,raw_l2/trade_date=2026-07-27/exchange=NSE/symbol=ONGC/part-REDACTED.parquet
2026-07-27,NSE,ONGC,part-040703_741336-002969.parquet,ctrade1-l2-data,raw_l2/trade_date=2026-07-27/exchange=NSE/symbol=ONGC/part-REDACTED.parquet
2026-07-27,NSE,ONGC,part-040718_149410-003001.parquet,ctrade1-l2-data,raw_l2/trade_date=2026-07-27/exchange=NSE/symbol=ONGC/part-REDACTED.parquet
2026-07-27,NSE,ONGC,part-040732_281572-003033.parquet,ctrade1-l2-data,raw_l2/trade_date=2026-07-27/exchange=NSE/symbol=ONGC/part-REDACTED.parquet
2026-07-27,NSE,ONGC,part-040746_363117-003065.parquet,ctrade1-l2-data,raw_l2/trade_date=2026-07-27/exchange=NSE/symbol=ONGC/part-REDACTED.parquet
2026-07-27,NSE,ONGC,part-040801_111764-003097.parquet,ctrade1-l2-data,raw_l2/trade_date=2026-07-27/exchange=NSE/symbol=ONGC/part-REDACTED.parquet
2026-07-27,NSE,ONGC,part-040815_393786-003129.parquet,ctrade1-l2-data,raw_l2/trade_date=2026-07-27/exchange=NSE/symbol=ONGC/part-REDACTED.parquet
2026-07-27,NSE,ONGC,part-040829_560471-003161.parquet,ctrade1-l2-data,raw_l2/trade_date=2026-07-27/exchange=NSE/symbol=ONGC/part-REDACTED.parquet
2026-07-27,NSE,ONGC,part-040843_724471-003193.parquet,ctrade1-l2-data,raw_l2/trade_date=2026-07-27/exchange=NSE/symbol=ONGC/part-REDACTED.parquet
2026-07-27,NSE,ONGC,part-040858_037792-003225.parquet,ctrade1-l2-data,raw_l2/trade_date=2026-07-27/exchange=NSE/symbol=ONGC/part-REDACTED.parquet
2026-07-27,NSE,ONGC,part-040912_253304-003257.parquet,ctrade1-l2-data,raw_l2/trade_date=2026-07-27/exchange=NSE/symbol=ONGC/part-REDACTED.parquet
2026-07-27,NSE,ONGC,part-040926_398195-003289.parquet,ctrade1-l2-data,raw_l2/trade_date=2026-07-27/exchange=NSE/symbol=ONGC/part-REDACTED.parquet
2026-07-27,NSE,ONGC,part-040940_662084-003321.parquet,ctrade1-l2-data,raw_l2/trade_date=2026-07-27/exchange=NSE/symbol=ONGC/part-REDACTED.parquet
2026-07-27,NSE,ONGC,part-040954_827607-003353.parquet,ctrade1-l2-data,raw_l2/trade_date=2026-07-27/exchange=NSE/symbol=ONGC/part-REDACTED.parquet
2026-07-27,NSE,ONGC,part-041009_018794-003385.parquet,ctrade1-l2-data,raw_l2/trade_date=2026-07-27/exchange=NSE/symbol=ONGC/part-REDACTED.parquet
2026-07-27,NSE,ONGC,part-041023_303895-003417.parquet,ctrade1-l2-data,raw_l2/trade_date=2026-07-27/exchange=NSE/symbol=ONGC/part-REDACTED.parquet
2026-07-27,NSE,ONGC,part-041037_724497-003449.parquet,ctrade1-l2-data,raw_l2/trade_date=2026-07-27/exchange=NSE/symbol=ONGC/part-REDACTED.parquet
2026-07-27,NSE,ONGC,part-041051_890624-003481.parquet,ctrade1-l2-data,raw_l2/trade_date=2026-07-27/exchange=NSE/symbol=ONGC/part-REDACTED.parquet
2026-07-27,NSE,ONGC,part-041106_286467-003513.parquet,ctrade1-l2-data,raw_l2/trade_date=2026-07-27/exchange=NSE/symbol=ONGC/part-REDACTED.parquet
2026-07-27,NSE,ONGC,part-041120_499565-003545.parquet,ctrade1-l2-data,raw_l2/trade_date=2026-07-27/exchange=NSE/symbol=ONGC/part-REDACTED.parquet
2026-07-27,NSE,ONGC,part-041134_674634-003577.parquet,ctrade1-l2-data,raw_l2/trade_date=2026-07-27/exchange=NSE/symbol=ONGC/part-REDACTED.parquet
2026-07-27,NSE,ONGC,part-041148_897322-003609.parquet,ctrade1-l2-data,raw_l2/trade_date=2026-07-27/exchange=NSE/symbol=ONGC/part-REDACTED.parquet
2026-07-27,NSE,ONGC,part-041202_843128-003641.parquet,ctrade1-l2-data,raw_l2/trade_date=2026-07-27/exchange=NSE/symbol=ONGC/part-REDACTED.parquet
2026-07-27,NSE,ONGC,part-041216_873984-003673.parquet,ctrade1-l2-data,raw_l2/trade_date=2026-07-27/exchange=NSE/symbol=ONGC/part-REDACTED.parquet
2026-07-27,NSE,ONGC,part-041231_638071-003705.parquet,ctrade1-l2-data,raw_l2/trade_date=2026-07-27/exchange=NSE/symbol=ONGC/part-REDACTED.parquet
2026-07-27,NSE,ONGC,part-041246_110422-003737.parquet,ctrade1-l2-data,raw_l2/trade_date=2026-07-27/exchange=NSE/symbol=ONGC/part-REDACTED.parquet
2026-07-27,NSE,ONGC,part-041300_076525-003769.parquet,ctrade1-l2-data,raw_l2/trade_date=2026-07-27/exchange=NSE/symbol=ONGC/part-REDACTED.parquet
2026-07-27,NSE,ONGC,part-041314_522446-003801.parquet,ctrade1-l2-data,raw_l2/trade_date=2026-07-27/exchange=NSE/symbol=ONGC/part-REDACTED.parquet
2026-07-27,NSE,ONGC,part-041328_666390-003833.parquet,ctrade1-l2-data,raw_l2/trade_date=2026-07-27/exchange=NSE/symbol=ONGC/part-REDACTED.parquet
2026-07-27,NSE,ONGC,part-041342_684305-003865.parquet,ctrade1-l2-data,raw_l2/trade_date=2026-07-27/exchange=NSE/symbol=ONGC/part-REDACTED.parquet
2026-07-27,NSE,ONGC,part-041356_706845-003897.parquet,ctrade1-l2-data,raw_l2/trade_date=2026-07-27/exchange=NSE/symbol=ONGC/part-REDACTED.parquet
2026-07-27,NSE,ONGC,part-041410_744259-003929.parquet,ctrade1-l2-data,raw_l2/trade_date=2026-07-27/exchange=NSE/symbol=ONGC/part-REDACTED.parquet
2026-07-27,NSE,ONGC,part-041424_659048-003961.parquet,ctrade1-l2-data,raw_l2/trade_date=2026-07-27/exchange=NSE/symbol=ONGC/part-REDACTED.parquet
2026-07-27,NSE,ONGC,part-041438_679991-003993.parquet,ctrade1-l2-data,raw_l2/trade_date=2026-07-27/exchange=NSE/symbol=ONGC/part-REDACTED.parquet
2026-07-27,NSE,ONGC,part-041452_687386-004025.parquet,ctrade1-l2-data,raw_l2/trade_date=2026-07-27/exchange=NSE/symbol=ONGC/part-REDACTED.parquet
2026-07-27,NSE,ONGC,part-041506_741431-004057.parquet,ctrade1-l2-data,raw_l2/trade_date=2026-07-27/exchange=NSE/symbol=ONGC/part-REDACTED.parquet
2026-07-27,NSE,ONGC,part-041520_705546-004089.parquet,ctrade1-l2-data,raw_l2/trade_date=2026-07-27/exchange=NSE/symbol=ONGC/part-REDACTED.parquet
2026-07-27,NSE,ONGC,part-041535_103601-004121.parquet,ctrade1-l2-data,raw_l2/trade_date=2026-07-27/exchange=NSE/symbol=ONGC/part-REDACTED.parquet
2026-07-27,NSE,ONGC,part-041549_402114-004153.parquet,ctrade1-l2-data,raw_l2/trade_date=2026-07-27/exchange=NSE/symbol=ONGC/part-REDACTED.parquet
2026-07-27,NSE,ONGC,part-041603_533119-004185.parquet,ctrade1-l2-data,raw_l2/trade_date=2026-07-27/exchange=NSE/symbol=ONGC/part-REDACTED.parquet
2026-07-27,NSE,ONGC,part-041617_686992-004217.parquet,ctrade1-l2-data,raw_l2/trade_date=2026-07-27/exchange=NSE/symbol=ONGC/part-REDACTED.parquet
2026-07-27,NSE,ONGC,part-041633_505315-004249.parquet,ctrade1-l2-data,raw_l2/trade_date=2026-07-27/exchange=NSE/symbol=ONGC/part-REDACTED.parquet
2026-07-27,NSE,ONGC,part-041648_444412-004281.parquet,ctrade1-l2-data,raw_l2/trade_date=2026-07-27/exchange=NSE/symbol=ONGC/part-REDACTED.parquet
2026-07-27,NSE,ONGC,part-041702_431493-004313.parquet,ctrade1-l2-data,raw_l2/trade_date=2026-07-27/exchange=NSE/symbol=ONGC/part-REDACTED.parquet
2026-07-27,NSE,ONGC,part-041716_614248-004345.parquet,ctrade1-l2-data,raw_l2/trade_date=2026-07-27/exchange=NSE/symbol=ONGC/part-REDACTED.parquet
2026-07-27,NSE,ONGC,part-041731_062541-004377.parquet,ctrade1-l2-data,raw_l2/trade_date=2026-07-27/exchange=NSE/symbol=ONGC/part-REDACTED.parquet
2026-07-27,NSE,ONGC,part-041745_303724-004409.parquet,ctrade1-l2-data,raw_l2/trade_date=2026-07-27/exchange=NSE/symbol=ONGC/part-REDACTED.parquet
2026-07-27,NSE,ONGC,part-041759_788939-004441.parquet,ctrade1-l2-data,raw_l2/trade_date=2026-07-27/exchange=NSE/symbol=ONGC/part-REDACTED.parquet
2026-07-27,NSE,ONGC,part-041813_993790-004473.parquet,ctrade1-l2-data,raw_l2/trade_date=2026-07-27/exchange=NSE/symbol=ONGC/part-REDACTED.parquet
2026-07-27,NSE,ONGC,part-041828_038339-004505.parquet,ctrade1-l2-data,raw_l2/trade_date=2026-07-27/exchange=NSE/symbol=ONGC/part-REDACTED.parquet
2026-07-27,NSE,ONGC,part-041842_054683-004537.parquet,ctrade1-l2-data,raw_l2/trade_date=2026-07-27/exchange=NSE/symbol=ONGC/part-REDACTED.parquet
2026-07-27,NSE,ONGC,part-041856_161201-004569.parquet,ctrade1-l2-data,raw_l2/trade_date=2026-07-27/exchange=NSE/symbol=ONGC/part-REDACTED.parquet
2026-07-27,NSE,ONGC,part-041910_230387-004601.parquet,ctrade1-l2-data,raw_l2/trade_date=2026-07-27/exchange=NSE/symbol=ONGC/part-REDACTED.parquet
2026-07-27,NSE,ONGC,part-041924_210147-004633.parquet,ctrade1-l2-data,raw_l2/trade_date=2026-07-27/exchange=NSE/symbol=ONGC/part-REDACTED.parquet
2026-07-27,NSE,ONGC,part-041938_131813-004665.parquet,ctrade1-l2-data,raw_l2/trade_date=2026-07-27/exchange=NSE/symbol=ONGC/part-REDACTED.parquet
2026-07-27,NSE,ONGC,part-041952_172646-004697.parquet,ctrade1-l2-data,raw_l2/trade_date=2026-07-27/exchange=NSE/symbol=ONGC/part-REDACTED.parquet
2026-07-27,NSE,ONGC,part-042006_402826-004729.parquet,ctrade1-l2-data,raw_l2/trade_date=2026-07-27/exchange=NSE/symbol=ONGC/part-REDACTED.parquet
2026-07-27,NSE,ONGC,part-042020_465950-004761.parquet,ctrade1-l2-data,raw_l2/trade_date=2026-07-27/exchange=NSE/symbol=ONGC/part-REDACTED.parquet
2026-07-27,NSE,ONGC,part-042034_716264-004793.parquet,ctrade1-l2-data,raw_l2/trade_date=2026-07-27/exchange=NSE/symbol=ONGC/part-REDACTED.parquet
2026-07-27,NSE,ONGC,part-042048_659860-004825.parquet,ctrade1-l2-data,raw_l2/trade_date=2026-07-27/exchange=NSE/symbol=ONGC/part-REDACTED.parquet
2026-07-27,NSE,ONGC,part-042102_739931-004857.parquet,ctrade1-l2-data,raw_l2/trade_date=2026-07-27/exchange=NSE/symbol=ONGC/part-REDACTED.parquet
2026-07-27,NSE,ONGC,part-042117_089410-004889.parquet,ctrade1-l2-data,raw_l2/trade_date=2026-07-27/exchange=NSE/symbol=ONGC/part-REDACTED.parquet
2026-07-27,NSE,ONGC,part-042131_365800-004921.parquet,ctrade1-l2-data,raw_l2/trade_date=2026-07-27/exchange=NSE/symbol=ONGC/part-REDACTED.parquet
2026-07-27,NSE,ONGC,part-042145_573153-004953.parquet,ctrade1-l2-data,raw_l2/trade_date=2026-07-27/exchange=NSE/symbol=ONGC/part-REDACTED.parquet
2026-07-27,NSE,ONGC,part-042200_001220-004985.parquet,ctrade1-l2-data,raw_l2/trade_date=2026-07-27/exchange=NSE/symbol=ONGC/part-REDACTED.parquet
2026-07-27,NSE,ONGC,part-042214_559863-005017.parquet,ctrade1-l2-data,raw_l2/trade_date=2026-07-27/exchange=NSE/symbol=ONGC/part-REDACTED.parquet
2026-07-27,NSE,ONGC,part-042228_812346-005049.parquet,ctrade1-l2-data,raw_l2/trade_date=2026-07-27/exchange=NSE/symbol=ONGC/part-REDACTED.parquet
2026-07-27,NSE,ONGC,part-042243_186330-005081.parquet,ctrade1-l2-data,raw_l2/trade_date=2026-07-27/exchange=NSE/symbol=ONGC/part-REDACTED.parquet
2026-07-27,NSE,ONGC,part-042257_565031-005113.parquet,ctrade1-l2-data,raw_l2/trade_date=2026-07-27/exchange=NSE/symbol=ONGC/part-REDACTED.parquet
2026-07-27,NSE,ONGC,part-042311_894203-005145.parquet,ctrade1-l2-data,raw_l2/trade_date=2026-07-27/exchange=NSE/symbol=ONGC/part-REDACTED.parquet
2026-07-27,NSE,ONGC,part-042326_189828-005177.parquet,ctrade1-l2-data,raw_l2/trade_date=2026-07-27/exchange=NSE/symbol=ONGC/part-REDACTED.parquet
2026-07-27,NSE,ONGC,part-042340_603210-005209.parquet,ctrade1-l2-data,raw_l2/trade_date=2026-07-27/exchange=NSE/symbol=ONGC/part-REDACTED.parquet
2026-07-27,NSE,ONGC,part-042354_961291-005241.parquet,ctrade1-l2-data,raw_l2/trade_date=2026-07-27/exchange=NSE/symbol=ONGC/part-REDACTED.parquet
2026-07-27,NSE,ONGC,part-042409_456961-005273.parquet,ctrade1-l2-data,raw_l2/trade_date=2026-07-27/exchange=NSE/symbol=ONGC/part-REDACTED.parquet
2026-07-27,NSE,ONGC,part-042423_912201-005305.parquet,ctrade1-l2-data,raw_l2/trade_date=2026-07-27/exchange=NSE/symbol=ONGC/part-REDACTED.parquet
2026-07-27,NSE,ONGC,part-042438_413908-005337.parquet,ctrade1-l2-data,raw_l2/trade_date=2026-07-27/exchange=NSE/symbol=ONGC/part-REDACTED.parquet
2026-07-27,NSE,ONGC,part-042452_631158-005369.parquet,ctrade1-l2-data,raw_l2/trade_date=2026-07-27/exchange=NSE/symbol=ONGC/part-REDACTED.parquet
2026-07-27,NSE,ONGC,part-042506_873159-005401.parquet,ctrade1-l2-data,raw_l2/trade_date=2026-07-27/exchange=NSE/symbol=ONGC/part-REDACTED.parquet
2026-07-27,NSE,ONGC,part-042521_083374-005433.parquet,ctrade1-l2-data,raw_l2/trade_date=2026-07-27/exchange=NSE/symbol=ONGC/part-REDACTED.parquet
2026-07-27,NSE,ONGC,part-042535_477094-005465.parquet,ctrade1-l2-data,raw_l2/trade_date=2026-07-27/exchange=NSE/symbol=ONGC/part-REDACTED.parquet
2026-07-27,NSE,ONGC,part-042549_954502-005497.parquet,ctrade1-l2-data,raw_l2/trade_date=2026-07-27/exchange=NSE/symbol=ONGC/part-REDACTED.parquet
2026-07-27,NSE,ONGC,part-042604_643288-005529.parquet,ctrade1-l2-data,raw_l2/trade_date=2026-07-27/exchange=NSE/symbol=ONGC/part-REDACTED.parquet
2026-07-27,NSE,ONGC,part-042619_173712-005561.parquet,ctrade1-l2-data,raw_l2/trade_date=2026-07-27/exchange=NSE/symbol=ONGC/part-REDACTED.parquet
2026-07-27,NSE,ONGC,part-042633_435198-005593.parquet,ctrade1-l2-data,raw_l2/trade_date=2026-07-27/exchange=NSE/symbol=ONGC/part-REDACTED.parquet
2026-07-27,NSE,ONGC,part-042647_961954-005625.parquet,ctrade1-l2-data,raw_l2/trade_date=2026-07-27/exchange=NSE/symbol=ONGC/part-REDACTED.parquet
2026-07-27,NSE,ONGC,part-042702_470624-005657.parquet,ctrade1-l2-data,raw_l2/trade_date=2026-07-27/exchange=NSE/symbol=ONGC/part-REDACTED.parquet
2026-07-27,NSE,RELIANCE,part-034504_621369-000026.parquet,ctrade1-l2-data,raw_l2/trade_date=2026-07-27/exchange=NSE/symbol=RELIANCE/part-REDACTED.parquet
2026-07-27,NSE,RELIANCE,part-034519_101654-000058.parquet,ctrade1-l2-data,raw_l2/trade_date=2026-07-27/exchange=NSE/symbol=RELIANCE/part-REDACTED.parquet
2026-07-27,NSE,RELIANCE,part-034533_511468-000090.parquet,ctrade1-l2-data,raw_l2/trade_date=2026-07-27/exchange=NSE/symbol=RELIANCE/part-REDACTED.parquet
2026-07-27,NSE,RELIANCE,part-034547_618179-000122.parquet,ctrade1-l2-data,raw_l2/trade_date=2026-07-27/exchange=NSE/symbol=RELIANCE/part-REDACTED.parquet
2026-07-27,NSE,RELIANCE,part-034601_719577-000154.parquet,ctrade1-l2-data,raw_l2/trade_date=2026-07-27/exchange=NSE/symbol=RELIANCE/part-REDACTED.parquet
2026-07-27,NSE,RELIANCE,part-034616_142915-000186.parquet,ctrade1-l2-data,raw_l2/trade_date=2026-07-27/exchange=NSE/symbol=RELIANCE/part-REDACTED.parquet
2026-07-27,NSE,RELIANCE,part-034630_451507-000218.parquet,ctrade1-l2-data,raw_l2/trade_date=2026-07-27/exchange=NSE/symbol=RELIANCE/part-REDACTED.parquet
2026-07-27,NSE,RELIANCE,part-034645_060255-000250.parquet,ctrade1-l2-data,raw_l2/trade_date=2026-07-27/exchange=NSE/symbol=RELIANCE/part-REDACTED.parquet
2026-07-27,NSE,RELIANCE,part-034659_135576-000282.parquet,ctrade1-l2-data,raw_l2/trade_date=2026-07-27/exchange=NSE/symbol=RELIANCE/part-REDACTED.parquet
2026-07-27,NSE,RELIANCE,part-034713_143717-000314.parquet,ctrade1-l2-data,raw_l2/trade_date=2026-07-27/exchange=NSE/symbol=RELIANCE/part-REDACTED.parquet
2026-07-27,NSE,RELIANCE,part-034727_149680-000346.parquet,ctrade1-l2-data,raw_l2/trade_date=2026-07-27/exchange=NSE/symbol=RELIANCE/part-REDACTED.parquet
2026-07-27,NSE,RELIANCE,part-034741_355848-000378.parquet,ctrade1-l2-data,raw_l2/trade_date=2026-07-27/exchange=NSE/symbol=RELIANCE/part-REDACTED.parquet
2026-07-27,NSE,RELIANCE,part-034755_503047-000410.parquet,ctrade1-l2-data,raw_l2/trade_date=2026-07-27/exchange=NSE/symbol=RELIANCE/part-REDACTED.parquet
2026-07-27,NSE,RELIANCE,part-034809_851919-000442.parquet,ctrade1-l2-data,raw_l2/trade_date=2026-07-27/exchange=NSE/symbol=RELIANCE/part-REDACTED.parquet
2026-07-27,NSE,RELIANCE,part-034824_344669-000474.parquet,ctrade1-l2-data,raw_l2/trade_date=2026-07-27/exchange=NSE/symbol=RELIANCE/part-REDACTED.parquet
2026-07-27,NSE,RELIANCE,part-034838_781235-000506.parquet,ctrade1-l2-data,raw_l2/trade_date=2026-07-27/exchange=NSE/symbol=RELIANCE/part-REDACTED.parquet
2026-07-27,NSE,RELIANCE,part-034853_185483-000538.parquet,ctrade1-l2-data,raw_l2/trade_date=2026-07-27/exchange=NSE/symbol=RELIANCE/part-REDACTED.parquet
2026-07-27,NSE,RELIANCE,part-034907_455708-000570.parquet,ctrade1-l2-data,raw_l2/trade_date=2026-07-27/exchange=NSE/symbol=RELIANCE/part-REDACTED.parquet
2026-07-27,NSE,RELIANCE,part-034921_908310-000602.parquet,ctrade1-l2-data,raw_l2/trade_date=2026-07-27/exchange=NSE/symbol=RELIANCE/part-REDACTED.parquet
2026-07-27,NSE,RELIANCE,part-034936_362241-000634.parquet,ctrade1-l2-data,raw_l2/trade_date=2026-07-27/exchange=NSE/symbol=RELIANCE/part-REDACTED.parquet
2026-07-27,NSE,RELIANCE,part-034951_065631-000666.parquet,ctrade1-l2-data,raw_l2/trade_date=2026-07-27/exchange=NSE/symbol=RELIANCE/part-REDACTED.parquet
2026-07-27,NSE,RELIANCE,part-035005_501069-000698.parquet,ctrade1-l2-data,raw_l2/trade_date=2026-07-27/exchange=NSE/symbol=RELIANCE/part-REDACTED.parquet
2026-07-27,NSE,RELIANCE,part-035019_621992-000730.parquet,ctrade1-l2-data,raw_l2/trade_date=2026-07-27/exchange=NSE/symbol=RELIANCE/part-REDACTED.parquet
2026-07-27,NSE,RELIANCE,part-035033_677309-000762.parquet,ctrade1-l2-data,raw_l2/trade_date=2026-07-27/exchange=NSE/symbol=RELIANCE/part-REDACTED.parquet
2026-07-27,NSE,RELIANCE,part-035047_951673-000794.parquet,ctrade1-l2-data,raw_l2/trade_date=2026-07-27/exchange=NSE/symbol=RELIANCE/part-REDACTED.parquet
2026-07-27,NSE,RELIANCE,part-035102_169214-000826.parquet,ctrade1-l2-data,raw_l2/trade_date=2026-07-27/exchange=NSE/symbol=RELIANCE/part-REDACTED.parquet
2026-07-27,NSE,RELIANCE,part-035116_592983-000858.parquet,ctrade1-l2-data,raw_l2/trade_date=2026-07-27/exchange=NSE/symbol=RELIANCE/part-REDACTED.parquet
2026-07-27,NSE,RELIANCE,part-035130_904204-000890.parquet,ctrade1-l2-data,raw_l2/trade_date=2026-07-27/exchange=NSE/symbol=RELIANCE/part-REDACTED.parquet
2026-07-27,NSE,RELIANCE,part-035144_987135-000922.parquet,ctrade1-l2-data,raw_l2/trade_date=2026-07-27/exchange=NSE/symbol=RELIANCE/part-REDACTED.parquet
2026-07-27,NSE,RELIANCE,part-035159_343457-000954.parquet,ctrade1-l2-data,raw_l2/trade_date=2026-07-27/exchange=NSE/symbol=RELIANCE/part-REDACTED.parquet
2026-07-27,NSE,RELIANCE,part-035213_539695-000986.parquet,ctrade1-l2-data,raw_l2/trade_date=2026-07-27/exchange=NSE/symbol=RELIANCE/part-REDACTED.parquet
2026-07-27,NSE,RELIANCE,part-035227_717721-001018.parquet,ctrade1-l2-data,raw_l2/trade_date=2026-07-27/exchange=NSE/symbol=RELIANCE/part-REDACTED.parquet
2026-07-27,NSE,RELIANCE,part-035241_943021-001050.parquet,ctrade1-l2-data,raw_l2/trade_date=2026-07-27/exchange=NSE/symbol=RELIANCE/part-REDACTED.parquet
2026-07-27,NSE,RELIANCE,part-035256_307449-001082.parquet,ctrade1-l2-data,raw_l2/trade_date=2026-07-27/exchange=NSE/symbol=RELIANCE/part-REDACTED.parquet
2026-07-27,NSE,RELIANCE,part-035310_580875-001114.parquet,ctrade1-l2-data,raw_l2/trade_date=2026-07-27/exchange=NSE/symbol=RELIANCE/part-REDACTED.parquet
2026-07-27,NSE,RELIANCE,part-035324_903778-001146.parquet,ctrade1-l2-data,raw_l2/trade_date=2026-07-27/exchange=NSE/symbol=RELIANCE/part-REDACTED.parquet
2026-07-27,NSE,RELIANCE,part-035339_324955-001178.parquet,ctrade1-l2-data,raw_l2/trade_date=2026-07-27/exchange=NSE/symbol=RELIANCE/part-REDACTED.parquet
2026-07-27,NSE,RELIANCE,part-035353_789429-001210.parquet,ctrade1-l2-data,raw_l2/trade_date=2026-07-27/exchange=NSE/symbol=RELIANCE/part-REDACTED.parquet
2026-07-27,NSE,RELIANCE,part-035407_997848-001242.parquet,ctrade1-l2-data,raw_l2/trade_date=2026-07-27/exchange=NSE/symbol=RELIANCE/part-REDACTED.parquet
2026-07-27,NSE,RELIANCE,part-035422_119310-001274.parquet,ctrade1-l2-data,raw_l2/trade_date=2026-07-27/exchange=NSE/symbol=RELIANCE/part-REDACTED.parquet
2026-07-27,NSE,RELIANCE,part-035436_292917-001306.parquet,ctrade1-l2-data,raw_l2/trade_date=2026-07-27/exchange=NSE/symbol=RELIANCE/part-REDACTED.parquet
2026-07-27,NSE,RELIANCE,part-035451_294341-001338.parquet,ctrade1-l2-data,raw_l2/trade_date=2026-07-27/exchange=NSE/symbol=RELIANCE/part-REDACTED.parquet
2026-07-27,NSE,RELIANCE,part-035505_666793-001370.parquet,ctrade1-l2-data,raw_l2/trade_date=2026-07-27/exchange=NSE/symbol=RELIANCE/part-REDACTED.parquet
2026-07-27,NSE,RELIANCE,part-035520_241436-001402.parquet,ctrade1-l2-data,raw_l2/trade_date=2026-07-27/exchange=NSE/symbol=RELIANCE/part-REDACTED.parquet
2026-07-27,NSE,RELIANCE,part-035534_425771-001434.parquet,ctrade1-l2-data,raw_l2/trade_date=2026-07-27/exchange=NSE/symbol=RELIANCE/part-REDACTED.parquet
2026-07-27,NSE,RELIANCE,part-035548_879295-001466.parquet,ctrade1-l2-data,raw_l2/trade_date=2026-07-27/exchange=NSE/symbol=RELIANCE/part-REDACTED.parquet
2026-07-27,NSE,RELIANCE,part-035603_497179-001498.parquet,ctrade1-l2-data,raw_l2/trade_date=2026-07-27/exchange=NSE/symbol=RELIANCE/part-REDACTED.parquet
2026-07-27,NSE,RELIANCE,part-035617_964120-001530.parquet,ctrade1-l2-data,raw_l2/trade_date=2026-07-27/exchange=NSE/symbol=RELIANCE/part-REDACTED.parquet
2026-07-27,NSE,RELIANCE,part-035632_501008-001562.parquet,ctrade1-l2-data,raw_l2/trade_date=2026-07-27/exchange=NSE/symbol=RELIANCE/part-REDACTED.parquet
2026-07-27,NSE,RELIANCE,part-035646_707887-001594.parquet,ctrade1-l2-data,raw_l2/trade_date=2026-07-27/exchange=NSE/symbol=RELIANCE/part-REDACTED.parquet
2026-07-27,NSE,RELIANCE,part-035700_938430-001626.parquet,ctrade1-l2-data,raw_l2/trade_date=2026-07-27/exchange=NSE/symbol=RELIANCE/part-REDACTED.parquet
2026-07-27,NSE,RELIANCE,part-035715_187246-001658.parquet,ctrade1-l2-data,raw_l2/trade_date=2026-07-27/exchange=NSE/symbol=RELIANCE/part-REDACTED.parquet
2026-07-27,NSE,RELIANCE,part-035729_739247-001690.parquet,ctrade1-l2-data,raw_l2/trade_date=2026-07-27/exchange=NSE/symbol=RELIANCE/part-REDACTED.parquet
2026-07-27,NSE,RELIANCE,part-035744_063247-001722.parquet,ctrade1-l2-data,raw_l2/trade_date=2026-07-27/exchange=NSE/symbol=RELIANCE/part-REDACTED.parquet
2026-07-27,NSE,RELIANCE,part-035758_234317-001754.parquet,ctrade1-l2-data,raw_l2/trade_date=2026-07-27/exchange=NSE/symbol=RELIANCE/part-REDACTED.parquet
2026-07-27,NSE,RELIANCE,part-035812_506084-001786.parquet,ctrade1-l2-data,raw_l2/trade_date=2026-07-27/exchange=NSE/symbol=RELIANCE/part-REDACTED.parquet
2026-07-27,NSE,RELIANCE,part-035826_943964-001818.parquet,ctrade1-l2-data,raw_l2/trade_date=2026-07-27/exchange=NSE/symbol=RELIANCE/part-REDACTED.parquet
2026-07-27,NSE,RELIANCE,part-035841_459812-001850.parquet,ctrade1-l2-data,raw_l2/trade_date=2026-07-27/exchange=NSE/symbol=RELIANCE/part-REDACTED.parquet
2026-07-27,NSE,RELIANCE,part-035855_826136-001882.parquet,ctrade1-l2-data,raw_l2/trade_date=2026-07-27/exchange=NSE/symbol=RELIANCE/part-REDACTED.parquet
2026-07-27,NSE,RELIANCE,part-035910_066226-001914.parquet,ctrade1-l2-data,raw_l2/trade_date=2026-07-27/exchange=NSE/symbol=RELIANCE/part-REDACTED.parquet
2026-07-27,NSE,RELIANCE,part-035924_650906-001946.parquet,ctrade1-l2-data,raw_l2/trade_date=2026-07-27/exchange=NSE/symbol=RELIANCE/part-REDACTED.parquet
2026-07-27,NSE,RELIANCE,part-035938_966290-001978.parquet,ctrade1-l2-data,raw_l2/trade_date=2026-07-27/exchange=NSE/symbol=RELIANCE/part-REDACTED.parquet
2026-07-27,NSE,RELIANCE,part-035953_109991-002010.parquet,ctrade1-l2-data,raw_l2/trade_date=2026-07-27/exchange=NSE/symbol=RELIANCE/part-REDACTED.parquet
2026-07-27,NSE,RELIANCE,part-040007_901113-002042.parquet,ctrade1-l2-data,raw_l2/trade_date=2026-07-27/exchange=NSE/symbol=RELIANCE/part-REDACTED.parquet
2026-07-27,NSE,RELIANCE,part-040022_207403-002074.parquet,ctrade1-l2-data,raw_l2/trade_date=2026-07-27/exchange=NSE/symbol=RELIANCE/part-REDACTED.parquet
2026-07-27,NSE,RELIANCE,part-040036_485559-002106.parquet,ctrade1-l2-data,raw_l2/trade_date=2026-07-27/exchange=NSE/symbol=RELIANCE/part-REDACTED.parquet
2026-07-27,NSE,RELIANCE,part-040050_951293-002138.parquet,ctrade1-l2-data,raw_l2/trade_date=2026-07-27/exchange=NSE/symbol=RELIANCE/part-REDACTED.parquet
2026-07-27,NSE,RELIANCE,part-040105_494952-002170.parquet,ctrade1-l2-data,raw_l2/trade_date=2026-07-27/exchange=NSE/symbol=RELIANCE/part-REDACTED.parquet
2026-07-27,NSE,RELIANCE,part-040119_855080-002202.parquet,ctrade1-l2-data,raw_l2/trade_date=2026-07-27/exchange=NSE/symbol=RELIANCE/part-REDACTED.parquet
2026-07-27,NSE,RELIANCE,part-040134_126991-002234.parquet,ctrade1-l2-data,raw_l2/trade_date=2026-07-27/exchange=NSE/symbol=RELIANCE/part-REDACTED.parquet
2026-07-27,NSE,RELIANCE,part-040148_696438-002266.parquet,ctrade1-l2-data,raw_l2/trade_date=2026-07-27/exchange=NSE/symbol=RELIANCE/part-REDACTED.parquet
2026-07-27,NSE,RELIANCE,part-040203_117888-002298.parquet,ctrade1-l2-data,raw_l2/trade_date=2026-07-27/exchange=NSE/symbol=RELIANCE/part-REDACTED.parquet
2026-07-27,NSE,RELIANCE,part-040217_595755-002330.parquet,ctrade1-l2-data,raw_l2/trade_date=2026-07-27/exchange=NSE/symbol=RELIANCE/part-REDACTED.parquet
2026-07-27,NSE,RELIANCE,part-040232_437228-002362.parquet,ctrade1-l2-data,raw_l2/trade_date=2026-07-27/exchange=NSE/symbol=RELIANCE/part-REDACTED.parquet
2026-07-27,NSE,RELIANCE,part-040246_923369-002394.parquet,ctrade1-l2-data,raw_l2/trade_date=2026-07-27/exchange=NSE/symbol=RELIANCE/part-REDACTED.parquet
2026-07-27,NSE,RELIANCE,part-040301_640886-002426.parquet,ctrade1-l2-data,raw_l2/trade_date=2026-07-27/exchange=NSE/symbol=RELIANCE/part-REDACTED.parquet
2026-07-27,NSE,RELIANCE,part-040315_977278-002458.parquet,ctrade1-l2-data,raw_l2/trade_date=2026-07-27/exchange=NSE/symbol=RELIANCE/part-REDACTED.parquet
2026-07-27,NSE,RELIANCE,part-040330_336948-002490.parquet,ctrade1-l2-data,raw_l2/trade_date=2026-07-27/exchange=NSE/symbol=RELIANCE/part-REDACTED.parquet
2026-07-27,NSE,RELIANCE,part-040344_753699-002522.parquet,ctrade1-l2-data,raw_l2/trade_date=2026-07-27/exchange=NSE/symbol=RELIANCE/part-REDACTED.parquet
2026-07-27,NSE,RELIANCE,part-040359_470313-002554.parquet,ctrade1-l2-data,raw_l2/trade_date=2026-07-27/exchange=NSE/symbol=RELIANCE/part-REDACTED.parquet
2026-07-27,NSE,RELIANCE,part-040414_024819-002586.parquet,ctrade1-l2-data,raw_l2/trade_date=2026-07-27/exchange=NSE/symbol=RELIANCE/part-REDACTED.parquet
2026-07-27,NSE,RELIANCE,part-040428_270115-002618.parquet,ctrade1-l2-data,raw_l2/trade_date=2026-07-27/exchange=NSE/symbol=RELIANCE/part-REDACTED.parquet
2026-07-27,NSE,RELIANCE,part-040442_591193-002650.parquet,ctrade1-l2-data,raw_l2/trade_date=2026-07-27/exchange=NSE/symbol=RELIANCE/part-REDACTED.parquet
2026-07-27,NSE,RELIANCE,part-040456_891346-002682.parquet,ctrade1-l2-data,raw_l2/trade_date=2026-07-27/exchange=NSE/symbol=RELIANCE/part-REDACTED.parquet
2026-07-27,NSE,RELIANCE,part-040511_385410-002714.parquet,ctrade1-l2-data,raw_l2/trade_date=2026-07-27/exchange=NSE/symbol=RELIANCE/part-REDACTED.parquet
2026-07-27,NSE,RELIANCE,part-040525_457959-002746.parquet,ctrade1-l2-data,raw_l2/trade_date=2026-07-27/exchange=NSE/symbol=RELIANCE/part-REDACTED.parquet
2026-07-27,NSE,RELIANCE,part-040539_579325-002778.parquet,ctrade1-l2-data,raw_l2/trade_date=2026-07-27/exchange=NSE/symbol=RELIANCE/part-REDACTED.parquet
2026-07-27,NSE,RELIANCE,part-040553_705761-002810.parquet,ctrade1-l2-data,raw_l2/trade_date=2026-07-27/exchange=NSE/symbol=RELIANCE/part-REDACTED.parquet
2026-07-27,NSE,RELIANCE,part-040607_716368-002842.parquet,ctrade1-l2-data,raw_l2/trade_date=2026-07-27/exchange=NSE/symbol=RELIANCE/part-REDACTED.parquet
2026-07-27,NSE,RELIANCE,part-040621_766606-002874.parquet,ctrade1-l2-data,raw_l2/trade_date=2026-07-27/exchange=NSE/symbol=RELIANCE/part-REDACTED.parquet
2026-07-27,NSE,RELIANCE,part-040635_794785-002906.parquet,ctrade1-l2-data,raw_l2/trade_date=2026-07-27/exchange=NSE/symbol=RELIANCE/part-REDACTED.parquet
2026-07-27,NSE,RELIANCE,part-040649_865452-002938.parquet,ctrade1-l2-data,raw_l2/trade_date=2026-07-27/exchange=NSE/symbol=RELIANCE/part-REDACTED.parquet
2026-07-27,NSE,RELIANCE,part-040703_866355-002970.parquet,ctrade1-l2-data,raw_l2/trade_date=2026-07-27/exchange=NSE/symbol=RELIANCE/part-REDACTED.parquet
2026-07-27,NSE,RELIANCE,part-040718_261044-003002.parquet,ctrade1-l2-data,raw_l2/trade_date=2026-07-27/exchange=NSE/symbol=RELIANCE/part-REDACTED.parquet
2026-07-27,NSE,RELIANCE,part-040732_414230-003034.parquet,ctrade1-l2-data,raw_l2/trade_date=2026-07-27/exchange=NSE/symbol=RELIANCE/part-REDACTED.parquet
2026-07-27,NSE,RELIANCE,part-040746_477436-003066.parquet,ctrade1-l2-data,raw_l2/trade_date=2026-07-27/exchange=NSE/symbol=RELIANCE/part-REDACTED.parquet
2026-07-27,NSE,RELIANCE,part-040801_258552-003098.parquet,ctrade1-l2-data,raw_l2/trade_date=2026-07-27/exchange=NSE/symbol=RELIANCE/part-REDACTED.parquet
2026-07-27,NSE,RELIANCE,part-040815_507161-003130.parquet,ctrade1-l2-data,raw_l2/trade_date=2026-07-27/exchange=NSE/symbol=RELIANCE/part-REDACTED.parquet
2026-07-27,NSE,RELIANCE,part-040829_689994-003162.parquet,ctrade1-l2-data,raw_l2/trade_date=2026-07-27/exchange=NSE/symbol=RELIANCE/part-REDACTED.parquet
2026-07-27,NSE,RELIANCE,part-040843_874556-003194.parquet,ctrade1-l2-data,raw_l2/trade_date=2026-07-27/exchange=NSE/symbol=RELIANCE/part-REDACTED.parquet
2026-07-27,NSE,RELIANCE,part-040858_163749-003226.parquet,ctrade1-l2-data,raw_l2/trade_date=2026-07-27/exchange=NSE/symbol=RELIANCE/part-REDACTED.parquet
2026-07-27,NSE,RELIANCE,part-040912_380429-003258.parquet,ctrade1-l2-data,raw_l2/trade_date=2026-07-27/exchange=NSE/symbol=RELIANCE/part-REDACTED.parquet
2026-07-27,NSE,RELIANCE,part-040926_559584-003290.parquet,ctrade1-l2-data,raw_l2/trade_date=2026-07-27/exchange=NSE/symbol=RELIANCE/part-REDACTED.parquet
2026-07-27,NSE,RELIANCE,part-040940_777605-003322.parquet,ctrade1-l2-data,raw_l2/trade_date=2026-07-27/exchange=NSE/symbol=RELIANCE/part-REDACTED.parquet
2026-07-27,NSE,RELIANCE,part-040954_968947-003354.parquet,ctrade1-l2-data,raw_l2/trade_date=2026-07-27/exchange=NSE/symbol=RELIANCE/part-REDACTED.parquet
2026-07-27,NSE,RELIANCE,part-041009_153753-003386.parquet,ctrade1-l2-data,raw_l2/trade_date=2026-07-27/exchange=NSE/symbol=RELIANCE/part-REDACTED.parquet
2026-07-27,NSE,RELIANCE,part-041023_459048-003418.parquet,ctrade1-l2-data,raw_l2/trade_date=2026-07-27/exchange=NSE/symbol=RELIANCE/part-REDACTED.parquet
2026-07-27,NSE,RELIANCE,part-041037_843381-003450.parquet,ctrade1-l2-data,raw_l2/trade_date=2026-07-27/exchange=NSE/symbol=RELIANCE/part-REDACTED.parquet
2026-07-27,NSE,RELIANCE,part-041052_011886-003482.parquet,ctrade1-l2-data,raw_l2/trade_date=2026-07-27/exchange=NSE/symbol=RELIANCE/part-REDACTED.parquet
2026-07-27,NSE,RELIANCE,part-041106_401582-003514.parquet,ctrade1-l2-data,raw_l2/trade_date=2026-07-27/exchange=NSE/symbol=RELIANCE/part-REDACTED.parquet
2026-07-27,NSE,RELIANCE,part-041120_615707-003546.parquet,ctrade1-l2-data,raw_l2/trade_date=2026-07-27/exchange=NSE/symbol=RELIANCE/part-REDACTED.parquet
2026-07-27,NSE,RELIANCE,part-041134_799352-003578.parquet,ctrade1-l2-data,raw_l2/trade_date=2026-07-27/exchange=NSE/symbol=RELIANCE/part-REDACTED.parquet
2026-07-27,NSE,RELIANCE,part-041149_035946-003610.parquet,ctrade1-l2-data,raw_l2/trade_date=2026-07-27/exchange=NSE/symbol=RELIANCE/part-REDACTED.parquet
2026-07-27,NSE,RELIANCE,part-041202_963885-003642.parquet,ctrade1-l2-data,raw_l2/trade_date=2026-07-27/exchange=NSE/symbol=RELIANCE/part-REDACTED.parquet
2026-07-27,NSE,RELIANCE,part-041217_000922-003674.parquet,ctrade1-l2-data,raw_l2/trade_date=2026-07-27/exchange=NSE/symbol=RELIANCE/part-REDACTED.parquet
2026-07-27,NSE,RELIANCE,part-041231_779421-003706.parquet,ctrade1-l2-data,raw_l2/trade_date=2026-07-27/exchange=NSE/symbol=RELIANCE/part-REDACTED.parquet
2026-07-27,NSE,RELIANCE,part-041246_224516-003738.parquet,ctrade1-l2-data,raw_l2/trade_date=2026-07-27/exchange=NSE/symbol=RELIANCE/part-REDACTED.parquet
2026-07-27,NSE,RELIANCE,part-041300_188217-003770.parquet,ctrade1-l2-data,raw_l2/trade_date=2026-07-27/exchange=NSE/symbol=RELIANCE/part-REDACTED.parquet
2026-07-27,NSE,RELIANCE,part-041314_686846-003802.parquet,ctrade1-l2-data,raw_l2/trade_date=2026-07-27/exchange=NSE/symbol=RELIANCE/part-REDACTED.parquet
2026-07-27,NSE,RELIANCE,part-041328_782661-003834.parquet,ctrade1-l2-data,raw_l2/trade_date=2026-07-27/exchange=NSE/symbol=RELIANCE/part-REDACTED.parquet
2026-07-27,NSE,RELIANCE,part-041342_804256-003866.parquet,ctrade1-l2-data,raw_l2/trade_date=2026-07-27/exchange=NSE/symbol=RELIANCE/part-REDACTED.parquet
2026-07-27,NSE,RELIANCE,part-041356_850910-003898.parquet,ctrade1-l2-data,raw_l2/trade_date=2026-07-27/exchange=NSE/symbol=RELIANCE/part-REDACTED.parquet
2026-07-27,NSE,RELIANCE,part-041410_881005-003930.parquet,ctrade1-l2-data,raw_l2/trade_date=2026-07-27/exchange=NSE/symbol=RELIANCE/part-REDACTED.parquet
2026-07-27,NSE,RELIANCE,part-041424_777000-003962.parquet,ctrade1-l2-data,raw_l2/trade_date=2026-07-27/exchange=NSE/symbol=RELIANCE/part-REDACTED.parquet
2026-07-27,NSE,RELIANCE,part-041438_791694-003994.parquet,ctrade1-l2-data,raw_l2/trade_date=2026-07-27/exchange=NSE/symbol=RELIANCE/part-REDACTED.parquet
2026-07-27,NSE,RELIANCE,part-041452_805160-004026.parquet,ctrade1-l2-data,raw_l2/trade_date=2026-07-27/exchange=NSE/symbol=RELIANCE/part-REDACTED.parquet
2026-07-27,NSE,RELIANCE,part-041506_866529-004058.parquet,ctrade1-l2-data,raw_l2/trade_date=2026-07-27/exchange=NSE/symbol=RELIANCE/part-REDACTED.parquet
2026-07-27,NSE,RELIANCE,part-041520_853803-004090.parquet,ctrade1-l2-data,raw_l2/trade_date=2026-07-27/exchange=NSE/symbol=RELIANCE/part-REDACTED.parquet
2026-07-27,NSE,RELIANCE,part-041535_221764-004122.parquet,ctrade1-l2-data,raw_l2/trade_date=2026-07-27/exchange=NSE/symbol=RELIANCE/part-REDACTED.parquet
2026-07-27,NSE,RELIANCE,part-041549_509205-004154.parquet,ctrade1-l2-data,raw_l2/trade_date=2026-07-27/exchange=NSE/symbol=RELIANCE/part-REDACTED.parquet
2026-07-27,NSE,RELIANCE,part-041603_656498-004186.parquet,ctrade1-l2-data,raw_l2/trade_date=2026-07-27/exchange=NSE/symbol=RELIANCE/part-REDACTED.parquet
2026-07-27,NSE,RELIANCE,part-041617_814651-004218.parquet,ctrade1-l2-data,raw_l2/trade_date=2026-07-27/exchange=NSE/symbol=RELIANCE/part-REDACTED.parquet
2026-07-27,NSE,RELIANCE,part-041633_710315-004250.parquet,ctrade1-l2-data,raw_l2/trade_date=2026-07-27/exchange=NSE/symbol=RELIANCE/part-REDACTED.parquet
2026-07-27,NSE,RELIANCE,part-041648_559055-004282.parquet,ctrade1-l2-data,raw_l2/trade_date=2026-07-27/exchange=NSE/symbol=RELIANCE/part-REDACTED.parquet
2026-07-27,NSE,RELIANCE,part-041702_548141-004314.parquet,ctrade1-l2-data,raw_l2/trade_date=2026-07-27/exchange=NSE/symbol=RELIANCE/part-REDACTED.parquet
2026-07-27,NSE,RELIANCE,part-041716_723693-004346.parquet,ctrade1-l2-data,raw_l2/trade_date=2026-07-27/exchange=NSE/symbol=RELIANCE/part-REDACTED.parquet
2026-07-27,NSE,RELIANCE,part-041731_192705-004378.parquet,ctrade1-l2-data,raw_l2/trade_date=2026-07-27/exchange=NSE/symbol=RELIANCE/part-REDACTED.parquet
2026-07-27,NSE,RELIANCE,part-041745_445422-004410.parquet,ctrade1-l2-data,raw_l2/trade_date=2026-07-27/exchange=NSE/symbol=RELIANCE/part-REDACTED.parquet
2026-07-27,NSE,RELIANCE,part-041759_907442-004442.parquet,ctrade1-l2-data,raw_l2/trade_date=2026-07-27/exchange=NSE/symbol=RELIANCE/part-REDACTED.parquet
2026-07-27,NSE,RELIANCE,part-041814_134171-004474.parquet,ctrade1-l2-data,raw_l2/trade_date=2026-07-27/exchange=NSE/symbol=RELIANCE/part-REDACTED.parquet
2026-07-27,NSE,RELIANCE,part-041828_197397-004506.parquet,ctrade1-l2-data,raw_l2/trade_date=2026-07-27/exchange=NSE/symbol=RELIANCE/part-REDACTED.parquet
2026-07-27,NSE,RELIANCE,part-041842_164814-004538.parquet,ctrade1-l2-data,raw_l2/trade_date=2026-07-27/exchange=NSE/symbol=RELIANCE/part-REDACTED.parquet
2026-07-27,NSE,RELIANCE,part-041856_275293-004570.parquet,ctrade1-l2-data,raw_l2/trade_date=2026-07-27/exchange=NSE/symbol=RELIANCE/part-REDACTED.parquet
2026-07-27,NSE,RELIANCE,part-041910_352764-004602.parquet,ctrade1-l2-data,raw_l2/trade_date=2026-07-27/exchange=NSE/symbol=RELIANCE/part-REDACTED.parquet
2026-07-27,NSE,RELIANCE,part-041924_323971-004634.parquet,ctrade1-l2-data,raw_l2/trade_date=2026-07-27/exchange=NSE/symbol=RELIANCE/part-REDACTED.parquet
2026-07-27,NSE,RELIANCE,part-041938_238704-004666.parquet,ctrade1-l2-data,raw_l2/trade_date=2026-07-27/exchange=NSE/symbol=RELIANCE/part-REDACTED.parquet
2026-07-27,NSE,RELIANCE,part-041952_288706-004698.parquet,ctrade1-l2-data,raw_l2/trade_date=2026-07-27/exchange=NSE/symbol=RELIANCE/part-REDACTED.parquet
2026-07-27,NSE,RELIANCE,part-042006_520850-004730.parquet,ctrade1-l2-data,raw_l2/trade_date=2026-07-27/exchange=NSE/symbol=RELIANCE/part-REDACTED.parquet
2026-07-27,NSE,RELIANCE,part-042020_611614-004762.parquet,ctrade1-l2-data,raw_l2/trade_date=2026-07-27/exchange=NSE/symbol=RELIANCE/part-REDACTED.parquet
2026-07-27,NSE,RELIANCE,part-042034_865687-004794.parquet,ctrade1-l2-data,raw_l2/trade_date=2026-07-27/exchange=NSE/symbol=RELIANCE/part-REDACTED.parquet
2026-07-27,NSE,RELIANCE,part-042048_777460-004826.parquet,ctrade1-l2-data,raw_l2/trade_date=2026-07-27/exchange=NSE/symbol=RELIANCE/part-REDACTED.parquet
2026-07-27,NSE,RELIANCE,part-042102_865710-004858.parquet,ctrade1-l2-data,raw_l2/trade_date=2026-07-27/exchange=NSE/symbol=RELIANCE/part-REDACTED.parquet
2026-07-27,NSE,RELIANCE,part-042117_210522-004890.parquet,ctrade1-l2-data,raw_l2/trade_date=2026-07-27/exchange=NSE/symbol=RELIANCE/part-REDACTED.parquet
2026-07-27,NSE,RELIANCE,part-042131_497664-004922.parquet,ctrade1-l2-data,raw_l2/trade_date=2026-07-27/exchange=NSE/symbol=RELIANCE/part-REDACTED.parquet
2026-07-27,NSE,RELIANCE,part-042145_702533-004954.parquet,ctrade1-l2-data,raw_l2/trade_date=2026-07-27/exchange=NSE/symbol=RELIANCE/part-REDACTED.parquet
2026-07-27,NSE,RELIANCE,part-042200_156057-004986.parquet,ctrade1-l2-data,raw_l2/trade_date=2026-07-27/exchange=NSE/symbol=RELIANCE/part-REDACTED.parquet
2026-07-27,NSE,RELIANCE,part-042214_688407-005018.parquet,ctrade1-l2-data,raw_l2/trade_date=2026-07-27/exchange=NSE/symbol=RELIANCE/part-REDACTED.parquet
2026-07-27,NSE,RELIANCE,part-042228_940469-005050.parquet,ctrade1-l2-data,raw_l2/trade_date=2026-07-27/exchange=NSE/symbol=RELIANCE/part-REDACTED.parquet
2026-07-27,NSE,RELIANCE,part-042243_304397-005082.parquet,ctrade1-l2-data,raw_l2/trade_date=2026-07-27/exchange=NSE/symbol=RELIANCE/part-REDACTED.parquet
2026-07-27,NSE,RELIANCE,part-042257_681542-005114.parquet,ctrade1-l2-data,raw_l2/trade_date=2026-07-27/exchange=NSE/symbol=RELIANCE/part-REDACTED.parquet
2026-07-27,NSE,RELIANCE,part-042312_014845-005146.parquet,ctrade1-l2-data,raw_l2/trade_date=2026-07-27/exchange=NSE/symbol=RELIANCE/part-REDACTED.parquet
2026-07-27,NSE,RELIANCE,part-042326_311851-005178.parquet,ctrade1-l2-data,raw_l2/trade_date=2026-07-27/exchange=NSE/symbol=RELIANCE/part-REDACTED.parquet
2026-07-27,NSE,RELIANCE,part-042340_723484-005210.parquet,ctrade1-l2-data,raw_l2/trade_date=2026-07-27/exchange=NSE/symbol=RELIANCE/part-REDACTED.parquet
2026-07-27,NSE,RELIANCE,part-042355_118937-005242.parquet,ctrade1-l2-data,raw_l2/trade_date=2026-07-27/exchange=NSE/symbol=RELIANCE/part-REDACTED.parquet
2026-07-27,NSE,RELIANCE,part-042409_586308-005274.parquet,ctrade1-l2-data,raw_l2/trade_date=2026-07-27/exchange=NSE/symbol=RELIANCE/part-REDACTED.parquet
2026-07-27,NSE,RELIANCE,part-042424_043322-005306.parquet,ctrade1-l2-data,raw_l2/trade_date=2026-07-27/exchange=NSE/symbol=RELIANCE/part-REDACTED.parquet
2026-07-27,NSE,RELIANCE,part-042438_542813-005338.parquet,ctrade1-l2-data,raw_l2/trade_date=2026-07-27/exchange=NSE/symbol=RELIANCE/part-REDACTED.parquet
2026-07-27,NSE,RELIANCE,part-042452_761655-005370.parquet,ctrade1-l2-data,raw_l2/trade_date=2026-07-27/exchange=NSE/symbol=RELIANCE/part-REDACTED.parquet
2026-07-27,NSE,RELIANCE,part-042507_011097-005402.parquet,ctrade1-l2-data,raw_l2/trade_date=2026-07-27/exchange=NSE/symbol=RELIANCE/part-REDACTED.parquet
2026-07-27,NSE,RELIANCE,part-042521_203149-005434.parquet,ctrade1-l2-data,raw_l2/trade_date=2026-07-27/exchange=NSE/symbol=RELIANCE/part-REDACTED.parquet
2026-07-27,NSE,RELIANCE,part-042535_604826-005466.parquet,ctrade1-l2-data,raw_l2/trade_date=2026-07-27/exchange=NSE/symbol=RELIANCE/part-REDACTED.parquet
2026-07-27,NSE,RELIANCE,part-042550_137636-005498.parquet,ctrade1-l2-data,raw_l2/trade_date=2026-07-27/exchange=NSE/symbol=RELIANCE/part-REDACTED.parquet
2026-07-27,NSE,RELIANCE,part-042604_840281-005530.parquet,ctrade1-l2-data,raw_l2/trade_date=2026-07-27/exchange=NSE/symbol=RELIANCE/part-REDACTED.parquet
2026-07-27,NSE,RELIANCE,part-042619_289341-005562.parquet,ctrade1-l2-data,raw_l2/trade_date=2026-07-27/exchange=NSE/symbol=RELIANCE/part-REDACTED.parquet
2026-07-27,NSE,RELIANCE,part-042633_555644-005594.parquet,ctrade1-l2-data,raw_l2/trade_date=2026-07-27/exchange=NSE/symbol=RELIANCE/part-REDACTED.parquet
2026-07-27,NSE,RELIANCE,part-042648_117030-005626.parquet,ctrade1-l2-data,raw_l2/trade_date=2026-07-27/exchange=NSE/symbol=RELIANCE/part-REDACTED.parquet
2026-07-27,NSE,RELIANCE,part-042702_601580-005658.parquet,ctrade1-l2-data,raw_l2/trade_date=2026-07-27/exchange=NSE/symbol=RELIANCE/part-REDACTED.parquet
2026-07-27,NSE,SBIN,part-034504_761092-000027.parquet,ctrade1-l2-data,raw_l2/trade_date=2026-07-27/exchange=NSE/symbol=SBIN/part-REDACTED.parquet
2026-07-27,NSE,SBIN,part-034519_221028-000059.parquet,ctrade1-l2-data,raw_l2/trade_date=2026-07-27/exchange=NSE/symbol=SBIN/part-REDACTED.parquet
2026-07-27,NSE,SBIN,part-034533_627779-000091.parquet,ctrade1-l2-data,raw_l2/trade_date=2026-07-27/exchange=NSE/symbol=SBIN/part-REDACTED.parquet
2026-07-27,NSE,SBIN,part-034547_727280-000123.parquet,ctrade1-l2-data,raw_l2/trade_date=2026-07-27/exchange=NSE/symbol=SBIN/part-REDACTED.parquet
2026-07-27,NSE,SBIN,part-034601_835191-000155.parquet,ctrade1-l2-data,raw_l2/trade_date=2026-07-27/exchange=NSE/symbol=SBIN/part-REDACTED.parquet
2026-07-27,NSE,SBIN,part-034616_276663-000187.parquet,ctrade1-l2-data,raw_l2/trade_date=2026-07-27/exchange=NSE/symbol=SBIN/part-REDACTED.parquet
2026-07-27,NSE,SBIN,part-034630_570491-000219.parquet,ctrade1-l2-data,raw_l2/trade_date=2026-07-27/exchange=NSE/symbol=SBIN/part-REDACTED.parquet
2026-07-27,NSE,SBIN,part-034645_184270-000251.parquet,ctrade1-l2-data,raw_l2/trade_date=2026-07-27/exchange=NSE/symbol=SBIN/part-REDACTED.parquet
2026-07-27,NSE,SBIN,part-034659_256794-000283.parquet,ctrade1-l2-data,raw_l2/trade_date=2026-07-27/exchange=NSE/symbol=SBIN/part-REDACTED.parquet
2026-07-27,NSE,SBIN,part-034713_272703-000315.parquet,ctrade1-l2-data,raw_l2/trade_date=2026-07-27/exchange=NSE/symbol=SBIN/part-REDACTED.parquet
2026-07-27,NSE,SBIN,part-034727_267160-000347.parquet,ctrade1-l2-data,raw_l2/trade_date=2026-07-27/exchange=NSE/symbol=SBIN/part-REDACTED.parquet
2026-07-27,NSE,SBIN,part-034741_473755-000379.parquet,ctrade1-l2-data,raw_l2/trade_date=2026-07-27/exchange=NSE/symbol=SBIN/part-REDACTED.parquet
2026-07-27,NSE,SBIN,part-034755_617217-000411.parquet,ctrade1-l2-data,raw_l2/trade_date=2026-07-27/exchange=NSE/symbol=SBIN/part-REDACTED.parquet
2026-07-27,NSE,SBIN,part-034809_989443-000443.parquet,ctrade1-l2-data,raw_l2/trade_date=2026-07-27/exchange=NSE/symbol=SBIN/part-REDACTED.parquet
2026-07-27,NSE,SBIN,part-034824_470534-000475.parquet,ctrade1-l2-data,raw_l2/trade_date=2026-07-27/exchange=NSE/symbol=SBIN/part-REDACTED.parquet
2026-07-27,NSE,SBIN,part-034838_896082-000507.parquet,ctrade1-l2-data,raw_l2/trade_date=2026-07-27/exchange=NSE/symbol=SBIN/part-REDACTED.parquet
2026-07-27,NSE,SBIN,part-034853_316837-000539.parquet,ctrade1-l2-data,raw_l2/trade_date=2026-07-27/exchange=NSE/symbol=SBIN/part-REDACTED.parquet
2026-07-27,NSE,SBIN,part-034907_597542-000571.parquet,ctrade1-l2-data,raw_l2/trade_date=2026-07-27/exchange=NSE/symbol=SBIN/part-REDACTED.parquet
2026-07-27,NSE,SBIN,part-034922_028185-000603.parquet,ctrade1-l2-data,raw_l2/trade_date=2026-07-27/exchange=NSE/symbol=SBIN/part-REDACTED.parquet
2026-07-27,NSE,SBIN,part-034936_488579-000635.parquet,ctrade1-l2-data,raw_l2/trade_date=2026-07-27/exchange=NSE/symbol=SBIN/part-REDACTED.parquet
2026-07-27,NSE,SBIN,part-034951_211327-000667.parquet,ctrade1-l2-data,raw_l2/trade_date=2026-07-27/exchange=NSE/symbol=SBIN/part-REDACTED.parquet
2026-07-27,NSE,SBIN,part-035005_619312-000699.parquet,ctrade1-l2-data,raw_l2/trade_date=2026-07-27/exchange=NSE/symbol=SBIN/part-REDACTED.parquet
2026-07-27,NSE,SBIN,part-035019_738944-000731.parquet,ctrade1-l2-data,raw_l2/trade_date=2026-07-27/exchange=NSE/symbol=SBIN/part-REDACTED.parquet
2026-07-27,NSE,SBIN,part-035033_811237-000763.parquet,ctrade1-l2-data,raw_l2/trade_date=2026-07-27/exchange=NSE/symbol=SBIN/part-REDACTED.parquet
2026-07-27,NSE,SBIN,part-035048_077639-000795.parquet,ctrade1-l2-data,raw_l2/trade_date=2026-07-27/exchange=NSE/symbol=SBIN/part-REDACTED.parquet
2026-07-27,NSE,SBIN,part-035102_299277-000827.parquet,ctrade1-l2-data,raw_l2/trade_date=2026-07-27/exchange=NSE/symbol=SBIN/part-REDACTED.parquet
2026-07-27,NSE,SBIN,part-035116_730122-000859.parquet,ctrade1-l2-data,raw_l2/trade_date=2026-07-27/exchange=NSE/symbol=SBIN/part-REDACTED.parquet
2026-07-27,NSE,SBIN,part-035131_094572-000891.parquet,ctrade1-l2-data,raw_l2/trade_date=2026-07-27/exchange=NSE/symbol=SBIN/part-REDACTED.parquet
2026-07-27,NSE,SBIN,part-035145_104737-000923.parquet,ctrade1-l2-data,raw_l2/trade_date=2026-07-27/exchange=NSE/symbol=SBIN/part-REDACTED.parquet
2026-07-27,NSE,SBIN,part-035159_453389-000955.parquet,ctrade1-l2-data,raw_l2/trade_date=2026-07-27/exchange=NSE/symbol=SBIN/part-REDACTED.parquet
2026-07-27,NSE,SBIN,part-035213_676396-000987.parquet,ctrade1-l2-data,raw_l2/trade_date=2026-07-27/exchange=NSE/symbol=SBIN/part-REDACTED.parquet
2026-07-27,NSE,SBIN,part-035227_844790-001019.parquet,ctrade1-l2-data,raw_l2/trade_date=2026-07-27/exchange=NSE/symbol=SBIN/part-REDACTED.parquet
2026-07-27,NSE,SBIN,part-035242_086443-001051.parquet,ctrade1-l2-data,raw_l2/trade_date=2026-07-27/exchange=NSE/symbol=SBIN/part-REDACTED.parquet
2026-07-27,NSE,SBIN,part-035256_431791-001083.parquet,ctrade1-l2-data,raw_l2/trade_date=2026-07-27/exchange=NSE/symbol=SBIN/part-REDACTED.parquet
2026-07-27,NSE,SBIN,part-035310_723260-001115.parquet,ctrade1-l2-data,raw_l2/trade_date=2026-07-27/exchange=NSE/symbol=SBIN/part-REDACTED.parquet
2026-07-27,NSE,SBIN,part-035325_027203-001147.parquet,ctrade1-l2-data,raw_l2/trade_date=2026-07-27/exchange=NSE/symbol=SBIN/part-REDACTED.parquet
2026-07-27,NSE,SBIN,part-035339_452169-001179.parquet,ctrade1-l2-data,raw_l2/trade_date=2026-07-27/exchange=NSE/symbol=SBIN/part-REDACTED.parquet
2026-07-27,NSE,SBIN,part-035353_913363-001211.parquet,ctrade1-l2-data,raw_l2/trade_date=2026-07-27/exchange=NSE/symbol=SBIN/part-REDACTED.parquet
2026-07-27,NSE,SBIN,part-035408_116650-001243.parquet,ctrade1-l2-data,raw_l2/trade_date=2026-07-27/exchange=NSE/symbol=SBIN/part-REDACTED.parquet
2026-07-27,NSE,SBIN,part-035422_246127-001275.parquet,ctrade1-l2-data,raw_l2/trade_date=2026-07-27/exchange=NSE/symbol=SBIN/part-REDACTED.parquet
2026-07-27,NSE,SBIN,part-035436_436268-001307.parquet,ctrade1-l2-data,raw_l2/trade_date=2026-07-27/exchange=NSE/symbol=SBIN/part-REDACTED.parquet
2026-07-27,NSE,SBIN,part-035451_468054-001339.parquet,ctrade1-l2-data,raw_l2/trade_date=2026-07-27/exchange=NSE/symbol=SBIN/part-REDACTED.parquet
2026-07-27,NSE,SBIN,part-035505_793136-001371.parquet,ctrade1-l2-data,raw_l2/trade_date=2026-07-27/exchange=NSE/symbol=SBIN/part-REDACTED.parquet
2026-07-27,NSE,SBIN,part-035520_363527-001403.parquet,ctrade1-l2-data,raw_l2/trade_date=2026-07-27/exchange=NSE/symbol=SBIN/part-REDACTED.parquet
2026-07-27,NSE,SBIN,part-035534_545274-001435.parquet,ctrade1-l2-data,raw_l2/trade_date=2026-07-27/exchange=NSE/symbol=SBIN/part-REDACTED.parquet
2026-07-27,NSE,SBIN,part-035548_997163-001467.parquet,ctrade1-l2-data,raw_l2/trade_date=2026-07-27/exchange=NSE/symbol=SBIN/part-REDACTED.parquet
2026-07-27,NSE,SBIN,part-035603_624846-001499.parquet,ctrade1-l2-data,raw_l2/trade_date=2026-07-27/exchange=NSE/symbol=SBIN/part-REDACTED.parquet
2026-07-27,NSE,SBIN,part-035618_088884-001531.parquet,ctrade1-l2-data,raw_l2/trade_date=2026-07-27/exchange=NSE/symbol=SBIN/part-REDACTED.parquet
2026-07-27,NSE,SBIN,part-035632_636089-001563.parquet,ctrade1-l2-data,raw_l2/trade_date=2026-07-27/exchange=NSE/symbol=SBIN/part-REDACTED.parquet
2026-07-27,NSE,SBIN,part-035646_821887-001595.parquet,ctrade1-l2-data,raw_l2/trade_date=2026-07-27/exchange=NSE/symbol=SBIN/part-REDACTED.parquet
2026-07-27,NSE,SBIN,part-035701_093189-001627.parquet,ctrade1-l2-data,raw_l2/trade_date=2026-07-27/exchange=NSE/symbol=SBIN/part-REDACTED.parquet
2026-07-27,NSE,SBIN,part-035715_318511-001659.parquet,ctrade1-l2-data,raw_l2/trade_date=2026-07-27/exchange=NSE/symbol=SBIN/part-REDACTED.parquet
2026-07-27,NSE,SBIN,part-035729_866553-001691.parquet,ctrade1-l2-data,raw_l2/trade_date=2026-07-27/exchange=NSE/symbol=SBIN/part-REDACTED.parquet
2026-07-27,NSE,SBIN,part-035744_187487-001723.parquet,ctrade1-l2-data,raw_l2/trade_date=2026-07-27/exchange=NSE/symbol=SBIN/part-REDACTED.parquet
2026-07-27,NSE,SBIN,part-035758_369842-001755.parquet,ctrade1-l2-data,raw_l2/trade_date=2026-07-27/exchange=NSE/symbol=SBIN/part-REDACTED.parquet
2026-07-27,NSE,SBIN,part-035812_846606-001787.parquet,ctrade1-l2-data,raw_l2/trade_date=2026-07-27/exchange=NSE/symbol=SBIN/part-REDACTED.parquet
2026-07-27,NSE,SBIN,part-035827_078730-001819.parquet,ctrade1-l2-data,raw_l2/trade_date=2026-07-27/exchange=NSE/symbol=SBIN/part-REDACTED.parquet
2026-07-27,NSE,SBIN,part-035841_592537-001851.parquet,ctrade1-l2-data,raw_l2/trade_date=2026-07-27/exchange=NSE/symbol=SBIN/part-REDACTED.parquet
2026-07-27,NSE,SBIN,part-035855_960797-001883.parquet,ctrade1-l2-data,raw_l2/trade_date=2026-07-27/exchange=NSE/symbol=SBIN/part-REDACTED.parquet
2026-07-27,NSE,SBIN,part-035910_181380-001915.parquet,ctrade1-l2-data,raw_l2/trade_date=2026-07-27/exchange=NSE/symbol=SBIN/part-REDACTED.parquet
2026-07-27,NSE,SBIN,part-035924_774251-001947.parquet,ctrade1-l2-data,raw_l2/trade_date=2026-07-27/exchange=NSE/symbol=SBIN/part-REDACTED.parquet
2026-07-27,NSE,SBIN,part-035939_091001-001979.parquet,ctrade1-l2-data,raw_l2/trade_date=2026-07-27/exchange=NSE/symbol=SBIN/part-REDACTED.parquet
2026-07-27,NSE,SBIN,part-035953_263421-002011.parquet,ctrade1-l2-data,raw_l2/trade_date=2026-07-27/exchange=NSE/symbol=SBIN/part-REDACTED.parquet
2026-07-27,NSE,SBIN,part-040008_031068-002043.parquet,ctrade1-l2-data,raw_l2/trade_date=2026-07-27/exchange=NSE/symbol=SBIN/part-REDACTED.parquet
2026-07-27,NSE,SBIN,part-040022_329811-002075.parquet,ctrade1-l2-data,raw_l2/trade_date=2026-07-27/exchange=NSE/symbol=SBIN/part-REDACTED.parquet
2026-07-27,NSE,SBIN,part-040036_621726-002107.parquet,ctrade1-l2-data,raw_l2/trade_date=2026-07-27/exchange=NSE/symbol=SBIN/part-REDACTED.parquet
2026-07-27,NSE,SBIN,part-040051_084511-002139.parquet,ctrade1-l2-data,raw_l2/trade_date=2026-07-27/exchange=NSE/symbol=SBIN/part-REDACTED.parquet
2026-07-27,NSE,SBIN,part-040105_627593-002171.parquet,ctrade1-l2-data,raw_l2/trade_date=2026-07-27/exchange=NSE/symbol=SBIN/part-REDACTED.parquet
2026-07-27,NSE,SBIN,part-040119_976872-002203.parquet,ctrade1-l2-data,raw_l2/trade_date=2026-07-27/exchange=NSE/symbol=SBIN/part-REDACTED.parquet
2026-07-27,NSE,SBIN,part-040134_250496-002235.parquet,ctrade1-l2-data,raw_l2/trade_date=2026-07-27/exchange=NSE/symbol=SBIN/part-REDACTED.parquet
2026-07-27,NSE,SBIN,part-040148_826665-002267.parquet,ctrade1-l2-data,raw_l2/trade_date=2026-07-27/exchange=NSE/symbol=SBIN/part-REDACTED.parquet
2026-07-27,NSE,SBIN,part-040203_245372-002299.parquet,ctrade1-l2-data,raw_l2/trade_date=2026-07-27/exchange=NSE/symbol=SBIN/part-REDACTED.parquet
2026-07-27,NSE,SBIN,part-040217_725205-002331.parquet,ctrade1-l2-data,raw_l2/trade_date=2026-07-27/exchange=NSE/symbol=SBIN/part-REDACTED.parquet
2026-07-27,NSE,SBIN,part-040232_557380-002363.parquet,ctrade1-l2-data,raw_l2/trade_date=2026-07-27/exchange=NSE/symbol=SBIN/part-REDACTED.parquet
2026-07-27,NSE,SBIN,part-040247_089308-002395.parquet,ctrade1-l2-data,raw_l2/trade_date=2026-07-27/exchange=NSE/symbol=SBIN/part-REDACTED.parquet
2026-07-27,NSE,SBIN,part-040301_766177-002427.parquet,ctrade1-l2-data,raw_l2/trade_date=2026-07-27/exchange=NSE/symbol=SBIN/part-REDACTED.parquet
2026-07-27,NSE,SBIN,part-040316_097818-002459.parquet,ctrade1-l2-data,raw_l2/trade_date=2026-07-27/exchange=NSE/symbol=SBIN/part-REDACTED.parquet
2026-07-27,NSE,SBIN,part-040330_479386-002491.parquet,ctrade1-l2-data,raw_l2/trade_date=2026-07-27/exchange=NSE/symbol=SBIN/part-REDACTED.parquet
2026-07-27,NSE,SBIN,part-040344_888264-002523.parquet,ctrade1-l2-data,raw_l2/trade_date=2026-07-27/exchange=NSE/symbol=SBIN/part-REDACTED.parquet
2026-07-27,NSE,SBIN,part-040359_598134-002555.parquet,ctrade1-l2-data,raw_l2/trade_date=2026-07-27/exchange=NSE/symbol=SBIN/part-REDACTED.parquet
2026-07-27,NSE,SBIN,part-040414_146695-002587.parquet,ctrade1-l2-data,raw_l2/trade_date=2026-07-27/exchange=NSE/symbol=SBIN/part-REDACTED.parquet
2026-07-27,NSE,SBIN,part-040428_433381-002619.parquet,ctrade1-l2-data,raw_l2/trade_date=2026-07-27/exchange=NSE/symbol=SBIN/part-REDACTED.parquet
2026-07-27,NSE,SBIN,part-040442_724982-002651.parquet,ctrade1-l2-data,raw_l2/trade_date=2026-07-27/exchange=NSE/symbol=SBIN/part-REDACTED.parquet
2026-07-27,NSE,SBIN,part-040457_071215-002683.parquet,ctrade1-l2-data,raw_l2/trade_date=2026-07-27/exchange=NSE/symbol=SBIN/part-REDACTED.parquet
2026-07-27,NSE,SBIN,part-040511_538914-002715.parquet,ctrade1-l2-data,raw_l2/trade_date=2026-07-27/exchange=NSE/symbol=SBIN/part-REDACTED.parquet
2026-07-27,NSE,SBIN,part-040525_587369-002747.parquet,ctrade1-l2-data,raw_l2/trade_date=2026-07-27/exchange=NSE/symbol=SBIN/part-REDACTED.parquet
2026-07-27,NSE,SBIN,part-040539_691872-002779.parquet,ctrade1-l2-data,raw_l2/trade_date=2026-07-27/exchange=NSE/symbol=SBIN/part-REDACTED.parquet
2026-07-27,NSE,SBIN,part-040553_834692-002811.parquet,ctrade1-l2-data,raw_l2/trade_date=2026-07-27/exchange=NSE/symbol=SBIN/part-REDACTED.parquet
2026-07-27,NSE,SBIN,part-040607_843665-002843.parquet,ctrade1-l2-data,raw_l2/trade_date=2026-07-27/exchange=NSE/symbol=SBIN/part-REDACTED.parquet
2026-07-27,NSE,SBIN,part-040621_881437-002875.parquet,ctrade1-l2-data,raw_l2/trade_date=2026-07-27/exchange=NSE/symbol=SBIN/part-REDACTED.parquet
2026-07-27,NSE,SBIN,part-040635_908679-002907.parquet,ctrade1-l2-data,raw_l2/trade_date=2026-07-27/exchange=NSE/symbol=SBIN/part-REDACTED.parquet
2026-07-27,NSE,SBIN,part-040649_982339-002939.parquet,ctrade1-l2-data,raw_l2/trade_date=2026-07-27/exchange=NSE/symbol=SBIN/part-REDACTED.parquet
2026-07-27,NSE,SBIN,part-040703_986994-002971.parquet,ctrade1-l2-data,raw_l2/trade_date=2026-07-27/exchange=NSE/symbol=SBIN/part-REDACTED.parquet
2026-07-27,NSE,SBIN,part-040718_371812-003003.parquet,ctrade1-l2-data,raw_l2/trade_date=2026-07-27/exchange=NSE/symbol=SBIN/part-REDACTED.parquet
2026-07-27,NSE,SBIN,part-040732_530875-003035.parquet,ctrade1-l2-data,raw_l2/trade_date=2026-07-27/exchange=NSE/symbol=SBIN/part-REDACTED.parquet
2026-07-27,NSE,SBIN,part-040746_600131-003067.parquet,ctrade1-l2-data,raw_l2/trade_date=2026-07-27/exchange=NSE/symbol=SBIN/part-REDACTED.parquet
2026-07-27,NSE,SBIN,part-040801_375228-003099.parquet,ctrade1-l2-data,raw_l2/trade_date=2026-07-27/exchange=NSE/symbol=SBIN/part-REDACTED.parquet
2026-07-27,NSE,SBIN,part-040815_618358-003131.parquet,ctrade1-l2-data,raw_l2/trade_date=2026-07-27/exchange=NSE/symbol=SBIN/part-REDACTED.parquet
2026-07-27,NSE,SBIN,part-040829_806728-003163.parquet,ctrade1-l2-data,raw_l2/trade_date=2026-07-27/exchange=NSE/symbol=SBIN/part-REDACTED.parquet
2026-07-27,NSE,SBIN,part-040843_990507-003195.parquet,ctrade1-l2-data,raw_l2/trade_date=2026-07-27/exchange=NSE/symbol=SBIN/part-REDACTED.parquet
2026-07-27,NSE,SBIN,part-040858_283343-003227.parquet,ctrade1-l2-data,raw_l2/trade_date=2026-07-27/exchange=NSE/symbol=SBIN/part-REDACTED.parquet
2026-07-27,NSE,SBIN,part-040912_489906-003259.parquet,ctrade1-l2-data,raw_l2/trade_date=2026-07-27/exchange=NSE/symbol=SBIN/part-REDACTED.parquet
2026-07-27,NSE,SBIN,part-040926_706543-003291.parquet,ctrade1-l2-data,raw_l2/trade_date=2026-07-27/exchange=NSE/symbol=SBIN/part-REDACTED.parquet
2026-07-27,NSE,SBIN,part-040940_907406-003323.parquet,ctrade1-l2-data,raw_l2/trade_date=2026-07-27/exchange=NSE/symbol=SBIN/part-REDACTED.parquet
2026-07-27,NSE,SBIN,part-040955_147360-003355.parquet,ctrade1-l2-data,raw_l2/trade_date=2026-07-27/exchange=NSE/symbol=SBIN/part-REDACTED.parquet
2026-07-27,NSE,SBIN,part-041009_267839-003387.parquet,ctrade1-l2-data,raw_l2/trade_date=2026-07-27/exchange=NSE/symbol=SBIN/part-REDACTED.parquet
2026-07-27,NSE,SBIN,part-041023_601560-003419.parquet,ctrade1-l2-data,raw_l2/trade_date=2026-07-27/exchange=NSE/symbol=SBIN/part-REDACTED.parquet
2026-07-27,NSE,SBIN,part-041038_012222-003451.parquet,ctrade1-l2-data,raw_l2/trade_date=2026-07-27/exchange=NSE/symbol=SBIN/part-REDACTED.parquet
2026-07-27,NSE,SBIN,part-041052_134561-003483.parquet,ctrade1-l2-data,raw_l2/trade_date=2026-07-27/exchange=NSE/symbol=SBIN/part-REDACTED.parquet
2026-07-27,NSE,SBIN,part-041106_550720-003515.parquet,ctrade1-l2-data,raw_l2/trade_date=2026-07-27/exchange=NSE/symbol=SBIN/part-REDACTED.parquet
2026-07-27,NSE,SBIN,part-041120_728046-003547.parquet,ctrade1-l2-data,raw_l2/trade_date=2026-07-27/exchange=NSE/symbol=SBIN/part-REDACTED.parquet
2026-07-27,NSE,SBIN,part-041134_924140-003579.parquet,ctrade1-l2-data,raw_l2/trade_date=2026-07-27/exchange=NSE/symbol=SBIN/part-REDACTED.parquet
2026-07-27,NSE,SBIN,part-041149_162929-003611.parquet,ctrade1-l2-data,raw_l2/trade_date=2026-07-27/exchange=NSE/symbol=SBIN/part-REDACTED.parquet
2026-07-27,NSE,SBIN,part-041203_099068-003643.parquet,ctrade1-l2-data,raw_l2/trade_date=2026-07-27/exchange=NSE/symbol=SBIN/part-REDACTED.parquet
2026-07-27,NSE,SBIN,part-041217_138088-003675.parquet,ctrade1-l2-data,raw_l2/trade_date=2026-07-27/exchange=NSE/symbol=SBIN/part-REDACTED.parquet
2026-07-27,NSE,SBIN,part-041231_927476-003707.parquet,ctrade1-l2-data,raw_l2/trade_date=2026-07-27/exchange=NSE/symbol=SBIN/part-REDACTED.parquet
2026-07-27,NSE,SBIN,part-041246_349730-003739.parquet,ctrade1-l2-data,raw_l2/trade_date=2026-07-27/exchange=NSE/symbol=SBIN/part-REDACTED.parquet
2026-07-27,NSE,SBIN,part-041300_298339-003771.parquet,ctrade1-l2-data,raw_l2/trade_date=2026-07-27/exchange=NSE/symbol=SBIN/part-REDACTED.parquet
2026-07-27,NSE,SBIN,part-041314_814664-003803.parquet,ctrade1-l2-data,raw_l2/trade_date=2026-07-27/exchange=NSE/symbol=SBIN/part-REDACTED.parquet
2026-07-27,NSE,SBIN,part-041328_901076-003835.parquet,ctrade1-l2-data,raw_l2/trade_date=2026-07-27/exchange=NSE/symbol=SBIN/part-REDACTED.parquet
2026-07-27,NSE,SBIN,part-041342_930853-003867.parquet,ctrade1-l2-data,raw_l2/trade_date=2026-07-27/exchange=NSE/symbol=SBIN/part-REDACTED.parquet
2026-07-27,NSE,SBIN,part-041356_962109-003899.parquet,ctrade1-l2-data,raw_l2/trade_date=2026-07-27/exchange=NSE/symbol=SBIN/part-REDACTED.parquet
2026-07-27,NSE,SBIN,part-041410_999748-003931.parquet,ctrade1-l2-data,raw_l2/trade_date=2026-07-27/exchange=NSE/symbol=SBIN/part-REDACTED.parquet
2026-07-27,NSE,SBIN,part-041424_900901-003963.parquet,ctrade1-l2-data,raw_l2/trade_date=2026-07-27/exchange=NSE/symbol=SBIN/part-REDACTED.parquet
2026-07-27,NSE,SBIN,part-041438_915617-003995.parquet,ctrade1-l2-data,raw_l2/trade_date=2026-07-27/exchange=NSE/symbol=SBIN/part-REDACTED.parquet
2026-07-27,NSE,SBIN,part-041452_923664-004027.parquet,ctrade1-l2-data,raw_l2/trade_date=2026-07-27/exchange=NSE/symbol=SBIN/part-REDACTED.parquet
2026-07-27,NSE,SBIN,part-041506_984228-004059.parquet,ctrade1-l2-data,raw_l2/trade_date=2026-07-27/exchange=NSE/symbol=SBIN/part-REDACTED.parquet
2026-07-27,NSE,SBIN,part-041520_972325-004091.parquet,ctrade1-l2-data,raw_l2/trade_date=2026-07-27/exchange=NSE/symbol=SBIN/part-REDACTED.parquet
2026-07-27,NSE,SBIN,part-041535_383998-004123.parquet,ctrade1-l2-data,raw_l2/trade_date=2026-07-27/exchange=NSE/symbol=SBIN/part-REDACTED.parquet
2026-07-27,NSE,SBIN,part-041549_626785-004155.parquet,ctrade1-l2-data,raw_l2/trade_date=2026-07-27/exchange=NSE/symbol=SBIN/part-REDACTED.parquet
2026-07-27,NSE,SBIN,part-041603_791271-004187.parquet,ctrade1-l2-data,raw_l2/trade_date=2026-07-27/exchange=NSE/symbol=SBIN/part-REDACTED.parquet
2026-07-27,NSE,SBIN,part-041617_929878-004219.parquet,ctrade1-l2-data,raw_l2/trade_date=2026-07-27/exchange=NSE/symbol=SBIN/part-REDACTED.parquet
2026-07-27,NSE,SBIN,part-041633_917223-004251.parquet,ctrade1-l2-data,raw_l2/trade_date=2026-07-27/exchange=NSE/symbol=SBIN/part-REDACTED.parquet
2026-07-27,NSE,SBIN,part-041648_672383-004283.parquet,ctrade1-l2-data,raw_l2/trade_date=2026-07-27/exchange=NSE/symbol=SBIN/part-REDACTED.parquet
2026-07-27,NSE,SBIN,part-041702_671314-004315.parquet,ctrade1-l2-data,raw_l2/trade_date=2026-07-27/exchange=NSE/symbol=SBIN/part-REDACTED.parquet
2026-07-27,NSE,SBIN,part-041716_869225-004347.parquet,ctrade1-l2-data,raw_l2/trade_date=2026-07-27/exchange=NSE/symbol=SBIN/part-REDACTED.parquet
2026-07-27,NSE,SBIN,part-041731_314890-004379.parquet,ctrade1-l2-data,raw_l2/trade_date=2026-07-27/exchange=NSE/symbol=SBIN/part-REDACTED.parquet
2026-07-27,NSE,SBIN,part-041745_595824-004411.parquet,ctrade1-l2-data,raw_l2/trade_date=2026-07-27/exchange=NSE/symbol=SBIN/part-REDACTED.parquet
2026-07-27,NSE,SBIN,part-041800_017859-004443.parquet,ctrade1-l2-data,raw_l2/trade_date=2026-07-27/exchange=NSE/symbol=SBIN/part-REDACTED.parquet
2026-07-27,NSE,SBIN,part-041814_247207-004475.parquet,ctrade1-l2-data,raw_l2/trade_date=2026-07-27/exchange=NSE/symbol=SBIN/part-REDACTED.parquet
2026-07-27,NSE,SBIN,part-041828_331062-004507.parquet,ctrade1-l2-data,raw_l2/trade_date=2026-07-27/exchange=NSE/symbol=SBIN/part-REDACTED.parquet
2026-07-27,NSE,SBIN,part-041842_291002-004539.parquet,ctrade1-l2-data,raw_l2/trade_date=2026-07-27/exchange=NSE/symbol=SBIN/part-REDACTED.parquet
2026-07-27,NSE,SBIN,part-041856_390884-004571.parquet,ctrade1-l2-data,raw_l2/trade_date=2026-07-27/exchange=NSE/symbol=SBIN/part-REDACTED.parquet
2026-07-27,NSE,SBIN,part-041910_465575-004603.parquet,ctrade1-l2-data,raw_l2/trade_date=2026-07-27/exchange=NSE/symbol=SBIN/part-REDACTED.parquet
2026-07-27,NSE,SBIN,part-041924_442700-004635.parquet,ctrade1-l2-data,raw_l2/trade_date=2026-07-27/exchange=NSE/symbol=SBIN/part-REDACTED.parquet
2026-07-27,NSE,SBIN,part-041938_368758-004667.parquet,ctrade1-l2-data,raw_l2/trade_date=2026-07-27/exchange=NSE/symbol=SBIN/part-REDACTED.parquet
2026-07-27,NSE,SBIN,part-041952_411907-004699.parquet,ctrade1-l2-data,raw_l2/trade_date=2026-07-27/exchange=NSE/symbol=SBIN/part-REDACTED.parquet
2026-07-27,NSE,SBIN,part-042006_645730-004731.parquet,ctrade1-l2-data,raw_l2/trade_date=2026-07-27/exchange=NSE/symbol=SBIN/part-REDACTED.parquet
2026-07-27,NSE,SBIN,part-042020_744766-004763.parquet,ctrade1-l2-data,raw_l2/trade_date=2026-07-27/exchange=NSE/symbol=SBIN/part-REDACTED.parquet
2026-07-27,NSE,SBIN,part-042034_982671-004795.parquet,ctrade1-l2-data,raw_l2/trade_date=2026-07-27/exchange=NSE/symbol=SBIN/part-REDACTED.parquet
2026-07-27,NSE,SBIN,part-042048_902596-004827.parquet,ctrade1-l2-data,raw_l2/trade_date=2026-07-27/exchange=NSE/symbol=SBIN/part-REDACTED.parquet
2026-07-27,NSE,SBIN,part-042102_986705-004859.parquet,ctrade1-l2-data,raw_l2/trade_date=2026-07-27/exchange=NSE/symbol=SBIN/part-REDACTED.parquet
2026-07-27,NSE,SBIN,part-042117_333848-004891.parquet,ctrade1-l2-data,raw_l2/trade_date=2026-07-27/exchange=NSE/symbol=SBIN/part-REDACTED.parquet
2026-07-27,NSE,SBIN,part-042131_621731-004923.parquet,ctrade1-l2-data,raw_l2/trade_date=2026-07-27/exchange=NSE/symbol=SBIN/part-REDACTED.parquet
2026-07-27,NSE,SBIN,part-042145_820085-004955.parquet,ctrade1-l2-data,raw_l2/trade_date=2026-07-27/exchange=NSE/symbol=SBIN/part-REDACTED.parquet
2026-07-27,NSE,SBIN,part-042200_282679-004987.parquet,ctrade1-l2-data,raw_l2/trade_date=2026-07-27/exchange=NSE/symbol=SBIN/part-REDACTED.parquet
2026-07-27,NSE,SBIN,part-042214_805037-005019.parquet,ctrade1-l2-data,raw_l2/trade_date=2026-07-27/exchange=NSE/symbol=SBIN/part-REDACTED.parquet
2026-07-27,NSE,SBIN,part-042229_071667-005051.parquet,ctrade1-l2-data,raw_l2/trade_date=2026-07-27/exchange=NSE/symbol=SBIN/part-REDACTED.parquet
2026-07-27,NSE,SBIN,part-042243_428895-005083.parquet,ctrade1-l2-data,raw_l2/trade_date=2026-07-27/exchange=NSE/symbol=SBIN/part-REDACTED.parquet
2026-07-27,NSE,SBIN,part-042257_803403-005115.parquet,ctrade1-l2-data,raw_l2/trade_date=2026-07-27/exchange=NSE/symbol=SBIN/part-REDACTED.parquet
2026-07-27,NSE,SBIN,part-042312_155645-005147.parquet,ctrade1-l2-data,raw_l2/trade_date=2026-07-27/exchange=NSE/symbol=SBIN/part-REDACTED.parquet
2026-07-27,NSE,SBIN,part-042326_440075-005179.parquet,ctrade1-l2-data,raw_l2/trade_date=2026-07-27/exchange=NSE/symbol=SBIN/part-REDACTED.parquet
2026-07-27,NSE,SBIN,part-042340_847422-005211.parquet,ctrade1-l2-data,raw_l2/trade_date=2026-07-27/exchange=NSE/symbol=SBIN/part-REDACTED.parquet
2026-07-27,NSE,SBIN,part-042355_257949-005243.parquet,ctrade1-l2-data,raw_l2/trade_date=2026-07-27/exchange=NSE/symbol=SBIN/part-REDACTED.parquet
2026-07-27,NSE,SBIN,part-042409_719636-005275.parquet,ctrade1-l2-data,raw_l2/trade_date=2026-07-27/exchange=NSE/symbol=SBIN/part-REDACTED.parquet
2026-07-27,NSE,SBIN,part-042424_172409-005307.parquet,ctrade1-l2-data,raw_l2/trade_date=2026-07-27/exchange=NSE/symbol=SBIN/part-REDACTED.parquet
2026-07-27,NSE,SBIN,part-042438_679159-005339.parquet,ctrade1-l2-data,raw_l2/trade_date=2026-07-27/exchange=NSE/symbol=SBIN/part-REDACTED.parquet
2026-07-27,NSE,SBIN,part-042452_888549-005371.parquet,ctrade1-l2-data,raw_l2/trade_date=2026-07-27/exchange=NSE/symbol=SBIN/part-REDACTED.parquet
2026-07-27,NSE,SBIN,part-042507_127313-005403.parquet,ctrade1-l2-data,raw_l2/trade_date=2026-07-27/exchange=NSE/symbol=SBIN/part-REDACTED.parquet
2026-07-27,NSE,SBIN,part-042521_325042-005435.parquet,ctrade1-l2-data,raw_l2/trade_date=2026-07-27/exchange=NSE/symbol=SBIN/part-REDACTED.parquet
2026-07-27,NSE,SBIN,part-042535_851644-005467.parquet,ctrade1-l2-data,raw_l2/trade_date=2026-07-27/exchange=NSE/symbol=SBIN/part-REDACTED.parquet
2026-07-27,NSE,SBIN,part-042550_279930-005499.parquet,ctrade1-l2-data,raw_l2/trade_date=2026-07-27/exchange=NSE/symbol=SBIN/part-REDACTED.parquet
2026-07-27,NSE,SBIN,part-042604_981876-005531.parquet,ctrade1-l2-data,raw_l2/trade_date=2026-07-27/exchange=NSE/symbol=SBIN/part-REDACTED.parquet
2026-07-27,NSE,SBIN,part-042619_403641-005563.parquet,ctrade1-l2-data,raw_l2/trade_date=2026-07-27/exchange=NSE/symbol=SBIN/part-REDACTED.parquet
2026-07-27,NSE,SBIN,part-042633_674754-005595.parquet,ctrade1-l2-data,raw_l2/trade_date=2026-07-27/exchange=NSE/symbol=SBIN/part-REDACTED.parquet
2026-07-27,NSE,SBIN,part-042648_257830-005627.parquet,ctrade1-l2-data,raw_l2/trade_date=2026-07-27/exchange=NSE/symbol=SBIN/part-REDACTED.parquet
2026-07-27,NSE,SBIN,part-042702_717822-005659.parquet,ctrade1-l2-data,raw_l2/trade_date=2026-07-27/exchange=NSE/symbol=SBIN/part-REDACTED.parquet
2026-07-27,NSE,SUNPHARMA,part-034504_898598-000028.parquet,ctrade1-l2-data,raw_l2/trade_date=2026-07-27/exchange=NSE/symbol=SUNPHARMA/part-REDACTED.parquet
2026-07-27,NSE,SUNPHARMA,part-034519_339220-000060.parquet,ctrade1-l2-data,raw_l2/trade_date=2026-07-27/exchange=NSE/symbol=SUNPHARMA/part-REDACTED.parquet
2026-07-27,NSE,SUNPHARMA,part-034533_751347-000092.parquet,ctrade1-l2-data,raw_l2/trade_date=2026-07-27/exchange=NSE/symbol=SUNPHARMA/part-REDACTED.parquet
2026-07-27,NSE,SUNPHARMA,part-034547_848250-000124.parquet,ctrade1-l2-data,raw_l2/trade_date=2026-07-27/exchange=NSE/symbol=SUNPHARMA/part-REDACTED.parquet
2026-07-27,NSE,SUNPHARMA,part-034601_950394-000156.parquet,ctrade1-l2-data,raw_l2/trade_date=2026-07-27/exchange=NSE/symbol=SUNPHARMA/part-REDACTED.parquet
2026-07-27,NSE,SUNPHARMA,part-034616_403347-000188.parquet,ctrade1-l2-data,raw_l2/trade_date=2026-07-27/exchange=NSE/symbol=SUNPHARMA/part-REDACTED.parquet
2026-07-27,NSE,SUNPHARMA,part-034630_697766-000220.parquet,ctrade1-l2-data,raw_l2/trade_date=2026-07-27/exchange=NSE/symbol=SUNPHARMA/part-REDACTED.parquet
2026-07-27,NSE,SUNPHARMA,part-034645_312607-000252.parquet,ctrade1-l2-data,raw_l2/trade_date=2026-07-27/exchange=NSE/symbol=SUNPHARMA/part-REDACTED.parquet
2026-07-27,NSE,SUNPHARMA,part-034659_378690-000284.parquet,ctrade1-l2-data,raw_l2/trade_date=2026-07-27/exchange=NSE/symbol=SUNPHARMA/part-REDACTED.parquet
2026-07-27,NSE,SUNPHARMA,part-034713_388915-000316.parquet,ctrade1-l2-data,raw_l2/trade_date=2026-07-27/exchange=NSE/symbol=SUNPHARMA/part-REDACTED.parquet
2026-07-27,NSE,SUNPHARMA,part-034727_404023-000348.parquet,ctrade1-l2-data,raw_l2/trade_date=2026-07-27/exchange=NSE/symbol=SUNPHARMA/part-REDACTED.parquet
2026-07-27,NSE,SUNPHARMA,part-034741_590254-000380.parquet,ctrade1-l2-data,raw_l2/trade_date=2026-07-27/exchange=NSE/symbol=SUNPHARMA/part-REDACTED.parquet
2026-07-27,NSE,SUNPHARMA,part-034755_737208-000412.parquet,ctrade1-l2-data,raw_l2/trade_date=2026-07-27/exchange=NSE/symbol=SUNPHARMA/part-REDACTED.parquet
2026-07-27,NSE,SUNPHARMA,part-034810_117777-000444.parquet,ctrade1-l2-data,raw_l2/trade_date=2026-07-27/exchange=NSE/symbol=SUNPHARMA/part-REDACTED.parquet
2026-07-27,NSE,SUNPHARMA,part-034824_588723-000476.parquet,ctrade1-l2-data,raw_l2/trade_date=2026-07-27/exchange=NSE/symbol=SUNPHARMA/part-REDACTED.parquet
2026-07-27,NSE,SUNPHARMA,part-034839_034855-000508.parquet,ctrade1-l2-data,raw_l2/trade_date=2026-07-27/exchange=NSE/symbol=SUNPHARMA/part-REDACTED.parquet
2026-07-27,NSE,SUNPHARMA,part-034853_492100-000540.parquet,ctrade1-l2-data,raw_l2/trade_date=2026-07-27/exchange=NSE/symbol=SUNPHARMA/part-REDACTED.parquet
2026-07-27,NSE,SUNPHARMA,part-034907_723527-000572.parquet,ctrade1-l2-data,raw_l2/trade_date=2026-07-27/exchange=NSE/symbol=SUNPHARMA/part-REDACTED.parquet
2026-07-27,NSE,SUNPHARMA,part-034922_148917-000604.parquet,ctrade1-l2-data,raw_l2/trade_date=2026-07-27/exchange=NSE/symbol=SUNPHARMA/part-REDACTED.parquet
2026-07-27,NSE,SUNPHARMA,part-034936_610220-000636.parquet,ctrade1-l2-data,raw_l2/trade_date=2026-07-27/exchange=NSE/symbol=SUNPHARMA/part-REDACTED.parquet
2026-07-27,NSE,SUNPHARMA,part-034951_337268-000668.parquet,ctrade1-l2-data,raw_l2/trade_date=2026-07-27/exchange=NSE/symbol=SUNPHARMA/part-REDACTED.parquet
2026-07-27,NSE,SUNPHARMA,part-035005_740707-000700.parquet,ctrade1-l2-data,raw_l2/trade_date=2026-07-27/exchange=NSE/symbol=SUNPHARMA/part-REDACTED.parquet
2026-07-27,NSE,SUNPHARMA,part-035019_861713-000732.parquet,ctrade1-l2-data,raw_l2/trade_date=2026-07-27/exchange=NSE/symbol=SUNPHARMA/part-REDACTED.parquet
2026-07-27,NSE,SUNPHARMA,part-035033_932743-000764.parquet,ctrade1-l2-data,raw_l2/trade_date=2026-07-27/exchange=NSE/symbol=SUNPHARMA/part-REDACTED.parquet
2026-07-27,NSE,SUNPHARMA,part-035048_236057-000796.parquet,ctrade1-l2-data,raw_l2/trade_date=2026-07-27/exchange=NSE/symbol=SUNPHARMA/part-REDACTED.parquet
2026-07-27,NSE,SUNPHARMA,part-035102_434138-000828.parquet,ctrade1-l2-data,raw_l2/trade_date=2026-07-27/exchange=NSE/symbol=SUNPHARMA/part-REDACTED.parquet
2026-07-27,NSE,SUNPHARMA,part-035116_905446-000860.parquet,ctrade1-l2-data,raw_l2/trade_date=2026-07-27/exchange=NSE/symbol=SUNPHARMA/part-REDACTED.parquet
2026-07-27,NSE,SUNPHARMA,part-035131_218110-000892.parquet,ctrade1-l2-data,raw_l2/trade_date=2026-07-27/exchange=NSE/symbol=SUNPHARMA/part-REDACTED.parquet
2026-07-27,NSE,SUNPHARMA,part-035145_222632-000924.parquet,ctrade1-l2-data,raw_l2/trade_date=2026-07-27/exchange=NSE/symbol=SUNPHARMA/part-REDACTED.parquet
2026-07-27,NSE,SUNPHARMA,part-035159_562338-000956.parquet,ctrade1-l2-data,raw_l2/trade_date=2026-07-27/exchange=NSE/symbol=SUNPHARMA/part-REDACTED.parquet
2026-07-27,NSE,SUNPHARMA,part-035213_799056-000988.parquet,ctrade1-l2-data,raw_l2/trade_date=2026-07-27/exchange=NSE/symbol=SUNPHARMA/part-REDACTED.parquet
2026-07-27,NSE,SUNPHARMA,part-035227_969457-001020.parquet,ctrade1-l2-data,raw_l2/trade_date=2026-07-27/exchange=NSE/symbol=SUNPHARMA/part-REDACTED.parquet
2026-07-27,NSE,SUNPHARMA,part-035242_210457-001052.parquet,ctrade1-l2-data,raw_l2/trade_date=2026-07-27/exchange=NSE/symbol=SUNPHARMA/part-REDACTED.parquet
2026-07-27,NSE,SUNPHARMA,part-035256_564598-001084.parquet,ctrade1-l2-data,raw_l2/trade_date=2026-07-27/exchange=NSE/symbol=SUNPHARMA/part-REDACTED.parquet
2026-07-27,NSE,SUNPHARMA,part-035310_850144-001116.parquet,ctrade1-l2-data,raw_l2/trade_date=2026-07-27/exchange=NSE/symbol=SUNPHARMA/part-REDACTED.parquet
2026-07-27,NSE,SUNPHARMA,part-035325_177045-001148.parquet,ctrade1-l2-data,raw_l2/trade_date=2026-07-27/exchange=NSE/symbol=SUNPHARMA/part-REDACTED.parquet
2026-07-27,NSE,SUNPHARMA,part-035339_603303-001180.parquet,ctrade1-l2-data,raw_l2/trade_date=2026-07-27/exchange=NSE/symbol=SUNPHARMA/part-REDACTED.parquet
2026-07-27,NSE,SUNPHARMA,part-035354_046704-001212.parquet,ctrade1-l2-data,raw_l2/trade_date=2026-07-27/exchange=NSE/symbol=SUNPHARMA/part-REDACTED.parquet
2026-07-27,NSE,SUNPHARMA,part-035408_239183-001244.parquet,ctrade1-l2-data,raw_l2/trade_date=2026-07-27/exchange=NSE/symbol=SUNPHARMA/part-REDACTED.parquet
2026-07-27,NSE,SUNPHARMA,part-035422_362725-001276.parquet,ctrade1-l2-data,raw_l2/trade_date=2026-07-27/exchange=NSE/symbol=SUNPHARMA/part-REDACTED.parquet
2026-07-27,NSE,SUNPHARMA,part-035436_557269-001308.parquet,ctrade1-l2-data,raw_l2/trade_date=2026-07-27/exchange=NSE/symbol=SUNPHARMA/part-REDACTED.parquet
2026-07-27,NSE,SUNPHARMA,part-035451_687434-001340.parquet,ctrade1-l2-data,raw_l2/trade_date=2026-07-27/exchange=NSE/symbol=SUNPHARMA/part-REDACTED.parquet
2026-07-27,NSE,SUNPHARMA,part-035505_911197-001372.parquet,ctrade1-l2-data,raw_l2/trade_date=2026-07-27/exchange=NSE/symbol=SUNPHARMA/part-REDACTED.parquet
2026-07-27,NSE,SUNPHARMA,part-035520_520354-001404.parquet,ctrade1-l2-data,raw_l2/trade_date=2026-07-27/exchange=NSE/symbol=SUNPHARMA/part-REDACTED.parquet
2026-07-27,NSE,SUNPHARMA,part-035534_674936-001436.parquet,ctrade1-l2-data,raw_l2/trade_date=2026-07-27/exchange=NSE/symbol=SUNPHARMA/part-REDACTED.parquet
2026-07-27,NSE,SUNPHARMA,part-035549_120121-001468.parquet,ctrade1-l2-data,raw_l2/trade_date=2026-07-27/exchange=NSE/symbol=SUNPHARMA/part-REDACTED.parquet
2026-07-27,NSE,SUNPHARMA,part-035603_749655-001500.parquet,ctrade1-l2-data,raw_l2/trade_date=2026-07-27/exchange=NSE/symbol=SUNPHARMA/part-REDACTED.parquet
2026-07-27,NSE,SUNPHARMA,part-035618_290068-001532.parquet,ctrade1-l2-data,raw_l2/trade_date=2026-07-27/exchange=NSE/symbol=SUNPHARMA/part-REDACTED.parquet
2026-07-27,NSE,SUNPHARMA,part-035632_796755-001564.parquet,ctrade1-l2-data,raw_l2/trade_date=2026-07-27/exchange=NSE/symbol=SUNPHARMA/part-REDACTED.parquet
2026-07-27,NSE,SUNPHARMA,part-035646_974152-001596.parquet,ctrade1-l2-data,raw_l2/trade_date=2026-07-27/exchange=NSE/symbol=SUNPHARMA/part-REDACTED.parquet
2026-07-27,NSE,SUNPHARMA,part-035701_269255-001628.parquet,ctrade1-l2-data,raw_l2/trade_date=2026-07-27/exchange=NSE/symbol=SUNPHARMA/part-REDACTED.parquet
2026-07-27,NSE,SUNPHARMA,part-035715_441301-001660.parquet,ctrade1-l2-data,raw_l2/trade_date=2026-07-27/exchange=NSE/symbol=SUNPHARMA/part-REDACTED.parquet
2026-07-27,NSE,SUNPHARMA,part-035729_984648-001692.parquet,ctrade1-l2-data,raw_l2/trade_date=2026-07-27/exchange=NSE/symbol=SUNPHARMA/part-REDACTED.parquet
2026-07-27,NSE,SUNPHARMA,part-035744_306757-001724.parquet,ctrade1-l2-data,raw_l2/trade_date=2026-07-27/exchange=NSE/symbol=SUNPHARMA/part-REDACTED.parquet
2026-07-27,NSE,SUNPHARMA,part-035758_490725-001756.parquet,ctrade1-l2-data,raw_l2/trade_date=2026-07-27/exchange=NSE/symbol=SUNPHARMA/part-REDACTED.parquet
2026-07-27,NSE,SUNPHARMA,part-035812_972950-001788.parquet,ctrade1-l2-data,raw_l2/trade_date=2026-07-27/exchange=NSE/symbol=SUNPHARMA/part-REDACTED.parquet
2026-07-27,NSE,SUNPHARMA,part-035827_201713-001820.parquet,ctrade1-l2-data,raw_l2/trade_date=2026-07-27/exchange=NSE/symbol=SUNPHARMA/part-REDACTED.parquet
2026-07-27,NSE,SUNPHARMA,part-035841_742239-001852.parquet,ctrade1-l2-data,raw_l2/trade_date=2026-07-27/exchange=NSE/symbol=SUNPHARMA/part-REDACTED.parquet
2026-07-27,NSE,SUNPHARMA,part-035856_090739-001884.parquet,ctrade1-l2-data,raw_l2/trade_date=2026-07-27/exchange=NSE/symbol=SUNPHARMA/part-REDACTED.parquet
2026-07-27,NSE,SUNPHARMA,part-035910_329361-001916.parquet,ctrade1-l2-data,raw_l2/trade_date=2026-07-27/exchange=NSE/symbol=SUNPHARMA/part-REDACTED.parquet
2026-07-27,NSE,SUNPHARMA,part-035924_910322-001948.parquet,ctrade1-l2-data,raw_l2/trade_date=2026-07-27/exchange=NSE/symbol=SUNPHARMA/part-REDACTED.parquet
2026-07-27,NSE,SUNPHARMA,part-035939_225504-001980.parquet,ctrade1-l2-data,raw_l2/trade_date=2026-07-27/exchange=NSE/symbol=SUNPHARMA/part-REDACTED.parquet
2026-07-27,NSE,SUNPHARMA,part-035953_392331-002012.parquet,ctrade1-l2-data,raw_l2/trade_date=2026-07-27/exchange=NSE/symbol=SUNPHARMA/part-REDACTED.parquet
2026-07-27,NSE,SUNPHARMA,part-040008_152714-002044.parquet,ctrade1-l2-data,raw_l2/trade_date=2026-07-27/exchange=NSE/symbol=SUNPHARMA/part-REDACTED.parquet
2026-07-27,NSE,SUNPHARMA,part-040022_455016-002076.parquet,ctrade1-l2-data,raw_l2/trade_date=2026-07-27/exchange=NSE/symbol=SUNPHARMA/part-REDACTED.parquet
2026-07-27,NSE,SUNPHARMA,part-040036_775065-002108.parquet,ctrade1-l2-data,raw_l2/trade_date=2026-07-27/exchange=NSE/symbol=SUNPHARMA/part-REDACTED.parquet
2026-07-27,NSE,SUNPHARMA,part-040051_223068-002140.parquet,ctrade1-l2-data,raw_l2/trade_date=2026-07-27/exchange=NSE/symbol=SUNPHARMA/part-REDACTED.parquet
2026-07-27,NSE,SUNPHARMA,part-040105_754503-002172.parquet,ctrade1-l2-data,raw_l2/trade_date=2026-07-27/exchange=NSE/symbol=SUNPHARMA/part-REDACTED.parquet
2026-07-27,NSE,SUNPHARMA,part-040120_105385-002204.parquet,ctrade1-l2-data,raw_l2/trade_date=2026-07-27/exchange=NSE/symbol=SUNPHARMA/part-REDACTED.parquet
2026-07-27,NSE,SUNPHARMA,part-040134_385693-002236.parquet,ctrade1-l2-data,raw_l2/trade_date=2026-07-27/exchange=NSE/symbol=SUNPHARMA/part-REDACTED.parquet
2026-07-27,NSE,SUNPHARMA,part-040148_955459-002268.parquet,ctrade1-l2-data,raw_l2/trade_date=2026-07-27/exchange=NSE/symbol=SUNPHARMA/part-REDACTED.parquet
2026-07-27,NSE,SUNPHARMA,part-040203_387070-002300.parquet,ctrade1-l2-data,raw_l2/trade_date=2026-07-27/exchange=NSE/symbol=SUNPHARMA/part-REDACTED.parquet
2026-07-27,NSE,SUNPHARMA,part-040217_846675-002332.parquet,ctrade1-l2-data,raw_l2/trade_date=2026-07-27/exchange=NSE/symbol=SUNPHARMA/part-REDACTED.parquet
2026-07-27,NSE,SUNPHARMA,part-040232_743128-002364.parquet,ctrade1-l2-data,raw_l2/trade_date=2026-07-27/exchange=NSE/symbol=SUNPHARMA/part-REDACTED.parquet
2026-07-27,NSE,SUNPHARMA,part-040247_221661-002396.parquet,ctrade1-l2-data,raw_l2/trade_date=2026-07-27/exchange=NSE/symbol=SUNPHARMA/part-REDACTED.parquet
2026-07-27,NSE,SUNPHARMA,part-040301_888796-002428.parquet,ctrade1-l2-data,raw_l2/trade_date=2026-07-27/exchange=NSE/symbol=SUNPHARMA/part-REDACTED.parquet
2026-07-27,NSE,SUNPHARMA,part-040316_220500-002460.parquet,ctrade1-l2-data,raw_l2/trade_date=2026-07-27/exchange=NSE/symbol=SUNPHARMA/part-REDACTED.parquet
2026-07-27,NSE,SUNPHARMA,part-040330_673536-002492.parquet,ctrade1-l2-data,raw_l2/trade_date=2026-07-27/exchange=NSE/symbol=SUNPHARMA/part-REDACTED.parquet
2026-07-27,NSE,SUNPHARMA,part-040345_002895-002524.parquet,ctrade1-l2-data,raw_l2/trade_date=2026-07-27/exchange=NSE/symbol=SUNPHARMA/part-REDACTED.parquet
2026-07-27,NSE,SUNPHARMA,part-040359_725128-002556.parquet,ctrade1-l2-data,raw_l2/trade_date=2026-07-27/exchange=NSE/symbol=SUNPHARMA/part-REDACTED.parquet
2026-07-27,NSE,SUNPHARMA,part-040414_310941-002588.parquet,ctrade1-l2-data,raw_l2/trade_date=2026-07-27/exchange=NSE/symbol=SUNPHARMA/part-REDACTED.parquet
2026-07-27,NSE,SUNPHARMA,part-040428_554275-002620.parquet,ctrade1-l2-data,raw_l2/trade_date=2026-07-27/exchange=NSE/symbol=SUNPHARMA/part-REDACTED.parquet
2026-07-27,NSE,SUNPHARMA,part-040442_839103-002652.parquet,ctrade1-l2-data,raw_l2/trade_date=2026-07-27/exchange=NSE/symbol=SUNPHARMA/part-REDACTED.parquet
2026-07-27,NSE,SUNPHARMA,part-040457_187941-002684.parquet,ctrade1-l2-data,raw_l2/trade_date=2026-07-27/exchange=NSE/symbol=SUNPHARMA/part-REDACTED.parquet
2026-07-27,NSE,SUNPHARMA,part-040511_675750-002716.parquet,ctrade1-l2-data,raw_l2/trade_date=2026-07-27/exchange=NSE/symbol=SUNPHARMA/part-REDACTED.parquet
2026-07-27,NSE,SUNPHARMA,part-040525_706141-002748.parquet,ctrade1-l2-data,raw_l2/trade_date=2026-07-27/exchange=NSE/symbol=SUNPHARMA/part-REDACTED.parquet
2026-07-27,NSE,SUNPHARMA,part-040539_806896-002780.parquet,ctrade1-l2-data,raw_l2/trade_date=2026-07-27/exchange=NSE/symbol=SUNPHARMA/part-REDACTED.parquet
2026-07-27,NSE,SUNPHARMA,part-040553_948912-002812.parquet,ctrade1-l2-data,raw_l2/trade_date=2026-07-27/exchange=NSE/symbol=SUNPHARMA/part-REDACTED.parquet
2026-07-27,NSE,SUNPHARMA,part-040607_958834-002844.parquet,ctrade1-l2-data,raw_l2/trade_date=2026-07-27/exchange=NSE/symbol=SUNPHARMA/part-REDACTED.parquet
2026-07-27,NSE,SUNPHARMA,part-040621_999041-002876.parquet,ctrade1-l2-data,raw_l2/trade_date=2026-07-27/exchange=NSE/symbol=SUNPHARMA/part-REDACTED.parquet
2026-07-27,NSE,SUNPHARMA,part-040636_031910-002908.parquet,ctrade1-l2-data,raw_l2/trade_date=2026-07-27/exchange=NSE/symbol=SUNPHARMA/part-REDACTED.parquet
2026-07-27,NSE,SUNPHARMA,part-040650_108249-002940.parquet,ctrade1-l2-data,raw_l2/trade_date=2026-07-27/exchange=NSE/symbol=SUNPHARMA/part-REDACTED.parquet
2026-07-27,NSE,SUNPHARMA,part-040704_107732-002972.parquet,ctrade1-l2-data,raw_l2/trade_date=2026-07-27/exchange=NSE/symbol=SUNPHARMA/part-REDACTED.parquet
2026-07-27,NSE,SUNPHARMA,part-040718_500728-003004.parquet,ctrade1-l2-data,raw_l2/trade_date=2026-07-27/exchange=NSE/symbol=SUNPHARMA/part-REDACTED.parquet
2026-07-27,NSE,SUNPHARMA,part-040732_676728-003036.parquet,ctrade1-l2-data,raw_l2/trade_date=2026-07-27/exchange=NSE/symbol=SUNPHARMA/part-REDACTED.parquet
2026-07-27,NSE,SUNPHARMA,part-040746_713339-003068.parquet,ctrade1-l2-data,raw_l2/trade_date=2026-07-27/exchange=NSE/symbol=SUNPHARMA/part-REDACTED.parquet
2026-07-27,NSE,SUNPHARMA,part-040801_498525-003100.parquet,ctrade1-l2-data,raw_l2/trade_date=2026-07-27/exchange=NSE/symbol=SUNPHARMA/part-REDACTED.parquet
2026-07-27,NSE,SUNPHARMA,part-040815_757559-003132.parquet,ctrade1-l2-data,raw_l2/trade_date=2026-07-27/exchange=NSE/symbol=SUNPHARMA/part-REDACTED.parquet
2026-07-27,NSE,SUNPHARMA,part-040829_925088-003164.parquet,ctrade1-l2-data,raw_l2/trade_date=2026-07-27/exchange=NSE/symbol=SUNPHARMA/part-REDACTED.parquet
2026-07-27,NSE,SUNPHARMA,part-040844_126468-003196.parquet,ctrade1-l2-data,raw_l2/trade_date=2026-07-27/exchange=NSE/symbol=SUNPHARMA/part-REDACTED.parquet
2026-07-27,NSE,SUNPHARMA,part-040858_400835-003228.parquet,ctrade1-l2-data,raw_l2/trade_date=2026-07-27/exchange=NSE/symbol=SUNPHARMA/part-REDACTED.parquet
2026-07-27,NSE,SUNPHARMA,part-040912_606070-003260.parquet,ctrade1-l2-data,raw_l2/trade_date=2026-07-27/exchange=NSE/symbol=SUNPHARMA/part-REDACTED.parquet
2026-07-27,NSE,SUNPHARMA,part-040926_824502-003292.parquet,ctrade1-l2-data,raw_l2/trade_date=2026-07-27/exchange=NSE/symbol=SUNPHARMA/part-REDACTED.parquet
2026-07-27,NSE,SUNPHARMA,part-040941_065754-003324.parquet,ctrade1-l2-data,raw_l2/trade_date=2026-07-27/exchange=NSE/symbol=SUNPHARMA/part-REDACTED.parquet
2026-07-27,NSE,SUNPHARMA,part-040955_263736-003356.parquet,ctrade1-l2-data,raw_l2/trade_date=2026-07-27/exchange=NSE/symbol=SUNPHARMA/part-REDACTED.parquet
2026-07-27,NSE,SUNPHARMA,part-041009_395717-003388.parquet,ctrade1-l2-data,raw_l2/trade_date=2026-07-27/exchange=NSE/symbol=SUNPHARMA/part-REDACTED.parquet
2026-07-27,NSE,SUNPHARMA,part-041023_745378-003420.parquet,ctrade1-l2-data,raw_l2/trade_date=2026-07-27/exchange=NSE/symbol=SUNPHARMA/part-REDACTED.parquet
2026-07-27,NSE,SUNPHARMA,part-041038_167247-003452.parquet,ctrade1-l2-data,raw_l2/trade_date=2026-07-27/exchange=NSE/symbol=SUNPHARMA/part-REDACTED.parquet
2026-07-27,NSE,SUNPHARMA,part-041052_259105-003484.parquet,ctrade1-l2-data,raw_l2/trade_date=2026-07-27/exchange=NSE/symbol=SUNPHARMA/part-REDACTED.parquet
2026-07-27,NSE,SUNPHARMA,part-041106_666903-003516.parquet,ctrade1-l2-data,raw_l2/trade_date=2026-07-27/exchange=NSE/symbol=SUNPHARMA/part-REDACTED.parquet
2026-07-27,NSE,SUNPHARMA,part-041120_842702-003548.parquet,ctrade1-l2-data,raw_l2/trade_date=2026-07-27/exchange=NSE/symbol=SUNPHARMA/part-REDACTED.parquet
2026-07-27,NSE,SUNPHARMA,part-041135_062206-003580.parquet,ctrade1-l2-data,raw_l2/trade_date=2026-07-27/exchange=NSE/symbol=SUNPHARMA/part-REDACTED.parquet
2026-07-27,NSE,SUNPHARMA,part-041149_280588-003612.parquet,ctrade1-l2-data,raw_l2/trade_date=2026-07-27/exchange=NSE/symbol=SUNPHARMA/part-REDACTED.parquet
2026-07-27,NSE,SUNPHARMA,part-041203_210228-003644.parquet,ctrade1-l2-data,raw_l2/trade_date=2026-07-27/exchange=NSE/symbol=SUNPHARMA/part-REDACTED.parquet
2026-07-27,NSE,SUNPHARMA,part-041217_256185-003676.parquet,ctrade1-l2-data,raw_l2/trade_date=2026-07-27/exchange=NSE/symbol=SUNPHARMA/part-REDACTED.parquet
2026-07-27,NSE,SUNPHARMA,part-041232_069195-003708.parquet,ctrade1-l2-data,raw_l2/trade_date=2026-07-27/exchange=NSE/symbol=SUNPHARMA/part-REDACTED.parquet
2026-07-27,NSE,SUNPHARMA,part-041246_460931-003740.parquet,ctrade1-l2-data,raw_l2/trade_date=2026-07-27/exchange=NSE/symbol=SUNPHARMA/part-REDACTED.parquet
2026-07-27,NSE,SUNPHARMA,part-041300_416391-003772.parquet,ctrade1-l2-data,raw_l2/trade_date=2026-07-27/exchange=NSE/symbol=SUNPHARMA/part-REDACTED.parquet
2026-07-27,NSE,SUNPHARMA,part-041314_956131-003804.parquet,ctrade1-l2-data,raw_l2/trade_date=2026-07-27/exchange=NSE/symbol=SUNPHARMA/part-REDACTED.parquet
2026-07-27,NSE,SUNPHARMA,part-041329_046158-003836.parquet,ctrade1-l2-data,raw_l2/trade_date=2026-07-27/exchange=NSE/symbol=SUNPHARMA/part-REDACTED.parquet
2026-07-27,NSE,SUNPHARMA,part-041343_046755-003868.parquet,ctrade1-l2-data,raw_l2/trade_date=2026-07-27/exchange=NSE/symbol=SUNPHARMA/part-REDACTED.parquet
2026-07-27,NSE,SUNPHARMA,part-041357_074189-003900.parquet,ctrade1-l2-data,raw_l2/trade_date=2026-07-27/exchange=NSE/symbol=SUNPHARMA/part-REDACTED.parquet
2026-07-27,NSE,SUNPHARMA,part-041411_111253-003932.parquet,ctrade1-l2-data,raw_l2/trade_date=2026-07-27/exchange=NSE/symbol=SUNPHARMA/part-REDACTED.parquet
2026-07-27,NSE,SUNPHARMA,part-041425_042406-003964.parquet,ctrade1-l2-data,raw_l2/trade_date=2026-07-27/exchange=NSE/symbol=SUNPHARMA/part-REDACTED.parquet
2026-07-27,NSE,SUNPHARMA,part-041439_049461-003996.parquet,ctrade1-l2-data,raw_l2/trade_date=2026-07-27/exchange=NSE/symbol=SUNPHARMA/part-REDACTED.parquet
2026-07-27,NSE,SUNPHARMA,part-041453_052661-004028.parquet,ctrade1-l2-data,raw_l2/trade_date=2026-07-27/exchange=NSE/symbol=SUNPHARMA/part-REDACTED.parquet
2026-07-27,NSE,SUNPHARMA,part-041507_137453-004060.parquet,ctrade1-l2-data,raw_l2/trade_date=2026-07-27/exchange=NSE/symbol=SUNPHARMA/part-REDACTED.parquet
2026-07-27,NSE,SUNPHARMA,part-041521_084544-004092.parquet,ctrade1-l2-data,raw_l2/trade_date=2026-07-27/exchange=NSE/symbol=SUNPHARMA/part-REDACTED.parquet
2026-07-27,NSE,SUNPHARMA,part-041535_508862-004124.parquet,ctrade1-l2-data,raw_l2/trade_date=2026-07-27/exchange=NSE/symbol=SUNPHARMA/part-REDACTED.parquet
2026-07-27,NSE,SUNPHARMA,part-041549_738960-004156.parquet,ctrade1-l2-data,raw_l2/trade_date=2026-07-27/exchange=NSE/symbol=SUNPHARMA/part-REDACTED.parquet
2026-07-27,NSE,SUNPHARMA,part-041603_919240-004188.parquet,ctrade1-l2-data,raw_l2/trade_date=2026-07-27/exchange=NSE/symbol=SUNPHARMA/part-REDACTED.parquet
2026-07-27,NSE,SUNPHARMA,part-041618_046801-004220.parquet,ctrade1-l2-data,raw_l2/trade_date=2026-07-27/exchange=NSE/symbol=SUNPHARMA/part-REDACTED.parquet
2026-07-27,NSE,SUNPHARMA,part-041634_251572-004252.parquet,ctrade1-l2-data,raw_l2/trade_date=2026-07-27/exchange=NSE/symbol=SUNPHARMA/part-REDACTED.parquet
2026-07-27,NSE,SUNPHARMA,part-041648_785676-004284.parquet,ctrade1-l2-data,raw_l2/trade_date=2026-07-27/exchange=NSE/symbol=SUNPHARMA/part-REDACTED.parquet
2026-07-27,NSE,SUNPHARMA,part-041702_780814-004316.parquet,ctrade1-l2-data,raw_l2/trade_date=2026-07-27/exchange=NSE/symbol=SUNPHARMA/part-REDACTED.parquet
2026-07-27,NSE,SUNPHARMA,part-041716_999585-004348.parquet,ctrade1-l2-data,raw_l2/trade_date=2026-07-27/exchange=NSE/symbol=SUNPHARMA/part-REDACTED.parquet
2026-07-27,NSE,SUNPHARMA,part-041731_447906-004380.parquet,ctrade1-l2-data,raw_l2/trade_date=2026-07-27/exchange=NSE/symbol=SUNPHARMA/part-REDACTED.parquet
2026-07-27,NSE,SUNPHARMA,part-041745_739261-004412.parquet,ctrade1-l2-data,raw_l2/trade_date=2026-07-27/exchange=NSE/symbol=SUNPHARMA/part-REDACTED.parquet
2026-07-27,NSE,SUNPHARMA,part-041800_140090-004444.parquet,ctrade1-l2-data,raw_l2/trade_date=2026-07-27/exchange=NSE/symbol=SUNPHARMA/part-REDACTED.parquet
2026-07-27,NSE,SUNPHARMA,part-041814_364324-004476.parquet,ctrade1-l2-data,raw_l2/trade_date=2026-07-27/exchange=NSE/symbol=SUNPHARMA/part-REDACTED.parquet
2026-07-27,NSE,SUNPHARMA,part-041828_449551-004508.parquet,ctrade1-l2-data,raw_l2/trade_date=2026-07-27/exchange=NSE/symbol=SUNPHARMA/part-REDACTED.parquet
2026-07-27,NSE,SUNPHARMA,part-041842_418646-004540.parquet,ctrade1-l2-data,raw_l2/trade_date=2026-07-27/exchange=NSE/symbol=SUNPHARMA/part-REDACTED.parquet
2026-07-27,NSE,SUNPHARMA,part-041856_499353-004572.parquet,ctrade1-l2-data,raw_l2/trade_date=2026-07-27/exchange=NSE/symbol=SUNPHARMA/part-REDACTED.parquet
2026-07-27,NSE,SUNPHARMA,part-041910_580297-004604.parquet,ctrade1-l2-data,raw_l2/trade_date=2026-07-27/exchange=NSE/symbol=SUNPHARMA/part-REDACTED.parquet
2026-07-27,NSE,SUNPHARMA,part-041924_565096-004636.parquet,ctrade1-l2-data,raw_l2/trade_date=2026-07-27/exchange=NSE/symbol=SUNPHARMA/part-REDACTED.parquet
2026-07-27,NSE,SUNPHARMA,part-041938_615006-004668.parquet,ctrade1-l2-data,raw_l2/trade_date=2026-07-27/exchange=NSE/symbol=SUNPHARMA/part-REDACTED.parquet
2026-07-27,NSE,SUNPHARMA,part-041952_529738-004700.parquet,ctrade1-l2-data,raw_l2/trade_date=2026-07-27/exchange=NSE/symbol=SUNPHARMA/part-REDACTED.parquet
2026-07-27,NSE,SUNPHARMA,part-042006_777155-004732.parquet,ctrade1-l2-data,raw_l2/trade_date=2026-07-27/exchange=NSE/symbol=SUNPHARMA/part-REDACTED.parquet
2026-07-27,NSE,SUNPHARMA,part-042020_863358-004764.parquet,ctrade1-l2-data,raw_l2/trade_date=2026-07-27/exchange=NSE/symbol=SUNPHARMA/part-REDACTED.parquet
2026-07-27,NSE,SUNPHARMA,part-042035_130229-004796.parquet,ctrade1-l2-data,raw_l2/trade_date=2026-07-27/exchange=NSE/symbol=SUNPHARMA/part-REDACTED.parquet
2026-07-27,NSE,SUNPHARMA,part-042049_043231-004828.parquet,ctrade1-l2-data,raw_l2/trade_date=2026-07-27/exchange=NSE/symbol=SUNPHARMA/part-REDACTED.parquet
2026-07-27,NSE,SUNPHARMA,part-042103_134624-004860.parquet,ctrade1-l2-data,raw_l2/trade_date=2026-07-27/exchange=NSE/symbol=SUNPHARMA/part-REDACTED.parquet
2026-07-27,NSE,SUNPHARMA,part-042117_457053-004892.parquet,ctrade1-l2-data,raw_l2/trade_date=2026-07-27/exchange=NSE/symbol=SUNPHARMA/part-REDACTED.parquet
2026-07-27,NSE,SUNPHARMA,part-042131_740679-004924.parquet,ctrade1-l2-data,raw_l2/trade_date=2026-07-27/exchange=NSE/symbol=SUNPHARMA/part-REDACTED.parquet
2026-07-27,NSE,SUNPHARMA,part-042145_941752-004956.parquet,ctrade1-l2-data,raw_l2/trade_date=2026-07-27/exchange=NSE/symbol=SUNPHARMA/part-REDACTED.parquet
2026-07-27,NSE,SUNPHARMA,part-042200_422288-004988.parquet,ctrade1-l2-data,raw_l2/trade_date=2026-07-27/exchange=NSE/symbol=SUNPHARMA/part-REDACTED.parquet
2026-07-27,NSE,SUNPHARMA,part-042214_923350-005020.parquet,ctrade1-l2-data,raw_l2/trade_date=2026-07-27/exchange=NSE/symbol=SUNPHARMA/part-REDACTED.parquet
2026-07-27,NSE,SUNPHARMA,part-042229_201435-005052.parquet,ctrade1-l2-data,raw_l2/trade_date=2026-07-27/exchange=NSE/symbol=SUNPHARMA/part-REDACTED.parquet
2026-07-27,NSE,SUNPHARMA,part-042243_548288-005084.parquet,ctrade1-l2-data,raw_l2/trade_date=2026-07-27/exchange=NSE/symbol=SUNPHARMA/part-REDACTED.parquet
2026-07-27,NSE,SUNPHARMA,part-042257_929609-005116.parquet,ctrade1-l2-data,raw_l2/trade_date=2026-07-27/exchange=NSE/symbol=SUNPHARMA/part-REDACTED.parquet
2026-07-27,NSE,SUNPHARMA,part-042312_306790-005148.parquet,ctrade1-l2-data,raw_l2/trade_date=2026-07-27/exchange=NSE/symbol=SUNPHARMA/part-REDACTED.parquet
2026-07-27,NSE,SUNPHARMA,part-042326_565607-005180.parquet,ctrade1-l2-data,raw_l2/trade_date=2026-07-27/exchange=NSE/symbol=SUNPHARMA/part-REDACTED.parquet
2026-07-27,NSE,SUNPHARMA,part-042340_991203-005212.parquet,ctrade1-l2-data,raw_l2/trade_date=2026-07-27/exchange=NSE/symbol=SUNPHARMA/part-REDACTED.parquet
2026-07-27,NSE,SUNPHARMA,part-042355_384643-005244.parquet,ctrade1-l2-data,raw_l2/trade_date=2026-07-27/exchange=NSE/symbol=SUNPHARMA/part-REDACTED.parquet
2026-07-27,NSE,SUNPHARMA,part-042409_909901-005276.parquet,ctrade1-l2-data,raw_l2/trade_date=2026-07-27/exchange=NSE/symbol=SUNPHARMA/part-REDACTED.parquet
2026-07-27,NSE,SUNPHARMA,part-042424_314508-005308.parquet,ctrade1-l2-data,raw_l2/trade_date=2026-07-27/exchange=NSE/symbol=SUNPHARMA/part-REDACTED.parquet
2026-07-27,NSE,SUNPHARMA,part-042438_802840-005340.parquet,ctrade1-l2-data,raw_l2/trade_date=2026-07-27/exchange=NSE/symbol=SUNPHARMA/part-REDACTED.parquet
2026-07-27,NSE,SUNPHARMA,part-042453_028731-005372.parquet,ctrade1-l2-data,raw_l2/trade_date=2026-07-27/exchange=NSE/symbol=SUNPHARMA/part-REDACTED.parquet
2026-07-27,NSE,SUNPHARMA,part-042507_250309-005404.parquet,ctrade1-l2-data,raw_l2/trade_date=2026-07-27/exchange=NSE/symbol=SUNPHARMA/part-REDACTED.parquet
2026-07-27,NSE,SUNPHARMA,part-042521_445094-005436.parquet,ctrade1-l2-data,raw_l2/trade_date=2026-07-27/exchange=NSE/symbol=SUNPHARMA/part-REDACTED.parquet
2026-07-27,NSE,SUNPHARMA,part-042535_992890-005468.parquet,ctrade1-l2-data,raw_l2/trade_date=2026-07-27/exchange=NSE/symbol=SUNPHARMA/part-REDACTED.parquet
2026-07-27,NSE,SUNPHARMA,part-042550_407696-005500.parquet,ctrade1-l2-data,raw_l2/trade_date=2026-07-27/exchange=NSE/symbol=SUNPHARMA/part-REDACTED.parquet
2026-07-27,NSE,SUNPHARMA,part-042605_126831-005532.parquet,ctrade1-l2-data,raw_l2/trade_date=2026-07-27/exchange=NSE/symbol=SUNPHARMA/part-REDACTED.parquet
2026-07-27,NSE,SUNPHARMA,part-042619_524753-005564.parquet,ctrade1-l2-data,raw_l2/trade_date=2026-07-27/exchange=NSE/symbol=SUNPHARMA/part-REDACTED.parquet
2026-07-27,NSE,SUNPHARMA,part-042633_796276-005596.parquet,ctrade1-l2-data,raw_l2/trade_date=2026-07-27/exchange=NSE/symbol=SUNPHARMA/part-REDACTED.parquet
2026-07-27,NSE,SUNPHARMA,part-042648_401578-005628.parquet,ctrade1-l2-data,raw_l2/trade_date=2026-07-27/exchange=NSE/symbol=SUNPHARMA/part-REDACTED.parquet
2026-07-27,NSE,SUNPHARMA,part-042702_870935-005660.parquet,ctrade1-l2-data,raw_l2/trade_date=2026-07-27/exchange=NSE/symbol=SUNPHARMA/part-REDACTED.parquet
2026-07-27,NSE,TCS,part-034505_060077-000029.parquet,ctrade1-l2-data,raw_l2/trade_date=2026-07-27/exchange=NSE/symbol=TCS/part-REDACTED.parquet
2026-07-27,NSE,TCS,part-034519_465738-000061.parquet,ctrade1-l2-data,raw_l2/trade_date=2026-07-27/exchange=NSE/symbol=TCS/part-REDACTED.parquet
2026-07-27,NSE,TCS,part-034533_871570-000093.parquet,ctrade1-l2-data,raw_l2/trade_date=2026-07-27/exchange=NSE/symbol=TCS/part-REDACTED.parquet
2026-07-27,NSE,TCS,part-034547_963840-000125.parquet,ctrade1-l2-data,raw_l2/trade_date=2026-07-27/exchange=NSE/symbol=TCS/part-REDACTED.parquet
2026-07-27,NSE,TCS,part-034602_063197-000157.parquet,ctrade1-l2-data,raw_l2/trade_date=2026-07-27/exchange=NSE/symbol=TCS/part-REDACTED.parquet
2026-07-27,NSE,TCS,part-034616_528340-000189.parquet,ctrade1-l2-data,raw_l2/trade_date=2026-07-27/exchange=NSE/symbol=TCS/part-REDACTED.parquet
2026-07-27,NSE,TCS,part-034630_818499-000221.parquet,ctrade1-l2-data,raw_l2/trade_date=2026-07-27/exchange=NSE/symbol=TCS/part-REDACTED.parquet
2026-07-27,NSE,TCS,part-034645_438492-000253.parquet,ctrade1-l2-data,raw_l2/trade_date=2026-07-27/exchange=NSE/symbol=TCS/part-REDACTED.parquet
2026-07-27,NSE,TCS,part-034659_499184-000285.parquet,ctrade1-l2-data,raw_l2/trade_date=2026-07-27/exchange=NSE/symbol=TCS/part-REDACTED.parquet
2026-07-27,NSE,TCS,part-034713_510693-000317.parquet,ctrade1-l2-data,raw_l2/trade_date=2026-07-27/exchange=NSE/symbol=TCS/part-REDACTED.parquet
2026-07-27,NSE,TCS,part-034727_545955-000349.parquet,ctrade1-l2-data,raw_l2/trade_date=2026-07-27/exchange=NSE/symbol=TCS/part-REDACTED.parquet
2026-07-27,NSE,TCS,part-034741_718114-000381.parquet,ctrade1-l2-data,raw_l2/trade_date=2026-07-27/exchange=NSE/symbol=TCS/part-REDACTED.parquet
2026-07-27,NSE,TCS,part-034755_854676-000413.parquet,ctrade1-l2-data,raw_l2/trade_date=2026-07-27/exchange=NSE/symbol=TCS/part-REDACTED.parquet
2026-07-27,NSE,TCS,part-034810_245047-000445.parquet,ctrade1-l2-data,raw_l2/trade_date=2026-07-27/exchange=NSE/symbol=TCS/part-REDACTED.parquet
2026-07-27,NSE,TCS,part-034824_715224-000477.parquet,ctrade1-l2-data,raw_l2/trade_date=2026-07-27/exchange=NSE/symbol=TCS/part-REDACTED.parquet
2026-07-27,NSE,TCS,part-034839_163384-000509.parquet,ctrade1-l2-data,raw_l2/trade_date=2026-07-27/exchange=NSE/symbol=TCS/part-REDACTED.parquet
2026-07-27,NSE,TCS,part-034853_628240-000541.parquet,ctrade1-l2-data,raw_l2/trade_date=2026-07-27/exchange=NSE/symbol=TCS/part-REDACTED.parquet
2026-07-27,NSE,TCS,part-034907_849982-000573.parquet,ctrade1-l2-data,raw_l2/trade_date=2026-07-27/exchange=NSE/symbol=TCS/part-REDACTED.parquet
2026-07-27,NSE,TCS,part-034922_272625-000605.parquet,ctrade1-l2-data,raw_l2/trade_date=2026-07-27/exchange=NSE/symbol=TCS/part-REDACTED.parquet
2026-07-27,NSE,TCS,part-034936_735295-000637.parquet,ctrade1-l2-data,raw_l2/trade_date=2026-07-27/exchange=NSE/symbol=TCS/part-REDACTED.parquet
2026-07-27,NSE,TCS,part-034951_495081-000669.parquet,ctrade1-l2-data,raw_l2/trade_date=2026-07-27/exchange=NSE/symbol=TCS/part-REDACTED.parquet
2026-07-27,NSE,TCS,part-035005_869415-000701.parquet,ctrade1-l2-data,raw_l2/trade_date=2026-07-27/exchange=NSE/symbol=TCS/part-REDACTED.parquet
2026-07-27,NSE,TCS,part-035019_980071-000733.parquet,ctrade1-l2-data,raw_l2/trade_date=2026-07-27/exchange=NSE/symbol=TCS/part-REDACTED.parquet
2026-07-27,NSE,TCS,part-035034_048403-000765.parquet,ctrade1-l2-data,raw_l2/trade_date=2026-07-27/exchange=NSE/symbol=TCS/part-REDACTED.parquet
2026-07-27,NSE,TCS,part-035048_357025-000797.parquet,ctrade1-l2-data,raw_l2/trade_date=2026-07-27/exchange=NSE/symbol=TCS/part-REDACTED.parquet
2026-07-27,NSE,TCS,part-035102_572488-000829.parquet,ctrade1-l2-data,raw_l2/trade_date=2026-07-27/exchange=NSE/symbol=TCS/part-REDACTED.parquet
2026-07-27,NSE,TCS,part-035117_049693-000861.parquet,ctrade1-l2-data,raw_l2/trade_date=2026-07-27/exchange=NSE/symbol=TCS/part-REDACTED.parquet
2026-07-27,NSE,TCS,part-035131_336404-000893.parquet,ctrade1-l2-data,raw_l2/trade_date=2026-07-27/exchange=NSE/symbol=TCS/part-REDACTED.parquet
2026-07-27,NSE,TCS,part-035145_362991-000925.parquet,ctrade1-l2-data,raw_l2/trade_date=2026-07-27/exchange=NSE/symbol=TCS/part-REDACTED.parquet
2026-07-27,NSE,TCS,part-035159_672928-000957.parquet,ctrade1-l2-data,raw_l2/trade_date=2026-07-27/exchange=NSE/symbol=TCS/part-REDACTED.parquet
2026-07-27,NSE,TCS,part-035213_913323-000989.parquet,ctrade1-l2-data,raw_l2/trade_date=2026-07-27/exchange=NSE/symbol=TCS/part-REDACTED.parquet
2026-07-27,NSE,TCS,part-035228_116479-001021.parquet,ctrade1-l2-data,raw_l2/trade_date=2026-07-27/exchange=NSE/symbol=TCS/part-REDACTED.parquet
2026-07-27,NSE,TCS,part-035242_336686-001053.parquet,ctrade1-l2-data,raw_l2/trade_date=2026-07-27/exchange=NSE/symbol=TCS/part-REDACTED.parquet
2026-07-27,NSE,TCS,part-035256_683709-001085.parquet,ctrade1-l2-data,raw_l2/trade_date=2026-07-27/exchange=NSE/symbol=TCS/part-REDACTED.parquet
2026-07-27,NSE,TCS,part-035310_984999-001117.parquet,ctrade1-l2-data,raw_l2/trade_date=2026-07-27/exchange=NSE/symbol=TCS/part-REDACTED.parquet
2026-07-27,NSE,TCS,part-035325_315877-001149.parquet,ctrade1-l2-data,raw_l2/trade_date=2026-07-27/exchange=NSE/symbol=TCS/part-REDACTED.parquet
2026-07-27,NSE,TCS,part-035339_729024-001181.parquet,ctrade1-l2-data,raw_l2/trade_date=2026-07-27/exchange=NSE/symbol=TCS/part-REDACTED.parquet
2026-07-27,NSE,TCS,part-035354_171122-001213.parquet,ctrade1-l2-data,raw_l2/trade_date=2026-07-27/exchange=NSE/symbol=TCS/part-REDACTED.parquet
2026-07-27,NSE,TCS,part-035408_351122-001245.parquet,ctrade1-l2-data,raw_l2/trade_date=2026-07-27/exchange=NSE/symbol=TCS/part-REDACTED.parquet
2026-07-27,NSE,TCS,part-035422_486144-001277.parquet,ctrade1-l2-data,raw_l2/trade_date=2026-07-27/exchange=NSE/symbol=TCS/part-REDACTED.parquet
2026-07-27,NSE,TCS,part-035436_705238-001309.parquet,ctrade1-l2-data,raw_l2/trade_date=2026-07-27/exchange=NSE/symbol=TCS/part-REDACTED.parquet
2026-07-27,NSE,TCS,part-035451_851892-001341.parquet,ctrade1-l2-data,raw_l2/trade_date=2026-07-27/exchange=NSE/symbol=TCS/part-REDACTED.parquet
2026-07-27,NSE,TCS,part-035506_040378-001373.parquet,ctrade1-l2-data,raw_l2/trade_date=2026-07-27/exchange=NSE/symbol=TCS/part-REDACTED.parquet
2026-07-27,NSE,TCS,part-035520_636176-001405.parquet,ctrade1-l2-data,raw_l2/trade_date=2026-07-27/exchange=NSE/symbol=TCS/part-REDACTED.parquet
2026-07-27,NSE,TCS,part-035534_800748-001437.parquet,ctrade1-l2-data,raw_l2/trade_date=2026-07-27/exchange=NSE/symbol=TCS/part-REDACTED.parquet
2026-07-27,NSE,TCS,part-035549_241742-001469.parquet,ctrade1-l2-data,raw_l2/trade_date=2026-07-27/exchange=NSE/symbol=TCS/part-REDACTED.parquet
2026-07-27,NSE,TCS,part-035603_879217-001501.parquet,ctrade1-l2-data,raw_l2/trade_date=2026-07-27/exchange=NSE/symbol=TCS/part-REDACTED.parquet
2026-07-27,NSE,TCS,part-035618_409015-001533.parquet,ctrade1-l2-data,raw_l2/trade_date=2026-07-27/exchange=NSE/symbol=TCS/part-REDACTED.parquet
2026-07-27,NSE,TCS,part-035632_950641-001565.parquet,ctrade1-l2-data,raw_l2/trade_date=2026-07-27/exchange=NSE/symbol=TCS/part-REDACTED.parquet
2026-07-27,NSE,TCS,part-035647_093745-001597.parquet,ctrade1-l2-data,raw_l2/trade_date=2026-07-27/exchange=NSE/symbol=TCS/part-REDACTED.parquet
2026-07-27,NSE,TCS,part-035701_393686-001629.parquet,ctrade1-l2-data,raw_l2/trade_date=2026-07-27/exchange=NSE/symbol=TCS/part-REDACTED.parquet
2026-07-27,NSE,TCS,part-035715_564302-001661.parquet,ctrade1-l2-data,raw_l2/trade_date=2026-07-27/exchange=NSE/symbol=TCS/part-REDACTED.parquet
2026-07-27,NSE,TCS,part-035730_114413-001693.parquet,ctrade1-l2-data,raw_l2/trade_date=2026-07-27/exchange=NSE/symbol=TCS/part-REDACTED.parquet
2026-07-27,NSE,TCS,part-035744_452062-001725.parquet,ctrade1-l2-data,raw_l2/trade_date=2026-07-27/exchange=NSE/symbol=TCS/part-REDACTED.parquet
2026-07-27,NSE,TCS,part-035758_624204-001757.parquet,ctrade1-l2-data,raw_l2/trade_date=2026-07-27/exchange=NSE/symbol=TCS/part-REDACTED.parquet
2026-07-27,NSE,TCS,part-035813_098128-001789.parquet,ctrade1-l2-data,raw_l2/trade_date=2026-07-27/exchange=NSE/symbol=TCS/part-REDACTED.parquet
2026-07-27,NSE,TCS,part-035827_325837-001821.parquet,ctrade1-l2-data,raw_l2/trade_date=2026-07-27/exchange=NSE/symbol=TCS/part-REDACTED.parquet
2026-07-27,NSE,TCS,part-035841_879750-001853.parquet,ctrade1-l2-data,raw_l2/trade_date=2026-07-27/exchange=NSE/symbol=TCS/part-REDACTED.parquet
2026-07-27,NSE,TCS,part-035856_215428-001885.parquet,ctrade1-l2-data,raw_l2/trade_date=2026-07-27/exchange=NSE/symbol=TCS/part-REDACTED.parquet
2026-07-27,NSE,TCS,part-035910_516764-001917.parquet,ctrade1-l2-data,raw_l2/trade_date=2026-07-27/exchange=NSE/symbol=TCS/part-REDACTED.parquet
2026-07-27,NSE,TCS,part-035925_043575-001949.parquet,ctrade1-l2-data,raw_l2/trade_date=2026-07-27/exchange=NSE/symbol=TCS/part-REDACTED.parquet
2026-07-27,NSE,TCS,part-035939_347648-001981.parquet,ctrade1-l2-data,raw_l2/trade_date=2026-07-27/exchange=NSE/symbol=TCS/part-REDACTED.parquet
2026-07-27,NSE,TCS,part-035953_525052-002013.parquet,ctrade1-l2-data,raw_l2/trade_date=2026-07-27/exchange=NSE/symbol=TCS/part-REDACTED.parquet
2026-07-27,NSE,TCS,part-040008_271496-002045.parquet,ctrade1-l2-data,raw_l2/trade_date=2026-07-27/exchange=NSE/symbol=TCS/part-REDACTED.parquet
2026-07-27,NSE,TCS,part-040022_581064-002077.parquet,ctrade1-l2-data,raw_l2/trade_date=2026-07-27/exchange=NSE/symbol=TCS/part-REDACTED.parquet
2026-07-27,NSE,TCS,part-040036_903806-002109.parquet,ctrade1-l2-data,raw_l2/trade_date=2026-07-27/exchange=NSE/symbol=TCS/part-REDACTED.parquet
2026-07-27,NSE,TCS,part-040051_368538-002141.parquet,ctrade1-l2-data,raw_l2/trade_date=2026-07-27/exchange=NSE/symbol=TCS/part-REDACTED.parquet
2026-07-27,NSE,TCS,part-040105_900198-002173.parquet,ctrade1-l2-data,raw_l2/trade_date=2026-07-27/exchange=NSE/symbol=TCS/part-REDACTED.parquet
2026-07-27,NSE,TCS,part-040120_237366-002205.parquet,ctrade1-l2-data,raw_l2/trade_date=2026-07-27/exchange=NSE/symbol=TCS/part-REDACTED.parquet
2026-07-27,NSE,TCS,part-040134_511386-002237.parquet,ctrade1-l2-data,raw_l2/trade_date=2026-07-27/exchange=NSE/symbol=TCS/part-REDACTED.parquet
2026-07-27,NSE,TCS,part-040149_080623-002269.parquet,ctrade1-l2-data,raw_l2/trade_date=2026-07-27/exchange=NSE/symbol=TCS/part-REDACTED.parquet
2026-07-27,NSE,TCS,part-040203_520327-002301.parquet,ctrade1-l2-data,raw_l2/trade_date=2026-07-27/exchange=NSE/symbol=TCS/part-REDACTED.parquet
2026-07-27,NSE,TCS,part-040217_969703-002333.parquet,ctrade1-l2-data,raw_l2/trade_date=2026-07-27/exchange=NSE/symbol=TCS/part-REDACTED.parquet
2026-07-27,NSE,TCS,part-040232_893087-002365.parquet,ctrade1-l2-data,raw_l2/trade_date=2026-07-27/exchange=NSE/symbol=TCS/part-REDACTED.parquet
2026-07-27,NSE,TCS,part-040247_399372-002397.parquet,ctrade1-l2-data,raw_l2/trade_date=2026-07-27/exchange=NSE/symbol=TCS/part-REDACTED.parquet
2026-07-27,NSE,TCS,part-040302_064548-002429.parquet,ctrade1-l2-data,raw_l2/trade_date=2026-07-27/exchange=NSE/symbol=TCS/part-REDACTED.parquet
2026-07-27,NSE,TCS,part-040316_337553-002461.parquet,ctrade1-l2-data,raw_l2/trade_date=2026-07-27/exchange=NSE/symbol=TCS/part-REDACTED.parquet
2026-07-27,NSE,TCS,part-040330_798588-002493.parquet,ctrade1-l2-data,raw_l2/trade_date=2026-07-27/exchange=NSE/symbol=TCS/part-REDACTED.parquet
2026-07-27,NSE,TCS,part-040345_145912-002525.parquet,ctrade1-l2-data,raw_l2/trade_date=2026-07-27/exchange=NSE/symbol=TCS/part-REDACTED.parquet
2026-07-27,NSE,TCS,part-040359_850751-002557.parquet,ctrade1-l2-data,raw_l2/trade_date=2026-07-27/exchange=NSE/symbol=TCS/part-REDACTED.parquet
2026-07-27,NSE,TCS,part-040414_435084-002589.parquet,ctrade1-l2-data,raw_l2/trade_date=2026-07-27/exchange=NSE/symbol=TCS/part-REDACTED.parquet
2026-07-27,NSE,TCS,part-040428_678259-002621.parquet,ctrade1-l2-data,raw_l2/trade_date=2026-07-27/exchange=NSE/symbol=TCS/part-REDACTED.parquet
2026-07-27,NSE,TCS,part-040442_978175-002653.parquet,ctrade1-l2-data,raw_l2/trade_date=2026-07-27/exchange=NSE/symbol=TCS/part-REDACTED.parquet
2026-07-27,NSE,TCS,part-040457_340273-002685.parquet,ctrade1-l2-data,raw_l2/trade_date=2026-07-27/exchange=NSE/symbol=TCS/part-REDACTED.parquet
2026-07-27,NSE,TCS,part-040511_786778-002717.parquet,ctrade1-l2-data,raw_l2/trade_date=2026-07-27/exchange=NSE/symbol=TCS/part-REDACTED.parquet
2026-07-27,NSE,TCS,part-040525_830542-002749.parquet,ctrade1-l2-data,raw_l2/trade_date=2026-07-27/exchange=NSE/symbol=TCS/part-REDACTED.parquet
2026-07-27,NSE,TCS,part-040539_924825-002781.parquet,ctrade1-l2-data,raw_l2/trade_date=2026-07-27/exchange=NSE/symbol=TCS/part-REDACTED.parquet
2026-07-27,NSE,TCS,part-040554_061150-002813.parquet,ctrade1-l2-data,raw_l2/trade_date=2026-07-27/exchange=NSE/symbol=TCS/part-REDACTED.parquet
2026-07-27,NSE,TCS,part-040608_101974-002845.parquet,ctrade1-l2-data,raw_l2/trade_date=2026-07-27/exchange=NSE/symbol=TCS/part-REDACTED.parquet
2026-07-27,NSE,TCS,part-040622_120203-002877.parquet,ctrade1-l2-data,raw_l2/trade_date=2026-07-27/exchange=NSE/symbol=TCS/part-REDACTED.parquet
2026-07-27,NSE,TCS,part-040636_143857-002909.parquet,ctrade1-l2-data,raw_l2/trade_date=2026-07-27/exchange=NSE/symbol=TCS/part-REDACTED.parquet
2026-07-27,NSE,TCS,part-040650_227191-002941.parquet,ctrade1-l2-data,raw_l2/trade_date=2026-07-27/exchange=NSE/symbol=TCS/part-REDACTED.parquet
2026-07-27,NSE,TCS,part-040704_225345-002973.parquet,ctrade1-l2-data,raw_l2/trade_date=2026-07-27/exchange=NSE/symbol=TCS/part-REDACTED.parquet
2026-07-27,NSE,TCS,part-040718_614989-003005.parquet,ctrade1-l2-data,raw_l2/trade_date=2026-07-27/exchange=NSE/symbol=TCS/part-REDACTED.parquet
2026-07-27,NSE,TCS,part-040732_818083-003037.parquet,ctrade1-l2-data,raw_l2/trade_date=2026-07-27/exchange=NSE/symbol=TCS/part-REDACTED.parquet
2026-07-27,NSE,TCS,part-040746_830502-003069.parquet,ctrade1-l2-data,raw_l2/trade_date=2026-07-27/exchange=NSE/symbol=TCS/part-REDACTED.parquet
2026-07-27,NSE,TCS,part-040801_615271-003101.parquet,ctrade1-l2-data,raw_l2/trade_date=2026-07-27/exchange=NSE/symbol=TCS/part-REDACTED.parquet
2026-07-27,NSE,TCS,part-040815_877717-003133.parquet,ctrade1-l2-data,raw_l2/trade_date=2026-07-27/exchange=NSE/symbol=TCS/part-REDACTED.parquet
2026-07-27,NSE,TCS,part-040830_056557-003165.parquet,ctrade1-l2-data,raw_l2/trade_date=2026-07-27/exchange=NSE/symbol=TCS/part-REDACTED.parquet
2026-07-27,NSE,TCS,part-040844_274104-003197.parquet,ctrade1-l2-data,raw_l2/trade_date=2026-07-27/exchange=NSE/symbol=TCS/part-REDACTED.parquet
2026-07-27,NSE,TCS,part-040858_530827-003229.parquet,ctrade1-l2-data,raw_l2/trade_date=2026-07-27/exchange=NSE/symbol=TCS/part-REDACTED.parquet
2026-07-27,NSE,TCS,part-040912_727448-003261.parquet,ctrade1-l2-data,raw_l2/trade_date=2026-07-27/exchange=NSE/symbol=TCS/part-REDACTED.parquet
2026-07-27,NSE,TCS,part-040926_977726-003293.parquet,ctrade1-l2-data,raw_l2/trade_date=2026-07-27/exchange=NSE/symbol=TCS/part-REDACTED.parquet
2026-07-27,NSE,TCS,part-040941_192701-003325.parquet,ctrade1-l2-data,raw_l2/trade_date=2026-07-27/exchange=NSE/symbol=TCS/part-REDACTED.parquet
2026-07-27,NSE,TCS,part-040955_378877-003357.parquet,ctrade1-l2-data,raw_l2/trade_date=2026-07-27/exchange=NSE/symbol=TCS/part-REDACTED.parquet
2026-07-27,NSE,TCS,part-041009_515853-003389.parquet,ctrade1-l2-data,raw_l2/trade_date=2026-07-27/exchange=NSE/symbol=TCS/part-REDACTED.parquet
2026-07-27,NSE,TCS,part-041023_882796-003421.parquet,ctrade1-l2-data,raw_l2/trade_date=2026-07-27/exchange=NSE/symbol=TCS/part-REDACTED.parquet
2026-07-27,NSE,TCS,part-041038_299493-003453.parquet,ctrade1-l2-data,raw_l2/trade_date=2026-07-27/exchange=NSE/symbol=TCS/part-REDACTED.parquet
2026-07-27,NSE,TCS,part-041052_385849-003485.parquet,ctrade1-l2-data,raw_l2/trade_date=2026-07-27/exchange=NSE/symbol=TCS/part-REDACTED.parquet
2026-07-27,NSE,TCS,part-041106_782690-003517.parquet,ctrade1-l2-data,raw_l2/trade_date=2026-07-27/exchange=NSE/symbol=TCS/part-REDACTED.parquet
2026-07-27,NSE,TCS,part-041120_968449-003549.parquet,ctrade1-l2-data,raw_l2/trade_date=2026-07-27/exchange=NSE/symbol=TCS/part-REDACTED.parquet
2026-07-27,NSE,TCS,part-041135_194783-003581.parquet,ctrade1-l2-data,raw_l2/trade_date=2026-07-27/exchange=NSE/symbol=TCS/part-REDACTED.parquet
2026-07-27,NSE,TCS,part-041149_408738-003613.parquet,ctrade1-l2-data,raw_l2/trade_date=2026-07-27/exchange=NSE/symbol=TCS/part-REDACTED.parquet
2026-07-27,NSE,TCS,part-041203_330791-003645.parquet,ctrade1-l2-data,raw_l2/trade_date=2026-07-27/exchange=NSE/symbol=TCS/part-REDACTED.parquet
2026-07-27,NSE,TCS,part-041217_368066-003677.parquet,ctrade1-l2-data,raw_l2/trade_date=2026-07-27/exchange=NSE/symbol=TCS/part-REDACTED.parquet
2026-07-27,NSE,TCS,part-041232_236297-003709.parquet,ctrade1-l2-data,raw_l2/trade_date=2026-07-27/exchange=NSE/symbol=TCS/part-REDACTED.parquet
2026-07-27,NSE,TCS,part-041246_573624-003741.parquet,ctrade1-l2-data,raw_l2/trade_date=2026-07-27/exchange=NSE/symbol=TCS/part-REDACTED.parquet
2026-07-27,NSE,TCS,part-041300_542922-003773.parquet,ctrade1-l2-data,raw_l2/trade_date=2026-07-27/exchange=NSE/symbol=TCS/part-REDACTED.parquet
2026-07-27,NSE,TCS,part-041315_085003-003805.parquet,ctrade1-l2-data,raw_l2/trade_date=2026-07-27/exchange=NSE/symbol=TCS/part-REDACTED.parquet
2026-07-27,NSE,TCS,part-041329_183639-003837.parquet,ctrade1-l2-data,raw_l2/trade_date=2026-07-27/exchange=NSE/symbol=TCS/part-REDACTED.parquet
2026-07-27,NSE,TCS,part-041343_188710-003869.parquet,ctrade1-l2-data,raw_l2/trade_date=2026-07-27/exchange=NSE/symbol=TCS/part-REDACTED.parquet
2026-07-27,NSE,TCS,part-041357_197122-003901.parquet,ctrade1-l2-data,raw_l2/trade_date=2026-07-27/exchange=NSE/symbol=TCS/part-REDACTED.parquet
2026-07-27,NSE,TCS,part-041411_245037-003933.parquet,ctrade1-l2-data,raw_l2/trade_date=2026-07-27/exchange=NSE/symbol=TCS/part-REDACTED.parquet
2026-07-27,NSE,TCS,part-041425_186474-003965.parquet,ctrade1-l2-data,raw_l2/trade_date=2026-07-27/exchange=NSE/symbol=TCS/part-REDACTED.parquet
2026-07-27,NSE,TCS,part-041439_164912-003997.parquet,ctrade1-l2-data,raw_l2/trade_date=2026-07-27/exchange=NSE/symbol=TCS/part-REDACTED.parquet
2026-07-27,NSE,TCS,part-041453_166467-004029.parquet,ctrade1-l2-data,raw_l2/trade_date=2026-07-27/exchange=NSE/symbol=TCS/part-REDACTED.parquet
2026-07-27,NSE,TCS,part-041507_252564-004061.parquet,ctrade1-l2-data,raw_l2/trade_date=2026-07-27/exchange=NSE/symbol=TCS/part-REDACTED.parquet
2026-07-27,NSE,TCS,part-041521_199562-004093.parquet,ctrade1-l2-data,raw_l2/trade_date=2026-07-27/exchange=NSE/symbol=TCS/part-REDACTED.parquet
2026-07-27,NSE,TCS,part-041535_661499-004125.parquet,ctrade1-l2-data,raw_l2/trade_date=2026-07-27/exchange=NSE/symbol=TCS/part-REDACTED.parquet
2026-07-27,NSE,TCS,part-041549_847447-004157.parquet,ctrade1-l2-data,raw_l2/trade_date=2026-07-27/exchange=NSE/symbol=TCS/part-REDACTED.parquet
2026-07-27,NSE,TCS,part-041604_045713-004189.parquet,ctrade1-l2-data,raw_l2/trade_date=2026-07-27/exchange=NSE/symbol=TCS/part-REDACTED.parquet
2026-07-27,NSE,TCS,part-041618_163158-004221.parquet,ctrade1-l2-data,raw_l2/trade_date=2026-07-27/exchange=NSE/symbol=TCS/part-REDACTED.parquet
2026-07-27,NSE,TCS,part-041634_459430-004253.parquet,ctrade1-l2-data,raw_l2/trade_date=2026-07-27/exchange=NSE/symbol=TCS/part-REDACTED.parquet
2026-07-27,NSE,TCS,part-041648_967924-004285.parquet,ctrade1-l2-data,raw_l2/trade_date=2026-07-27/exchange=NSE/symbol=TCS/part-REDACTED.parquet
2026-07-27,NSE,TCS,part-041702_895531-004317.parquet,ctrade1-l2-data,raw_l2/trade_date=2026-07-27/exchange=NSE/symbol=TCS/part-REDACTED.parquet
2026-07-27,NSE,TCS,part-041717_117469-004349.parquet,ctrade1-l2-data,raw_l2/trade_date=2026-07-27/exchange=NSE/symbol=TCS/part-REDACTED.parquet
2026-07-27,NSE,TCS,part-041731_553635-004381.parquet,ctrade1-l2-data,raw_l2/trade_date=2026-07-27/exchange=NSE/symbol=TCS/part-REDACTED.parquet
2026-07-27,NSE,TCS,part-041745_887833-004413.parquet,ctrade1-l2-data,raw_l2/trade_date=2026-07-27/exchange=NSE/symbol=TCS/part-REDACTED.parquet
2026-07-27,NSE,TCS,part-041800_253581-004445.parquet,ctrade1-l2-data,raw_l2/trade_date=2026-07-27/exchange=NSE/symbol=TCS/part-REDACTED.parquet
2026-07-27,NSE,TCS,part-041814_502621-004477.parquet,ctrade1-l2-data,raw_l2/trade_date=2026-07-27/exchange=NSE/symbol=TCS/part-REDACTED.parquet
2026-07-27,NSE,TCS,part-041828_559633-004509.parquet,ctrade1-l2-data,raw_l2/trade_date=2026-07-27/exchange=NSE/symbol=TCS/part-REDACTED.parquet
2026-07-27,NSE,TCS,part-041842_539232-004541.parquet,ctrade1-l2-data,raw_l2/trade_date=2026-07-27/exchange=NSE/symbol=TCS/part-REDACTED.parquet
2026-07-27,NSE,TCS,part-041856_630598-004573.parquet,ctrade1-l2-data,raw_l2/trade_date=2026-07-27/exchange=NSE/symbol=TCS/part-REDACTED.parquet
2026-07-27,NSE,TCS,part-041910_708845-004605.parquet,ctrade1-l2-data,raw_l2/trade_date=2026-07-27/exchange=NSE/symbol=TCS/part-REDACTED.parquet
2026-07-27,NSE,TCS,part-041924_675671-004637.parquet,ctrade1-l2-data,raw_l2/trade_date=2026-07-27/exchange=NSE/symbol=TCS/part-REDACTED.parquet
2026-07-27,NSE,TCS,part-041938_725621-004669.parquet,ctrade1-l2-data,raw_l2/trade_date=2026-07-27/exchange=NSE/symbol=TCS/part-REDACTED.parquet
2026-07-27,NSE,TCS,part-041952_666285-004701.parquet,ctrade1-l2-data,raw_l2/trade_date=2026-07-27/exchange=NSE/symbol=TCS/part-REDACTED.parquet
2026-07-27,NSE,TCS,part-042006_892824-004733.parquet,ctrade1-l2-data,raw_l2/trade_date=2026-07-27/exchange=NSE/symbol=TCS/part-REDACTED.parquet
2026-07-27,NSE,TCS,part-042020_980781-004765.parquet,ctrade1-l2-data,raw_l2/trade_date=2026-07-27/exchange=NSE/symbol=TCS/part-REDACTED.parquet
2026-07-27,NSE,TCS,part-042035_240670-004797.parquet,ctrade1-l2-data,raw_l2/trade_date=2026-07-27/exchange=NSE/symbol=TCS/part-REDACTED.parquet
2026-07-27,NSE,TCS,part-042049_178910-004829.parquet,ctrade1-l2-data,raw_l2/trade_date=2026-07-27/exchange=NSE/symbol=TCS/part-REDACTED.parquet
2026-07-27,NSE,TCS,part-042103_257109-004861.parquet,ctrade1-l2-data,raw_l2/trade_date=2026-07-27/exchange=NSE/symbol=TCS/part-REDACTED.parquet
2026-07-27,NSE,TCS,part-042117_584112-004893.parquet,ctrade1-l2-data,raw_l2/trade_date=2026-07-27/exchange=NSE/symbol=TCS/part-REDACTED.parquet
2026-07-27,NSE,TCS,part-042131_858732-004925.parquet,ctrade1-l2-data,raw_l2/trade_date=2026-07-27/exchange=NSE/symbol=TCS/part-REDACTED.parquet
2026-07-27,NSE,TCS,part-042146_066685-004957.parquet,ctrade1-l2-data,raw_l2/trade_date=2026-07-27/exchange=NSE/symbol=TCS/part-REDACTED.parquet
2026-07-27,NSE,TCS,part-042200_543287-004989.parquet,ctrade1-l2-data,raw_l2/trade_date=2026-07-27/exchange=NSE/symbol=TCS/part-REDACTED.parquet
2026-07-27,NSE,TCS,part-042215_042953-005021.parquet,ctrade1-l2-data,raw_l2/trade_date=2026-07-27/exchange=NSE/symbol=TCS/part-REDACTED.parquet
2026-07-27,NSE,TCS,part-042229_331596-005053.parquet,ctrade1-l2-data,raw_l2/trade_date=2026-07-27/exchange=NSE/symbol=TCS/part-REDACTED.parquet
2026-07-27,NSE,TCS,part-042243_671100-005085.parquet,ctrade1-l2-data,raw_l2/trade_date=2026-07-27/exchange=NSE/symbol=TCS/part-REDACTED.parquet
2026-07-27,NSE,TCS,part-042258_048374-005117.parquet,ctrade1-l2-data,raw_l2/trade_date=2026-07-27/exchange=NSE/symbol=TCS/part-REDACTED.parquet
2026-07-27,NSE,TCS,part-042312_429396-005149.parquet,ctrade1-l2-data,raw_l2/trade_date=2026-07-27/exchange=NSE/symbol=TCS/part-REDACTED.parquet
2026-07-27,NSE,TCS,part-042326_696935-005181.parquet,ctrade1-l2-data,raw_l2/trade_date=2026-07-27/exchange=NSE/symbol=TCS/part-REDACTED.parquet
2026-07-27,NSE,TCS,part-042341_129601-005213.parquet,ctrade1-l2-data,raw_l2/trade_date=2026-07-27/exchange=NSE/symbol=TCS/part-REDACTED.parquet
2026-07-27,NSE,TCS,part-042355_530079-005245.parquet,ctrade1-l2-data,raw_l2/trade_date=2026-07-27/exchange=NSE/symbol=TCS/part-REDACTED.parquet
2026-07-27,NSE,TCS,part-042410_054550-005277.parquet,ctrade1-l2-data,raw_l2/trade_date=2026-07-27/exchange=NSE/symbol=TCS/part-REDACTED.parquet
2026-07-27,NSE,TCS,part-042424_438912-005309.parquet,ctrade1-l2-data,raw_l2/trade_date=2026-07-27/exchange=NSE/symbol=TCS/part-REDACTED.parquet
2026-07-27,NSE,TCS,part-042438_930755-005341.parquet,ctrade1-l2-data,raw_l2/trade_date=2026-07-27/exchange=NSE/symbol=TCS/part-REDACTED.parquet
2026-07-27,NSE,TCS,part-042453_181261-005373.parquet,ctrade1-l2-data,raw_l2/trade_date=2026-07-27/exchange=NSE/symbol=TCS/part-REDACTED.parquet
2026-07-27,NSE,TCS,part-042507_371793-005405.parquet,ctrade1-l2-data,raw_l2/trade_date=2026-07-27/exchange=NSE/symbol=TCS/part-REDACTED.parquet
2026-07-27,NSE,TCS,part-042521_576311-005437.parquet,ctrade1-l2-data,raw_l2/trade_date=2026-07-27/exchange=NSE/symbol=TCS/part-REDACTED.parquet
2026-07-27,NSE,TCS,part-042536_141635-005469.parquet,ctrade1-l2-data,raw_l2/trade_date=2026-07-27/exchange=NSE/symbol=TCS/part-REDACTED.parquet
2026-07-27,NSE,TCS,part-042550_529225-005501.parquet,ctrade1-l2-data,raw_l2/trade_date=2026-07-27/exchange=NSE/symbol=TCS/part-REDACTED.parquet
2026-07-27,NSE,TCS,part-042605_263036-005533.parquet,ctrade1-l2-data,raw_l2/trade_date=2026-07-27/exchange=NSE/symbol=TCS/part-REDACTED.parquet
2026-07-27,NSE,TCS,part-042619_672302-005565.parquet,ctrade1-l2-data,raw_l2/trade_date=2026-07-27/exchange=NSE/symbol=TCS/part-REDACTED.parquet
2026-07-27,NSE,TCS,part-042633_917535-005597.parquet,ctrade1-l2-data,raw_l2/trade_date=2026-07-27/exchange=NSE/symbol=TCS/part-REDACTED.parquet
2026-07-27,NSE,TCS,part-042648_535629-005629.parquet,ctrade1-l2-data,raw_l2/trade_date=2026-07-27/exchange=NSE/symbol=TCS/part-REDACTED.parquet
2026-07-27,NSE,TCS,part-042702_989842-005661.parquet,ctrade1-l2-data,raw_l2/trade_date=2026-07-27/exchange=NSE/symbol=TCS/part-REDACTED.parquet
2026-07-27,NSE,TECHM,part-034505_206249-000030.parquet,ctrade1-l2-data,raw_l2/trade_date=2026-07-27/exchange=NSE/symbol=TECHM/part-REDACTED.parquet
2026-07-27,NSE,TECHM,part-034519_598349-000062.parquet,ctrade1-l2-data,raw_l2/trade_date=2026-07-27/exchange=NSE/symbol=TECHM/part-REDACTED.parquet
2026-07-27,NSE,TECHM,part-034533_994232-000094.parquet,ctrade1-l2-data,raw_l2/trade_date=2026-07-27/exchange=NSE/symbol=TECHM/part-REDACTED.parquet
2026-07-27,NSE,TECHM,part-034548_113339-000126.parquet,ctrade1-l2-data,raw_l2/trade_date=2026-07-27/exchange=NSE/symbol=TECHM/part-REDACTED.parquet
2026-07-27,NSE,TECHM,part-034602_195562-000158.parquet,ctrade1-l2-data,raw_l2/trade_date=2026-07-27/exchange=NSE/symbol=TECHM/part-REDACTED.parquet
2026-07-27,NSE,TECHM,part-034616_680367-000190.parquet,ctrade1-l2-data,raw_l2/trade_date=2026-07-27/exchange=NSE/symbol=TECHM/part-REDACTED.parquet
2026-07-27,NSE,TECHM,part-034630_941392-000222.parquet,ctrade1-l2-data,raw_l2/trade_date=2026-07-27/exchange=NSE/symbol=TECHM/part-REDACTED.parquet
2026-07-27,NSE,TECHM,part-034645_570903-000254.parquet,ctrade1-l2-data,raw_l2/trade_date=2026-07-27/exchange=NSE/symbol=TECHM/part-REDACTED.parquet
2026-07-27,NSE,TECHM,part-034659_622474-000286.parquet,ctrade1-l2-data,raw_l2/trade_date=2026-07-27/exchange=NSE/symbol=TECHM/part-REDACTED.parquet
2026-07-27,NSE,TECHM,part-034713_635283-000318.parquet,ctrade1-l2-data,raw_l2/trade_date=2026-07-27/exchange=NSE/symbol=TECHM/part-REDACTED.parquet
2026-07-27,NSE,TECHM,part-034727_662649-000350.parquet,ctrade1-l2-data,raw_l2/trade_date=2026-07-27/exchange=NSE/symbol=TECHM/part-REDACTED.parquet
2026-07-27,NSE,TECHM,part-034741_839698-000382.parquet,ctrade1-l2-data,raw_l2/trade_date=2026-07-27/exchange=NSE/symbol=TECHM/part-REDACTED.parquet
2026-07-27,NSE,TECHM,part-034755_986634-000414.parquet,ctrade1-l2-data,raw_l2/trade_date=2026-07-27/exchange=NSE/symbol=TECHM/part-REDACTED.parquet
2026-07-27,NSE,TECHM,part-034810_368563-000446.parquet,ctrade1-l2-data,raw_l2/trade_date=2026-07-27/exchange=NSE/symbol=TECHM/part-REDACTED.parquet
2026-07-27,NSE,TECHM,part-034824_836930-000478.parquet,ctrade1-l2-data,raw_l2/trade_date=2026-07-27/exchange=NSE/symbol=TECHM/part-REDACTED.parquet
2026-07-27,NSE,TECHM,part-034839_289424-000510.parquet,ctrade1-l2-data,raw_l2/trade_date=2026-07-27/exchange=NSE/symbol=TECHM/part-REDACTED.parquet
2026-07-27,NSE,TECHM,part-034853_771021-000542.parquet,ctrade1-l2-data,raw_l2/trade_date=2026-07-27/exchange=NSE/symbol=TECHM/part-REDACTED.parquet
2026-07-27,NSE,TECHM,part-034907_997084-000574.parquet,ctrade1-l2-data,raw_l2/trade_date=2026-07-27/exchange=NSE/symbol=TECHM/part-REDACTED.parquet
2026-07-27,NSE,TECHM,part-034922_401483-000606.parquet,ctrade1-l2-data,raw_l2/trade_date=2026-07-27/exchange=NSE/symbol=TECHM/part-REDACTED.parquet
2026-07-27,NSE,TECHM,part-034936_879360-000638.parquet,ctrade1-l2-data,raw_l2/trade_date=2026-07-27/exchange=NSE/symbol=TECHM/part-REDACTED.parquet
2026-07-27,NSE,TECHM,part-034951_639511-000670.parquet,ctrade1-l2-data,raw_l2/trade_date=2026-07-27/exchange=NSE/symbol=TECHM/part-REDACTED.parquet
2026-07-27,NSE,TECHM,part-035005_996581-000702.parquet,ctrade1-l2-data,raw_l2/trade_date=2026-07-27/exchange=NSE/symbol=TECHM/part-REDACTED.parquet
2026-07-27,NSE,TECHM,part-035020_102764-000734.parquet,ctrade1-l2-data,raw_l2/trade_date=2026-07-27/exchange=NSE/symbol=TECHM/part-REDACTED.parquet
2026-07-27,NSE,TECHM,part-035034_180622-000766.parquet,ctrade1-l2-data,raw_l2/trade_date=2026-07-27/exchange=NSE/symbol=TECHM/part-REDACTED.parquet
2026-07-27,NSE,TECHM,part-035048_474467-000798.parquet,ctrade1-l2-data,raw_l2/trade_date=2026-07-27/exchange=NSE/symbol=TECHM/part-REDACTED.parquet
2026-07-27,NSE,TECHM,part-035102_698218-000830.parquet,ctrade1-l2-data,raw_l2/trade_date=2026-07-27/exchange=NSE/symbol=TECHM/part-REDACTED.parquet
2026-07-27,NSE,TECHM,part-035117_183092-000862.parquet,ctrade1-l2-data,raw_l2/trade_date=2026-07-27/exchange=NSE/symbol=TECHM/part-REDACTED.parquet
2026-07-27,NSE,TECHM,part-035131_453045-000894.parquet,ctrade1-l2-data,raw_l2/trade_date=2026-07-27/exchange=NSE/symbol=TECHM/part-REDACTED.parquet
2026-07-27,NSE,TECHM,part-035145_475285-000926.parquet,ctrade1-l2-data,raw_l2/trade_date=2026-07-27/exchange=NSE/symbol=TECHM/part-REDACTED.parquet
2026-07-27,NSE,TECHM,part-035159_788947-000958.parquet,ctrade1-l2-data,raw_l2/trade_date=2026-07-27/exchange=NSE/symbol=TECHM/part-REDACTED.parquet
2026-07-27,NSE,TECHM,part-035214_051078-000990.parquet,ctrade1-l2-data,raw_l2/trade_date=2026-07-27/exchange=NSE/symbol=TECHM/part-REDACTED.parquet
2026-07-27,NSE,TECHM,part-035228_249533-001022.parquet,ctrade1-l2-data,raw_l2/trade_date=2026-07-27/exchange=NSE/symbol=TECHM/part-REDACTED.parquet
2026-07-27,NSE,TECHM,part-035242_459816-001054.parquet,ctrade1-l2-data,raw_l2/trade_date=2026-07-27/exchange=NSE/symbol=TECHM/part-REDACTED.parquet
2026-07-27,NSE,TECHM,part-035256_804374-001086.parquet,ctrade1-l2-data,raw_l2/trade_date=2026-07-27/exchange=NSE/symbol=TECHM/part-REDACTED.parquet
2026-07-27,NSE,TECHM,part-035311_112553-001118.parquet,ctrade1-l2-data,raw_l2/trade_date=2026-07-27/exchange=NSE/symbol=TECHM/part-REDACTED.parquet
2026-07-27,NSE,TECHM,part-035325_446848-001150.parquet,ctrade1-l2-data,raw_l2/trade_date=2026-07-27/exchange=NSE/symbol=TECHM/part-REDACTED.parquet
2026-07-27,NSE,TECHM,part-035339_851905-001182.parquet,ctrade1-l2-data,raw_l2/trade_date=2026-07-27/exchange=NSE/symbol=TECHM/part-REDACTED.parquet
2026-07-27,NSE,TECHM,part-035354_291968-001214.parquet,ctrade1-l2-data,raw_l2/trade_date=2026-07-27/exchange=NSE/symbol=TECHM/part-REDACTED.parquet
2026-07-27,NSE,TECHM,part-035408_461517-001246.parquet,ctrade1-l2-data,raw_l2/trade_date=2026-07-27/exchange=NSE/symbol=TECHM/part-REDACTED.parquet
2026-07-27,NSE,TECHM,part-035422_608913-001278.parquet,ctrade1-l2-data,raw_l2/trade_date=2026-07-27/exchange=NSE/symbol=TECHM/part-REDACTED.parquet
2026-07-27,NSE,TECHM,part-035436_822939-001310.parquet,ctrade1-l2-data,raw_l2/trade_date=2026-07-27/exchange=NSE/symbol=TECHM/part-REDACTED.parquet
2026-07-27,NSE,TECHM,part-035452_010502-001342.parquet,ctrade1-l2-data,raw_l2/trade_date=2026-07-27/exchange=NSE/symbol=TECHM/part-REDACTED.parquet
2026-07-27,NSE,TECHM,part-035506_174239-001374.parquet,ctrade1-l2-data,raw_l2/trade_date=2026-07-27/exchange=NSE/symbol=TECHM/part-REDACTED.parquet
2026-07-27,NSE,TECHM,part-035520_759423-001406.parquet,ctrade1-l2-data,raw_l2/trade_date=2026-07-27/exchange=NSE/symbol=TECHM/part-REDACTED.parquet
2026-07-27,NSE,TECHM,part-035534_933009-001438.parquet,ctrade1-l2-data,raw_l2/trade_date=2026-07-27/exchange=NSE/symbol=TECHM/part-REDACTED.parquet
2026-07-27,NSE,TECHM,part-035549_362831-001470.parquet,ctrade1-l2-data,raw_l2/trade_date=2026-07-27/exchange=NSE/symbol=TECHM/part-REDACTED.parquet
2026-07-27,NSE,TECHM,part-035604_044833-001502.parquet,ctrade1-l2-data,raw_l2/trade_date=2026-07-27/exchange=NSE/symbol=TECHM/part-REDACTED.parquet
2026-07-27,NSE,TECHM,part-035618_529604-001534.parquet,ctrade1-l2-data,raw_l2/trade_date=2026-07-27/exchange=NSE/symbol=TECHM/part-REDACTED.parquet
2026-07-27,NSE,TECHM,part-035633_076307-001566.parquet,ctrade1-l2-data,raw_l2/trade_date=2026-07-27/exchange=NSE/symbol=TECHM/part-REDACTED.parquet
2026-07-27,NSE,TECHM,part-035647_216723-001598.parquet,ctrade1-l2-data,raw_l2/trade_date=2026-07-27/exchange=NSE/symbol=TECHM/part-REDACTED.parquet
2026-07-27,NSE,TECHM,part-035701_520387-001630.parquet,ctrade1-l2-data,raw_l2/trade_date=2026-07-27/exchange=NSE/symbol=TECHM/part-REDACTED.parquet
2026-07-27,NSE,TECHM,part-035715_689287-001662.parquet,ctrade1-l2-data,raw_l2/trade_date=2026-07-27/exchange=NSE/symbol=TECHM/part-REDACTED.parquet
2026-07-27,NSE,TECHM,part-035730_246896-001694.parquet,ctrade1-l2-data,raw_l2/trade_date=2026-07-27/exchange=NSE/symbol=TECHM/part-REDACTED.parquet
2026-07-27,NSE,TECHM,part-035744_574246-001726.parquet,ctrade1-l2-data,raw_l2/trade_date=2026-07-27/exchange=NSE/symbol=TECHM/part-REDACTED.parquet
2026-07-27,NSE,TECHM,part-035758_736902-001758.parquet,ctrade1-l2-data,raw_l2/trade_date=2026-07-27/exchange=NSE/symbol=TECHM/part-REDACTED.parquet
2026-07-27,NSE,TECHM,part-035813_233123-001790.parquet,ctrade1-l2-data,raw_l2/trade_date=2026-07-27/exchange=NSE/symbol=TECHM/part-REDACTED.parquet
2026-07-27,NSE,TECHM,part-035827_452639-001822.parquet,ctrade1-l2-data,raw_l2/trade_date=2026-07-27/exchange=NSE/symbol=TECHM/part-REDACTED.parquet
2026-07-27,NSE,TECHM,part-035842_008041-001854.parquet,ctrade1-l2-data,raw_l2/trade_date=2026-07-27/exchange=NSE/symbol=TECHM/part-REDACTED.parquet
2026-07-27,NSE,TECHM,part-035856_345323-001886.parquet,ctrade1-l2-data,raw_l2/trade_date=2026-07-27/exchange=NSE/symbol=TECHM/part-REDACTED.parquet
2026-07-27,NSE,TECHM,part-035910_655487-001918.parquet,ctrade1-l2-data,raw_l2/trade_date=2026-07-27/exchange=NSE/symbol=TECHM/part-REDACTED.parquet
2026-07-27,NSE,TECHM,part-035925_181210-001950.parquet,ctrade1-l2-data,raw_l2/trade_date=2026-07-27/exchange=NSE/symbol=TECHM/part-REDACTED.parquet
2026-07-27,NSE,TECHM,part-035939_474724-001982.parquet,ctrade1-l2-data,raw_l2/trade_date=2026-07-27/exchange=NSE/symbol=TECHM/part-REDACTED.parquet
2026-07-27,NSE,TECHM,part-035953_651790-002014.parquet,ctrade1-l2-data,raw_l2/trade_date=2026-07-27/exchange=NSE/symbol=TECHM/part-REDACTED.parquet
2026-07-27,NSE,TECHM,part-040008_405424-002046.parquet,ctrade1-l2-data,raw_l2/trade_date=2026-07-27/exchange=NSE/symbol=TECHM/part-REDACTED.parquet
2026-07-27,NSE,TECHM,part-040022_709446-002078.parquet,ctrade1-l2-data,raw_l2/trade_date=2026-07-27/exchange=NSE/symbol=TECHM/part-REDACTED.parquet
2026-07-27,NSE,TECHM,part-040037_032596-002110.parquet,ctrade1-l2-data,raw_l2/trade_date=2026-07-27/exchange=NSE/symbol=TECHM/part-REDACTED.parquet
2026-07-27,NSE,TECHM,part-040051_489164-002142.parquet,ctrade1-l2-data,raw_l2/trade_date=2026-07-27/exchange=NSE/symbol=TECHM/part-REDACTED.parquet
2026-07-27,NSE,TECHM,part-040106_031653-002174.parquet,ctrade1-l2-data,raw_l2/trade_date=2026-07-27/exchange=NSE/symbol=TECHM/part-REDACTED.parquet
2026-07-27,NSE,TECHM,part-040120_357015-002206.parquet,ctrade1-l2-data,raw_l2/trade_date=2026-07-27/exchange=NSE/symbol=TECHM/part-REDACTED.parquet
2026-07-27,NSE,TECHM,part-040134_633308-002238.parquet,ctrade1-l2-data,raw_l2/trade_date=2026-07-27/exchange=NSE/symbol=TECHM/part-REDACTED.parquet
2026-07-27,NSE,TECHM,part-040149_225923-002270.parquet,ctrade1-l2-data,raw_l2/trade_date=2026-07-27/exchange=NSE/symbol=TECHM/part-REDACTED.parquet
2026-07-27,NSE,TECHM,part-040203_643900-002302.parquet,ctrade1-l2-data,raw_l2/trade_date=2026-07-27/exchange=NSE/symbol=TECHM/part-REDACTED.parquet
2026-07-27,NSE,TECHM,part-040218_138485-002334.parquet,ctrade1-l2-data,raw_l2/trade_date=2026-07-27/exchange=NSE/symbol=TECHM/part-REDACTED.parquet
2026-07-27,NSE,TECHM,part-040233_051368-002366.parquet,ctrade1-l2-data,raw_l2/trade_date=2026-07-27/exchange=NSE/symbol=TECHM/part-REDACTED.parquet
2026-07-27,NSE,TECHM,part-040247_565562-002398.parquet,ctrade1-l2-data,raw_l2/trade_date=2026-07-27/exchange=NSE/symbol=TECHM/part-REDACTED.parquet
2026-07-27,NSE,TECHM,part-040302_194621-002430.parquet,ctrade1-l2-data,raw_l2/trade_date=2026-07-27/exchange=NSE/symbol=TECHM/part-REDACTED.parquet
2026-07-27,NSE,TECHM,part-040316_451738-002462.parquet,ctrade1-l2-data,raw_l2/trade_date=2026-07-27/exchange=NSE/symbol=TECHM/part-REDACTED.parquet
2026-07-27,NSE,TECHM,part-040330_923175-002494.parquet,ctrade1-l2-data,raw_l2/trade_date=2026-07-27/exchange=NSE/symbol=TECHM/part-REDACTED.parquet
2026-07-27,NSE,TECHM,part-040345_304139-002526.parquet,ctrade1-l2-data,raw_l2/trade_date=2026-07-27/exchange=NSE/symbol=TECHM/part-REDACTED.parquet
2026-07-27,NSE,TECHM,part-040400_034077-002558.parquet,ctrade1-l2-data,raw_l2/trade_date=2026-07-27/exchange=NSE/symbol=TECHM/part-REDACTED.parquet
2026-07-27,NSE,TECHM,part-040414_613620-002590.parquet,ctrade1-l2-data,raw_l2/trade_date=2026-07-27/exchange=NSE/symbol=TECHM/part-REDACTED.parquet
2026-07-27,NSE,TECHM,part-040428_798343-002622.parquet,ctrade1-l2-data,raw_l2/trade_date=2026-07-27/exchange=NSE/symbol=TECHM/part-REDACTED.parquet
2026-07-27,NSE,TECHM,part-040443_163550-002654.parquet,ctrade1-l2-data,raw_l2/trade_date=2026-07-27/exchange=NSE/symbol=TECHM/part-REDACTED.parquet
2026-07-27,NSE,TECHM,part-040457_460573-002686.parquet,ctrade1-l2-data,raw_l2/trade_date=2026-07-27/exchange=NSE/symbol=TECHM/part-REDACTED.parquet
2026-07-27,NSE,TECHM,part-040511_899452-002718.parquet,ctrade1-l2-data,raw_l2/trade_date=2026-07-27/exchange=NSE/symbol=TECHM/part-REDACTED.parquet
2026-07-27,NSE,TECHM,part-040525_941989-002750.parquet,ctrade1-l2-data,raw_l2/trade_date=2026-07-27/exchange=NSE/symbol=TECHM/part-REDACTED.parquet
2026-07-27,NSE,TECHM,part-040540_066546-002782.parquet,ctrade1-l2-data,raw_l2/trade_date=2026-07-27/exchange=NSE/symbol=TECHM/part-REDACTED.parquet
2026-07-27,NSE,TECHM,part-040554_173253-002814.parquet,ctrade1-l2-data,raw_l2/trade_date=2026-07-27/exchange=NSE/symbol=TECHM/part-REDACTED.parquet
2026-07-27,NSE,TECHM,part-040608_266758-002846.parquet,ctrade1-l2-data,raw_l2/trade_date=2026-07-27/exchange=NSE/symbol=TECHM/part-REDACTED.parquet
2026-07-27,NSE,TECHM,part-040622_236721-002878.parquet,ctrade1-l2-data,raw_l2/trade_date=2026-07-27/exchange=NSE/symbol=TECHM/part-REDACTED.parquet
2026-07-27,NSE,TECHM,part-040636_256882-002910.parquet,ctrade1-l2-data,raw_l2/trade_date=2026-07-27/exchange=NSE/symbol=TECHM/part-REDACTED.parquet
2026-07-27,NSE,TECHM,part-040650_349127-002942.parquet,ctrade1-l2-data,raw_l2/trade_date=2026-07-27/exchange=NSE/symbol=TECHM/part-REDACTED.parquet
2026-07-27,NSE,TECHM,part-040704_339542-002974.parquet,ctrade1-l2-data,raw_l2/trade_date=2026-07-27/exchange=NSE/symbol=TECHM/part-REDACTED.parquet
2026-07-27,NSE,TECHM,part-040718_734641-003006.parquet,ctrade1-l2-data,raw_l2/trade_date=2026-07-27/exchange=NSE/symbol=TECHM/part-REDACTED.parquet
2026-07-27,NSE,TECHM,part-040732_946950-003038.parquet,ctrade1-l2-data,raw_l2/trade_date=2026-07-27/exchange=NSE/symbol=TECHM/part-REDACTED.parquet
2026-07-27,NSE,TECHM,part-040746_942924-003070.parquet,ctrade1-l2-data,raw_l2/trade_date=2026-07-27/exchange=NSE/symbol=TECHM/part-REDACTED.parquet
2026-07-27,NSE,TECHM,part-040801_761275-003102.parquet,ctrade1-l2-data,raw_l2/trade_date=2026-07-27/exchange=NSE/symbol=TECHM/part-REDACTED.parquet
2026-07-27,NSE,TECHM,part-040816_004235-003134.parquet,ctrade1-l2-data,raw_l2/trade_date=2026-07-27/exchange=NSE/symbol=TECHM/part-REDACTED.parquet
2026-07-27,NSE,TECHM,part-040830_173055-003166.parquet,ctrade1-l2-data,raw_l2/trade_date=2026-07-27/exchange=NSE/symbol=TECHM/part-REDACTED.parquet
2026-07-27,NSE,TECHM,part-040844_396471-003198.parquet,ctrade1-l2-data,raw_l2/trade_date=2026-07-27/exchange=NSE/symbol=TECHM/part-REDACTED.parquet
2026-07-27,NSE,TECHM,part-040858_648000-003230.parquet,ctrade1-l2-data,raw_l2/trade_date=2026-07-27/exchange=NSE/symbol=TECHM/part-REDACTED.parquet
2026-07-27,NSE,TECHM,part-040912_842769-003262.parquet,ctrade1-l2-data,raw_l2/trade_date=2026-07-27/exchange=NSE/symbol=TECHM/part-REDACTED.parquet
2026-07-27,NSE,TECHM,part-040927_104197-003294.parquet,ctrade1-l2-data,raw_l2/trade_date=2026-07-27/exchange=NSE/symbol=TECHM/part-REDACTED.parquet
2026-07-27,NSE,TECHM,part-040941_308128-003326.parquet,ctrade1-l2-data,raw_l2/trade_date=2026-07-27/exchange=NSE/symbol=TECHM/part-REDACTED.parquet
2026-07-27,NSE,TECHM,part-040955_516862-003358.parquet,ctrade1-l2-data,raw_l2/trade_date=2026-07-27/exchange=NSE/symbol=TECHM/part-REDACTED.parquet
2026-07-27,NSE,TECHM,part-041009_635449-003390.parquet,ctrade1-l2-data,raw_l2/trade_date=2026-07-27/exchange=NSE/symbol=TECHM/part-REDACTED.parquet
2026-07-27,NSE,TECHM,part-041024_013150-003422.parquet,ctrade1-l2-data,raw_l2/trade_date=2026-07-27/exchange=NSE/symbol=TECHM/part-REDACTED.parquet
2026-07-27,NSE,TECHM,part-041038_415405-003454.parquet,ctrade1-l2-data,raw_l2/trade_date=2026-07-27/exchange=NSE/symbol=TECHM/part-REDACTED.parquet
2026-07-27,NSE,TECHM,part-041052_506226-003486.parquet,ctrade1-l2-data,raw_l2/trade_date=2026-07-27/exchange=NSE/symbol=TECHM/part-REDACTED.parquet
2026-07-27,NSE,TECHM,part-041106_913921-003518.parquet,ctrade1-l2-data,raw_l2/trade_date=2026-07-27/exchange=NSE/symbol=TECHM/part-REDACTED.parquet
2026-07-27,NSE,TECHM,part-041121_099471-003550.parquet,ctrade1-l2-data,raw_l2/trade_date=2026-07-27/exchange=NSE/symbol=TECHM/part-REDACTED.parquet
2026-07-27,NSE,TECHM,part-041135_318749-003582.parquet,ctrade1-l2-data,raw_l2/trade_date=2026-07-27/exchange=NSE/symbol=TECHM/part-REDACTED.parquet
2026-07-27,NSE,TECHM,part-041149_550086-003614.parquet,ctrade1-l2-data,raw_l2/trade_date=2026-07-27/exchange=NSE/symbol=TECHM/part-REDACTED.parquet
2026-07-27,NSE,TECHM,part-041203_482879-003646.parquet,ctrade1-l2-data,raw_l2/trade_date=2026-07-27/exchange=NSE/symbol=TECHM/part-REDACTED.parquet
2026-07-27,NSE,TECHM,part-041217_493389-003678.parquet,ctrade1-l2-data,raw_l2/trade_date=2026-07-27/exchange=NSE/symbol=TECHM/part-REDACTED.parquet
2026-07-27,NSE,TECHM,part-041232_527365-003710.parquet,ctrade1-l2-data,raw_l2/trade_date=2026-07-27/exchange=NSE/symbol=TECHM/part-REDACTED.parquet
2026-07-27,NSE,TECHM,part-041246_683753-003742.parquet,ctrade1-l2-data,raw_l2/trade_date=2026-07-27/exchange=NSE/symbol=TECHM/part-REDACTED.parquet
2026-07-27,NSE,TECHM,part-041300_691624-003774.parquet,ctrade1-l2-data,raw_l2/trade_date=2026-07-27/exchange=NSE/symbol=TECHM/part-REDACTED.parquet
2026-07-27,NSE,TECHM,part-041315_246786-003806.parquet,ctrade1-l2-data,raw_l2/trade_date=2026-07-27/exchange=NSE/symbol=TECHM/part-REDACTED.parquet
2026-07-27,NSE,TECHM,part-041329_296937-003838.parquet,ctrade1-l2-data,raw_l2/trade_date=2026-07-27/exchange=NSE/symbol=TECHM/part-REDACTED.parquet
2026-07-27,NSE,TECHM,part-041343_305391-003870.parquet,ctrade1-l2-data,raw_l2/trade_date=2026-07-27/exchange=NSE/symbol=TECHM/part-REDACTED.parquet
2026-07-27,NSE,TECHM,part-041357_307818-003902.parquet,ctrade1-l2-data,raw_l2/trade_date=2026-07-27/exchange=NSE/symbol=TECHM/part-REDACTED.parquet
2026-07-27,NSE,TECHM,part-041411_362707-003934.parquet,ctrade1-l2-data,raw_l2/trade_date=2026-07-27/exchange=NSE/symbol=TECHM/part-REDACTED.parquet
2026-07-27,NSE,TECHM,part-041425_302403-003966.parquet,ctrade1-l2-data,raw_l2/trade_date=2026-07-27/exchange=NSE/symbol=TECHM/part-REDACTED.parquet
2026-07-27,NSE,TECHM,part-041439_274891-003998.parquet,ctrade1-l2-data,raw_l2/trade_date=2026-07-27/exchange=NSE/symbol=TECHM/part-REDACTED.parquet
2026-07-27,NSE,TECHM,part-041453_286180-004030.parquet,ctrade1-l2-data,raw_l2/trade_date=2026-07-27/exchange=NSE/symbol=TECHM/part-REDACTED.parquet
2026-07-27,NSE,TECHM,part-041507_383851-004062.parquet,ctrade1-l2-data,raw_l2/trade_date=2026-07-27/exchange=NSE/symbol=TECHM/part-REDACTED.parquet
2026-07-27,NSE,TECHM,part-041521_311747-004094.parquet,ctrade1-l2-data,raw_l2/trade_date=2026-07-27/exchange=NSE/symbol=TECHM/part-REDACTED.parquet
2026-07-27,NSE,TECHM,part-041535_812191-004126.parquet,ctrade1-l2-data,raw_l2/trade_date=2026-07-27/exchange=NSE/symbol=TECHM/part-REDACTED.parquet
2026-07-27,NSE,TECHM,part-041549_967366-004158.parquet,ctrade1-l2-data,raw_l2/trade_date=2026-07-27/exchange=NSE/symbol=TECHM/part-REDACTED.parquet
2026-07-27,NSE,TECHM,part-041604_166344-004190.parquet,ctrade1-l2-data,raw_l2/trade_date=2026-07-27/exchange=NSE/symbol=TECHM/part-REDACTED.parquet
2026-07-27,NSE,TECHM,part-041618_277466-004222.parquet,ctrade1-l2-data,raw_l2/trade_date=2026-07-27/exchange=NSE/symbol=TECHM/part-REDACTED.parquet
2026-07-27,NSE,TECHM,part-041634_666547-004254.parquet,ctrade1-l2-data,raw_l2/trade_date=2026-07-27/exchange=NSE/symbol=TECHM/part-REDACTED.parquet
2026-07-27,NSE,TECHM,part-041649_078711-004286.parquet,ctrade1-l2-data,raw_l2/trade_date=2026-07-27/exchange=NSE/symbol=TECHM/part-REDACTED.parquet
2026-07-27,NSE,TECHM,part-041703_017880-004318.parquet,ctrade1-l2-data,raw_l2/trade_date=2026-07-27/exchange=NSE/symbol=TECHM/part-REDACTED.parquet
2026-07-27,NSE,TECHM,part-041717_272029-004350.parquet,ctrade1-l2-data,raw_l2/trade_date=2026-07-27/exchange=NSE/symbol=TECHM/part-REDACTED.parquet
2026-07-27,NSE,TECHM,part-041731_678506-004382.parquet,ctrade1-l2-data,raw_l2/trade_date=2026-07-27/exchange=NSE/symbol=TECHM/part-REDACTED.parquet
2026-07-27,NSE,TECHM,part-041745_999785-004414.parquet,ctrade1-l2-data,raw_l2/trade_date=2026-07-27/exchange=NSE/symbol=TECHM/part-REDACTED.parquet
2026-07-27,NSE,TECHM,part-041800_369794-004446.parquet,ctrade1-l2-data,raw_l2/trade_date=2026-07-27/exchange=NSE/symbol=TECHM/part-REDACTED.parquet
2026-07-27,NSE,TECHM,part-041814_615663-004478.parquet,ctrade1-l2-data,raw_l2/trade_date=2026-07-27/exchange=NSE/symbol=TECHM/part-REDACTED.parquet
2026-07-27,NSE,TECHM,part-041828_708869-004510.parquet,ctrade1-l2-data,raw_l2/trade_date=2026-07-27/exchange=NSE/symbol=TECHM/part-REDACTED.parquet
2026-07-27,NSE,TECHM,part-041842_682438-004542.parquet,ctrade1-l2-data,raw_l2/trade_date=2026-07-27/exchange=NSE/symbol=TECHM/part-REDACTED.parquet
2026-07-27,NSE,TECHM,part-041856_764727-004574.parquet,ctrade1-l2-data,raw_l2/trade_date=2026-07-27/exchange=NSE/symbol=TECHM/part-REDACTED.parquet
2026-07-27,NSE,TECHM,part-041910_826447-004606.parquet,ctrade1-l2-data,raw_l2/trade_date=2026-07-27/exchange=NSE/symbol=TECHM/part-REDACTED.parquet
2026-07-27,NSE,TECHM,part-041924_783803-004638.parquet,ctrade1-l2-data,raw_l2/trade_date=2026-07-27/exchange=NSE/symbol=TECHM/part-REDACTED.parquet
2026-07-27,NSE,TECHM,part-041938_834582-004670.parquet,ctrade1-l2-data,raw_l2/trade_date=2026-07-27/exchange=NSE/symbol=TECHM/part-REDACTED.parquet
2026-07-27,NSE,TECHM,part-041952_777808-004702.parquet,ctrade1-l2-data,raw_l2/trade_date=2026-07-27/exchange=NSE/symbol=TECHM/part-REDACTED.parquet
2026-07-27,NSE,TECHM,part-042007_054540-004734.parquet,ctrade1-l2-data,raw_l2/trade_date=2026-07-27/exchange=NSE/symbol=TECHM/part-REDACTED.parquet
2026-07-27,NSE,TECHM,part-042021_136480-004766.parquet,ctrade1-l2-data,raw_l2/trade_date=2026-07-27/exchange=NSE/symbol=TECHM/part-REDACTED.parquet
2026-07-27,NSE,TECHM,part-042035_373978-004798.parquet,ctrade1-l2-data,raw_l2/trade_date=2026-07-27/exchange=NSE/symbol=TECHM/part-REDACTED.parquet
2026-07-27,NSE,TECHM,part-042049_297052-004830.parquet,ctrade1-l2-data,raw_l2/trade_date=2026-07-27/exchange=NSE/symbol=TECHM/part-REDACTED.parquet
2026-07-27,NSE,TECHM,part-042103_387941-004862.parquet,ctrade1-l2-data,raw_l2/trade_date=2026-07-27/exchange=NSE/symbol=TECHM/part-REDACTED.parquet
2026-07-27,NSE,TECHM,part-042117_701125-004894.parquet,ctrade1-l2-data,raw_l2/trade_date=2026-07-27/exchange=NSE/symbol=TECHM/part-REDACTED.parquet
2026-07-27,NSE,TECHM,part-042131_984955-004926.parquet,ctrade1-l2-data,raw_l2/trade_date=2026-07-27/exchange=NSE/symbol=TECHM/part-REDACTED.parquet
2026-07-27,NSE,TECHM,part-042146_181895-004958.parquet,ctrade1-l2-data,raw_l2/trade_date=2026-07-27/exchange=NSE/symbol=TECHM/part-REDACTED.parquet
2026-07-27,NSE,TECHM,part-042200_669000-004990.parquet,ctrade1-l2-data,raw_l2/trade_date=2026-07-27/exchange=NSE/symbol=TECHM/part-REDACTED.parquet
2026-07-27,NSE,TECHM,part-042215_164966-005022.parquet,ctrade1-l2-data,raw_l2/trade_date=2026-07-27/exchange=NSE/symbol=TECHM/part-REDACTED.parquet
2026-07-27,NSE,TECHM,part-042229_467097-005054.parquet,ctrade1-l2-data,raw_l2/trade_date=2026-07-27/exchange=NSE/symbol=TECHM/part-REDACTED.parquet
2026-07-27,NSE,TECHM,part-042243_831057-005086.parquet,ctrade1-l2-data,raw_l2/trade_date=2026-07-27/exchange=NSE/symbol=TECHM/part-REDACTED.parquet
2026-07-27,NSE,TECHM,part-042258_168655-005118.parquet,ctrade1-l2-data,raw_l2/trade_date=2026-07-27/exchange=NSE/symbol=TECHM/part-REDACTED.parquet
2026-07-27,NSE,TECHM,part-042312_561868-005150.parquet,ctrade1-l2-data,raw_l2/trade_date=2026-07-27/exchange=NSE/symbol=TECHM/part-REDACTED.parquet
2026-07-27,NSE,TECHM,part-042326_820897-005182.parquet,ctrade1-l2-data,raw_l2/trade_date=2026-07-27/exchange=NSE/symbol=TECHM/part-REDACTED.parquet
2026-07-27,NSE,TECHM,part-042341_272679-005214.parquet,ctrade1-l2-data,raw_l2/trade_date=2026-07-27/exchange=NSE/symbol=TECHM/part-REDACTED.parquet
2026-07-27,NSE,TECHM,part-042355_665277-005246.parquet,ctrade1-l2-data,raw_l2/trade_date=2026-07-27/exchange=NSE/symbol=TECHM/part-REDACTED.parquet
2026-07-27,NSE,TECHM,part-042410_184667-005278.parquet,ctrade1-l2-data,raw_l2/trade_date=2026-07-27/exchange=NSE/symbol=TECHM/part-REDACTED.parquet
2026-07-27,NSE,TECHM,part-042424_569651-005310.parquet,ctrade1-l2-data,raw_l2/trade_date=2026-07-27/exchange=NSE/symbol=TECHM/part-REDACTED.parquet
2026-07-27,NSE,TECHM,part-042439_060641-005342.parquet,ctrade1-l2-data,raw_l2/trade_date=2026-07-27/exchange=NSE/symbol=TECHM/part-REDACTED.parquet
2026-07-27,NSE,TECHM,part-042453_305062-005374.parquet,ctrade1-l2-data,raw_l2/trade_date=2026-07-27/exchange=NSE/symbol=TECHM/part-REDACTED.parquet
2026-07-27,NSE,TECHM,part-042507_487020-005406.parquet,ctrade1-l2-data,raw_l2/trade_date=2026-07-27/exchange=NSE/symbol=TECHM/part-REDACTED.parquet
2026-07-27,NSE,TECHM,part-042521_702684-005438.parquet,ctrade1-l2-data,raw_l2/trade_date=2026-07-27/exchange=NSE/symbol=TECHM/part-REDACTED.parquet
2026-07-27,NSE,TECHM,part-042536_279541-005470.parquet,ctrade1-l2-data,raw_l2/trade_date=2026-07-27/exchange=NSE/symbol=TECHM/part-REDACTED.parquet
2026-07-27,NSE,TECHM,part-042550_644940-005502.parquet,ctrade1-l2-data,raw_l2/trade_date=2026-07-27/exchange=NSE/symbol=TECHM/part-REDACTED.parquet
2026-07-27,NSE,TECHM,part-042605_398599-005534.parquet,ctrade1-l2-data,raw_l2/trade_date=2026-07-27/exchange=NSE/symbol=TECHM/part-REDACTED.parquet
2026-07-27,NSE,TECHM,part-042619_837852-005566.parquet,ctrade1-l2-data,raw_l2/trade_date=2026-07-27/exchange=NSE/symbol=TECHM/part-REDACTED.parquet
2026-07-27,NSE,TECHM,part-042634_046670-005598.parquet,ctrade1-l2-data,raw_l2/trade_date=2026-07-27/exchange=NSE/symbol=TECHM/part-REDACTED.parquet
2026-07-27,NSE,TECHM,part-042648_687828-005630.parquet,ctrade1-l2-data,raw_l2/trade_date=2026-07-27/exchange=NSE/symbol=TECHM/part-REDACTED.parquet
2026-07-27,NSE,TECHM,part-042703_124619-005662.parquet,ctrade1-l2-data,raw_l2/trade_date=2026-07-27/exchange=NSE/symbol=TECHM/part-REDACTED.parquet
2026-07-27,NSE,ULTRACEMCO,part-034505_343291-000031.parquet,ctrade1-l2-data,raw_l2/trade_date=2026-07-27/exchange=NSE/symbol=ULTRACEMCO/part-REDACTED.parquet
2026-07-27,NSE,ULTRACEMCO,part-034519_720248-000063.parquet,ctrade1-l2-data,raw_l2/trade_date=2026-07-27/exchange=NSE/symbol=ULTRACEMCO/part-REDACTED.parquet
2026-07-27,NSE,ULTRACEMCO,part-034534_112925-000095.parquet,ctrade1-l2-data,raw_l2/trade_date=2026-07-27/exchange=NSE/symbol=ULTRACEMCO/part-REDACTED.parquet
2026-07-27,NSE,ULTRACEMCO,part-034548_225871-000127.parquet,ctrade1-l2-data,raw_l2/trade_date=2026-07-27/exchange=NSE/symbol=ULTRACEMCO/part-REDACTED.parquet
2026-07-27,NSE,ULTRACEMCO,part-034602_310624-000159.parquet,ctrade1-l2-data,raw_l2/trade_date=2026-07-27/exchange=NSE/symbol=ULTRACEMCO/part-REDACTED.parquet
2026-07-27,NSE,ULTRACEMCO,part-034616_818976-000191.parquet,ctrade1-l2-data,raw_l2/trade_date=2026-07-27/exchange=NSE/symbol=ULTRACEMCO/part-REDACTED.parquet
2026-07-27,NSE,ULTRACEMCO,part-034631_070166-000223.parquet,ctrade1-l2-data,raw_l2/trade_date=2026-07-27/exchange=NSE/symbol=ULTRACEMCO/part-REDACTED.parquet
2026-07-27,NSE,ULTRACEMCO,part-034645_704616-000255.parquet,ctrade1-l2-data,raw_l2/trade_date=2026-07-27/exchange=NSE/symbol=ULTRACEMCO/part-REDACTED.parquet
2026-07-27,NSE,ULTRACEMCO,part-034659_753220-000287.parquet,ctrade1-l2-data,raw_l2/trade_date=2026-07-27/exchange=NSE/symbol=ULTRACEMCO/part-REDACTED.parquet
2026-07-27,NSE,ULTRACEMCO,part-034713_754327-000319.parquet,ctrade1-l2-data,raw_l2/trade_date=2026-07-27/exchange=NSE/symbol=ULTRACEMCO/part-REDACTED.parquet
2026-07-27,NSE,ULTRACEMCO,part-034727_784992-000351.parquet,ctrade1-l2-data,raw_l2/trade_date=2026-07-27/exchange=NSE/symbol=ULTRACEMCO/part-REDACTED.parquet
2026-07-27,NSE,ULTRACEMCO,part-034741_965055-000383.parquet,ctrade1-l2-data,raw_l2/trade_date=2026-07-27/exchange=NSE/symbol=ULTRACEMCO/part-REDACTED.parquet
2026-07-27,NSE,ULTRACEMCO,part-034756_103608-000415.parquet,ctrade1-l2-data,raw_l2/trade_date=2026-07-27/exchange=NSE/symbol=ULTRACEMCO/part-REDACTED.parquet
2026-07-27,NSE,ULTRACEMCO,part-034810_493782-000447.parquet,ctrade1-l2-data,raw_l2/trade_date=2026-07-27/exchange=NSE/symbol=ULTRACEMCO/part-REDACTED.parquet
2026-07-27,NSE,ULTRACEMCO,part-034824_974765-000479.parquet,ctrade1-l2-data,raw_l2/trade_date=2026-07-27/exchange=NSE/symbol=ULTRACEMCO/part-REDACTED.parquet
2026-07-27,NSE,ULTRACEMCO,part-034839_438957-000511.parquet,ctrade1-l2-data,raw_l2/trade_date=2026-07-27/exchange=NSE/symbol=ULTRACEMCO/part-REDACTED.parquet
2026-07-27,NSE,ULTRACEMCO,part-034853_909224-000543.parquet,ctrade1-l2-data,raw_l2/trade_date=2026-07-27/exchange=NSE/symbol=ULTRACEMCO/part-REDACTED.parquet
2026-07-27,NSE,ULTRACEMCO,part-034908_255894-000575.parquet,ctrade1-l2-data,raw_l2/trade_date=2026-07-27/exchange=NSE/symbol=ULTRACEMCO/part-REDACTED.parquet
2026-07-27,NSE,ULTRACEMCO,part-034922_541238-000607.parquet,ctrade1-l2-data,raw_l2/trade_date=2026-07-27/exchange=NSE/symbol=ULTRACEMCO/part-REDACTED.parquet
2026-07-27,NSE,ULTRACEMCO,part-034937_000733-000639.parquet,ctrade1-l2-data,raw_l2/trade_date=2026-07-27/exchange=NSE/symbol=ULTRACEMCO/part-REDACTED.parquet
2026-07-27,NSE,ULTRACEMCO,part-034951_769817-000671.parquet,ctrade1-l2-data,raw_l2/trade_date=2026-07-27/exchange=NSE/symbol=ULTRACEMCO/part-REDACTED.parquet
2026-07-27,NSE,ULTRACEMCO,part-035006_127413-000703.parquet,ctrade1-l2-data,raw_l2/trade_date=2026-07-27/exchange=NSE/symbol=ULTRACEMCO/part-REDACTED.parquet
2026-07-27,NSE,ULTRACEMCO,part-035020_223709-000735.parquet,ctrade1-l2-data,raw_l2/trade_date=2026-07-27/exchange=NSE/symbol=ULTRACEMCO/part-REDACTED.parquet
2026-07-27,NSE,ULTRACEMCO,part-035034_323302-000767.parquet,ctrade1-l2-data,raw_l2/trade_date=2026-07-27/exchange=NSE/symbol=ULTRACEMCO/part-REDACTED.parquet
2026-07-27,NSE,ULTRACEMCO,part-035048_589285-000799.parquet,ctrade1-l2-data,raw_l2/trade_date=2026-07-27/exchange=NSE/symbol=ULTRACEMCO/part-REDACTED.parquet
2026-07-27,NSE,ULTRACEMCO,part-035102_840712-000831.parquet,ctrade1-l2-data,raw_l2/trade_date=2026-07-27/exchange=NSE/symbol=ULTRACEMCO/part-REDACTED.parquet
2026-07-27,NSE,ULTRACEMCO,part-035117_321426-000863.parquet,ctrade1-l2-data,raw_l2/trade_date=2026-07-27/exchange=NSE/symbol=ULTRACEMCO/part-REDACTED.parquet
2026-07-27,NSE,ULTRACEMCO,part-035131_575717-000895.parquet,ctrade1-l2-data,raw_l2/trade_date=2026-07-27/exchange=NSE/symbol=ULTRACEMCO/part-REDACTED.parquet
2026-07-27,NSE,ULTRACEMCO,part-035145_592034-000927.parquet,ctrade1-l2-data,raw_l2/trade_date=2026-07-27/exchange=NSE/symbol=ULTRACEMCO/part-REDACTED.parquet
2026-07-27,NSE,ULTRACEMCO,part-035159_906856-000959.parquet,ctrade1-l2-data,raw_l2/trade_date=2026-07-27/exchange=NSE/symbol=ULTRACEMCO/part-REDACTED.parquet
2026-07-27,NSE,ULTRACEMCO,part-035214_182767-000991.parquet,ctrade1-l2-data,raw_l2/trade_date=2026-07-27/exchange=NSE/symbol=ULTRACEMCO/part-REDACTED.parquet
2026-07-27,NSE,ULTRACEMCO,part-035228_370927-001023.parquet,ctrade1-l2-data,raw_l2/trade_date=2026-07-27/exchange=NSE/symbol=ULTRACEMCO/part-REDACTED.parquet
2026-07-27,NSE,ULTRACEMCO,part-035242_590490-001055.parquet,ctrade1-l2-data,raw_l2/trade_date=2026-07-27/exchange=NSE/symbol=ULTRACEMCO/part-REDACTED.parquet
2026-07-27,NSE,ULTRACEMCO,part-035256_960467-001087.parquet,ctrade1-l2-data,raw_l2/trade_date=2026-07-27/exchange=NSE/symbol=ULTRACEMCO/part-REDACTED.parquet
2026-07-27,NSE,ULTRACEMCO,part-035311_231961-001119.parquet,ctrade1-l2-data,raw_l2/trade_date=2026-07-27/exchange=NSE/symbol=ULTRACEMCO/part-REDACTED.parquet
2026-07-27,NSE,ULTRACEMCO,part-035325_570619-001151.parquet,ctrade1-l2-data,raw_l2/trade_date=2026-07-27/exchange=NSE/symbol=ULTRACEMCO/part-REDACTED.parquet
2026-07-27,NSE,ULTRACEMCO,part-035339_984236-001183.parquet,ctrade1-l2-data,raw_l2/trade_date=2026-07-27/exchange=NSE/symbol=ULTRACEMCO/part-REDACTED.parquet
2026-07-27,NSE,ULTRACEMCO,part-035354_440211-001215.parquet,ctrade1-l2-data,raw_l2/trade_date=2026-07-27/exchange=NSE/symbol=ULTRACEMCO/part-REDACTED.parquet
2026-07-27,NSE,ULTRACEMCO,part-035408_575601-001247.parquet,ctrade1-l2-data,raw_l2/trade_date=2026-07-27/exchange=NSE/symbol=ULTRACEMCO/part-REDACTED.parquet
2026-07-27,NSE,ULTRACEMCO,part-035422_754916-001279.parquet,ctrade1-l2-data,raw_l2/trade_date=2026-07-27/exchange=NSE/symbol=ULTRACEMCO/part-REDACTED.parquet
2026-07-27,NSE,ULTRACEMCO,part-035436_944465-001311.parquet,ctrade1-l2-data,raw_l2/trade_date=2026-07-27/exchange=NSE/symbol=ULTRACEMCO/part-REDACTED.parquet
2026-07-27,NSE,ULTRACEMCO,part-035452_146705-001343.parquet,ctrade1-l2-data,raw_l2/trade_date=2026-07-27/exchange=NSE/symbol=ULTRACEMCO/part-REDACTED.parquet
2026-07-27,NSE,ULTRACEMCO,part-035506_301085-001375.parquet,ctrade1-l2-data,raw_l2/trade_date=2026-07-27/exchange=NSE/symbol=ULTRACEMCO/part-REDACTED.parquet
2026-07-27,NSE,ULTRACEMCO,part-035520_885064-001407.parquet,ctrade1-l2-data,raw_l2/trade_date=2026-07-27/exchange=NSE/symbol=ULTRACEMCO/part-REDACTED.parquet
2026-07-27,NSE,ULTRACEMCO,part-035535_078774-001439.parquet,ctrade1-l2-data,raw_l2/trade_date=2026-07-27/exchange=NSE/symbol=ULTRACEMCO/part-REDACTED.parquet
2026-07-27,NSE,ULTRACEMCO,part-035549_479069-001471.parquet,ctrade1-l2-data,raw_l2/trade_date=2026-07-27/exchange=NSE/symbol=ULTRACEMCO/part-REDACTED.parquet
2026-07-27,NSE,ULTRACEMCO,part-035604_174855-001503.parquet,ctrade1-l2-data,raw_l2/trade_date=2026-07-27/exchange=NSE/symbol=ULTRACEMCO/part-REDACTED.parquet
2026-07-27,NSE,ULTRACEMCO,part-035618_648625-001535.parquet,ctrade1-l2-data,raw_l2/trade_date=2026-07-27/exchange=NSE/symbol=ULTRACEMCO/part-REDACTED.parquet
2026-07-27,NSE,ULTRACEMCO,part-035633_215141-001567.parquet,ctrade1-l2-data,raw_l2/trade_date=2026-07-27/exchange=NSE/symbol=ULTRACEMCO/part-REDACTED.parquet
2026-07-27,NSE,ULTRACEMCO,part-035647_338209-001599.parquet,ctrade1-l2-data,raw_l2/trade_date=2026-07-27/exchange=NSE/symbol=ULTRACEMCO/part-REDACTED.parquet
2026-07-27,NSE,ULTRACEMCO,part-035701_675353-001631.parquet,ctrade1-l2-data,raw_l2/trade_date=2026-07-27/exchange=NSE/symbol=ULTRACEMCO/part-REDACTED.parquet
2026-07-27,NSE,ULTRACEMCO,part-035715_813498-001663.parquet,ctrade1-l2-data,raw_l2/trade_date=2026-07-27/exchange=NSE/symbol=ULTRACEMCO/part-REDACTED.parquet
2026-07-27,NSE,ULTRACEMCO,part-035730_379048-001695.parquet,ctrade1-l2-data,raw_l2/trade_date=2026-07-27/exchange=NSE/symbol=ULTRACEMCO/part-REDACTED.parquet
2026-07-27,NSE,ULTRACEMCO,part-035744_702077-001727.parquet,ctrade1-l2-data,raw_l2/trade_date=2026-07-27/exchange=NSE/symbol=ULTRACEMCO/part-REDACTED.parquet
2026-07-27,NSE,ULTRACEMCO,part-035758_858998-001759.parquet,ctrade1-l2-data,raw_l2/trade_date=2026-07-27/exchange=NSE/symbol=ULTRACEMCO/part-REDACTED.parquet
2026-07-27,NSE,ULTRACEMCO,part-035813_367566-001791.parquet,ctrade1-l2-data,raw_l2/trade_date=2026-07-27/exchange=NSE/symbol=ULTRACEMCO/part-REDACTED.parquet
2026-07-27,NSE,ULTRACEMCO,part-035827_611155-001823.parquet,ctrade1-l2-data,raw_l2/trade_date=2026-07-27/exchange=NSE/symbol=ULTRACEMCO/part-REDACTED.parquet
2026-07-27,NSE,ULTRACEMCO,part-035842_142267-001855.parquet,ctrade1-l2-data,raw_l2/trade_date=2026-07-27/exchange=NSE/symbol=ULTRACEMCO/part-REDACTED.parquet
2026-07-27,NSE,ULTRACEMCO,part-035856_494152-001887.parquet,ctrade1-l2-data,raw_l2/trade_date=2026-07-27/exchange=NSE/symbol=ULTRACEMCO/part-REDACTED.parquet
2026-07-27,NSE,ULTRACEMCO,part-035910_822148-001919.parquet,ctrade1-l2-data,raw_l2/trade_date=2026-07-27/exchange=NSE/symbol=ULTRACEMCO/part-REDACTED.parquet
2026-07-27,NSE,ULTRACEMCO,part-035925_318716-001951.parquet,ctrade1-l2-data,raw_l2/trade_date=2026-07-27/exchange=NSE/symbol=ULTRACEMCO/part-REDACTED.parquet
2026-07-27,NSE,ULTRACEMCO,part-035939_602564-001983.parquet,ctrade1-l2-data,raw_l2/trade_date=2026-07-27/exchange=NSE/symbol=ULTRACEMCO/part-REDACTED.parquet
2026-07-27,NSE,ULTRACEMCO,part-035953_770939-002015.parquet,ctrade1-l2-data,raw_l2/trade_date=2026-07-27/exchange=NSE/symbol=ULTRACEMCO/part-REDACTED.parquet
2026-07-27,NSE,ULTRACEMCO,part-040008_519954-002047.parquet,ctrade1-l2-data,raw_l2/trade_date=2026-07-27/exchange=NSE/symbol=ULTRACEMCO/part-REDACTED.parquet
2026-07-27,NSE,ULTRACEMCO,part-040022_832424-002079.parquet,ctrade1-l2-data,raw_l2/trade_date=2026-07-27/exchange=NSE/symbol=ULTRACEMCO/part-REDACTED.parquet
2026-07-27,NSE,ULTRACEMCO,part-040037_154612-002111.parquet,ctrade1-l2-data,raw_l2/trade_date=2026-07-27/exchange=NSE/symbol=ULTRACEMCO/part-REDACTED.parquet
2026-07-27,NSE,ULTRACEMCO,part-040051_619830-002143.parquet,ctrade1-l2-data,raw_l2/trade_date=2026-07-27/exchange=NSE/symbol=ULTRACEMCO/part-REDACTED.parquet
2026-07-27,NSE,ULTRACEMCO,part-040106_185211-002175.parquet,ctrade1-l2-data,raw_l2/trade_date=2026-07-27/exchange=NSE/symbol=ULTRACEMCO/part-REDACTED.parquet
2026-07-27,NSE,ULTRACEMCO,part-040120_480575-002207.parquet,ctrade1-l2-data,raw_l2/trade_date=2026-07-27/exchange=NSE/symbol=ULTRACEMCO/part-REDACTED.parquet
2026-07-27,NSE,ULTRACEMCO,part-040134_764886-002239.parquet,ctrade1-l2-data,raw_l2/trade_date=2026-07-27/exchange=NSE/symbol=ULTRACEMCO/part-REDACTED.parquet
2026-07-27,NSE,ULTRACEMCO,part-040149_362210-002271.parquet,ctrade1-l2-data,raw_l2/trade_date=2026-07-27/exchange=NSE/symbol=ULTRACEMCO/part-REDACTED.parquet
2026-07-27,NSE,ULTRACEMCO,part-040203_764251-002303.parquet,ctrade1-l2-data,raw_l2/trade_date=2026-07-27/exchange=NSE/symbol=ULTRACEMCO/part-REDACTED.parquet
2026-07-27,NSE,ULTRACEMCO,part-040218_267803-002335.parquet,ctrade1-l2-data,raw_l2/trade_date=2026-07-27/exchange=NSE/symbol=ULTRACEMCO/part-REDACTED.parquet
2026-07-27,NSE,ULTRACEMCO,part-040233_197516-002367.parquet,ctrade1-l2-data,raw_l2/trade_date=2026-07-27/exchange=NSE/symbol=ULTRACEMCO/part-REDACTED.parquet
2026-07-27,NSE,ULTRACEMCO,part-040247_705743-002399.parquet,ctrade1-l2-data,raw_l2/trade_date=2026-07-27/exchange=NSE/symbol=ULTRACEMCO/part-REDACTED.parquet
2026-07-27,NSE,ULTRACEMCO,part-040302_326085-002431.parquet,ctrade1-l2-data,raw_l2/trade_date=2026-07-27/exchange=NSE/symbol=ULTRACEMCO/part-REDACTED.parquet
2026-07-27,NSE,ULTRACEMCO,part-040316_571244-002463.parquet,ctrade1-l2-data,raw_l2/trade_date=2026-07-27/exchange=NSE/symbol=ULTRACEMCO/part-REDACTED.parquet
2026-07-27,NSE,ULTRACEMCO,part-040331_037529-002495.parquet,ctrade1-l2-data,raw_l2/trade_date=2026-07-27/exchange=NSE/symbol=ULTRACEMCO/part-REDACTED.parquet
2026-07-27,NSE,ULTRACEMCO,part-040345_428018-002527.parquet,ctrade1-l2-data,raw_l2/trade_date=2026-07-27/exchange=NSE/symbol=ULTRACEMCO/part-REDACTED.parquet
2026-07-27,NSE,ULTRACEMCO,part-040400_186845-002559.parquet,ctrade1-l2-data,raw_l2/trade_date=2026-07-27/exchange=NSE/symbol=ULTRACEMCO/part-REDACTED.parquet
2026-07-27,NSE,ULTRACEMCO,part-040414_755663-002591.parquet,ctrade1-l2-data,raw_l2/trade_date=2026-07-27/exchange=NSE/symbol=ULTRACEMCO/part-REDACTED.parquet
2026-07-27,NSE,ULTRACEMCO,part-040428_906883-002623.parquet,ctrade1-l2-data,raw_l2/trade_date=2026-07-27/exchange=NSE/symbol=ULTRACEMCO/part-REDACTED.parquet
2026-07-27,NSE,ULTRACEMCO,part-040443_293585-002655.parquet,ctrade1-l2-data,raw_l2/trade_date=2026-07-27/exchange=NSE/symbol=ULTRACEMCO/part-REDACTED.parquet
2026-07-27,NSE,ULTRACEMCO,part-040457_590422-002687.parquet,ctrade1-l2-data,raw_l2/trade_date=2026-07-27/exchange=NSE/symbol=ULTRACEMCO/part-REDACTED.parquet
2026-07-27,NSE,ULTRACEMCO,part-040512_034540-002719.parquet,ctrade1-l2-data,raw_l2/trade_date=2026-07-27/exchange=NSE/symbol=ULTRACEMCO/part-REDACTED.parquet
2026-07-27,NSE,ULTRACEMCO,part-040526_053627-002751.parquet,ctrade1-l2-data,raw_l2/trade_date=2026-07-27/exchange=NSE/symbol=ULTRACEMCO/part-REDACTED.parquet
2026-07-27,NSE,ULTRACEMCO,part-040540_183416-002783.parquet,ctrade1-l2-data,raw_l2/trade_date=2026-07-27/exchange=NSE/symbol=ULTRACEMCO/part-REDACTED.parquet
2026-07-27,NSE,ULTRACEMCO,part-040554_282383-002815.parquet,ctrade1-l2-data,raw_l2/trade_date=2026-07-27/exchange=NSE/symbol=ULTRACEMCO/part-REDACTED.parquet
2026-07-27,NSE,ULTRACEMCO,part-040608_384058-002847.parquet,ctrade1-l2-data,raw_l2/trade_date=2026-07-27/exchange=NSE/symbol=ULTRACEMCO/part-REDACTED.parquet
2026-07-27,NSE,ULTRACEMCO,part-040622_363461-002879.parquet,ctrade1-l2-data,raw_l2/trade_date=2026-07-27/exchange=NSE/symbol=ULTRACEMCO/part-REDACTED.parquet
2026-07-27,NSE,ULTRACEMCO,part-040636_362641-002911.parquet,ctrade1-l2-data,raw_l2/trade_date=2026-07-27/exchange=NSE/symbol=ULTRACEMCO/part-REDACTED.parquet
2026-07-27,NSE,ULTRACEMCO,part-040650_468046-002943.parquet,ctrade1-l2-data,raw_l2/trade_date=2026-07-27/exchange=NSE/symbol=ULTRACEMCO/part-REDACTED.parquet
2026-07-27,NSE,ULTRACEMCO,part-040704_455357-002975.parquet,ctrade1-l2-data,raw_l2/trade_date=2026-07-27/exchange=NSE/symbol=ULTRACEMCO/part-REDACTED.parquet
2026-07-27,NSE,ULTRACEMCO,part-040718_848852-003007.parquet,ctrade1-l2-data,raw_l2/trade_date=2026-07-27/exchange=NSE/symbol=ULTRACEMCO/part-REDACTED.parquet
2026-07-27,NSE,ULTRACEMCO,part-040733_059343-003039.parquet,ctrade1-l2-data,raw_l2/trade_date=2026-07-27/exchange=NSE/symbol=ULTRACEMCO/part-REDACTED.parquet
2026-07-27,NSE,ULTRACEMCO,part-040747_072237-003071.parquet,ctrade1-l2-data,raw_l2/trade_date=2026-07-27/exchange=NSE/symbol=ULTRACEMCO/part-REDACTED.parquet
2026-07-27,NSE,ULTRACEMCO,part-040801_893065-003103.parquet,ctrade1-l2-data,raw_l2/trade_date=2026-07-27/exchange=NSE/symbol=ULTRACEMCO/part-REDACTED.parquet
2026-07-27,NSE,ULTRACEMCO,part-040816_120836-003135.parquet,ctrade1-l2-data,raw_l2/trade_date=2026-07-27/exchange=NSE/symbol=ULTRACEMCO/part-REDACTED.parquet
2026-07-27,NSE,ULTRACEMCO,part-040830_289815-003167.parquet,ctrade1-l2-data,raw_l2/trade_date=2026-07-27/exchange=NSE/symbol=ULTRACEMCO/part-REDACTED.parquet
2026-07-27,NSE,ULTRACEMCO,part-040844_512035-003199.parquet,ctrade1-l2-data,raw_l2/trade_date=2026-07-27/exchange=NSE/symbol=ULTRACEMCO/part-REDACTED.parquet
2026-07-27,NSE,ULTRACEMCO,part-040858_758758-003231.parquet,ctrade1-l2-data,raw_l2/trade_date=2026-07-27/exchange=NSE/symbol=ULTRACEMCO/part-REDACTED.parquet
2026-07-27,NSE,ULTRACEMCO,part-040912_959203-003263.parquet,ctrade1-l2-data,raw_l2/trade_date=2026-07-27/exchange=NSE/symbol=ULTRACEMCO/part-REDACTED.parquet
2026-07-27,NSE,ULTRACEMCO,part-040927_219143-003295.parquet,ctrade1-l2-data,raw_l2/trade_date=2026-07-27/exchange=NSE/symbol=ULTRACEMCO/part-REDACTED.parquet
2026-07-27,NSE,ULTRACEMCO,part-040941_444136-003327.parquet,ctrade1-l2-data,raw_l2/trade_date=2026-07-27/exchange=NSE/symbol=ULTRACEMCO/part-REDACTED.parquet
2026-07-27,NSE,ULTRACEMCO,part-040955_647470-003359.parquet,ctrade1-l2-data,raw_l2/trade_date=2026-07-27/exchange=NSE/symbol=ULTRACEMCO/part-REDACTED.parquet
2026-07-27,NSE,ULTRACEMCO,part-041009_852120-003391.parquet,ctrade1-l2-data,raw_l2/trade_date=2026-07-27/exchange=NSE/symbol=ULTRACEMCO/part-REDACTED.parquet
2026-07-27,NSE,ULTRACEMCO,part-041024_145762-003423.parquet,ctrade1-l2-data,raw_l2/trade_date=2026-07-27/exchange=NSE/symbol=ULTRACEMCO/part-REDACTED.parquet
2026-07-27,NSE,ULTRACEMCO,part-041038_555154-003455.parquet,ctrade1-l2-data,raw_l2/trade_date=2026-07-27/exchange=NSE/symbol=ULTRACEMCO/part-REDACTED.parquet
2026-07-27,NSE,ULTRACEMCO,part-041052_673969-003487.parquet,ctrade1-l2-data,raw_l2/trade_date=2026-07-27/exchange=NSE/symbol=ULTRACEMCO/part-REDACTED.parquet
2026-07-27,NSE,ULTRACEMCO,part-041107_028654-003519.parquet,ctrade1-l2-data,raw_l2/trade_date=2026-07-27/exchange=NSE/symbol=ULTRACEMCO/part-REDACTED.parquet
2026-07-27,NSE,ULTRACEMCO,part-041121_209524-003551.parquet,ctrade1-l2-data,raw_l2/trade_date=2026-07-27/exchange=NSE/symbol=ULTRACEMCO/part-REDACTED.parquet
2026-07-27,NSE,ULTRACEMCO,part-041135_445163-003583.parquet,ctrade1-l2-data,raw_l2/trade_date=2026-07-27/exchange=NSE/symbol=ULTRACEMCO/part-REDACTED.parquet
2026-07-27,NSE,ULTRACEMCO,part-041149_661342-003615.parquet,ctrade1-l2-data,raw_l2/trade_date=2026-07-27/exchange=NSE/symbol=ULTRACEMCO/part-REDACTED.parquet
2026-07-27,NSE,ULTRACEMCO,part-041203_599202-003647.parquet,ctrade1-l2-data,raw_l2/trade_date=2026-07-27/exchange=NSE/symbol=ULTRACEMCO/part-REDACTED.parquet
2026-07-27,NSE,ULTRACEMCO,part-041217_609091-003679.parquet,ctrade1-l2-data,raw_l2/trade_date=2026-07-27/exchange=NSE/symbol=ULTRACEMCO/part-REDACTED.parquet
2026-07-27,NSE,ULTRACEMCO,part-041232_714711-003711.parquet,ctrade1-l2-data,raw_l2/trade_date=2026-07-27/exchange=NSE/symbol=ULTRACEMCO/part-REDACTED.parquet
2026-07-27,NSE,ULTRACEMCO,part-041246_794829-003743.parquet,ctrade1-l2-data,raw_l2/trade_date=2026-07-27/exchange=NSE/symbol=ULTRACEMCO/part-REDACTED.parquet
2026-07-27,NSE,ULTRACEMCO,part-041300_815522-003775.parquet,ctrade1-l2-data,raw_l2/trade_date=2026-07-27/exchange=NSE/symbol=ULTRACEMCO/part-REDACTED.parquet
2026-07-27,NSE,ULTRACEMCO,part-041315_393538-003807.parquet,ctrade1-l2-data,raw_l2/trade_date=2026-07-27/exchange=NSE/symbol=ULTRACEMCO/part-REDACTED.parquet
2026-07-27,NSE,ULTRACEMCO,part-041329_404864-003839.parquet,ctrade1-l2-data,raw_l2/trade_date=2026-07-27/exchange=NSE/symbol=ULTRACEMCO/part-REDACTED.parquet
2026-07-27,NSE,ULTRACEMCO,part-041343_419278-003871.parquet,ctrade1-l2-data,raw_l2/trade_date=2026-07-27/exchange=NSE/symbol=ULTRACEMCO/part-REDACTED.parquet
2026-07-27,NSE,ULTRACEMCO,part-041357_421468-003903.parquet,ctrade1-l2-data,raw_l2/trade_date=2026-07-27/exchange=NSE/symbol=ULTRACEMCO/part-REDACTED.parquet
2026-07-27,NSE,ULTRACEMCO,part-041411_514125-003935.parquet,ctrade1-l2-data,raw_l2/trade_date=2026-07-27/exchange=NSE/symbol=ULTRACEMCO/part-REDACTED.parquet
2026-07-27,NSE,ULTRACEMCO,part-041425_414593-003967.parquet,ctrade1-l2-data,raw_l2/trade_date=2026-07-27/exchange=NSE/symbol=ULTRACEMCO/part-REDACTED.parquet
2026-07-27,NSE,ULTRACEMCO,part-041439_388116-003999.parquet,ctrade1-l2-data,raw_l2/trade_date=2026-07-27/exchange=NSE/symbol=ULTRACEMCO/part-REDACTED.parquet
2026-07-27,NSE,ULTRACEMCO,part-041453_400343-004031.parquet,ctrade1-l2-data,raw_l2/trade_date=2026-07-27/exchange=NSE/symbol=ULTRACEMCO/part-REDACTED.parquet
2026-07-27,NSE,ULTRACEMCO,part-041507_516943-004063.parquet,ctrade1-l2-data,raw_l2/trade_date=2026-07-27/exchange=NSE/symbol=ULTRACEMCO/part-REDACTED.parquet
2026-07-27,NSE,ULTRACEMCO,part-041521_416963-004095.parquet,ctrade1-l2-data,raw_l2/trade_date=2026-07-27/exchange=NSE/symbol=ULTRACEMCO/part-REDACTED.parquet
2026-07-27,NSE,ULTRACEMCO,part-041535_953448-004127.parquet,ctrade1-l2-data,raw_l2/trade_date=2026-07-27/exchange=NSE/symbol=ULTRACEMCO/part-REDACTED.parquet
2026-07-27,NSE,ULTRACEMCO,part-041550_082347-004159.parquet,ctrade1-l2-data,raw_l2/trade_date=2026-07-27/exchange=NSE/symbol=ULTRACEMCO/part-REDACTED.parquet
2026-07-27,NSE,ULTRACEMCO,part-041604_315462-004191.parquet,ctrade1-l2-data,raw_l2/trade_date=2026-07-27/exchange=NSE/symbol=ULTRACEMCO/part-REDACTED.parquet
2026-07-27,NSE,ULTRACEMCO,part-041618_391283-004223.parquet,ctrade1-l2-data,raw_l2/trade_date=2026-07-27/exchange=NSE/symbol=ULTRACEMCO/part-REDACTED.parquet
2026-07-27,NSE,ULTRACEMCO,part-041634_920546-004255.parquet,ctrade1-l2-data,raw_l2/trade_date=2026-07-27/exchange=NSE/symbol=ULTRACEMCO/part-REDACTED.parquet
2026-07-27,NSE,ULTRACEMCO,part-041649_191532-004287.parquet,ctrade1-l2-data,raw_l2/trade_date=2026-07-27/exchange=NSE/symbol=ULTRACEMCO/part-REDACTED.parquet
2026-07-27,NSE,ULTRACEMCO,part-041703_132961-004319.parquet,ctrade1-l2-data,raw_l2/trade_date=2026-07-27/exchange=NSE/symbol=ULTRACEMCO/part-REDACTED.parquet
2026-07-27,NSE,ULTRACEMCO,part-041717_383959-004351.parquet,ctrade1-l2-data,raw_l2/trade_date=2026-07-27/exchange=NSE/symbol=ULTRACEMCO/part-REDACTED.parquet
2026-07-27,NSE,ULTRACEMCO,part-041731_789574-004383.parquet,ctrade1-l2-data,raw_l2/trade_date=2026-07-27/exchange=NSE/symbol=ULTRACEMCO/part-REDACTED.parquet
2026-07-27,NSE,ULTRACEMCO,part-041746_126991-004415.parquet,ctrade1-l2-data,raw_l2/trade_date=2026-07-27/exchange=NSE/symbol=ULTRACEMCO/part-REDACTED.parquet
2026-07-27,NSE,ULTRACEMCO,part-041800_533853-004447.parquet,ctrade1-l2-data,raw_l2/trade_date=2026-07-27/exchange=NSE/symbol=ULTRACEMCO/part-REDACTED.parquet
2026-07-27,NSE,ULTRACEMCO,part-041814_730581-004479.parquet,ctrade1-l2-data,raw_l2/trade_date=2026-07-27/exchange=NSE/symbol=ULTRACEMCO/part-REDACTED.parquet
2026-07-27,NSE,ULTRACEMCO,part-041828_824693-004511.parquet,ctrade1-l2-data,raw_l2/trade_date=2026-07-27/exchange=NSE/symbol=ULTRACEMCO/part-REDACTED.parquet
2026-07-27,NSE,ULTRACEMCO,part-041842_798339-004543.parquet,ctrade1-l2-data,raw_l2/trade_date=2026-07-27/exchange=NSE/symbol=ULTRACEMCO/part-REDACTED.parquet
2026-07-27,NSE,ULTRACEMCO,part-041856_873269-004575.parquet,ctrade1-l2-data,raw_l2/trade_date=2026-07-27/exchange=NSE/symbol=ULTRACEMCO/part-REDACTED.parquet
2026-07-27,NSE,ULTRACEMCO,part-041910_947289-004607.parquet,ctrade1-l2-data,raw_l2/trade_date=2026-07-27/exchange=NSE/symbol=ULTRACEMCO/part-REDACTED.parquet
2026-07-27,NSE,ULTRACEMCO,part-041924_899856-004639.parquet,ctrade1-l2-data,raw_l2/trade_date=2026-07-27/exchange=NSE/symbol=ULTRACEMCO/part-REDACTED.parquet
2026-07-27,NSE,ULTRACEMCO,part-041938_942272-004671.parquet,ctrade1-l2-data,raw_l2/trade_date=2026-07-27/exchange=NSE/symbol=ULTRACEMCO/part-REDACTED.parquet
2026-07-27,NSE,ULTRACEMCO,part-041952_891229-004703.parquet,ctrade1-l2-data,raw_l2/trade_date=2026-07-27/exchange=NSE/symbol=ULTRACEMCO/part-REDACTED.parquet
2026-07-27,NSE,ULTRACEMCO,part-042007_175199-004735.parquet,ctrade1-l2-data,raw_l2/trade_date=2026-07-27/exchange=NSE/symbol=ULTRACEMCO/part-REDACTED.parquet
2026-07-27,NSE,ULTRACEMCO,part-042021_299533-004767.parquet,ctrade1-l2-data,raw_l2/trade_date=2026-07-27/exchange=NSE/symbol=ULTRACEMCO/part-REDACTED.parquet
2026-07-27,NSE,ULTRACEMCO,part-042035_496141-004799.parquet,ctrade1-l2-data,raw_l2/trade_date=2026-07-27/exchange=NSE/symbol=ULTRACEMCO/part-REDACTED.parquet
2026-07-27,NSE,ULTRACEMCO,part-042049_429064-004831.parquet,ctrade1-l2-data,raw_l2/trade_date=2026-07-27/exchange=NSE/symbol=ULTRACEMCO/part-REDACTED.parquet
2026-07-27,NSE,ULTRACEMCO,part-042103_516400-004863.parquet,ctrade1-l2-data,raw_l2/trade_date=2026-07-27/exchange=NSE/symbol=ULTRACEMCO/part-REDACTED.parquet
2026-07-27,NSE,ULTRACEMCO,part-042117_825844-004895.parquet,ctrade1-l2-data,raw_l2/trade_date=2026-07-27/exchange=NSE/symbol=ULTRACEMCO/part-REDACTED.parquet
2026-07-27,NSE,ULTRACEMCO,part-042132_107979-004927.parquet,ctrade1-l2-data,raw_l2/trade_date=2026-07-27/exchange=NSE/symbol=ULTRACEMCO/part-REDACTED.parquet
2026-07-27,NSE,ULTRACEMCO,part-042146_303258-004959.parquet,ctrade1-l2-data,raw_l2/trade_date=2026-07-27/exchange=NSE/symbol=ULTRACEMCO/part-REDACTED.parquet
2026-07-27,NSE,ULTRACEMCO,part-042200_807627-004991.parquet,ctrade1-l2-data,raw_l2/trade_date=2026-07-27/exchange=NSE/symbol=ULTRACEMCO/part-REDACTED.parquet
2026-07-27,NSE,ULTRACEMCO,part-042215_287687-005023.parquet,ctrade1-l2-data,raw_l2/trade_date=2026-07-27/exchange=NSE/symbol=ULTRACEMCO/part-REDACTED.parquet
2026-07-27,NSE,ULTRACEMCO,part-042229_598404-005055.parquet,ctrade1-l2-data,raw_l2/trade_date=2026-07-27/exchange=NSE/symbol=ULTRACEMCO/part-REDACTED.parquet
2026-07-27,NSE,ULTRACEMCO,part-042243_955870-005087.parquet,ctrade1-l2-data,raw_l2/trade_date=2026-07-27/exchange=NSE/symbol=ULTRACEMCO/part-REDACTED.parquet
2026-07-27,NSE,ULTRACEMCO,part-042258_288402-005119.parquet,ctrade1-l2-data,raw_l2/trade_date=2026-07-27/exchange=NSE/symbol=ULTRACEMCO/part-REDACTED.parquet
2026-07-27,NSE,ULTRACEMCO,part-042312_681103-005151.parquet,ctrade1-l2-data,raw_l2/trade_date=2026-07-27/exchange=NSE/symbol=ULTRACEMCO/part-REDACTED.parquet
2026-07-27,NSE,ULTRACEMCO,part-042326_950187-005183.parquet,ctrade1-l2-data,raw_l2/trade_date=2026-07-27/exchange=NSE/symbol=ULTRACEMCO/part-REDACTED.parquet
2026-07-27,NSE,ULTRACEMCO,part-042341_394771-005215.parquet,ctrade1-l2-data,raw_l2/trade_date=2026-07-27/exchange=NSE/symbol=ULTRACEMCO/part-REDACTED.parquet
2026-07-27,NSE,ULTRACEMCO,part-042355_794245-005247.parquet,ctrade1-l2-data,raw_l2/trade_date=2026-07-27/exchange=NSE/symbol=ULTRACEMCO/part-REDACTED.parquet
2026-07-27,NSE,ULTRACEMCO,part-042410_338744-005279.parquet,ctrade1-l2-data,raw_l2/trade_date=2026-07-27/exchange=NSE/symbol=ULTRACEMCO/part-REDACTED.parquet
2026-07-27,NSE,ULTRACEMCO,part-042424_694194-005311.parquet,ctrade1-l2-data,raw_l2/trade_date=2026-07-27/exchange=NSE/symbol=ULTRACEMCO/part-REDACTED.parquet
2026-07-27,NSE,ULTRACEMCO,part-042439_205243-005343.parquet,ctrade1-l2-data,raw_l2/trade_date=2026-07-27/exchange=NSE/symbol=ULTRACEMCO/part-REDACTED.parquet
2026-07-27,NSE,ULTRACEMCO,part-042453_437185-005375.parquet,ctrade1-l2-data,raw_l2/trade_date=2026-07-27/exchange=NSE/symbol=ULTRACEMCO/part-REDACTED.parquet
2026-07-27,NSE,ULTRACEMCO,part-042507_602657-005407.parquet,ctrade1-l2-data,raw_l2/trade_date=2026-07-27/exchange=NSE/symbol=ULTRACEMCO/part-REDACTED.parquet
2026-07-27,NSE,ULTRACEMCO,part-042521_834852-005439.parquet,ctrade1-l2-data,raw_l2/trade_date=2026-07-27/exchange=NSE/symbol=ULTRACEMCO/part-REDACTED.parquet
2026-07-27,NSE,ULTRACEMCO,part-042536_471263-005471.parquet,ctrade1-l2-data,raw_l2/trade_date=2026-07-27/exchange=NSE/symbol=ULTRACEMCO/part-REDACTED.parquet
2026-07-27,NSE,ULTRACEMCO,part-042550_761250-005503.parquet,ctrade1-l2-data,raw_l2/trade_date=2026-07-27/exchange=NSE/symbol=ULTRACEMCO/part-REDACTED.parquet
2026-07-27,NSE,ULTRACEMCO,part-042605_520044-005535.parquet,ctrade1-l2-data,raw_l2/trade_date=2026-07-27/exchange=NSE/symbol=ULTRACEMCO/part-REDACTED.parquet
2026-07-27,NSE,ULTRACEMCO,part-042619_962177-005567.parquet,ctrade1-l2-data,raw_l2/trade_date=2026-07-27/exchange=NSE/symbol=ULTRACEMCO/part-REDACTED.parquet
2026-07-27,NSE,ULTRACEMCO,part-042634_204869-005599.parquet,ctrade1-l2-data,raw_l2/trade_date=2026-07-27/exchange=NSE/symbol=ULTRACEMCO/part-REDACTED.parquet
2026-07-27,NSE,ULTRACEMCO,part-042648_815732-005631.parquet,ctrade1-l2-data,raw_l2/trade_date=2026-07-27/exchange=NSE/symbol=ULTRACEMCO/part-REDACTED.parquet
2026-07-27,NSE,ULTRACEMCO,part-042703_258687-005663.parquet,ctrade1-l2-data,raw_l2/trade_date=2026-07-27/exchange=NSE/symbol=ULTRACEMCO/part-REDACTED.parquet
2026-07-27,NSE,WIPRO,part-034505_483939-000032.parquet,ctrade1-l2-data,raw_l2/trade_date=2026-07-27/exchange=NSE/symbol=WIPRO/part-REDACTED.parquet
2026-07-27,NSE,WIPRO,part-034519_861734-000064.parquet,ctrade1-l2-data,raw_l2/trade_date=2026-07-27/exchange=NSE/symbol=WIPRO/part-REDACTED.parquet
2026-07-27,NSE,WIPRO,part-034534_238067-000096.parquet,ctrade1-l2-data,raw_l2/trade_date=2026-07-27/exchange=NSE/symbol=WIPRO/part-REDACTED.parquet
2026-07-27,NSE,WIPRO,part-034548_364089-000128.parquet,ctrade1-l2-data,raw_l2/trade_date=2026-07-27/exchange=NSE/symbol=WIPRO/part-REDACTED.parquet
2026-07-27,NSE,WIPRO,part-034602_430955-000160.parquet,ctrade1-l2-data,raw_l2/trade_date=2026-07-27/exchange=NSE/symbol=WIPRO/part-REDACTED.parquet
2026-07-27,NSE,WIPRO,part-034616_952019-000192.parquet,ctrade1-l2-data,raw_l2/trade_date=2026-07-27/exchange=NSE/symbol=WIPRO/part-REDACTED.parquet
2026-07-27,NSE,WIPRO,part-034631_218319-000224.parquet,ctrade1-l2-data,raw_l2/trade_date=2026-07-27/exchange=NSE/symbol=WIPRO/part-REDACTED.parquet
2026-07-27,NSE,WIPRO,part-034645_823891-000256.parquet,ctrade1-l2-data,raw_l2/trade_date=2026-07-27/exchange=NSE/symbol=WIPRO/part-REDACTED.parquet
2026-07-27,NSE,WIPRO,part-034659_882442-000288.parquet,ctrade1-l2-data,raw_l2/trade_date=2026-07-27/exchange=NSE/symbol=WIPRO/part-REDACTED.parquet
2026-07-27,NSE,WIPRO,part-034713_885987-000320.parquet,ctrade1-l2-data,raw_l2/trade_date=2026-07-27/exchange=NSE/symbol=WIPRO/part-REDACTED.parquet
2026-07-27,NSE,WIPRO,part-034727_913907-000352.parquet,ctrade1-l2-data,raw_l2/trade_date=2026-07-27/exchange=NSE/symbol=WIPRO/part-REDACTED.parquet
2026-07-27,NSE,WIPRO,part-034742_085487-000384.parquet,ctrade1-l2-data,raw_l2/trade_date=2026-07-27/exchange=NSE/symbol=WIPRO/part-REDACTED.parquet
2026-07-27,NSE,WIPRO,part-034756_241253-000416.parquet,ctrade1-l2-data,raw_l2/trade_date=2026-07-27/exchange=NSE/symbol=WIPRO/part-REDACTED.parquet
2026-07-27,NSE,WIPRO,part-034810_644531-000448.parquet,ctrade1-l2-data,raw_l2/trade_date=2026-07-27/exchange=NSE/symbol=WIPRO/part-REDACTED.parquet
2026-07-27,NSE,WIPRO,part-034825_110303-000480.parquet,ctrade1-l2-data,raw_l2/trade_date=2026-07-27/exchange=NSE/symbol=WIPRO/part-REDACTED.parquet
2026-07-27,NSE,WIPRO,part-034839_575661-000512.parquet,ctrade1-l2-data,raw_l2/trade_date=2026-07-27/exchange=NSE/symbol=WIPRO/part-REDACTED.parquet
2026-07-27,NSE,WIPRO,part-034854_038214-000544.parquet,ctrade1-l2-data,raw_l2/trade_date=2026-07-27/exchange=NSE/symbol=WIPRO/part-REDACTED.parquet
2026-07-27,NSE,WIPRO,part-034908_390465-000576.parquet,ctrade1-l2-data,raw_l2/trade_date=2026-07-27/exchange=NSE/symbol=WIPRO/part-REDACTED.parquet
2026-07-27,NSE,WIPRO,part-034922_671975-000608.parquet,ctrade1-l2-data,raw_l2/trade_date=2026-07-27/exchange=NSE/symbol=WIPRO/part-REDACTED.parquet
2026-07-27,NSE,WIPRO,part-034937_149954-000640.parquet,ctrade1-l2-data,raw_l2/trade_date=2026-07-27/exchange=NSE/symbol=WIPRO/part-REDACTED.parquet
2026-07-27,NSE,WIPRO,part-034951_901487-000672.parquet,ctrade1-l2-data,raw_l2/trade_date=2026-07-27/exchange=NSE/symbol=WIPRO/part-REDACTED.parquet
2026-07-27,NSE,WIPRO,part-035006_250696-000704.parquet,ctrade1-l2-data,raw_l2/trade_date=2026-07-27/exchange=NSE/symbol=WIPRO/part-REDACTED.parquet
2026-07-27,NSE,WIPRO,part-035020_339934-000736.parquet,ctrade1-l2-data,raw_l2/trade_date=2026-07-27/exchange=NSE/symbol=WIPRO/part-REDACTED.parquet
2026-07-27,NSE,WIPRO,part-035034_450778-000768.parquet,ctrade1-l2-data,raw_l2/trade_date=2026-07-27/exchange=NSE/symbol=WIPRO/part-REDACTED.parquet
2026-07-27,NSE,WIPRO,part-035048_708491-000800.parquet,ctrade1-l2-data,raw_l2/trade_date=2026-07-27/exchange=NSE/symbol=WIPRO/part-REDACTED.parquet
2026-07-27,NSE,WIPRO,part-035102_970822-000832.parquet,ctrade1-l2-data,raw_l2/trade_date=2026-07-27/exchange=NSE/symbol=WIPRO/part-REDACTED.parquet
2026-07-27,NSE,WIPRO,part-035117_459111-000864.parquet,ctrade1-l2-data,raw_l2/trade_date=2026-07-27/exchange=NSE/symbol=WIPRO/part-REDACTED.parquet
2026-07-27,NSE,WIPRO,part-035131_705859-000896.parquet,ctrade1-l2-data,raw_l2/trade_date=2026-07-27/exchange=NSE/symbol=WIPRO/part-REDACTED.parquet
2026-07-27,NSE,WIPRO,part-035145_702859-000928.parquet,ctrade1-l2-data,raw_l2/trade_date=2026-07-27/exchange=NSE/symbol=WIPRO/part-REDACTED.parquet
2026-07-27,NSE,WIPRO,part-035200_052922-000960.parquet,ctrade1-l2-data,raw_l2/trade_date=2026-07-27/exchange=NSE/symbol=WIPRO/part-REDACTED.parquet
2026-07-27,NSE,WIPRO,part-035214_317656-000992.parquet,ctrade1-l2-data,raw_l2/trade_date=2026-07-27/exchange=NSE/symbol=WIPRO/part-REDACTED.parquet
2026-07-27,NSE,WIPRO,part-035228_487340-001024.parquet,ctrade1-l2-data,raw_l2/trade_date=2026-07-27/exchange=NSE/symbol=WIPRO/part-REDACTED.parquet
2026-07-27,NSE,WIPRO,part-035242_712177-001056.parquet,ctrade1-l2-data,raw_l2/trade_date=2026-07-27/exchange=NSE/symbol=WIPRO/part-REDACTED.parquet
2026-07-27,NSE,WIPRO,part-035257_080287-001088.parquet,ctrade1-l2-data,raw_l2/trade_date=2026-07-27/exchange=NSE/symbol=WIPRO/part-REDACTED.parquet
2026-07-27,NSE,WIPRO,part-035311_360819-001120.parquet,ctrade1-l2-data,raw_l2/trade_date=2026-07-27/exchange=NSE/symbol=WIPRO/part-REDACTED.parquet
2026-07-27,NSE,WIPRO,part-035325_699394-001152.parquet,ctrade1-l2-data,raw_l2/trade_date=2026-07-27/exchange=NSE/symbol=WIPRO/part-REDACTED.parquet
2026-07-27,NSE,WIPRO,part-035340_113721-001184.parquet,ctrade1-l2-data,raw_l2/trade_date=2026-07-27/exchange=NSE/symbol=WIPRO/part-REDACTED.parquet
2026-07-27,NSE,WIPRO,part-035354_563129-001216.parquet,ctrade1-l2-data,raw_l2/trade_date=2026-07-27/exchange=NSE/symbol=WIPRO/part-REDACTED.parquet
2026-07-27,NSE,WIPRO,part-035408_718287-001248.parquet,ctrade1-l2-data,raw_l2/trade_date=2026-07-27/exchange=NSE/symbol=WIPRO/part-REDACTED.parquet
2026-07-27,NSE,WIPRO,part-035422_878178-001280.parquet,ctrade1-l2-data,raw_l2/trade_date=2026-07-27/exchange=NSE/symbol=WIPRO/part-REDACTED.parquet
2026-07-27,NSE,WIPRO,part-035437_106461-001312.parquet,ctrade1-l2-data,raw_l2/trade_date=2026-07-27/exchange=NSE/symbol=WIPRO/part-REDACTED.parquet
2026-07-27,NSE,WIPRO,part-035452_265965-001344.parquet,ctrade1-l2-data,raw_l2/trade_date=2026-07-27/exchange=NSE/symbol=WIPRO/part-REDACTED.parquet
2026-07-27,NSE,WIPRO,part-035506_428245-001376.parquet,ctrade1-l2-data,raw_l2/trade_date=2026-07-27/exchange=NSE/symbol=WIPRO/part-REDACTED.parquet
2026-07-27,NSE,WIPRO,part-035521_086310-001408.parquet,ctrade1-l2-data,raw_l2/trade_date=2026-07-27/exchange=NSE/symbol=WIPRO/part-REDACTED.parquet
2026-07-27,NSE,WIPRO,part-035535_197383-001440.parquet,ctrade1-l2-data,raw_l2/trade_date=2026-07-27/exchange=NSE/symbol=WIPRO/part-REDACTED.parquet
2026-07-27,NSE,WIPRO,part-035549_620118-001472.parquet,ctrade1-l2-data,raw_l2/trade_date=2026-07-27/exchange=NSE/symbol=WIPRO/part-REDACTED.parquet
2026-07-27,NSE,WIPRO,part-035604_306542-001504.parquet,ctrade1-l2-data,raw_l2/trade_date=2026-07-27/exchange=NSE/symbol=WIPRO/part-REDACTED.parquet
2026-07-27,NSE,WIPRO,part-035618_770963-001536.parquet,ctrade1-l2-data,raw_l2/trade_date=2026-07-27/exchange=NSE/symbol=WIPRO/part-REDACTED.parquet
2026-07-27,NSE,WIPRO,part-035633_366782-001568.parquet,ctrade1-l2-data,raw_l2/trade_date=2026-07-27/exchange=NSE/symbol=WIPRO/part-REDACTED.parquet
2026-07-27,NSE,WIPRO,part-035647_491803-001600.parquet,ctrade1-l2-data,raw_l2/trade_date=2026-07-27/exchange=NSE/symbol=WIPRO/part-REDACTED.parquet
2026-07-27,NSE,WIPRO,part-035701_822144-001632.parquet,ctrade1-l2-data,raw_l2/trade_date=2026-07-27/exchange=NSE/symbol=WIPRO/part-REDACTED.parquet
2026-07-27,NSE,WIPRO,part-035715_967081-001664.parquet,ctrade1-l2-data,raw_l2/trade_date=2026-07-27/exchange=NSE/symbol=WIPRO/part-REDACTED.parquet
2026-07-27,NSE,WIPRO,part-035730_513108-001696.parquet,ctrade1-l2-data,raw_l2/trade_date=2026-07-27/exchange=NSE/symbol=WIPRO/part-REDACTED.parquet
2026-07-27,NSE,WIPRO,part-035744_818640-001728.parquet,ctrade1-l2-data,raw_l2/trade_date=2026-07-27/exchange=NSE/symbol=WIPRO/part-REDACTED.parquet
2026-07-27,NSE,WIPRO,part-035758_981099-001760.parquet,ctrade1-l2-data,raw_l2/trade_date=2026-07-27/exchange=NSE/symbol=WIPRO/part-REDACTED.parquet
2026-07-27,NSE,WIPRO,part-035813_502907-001792.parquet,ctrade1-l2-data,raw_l2/trade_date=2026-07-27/exchange=NSE/symbol=WIPRO/part-REDACTED.parquet
2026-07-27,NSE,WIPRO,part-035827_746438-001824.parquet,ctrade1-l2-data,raw_l2/trade_date=2026-07-27/exchange=NSE/symbol=WIPRO/part-REDACTED.parquet
2026-07-27,NSE,WIPRO,part-035842_272722-001856.parquet,ctrade1-l2-data,raw_l2/trade_date=2026-07-27/exchange=NSE/symbol=WIPRO/part-REDACTED.parquet
2026-07-27,NSE,WIPRO,part-035856_634699-001888.parquet,ctrade1-l2-data,raw_l2/trade_date=2026-07-27/exchange=NSE/symbol=WIPRO/part-REDACTED.parquet
2026-07-27,NSE,WIPRO,part-035910_952458-001920.parquet,ctrade1-l2-data,raw_l2/trade_date=2026-07-27/exchange=NSE/symbol=WIPRO/part-REDACTED.parquet
2026-07-27,NSE,WIPRO,part-035925_456792-001952.parquet,ctrade1-l2-data,raw_l2/trade_date=2026-07-27/exchange=NSE/symbol=WIPRO/part-REDACTED.parquet
2026-07-27,NSE,WIPRO,part-035939_734917-001984.parquet,ctrade1-l2-data,raw_l2/trade_date=2026-07-27/exchange=NSE/symbol=WIPRO/part-REDACTED.parquet
2026-07-27,NSE,WIPRO,part-035953_899694-002016.parquet,ctrade1-l2-data,raw_l2/trade_date=2026-07-27/exchange=NSE/symbol=WIPRO/part-REDACTED.parquet
2026-07-27,NSE,WIPRO,part-040008_648021-002048.parquet,ctrade1-l2-data,raw_l2/trade_date=2026-07-27/exchange=NSE/symbol=WIPRO/part-REDACTED.parquet
2026-07-27,NSE,WIPRO,part-040022_956649-002080.parquet,ctrade1-l2-data,raw_l2/trade_date=2026-07-27/exchange=NSE/symbol=WIPRO/part-REDACTED.parquet
2026-07-27,NSE,WIPRO,part-040037_301223-002112.parquet,ctrade1-l2-data,raw_l2/trade_date=2026-07-27/exchange=NSE/symbol=WIPRO/part-REDACTED.parquet
2026-07-27,NSE,WIPRO,part-040051_762560-002144.parquet,ctrade1-l2-data,raw_l2/trade_date=2026-07-27/exchange=NSE/symbol=WIPRO/part-REDACTED.parquet
2026-07-27,NSE,WIPRO,part-040106_319312-002176.parquet,ctrade1-l2-data,raw_l2/trade_date=2026-07-27/exchange=NSE/symbol=WIPRO/part-REDACTED.parquet
2026-07-27,NSE,WIPRO,part-040120_614133-002208.parquet,ctrade1-l2-data,raw_l2/trade_date=2026-07-27/exchange=NSE/symbol=WIPRO/part-REDACTED.parquet
2026-07-27,NSE,WIPRO,part-040134_897618-002240.parquet,ctrade1-l2-data,raw_l2/trade_date=2026-07-27/exchange=NSE/symbol=WIPRO/part-REDACTED.parquet
2026-07-27,NSE,WIPRO,part-040149_488998-002272.parquet,ctrade1-l2-data,raw_l2/trade_date=2026-07-27/exchange=NSE/symbol=WIPRO/part-REDACTED.parquet
2026-07-27,NSE,WIPRO,part-040203_890641-002304.parquet,ctrade1-l2-data,raw_l2/trade_date=2026-07-27/exchange=NSE/symbol=WIPRO/part-REDACTED.parquet
2026-07-27,NSE,WIPRO,part-040218_404565-002336.parquet,ctrade1-l2-data,raw_l2/trade_date=2026-07-27/exchange=NSE/symbol=WIPRO/part-REDACTED.parquet
2026-07-27,NSE,WIPRO,part-040233_319567-002368.parquet,ctrade1-l2-data,raw_l2/trade_date=2026-07-27/exchange=NSE/symbol=WIPRO/part-REDACTED.parquet
2026-07-27,NSE,WIPRO,part-040247_841292-002400.parquet,ctrade1-l2-data,raw_l2/trade_date=2026-07-27/exchange=NSE/symbol=WIPRO/part-REDACTED.parquet
2026-07-27,NSE,WIPRO,part-040302_446226-002432.parquet,ctrade1-l2-data,raw_l2/trade_date=2026-07-27/exchange=NSE/symbol=WIPRO/part-REDACTED.parquet
2026-07-27,NSE,WIPRO,part-040316_716441-002464.parquet,ctrade1-l2-data,raw_l2/trade_date=2026-07-27/exchange=NSE/symbol=WIPRO/part-REDACTED.parquet
2026-07-27,NSE,WIPRO,part-040331_171922-002496.parquet,ctrade1-l2-data,raw_l2/trade_date=2026-07-27/exchange=NSE/symbol=WIPRO/part-REDACTED.parquet
2026-07-27,NSE,WIPRO,part-040345_577554-002528.parquet,ctrade1-l2-data,raw_l2/trade_date=2026-07-27/exchange=NSE/symbol=WIPRO/part-REDACTED.parquet
2026-07-27,NSE,WIPRO,part-040400_320689-002560.parquet,ctrade1-l2-data,raw_l2/trade_date=2026-07-27/exchange=NSE/symbol=WIPRO/part-REDACTED.parquet
2026-07-27,NSE,WIPRO,part-040414_879367-002592.parquet,ctrade1-l2-data,raw_l2/trade_date=2026-07-27/exchange=NSE/symbol=WIPRO/part-REDACTED.parquet
2026-07-27,NSE,WIPRO,part-040429_021374-002624.parquet,ctrade1-l2-data,raw_l2/trade_date=2026-07-27/exchange=NSE/symbol=WIPRO/part-REDACTED.parquet
2026-07-27,NSE,WIPRO,part-040443_414849-002656.parquet,ctrade1-l2-data,raw_l2/trade_date=2026-07-27/exchange=NSE/symbol=WIPRO/part-REDACTED.parquet
2026-07-27,NSE,WIPRO,part-040457_733450-002688.parquet,ctrade1-l2-data,raw_l2/trade_date=2026-07-27/exchange=NSE/symbol=WIPRO/part-REDACTED.parquet
2026-07-27,NSE,WIPRO,part-040512_171785-002720.parquet,ctrade1-l2-data,raw_l2/trade_date=2026-07-27/exchange=NSE/symbol=WIPRO/part-REDACTED.parquet
2026-07-27,NSE,WIPRO,part-040526_170409-002752.parquet,ctrade1-l2-data,raw_l2/trade_date=2026-07-27/exchange=NSE/symbol=WIPRO/part-REDACTED.parquet
2026-07-27,NSE,WIPRO,part-040540_299160-002784.parquet,ctrade1-l2-data,raw_l2/trade_date=2026-07-27/exchange=NSE/symbol=WIPRO/part-REDACTED.parquet
2026-07-27,NSE,WIPRO,part-040554_398209-002816.parquet,ctrade1-l2-data,raw_l2/trade_date=2026-07-27/exchange=NSE/symbol=WIPRO/part-REDACTED.parquet
2026-07-27,NSE,WIPRO,part-040608_499251-002848.parquet,ctrade1-l2-data,raw_l2/trade_date=2026-07-27/exchange=NSE/symbol=WIPRO/part-REDACTED.parquet
2026-07-27,NSE,WIPRO,part-040622_485776-002880.parquet,ctrade1-l2-data,raw_l2/trade_date=2026-07-27/exchange=NSE/symbol=WIPRO/part-REDACTED.parquet
2026-07-27,NSE,WIPRO,part-040636_475675-002912.parquet,ctrade1-l2-data,raw_l2/trade_date=2026-07-27/exchange=NSE/symbol=WIPRO/part-REDACTED.parquet
2026-07-27,NSE,WIPRO,part-040650_581903-002944.parquet,ctrade1-l2-data,raw_l2/trade_date=2026-07-27/exchange=NSE/symbol=WIPRO/part-REDACTED.parquet
2026-07-27,NSE,WIPRO,part-040704_575961-002976.parquet,ctrade1-l2-data,raw_l2/trade_date=2026-07-27/exchange=NSE/symbol=WIPRO/part-REDACTED.parquet
2026-07-27,NSE,WIPRO,part-040718_970966-003008.parquet,ctrade1-l2-data,raw_l2/trade_date=2026-07-27/exchange=NSE/symbol=WIPRO/part-REDACTED.parquet
2026-07-27,NSE,WIPRO,part-040733_180914-003040.parquet,ctrade1-l2-data,raw_l2/trade_date=2026-07-27/exchange=NSE/symbol=WIPRO/part-REDACTED.parquet
2026-07-27,NSE,WIPRO,part-040747_183182-003072.parquet,ctrade1-l2-data,raw_l2/trade_date=2026-07-27/exchange=NSE/symbol=WIPRO/part-REDACTED.parquet
2026-07-27,NSE,WIPRO,part-040802_012409-003104.parquet,ctrade1-l2-data,raw_l2/trade_date=2026-07-27/exchange=NSE/symbol=WIPRO/part-REDACTED.parquet
2026-07-27,NSE,WIPRO,part-040816_286469-003136.parquet,ctrade1-l2-data,raw_l2/trade_date=2026-07-27/exchange=NSE/symbol=WIPRO/part-REDACTED.parquet
2026-07-27,NSE,WIPRO,part-040830_406731-003168.parquet,ctrade1-l2-data,raw_l2/trade_date=2026-07-27/exchange=NSE/symbol=WIPRO/part-REDACTED.parquet
2026-07-27,NSE,WIPRO,part-040844_657167-003200.parquet,ctrade1-l2-data,raw_l2/trade_date=2026-07-27/exchange=NSE/symbol=WIPRO/part-REDACTED.parquet
2026-07-27,NSE,WIPRO,part-040858_899438-003232.parquet,ctrade1-l2-data,raw_l2/trade_date=2026-07-27/exchange=NSE/symbol=WIPRO/part-REDACTED.parquet
2026-07-27,NSE,WIPRO,part-040913_082846-003264.parquet,ctrade1-l2-data,raw_l2/trade_date=2026-07-27/exchange=NSE/symbol=WIPRO/part-REDACTED.parquet
2026-07-27,NSE,WIPRO,part-040927_346627-003296.parquet,ctrade1-l2-data,raw_l2/trade_date=2026-07-27/exchange=NSE/symbol=WIPRO/part-REDACTED.parquet
2026-07-27,NSE,WIPRO,part-040941_560717-003328.parquet,ctrade1-l2-data,raw_l2/trade_date=2026-07-27/exchange=NSE/symbol=WIPRO/part-REDACTED.parquet
2026-07-27,NSE,WIPRO,part-040955_790232-003360.parquet,ctrade1-l2-data,raw_l2/trade_date=2026-07-27/exchange=NSE/symbol=WIPRO/part-REDACTED.parquet
2026-07-27,NSE,WIPRO,part-041009_974343-003392.parquet,ctrade1-l2-data,raw_l2/trade_date=2026-07-27/exchange=NSE/symbol=WIPRO/part-REDACTED.parquet
2026-07-27,NSE,WIPRO,part-041024_261209-003424.parquet,ctrade1-l2-data,raw_l2/trade_date=2026-07-27/exchange=NSE/symbol=WIPRO/part-REDACTED.parquet
2026-07-27,NSE,WIPRO,part-041038_683682-003456.parquet,ctrade1-l2-data,raw_l2/trade_date=2026-07-27/exchange=NSE/symbol=WIPRO/part-REDACTED.parquet
2026-07-27,NSE,WIPRO,part-041052_792463-003488.parquet,ctrade1-l2-data,raw_l2/trade_date=2026-07-27/exchange=NSE/symbol=WIPRO/part-REDACTED.parquet
2026-07-27,NSE,WIPRO,part-041107_155503-003520.parquet,ctrade1-l2-data,raw_l2/trade_date=2026-07-27/exchange=NSE/symbol=WIPRO/part-REDACTED.parquet
2026-07-27,NSE,WIPRO,part-041121_324238-003552.parquet,ctrade1-l2-data,raw_l2/trade_date=2026-07-27/exchange=NSE/symbol=WIPRO/part-REDACTED.parquet
2026-07-27,NSE,WIPRO,part-041135_570833-003584.parquet,ctrade1-l2-data,raw_l2/trade_date=2026-07-27/exchange=NSE/symbol=WIPRO/part-REDACTED.parquet
2026-07-27,NSE,WIPRO,part-041149_777674-003616.parquet,ctrade1-l2-data,raw_l2/trade_date=2026-07-27/exchange=NSE/symbol=WIPRO/part-REDACTED.parquet
2026-07-27,NSE,WIPRO,part-041203_718664-003648.parquet,ctrade1-l2-data,raw_l2/trade_date=2026-07-27/exchange=NSE/symbol=WIPRO/part-REDACTED.parquet
2026-07-27,NSE,WIPRO,part-041217_722493-003680.parquet,ctrade1-l2-data,raw_l2/trade_date=2026-07-27/exchange=NSE/symbol=WIPRO/part-REDACTED.parquet
2026-07-27,NSE,WIPRO,part-041232_882638-003712.parquet,ctrade1-l2-data,raw_l2/trade_date=2026-07-27/exchange=NSE/symbol=WIPRO/part-REDACTED.parquet
2026-07-27,NSE,WIPRO,part-041246_912653-003744.parquet,ctrade1-l2-data,raw_l2/trade_date=2026-07-27/exchange=NSE/symbol=WIPRO/part-REDACTED.parquet
2026-07-27,NSE,WIPRO,part-041300_931563-003776.parquet,ctrade1-l2-data,raw_l2/trade_date=2026-07-27/exchange=NSE/symbol=WIPRO/part-REDACTED.parquet
2026-07-27,NSE,WIPRO,part-041315_525367-003808.parquet,ctrade1-l2-data,raw_l2/trade_date=2026-07-27/exchange=NSE/symbol=WIPRO/part-REDACTED.parquet
2026-07-27,NSE,WIPRO,part-041329_514140-003840.parquet,ctrade1-l2-data,raw_l2/trade_date=2026-07-27/exchange=NSE/symbol=WIPRO/part-REDACTED.parquet
2026-07-27,NSE,WIPRO,part-041343_534371-003872.parquet,ctrade1-l2-data,raw_l2/trade_date=2026-07-27/exchange=NSE/symbol=WIPRO/part-REDACTED.parquet
2026-07-27,NSE,WIPRO,part-041357_540677-003904.parquet,ctrade1-l2-data,raw_l2/trade_date=2026-07-27/exchange=NSE/symbol=WIPRO/part-REDACTED.parquet
2026-07-27,NSE,WIPRO,part-041411_624082-003936.parquet,ctrade1-l2-data,raw_l2/trade_date=2026-07-27/exchange=NSE/symbol=WIPRO/part-REDACTED.parquet
2026-07-27,NSE,WIPRO,part-041425_540928-003968.parquet,ctrade1-l2-data,raw_l2/trade_date=2026-07-27/exchange=NSE/symbol=WIPRO/part-REDACTED.parquet
2026-07-27,NSE,WIPRO,part-041439_495360-004000.parquet,ctrade1-l2-data,raw_l2/trade_date=2026-07-27/exchange=NSE/symbol=WIPRO/part-REDACTED.parquet
2026-07-27,NSE,WIPRO,part-041453_512274-004032.parquet,ctrade1-l2-data,raw_l2/trade_date=2026-07-27/exchange=NSE/symbol=WIPRO/part-REDACTED.parquet
2026-07-27,NSE,WIPRO,part-041507_632475-004064.parquet,ctrade1-l2-data,raw_l2/trade_date=2026-07-27/exchange=NSE/symbol=WIPRO/part-REDACTED.parquet
2026-07-27,NSE,WIPRO,part-041521_525718-004096.parquet,ctrade1-l2-data,raw_l2/trade_date=2026-07-27/exchange=NSE/symbol=WIPRO/part-REDACTED.parquet
2026-07-27,NSE,WIPRO,part-041536_082360-004128.parquet,ctrade1-l2-data,raw_l2/trade_date=2026-07-27/exchange=NSE/symbol=WIPRO/part-REDACTED.parquet
2026-07-27,NSE,WIPRO,part-041550_195952-004160.parquet,ctrade1-l2-data,raw_l2/trade_date=2026-07-27/exchange=NSE/symbol=WIPRO/part-REDACTED.parquet
2026-07-27,NSE,WIPRO,part-041604_445056-004192.parquet,ctrade1-l2-data,raw_l2/trade_date=2026-07-27/exchange=NSE/symbol=WIPRO/part-REDACTED.parquet
2026-07-27,NSE,WIPRO,part-041618_505786-004224.parquet,ctrade1-l2-data,raw_l2/trade_date=2026-07-27/exchange=NSE/symbol=WIPRO/part-REDACTED.parquet
2026-07-27,NSE,WIPRO,part-041635_154427-004256.parquet,ctrade1-l2-data,raw_l2/trade_date=2026-07-27/exchange=NSE/symbol=WIPRO/part-REDACTED.parquet
2026-07-27,NSE,WIPRO,part-041649_309350-004288.parquet,ctrade1-l2-data,raw_l2/trade_date=2026-07-27/exchange=NSE/symbol=WIPRO/part-REDACTED.parquet
2026-07-27,NSE,WIPRO,part-041703_245113-004320.parquet,ctrade1-l2-data,raw_l2/trade_date=2026-07-27/exchange=NSE/symbol=WIPRO/part-REDACTED.parquet
2026-07-27,NSE,WIPRO,part-041717_512018-004352.parquet,ctrade1-l2-data,raw_l2/trade_date=2026-07-27/exchange=NSE/symbol=WIPRO/part-REDACTED.parquet
2026-07-27,NSE,WIPRO,part-041731_909778-004384.parquet,ctrade1-l2-data,raw_l2/trade_date=2026-07-27/exchange=NSE/symbol=WIPRO/part-REDACTED.parquet
2026-07-27,NSE,WIPRO,part-041746_238919-004416.parquet,ctrade1-l2-data,raw_l2/trade_date=2026-07-27/exchange=NSE/symbol=WIPRO/part-REDACTED.parquet
2026-07-27,NSE,WIPRO,part-041800_657752-004448.parquet,ctrade1-l2-data,raw_l2/trade_date=2026-07-27/exchange=NSE/symbol=WIPRO/part-REDACTED.parquet
2026-07-27,NSE,WIPRO,part-041814_859387-004480.parquet,ctrade1-l2-data,raw_l2/trade_date=2026-07-27/exchange=NSE/symbol=WIPRO/part-REDACTED.parquet
2026-07-27,NSE,WIPRO,part-041828_938251-004512.parquet,ctrade1-l2-data,raw_l2/trade_date=2026-07-27/exchange=NSE/symbol=WIPRO/part-REDACTED.parquet
2026-07-27,NSE,WIPRO,part-041843_037864-004544.parquet,ctrade1-l2-data,raw_l2/trade_date=2026-07-27/exchange=NSE/symbol=WIPRO/part-REDACTED.parquet
2026-07-27,NSE,WIPRO,part-041857_019488-004576.parquet,ctrade1-l2-data,raw_l2/trade_date=2026-07-27/exchange=NSE/symbol=WIPRO/part-REDACTED.parquet
2026-07-27,NSE,WIPRO,part-041911_062332-004608.parquet,ctrade1-l2-data,raw_l2/trade_date=2026-07-27/exchange=NSE/symbol=WIPRO/part-REDACTED.parquet
2026-07-27,NSE,WIPRO,part-041925_022189-004640.parquet,ctrade1-l2-data,raw_l2/trade_date=2026-07-27/exchange=NSE/symbol=WIPRO/part-REDACTED.parquet
2026-07-27,NSE,WIPRO,part-041939_048946-004672.parquet,ctrade1-l2-data,raw_l2/trade_date=2026-07-27/exchange=NSE/symbol=WIPRO/part-REDACTED.parquet
2026-07-27,NSE,WIPRO,part-041953_006935-004704.parquet,ctrade1-l2-data,raw_l2/trade_date=2026-07-27/exchange=NSE/symbol=WIPRO/part-REDACTED.parquet
2026-07-27,NSE,WIPRO,part-042007_296920-004736.parquet,ctrade1-l2-data,raw_l2/trade_date=2026-07-27/exchange=NSE/symbol=WIPRO/part-REDACTED.parquet
2026-07-27,NSE,WIPRO,part-042021_415546-004768.parquet,ctrade1-l2-data,raw_l2/trade_date=2026-07-27/exchange=NSE/symbol=WIPRO/part-REDACTED.parquet
2026-07-27,NSE,WIPRO,part-042035_619582-004800.parquet,ctrade1-l2-data,raw_l2/trade_date=2026-07-27/exchange=NSE/symbol=WIPRO/part-REDACTED.parquet
2026-07-27,NSE,WIPRO,part-042049_563547-004832.parquet,ctrade1-l2-data,raw_l2/trade_date=2026-07-27/exchange=NSE/symbol=WIPRO/part-REDACTED.parquet
2026-07-27,NSE,WIPRO,part-042103_634884-004864.parquet,ctrade1-l2-data,raw_l2/trade_date=2026-07-27/exchange=NSE/symbol=WIPRO/part-REDACTED.parquet
2026-07-27,NSE,WIPRO,part-042117_966206-004896.parquet,ctrade1-l2-data,raw_l2/trade_date=2026-07-27/exchange=NSE/symbol=WIPRO/part-REDACTED.parquet
2026-07-27,NSE,WIPRO,part-042132_238155-004928.parquet,ctrade1-l2-data,raw_l2/trade_date=2026-07-27/exchange=NSE/symbol=WIPRO/part-REDACTED.parquet
2026-07-27,NSE,WIPRO,part-042146_424292-004960.parquet,ctrade1-l2-data,raw_l2/trade_date=2026-07-27/exchange=NSE/symbol=WIPRO/part-REDACTED.parquet
2026-07-27,NSE,WIPRO,part-042200_941619-004992.parquet,ctrade1-l2-data,raw_l2/trade_date=2026-07-27/exchange=NSE/symbol=WIPRO/part-REDACTED.parquet
2026-07-27,NSE,WIPRO,part-042215_427869-005024.parquet,ctrade1-l2-data,raw_l2/trade_date=2026-07-27/exchange=NSE/symbol=WIPRO/part-REDACTED.parquet
2026-07-27,NSE,WIPRO,part-042229_728506-005056.parquet,ctrade1-l2-data,raw_l2/trade_date=2026-07-27/exchange=NSE/symbol=WIPRO/part-REDACTED.parquet
2026-07-27,NSE,WIPRO,part-042244_080813-005088.parquet,ctrade1-l2-data,raw_l2/trade_date=2026-07-27/exchange=NSE/symbol=WIPRO/part-REDACTED.parquet
2026-07-27,NSE,WIPRO,part-042258_408524-005120.parquet,ctrade1-l2-data,raw_l2/trade_date=2026-07-27/exchange=NSE/symbol=WIPRO/part-REDACTED.parquet
2026-07-27,NSE,WIPRO,part-042312_794842-005152.parquet,ctrade1-l2-data,raw_l2/trade_date=2026-07-27/exchange=NSE/symbol=WIPRO/part-REDACTED.parquet
2026-07-27,NSE,WIPRO,part-042327_092861-005184.parquet,ctrade1-l2-data,raw_l2/trade_date=2026-07-27/exchange=NSE/symbol=WIPRO/part-REDACTED.parquet
2026-07-27,NSE,WIPRO,part-042341_508907-005216.parquet,ctrade1-l2-data,raw_l2/trade_date=2026-07-27/exchange=NSE/symbol=WIPRO/part-REDACTED.parquet
2026-07-27,NSE,WIPRO,part-042355_932368-005248.parquet,ctrade1-l2-data,raw_l2/trade_date=2026-07-27/exchange=NSE/symbol=WIPRO/part-REDACTED.parquet
2026-07-27,NSE,WIPRO,part-042410_462210-005280.parquet,ctrade1-l2-data,raw_l2/trade_date=2026-07-27/exchange=NSE/symbol=WIPRO/part-REDACTED.parquet
2026-07-27,NSE,WIPRO,part-042424_828118-005312.parquet,ctrade1-l2-data,raw_l2/trade_date=2026-07-27/exchange=NSE/symbol=WIPRO/part-REDACTED.parquet
2026-07-27,NSE,WIPRO,part-042439_331753-005344.parquet,ctrade1-l2-data,raw_l2/trade_date=2026-07-27/exchange=NSE/symbol=WIPRO/part-REDACTED.parquet
2026-07-27,NSE,WIPRO,part-042453_569287-005376.parquet,ctrade1-l2-data,raw_l2/trade_date=2026-07-27/exchange=NSE/symbol=WIPRO/part-REDACTED.parquet
2026-07-27,NSE,WIPRO,part-042507_727136-005408.parquet,ctrade1-l2-data,raw_l2/trade_date=2026-07-27/exchange=NSE/symbol=WIPRO/part-REDACTED.parquet
2026-07-27,NSE,WIPRO,part-042521_963419-005440.parquet,ctrade1-l2-data,raw_l2/trade_date=2026-07-27/exchange=NSE/symbol=WIPRO/part-REDACTED.parquet
2026-07-27,NSE,WIPRO,part-042536_603122-005472.parquet,ctrade1-l2-data,raw_l2/trade_date=2026-07-27/exchange=NSE/symbol=WIPRO/part-REDACTED.parquet
2026-07-27,NSE,WIPRO,part-042550_905562-005504.parquet,ctrade1-l2-data,raw_l2/trade_date=2026-07-27/exchange=NSE/symbol=WIPRO/part-REDACTED.parquet
2026-07-27,NSE,WIPRO,part-042605_639953-005536.parquet,ctrade1-l2-data,raw_l2/trade_date=2026-07-27/exchange=NSE/symbol=WIPRO/part-REDACTED.parquet
2026-07-27,NSE,WIPRO,part-042620_092414-005568.parquet,ctrade1-l2-data,raw_l2/trade_date=2026-07-27/exchange=NSE/symbol=WIPRO/part-REDACTED.parquet
2026-07-27,NSE,WIPRO,part-042634_329190-005600.parquet,ctrade1-l2-data,raw_l2/trade_date=2026-07-27/exchange=NSE/symbol=WIPRO/part-REDACTED.parquet
2026-07-27,NSE,WIPRO,part-042648_968237-005632.parquet,ctrade1-l2-data,raw_l2/trade_date=2026-07-27/exchange=NSE/symbol=WIPRO/part-REDACTED.parquet
2026-07-27,NSE,WIPRO,part-042703_396776-005664.parquet,ctrade1-l2-data,raw_l2/trade_date=2026-07-27/exchange=NSE/symbol=WIPRO/part-REDACTED.parquet
