scenario_id,scope_id,scope_candidate_id,initial_capital_inr,fixed_notional_inr,max_concurrent_positions,cost_profile,cost_multiplier,extra_slippage_bps,input_event_rows,scheduled_event_rows,rejected_event_rows,rejected_same_symbol_overlap_rows,rejected_max_concurrent_rows,rejected_insufficient_cash_rows,candidate_rows,scheduled_candidate_rows,symbols,scheduled_symbols,observed_trade_dates,realized_net_pnl_inr,portfolio_return_pct,mechanical_one_date_annualized_portfolio_return_pct,annualized_return_is_robust_portfolio_claim,annualized_above_12pct_research_diagnostic,scheduled_notional_inr,notional_turnover_x_initial_capital,avg_open_notional_utilization,max_drawdown_inr,portfolio_claim_allowed,strategy_replay_allowed,promotion_allowed,paper_or_live_acceptance_allowed,deployable_profitability_claim_allowed,phase277_variant_id,redesign_family,feature_rule,threshold_quantile,threshold_value,uses_top5,uses_levels_2_to_5,l1_only_variant,selected_event_rows,cost200_above12_diagnostic
P271_P277_BASE_ALL_COST200_EVENTS_CAP100000_NOT50000_CONC1_COST200,P277_BASE_ALL_COST200_EVENTS,P268_P268_BID_ABSORPTION_BREADTH_REPAIR_H10_IQ0p9_SQ0p75_SPCOMPRESSION;P268_P268_BID_ABSORPTION_BREADTH_REPAIR_H10_IQ0p9_SQ0p75_SPHIGH,100000.0,50000.0,1,cost200,2.0,0.0,1280,2,1278,76,1202,0,2,1,7,2,8,-223.17091811189684,-0.22317091811189685,-7.0298839205247505,1,0,100000.0,1.0,0.49921875,-223.17091811189684,0,0,0,0,0,P277_BASE_ALL_COST200_EVENTS,baseline,all cost200 anchor events,,,1,1,0,1280,0
P271_P277_BASE_ALL_COST200_EVENTS_CAP100000_NOT50000_CONC2_COST200,P277_BASE_ALL_COST200_EVENTS,P268_P268_BID_ABSORPTION_BREADTH_REPAIR_H10_IQ0p9_SQ0p75_SPCOMPRESSION;P268_P268_BID_ABSORPTION_BREADTH_REPAIR_H10_IQ0p9_SQ0p75_SPHIGH,100000.0,50000.0,2,cost200,2.0,0.0,1280,4,1276,104,1172,0,2,1,7,2,8,-88.20640748517748,-0.08820640748517747,-2.77850183578309,1,0,200000.0,2.0,0.98828125,-223.64823094152825,0,0,0,0,0,P277_BASE_ALL_COST200_EVENTS,baseline,all cost200 anchor events,,,1,1,0,1280,0
P271_P277_BASE_ALL_COST200_EVENTS_CAP100000_NOT75000_CONC1_COST200,P277_BASE_ALL_COST200_EVENTS,P268_P268_BID_ABSORPTION_BREADTH_REPAIR_H10_IQ0p9_SQ0p75_SPCOMPRESSION;P268_P268_BID_ABSORPTION_BREADTH_REPAIR_H10_IQ0p9_SQ0p75_SPHIGH,100000.0,75000.0,1,cost200,2.0,0.0,1280,2,1278,76,1202,0,2,1,7,2,8,-334.75637716784524,-0.33475637716784523,-10.544825880787124,1,0,150000.0,1.5,0.748828125,-334.75637716784524,0,0,0,0,0,P277_BASE_ALL_COST200_EVENTS,baseline,all cost200 anchor events,,,1,1,0,1280,0
P271_P277_BASE_ALL_COST200_EVENTS_CAP100000_NOT75000_CONC2_COST200,P277_BASE_ALL_COST200_EVENTS,P268_P268_BID_ABSORPTION_BREADTH_REPAIR_H10_IQ0p9_SQ0p75_SPCOMPRESSION;P268_P268_BID_ABSORPTION_BREADTH_REPAIR_H10_IQ0p9_SQ0p75_SPHIGH,100000.0,75000.0,2,cost200,2.0,0.0,1280,4,1276,104,1172,0,2,1,7,2,8,-88.20640748517748,-0.08820640748517747,-2.77850183578309,1,0,200000.0,2.0,0.98828125,-223.64823094152825,0,0,0,0,0,P277_BASE_ALL_COST200_EVENTS,baseline,all cost200 anchor events,,,1,1,0,1280,0
P271_P277_BASE_ALL_COST200_EVENTS_CAP100000_NOT100000_CONC1_COST200,P277_BASE_ALL_COST200_EVENTS,P268_P268_BID_ABSORPTION_BREADTH_REPAIR_H10_IQ0p9_SQ0p75_SPCOMPRESSION;P268_P268_BID_ABSORPTION_BREADTH_REPAIR_H10_IQ0p9_SQ0p75_SPHIGH,100000.0,100000.0,1,cost200,2.0,0.0,1280,2,1278,76,1202,0,2,1,7,2,8,-446.3418362237937,-0.4463418362237937,-14.059767841049501,1,0,200000.0,2.0,0.9984375,-446.3418362237937,0,0,0,0,0,P277_BASE_ALL_COST200_EVENTS,baseline,all cost200 anchor events,,,1,1,0,1280,0
P271_P277_BASE_ALL_COST200_EVENTS_CAP100000_NOT100000_CONC2_COST200,P277_BASE_ALL_COST200_EVENTS,P268_P268_BID_ABSORPTION_BREADTH_REPAIR_H10_IQ0p9_SQ0p75_SPCOMPRESSION;P268_P268_BID_ABSORPTION_BREADTH_REPAIR_H10_IQ0p9_SQ0p75_SPHIGH,100000.0,100000.0,2,cost200,2.0,0.0,1280,4,1276,104,1172,0,2,1,7,2,8,-88.20640748517748,-0.08820640748517747,-2.77850183578309,1,0,200000.0,2.0,0.98828125,-223.64823094152825,0,0,0,0,0,P277_BASE_ALL_COST200_EVENTS,baseline,all cost200 anchor events,,,1,1,0,1280,0
P271_P277_TOP5_IMBALANCE_GE_Q50_CAP100000_NOT50000_CONC1_COST200,P277_TOP5_IMBALANCE_GE_Q50,P268_P268_BID_ABSORPTION_BREADTH_REPAIR_H10_IQ0p9_SQ0p75_SPCOMPRESSION;P268_P268_BID_ABSORPTION_BREADTH_REPAIR_H10_IQ0p9_SQ0p75_SPHIGH,100000.0,50000.0,1,cost200,2.0,0.0,640,2,638,59,579,0,2,1,5,2,8,-216.12468694561116,-0.21612468694561116,-6.807927638786752,1,0,100000.0,1.0,0.4984375,-221.0144656417756,0,0,0,0,0,P277_TOP5_IMBALANCE_GE_Q50,top5_imbalance,avg_cum_top5_qty_imbalance >= 0.568664,0.5,0.5686642494191729,1,0,0,640,0
P271_P277_TOP5_IMBALANCE_GE_Q50_CAP100000_NOT50000_CONC2_COST200,P277_TOP5_IMBALANCE_GE_Q50,P268_P268_BID_ABSORPTION_BREADTH_REPAIR_H10_IQ0p9_SQ0p75_SPCOMPRESSION;P268_P268_BID_ABSORPTION_BREADTH_REPAIR_H10_IQ0p9_SQ0p75_SPHIGH,100000.0,50000.0,2,cost200,2.0,0.0,640,4,636,72,564,0,2,2,5,3,8,-238.71168903891106,-0.23871168903891105,-7.519418204725698,1,0,200000.0,2.0,0.9703125,-243.6014677350755,0,0,0,0,0,P277_TOP5_IMBALANCE_GE_Q50,top5_imbalance,avg_cum_top5_qty_imbalance >= 0.568664,0.5,0.5686642494191729,1,0,0,640,0
P271_P277_TOP5_IMBALANCE_GE_Q50_CAP100000_NOT75000_CONC1_COST200,P277_TOP5_IMBALANCE_GE_Q50,P268_P268_BID_ABSORPTION_BREADTH_REPAIR_H10_IQ0p9_SQ0p75_SPCOMPRESSION;P268_P268_BID_ABSORPTION_BREADTH_REPAIR_H10_IQ0p9_SQ0p75_SPHIGH,100000.0,75000.0,1,cost200,2.0,0.0,640,2,638,59,579,0,2,1,5,2,8,-324.1870304184167,-0.32418703041841673,-10.211891458180126,1,0,150000.0,1.5,0.74765625,-331.5216984626634,0,0,0,0,0,P277_TOP5_IMBALANCE_GE_Q50,top5_imbalance,avg_cum_top5_qty_imbalance >= 0.568664,0.5,0.5686642494191729,1,0,0,640,0
P271_P277_TOP5_IMBALANCE_GE_Q50_CAP100000_NOT75000_CONC2_COST200,P277_TOP5_IMBALANCE_GE_Q50,P268_P268_BID_ABSORPTION_BREADTH_REPAIR_H10_IQ0p9_SQ0p75_SPCOMPRESSION;P268_P268_BID_ABSORPTION_BREADTH_REPAIR_H10_IQ0p9_SQ0p75_SPHIGH,100000.0,75000.0,2,cost200,2.0,0.0,640,4,636,72,564,0,2,2,5,3,8,-238.71168903891106,-0.23871168903891105,-7.519418204725698,1,0,200000.0,2.0,0.9703125,-243.6014677350755,0,0,0,0,0,P277_TOP5_IMBALANCE_GE_Q50,top5_imbalance,avg_cum_top5_qty_imbalance >= 0.568664,0.5,0.5686642494191729,1,0,0,640,0
P271_P277_TOP5_IMBALANCE_GE_Q50_CAP100000_NOT100000_CONC1_COST200,P277_TOP5_IMBALANCE_GE_Q50,P268_P268_BID_ABSORPTION_BREADTH_REPAIR_H10_IQ0p9_SQ0p75_SPCOMPRESSION;P268_P268_BID_ABSORPTION_BREADTH_REPAIR_H10_IQ0p9_SQ0p75_SPHIGH,100000.0,100000.0,1,cost200,2.0,0.0,640,2,638,59,579,0,2,1,5,2,8,-432.2493738912223,-0.4322493738912223,-13.615855277573504,1,0,200000.0,2.0,0.996875,-442.0289312835512,0,0,0,0,0,P277_TOP5_IMBALANCE_GE_Q50,top5_imbalance,avg_cum_top5_qty_imbalance >= 0.568664,0.5,0.5686642494191729,1,0,0,640,0
P271_P277_TOP5_IMBALANCE_GE_Q50_CAP100000_NOT100000_CONC2_COST200,P277_TOP5_IMBALANCE_GE_Q50,P268_P268_BID_ABSORPTION_BREADTH_REPAIR_H10_IQ0p9_SQ0p75_SPCOMPRESSION;P268_P268_BID_ABSORPTION_BREADTH_REPAIR_H10_IQ0p9_SQ0p75_SPHIGH,100000.0,100000.0,2,cost200,2.0,0.0,640,4,636,72,564,0,2,2,5,3,8,-238.71168903891106,-0.23871168903891105,-7.519418204725698,1,0,200000.0,2.0,0.9703125,-243.6014677350755,0,0,0,0,0,P277_TOP5_IMBALANCE_GE_Q50,top5_imbalance,avg_cum_top5_qty_imbalance >= 0.568664,0.5,0.5686642494191729,1,0,0,640,0
P271_P277_TOP5_IMBALANCE_GE_Q60_CAP100000_NOT50000_CONC1_COST200,P277_TOP5_IMBALANCE_GE_Q60,P268_P268_BID_ABSORPTION_BREADTH_REPAIR_H10_IQ0p9_SQ0p75_SPCOMPRESSION;P268_P268_BID_ABSORPTION_BREADTH_REPAIR_H10_IQ0p9_SQ0p75_SPHIGH,100000.0,50000.0,1,cost200,2.0,0.0,512,2,510,46,464,0,2,1,5,2,8,-216.12468694561116,-0.21612468694561116,-6.807927638786752,1,0,100000.0,1.0,0.498046875,-221.0144656417756,0,0,0,0,0,P277_TOP5_IMBALANCE_GE_Q60,top5_imbalance,avg_cum_top5_qty_imbalance >= 0.586461,0.6,0.5864613269515664,1,0,0,512,0
P271_P277_TOP5_IMBALANCE_GE_Q60_CAP100000_NOT50000_CONC2_COST200,P277_TOP5_IMBALANCE_GE_Q60,P268_P268_BID_ABSORPTION_BREADTH_REPAIR_H10_IQ0p9_SQ0p75_SPCOMPRESSION;P268_P268_BID_ABSORPTION_BREADTH_REPAIR_H10_IQ0p9_SQ0p75_SPHIGH,100000.0,50000.0,2,cost200,2.0,0.0,512,4,508,57,451,0,2,2,5,3,8,-309.24983443009984,-0.30924983443009985,-9.741369784548144,1,0,200000.0,2.0,0.970703125,-314.1396131262643,0,0,0,0,0,P277_TOP5_IMBALANCE_GE_Q60,top5_imbalance,avg_cum_top5_qty_imbalance >= 0.586461,0.6,0.5864613269515664,1,0,0,512,0
P271_P277_TOP5_IMBALANCE_GE_Q60_CAP100000_NOT75000_CONC1_COST200,P277_TOP5_IMBALANCE_GE_Q60,P268_P268_BID_ABSORPTION_BREADTH_REPAIR_H10_IQ0p9_SQ0p75_SPCOMPRESSION;P268_P268_BID_ABSORPTION_BREADTH_REPAIR_H10_IQ0p9_SQ0p75_SPHIGH,100000.0,75000.0,1,cost200,2.0,0.0,512,2,510,46,464,0,2,1,5,2,8,-324.1870304184167,-0.32418703041841673,-10.211891458180126,1,0,150000.0,1.5,0.7470703125,-331.5216984626634,0,0,0,0,0,P277_TOP5_IMBALANCE_GE_Q60,top5_imbalance,avg_cum_top5_qty_imbalance >= 0.586461,0.6,0.5864613269515664,1,0,0,512,0
P271_P277_TOP5_IMBALANCE_GE_Q60_CAP100000_NOT75000_CONC2_COST200,P277_TOP5_IMBALANCE_GE_Q60,P268_P268_BID_ABSORPTION_BREADTH_REPAIR_H10_IQ0p9_SQ0p75_SPCOMPRESSION;P268_P268_BID_ABSORPTION_BREADTH_REPAIR_H10_IQ0p9_SQ0p75_SPHIGH,100000.0,75000.0,2,cost200,2.0,0.0,512,4,508,57,451,0,2,2,5,3,8,-309.24983443009984,-0.30924983443009985,-9.741369784548144,1,0,200000.0,2.0,0.970703125,-314.1396131262643,0,0,0,0,0,P277_TOP5_IMBALANCE_GE_Q60,top5_imbalance,avg_cum_top5_qty_imbalance >= 0.586461,0.6,0.5864613269515664,1,0,0,512,0
P271_P277_TOP5_IMBALANCE_GE_Q60_CAP100000_NOT100000_CONC1_COST200,P277_TOP5_IMBALANCE_GE_Q60,P268_P268_BID_ABSORPTION_BREADTH_REPAIR_H10_IQ0p9_SQ0p75_SPCOMPRESSION;P268_P268_BID_ABSORPTION_BREADTH_REPAIR_H10_IQ0p9_SQ0p75_SPHIGH,100000.0,100000.0,1,cost200,2.0,0.0,512,2,510,46,464,0,2,1,5,2,8,-432.2493738912223,-0.4322493738912223,-13.615855277573504,1,0,200000.0,2.0,0.99609375,-442.0289312835512,0,0,0,0,0,P277_TOP5_IMBALANCE_GE_Q60,top5_imbalance,avg_cum_top5_qty_imbalance >= 0.586461,0.6,0.5864613269515664,1,0,0,512,0
P271_P277_TOP5_IMBALANCE_GE_Q60_CAP100000_NOT100000_CONC2_COST200,P277_TOP5_IMBALANCE_GE_Q60,P268_P268_BID_ABSORPTION_BREADTH_REPAIR_H10_IQ0p9_SQ0p75_SPCOMPRESSION;P268_P268_BID_ABSORPTION_BREADTH_REPAIR_H10_IQ0p9_SQ0p75_SPHIGH,100000.0,100000.0,2,cost200,2.0,0.0,512,4,508,57,451,0,2,2,5,3,8,-309.24983443009984,-0.30924983443009985,-9.741369784548144,1,0,200000.0,2.0,0.970703125,-314.1396131262643,0,0,0,0,0,P277_TOP5_IMBALANCE_GE_Q60,top5_imbalance,avg_cum_top5_qty_imbalance >= 0.586461,0.6,0.5864613269515664,1,0,0,512,0
P271_P277_TOP5_IMBALANCE_GE_Q70_CAP100000_NOT50000_CONC1_COST200,P277_TOP5_IMBALANCE_GE_Q70,P268_P268_BID_ABSORPTION_BREADTH_REPAIR_H10_IQ0p9_SQ0p75_SPCOMPRESSION;P268_P268_BID_ABSORPTION_BREADTH_REPAIR_H10_IQ0p9_SQ0p75_SPHIGH,100000.0,50000.0,1,cost200,2.0,0.0,384,2,382,30,352,0,2,1,4,2,8,-216.12468694561116,-0.21612468694561116,-6.807927638786752,1,0,100000.0,1.0,0.4973958333333333,-221.0144656417756,0,0,0,0,0,P277_TOP5_IMBALANCE_GE_Q70,top5_imbalance,avg_cum_top5_qty_imbalance >= 0.607049,0.7,0.6070491990947151,1,0,0,384,0
P271_P277_TOP5_IMBALANCE_GE_Q70_CAP100000_NOT50000_CONC2_COST200,P277_TOP5_IMBALANCE_GE_Q70,P268_P268_BID_ABSORPTION_BREADTH_REPAIR_H10_IQ0p9_SQ0p75_SPCOMPRESSION;P268_P268_BID_ABSORPTION_BREADTH_REPAIR_H10_IQ0p9_SQ0p75_SPHIGH,100000.0,50000.0,2,cost200,2.0,0.0,384,4,380,37,343,0,2,2,4,3,8,-309.24983443009984,-0.30924983443009985,-9.741369784548144,1,0,200000.0,2.0,0.97265625,-314.1396131262643,0,0,0,0,0,P277_TOP5_IMBALANCE_GE_Q70,top5_imbalance,avg_cum_top5_qty_imbalance >= 0.607049,0.7,0.6070491990947151,1,0,0,384,0
P271_P277_TOP5_IMBALANCE_GE_Q70_CAP100000_NOT75000_CONC1_COST200,P277_TOP5_IMBALANCE_GE_Q70,P268_P268_BID_ABSORPTION_BREADTH_REPAIR_H10_IQ0p9_SQ0p75_SPCOMPRESSION;P268_P268_BID_ABSORPTION_BREADTH_REPAIR_H10_IQ0p9_SQ0p75_SPHIGH,100000.0,75000.0,1,cost200,2.0,0.0,384,2,382,30,352,0,2,1,4,2,8,-324.1870304184167,-0.32418703041841673,-10.211891458180126,1,0,150000.0,1.5,0.74609375,-331.5216984626634,0,0,0,0,0,P277_TOP5_IMBALANCE_GE_Q70,top5_imbalance,avg_cum_top5_qty_imbalance >= 0.607049,0.7,0.6070491990947151,1,0,0,384,0
P271_P277_TOP5_IMBALANCE_GE_Q70_CAP100000_NOT75000_CONC2_COST200,P277_TOP5_IMBALANCE_GE_Q70,P268_P268_BID_ABSORPTION_BREADTH_REPAIR_H10_IQ0p9_SQ0p75_SPCOMPRESSION;P268_P268_BID_ABSORPTION_BREADTH_REPAIR_H10_IQ0p9_SQ0p75_SPHIGH,100000.0,75000.0,2,cost200,2.0,0.0,384,4,380,37,343,0,2,2,4,3,8,-309.24983443009984,-0.30924983443009985,-9.741369784548144,1,0,200000.0,2.0,0.97265625,-314.1396131262643,0,0,0,0,0,P277_TOP5_IMBALANCE_GE_Q70,top5_imbalance,avg_cum_top5_qty_imbalance >= 0.607049,0.7,0.6070491990947151,1,0,0,384,0
P271_P277_TOP5_IMBALANCE_GE_Q70_CAP100000_NOT100000_CONC1_COST200,P277_TOP5_IMBALANCE_GE_Q70,P268_P268_BID_ABSORPTION_BREADTH_REPAIR_H10_IQ0p9_SQ0p75_SPCOMPRESSION;P268_P268_BID_ABSORPTION_BREADTH_REPAIR_H10_IQ0p9_SQ0p75_SPHIGH,100000.0,100000.0,1,cost200,2.0,0.0,384,2,382,30,352,0,2,1,4,2,8,-432.2493738912223,-0.4322493738912223,-13.615855277573504,1,0,200000.0,2.0,0.9947916666666666,-442.0289312835512,0,0,0,0,0,P277_TOP5_IMBALANCE_GE_Q70,top5_imbalance,avg_cum_top5_qty_imbalance >= 0.607049,0.7,0.6070491990947151,1,0,0,384,0
P271_P277_TOP5_IMBALANCE_GE_Q70_CAP100000_NOT100000_CONC2_COST200,P277_TOP5_IMBALANCE_GE_Q70,P268_P268_BID_ABSORPTION_BREADTH_REPAIR_H10_IQ0p9_SQ0p75_SPCOMPRESSION;P268_P268_BID_ABSORPTION_BREADTH_REPAIR_H10_IQ0p9_SQ0p75_SPHIGH,100000.0,100000.0,2,cost200,2.0,0.0,384,4,380,37,343,0,2,2,4,3,8,-309.24983443009984,-0.30924983443009985,-9.741369784548144,1,0,200000.0,2.0,0.97265625,-314.1396131262643,0,0,0,0,0,P277_TOP5_IMBALANCE_GE_Q70,top5_imbalance,avg_cum_top5_qty_imbalance >= 0.607049,0.7,0.6070491990947151,1,0,0,384,0
P271_P277_TOP5_IMBALANCE_GE_Q80_CAP100000_NOT50000_CONC1_COST200,P277_TOP5_IMBALANCE_GE_Q80,P268_P268_BID_ABSORPTION_BREADTH_REPAIR_H10_IQ0p9_SQ0p75_SPCOMPRESSION;P268_P268_BID_ABSORPTION_BREADTH_REPAIR_H10_IQ0p9_SQ0p75_SPHIGH,100000.0,50000.0,1,cost200,2.0,0.0,256,2,254,21,233,0,2,1,4,2,8,-216.12468694561116,-0.21612468694561116,-6.807927638786752,1,0,100000.0,1.0,0.49609375,-221.0144656417756,0,0,0,0,0,P277_TOP5_IMBALANCE_GE_Q80,top5_imbalance,avg_cum_top5_qty_imbalance >= 0.627174,0.8,0.6271741880971878,1,0,0,256,0
P271_P277_TOP5_IMBALANCE_GE_Q80_CAP100000_NOT50000_CONC2_COST200,P277_TOP5_IMBALANCE_GE_Q80,P268_P268_BID_ABSORPTION_BREADTH_REPAIR_H10_IQ0p9_SQ0p75_SPCOMPRESSION;P268_P268_BID_ABSORPTION_BREADTH_REPAIR_H10_IQ0p9_SQ0p75_SPHIGH,100000.0,50000.0,2,cost200,2.0,0.0,256,5,251,46,205,0,2,2,4,3,8,-144.3597272268271,-0.14435972722682708,-4.547331407645053,1,0,250000.0,2.5,0.947265625,-222.0746834024755,0,0,0,0,0,P277_TOP5_IMBALANCE_GE_Q80,top5_imbalance,avg_cum_top5_qty_imbalance >= 0.627174,0.8,0.6271741880971878,1,0,0,256,0
P271_P277_TOP5_IMBALANCE_GE_Q80_CAP100000_NOT75000_CONC1_COST200,P277_TOP5_IMBALANCE_GE_Q80,P268_P268_BID_ABSORPTION_BREADTH_REPAIR_H10_IQ0p9_SQ0p75_SPCOMPRESSION;P268_P268_BID_ABSORPTION_BREADTH_REPAIR_H10_IQ0p9_SQ0p75_SPHIGH,100000.0,75000.0,1,cost200,2.0,0.0,256,2,254,21,233,0,2,1,4,2,8,-324.1870304184167,-0.32418703041841673,-10.211891458180126,1,0,150000.0,1.5,0.744140625,-331.5216984626634,0,0,0,0,0,P277_TOP5_IMBALANCE_GE_Q80,top5_imbalance,avg_cum_top5_qty_imbalance >= 0.627174,0.8,0.6271741880971878,1,0,0,256,0
P271_P277_TOP5_IMBALANCE_GE_Q80_CAP100000_NOT75000_CONC2_COST200,P277_TOP5_IMBALANCE_GE_Q80,P268_P268_BID_ABSORPTION_BREADTH_REPAIR_H10_IQ0p9_SQ0p75_SPCOMPRESSION;P268_P268_BID_ABSORPTION_BREADTH_REPAIR_H10_IQ0p9_SQ0p75_SPHIGH,100000.0,75000.0,2,cost200,2.0,0.0,256,5,251,46,205,0,2,2,4,3,8,-144.3597272268271,-0.14435972722682708,-4.547331407645053,1,0,250000.0,2.5,0.947265625,-222.0746834024755,0,0,0,0,0,P277_TOP5_IMBALANCE_GE_Q80,top5_imbalance,avg_cum_top5_qty_imbalance >= 0.627174,0.8,0.6271741880971878,1,0,0,256,0
P271_P277_TOP5_IMBALANCE_GE_Q80_CAP100000_NOT100000_CONC1_COST200,P277_TOP5_IMBALANCE_GE_Q80,P268_P268_BID_ABSORPTION_BREADTH_REPAIR_H10_IQ0p9_SQ0p75_SPCOMPRESSION;P268_P268_BID_ABSORPTION_BREADTH_REPAIR_H10_IQ0p9_SQ0p75_SPHIGH,100000.0,100000.0,1,cost200,2.0,0.0,256,2,254,21,233,0,2,1,4,2,8,-432.2493738912223,-0.4322493738912223,-13.615855277573504,1,0,200000.0,2.0,0.9921875,-442.0289312835512,0,0,0,0,0,P277_TOP5_IMBALANCE_GE_Q80,top5_imbalance,avg_cum_top5_qty_imbalance >= 0.627174,0.8,0.6271741880971878,1,0,0,256,0
P271_P277_TOP5_IMBALANCE_GE_Q80_CAP100000_NOT100000_CONC2_COST200,P277_TOP5_IMBALANCE_GE_Q80,P268_P268_BID_ABSORPTION_BREADTH_REPAIR_H10_IQ0p9_SQ0p75_SPCOMPRESSION;P268_P268_BID_ABSORPTION_BREADTH_REPAIR_H10_IQ0p9_SQ0p75_SPHIGH,100000.0,100000.0,2,cost200,2.0,0.0,256,5,251,46,205,0,2,2,4,3,8,-144.3597272268271,-0.14435972722682708,-4.547331407645053,1,0,250000.0,2.5,0.947265625,-222.0746834024755,0,0,0,0,0,P277_TOP5_IMBALANCE_GE_Q80,top5_imbalance,avg_cum_top5_qty_imbalance >= 0.627174,0.8,0.6271741880971878,1,0,0,256,0
P271_P277_TOP5_IMBALANCE_GE_Q90_CAP100000_NOT50000_CONC1_COST200,P277_TOP5_IMBALANCE_GE_Q90,P268_P268_BID_ABSORPTION_BREADTH_REPAIR_H10_IQ0p9_SQ0p75_SPCOMPRESSION;P268_P268_BID_ABSORPTION_BREADTH_REPAIR_H10_IQ0p9_SQ0p75_SPHIGH,100000.0,50000.0,1,cost200,2.0,0.0,128,2,126,7,119,0,2,2,3,2,8,-173.8128489841647,-0.17381284898416471,-5.4751047430011885,1,0,100000.0,1.0,0.4921875,-178.70262768032913,0,0,0,0,0,P277_TOP5_IMBALANCE_GE_Q90,top5_imbalance,avg_cum_top5_qty_imbalance >= 0.648963,0.9,0.6489634245811063,1,0,0,128,0
P271_P277_TOP5_IMBALANCE_GE_Q90_CAP100000_NOT50000_CONC2_COST200,P277_TOP5_IMBALANCE_GE_Q90,P268_P268_BID_ABSORPTION_BREADTH_REPAIR_H10_IQ0p9_SQ0p75_SPCOMPRESSION;P268_P268_BID_ABSORPTION_BREADTH_REPAIR_H10_IQ0p9_SQ0p75_SPHIGH,100000.0,50000.0,2,cost200,2.0,0.0,128,5,123,23,100,0,2,2,3,3,8,-73.68145088082153,-0.07368145088082154,-2.3209657027458785,1,0,250000.0,2.5,0.9375,-222.0746834024755,0,0,0,0,0,P277_TOP5_IMBALANCE_GE_Q90,top5_imbalance,avg_cum_top5_qty_imbalance >= 0.648963,0.9,0.6489634245811063,1,0,0,128,0
P271_P277_TOP5_IMBALANCE_GE_Q90_CAP100000_NOT75000_CONC1_COST200,P277_TOP5_IMBALANCE_GE_Q90,P268_P268_BID_ABSORPTION_BREADTH_REPAIR_H10_IQ0p9_SQ0p75_SPCOMPRESSION;P268_P268_BID_ABSORPTION_BREADTH_REPAIR_H10_IQ0p9_SQ0p75_SPHIGH,100000.0,75000.0,1,cost200,2.0,0.0,128,2,126,7,119,0,2,2,3,2,8,-260.719273476247,-0.260719273476247,-8.21265711450178,1,0,150000.0,1.5,0.73828125,-268.05394152049365,0,0,0,0,0,P277_TOP5_IMBALANCE_GE_Q90,top5_imbalance,avg_cum_top5_qty_imbalance >= 0.648963,0.9,0.6489634245811063,1,0,0,128,0
P271_P277_TOP5_IMBALANCE_GE_Q90_CAP100000_NOT75000_CONC2_COST200,P277_TOP5_IMBALANCE_GE_Q90,P268_P268_BID_ABSORPTION_BREADTH_REPAIR_H10_IQ0p9_SQ0p75_SPCOMPRESSION;P268_P268_BID_ABSORPTION_BREADTH_REPAIR_H10_IQ0p9_SQ0p75_SPHIGH,100000.0,75000.0,2,cost200,2.0,0.0,128,5,123,23,100,0,2,2,3,3,8,-73.68145088082153,-0.07368145088082154,-2.3209657027458785,1,0,250000.0,2.5,0.9375,-222.0746834024755,0,0,0,0,0,P277_TOP5_IMBALANCE_GE_Q90,top5_imbalance,avg_cum_top5_qty_imbalance >= 0.648963,0.9,0.6489634245811063,1,0,0,128,0
P271_P277_TOP5_IMBALANCE_GE_Q90_CAP100000_NOT100000_CONC1_COST200,P277_TOP5_IMBALANCE_GE_Q90,P268_P268_BID_ABSORPTION_BREADTH_REPAIR_H10_IQ0p9_SQ0p75_SPCOMPRESSION;P268_P268_BID_ABSORPTION_BREADTH_REPAIR_H10_IQ0p9_SQ0p75_SPHIGH,100000.0,100000.0,1,cost200,2.0,0.0,128,2,126,7,119,0,2,2,3,2,8,-347.6256979683294,-0.34762569796832943,-10.950209486002377,1,0,200000.0,2.0,0.984375,-357.40525536065826,0,0,0,0,0,P277_TOP5_IMBALANCE_GE_Q90,top5_imbalance,avg_cum_top5_qty_imbalance >= 0.648963,0.9,0.6489634245811063,1,0,0,128,0
P271_P277_TOP5_IMBALANCE_GE_Q90_CAP100000_NOT100000_CONC2_COST200,P277_TOP5_IMBALANCE_GE_Q90,P268_P268_BID_ABSORPTION_BREADTH_REPAIR_H10_IQ0p9_SQ0p75_SPCOMPRESSION;P268_P268_BID_ABSORPTION_BREADTH_REPAIR_H10_IQ0p9_SQ0p75_SPHIGH,100000.0,100000.0,2,cost200,2.0,0.0,128,5,123,23,100,0,2,2,3,3,8,-73.68145088082153,-0.07368145088082154,-2.3209657027458785,1,0,250000.0,2.5,0.9375,-222.0746834024755,0,0,0,0,0,P277_TOP5_IMBALANCE_GE_Q90,top5_imbalance,avg_cum_top5_qty_imbalance >= 0.648963,0.9,0.6489634245811063,1,0,0,128,0
P271_P277_BEYOND_L1_IMBALANCE_GE_Q50_CAP100000_NOT50000_CONC1_COST200,P277_BEYOND_L1_IMBALANCE_GE_Q50,P268_P268_BID_ABSORPTION_BREADTH_REPAIR_H10_IQ0p9_SQ0p75_SPCOMPRESSION;P268_P268_BID_ABSORPTION_BREADTH_REPAIR_H10_IQ0p9_SQ0p75_SPHIGH,100000.0,50000.0,1,cost200,2.0,0.0,640,2,638,47,591,0,2,1,7,2,8,-216.12468694561116,-0.21612468694561116,-6.807927638786752,1,0,100000.0,1.0,0.4984375,-221.0144656417756,0,0,0,0,0,P277_BEYOND_L1_IMBALANCE_GE_Q50,levels_2_to_5_depth,avg_depth_beyond_l1_qty_imbalance >= 0.569244,0.5,0.569243560564173,0,1,0,640,0
P271_P277_BEYOND_L1_IMBALANCE_GE_Q50_CAP100000_NOT50000_CONC2_COST200,P277_BEYOND_L1_IMBALANCE_GE_Q50,P268_P268_BID_ABSORPTION_BREADTH_REPAIR_H10_IQ0p9_SQ0p75_SPCOMPRESSION;P268_P268_BID_ABSORPTION_BREADTH_REPAIR_H10_IQ0p9_SQ0p75_SPHIGH,100000.0,50000.0,2,cost200,2.0,0.0,640,4,636,63,573,0,2,2,7,3,8,-44.79299878802729,-0.04479299878802729,-1.4109794618228597,1,0,200000.0,2.0,0.98359375,-172.7857027118005,0,0,0,0,0,P277_BEYOND_L1_IMBALANCE_GE_Q50,levels_2_to_5_depth,avg_depth_beyond_l1_qty_imbalance >= 0.569244,0.5,0.569243560564173,0,1,0,640,0
P271_P277_BEYOND_L1_IMBALANCE_GE_Q50_CAP100000_NOT75000_CONC1_COST200,P277_BEYOND_L1_IMBALANCE_GE_Q50,P268_P268_BID_ABSORPTION_BREADTH_REPAIR_H10_IQ0p9_SQ0p75_SPCOMPRESSION;P268_P268_BID_ABSORPTION_BREADTH_REPAIR_H10_IQ0p9_SQ0p75_SPHIGH,100000.0,75000.0,1,cost200,2.0,0.0,640,2,638,47,591,0,2,1,7,2,8,-324.1870304184167,-0.32418703041841673,-10.211891458180126,1,0,150000.0,1.5,0.74765625,-331.5216984626634,0,0,0,0,0,P277_BEYOND_L1_IMBALANCE_GE_Q50,levels_2_to_5_depth,avg_depth_beyond_l1_qty_imbalance >= 0.569244,0.5,0.569243560564173,0,1,0,640,0
P271_P277_BEYOND_L1_IMBALANCE_GE_Q50_CAP100000_NOT75000_CONC2_COST200,P277_BEYOND_L1_IMBALANCE_GE_Q50,P268_P268_BID_ABSORPTION_BREADTH_REPAIR_H10_IQ0p9_SQ0p75_SPCOMPRESSION;P268_P268_BID_ABSORPTION_BREADTH_REPAIR_H10_IQ0p9_SQ0p75_SPHIGH,100000.0,75000.0,2,cost200,2.0,0.0,640,4,636,63,573,0,2,2,7,3,8,-44.79299878802729,-0.04479299878802729,-1.4109794618228597,1,0,200000.0,2.0,0.98359375,-172.7857027118005,0,0,0,0,0,P277_BEYOND_L1_IMBALANCE_GE_Q50,levels_2_to_5_depth,avg_depth_beyond_l1_qty_imbalance >= 0.569244,0.5,0.569243560564173,0,1,0,640,0
P271_P277_BEYOND_L1_IMBALANCE_GE_Q50_CAP100000_NOT100000_CONC1_COST200,P277_BEYOND_L1_IMBALANCE_GE_Q50,P268_P268_BID_ABSORPTION_BREADTH_REPAIR_H10_IQ0p9_SQ0p75_SPCOMPRESSION;P268_P268_BID_ABSORPTION_BREADTH_REPAIR_H10_IQ0p9_SQ0p75_SPHIGH,100000.0,100000.0,1,cost200,2.0,0.0,640,2,638,47,591,0,2,1,7,2,8,-432.2493738912223,-0.4322493738912223,-13.615855277573504,1,0,200000.0,2.0,0.996875,-442.0289312835512,0,0,0,0,0,P277_BEYOND_L1_IMBALANCE_GE_Q50,levels_2_to_5_depth,avg_depth_beyond_l1_qty_imbalance >= 0.569244,0.5,0.569243560564173,0,1,0,640,0
P271_P277_BEYOND_L1_IMBALANCE_GE_Q50_CAP100000_NOT100000_CONC2_COST200,P277_BEYOND_L1_IMBALANCE_GE_Q50,P268_P268_BID_ABSORPTION_BREADTH_REPAIR_H10_IQ0p9_SQ0p75_SPCOMPRESSION;P268_P268_BID_ABSORPTION_BREADTH_REPAIR_H10_IQ0p9_SQ0p75_SPHIGH,100000.0,100000.0,2,cost200,2.0,0.0,640,4,636,63,573,0,2,2,7,3,8,-44.79299878802729,-0.04479299878802729,-1.4109794618228597,1,0,200000.0,2.0,0.98359375,-172.7857027118005,0,0,0,0,0,P277_BEYOND_L1_IMBALANCE_GE_Q50,levels_2_to_5_depth,avg_depth_beyond_l1_qty_imbalance >= 0.569244,0.5,0.569243560564173,0,1,0,640,0
P271_P277_BEYOND_L1_IMBALANCE_GE_Q60_CAP100000_NOT50000_CONC1_COST200,P277_BEYOND_L1_IMBALANCE_GE_Q60,P268_P268_BID_ABSORPTION_BREADTH_REPAIR_H10_IQ0p9_SQ0p75_SPCOMPRESSION;P268_P268_BID_ABSORPTION_BREADTH_REPAIR_H10_IQ0p9_SQ0p75_SPHIGH,100000.0,50000.0,1,cost200,2.0,0.0,512,2,510,37,473,0,2,1,7,2,8,-216.12468694561116,-0.21612468694561116,-6.807927638786752,1,0,100000.0,1.0,0.498046875,-221.0144656417756,0,0,0,0,0,P277_BEYOND_L1_IMBALANCE_GE_Q60,levels_2_to_5_depth,avg_depth_beyond_l1_qty_imbalance >= 0.585786,0.6,0.5857856234543747,0,1,0,512,0
P271_P277_BEYOND_L1_IMBALANCE_GE_Q60_CAP100000_NOT50000_CONC2_COST200,P277_BEYOND_L1_IMBALANCE_GE_Q60,P268_P268_BID_ABSORPTION_BREADTH_REPAIR_H10_IQ0p9_SQ0p75_SPCOMPRESSION;P268_P268_BID_ABSORPTION_BREADTH_REPAIR_H10_IQ0p9_SQ0p75_SPHIGH,100000.0,50000.0,2,cost200,2.0,0.0,512,4,508,51,457,0,2,2,7,3,8,-44.79299878802729,-0.04479299878802729,-1.4109794618228597,1,0,200000.0,2.0,0.984375,-172.7857027118005,0,0,0,0,0,P277_BEYOND_L1_IMBALANCE_GE_Q60,levels_2_to_5_depth,avg_depth_beyond_l1_qty_imbalance >= 0.585786,0.6,0.5857856234543747,0,1,0,512,0
P271_P277_BEYOND_L1_IMBALANCE_GE_Q60_CAP100000_NOT75000_CONC1_COST200,P277_BEYOND_L1_IMBALANCE_GE_Q60,P268_P268_BID_ABSORPTION_BREADTH_REPAIR_H10_IQ0p9_SQ0p75_SPCOMPRESSION;P268_P268_BID_ABSORPTION_BREADTH_REPAIR_H10_IQ0p9_SQ0p75_SPHIGH,100000.0,75000.0,1,cost200,2.0,0.0,512,2,510,37,473,0,2,1,7,2,8,-324.1870304184167,-0.32418703041841673,-10.211891458180126,1,0,150000.0,1.5,0.7470703125,-331.5216984626634,0,0,0,0,0,P277_BEYOND_L1_IMBALANCE_GE_Q60,levels_2_to_5_depth,avg_depth_beyond_l1_qty_imbalance >= 0.585786,0.6,0.5857856234543747,0,1,0,512,0
P271_P277_BEYOND_L1_IMBALANCE_GE_Q60_CAP100000_NOT75000_CONC2_COST200,P277_BEYOND_L1_IMBALANCE_GE_Q60,P268_P268_BID_ABSORPTION_BREADTH_REPAIR_H10_IQ0p9_SQ0p75_SPCOMPRESSION;P268_P268_BID_ABSORPTION_BREADTH_REPAIR_H10_IQ0p9_SQ0p75_SPHIGH,100000.0,75000.0,2,cost200,2.0,0.0,512,4,508,51,457,0,2,2,7,3,8,-44.79299878802729,-0.04479299878802729,-1.4109794618228597,1,0,200000.0,2.0,0.984375,-172.7857027118005,0,0,0,0,0,P277_BEYOND_L1_IMBALANCE_GE_Q60,levels_2_to_5_depth,avg_depth_beyond_l1_qty_imbalance >= 0.585786,0.6,0.5857856234543747,0,1,0,512,0
P271_P277_BEYOND_L1_IMBALANCE_GE_Q60_CAP100000_NOT100000_CONC1_COST200,P277_BEYOND_L1_IMBALANCE_GE_Q60,P268_P268_BID_ABSORPTION_BREADTH_REPAIR_H10_IQ0p9_SQ0p75_SPCOMPRESSION;P268_P268_BID_ABSORPTION_BREADTH_REPAIR_H10_IQ0p9_SQ0p75_SPHIGH,100000.0,100000.0,1,cost200,2.0,0.0,512,2,510,37,473,0,2,1,7,2,8,-432.2493738912223,-0.4322493738912223,-13.615855277573504,1,0,200000.0,2.0,0.99609375,-442.0289312835512,0,0,0,0,0,P277_BEYOND_L1_IMBALANCE_GE_Q60,levels_2_to_5_depth,avg_depth_beyond_l1_qty_imbalance >= 0.585786,0.6,0.5857856234543747,0,1,0,512,0
P271_P277_BEYOND_L1_IMBALANCE_GE_Q60_CAP100000_NOT100000_CONC2_COST200,P277_BEYOND_L1_IMBALANCE_GE_Q60,P268_P268_BID_ABSORPTION_BREADTH_REPAIR_H10_IQ0p9_SQ0p75_SPCOMPRESSION;P268_P268_BID_ABSORPTION_BREADTH_REPAIR_H10_IQ0p9_SQ0p75_SPHIGH,100000.0,100000.0,2,cost200,2.0,0.0,512,4,508,51,457,0,2,2,7,3,8,-44.79299878802729,-0.04479299878802729,-1.4109794618228597,1,0,200000.0,2.0,0.984375,-172.7857027118005,0,0,0,0,0,P277_BEYOND_L1_IMBALANCE_GE_Q60,levels_2_to_5_depth,avg_depth_beyond_l1_qty_imbalance >= 0.585786,0.6,0.5857856234543747,0,1,0,512,0
P271_P277_BEYOND_L1_IMBALANCE_GE_Q70_CAP100000_NOT50000_CONC1_COST200,P277_BEYOND_L1_IMBALANCE_GE_Q70,P268_P268_BID_ABSORPTION_BREADTH_REPAIR_H10_IQ0p9_SQ0p75_SPCOMPRESSION;P268_P268_BID_ABSORPTION_BREADTH_REPAIR_H10_IQ0p9_SQ0p75_SPHIGH,100000.0,50000.0,1,cost200,2.0,0.0,384,2,382,31,351,0,2,1,4,2,8,-216.12468694561116,-0.21612468694561116,-6.807927638786752,1,0,100000.0,1.0,0.4973958333333333,-221.0144656417756,0,0,0,0,0,P277_BEYOND_L1_IMBALANCE_GE_Q70,levels_2_to_5_depth,avg_depth_beyond_l1_qty_imbalance >= 0.606370,0.7,0.6063702319400281,0,1,0,384,0
P271_P277_BEYOND_L1_IMBALANCE_GE_Q70_CAP100000_NOT50000_CONC2_COST200,P277_BEYOND_L1_IMBALANCE_GE_Q70,P268_P268_BID_ABSORPTION_BREADTH_REPAIR_H10_IQ0p9_SQ0p75_SPCOMPRESSION;P268_P268_BID_ABSORPTION_BREADTH_REPAIR_H10_IQ0p9_SQ0p75_SPHIGH,100000.0,50000.0,2,cost200,2.0,0.0,384,4,380,52,328,0,2,2,4,3,8,-81.10060242045162,-0.08110060242045161,-2.554668976244226,1,0,200000.0,2.0,0.9765625,-172.7857027118005,0,0,0,0,0,P277_BEYOND_L1_IMBALANCE_GE_Q70,levels_2_to_5_depth,avg_depth_beyond_l1_qty_imbalance >= 0.606370,0.7,0.6063702319400281,0,1,0,384,0
P271_P277_BEYOND_L1_IMBALANCE_GE_Q70_CAP100000_NOT75000_CONC1_COST200,P277_BEYOND_L1_IMBALANCE_GE_Q70,P268_P268_BID_ABSORPTION_BREADTH_REPAIR_H10_IQ0p9_SQ0p75_SPCOMPRESSION;P268_P268_BID_ABSORPTION_BREADTH_REPAIR_H10_IQ0p9_SQ0p75_SPHIGH,100000.0,75000.0,1,cost200,2.0,0.0,384,2,382,31,351,0,2,1,4,2,8,-324.1870304184167,-0.32418703041841673,-10.211891458180126,1,0,150000.0,1.5,0.74609375,-331.5216984626634,0,0,0,0,0,P277_BEYOND_L1_IMBALANCE_GE_Q70,levels_2_to_5_depth,avg_depth_beyond_l1_qty_imbalance >= 0.606370,0.7,0.6063702319400281,0,1,0,384,0
P271_P277_BEYOND_L1_IMBALANCE_GE_Q70_CAP100000_NOT75000_CONC2_COST200,P277_BEYOND_L1_IMBALANCE_GE_Q70,P268_P268_BID_ABSORPTION_BREADTH_REPAIR_H10_IQ0p9_SQ0p75_SPCOMPRESSION;P268_P268_BID_ABSORPTION_BREADTH_REPAIR_H10_IQ0p9_SQ0p75_SPHIGH,100000.0,75000.0,2,cost200,2.0,0.0,384,4,380,52,328,0,2,2,4,3,8,-81.10060242045162,-0.08110060242045161,-2.554668976244226,1,0,200000.0,2.0,0.9765625,-172.7857027118005,0,0,0,0,0,P277_BEYOND_L1_IMBALANCE_GE_Q70,levels_2_to_5_depth,avg_depth_beyond_l1_qty_imbalance >= 0.606370,0.7,0.6063702319400281,0,1,0,384,0
P271_P277_BEYOND_L1_IMBALANCE_GE_Q70_CAP100000_NOT100000_CONC1_COST200,P277_BEYOND_L1_IMBALANCE_GE_Q70,P268_P268_BID_ABSORPTION_BREADTH_REPAIR_H10_IQ0p9_SQ0p75_SPCOMPRESSION;P268_P268_BID_ABSORPTION_BREADTH_REPAIR_H10_IQ0p9_SQ0p75_SPHIGH,100000.0,100000.0,1,cost200,2.0,0.0,384,2,382,31,351,0,2,1,4,2,8,-432.2493738912223,-0.4322493738912223,-13.615855277573504,1,0,200000.0,2.0,0.9947916666666666,-442.0289312835512,0,0,0,0,0,P277_BEYOND_L1_IMBALANCE_GE_Q70,levels_2_to_5_depth,avg_depth_beyond_l1_qty_imbalance >= 0.606370,0.7,0.6063702319400281,0,1,0,384,0
P271_P277_BEYOND_L1_IMBALANCE_GE_Q70_CAP100000_NOT100000_CONC2_COST200,P277_BEYOND_L1_IMBALANCE_GE_Q70,P268_P268_BID_ABSORPTION_BREADTH_REPAIR_H10_IQ0p9_SQ0p75_SPCOMPRESSION;P268_P268_BID_ABSORPTION_BREADTH_REPAIR_H10_IQ0p9_SQ0p75_SPHIGH,100000.0,100000.0,2,cost200,2.0,0.0,384,4,380,52,328,0,2,2,4,3,8,-81.10060242045162,-0.08110060242045161,-2.554668976244226,1,0,200000.0,2.0,0.9765625,-172.7857027118005,0,0,0,0,0,P277_BEYOND_L1_IMBALANCE_GE_Q70,levels_2_to_5_depth,avg_depth_beyond_l1_qty_imbalance >= 0.606370,0.7,0.6063702319400281,0,1,0,384,0
P271_P277_BEYOND_L1_IMBALANCE_GE_Q80_CAP100000_NOT50000_CONC1_COST200,P277_BEYOND_L1_IMBALANCE_GE_Q80,P268_P268_BID_ABSORPTION_BREADTH_REPAIR_H10_IQ0p9_SQ0p75_SPCOMPRESSION;P268_P268_BID_ABSORPTION_BREADTH_REPAIR_H10_IQ0p9_SQ0p75_SPHIGH,100000.0,50000.0,1,cost200,2.0,0.0,256,2,254,26,228,0,2,1,3,2,8,-216.12468694561116,-0.21612468694561116,-6.807927638786752,1,0,100000.0,1.0,0.49609375,-221.0144656417756,0,0,0,0,0,P277_BEYOND_L1_IMBALANCE_GE_Q80,levels_2_to_5_depth,avg_depth_beyond_l1_qty_imbalance >= 0.634331,0.8,0.6343307789000299,0,1,0,256,0
P271_P277_BEYOND_L1_IMBALANCE_GE_Q80_CAP100000_NOT50000_CONC2_COST200,P277_BEYOND_L1_IMBALANCE_GE_Q80,P268_P268_BID_ABSORPTION_BREADTH_REPAIR_H10_IQ0p9_SQ0p75_SPCOMPRESSION;P268_P268_BID_ABSORPTION_BREADTH_REPAIR_H10_IQ0p9_SQ0p75_SPHIGH,100000.0,50000.0,2,cost200,2.0,0.0,256,4,252,39,213,0,2,2,3,3,8,-81.10060242045162,-0.08110060242045161,-2.554668976244226,1,0,200000.0,2.0,0.97265625,-172.7857027118005,0,0,0,0,0,P277_BEYOND_L1_IMBALANCE_GE_Q80,levels_2_to_5_depth,avg_depth_beyond_l1_qty_imbalance >= 0.634331,0.8,0.6343307789000299,0,1,0,256,0
P271_P277_BEYOND_L1_IMBALANCE_GE_Q80_CAP100000_NOT75000_CONC1_COST200,P277_BEYOND_L1_IMBALANCE_GE_Q80,P268_P268_BID_ABSORPTION_BREADTH_REPAIR_H10_IQ0p9_SQ0p75_SPCOMPRESSION;P268_P268_BID_ABSORPTION_BREADTH_REPAIR_H10_IQ0p9_SQ0p75_SPHIGH,100000.0,75000.0,1,cost200,2.0,0.0,256,2,254,26,228,0,2,1,3,2,8,-324.1870304184167,-0.32418703041841673,-10.211891458180126,1,0,150000.0,1.5,0.744140625,-331.5216984626634,0,0,0,0,0,P277_BEYOND_L1_IMBALANCE_GE_Q80,levels_2_to_5_depth,avg_depth_beyond_l1_qty_imbalance >= 0.634331,0.8,0.6343307789000299,0,1,0,256,0
P271_P277_BEYOND_L1_IMBALANCE_GE_Q80_CAP100000_NOT75000_CONC2_COST200,P277_BEYOND_L1_IMBALANCE_GE_Q80,P268_P268_BID_ABSORPTION_BREADTH_REPAIR_H10_IQ0p9_SQ0p75_SPCOMPRESSION;P268_P268_BID_ABSORPTION_BREADTH_REPAIR_H10_IQ0p9_SQ0p75_SPHIGH,100000.0,75000.0,2,cost200,2.0,0.0,256,4,252,39,213,0,2,2,3,3,8,-81.10060242045162,-0.08110060242045161,-2.554668976244226,1,0,200000.0,2.0,0.97265625,-172.7857027118005,0,0,0,0,0,P277_BEYOND_L1_IMBALANCE_GE_Q80,levels_2_to_5_depth,avg_depth_beyond_l1_qty_imbalance >= 0.634331,0.8,0.6343307789000299,0,1,0,256,0
P271_P277_BEYOND_L1_IMBALANCE_GE_Q80_CAP100000_NOT100000_CONC1_COST200,P277_BEYOND_L1_IMBALANCE_GE_Q80,P268_P268_BID_ABSORPTION_BREADTH_REPAIR_H10_IQ0p9_SQ0p75_SPCOMPRESSION;P268_P268_BID_ABSORPTION_BREADTH_REPAIR_H10_IQ0p9_SQ0p75_SPHIGH,100000.0,100000.0,1,cost200,2.0,0.0,256,2,254,26,228,0,2,1,3,2,8,-432.2493738912223,-0.4322493738912223,-13.615855277573504,1,0,200000.0,2.0,0.9921875,-442.0289312835512,0,0,0,0,0,P277_BEYOND_L1_IMBALANCE_GE_Q80,levels_2_to_5_depth,avg_depth_beyond_l1_qty_imbalance >= 0.634331,0.8,0.6343307789000299,0,1,0,256,0
P271_P277_BEYOND_L1_IMBALANCE_GE_Q80_CAP100000_NOT100000_CONC2_COST200,P277_BEYOND_L1_IMBALANCE_GE_Q80,P268_P268_BID_ABSORPTION_BREADTH_REPAIR_H10_IQ0p9_SQ0p75_SPCOMPRESSION;P268_P268_BID_ABSORPTION_BREADTH_REPAIR_H10_IQ0p9_SQ0p75_SPHIGH,100000.0,100000.0,2,cost200,2.0,0.0,256,4,252,39,213,0,2,2,3,3,8,-81.10060242045162,-0.08110060242045161,-2.554668976244226,1,0,200000.0,2.0,0.97265625,-172.7857027118005,0,0,0,0,0,P277_BEYOND_L1_IMBALANCE_GE_Q80,levels_2_to_5_depth,avg_depth_beyond_l1_qty_imbalance >= 0.634331,0.8,0.6343307789000299,0,1,0,256,0
P271_P277_BEYOND_L1_IMBALANCE_GE_Q90_CAP100000_NOT50000_CONC1_COST200,P277_BEYOND_L1_IMBALANCE_GE_Q90,P268_P268_BID_ABSORPTION_BREADTH_REPAIR_H10_IQ0p9_SQ0p75_SPCOMPRESSION;P268_P268_BID_ABSORPTION_BREADTH_REPAIR_H10_IQ0p9_SQ0p75_SPHIGH,100000.0,50000.0,1,cost200,2.0,0.0,128,2,126,25,101,0,2,2,2,2,8,65.62292645810658,0.06562292645810658,2.067122183430357,1,0,100000.0,1.0,0.4921875,0.0,0,0,0,0,0,P277_BEYOND_L1_IMBALANCE_GE_Q90,levels_2_to_5_depth,avg_depth_beyond_l1_qty_imbalance >= 0.671965,0.9,0.6719648454893664,0,1,0,128,0
P271_P277_BEYOND_L1_IMBALANCE_GE_Q90_CAP100000_NOT50000_CONC2_COST200,P277_BEYOND_L1_IMBALANCE_GE_Q90,P268_P268_BID_ABSORPTION_BREADTH_REPAIR_H10_IQ0p9_SQ0p75_SPCOMPRESSION;P268_P268_BID_ABSORPTION_BREADTH_REPAIR_H10_IQ0p9_SQ0p75_SPHIGH,100000.0,50000.0,2,cost200,2.0,0.0,128,3,125,36,89,0,2,2,2,2,8,76.47527442201209,0.07647527442201209,2.4089711442933806,1,0,150000.0,1.5,0.8828125,0.0,0,0,0,0,0,P277_BEYOND_L1_IMBALANCE_GE_Q90,levels_2_to_5_depth,avg_depth_beyond_l1_qty_imbalance >= 0.671965,0.9,0.6719648454893664,0,1,0,128,0
P271_P277_BEYOND_L1_IMBALANCE_GE_Q90_CAP100000_NOT75000_CONC1_COST200,P277_BEYOND_L1_IMBALANCE_GE_Q90,P268_P268_BID_ABSORPTION_BREADTH_REPAIR_H10_IQ0p9_SQ0p75_SPCOMPRESSION;P268_P268_BID_ABSORPTION_BREADTH_REPAIR_H10_IQ0p9_SQ0p75_SPHIGH,100000.0,75000.0,1,cost200,2.0,0.0,128,2,126,25,101,0,2,2,2,2,8,98.43438968715986,0.09843438968715987,3.1006832751455358,1,0,150000.0,1.5,0.73828125,0.0,0,0,0,0,0,P277_BEYOND_L1_IMBALANCE_GE_Q90,levels_2_to_5_depth,avg_depth_beyond_l1_qty_imbalance >= 0.671965,0.9,0.6719648454893664,0,1,0,128,0
P271_P277_BEYOND_L1_IMBALANCE_GE_Q90_CAP100000_NOT75000_CONC2_COST200,P277_BEYOND_L1_IMBALANCE_GE_Q90,P268_P268_BID_ABSORPTION_BREADTH_REPAIR_H10_IQ0p9_SQ0p75_SPCOMPRESSION;P268_P268_BID_ABSORPTION_BREADTH_REPAIR_H10_IQ0p9_SQ0p75_SPHIGH,100000.0,75000.0,2,cost200,2.0,0.0,128,3,125,36,89,0,2,2,2,2,8,76.47527442201209,0.07647527442201209,2.4089711442933806,1,0,150000.0,1.5,0.8828125,0.0,0,0,0,0,0,P277_BEYOND_L1_IMBALANCE_GE_Q90,levels_2_to_5_depth,avg_depth_beyond_l1_qty_imbalance >= 0.671965,0.9,0.6719648454893664,0,1,0,128,0
P271_P277_BEYOND_L1_IMBALANCE_GE_Q90_CAP100000_NOT100000_CONC1_COST200,P277_BEYOND_L1_IMBALANCE_GE_Q90,P268_P268_BID_ABSORPTION_BREADTH_REPAIR_H10_IQ0p9_SQ0p75_SPCOMPRESSION;P268_P268_BID_ABSORPTION_BREADTH_REPAIR_H10_IQ0p9_SQ0p75_SPHIGH,100000.0,100000.0,1,cost200,2.0,0.0,128,2,126,25,101,0,2,2,2,2,8,131.24585291621315,0.13124585291621316,4.134244366860714,1,0,200000.0,2.0,0.984375,0.0,0,0,0,0,0,P277_BEYOND_L1_IMBALANCE_GE_Q90,levels_2_to_5_depth,avg_depth_beyond_l1_qty_imbalance >= 0.671965,0.9,0.6719648454893664,0,1,0,128,0
P271_P277_BEYOND_L1_IMBALANCE_GE_Q90_CAP100000_NOT100000_CONC2_COST200,P277_BEYOND_L1_IMBALANCE_GE_Q90,P268_P268_BID_ABSORPTION_BREADTH_REPAIR_H10_IQ0p9_SQ0p75_SPCOMPRESSION;P268_P268_BID_ABSORPTION_BREADTH_REPAIR_H10_IQ0p9_SQ0p75_SPHIGH,100000.0,100000.0,2,cost200,2.0,0.0,128,3,125,36,89,0,2,2,2,2,8,76.47527442201209,0.07647527442201209,2.4089711442933806,1,0,150000.0,1.5,0.8828125,0.0,0,0,0,0,0,P277_BEYOND_L1_IMBALANCE_GE_Q90,levels_2_to_5_depth,avg_depth_beyond_l1_qty_imbalance >= 0.671965,0.9,0.6719648454893664,0,1,0,128,0
P271_P277_WEIGHTED_DEPTH_GE_Q50_CAP100000_NOT50000_CONC1_COST200,P277_WEIGHTED_DEPTH_GE_Q50,P268_P268_BID_ABSORPTION_BREADTH_REPAIR_H10_IQ0p9_SQ0p75_SPCOMPRESSION;P268_P268_BID_ABSORPTION_BREADTH_REPAIR_H10_IQ0p9_SQ0p75_SPHIGH,100000.0,50000.0,1,cost200,2.0,0.0,640,2,638,50,588,0,2,1,4,2,8,-226.8472053817871,-0.2268472053817871,-7.1456869695262935,1,0,100000.0,1.0,0.4984375,-226.8472053817871,0,0,0,0,0,P277_WEIGHTED_DEPTH_GE_Q50,levels_2_to_5_depth,avg_level_weighted_depth_imbalance >= 0.557013,0.5,0.5570134747046798,0,1,0,640,0
P271_P277_WEIGHTED_DEPTH_GE_Q50_CAP100000_NOT50000_CONC2_COST200,P277_WEIGHTED_DEPTH_GE_Q50,P268_P268_BID_ABSORPTION_BREADTH_REPAIR_H10_IQ0p9_SQ0p75_SPCOMPRESSION;P268_P268_BID_ABSORPTION_BREADTH_REPAIR_H10_IQ0p9_SQ0p75_SPHIGH,100000.0,50000.0,2,cost200,2.0,0.0,640,4,636,67,569,0,2,2,4,3,8,-197.54835156784776,-0.19754835156784775,-6.222773074387204,1,0,200000.0,2.0,0.96796875,-197.54835156784776,0,0,0,0,0,P277_WEIGHTED_DEPTH_GE_Q50,levels_2_to_5_depth,avg_level_weighted_depth_imbalance >= 0.557013,0.5,0.5570134747046798,0,1,0,640,0
P271_P277_WEIGHTED_DEPTH_GE_Q50_CAP100000_NOT75000_CONC1_COST200,P277_WEIGHTED_DEPTH_GE_Q50,P268_P268_BID_ABSORPTION_BREADTH_REPAIR_H10_IQ0p9_SQ0p75_SPCOMPRESSION;P268_P268_BID_ABSORPTION_BREADTH_REPAIR_H10_IQ0p9_SQ0p75_SPHIGH,100000.0,75000.0,1,cost200,2.0,0.0,640,2,638,50,588,0,2,1,4,2,8,-340.27080807268067,-0.3402708080726807,-10.718530454289441,1,0,150000.0,1.5,0.74765625,-340.27080807268067,0,0,0,0,0,P277_WEIGHTED_DEPTH_GE_Q50,levels_2_to_5_depth,avg_level_weighted_depth_imbalance >= 0.557013,0.5,0.5570134747046798,0,1,0,640,0
P271_P277_WEIGHTED_DEPTH_GE_Q50_CAP100000_NOT75000_CONC2_COST200,P277_WEIGHTED_DEPTH_GE_Q50,P268_P268_BID_ABSORPTION_BREADTH_REPAIR_H10_IQ0p9_SQ0p75_SPCOMPRESSION;P268_P268_BID_ABSORPTION_BREADTH_REPAIR_H10_IQ0p9_SQ0p75_SPHIGH,100000.0,75000.0,2,cost200,2.0,0.0,640,4,636,67,569,0,2,2,4,3,8,-197.54835156784776,-0.19754835156784775,-6.222773074387204,1,0,200000.0,2.0,0.96796875,-197.54835156784776,0,0,0,0,0,P277_WEIGHTED_DEPTH_GE_Q50,levels_2_to_5_depth,avg_level_weighted_depth_imbalance >= 0.557013,0.5,0.5570134747046798,0,1,0,640,0
P271_P277_WEIGHTED_DEPTH_GE_Q50_CAP100000_NOT100000_CONC1_COST200,P277_WEIGHTED_DEPTH_GE_Q50,P268_P268_BID_ABSORPTION_BREADTH_REPAIR_H10_IQ0p9_SQ0p75_SPCOMPRESSION;P268_P268_BID_ABSORPTION_BREADTH_REPAIR_H10_IQ0p9_SQ0p75_SPHIGH,100000.0,100000.0,1,cost200,2.0,0.0,640,2,638,50,588,0,2,1,4,2,8,-453.6944107635742,-0.4536944107635742,-14.291373939052587,1,0,200000.0,2.0,0.996875,-453.6944107635742,0,0,0,0,0,P277_WEIGHTED_DEPTH_GE_Q50,levels_2_to_5_depth,avg_level_weighted_depth_imbalance >= 0.557013,0.5,0.5570134747046798,0,1,0,640,0
P271_P277_WEIGHTED_DEPTH_GE_Q50_CAP100000_NOT100000_CONC2_COST200,P277_WEIGHTED_DEPTH_GE_Q50,P268_P268_BID_ABSORPTION_BREADTH_REPAIR_H10_IQ0p9_SQ0p75_SPCOMPRESSION;P268_P268_BID_ABSORPTION_BREADTH_REPAIR_H10_IQ0p9_SQ0p75_SPHIGH,100000.0,100000.0,2,cost200,2.0,0.0,640,4,636,67,569,0,2,2,4,3,8,-197.54835156784776,-0.19754835156784775,-6.222773074387204,1,0,200000.0,2.0,0.96796875,-197.54835156784776,0,0,0,0,0,P277_WEIGHTED_DEPTH_GE_Q50,levels_2_to_5_depth,avg_level_weighted_depth_imbalance >= 0.557013,0.5,0.5570134747046798,0,1,0,640,0
P271_P277_WEIGHTED_DEPTH_GE_Q60_CAP100000_NOT50000_CONC1_COST200,P277_WEIGHTED_DEPTH_GE_Q60,P268_P268_BID_ABSORPTION_BREADTH_REPAIR_H10_IQ0p9_SQ0p75_SPCOMPRESSION;P268_P268_BID_ABSORPTION_BREADTH_REPAIR_H10_IQ0p9_SQ0p75_SPHIGH,100000.0,50000.0,1,cost200,2.0,0.0,512,2,510,36,474,0,2,1,4,2,8,-182.22102101886549,-0.18222102101886548,-5.739962162094263,1,0,100000.0,1.0,0.498046875,-182.22102101886549,0,0,0,0,0,P277_WEIGHTED_DEPTH_GE_Q60,levels_2_to_5_depth,avg_level_weighted_depth_imbalance >= 0.582283,0.6,0.582283194235499,0,1,0,512,0
P271_P277_WEIGHTED_DEPTH_GE_Q60_CAP100000_NOT50000_CONC2_COST200,P277_WEIGHTED_DEPTH_GE_Q60,P268_P268_BID_ABSORPTION_BREADTH_REPAIR_H10_IQ0p9_SQ0p75_SPCOMPRESSION;P268_P268_BID_ABSORPTION_BREADTH_REPAIR_H10_IQ0p9_SQ0p75_SPHIGH,100000.0,50000.0,2,cost200,2.0,0.0,512,4,508,51,457,0,2,2,4,3,8,-245.81367874781347,-0.24581367874781349,-7.743130880556125,1,0,200000.0,2.0,0.9658203125,-245.81367874781347,0,0,0,0,0,P277_WEIGHTED_DEPTH_GE_Q60,levels_2_to_5_depth,avg_level_weighted_depth_imbalance >= 0.582283,0.6,0.582283194235499,0,1,0,512,0
P271_P277_WEIGHTED_DEPTH_GE_Q60_CAP100000_NOT75000_CONC1_COST200,P277_WEIGHTED_DEPTH_GE_Q60,P268_P268_BID_ABSORPTION_BREADTH_REPAIR_H10_IQ0p9_SQ0p75_SPCOMPRESSION;P268_P268_BID_ABSORPTION_BREADTH_REPAIR_H10_IQ0p9_SQ0p75_SPHIGH,100000.0,75000.0,1,cost200,2.0,0.0,512,2,510,36,474,0,2,1,4,2,8,-273.33153152829817,-0.27333153152829814,-8.609943243141391,1,0,150000.0,1.5,0.7470703125,-273.33153152829817,0,0,0,0,0,P277_WEIGHTED_DEPTH_GE_Q60,levels_2_to_5_depth,avg_level_weighted_depth_imbalance >= 0.582283,0.6,0.582283194235499,0,1,0,512,0
P271_P277_WEIGHTED_DEPTH_GE_Q60_CAP100000_NOT75000_CONC2_COST200,P277_WEIGHTED_DEPTH_GE_Q60,P268_P268_BID_ABSORPTION_BREADTH_REPAIR_H10_IQ0p9_SQ0p75_SPCOMPRESSION;P268_P268_BID_ABSORPTION_BREADTH_REPAIR_H10_IQ0p9_SQ0p75_SPHIGH,100000.0,75000.0,2,cost200,2.0,0.0,512,4,508,51,457,0,2,2,4,3,8,-245.81367874781347,-0.24581367874781349,-7.743130880556125,1,0,200000.0,2.0,0.9658203125,-245.81367874781347,0,0,0,0,0,P277_WEIGHTED_DEPTH_GE_Q60,levels_2_to_5_depth,avg_level_weighted_depth_imbalance >= 0.582283,0.6,0.582283194235499,0,1,0,512,0
P271_P277_WEIGHTED_DEPTH_GE_Q60_CAP100000_NOT100000_CONC1_COST200,P277_WEIGHTED_DEPTH_GE_Q60,P268_P268_BID_ABSORPTION_BREADTH_REPAIR_H10_IQ0p9_SQ0p75_SPCOMPRESSION;P268_P268_BID_ABSORPTION_BREADTH_REPAIR_H10_IQ0p9_SQ0p75_SPHIGH,100000.0,100000.0,1,cost200,2.0,0.0,512,2,510,36,474,0,2,1,4,2,8,-364.44204203773097,-0.36444204203773095,-11.479924324188525,1,0,200000.0,2.0,0.99609375,-364.44204203773097,0,0,0,0,0,P277_WEIGHTED_DEPTH_GE_Q60,levels_2_to_5_depth,avg_level_weighted_depth_imbalance >= 0.582283,0.6,0.582283194235499,0,1,0,512,0
P271_P277_WEIGHTED_DEPTH_GE_Q60_CAP100000_NOT100000_CONC2_COST200,P277_WEIGHTED_DEPTH_GE_Q60,P268_P268_BID_ABSORPTION_BREADTH_REPAIR_H10_IQ0p9_SQ0p75_SPCOMPRESSION;P268_P268_BID_ABSORPTION_BREADTH_REPAIR_H10_IQ0p9_SQ0p75_SPHIGH,100000.0,100000.0,2,cost200,2.0,0.0,512,4,508,51,457,0,2,2,4,3,8,-245.81367874781347,-0.24581367874781349,-7.743130880556125,1,0,200000.0,2.0,0.9658203125,-245.81367874781347,0,0,0,0,0,P277_WEIGHTED_DEPTH_GE_Q60,levels_2_to_5_depth,avg_level_weighted_depth_imbalance >= 0.582283,0.6,0.582283194235499,0,1,0,512,0
P271_P277_WEIGHTED_DEPTH_GE_Q70_CAP100000_NOT50000_CONC1_COST200,P277_WEIGHTED_DEPTH_GE_Q70,P268_P268_BID_ABSORPTION_BREADTH_REPAIR_H10_IQ0p9_SQ0p75_SPCOMPRESSION;P268_P268_BID_ABSORPTION_BREADTH_REPAIR_H10_IQ0p9_SQ0p75_SPHIGH,100000.0,50000.0,1,cost200,2.0,0.0,384,2,382,19,363,0,2,2,4,2,8,-24.911928252077836,-0.024911928252077838,-0.7847257399404519,1,0,100000.0,1.0,0.4973958333333333,-36.29619152354718,0,0,0,0,0,P277_WEIGHTED_DEPTH_GE_Q70,levels_2_to_5_depth,avg_level_weighted_depth_imbalance >= 0.607609,0.7,0.6076086132324942,0,1,0,384,0
P271_P277_WEIGHTED_DEPTH_GE_Q70_CAP100000_NOT50000_CONC2_COST200,P277_WEIGHTED_DEPTH_GE_Q70,P268_P268_BID_ABSORPTION_BREADTH_REPAIR_H10_IQ0p9_SQ0p75_SPCOMPRESSION;P268_P268_BID_ABSORPTION_BREADTH_REPAIR_H10_IQ0p9_SQ0p75_SPHIGH,100000.0,50000.0,2,cost200,2.0,0.0,384,4,380,32,348,0,2,1,4,3,8,-276.27713053134914,-0.2762771305313491,-8.702729611737498,1,0,200000.0,2.0,0.9739583333333334,-276.27713053134914,0,0,0,0,0,P277_WEIGHTED_DEPTH_GE_Q70,levels_2_to_5_depth,avg_level_weighted_depth_imbalance >= 0.607609,0.7,0.6076086132324942,0,1,0,384,0
P271_P277_WEIGHTED_DEPTH_GE_Q70_CAP100000_NOT75000_CONC1_COST200,P277_WEIGHTED_DEPTH_GE_Q70,P268_P268_BID_ABSORPTION_BREADTH_REPAIR_H10_IQ0p9_SQ0p75_SPCOMPRESSION;P268_P268_BID_ABSORPTION_BREADTH_REPAIR_H10_IQ0p9_SQ0p75_SPHIGH,100000.0,75000.0,1,cost200,2.0,0.0,384,2,382,19,363,0,2,2,4,2,8,-37.36789237811675,-0.03736789237811675,-1.1770886099106777,1,0,150000.0,1.5,0.74609375,-54.44428728532077,0,0,0,0,0,P277_WEIGHTED_DEPTH_GE_Q70,levels_2_to_5_depth,avg_level_weighted_depth_imbalance >= 0.607609,0.7,0.6076086132324942,0,1,0,384,0
P271_P277_WEIGHTED_DEPTH_GE_Q70_CAP100000_NOT75000_CONC2_COST200,P277_WEIGHTED_DEPTH_GE_Q70,P268_P268_BID_ABSORPTION_BREADTH_REPAIR_H10_IQ0p9_SQ0p75_SPCOMPRESSION;P268_P268_BID_ABSORPTION_BREADTH_REPAIR_H10_IQ0p9_SQ0p75_SPHIGH,100000.0,75000.0,2,cost200,2.0,0.0,384,4,380,32,348,0,2,1,4,3,8,-276.27713053134914,-0.2762771305313491,-8.702729611737498,1,0,200000.0,2.0,0.9739583333333334,-276.27713053134914,0,0,0,0,0,P277_WEIGHTED_DEPTH_GE_Q70,levels_2_to_5_depth,avg_level_weighted_depth_imbalance >= 0.607609,0.7,0.6076086132324942,0,1,0,384,0
P271_P277_WEIGHTED_DEPTH_GE_Q70_CAP100000_NOT100000_CONC1_COST200,P277_WEIGHTED_DEPTH_GE_Q70,P268_P268_BID_ABSORPTION_BREADTH_REPAIR_H10_IQ0p9_SQ0p75_SPCOMPRESSION;P268_P268_BID_ABSORPTION_BREADTH_REPAIR_H10_IQ0p9_SQ0p75_SPHIGH,100000.0,100000.0,1,cost200,2.0,0.0,384,2,382,19,363,0,2,2,4,2,8,-49.82385650415567,-0.049823856504155675,-1.5694514798809038,1,0,200000.0,2.0,0.9947916666666666,-72.59238304709436,0,0,0,0,0,P277_WEIGHTED_DEPTH_GE_Q70,levels_2_to_5_depth,avg_level_weighted_depth_imbalance >= 0.607609,0.7,0.6076086132324942,0,1,0,384,0
P271_P277_WEIGHTED_DEPTH_GE_Q70_CAP100000_NOT100000_CONC2_COST200,P277_WEIGHTED_DEPTH_GE_Q70,P268_P268_BID_ABSORPTION_BREADTH_REPAIR_H10_IQ0p9_SQ0p75_SPCOMPRESSION;P268_P268_BID_ABSORPTION_BREADTH_REPAIR_H10_IQ0p9_SQ0p75_SPHIGH,100000.0,100000.0,2,cost200,2.0,0.0,384,4,380,32,348,0,2,1,4,3,8,-276.27713053134914,-0.2762771305313491,-8.702729611737498,1,0,200000.0,2.0,0.9739583333333334,-276.27713053134914,0,0,0,0,0,P277_WEIGHTED_DEPTH_GE_Q70,levels_2_to_5_depth,avg_level_weighted_depth_imbalance >= 0.607609,0.7,0.6076086132324942,0,1,0,384,0
P271_P277_WEIGHTED_DEPTH_GE_Q80_CAP100000_NOT50000_CONC1_COST200,P277_WEIGHTED_DEPTH_GE_Q80,P268_P268_BID_ABSORPTION_BREADTH_REPAIR_H10_IQ0p9_SQ0p75_SPCOMPRESSION;P268_P268_BID_ABSORPTION_BREADTH_REPAIR_H10_IQ0p9_SQ0p75_SPHIGH,100000.0,50000.0,1,cost200,2.0,0.0,256,2,254,12,242,0,2,2,4,2,8,-24.911928252077836,-0.024911928252077838,-0.7847257399404519,1,0,100000.0,1.0,0.49609375,-36.29619152354718,0,0,0,0,0,P277_WEIGHTED_DEPTH_GE_Q80,levels_2_to_5_depth,avg_level_weighted_depth_imbalance >= 0.634034,0.8,0.6340344456468718,0,1,0,256,0
P271_P277_WEIGHTED_DEPTH_GE_Q80_CAP100000_NOT50000_CONC2_COST200,P277_WEIGHTED_DEPTH_GE_Q80,P268_P268_BID_ABSORPTION_BREADTH_REPAIR_H10_IQ0p9_SQ0p75_SPCOMPRESSION;P268_P268_BID_ABSORPTION_BREADTH_REPAIR_H10_IQ0p9_SQ0p75_SPHIGH,100000.0,50000.0,2,cost200,2.0,0.0,256,4,252,18,234,0,2,1,4,3,8,-276.27713053134914,-0.2762771305313491,-8.702729611737498,1,0,200000.0,2.0,0.96875,-276.27713053134914,0,0,0,0,0,P277_WEIGHTED_DEPTH_GE_Q80,levels_2_to_5_depth,avg_level_weighted_depth_imbalance >= 0.634034,0.8,0.6340344456468718,0,1,0,256,0
P271_P277_WEIGHTED_DEPTH_GE_Q80_CAP100000_NOT75000_CONC1_COST200,P277_WEIGHTED_DEPTH_GE_Q80,P268_P268_BID_ABSORPTION_BREADTH_REPAIR_H10_IQ0p9_SQ0p75_SPCOMPRESSION;P268_P268_BID_ABSORPTION_BREADTH_REPAIR_H10_IQ0p9_SQ0p75_SPHIGH,100000.0,75000.0,1,cost200,2.0,0.0,256,2,254,12,242,0,2,2,4,2,8,-37.36789237811675,-0.03736789237811675,-1.1770886099106777,1,0,150000.0,1.5,0.744140625,-54.44428728532077,0,0,0,0,0,P277_WEIGHTED_DEPTH_GE_Q80,levels_2_to_5_depth,avg_level_weighted_depth_imbalance >= 0.634034,0.8,0.6340344456468718,0,1,0,256,0
P271_P277_WEIGHTED_DEPTH_GE_Q80_CAP100000_NOT75000_CONC2_COST200,P277_WEIGHTED_DEPTH_GE_Q80,P268_P268_BID_ABSORPTION_BREADTH_REPAIR_H10_IQ0p9_SQ0p75_SPCOMPRESSION;P268_P268_BID_ABSORPTION_BREADTH_REPAIR_H10_IQ0p9_SQ0p75_SPHIGH,100000.0,75000.0,2,cost200,2.0,0.0,256,4,252,18,234,0,2,1,4,3,8,-276.27713053134914,-0.2762771305313491,-8.702729611737498,1,0,200000.0,2.0,0.96875,-276.27713053134914,0,0,0,0,0,P277_WEIGHTED_DEPTH_GE_Q80,levels_2_to_5_depth,avg_level_weighted_depth_imbalance >= 0.634034,0.8,0.6340344456468718,0,1,0,256,0
P271_P277_WEIGHTED_DEPTH_GE_Q80_CAP100000_NOT100000_CONC1_COST200,P277_WEIGHTED_DEPTH_GE_Q80,P268_P268_BID_ABSORPTION_BREADTH_REPAIR_H10_IQ0p9_SQ0p75_SPCOMPRESSION;P268_P268_BID_ABSORPTION_BREADTH_REPAIR_H10_IQ0p9_SQ0p75_SPHIGH,100000.0,100000.0,1,cost200,2.0,0.0,256,2,254,12,242,0,2,2,4,2,8,-49.82385650415567,-0.049823856504155675,-1.5694514798809038,1,0,200000.0,2.0,0.9921875,-72.59238304709436,0,0,0,0,0,P277_WEIGHTED_DEPTH_GE_Q80,levels_2_to_5_depth,avg_level_weighted_depth_imbalance >= 0.634034,0.8,0.6340344456468718,0,1,0,256,0
P271_P277_WEIGHTED_DEPTH_GE_Q80_CAP100000_NOT100000_CONC2_COST200,P277_WEIGHTED_DEPTH_GE_Q80,P268_P268_BID_ABSORPTION_BREADTH_REPAIR_H10_IQ0p9_SQ0p75_SPCOMPRESSION;P268_P268_BID_ABSORPTION_BREADTH_REPAIR_H10_IQ0p9_SQ0p75_SPHIGH,100000.0,100000.0,2,cost200,2.0,0.0,256,4,252,18,234,0,2,1,4,3,8,-276.27713053134914,-0.2762771305313491,-8.702729611737498,1,0,200000.0,2.0,0.96875,-276.27713053134914,0,0,0,0,0,P277_WEIGHTED_DEPTH_GE_Q80,levels_2_to_5_depth,avg_level_weighted_depth_imbalance >= 0.634034,0.8,0.6340344456468718,0,1,0,256,0
P271_P277_WEIGHTED_DEPTH_GE_Q90_CAP100000_NOT50000_CONC1_COST200,P277_WEIGHTED_DEPTH_GE_Q90,P268_P268_BID_ABSORPTION_BREADTH_REPAIR_H10_IQ0p9_SQ0p75_SPCOMPRESSION;P268_P268_BID_ABSORPTION_BREADTH_REPAIR_H10_IQ0p9_SQ0p75_SPHIGH,100000.0,50000.0,1,cost200,2.0,0.0,128,2,126,6,120,0,2,1,3,2,8,76.08486707632701,0.07608486707632701,2.396673312904301,1,0,100000.0,1.0,0.4921875,0.0,0,0,0,0,0,P277_WEIGHTED_DEPTH_GE_Q90,levels_2_to_5_depth,avg_level_weighted_depth_imbalance >= 0.670035,0.9,0.6700347115790438,0,1,0,128,0
P271_P277_WEIGHTED_DEPTH_GE_Q90_CAP100000_NOT50000_CONC2_COST200,P277_WEIGHTED_DEPTH_GE_Q90,P268_P268_BID_ABSORPTION_BREADTH_REPAIR_H10_IQ0p9_SQ0p75_SPCOMPRESSION;P268_P268_BID_ABSORPTION_BREADTH_REPAIR_H10_IQ0p9_SQ0p75_SPHIGH,100000.0,50000.0,2,cost200,2.0,0.0,128,3,125,6,119,0,2,2,3,3,8,-33.190401139086774,-0.03319040113908677,-1.0454976358812333,1,0,150000.0,1.5,0.97265625,-109.27526821541379,0,0,0,0,0,P277_WEIGHTED_DEPTH_GE_Q90,levels_2_to_5_depth,avg_level_weighted_depth_imbalance >= 0.670035,0.9,0.6700347115790438,0,1,0,128,0
P271_P277_WEIGHTED_DEPTH_GE_Q90_CAP100000_NOT75000_CONC1_COST200,P277_WEIGHTED_DEPTH_GE_Q90,P268_P268_BID_ABSORPTION_BREADTH_REPAIR_H10_IQ0p9_SQ0p75_SPCOMPRESSION;P268_P268_BID_ABSORPTION_BREADTH_REPAIR_H10_IQ0p9_SQ0p75_SPHIGH,100000.0,75000.0,1,cost200,2.0,0.0,128,2,126,6,120,0,2,1,3,2,8,114.12730061449052,0.11412730061449053,3.5950099693564517,1,0,150000.0,1.5,0.73828125,0.0,0,0,0,0,0,P277_WEIGHTED_DEPTH_GE_Q90,levels_2_to_5_depth,avg_level_weighted_depth_imbalance >= 0.670035,0.9,0.6700347115790438,0,1,0,128,0
P271_P277_WEIGHTED_DEPTH_GE_Q90_CAP100000_NOT75000_CONC2_COST200,P277_WEIGHTED_DEPTH_GE_Q90,P268_P268_BID_ABSORPTION_BREADTH_REPAIR_H10_IQ0p9_SQ0p75_SPCOMPRESSION;P268_P268_BID_ABSORPTION_BREADTH_REPAIR_H10_IQ0p9_SQ0p75_SPHIGH,100000.0,75000.0,2,cost200,2.0,0.0,128,3,125,6,119,0,2,2,3,3,8,-33.190401139086774,-0.03319040113908677,-1.0454976358812333,1,0,150000.0,1.5,0.97265625,-109.27526821541379,0,0,0,0,0,P277_WEIGHTED_DEPTH_GE_Q90,levels_2_to_5_depth,avg_level_weighted_depth_imbalance >= 0.670035,0.9,0.6700347115790438,0,1,0,128,0
P271_P277_WEIGHTED_DEPTH_GE_Q90_CAP100000_NOT100000_CONC1_COST200,P277_WEIGHTED_DEPTH_GE_Q90,P268_P268_BID_ABSORPTION_BREADTH_REPAIR_H10_IQ0p9_SQ0p75_SPCOMPRESSION;P268_P268_BID_ABSORPTION_BREADTH_REPAIR_H10_IQ0p9_SQ0p75_SPHIGH,100000.0,100000.0,1,cost200,2.0,0.0,128,2,126,6,120,0,2,1,3,2,8,152.16973415265403,0.15216973415265403,4.793346625808602,1,0,200000.0,2.0,0.984375,0.0,0,0,0,0,0,P277_WEIGHTED_DEPTH_GE_Q90,levels_2_to_5_depth,avg_level_weighted_depth_imbalance >= 0.670035,0.9,0.6700347115790438,0,1,0,128,0
P271_P277_WEIGHTED_DEPTH_GE_Q90_CAP100000_NOT100000_CONC2_COST200,P277_WEIGHTED_DEPTH_GE_Q90,P268_P268_BID_ABSORPTION_BREADTH_REPAIR_H10_IQ0p9_SQ0p75_SPCOMPRESSION;P268_P268_BID_ABSORPTION_BREADTH_REPAIR_H10_IQ0p9_SQ0p75_SPHIGH,100000.0,100000.0,2,cost200,2.0,0.0,128,3,125,6,119,0,2,2,3,3,8,-33.190401139086774,-0.03319040113908677,-1.0454976358812333,1,0,150000.0,1.5,0.97265625,-109.27526821541379,0,0,0,0,0,P277_WEIGHTED_DEPTH_GE_Q90,levels_2_to_5_depth,avg_level_weighted_depth_imbalance >= 0.670035,0.9,0.6700347115790438,0,1,0,128,0
P271_P277_DEPTH_CONSENSUS_GE_Q50_CAP100000_NOT50000_CONC1_COST200,P277_DEPTH_CONSENSUS_GE_Q50,P268_P268_BID_ABSORPTION_BREADTH_REPAIR_H10_IQ0p9_SQ0p75_SPCOMPRESSION;P268_P268_BID_ABSORPTION_BREADTH_REPAIR_H10_IQ0p9_SQ0p75_SPHIGH,100000.0,50000.0,1,cost200,2.0,0.0,640,2,638,56,582,0,2,1,4,2,8,-216.12468694561116,-0.21612468694561116,-6.807927638786752,1,0,100000.0,1.0,0.4984375,-221.0144656417756,0,0,0,0,0,P277_DEPTH_CONSENSUS_GE_Q50,top5_and_levels_2_to_5_consensus,depth_consensus_imbalance >= 0.575120,0.5,0.5751200270345707,1,1,0,640,0
P271_P277_DEPTH_CONSENSUS_GE_Q50_CAP100000_NOT50000_CONC2_COST200,P277_DEPTH_CONSENSUS_GE_Q50,P268_P268_BID_ABSORPTION_BREADTH_REPAIR_H10_IQ0p9_SQ0p75_SPCOMPRESSION;P268_P268_BID_ABSORPTION_BREADTH_REPAIR_H10_IQ0p9_SQ0p75_SPHIGH,100000.0,50000.0,2,cost200,2.0,0.0,640,4,636,73,563,0,2,2,4,3,8,-235.5319088912783,-0.2355319088912783,-7.419255130075267,1,0,200000.0,2.0,0.97265625,-240.42168758744273,0,0,0,0,0,P277_DEPTH_CONSENSUS_GE_Q50,top5_and_levels_2_to_5_consensus,depth_consensus_imbalance >= 0.575120,0.5,0.5751200270345707,1,1,0,640,0
P271_P277_DEPTH_CONSENSUS_GE_Q50_CAP100000_NOT75000_CONC1_COST200,P277_DEPTH_CONSENSUS_GE_Q50,P268_P268_BID_ABSORPTION_BREADTH_REPAIR_H10_IQ0p9_SQ0p75_SPCOMPRESSION;P268_P268_BID_ABSORPTION_BREADTH_REPAIR_H10_IQ0p9_SQ0p75_SPHIGH,100000.0,75000.0,1,cost200,2.0,0.0,640,2,638,56,582,0,2,1,4,2,8,-324.1870304184167,-0.32418703041841673,-10.211891458180126,1,0,150000.0,1.5,0.74765625,-331.5216984626634,0,0,0,0,0,P277_DEPTH_CONSENSUS_GE_Q50,top5_and_levels_2_to_5_consensus,depth_consensus_imbalance >= 0.575120,0.5,0.5751200270345707,1,1,0,640,0
P271_P277_DEPTH_CONSENSUS_GE_Q50_CAP100000_NOT75000_CONC2_COST200,P277_DEPTH_CONSENSUS_GE_Q50,P268_P268_BID_ABSORPTION_BREADTH_REPAIR_H10_IQ0p9_SQ0p75_SPCOMPRESSION;P268_P268_BID_ABSORPTION_BREADTH_REPAIR_H10_IQ0p9_SQ0p75_SPHIGH,100000.0,75000.0,2,cost200,2.0,0.0,640,4,636,73,563,0,2,2,4,3,8,-235.5319088912783,-0.2355319088912783,-7.419255130075267,1,0,200000.0,2.0,0.97265625,-240.42168758744273,0,0,0,0,0,P277_DEPTH_CONSENSUS_GE_Q50,top5_and_levels_2_to_5_consensus,depth_consensus_imbalance >= 0.575120,0.5,0.5751200270345707,1,1,0,640,0
P271_P277_DEPTH_CONSENSUS_GE_Q50_CAP100000_NOT100000_CONC1_COST200,P277_DEPTH_CONSENSUS_GE_Q50,P268_P268_BID_ABSORPTION_BREADTH_REPAIR_H10_IQ0p9_SQ0p75_SPCOMPRESSION;P268_P268_BID_ABSORPTION_BREADTH_REPAIR_H10_IQ0p9_SQ0p75_SPHIGH,100000.0,100000.0,1,cost200,2.0,0.0,640,2,638,56,582,0,2,1,4,2,8,-432.2493738912223,-0.4322493738912223,-13.615855277573504,1,0,200000.0,2.0,0.996875,-442.0289312835512,0,0,0,0,0,P277_DEPTH_CONSENSUS_GE_Q50,top5_and_levels_2_to_5_consensus,depth_consensus_imbalance >= 0.575120,0.5,0.5751200270345707,1,1,0,640,0
P271_P277_DEPTH_CONSENSUS_GE_Q50_CAP100000_NOT100000_CONC2_COST200,P277_DEPTH_CONSENSUS_GE_Q50,P268_P268_BID_ABSORPTION_BREADTH_REPAIR_H10_IQ0p9_SQ0p75_SPCOMPRESSION;P268_P268_BID_ABSORPTION_BREADTH_REPAIR_H10_IQ0p9_SQ0p75_SPHIGH,100000.0,100000.0,2,cost200,2.0,0.0,640,4,636,73,563,0,2,2,4,3,8,-235.5319088912783,-0.2355319088912783,-7.419255130075267,1,0,200000.0,2.0,0.97265625,-240.42168758744273,0,0,0,0,0,P277_DEPTH_CONSENSUS_GE_Q50,top5_and_levels_2_to_5_consensus,depth_consensus_imbalance >= 0.575120,0.5,0.5751200270345707,1,1,0,640,0
P271_P277_DEPTH_CONSENSUS_GE_Q60_CAP100000_NOT50000_CONC1_COST200,P277_DEPTH_CONSENSUS_GE_Q60,P268_P268_BID_ABSORPTION_BREADTH_REPAIR_H10_IQ0p9_SQ0p75_SPCOMPRESSION;P268_P268_BID_ABSORPTION_BREADTH_REPAIR_H10_IQ0p9_SQ0p75_SPHIGH,100000.0,50000.0,1,cost200,2.0,0.0,512,2,510,43,467,0,2,1,4,2,8,-216.12468694561116,-0.21612468694561116,-6.807927638786752,1,0,100000.0,1.0,0.498046875,-221.0144656417756,0,0,0,0,0,P277_DEPTH_CONSENSUS_GE_Q60,top5_and_levels_2_to_5_consensus,depth_consensus_imbalance >= 0.590831,0.6,0.5908308110979859,1,1,0,512,0
P271_P277_DEPTH_CONSENSUS_GE_Q60_CAP100000_NOT50000_CONC2_COST200,P277_DEPTH_CONSENSUS_GE_Q60,P268_P268_BID_ABSORPTION_BREADTH_REPAIR_H10_IQ0p9_SQ0p75_SPCOMPRESSION;P268_P268_BID_ABSORPTION_BREADTH_REPAIR_H10_IQ0p9_SQ0p75_SPHIGH,100000.0,50000.0,2,cost200,2.0,0.0,512,4,508,56,452,0,2,2,4,3,8,-186.8258331316718,-0.1868258331316718,-5.885013743647662,1,0,200000.0,2.0,0.97265625,-191.71561182783623,0,0,0,0,0,P277_DEPTH_CONSENSUS_GE_Q60,top5_and_levels_2_to_5_consensus,depth_consensus_imbalance >= 0.590831,0.6,0.5908308110979859,1,1,0,512,0
P271_P277_DEPTH_CONSENSUS_GE_Q60_CAP100000_NOT75000_CONC1_COST200,P277_DEPTH_CONSENSUS_GE_Q60,P268_P268_BID_ABSORPTION_BREADTH_REPAIR_H10_IQ0p9_SQ0p75_SPCOMPRESSION;P268_P268_BID_ABSORPTION_BREADTH_REPAIR_H10_IQ0p9_SQ0p75_SPHIGH,100000.0,75000.0,1,cost200,2.0,0.0,512,2,510,43,467,0,2,1,4,2,8,-324.1870304184167,-0.32418703041841673,-10.211891458180126,1,0,150000.0,1.5,0.7470703125,-331.5216984626634,0,0,0,0,0,P277_DEPTH_CONSENSUS_GE_Q60,top5_and_levels_2_to_5_consensus,depth_consensus_imbalance >= 0.590831,0.6,0.5908308110979859,1,1,0,512,0
P271_P277_DEPTH_CONSENSUS_GE_Q60_CAP100000_NOT75000_CONC2_COST200,P277_DEPTH_CONSENSUS_GE_Q60,P268_P268_BID_ABSORPTION_BREADTH_REPAIR_H10_IQ0p9_SQ0p75_SPCOMPRESSION;P268_P268_BID_ABSORPTION_BREADTH_REPAIR_H10_IQ0p9_SQ0p75_SPHIGH,100000.0,75000.0,2,cost200,2.0,0.0,512,4,508,56,452,0,2,2,4,3,8,-186.8258331316718,-0.1868258331316718,-5.885013743647662,1,0,200000.0,2.0,0.97265625,-191.71561182783623,0,0,0,0,0,P277_DEPTH_CONSENSUS_GE_Q60,top5_and_levels_2_to_5_consensus,depth_consensus_imbalance >= 0.590831,0.6,0.5908308110979859,1,1,0,512,0
P271_P277_DEPTH_CONSENSUS_GE_Q60_CAP100000_NOT100000_CONC1_COST200,P277_DEPTH_CONSENSUS_GE_Q60,P268_P268_BID_ABSORPTION_BREADTH_REPAIR_H10_IQ0p9_SQ0p75_SPCOMPRESSION;P268_P268_BID_ABSORPTION_BREADTH_REPAIR_H10_IQ0p9_SQ0p75_SPHIGH,100000.0,100000.0,1,cost200,2.0,0.0,512,2,510,43,467,0,2,1,4,2,8,-432.2493738912223,-0.4322493738912223,-13.615855277573504,1,0,200000.0,2.0,0.99609375,-442.0289312835512,0,0,0,0,0,P277_DEPTH_CONSENSUS_GE_Q60,top5_and_levels_2_to_5_consensus,depth_consensus_imbalance >= 0.590831,0.6,0.5908308110979859,1,1,0,512,0
P271_P277_DEPTH_CONSENSUS_GE_Q60_CAP100000_NOT100000_CONC2_COST200,P277_DEPTH_CONSENSUS_GE_Q60,P268_P268_BID_ABSORPTION_BREADTH_REPAIR_H10_IQ0p9_SQ0p75_SPCOMPRESSION;P268_P268_BID_ABSORPTION_BREADTH_REPAIR_H10_IQ0p9_SQ0p75_SPHIGH,100000.0,100000.0,2,cost200,2.0,0.0,512,4,508,56,452,0,2,2,4,3,8,-186.8258331316718,-0.1868258331316718,-5.885013743647662,1,0,200000.0,2.0,0.97265625,-191.71561182783623,0,0,0,0,0,P277_DEPTH_CONSENSUS_GE_Q60,top5_and_levels_2_to_5_consensus,depth_consensus_imbalance >= 0.590831,0.6,0.5908308110979859,1,1,0,512,0
P271_P277_DEPTH_CONSENSUS_GE_Q70_CAP100000_NOT50000_CONC1_COST200,P277_DEPTH_CONSENSUS_GE_Q70,P268_P268_BID_ABSORPTION_BREADTH_REPAIR_H10_IQ0p9_SQ0p75_SPCOMPRESSION;P268_P268_BID_ABSORPTION_BREADTH_REPAIR_H10_IQ0p9_SQ0p75_SPHIGH,100000.0,50000.0,1,cost200,2.0,0.0,384,2,382,32,350,0,2,1,4,2,8,-216.12468694561116,-0.21612468694561116,-6.807927638786752,1,0,100000.0,1.0,0.4973958333333333,-221.0144656417756,0,0,0,0,0,P277_DEPTH_CONSENSUS_GE_Q70,top5_and_levels_2_to_5_consensus,depth_consensus_imbalance >= 0.603199,0.7,0.6031992683461945,1,1,0,384,0
P271_P277_DEPTH_CONSENSUS_GE_Q70_CAP100000_NOT50000_CONC2_COST200,P277_DEPTH_CONSENSUS_GE_Q70,P268_P268_BID_ABSORPTION_BREADTH_REPAIR_H10_IQ0p9_SQ0p75_SPCOMPRESSION;P268_P268_BID_ABSORPTION_BREADTH_REPAIR_H10_IQ0p9_SQ0p75_SPHIGH,100000.0,50000.0,2,cost200,2.0,0.0,384,4,380,43,337,0,2,2,4,3,8,-190.00561327930455,-0.19000561327930454,-5.985176818298093,1,0,200000.0,2.0,0.9739583333333334,-194.89539197546898,0,0,0,0,0,P277_DEPTH_CONSENSUS_GE_Q70,top5_and_levels_2_to_5_consensus,depth_consensus_imbalance >= 0.603199,0.7,0.6031992683461945,1,1,0,384,0
P271_P277_DEPTH_CONSENSUS_GE_Q70_CAP100000_NOT75000_CONC1_COST200,P277_DEPTH_CONSENSUS_GE_Q70,P268_P268_BID_ABSORPTION_BREADTH_REPAIR_H10_IQ0p9_SQ0p75_SPCOMPRESSION;P268_P268_BID_ABSORPTION_BREADTH_REPAIR_H10_IQ0p9_SQ0p75_SPHIGH,100000.0,75000.0,1,cost200,2.0,0.0,384,2,382,32,350,0,2,1,4,2,8,-324.1870304184167,-0.32418703041841673,-10.211891458180126,1,0,150000.0,1.5,0.74609375,-331.5216984626634,0,0,0,0,0,P277_DEPTH_CONSENSUS_GE_Q70,top5_and_levels_2_to_5_consensus,depth_consensus_imbalance >= 0.603199,0.7,0.6031992683461945,1,1,0,384,0
P271_P277_DEPTH_CONSENSUS_GE_Q70_CAP100000_NOT75000_CONC2_COST200,P277_DEPTH_CONSENSUS_GE_Q70,P268_P268_BID_ABSORPTION_BREADTH_REPAIR_H10_IQ0p9_SQ0p75_SPCOMPRESSION;P268_P268_BID_ABSORPTION_BREADTH_REPAIR_H10_IQ0p9_SQ0p75_SPHIGH,100000.0,75000.0,2,cost200,2.0,0.0,384,4,380,43,337,0,2,2,4,3,8,-190.00561327930455,-0.19000561327930454,-5.985176818298093,1,0,200000.0,2.0,0.9739583333333334,-194.89539197546898,0,0,0,0,0,P277_DEPTH_CONSENSUS_GE_Q70,top5_and_levels_2_to_5_consensus,depth_consensus_imbalance >= 0.603199,0.7,0.6031992683461945,1,1,0,384,0
P271_P277_DEPTH_CONSENSUS_GE_Q70_CAP100000_NOT100000_CONC1_COST200,P277_DEPTH_CONSENSUS_GE_Q70,P268_P268_BID_ABSORPTION_BREADTH_REPAIR_H10_IQ0p9_SQ0p75_SPCOMPRESSION;P268_P268_BID_ABSORPTION_BREADTH_REPAIR_H10_IQ0p9_SQ0p75_SPHIGH,100000.0,100000.0,1,cost200,2.0,0.0,384,2,382,32,350,0,2,1,4,2,8,-432.2493738912223,-0.4322493738912223,-13.615855277573504,1,0,200000.0,2.0,0.9947916666666666,-442.0289312835512,0,0,0,0,0,P277_DEPTH_CONSENSUS_GE_Q70,top5_and_levels_2_to_5_consensus,depth_consensus_imbalance >= 0.603199,0.7,0.6031992683461945,1,1,0,384,0
P271_P277_DEPTH_CONSENSUS_GE_Q70_CAP100000_NOT100000_CONC2_COST200,P277_DEPTH_CONSENSUS_GE_Q70,P268_P268_BID_ABSORPTION_BREADTH_REPAIR_H10_IQ0p9_SQ0p75_SPCOMPRESSION;P268_P268_BID_ABSORPTION_BREADTH_REPAIR_H10_IQ0p9_SQ0p75_SPHIGH,100000.0,100000.0,2,cost200,2.0,0.0,384,4,380,43,337,0,2,2,4,3,8,-190.00561327930455,-0.19000561327930454,-5.985176818298093,1,0,200000.0,2.0,0.9739583333333334,-194.89539197546898,0,0,0,0,0,P277_DEPTH_CONSENSUS_GE_Q70,top5_and_levels_2_to_5_consensus,depth_consensus_imbalance >= 0.603199,0.7,0.6031992683461945,1,1,0,384,0
P271_P277_DEPTH_CONSENSUS_GE_Q80_CAP100000_NOT50000_CONC1_COST200,P277_DEPTH_CONSENSUS_GE_Q80,P268_P268_BID_ABSORPTION_BREADTH_REPAIR_H10_IQ0p9_SQ0p75_SPCOMPRESSION;P268_P268_BID_ABSORPTION_BREADTH_REPAIR_H10_IQ0p9_SQ0p75_SPHIGH,100000.0,50000.0,1,cost200,2.0,0.0,256,2,254,22,232,0,2,1,4,2,8,-216.12468694561116,-0.21612468694561116,-6.807927638786752,1,0,100000.0,1.0,0.49609375,-221.0144656417756,0,0,0,0,0,P277_DEPTH_CONSENSUS_GE_Q80,top5_and_levels_2_to_5_consensus,depth_consensus_imbalance >= 0.616025,0.8,0.6160246021259148,1,1,0,256,0
P271_P277_DEPTH_CONSENSUS_GE_Q80_CAP100000_NOT50000_CONC2_COST200,P277_DEPTH_CONSENSUS_GE_Q80,P268_P268_BID_ABSORPTION_BREADTH_REPAIR_H10_IQ0p9_SQ0p75_SPCOMPRESSION;P268_P268_BID_ABSORPTION_BREADTH_REPAIR_H10_IQ0p9_SQ0p75_SPHIGH,100000.0,50000.0,2,cost200,2.0,0.0,256,4,252,27,225,0,2,2,4,3,8,-318.08647060551897,-0.318086470605519,-10.019723824073848,1,0,200000.0,2.0,0.953125,-322.9762493016834,0,0,0,0,0,P277_DEPTH_CONSENSUS_GE_Q80,top5_and_levels_2_to_5_consensus,depth_consensus_imbalance >= 0.616025,0.8,0.6160246021259148,1,1,0,256,0
P271_P277_DEPTH_CONSENSUS_GE_Q80_CAP100000_NOT75000_CONC1_COST200,P277_DEPTH_CONSENSUS_GE_Q80,P268_P268_BID_ABSORPTION_BREADTH_REPAIR_H10_IQ0p9_SQ0p75_SPCOMPRESSION;P268_P268_BID_ABSORPTION_BREADTH_REPAIR_H10_IQ0p9_SQ0p75_SPHIGH,100000.0,75000.0,1,cost200,2.0,0.0,256,2,254,22,232,0,2,1,4,2,8,-324.1870304184167,-0.32418703041841673,-10.211891458180126,1,0,150000.0,1.5,0.744140625,-331.5216984626634,0,0,0,0,0,P277_DEPTH_CONSENSUS_GE_Q80,top5_and_levels_2_to_5_consensus,depth_consensus_imbalance >= 0.616025,0.8,0.6160246021259148,1,1,0,256,0
P271_P277_DEPTH_CONSENSUS_GE_Q80_CAP100000_NOT75000_CONC2_COST200,P277_DEPTH_CONSENSUS_GE_Q80,P268_P268_BID_ABSORPTION_BREADTH_REPAIR_H10_IQ0p9_SQ0p75_SPCOMPRESSION;P268_P268_BID_ABSORPTION_BREADTH_REPAIR_H10_IQ0p9_SQ0p75_SPHIGH,100000.0,75000.0,2,cost200,2.0,0.0,256,4,252,27,225,0,2,2,4,3,8,-318.08647060551897,-0.318086470605519,-10.019723824073848,1,0,200000.0,2.0,0.953125,-322.9762493016834,0,0,0,0,0,P277_DEPTH_CONSENSUS_GE_Q80,top5_and_levels_2_to_5_consensus,depth_consensus_imbalance >= 0.616025,0.8,0.6160246021259148,1,1,0,256,0
P271_P277_DEPTH_CONSENSUS_GE_Q80_CAP100000_NOT100000_CONC1_COST200,P277_DEPTH_CONSENSUS_GE_Q80,P268_P268_BID_ABSORPTION_BREADTH_REPAIR_H10_IQ0p9_SQ0p75_SPCOMPRESSION;P268_P268_BID_ABSORPTION_BREADTH_REPAIR_H10_IQ0p9_SQ0p75_SPHIGH,100000.0,100000.0,1,cost200,2.0,0.0,256,2,254,22,232,0,2,1,4,2,8,-432.2493738912223,-0.4322493738912223,-13.615855277573504,1,0,200000.0,2.0,0.9921875,-442.0289312835512,0,0,0,0,0,P277_DEPTH_CONSENSUS_GE_Q80,top5_and_levels_2_to_5_consensus,depth_consensus_imbalance >= 0.616025,0.8,0.6160246021259148,1,1,0,256,0
P271_P277_DEPTH_CONSENSUS_GE_Q80_CAP100000_NOT100000_CONC2_COST200,P277_DEPTH_CONSENSUS_GE_Q80,P268_P268_BID_ABSORPTION_BREADTH_REPAIR_H10_IQ0p9_SQ0p75_SPCOMPRESSION;P268_P268_BID_ABSORPTION_BREADTH_REPAIR_H10_IQ0p9_SQ0p75_SPHIGH,100000.0,100000.0,2,cost200,2.0,0.0,256,4,252,27,225,0,2,2,4,3,8,-318.08647060551897,-0.318086470605519,-10.019723824073848,1,0,200000.0,2.0,0.953125,-322.9762493016834,0,0,0,0,0,P277_DEPTH_CONSENSUS_GE_Q80,top5_and_levels_2_to_5_consensus,depth_consensus_imbalance >= 0.616025,0.8,0.6160246021259148,1,1,0,256,0
P271_P277_DEPTH_CONSENSUS_GE_Q90_CAP100000_NOT50000_CONC1_COST200,P277_DEPTH_CONSENSUS_GE_Q90,P268_P268_BID_ABSORPTION_BREADTH_REPAIR_H10_IQ0p9_SQ0p75_SPCOMPRESSION;P268_P268_BID_ABSORPTION_BREADTH_REPAIR_H10_IQ0p9_SQ0p75_SPHIGH,100000.0,50000.0,1,cost200,2.0,0.0,128,2,126,5,121,0,2,1,4,2,8,12.013421119099199,0.012013421119099199,0.37842276525162477,1,0,100000.0,1.0,0.4921875,0.0,0,0,0,0,0,P277_DEPTH_CONSENSUS_GE_Q90,top5_and_levels_2_to_5_consensus,depth_consensus_imbalance >= 0.630512,0.9,0.6305121120552181,1,1,0,128,0
P271_P277_DEPTH_CONSENSUS_GE_Q90_CAP100000_NOT50000_CONC2_COST200,P277_DEPTH_CONSENSUS_GE_Q90,P268_P268_BID_ABSORPTION_BREADTH_REPAIR_H10_IQ0p9_SQ0p75_SPCOMPRESSION;P268_P268_BID_ABSORPTION_BREADTH_REPAIR_H10_IQ0p9_SQ0p75_SPHIGH,100000.0,50000.0,2,cost200,2.0,0.0,128,4,124,12,112,0,2,2,4,4,8,-259.20239596366883,-0.25920239596366884,-8.164875472855568,1,0,200000.0,2.0,0.9609375,-331.3499516178893,0,0,0,0,0,P277_DEPTH_CONSENSUS_GE_Q90,top5_and_levels_2_to_5_consensus,depth_consensus_imbalance >= 0.630512,0.9,0.6305121120552181,1,1,0,128,0
P271_P277_DEPTH_CONSENSUS_GE_Q90_CAP100000_NOT75000_CONC1_COST200,P277_DEPTH_CONSENSUS_GE_Q90,P268_P268_BID_ABSORPTION_BREADTH_REPAIR_H10_IQ0p9_SQ0p75_SPCOMPRESSION;P268_P268_BID_ABSORPTION_BREADTH_REPAIR_H10_IQ0p9_SQ0p75_SPHIGH,100000.0,75000.0,1,cost200,2.0,0.0,128,2,126,5,121,0,2,1,4,2,8,18.0201316786488,0.0180201316786488,0.5676341478774372,1,0,150000.0,1.5,0.73828125,0.0,0,0,0,0,0,P277_DEPTH_CONSENSUS_GE_Q90,top5_and_levels_2_to_5_consensus,depth_consensus_imbalance >= 0.630512,0.9,0.6305121120552181,1,1,0,128,0
P271_P277_DEPTH_CONSENSUS_GE_Q90_CAP100000_NOT75000_CONC2_COST200,P277_DEPTH_CONSENSUS_GE_Q90,P268_P268_BID_ABSORPTION_BREADTH_REPAIR_H10_IQ0p9_SQ0p75_SPCOMPRESSION;P268_P268_BID_ABSORPTION_BREADTH_REPAIR_H10_IQ0p9_SQ0p75_SPHIGH,100000.0,75000.0,2,cost200,2.0,0.0,128,4,124,12,112,0,2,2,4,4,8,-259.20239596366883,-0.25920239596366884,-8.164875472855568,1,0,200000.0,2.0,0.9609375,-331.3499516178893,0,0,0,0,0,P277_DEPTH_CONSENSUS_GE_Q90,top5_and_levels_2_to_5_consensus,depth_consensus_imbalance >= 0.630512,0.9,0.6305121120552181,1,1,0,128,0
P271_P277_DEPTH_CONSENSUS_GE_Q90_CAP100000_NOT100000_CONC1_COST200,P277_DEPTH_CONSENSUS_GE_Q90,P268_P268_BID_ABSORPTION_BREADTH_REPAIR_H10_IQ0p9_SQ0p75_SPCOMPRESSION;P268_P268_BID_ABSORPTION_BREADTH_REPAIR_H10_IQ0p9_SQ0p75_SPHIGH,100000.0,100000.0,1,cost200,2.0,0.0,128,2,126,5,121,0,2,1,4,2,8,24.026842238198398,0.024026842238198398,0.7568455305032495,1,0,200000.0,2.0,0.984375,0.0,0,0,0,0,0,P277_DEPTH_CONSENSUS_GE_Q90,top5_and_levels_2_to_5_consensus,depth_consensus_imbalance >= 0.630512,0.9,0.6305121120552181,1,1,0,128,0
P271_P277_DEPTH_CONSENSUS_GE_Q90_CAP100000_NOT100000_CONC2_COST200,P277_DEPTH_CONSENSUS_GE_Q90,P268_P268_BID_ABSORPTION_BREADTH_REPAIR_H10_IQ0p9_SQ0p75_SPCOMPRESSION;P268_P268_BID_ABSORPTION_BREADTH_REPAIR_H10_IQ0p9_SQ0p75_SPHIGH,100000.0,100000.0,2,cost200,2.0,0.0,128,4,124,12,112,0,2,2,4,4,8,-259.20239596366883,-0.25920239596366884,-8.164875472855568,1,0,200000.0,2.0,0.9609375,-331.3499516178893,0,0,0,0,0,P277_DEPTH_CONSENSUS_GE_Q90,top5_and_levels_2_to_5_consensus,depth_consensus_imbalance >= 0.630512,0.9,0.6305121120552181,1,1,0,128,0
P271_P277_REPLENISH_WITHDRAW_GE_Q50_CAP100000_NOT50000_CONC1_COST200,P277_REPLENISH_WITHDRAW_GE_Q50,P268_P268_BID_ABSORPTION_BREADTH_REPAIR_H10_IQ0p9_SQ0p75_SPCOMPRESSION;P268_P268_BID_ABSORPTION_BREADTH_REPAIR_H10_IQ0p9_SQ0p75_SPHIGH,100000.0,50000.0,1,cost200,2.0,0.0,640,2,638,17,621,0,2,2,7,1,8,40.333648265488684,0.040333648265488686,1.2705099203628936,1,0,100000.0,1.0,0.4984375,-4.681801755091319,0,0,0,0,0,P277_REPLENISH_WITHDRAW_GE_Q50,depth_replenishment_withdrawal,depth_replenish_withdraw_ratio >= 5.126904,0.5,5.126903880553077,0,1,0,640,0
P271_P277_REPLENISH_WITHDRAW_GE_Q50_CAP100000_NOT50000_CONC2_COST200,P277_REPLENISH_WITHDRAW_GE_Q50,P268_P268_BID_ABSORPTION_BREADTH_REPAIR_H10_IQ0p9_SQ0p75_SPCOMPRESSION;P268_P268_BID_ABSORPTION_BREADTH_REPAIR_H10_IQ0p9_SQ0p75_SPHIGH,100000.0,50000.0,2,cost200,2.0,0.0,640,4,636,32,604,0,2,2,7,3,8,88.92297661803612,0.08892297661803612,2.8010737634681377,1,0,200000.0,2.0,0.99375,-4.681801755091319,0,0,0,0,0,P277_REPLENISH_WITHDRAW_GE_Q50,depth_replenishment_withdrawal,depth_replenish_withdraw_ratio >= 5.126904,0.5,5.126903880553077,0,1,0,640,0
P271_P277_REPLENISH_WITHDRAW_GE_Q50_CAP100000_NOT75000_CONC1_COST200,P277_REPLENISH_WITHDRAW_GE_Q50,P268_P268_BID_ABSORPTION_BREADTH_REPAIR_H10_IQ0p9_SQ0p75_SPCOMPRESSION;P268_P268_BID_ABSORPTION_BREADTH_REPAIR_H10_IQ0p9_SQ0p75_SPHIGH,100000.0,75000.0,1,cost200,2.0,0.0,640,2,638,17,621,0,2,2,7,1,8,60.50047239823303,0.06050047239823303,1.9057648805443403,1,0,150000.0,1.5,0.74765625,-7.022702632636979,0,0,0,0,0,P277_REPLENISH_WITHDRAW_GE_Q50,depth_replenishment_withdrawal,depth_replenish_withdraw_ratio >= 5.126904,0.5,5.126903880553077,0,1,0,640,0
P271_P277_REPLENISH_WITHDRAW_GE_Q50_CAP100000_NOT75000_CONC2_COST200,P277_REPLENISH_WITHDRAW_GE_Q50,P268_P268_BID_ABSORPTION_BREADTH_REPAIR_H10_IQ0p9_SQ0p75_SPCOMPRESSION;P268_P268_BID_ABSORPTION_BREADTH_REPAIR_H10_IQ0p9_SQ0p75_SPHIGH,100000.0,75000.0,2,cost200,2.0,0.0,640,4,636,32,604,0,2,2,7,3,8,88.92297661803612,0.08892297661803612,2.8010737634681377,1,0,200000.0,2.0,0.99375,-4.681801755091319,0,0,0,0,0,P277_REPLENISH_WITHDRAW_GE_Q50,depth_replenishment_withdrawal,depth_replenish_withdraw_ratio >= 5.126904,0.5,5.126903880553077,0,1,0,640,0
P271_P277_REPLENISH_WITHDRAW_GE_Q50_CAP100000_NOT100000_CONC1_COST200,P277_REPLENISH_WITHDRAW_GE_Q50,P268_P268_BID_ABSORPTION_BREADTH_REPAIR_H10_IQ0p9_SQ0p75_SPCOMPRESSION;P268_P268_BID_ABSORPTION_BREADTH_REPAIR_H10_IQ0p9_SQ0p75_SPHIGH,100000.0,100000.0,1,cost200,2.0,0.0,640,2,638,17,621,0,2,2,7,1,8,80.66729653097737,0.08066729653097737,2.541019840725787,1,0,200000.0,2.0,0.996875,-9.363603510182639,0,0,0,0,0,P277_REPLENISH_WITHDRAW_GE_Q50,depth_replenishment_withdrawal,depth_replenish_withdraw_ratio >= 5.126904,0.5,5.126903880553077,0,1,0,640,0
P271_P277_REPLENISH_WITHDRAW_GE_Q50_CAP100000_NOT100000_CONC2_COST200,P277_REPLENISH_WITHDRAW_GE_Q50,P268_P268_BID_ABSORPTION_BREADTH_REPAIR_H10_IQ0p9_SQ0p75_SPCOMPRESSION;P268_P268_BID_ABSORPTION_BREADTH_REPAIR_H10_IQ0p9_SQ0p75_SPHIGH,100000.0,100000.0,2,cost200,2.0,0.0,640,4,636,32,604,0,2,2,7,3,8,88.92297661803612,0.08892297661803612,2.8010737634681377,1,0,200000.0,2.0,0.99375,-4.681801755091319,0,0,0,0,0,P277_REPLENISH_WITHDRAW_GE_Q50,depth_replenishment_withdrawal,depth_replenish_withdraw_ratio >= 5.126904,0.5,5.126903880553077,0,1,0,640,0
P271_P277_REPLENISH_WITHDRAW_GE_Q60_CAP100000_NOT50000_CONC1_COST200,P277_REPLENISH_WITHDRAW_GE_Q60,P268_P268_BID_ABSORPTION_BREADTH_REPAIR_H10_IQ0p9_SQ0p75_SPCOMPRESSION;P268_P268_BID_ABSORPTION_BREADTH_REPAIR_H10_IQ0p9_SQ0p75_SPHIGH,100000.0,50000.0,1,cost200,2.0,0.0,512,2,510,6,504,0,2,2,7,1,8,8.719258497032826,0.008719258497032825,0.274656642656534,1,0,100000.0,1.0,0.498046875,-36.29619152354718,0,0,0,0,0,P277_REPLENISH_WITHDRAW_GE_Q60,depth_replenishment_withdrawal,depth_replenish_withdraw_ratio >= 5.629741,0.6,5.629740921938889,0,1,0,512,0
P271_P277_REPLENISH_WITHDRAW_GE_Q60_CAP100000_NOT50000_CONC2_COST200,P277_REPLENISH_WITHDRAW_GE_Q60,P268_P268_BID_ABSORPTION_BREADTH_REPAIR_H10_IQ0p9_SQ0p75_SPCOMPRESSION;P268_P268_BID_ABSORPTION_BREADTH_REPAIR_H10_IQ0p9_SQ0p75_SPHIGH,100000.0,50000.0,2,cost200,2.0,0.0,512,4,508,24,484,0,2,2,7,3,8,2.712468480763633,0.002712468480763633,0.08544275714405444,1,0,200000.0,2.0,0.994140625,-36.29619152354718,0,0,0,0,0,P277_REPLENISH_WITHDRAW_GE_Q60,depth_replenishment_withdrawal,depth_replenish_withdraw_ratio >= 5.629741,0.6,5.629740921938889,0,1,0,512,0
P271_P277_REPLENISH_WITHDRAW_GE_Q60_CAP100000_NOT75000_CONC1_COST200,P277_REPLENISH_WITHDRAW_GE_Q60,P268_P268_BID_ABSORPTION_BREADTH_REPAIR_H10_IQ0p9_SQ0p75_SPCOMPRESSION;P268_P268_BID_ABSORPTION_BREADTH_REPAIR_H10_IQ0p9_SQ0p75_SPHIGH,100000.0,75000.0,1,cost200,2.0,0.0,512,2,510,6,504,0,2,2,7,1,8,13.078887745549238,0.01307888774554924,0.41198496398480106,1,0,150000.0,1.5,0.7470703125,-54.44428728532077,0,0,0,0,0,P277_REPLENISH_WITHDRAW_GE_Q60,depth_replenishment_withdrawal,depth_replenish_withdraw_ratio >= 5.629741,0.6,5.629740921938889,0,1,0,512,0
P271_P277_REPLENISH_WITHDRAW_GE_Q60_CAP100000_NOT75000_CONC2_COST200,P277_REPLENISH_WITHDRAW_GE_Q60,P268_P268_BID_ABSORPTION_BREADTH_REPAIR_H10_IQ0p9_SQ0p75_SPCOMPRESSION;P268_P268_BID_ABSORPTION_BREADTH_REPAIR_H10_IQ0p9_SQ0p75_SPHIGH,100000.0,75000.0,2,cost200,2.0,0.0,512,4,508,24,484,0,2,2,7,3,8,2.712468480763633,0.002712468480763633,0.08544275714405444,1,0,200000.0,2.0,0.994140625,-36.29619152354718,0,0,0,0,0,P277_REPLENISH_WITHDRAW_GE_Q60,depth_replenishment_withdrawal,depth_replenish_withdraw_ratio >= 5.629741,0.6,5.629740921938889,0,1,0,512,0
P271_P277_REPLENISH_WITHDRAW_GE_Q60_CAP100000_NOT100000_CONC1_COST200,P277_REPLENISH_WITHDRAW_GE_Q60,P268_P268_BID_ABSORPTION_BREADTH_REPAIR_H10_IQ0p9_SQ0p75_SPCOMPRESSION;P268_P268_BID_ABSORPTION_BREADTH_REPAIR_H10_IQ0p9_SQ0p75_SPHIGH,100000.0,100000.0,1,cost200,2.0,0.0,512,2,510,6,504,0,2,2,7,1,8,17.43851699406565,0.01743851699406565,0.549313285313068,1,0,200000.0,2.0,0.99609375,-72.59238304709436,0,0,0,0,0,P277_REPLENISH_WITHDRAW_GE_Q60,depth_replenishment_withdrawal,depth_replenish_withdraw_ratio >= 5.629741,0.6,5.629740921938889,0,1,0,512,0
P271_P277_REPLENISH_WITHDRAW_GE_Q60_CAP100000_NOT100000_CONC2_COST200,P277_REPLENISH_WITHDRAW_GE_Q60,P268_P268_BID_ABSORPTION_BREADTH_REPAIR_H10_IQ0p9_SQ0p75_SPCOMPRESSION;P268_P268_BID_ABSORPTION_BREADTH_REPAIR_H10_IQ0p9_SQ0p75_SPHIGH,100000.0,100000.0,2,cost200,2.0,0.0,512,4,508,24,484,0,2,2,7,3,8,2.712468480763633,0.002712468480763633,0.08544275714405444,1,0,200000.0,2.0,0.994140625,-36.29619152354718,0,0,0,0,0,P277_REPLENISH_WITHDRAW_GE_Q60,depth_replenishment_withdrawal,depth_replenish_withdraw_ratio >= 5.629741,0.6,5.629740921938889,0,1,0,512,0
P271_P277_REPLENISH_WITHDRAW_GE_Q70_CAP100000_NOT50000_CONC1_COST200,P277_REPLENISH_WITHDRAW_GE_Q70,P268_P268_BID_ABSORPTION_BREADTH_REPAIR_H10_IQ0p9_SQ0p75_SPCOMPRESSION;P268_P268_BID_ABSORPTION_BREADTH_REPAIR_H10_IQ0p9_SQ0p75_SPHIGH,100000.0,50000.0,1,cost200,2.0,0.0,384,2,382,18,364,0,2,2,5,2,8,-6.006790016269193,-0.006006790016269193,-0.18921388551247958,1,0,100000.0,1.0,0.4973958333333333,-34.52197584054658,0,0,0,0,0,P277_REPLENISH_WITHDRAW_GE_Q70,depth_replenishment_withdrawal,depth_replenish_withdraw_ratio >= 8.417774,0.7,8.417773665665283,0,1,0,384,0
P271_P277_REPLENISH_WITHDRAW_GE_Q70_CAP100000_NOT50000_CONC2_COST200,P277_REPLENISH_WITHDRAW_GE_Q70,P268_P268_BID_ABSORPTION_BREADTH_REPAIR_H10_IQ0p9_SQ0p75_SPCOMPRESSION;P268_P268_BID_ABSORPTION_BREADTH_REPAIR_H10_IQ0p9_SQ0p75_SPHIGH,100000.0,50000.0,2,cost200,2.0,0.0,384,3,381,25,356,0,2,2,5,3,8,142.73101909743082,0.14273101909743083,4.496027101569071,1,0,150000.0,1.5,0.9778645833333334,-34.52197584054659,0,0,0,0,0,P277_REPLENISH_WITHDRAW_GE_Q70,depth_replenishment_withdrawal,depth_replenish_withdraw_ratio >= 8.417774,0.7,8.417773665665283,0,1,0,384,0
P271_P277_REPLENISH_WITHDRAW_GE_Q70_CAP100000_NOT75000_CONC1_COST200,P277_REPLENISH_WITHDRAW_GE_Q70,P268_P268_BID_ABSORPTION_BREADTH_REPAIR_H10_IQ0p9_SQ0p75_SPCOMPRESSION;P268_P268_BID_ABSORPTION_BREADTH_REPAIR_H10_IQ0p9_SQ0p75_SPHIGH,100000.0,75000.0,1,cost200,2.0,0.0,384,2,382,18,364,0,2,2,5,2,8,-9.010185024403789,-0.009010185024403788,-0.28382082826871935,1,0,150000.0,1.5,0.74609375,-51.78296376081987,0,0,0,0,0,P277_REPLENISH_WITHDRAW_GE_Q70,depth_replenishment_withdrawal,depth_replenish_withdraw_ratio >= 8.417774,0.7,8.417773665665283,0,1,0,384,0
P271_P277_REPLENISH_WITHDRAW_GE_Q70_CAP100000_NOT75000_CONC2_COST200,P277_REPLENISH_WITHDRAW_GE_Q70,P268_P268_BID_ABSORPTION_BREADTH_REPAIR_H10_IQ0p9_SQ0p75_SPCOMPRESSION;P268_P268_BID_ABSORPTION_BREADTH_REPAIR_H10_IQ0p9_SQ0p75_SPHIGH,100000.0,75000.0,2,cost200,2.0,0.0,384,3,381,25,356,0,2,2,5,3,8,142.73101909743082,0.14273101909743083,4.496027101569071,1,0,150000.0,1.5,0.9778645833333334,-34.52197584054659,0,0,0,0,0,P277_REPLENISH_WITHDRAW_GE_Q70,depth_replenishment_withdrawal,depth_replenish_withdraw_ratio >= 8.417774,0.7,8.417773665665283,0,1,0,384,0
P271_P277_REPLENISH_WITHDRAW_GE_Q70_CAP100000_NOT100000_CONC1_COST200,P277_REPLENISH_WITHDRAW_GE_Q70,P268_P268_BID_ABSORPTION_BREADTH_REPAIR_H10_IQ0p9_SQ0p75_SPCOMPRESSION;P268_P268_BID_ABSORPTION_BREADTH_REPAIR_H10_IQ0p9_SQ0p75_SPHIGH,100000.0,100000.0,1,cost200,2.0,0.0,384,2,382,18,364,0,2,2,5,2,8,-12.013580032538385,-0.012013580032538386,-0.37842777102495917,1,0,200000.0,2.0,0.9947916666666666,-69.04395168109316,0,0,0,0,0,P277_REPLENISH_WITHDRAW_GE_Q70,depth_replenishment_withdrawal,depth_replenish_withdraw_ratio >= 8.417774,0.7,8.417773665665283,0,1,0,384,0
P271_P277_REPLENISH_WITHDRAW_GE_Q70_CAP100000_NOT100000_CONC2_COST200,P277_REPLENISH_WITHDRAW_GE_Q70,P268_P268_BID_ABSORPTION_BREADTH_REPAIR_H10_IQ0p9_SQ0p75_SPCOMPRESSION;P268_P268_BID_ABSORPTION_BREADTH_REPAIR_H10_IQ0p9_SQ0p75_SPHIGH,100000.0,100000.0,2,cost200,2.0,0.0,384,3,381,25,356,0,2,2,5,3,8,142.73101909743082,0.14273101909743083,4.496027101569071,1,0,150000.0,1.5,0.9778645833333334,-34.52197584054659,0,0,0,0,0,P277_REPLENISH_WITHDRAW_GE_Q70,depth_replenishment_withdrawal,depth_replenish_withdraw_ratio >= 8.417774,0.7,8.417773665665283,0,1,0,384,0
P271_P277_REPLENISH_WITHDRAW_GE_Q80_CAP100000_NOT50000_CONC1_COST200,P277_REPLENISH_WITHDRAW_GE_Q80,P268_P268_BID_ABSORPTION_BREADTH_REPAIR_H10_IQ0p9_SQ0p75_SPCOMPRESSION;P268_P268_BID_ABSORPTION_BREADTH_REPAIR_H10_IQ0p9_SQ0p75_SPHIGH,100000.0,50000.0,1,cost200,2.0,0.0,256,2,254,11,243,0,2,2,4,2,8,-6.006790016269193,-0.006006790016269193,-0.18921388551247958,1,0,100000.0,1.0,0.49609375,-34.52197584054658,0,0,0,0,0,P277_REPLENISH_WITHDRAW_GE_Q80,depth_replenishment_withdrawal,depth_replenish_withdraw_ratio >= 10.699868,0.8,10.699867930055397,0,1,0,256,0
P271_P277_REPLENISH_WITHDRAW_GE_Q80_CAP100000_NOT50000_CONC2_COST200,P277_REPLENISH_WITHDRAW_GE_Q80,P268_P268_BID_ABSORPTION_BREADTH_REPAIR_H10_IQ0p9_SQ0p75_SPCOMPRESSION;P268_P268_BID_ABSORPTION_BREADTH_REPAIR_H10_IQ0p9_SQ0p75_SPHIGH,100000.0,50000.0,2,cost200,2.0,0.0,256,3,253,18,235,0,2,2,4,3,8,142.73101909743082,0.14273101909743083,4.496027101569071,1,0,150000.0,1.5,0.98046875,-34.52197584054659,0,0,0,0,0,P277_REPLENISH_WITHDRAW_GE_Q80,depth_replenishment_withdrawal,depth_replenish_withdraw_ratio >= 10.699868,0.8,10.699867930055397,0,1,0,256,0
P271_P277_REPLENISH_WITHDRAW_GE_Q80_CAP100000_NOT75000_CONC1_COST200,P277_REPLENISH_WITHDRAW_GE_Q80,P268_P268_BID_ABSORPTION_BREADTH_REPAIR_H10_IQ0p9_SQ0p75_SPCOMPRESSION;P268_P268_BID_ABSORPTION_BREADTH_REPAIR_H10_IQ0p9_SQ0p75_SPHIGH,100000.0,75000.0,1,cost200,2.0,0.0,256,2,254,11,243,0,2,2,4,2,8,-9.010185024403789,-0.009010185024403788,-0.28382082826871935,1,0,150000.0,1.5,0.744140625,-51.78296376081987,0,0,0,0,0,P277_REPLENISH_WITHDRAW_GE_Q80,depth_replenishment_withdrawal,depth_replenish_withdraw_ratio >= 10.699868,0.8,10.699867930055397,0,1,0,256,0
P271_P277_REPLENISH_WITHDRAW_GE_Q80_CAP100000_NOT75000_CONC2_COST200,P277_REPLENISH_WITHDRAW_GE_Q80,P268_P268_BID_ABSORPTION_BREADTH_REPAIR_H10_IQ0p9_SQ0p75_SPCOMPRESSION;P268_P268_BID_ABSORPTION_BREADTH_REPAIR_H10_IQ0p9_SQ0p75_SPHIGH,100000.0,75000.0,2,cost200,2.0,0.0,256,3,253,18,235,0,2,2,4,3,8,142.73101909743082,0.14273101909743083,4.496027101569071,1,0,150000.0,1.5,0.98046875,-34.52197584054659,0,0,0,0,0,P277_REPLENISH_WITHDRAW_GE_Q80,depth_replenishment_withdrawal,depth_replenish_withdraw_ratio >= 10.699868,0.8,10.699867930055397,0,1,0,256,0
P271_P277_REPLENISH_WITHDRAW_GE_Q80_CAP100000_NOT100000_CONC1_COST200,P277_REPLENISH_WITHDRAW_GE_Q80,P268_P268_BID_ABSORPTION_BREADTH_REPAIR_H10_IQ0p9_SQ0p75_SPCOMPRESSION;P268_P268_BID_ABSORPTION_BREADTH_REPAIR_H10_IQ0p9_SQ0p75_SPHIGH,100000.0,100000.0,1,cost200,2.0,0.0,256,2,254,11,243,0,2,2,4,2,8,-12.013580032538385,-0.012013580032538386,-0.37842777102495917,1,0,200000.0,2.0,0.9921875,-69.04395168109316,0,0,0,0,0,P277_REPLENISH_WITHDRAW_GE_Q80,depth_replenishment_withdrawal,depth_replenish_withdraw_ratio >= 10.699868,0.8,10.699867930055397,0,1,0,256,0
P271_P277_REPLENISH_WITHDRAW_GE_Q80_CAP100000_NOT100000_CONC2_COST200,P277_REPLENISH_WITHDRAW_GE_Q80,P268_P268_BID_ABSORPTION_BREADTH_REPAIR_H10_IQ0p9_SQ0p75_SPCOMPRESSION;P268_P268_BID_ABSORPTION_BREADTH_REPAIR_H10_IQ0p9_SQ0p75_SPHIGH,100000.0,100000.0,2,cost200,2.0,0.0,256,3,253,18,235,0,2,2,4,3,8,142.73101909743082,0.14273101909743083,4.496027101569071,1,0,150000.0,1.5,0.98046875,-34.52197584054659,0,0,0,0,0,P277_REPLENISH_WITHDRAW_GE_Q80,depth_replenishment_withdrawal,depth_replenish_withdraw_ratio >= 10.699868,0.8,10.699867930055397,0,1,0,256,0
P271_P277_REPLENISH_WITHDRAW_GE_Q90_CAP100000_NOT50000_CONC1_COST200,P277_REPLENISH_WITHDRAW_GE_Q90,P268_P268_BID_ABSORPTION_BREADTH_REPAIR_H10_IQ0p9_SQ0p75_SPCOMPRESSION;P268_P268_BID_ABSORPTION_BREADTH_REPAIR_H10_IQ0p9_SQ0p75_SPHIGH,100000.0,50000.0,1,cost200,2.0,0.0,128,1,127,7,120,0,2,1,4,1,8,148.73780911370002,0.14873780911370002,4.685240987081551,1,0,50000.0,0.5,0.49609375,0.0,0,0,0,0,0,P277_REPLENISH_WITHDRAW_GE_Q90,depth_replenishment_withdrawal,depth_replenish_withdraw_ratio >= 12.933958,0.9,12.93395810789206,0,1,0,128,0
P271_P277_REPLENISH_WITHDRAW_GE_Q90_CAP100000_NOT50000_CONC2_COST200,P277_REPLENISH_WITHDRAW_GE_Q90,P268_P268_BID_ABSORPTION_BREADTH_REPAIR_H10_IQ0p9_SQ0p75_SPCOMPRESSION;P268_P268_BID_ABSORPTION_BREADTH_REPAIR_H10_IQ0p9_SQ0p75_SPHIGH,100000.0,50000.0,2,cost200,2.0,0.0,128,2,126,12,114,0,2,1,4,2,8,114.21583327315344,0.11421583327315343,3.597798748104333,1,0,100000.0,1.0,0.984375,-34.52197584054659,0,0,0,0,0,P277_REPLENISH_WITHDRAW_GE_Q90,depth_replenishment_withdrawal,depth_replenish_withdraw_ratio >= 12.933958,0.9,12.93395810789206,0,1,0,128,0
P271_P277_REPLENISH_WITHDRAW_GE_Q90_CAP100000_NOT75000_CONC1_COST200,P277_REPLENISH_WITHDRAW_GE_Q90,P268_P268_BID_ABSORPTION_BREADTH_REPAIR_H10_IQ0p9_SQ0p75_SPCOMPRESSION;P268_P268_BID_ABSORPTION_BREADTH_REPAIR_H10_IQ0p9_SQ0p75_SPHIGH,100000.0,75000.0,1,cost200,2.0,0.0,128,1,127,7,120,0,2,1,4,1,8,223.10671367055002,0.22310671367055004,7.0278614806223265,1,0,75000.0,0.75,0.744140625,0.0,0,0,0,0,0,P277_REPLENISH_WITHDRAW_GE_Q90,depth_replenishment_withdrawal,depth_replenish_withdraw_ratio >= 12.933958,0.9,12.93395810789206,0,1,0,128,0
P271_P277_REPLENISH_WITHDRAW_GE_Q90_CAP100000_NOT75000_CONC2_COST200,P277_REPLENISH_WITHDRAW_GE_Q90,P268_P268_BID_ABSORPTION_BREADTH_REPAIR_H10_IQ0p9_SQ0p75_SPCOMPRESSION;P268_P268_BID_ABSORPTION_BREADTH_REPAIR_H10_IQ0p9_SQ0p75_SPHIGH,100000.0,75000.0,2,cost200,2.0,0.0,128,2,126,12,114,0,2,1,4,2,8,114.21583327315344,0.11421583327315343,3.597798748104333,1,0,100000.0,1.0,0.984375,-34.52197584054659,0,0,0,0,0,P277_REPLENISH_WITHDRAW_GE_Q90,depth_replenishment_withdrawal,depth_replenish_withdraw_ratio >= 12.933958,0.9,12.93395810789206,0,1,0,128,0
P271_P277_REPLENISH_WITHDRAW_GE_Q90_CAP100000_NOT100000_CONC1_COST200,P277_REPLENISH_WITHDRAW_GE_Q90,P268_P268_BID_ABSORPTION_BREADTH_REPAIR_H10_IQ0p9_SQ0p75_SPCOMPRESSION;P268_P268_BID_ABSORPTION_BREADTH_REPAIR_H10_IQ0p9_SQ0p75_SPHIGH,100000.0,100000.0,1,cost200,2.0,0.0,128,1,127,7,120,0,2,1,4,1,8,297.47561822740005,0.29747561822740004,9.370481974163102,1,0,100000.0,1.0,0.9921875,0.0,0,0,0,0,0,P277_REPLENISH_WITHDRAW_GE_Q90,depth_replenishment_withdrawal,depth_replenish_withdraw_ratio >= 12.933958,0.9,12.93395810789206,0,1,0,128,0
P271_P277_REPLENISH_WITHDRAW_GE_Q90_CAP100000_NOT100000_CONC2_COST200,P277_REPLENISH_WITHDRAW_GE_Q90,P268_P268_BID_ABSORPTION_BREADTH_REPAIR_H10_IQ0p9_SQ0p75_SPCOMPRESSION;P268_P268_BID_ABSORPTION_BREADTH_REPAIR_H10_IQ0p9_SQ0p75_SPHIGH,100000.0,100000.0,2,cost200,2.0,0.0,128,2,126,12,114,0,2,1,4,2,8,114.21583327315344,0.11421583327315343,3.597798748104333,1,0,100000.0,1.0,0.984375,-34.52197584054659,0,0,0,0,0,P277_REPLENISH_WITHDRAW_GE_Q90,depth_replenishment_withdrawal,depth_replenish_withdraw_ratio >= 12.933958,0.9,12.93395810789206,0,1,0,128,0
P271_P277_SPREAD_LE_Q50_CAP100000_NOT50000_CONC1_COST200,P277_SPREAD_LE_Q50,P268_P268_BID_ABSORPTION_BREADTH_REPAIR_H10_IQ0p9_SQ0p75_SPCOMPRESSION;P268_P268_BID_ABSORPTION_BREADTH_REPAIR_H10_IQ0p9_SQ0p75_SPHIGH,100000.0,50000.0,1,cost200,2.0,0.0,677,2,675,28,647,0,2,1,6,1,8,49.98624305313716,0.04998624305313716,1.5745666561738205,1,0,100000.0,1.0,0.4985228951255539,0.0,0,0,0,0,0,P277_SPREAD_LE_Q50,spread_regime,avg_spread_bps <= 4.915814,0.5,4.915813662187011,0,0,0,677,0
P271_P277_SPREAD_LE_Q50_CAP100000_NOT50000_CONC2_COST200,P277_SPREAD_LE_Q50,P268_P268_BID_ABSORPTION_BREADTH_REPAIR_H10_IQ0p9_SQ0p75_SPCOMPRESSION;P268_P268_BID_ABSORPTION_BREADTH_REPAIR_H10_IQ0p9_SQ0p75_SPHIGH,100000.0,50000.0,2,cost200,2.0,0.0,677,4,673,46,627,0,2,2,6,3,8,43.97945303686797,0.04397945303686797,1.385352770661341,1,0,200000.0,2.0,0.9896602658788775,-34.52197584054658,0,0,0,0,0,P277_SPREAD_LE_Q50,spread_regime,avg_spread_bps <= 4.915814,0.5,4.915813662187011,0,0,0,677,0
P271_P277_SPREAD_LE_Q50_CAP100000_NOT75000_CONC1_COST200,P277_SPREAD_LE_Q50,P268_P268_BID_ABSORPTION_BREADTH_REPAIR_H10_IQ0p9_SQ0p75_SPCOMPRESSION;P268_P268_BID_ABSORPTION_BREADTH_REPAIR_H10_IQ0p9_SQ0p75_SPHIGH,100000.0,75000.0,1,cost200,2.0,0.0,677,2,675,28,647,0,2,1,6,1,8,74.97936457970573,0.07497936457970573,2.3618499842607306,1,0,150000.0,1.5,0.7477843426883308,0.0,0,0,0,0,0,P277_SPREAD_LE_Q50,spread_regime,avg_spread_bps <= 4.915814,0.5,4.915813662187011,0,0,0,677,0
P271_P277_SPREAD_LE_Q50_CAP100000_NOT75000_CONC2_COST200,P277_SPREAD_LE_Q50,P268_P268_BID_ABSORPTION_BREADTH_REPAIR_H10_IQ0p9_SQ0p75_SPCOMPRESSION;P268_P268_BID_ABSORPTION_BREADTH_REPAIR_H10_IQ0p9_SQ0p75_SPHIGH,100000.0,75000.0,2,cost200,2.0,0.0,677,4,673,46,627,0,2,2,6,3,8,43.97945303686797,0.04397945303686797,1.385352770661341,1,0,200000.0,2.0,0.9896602658788775,-34.52197584054658,0,0,0,0,0,P277_SPREAD_LE_Q50,spread_regime,avg_spread_bps <= 4.915814,0.5,4.915813662187011,0,0,0,677,0
P271_P277_SPREAD_LE_Q50_CAP100000_NOT100000_CONC1_COST200,P277_SPREAD_LE_Q50,P268_P268_BID_ABSORPTION_BREADTH_REPAIR_H10_IQ0p9_SQ0p75_SPCOMPRESSION;P268_P268_BID_ABSORPTION_BREADTH_REPAIR_H10_IQ0p9_SQ0p75_SPHIGH,100000.0,100000.0,1,cost200,2.0,0.0,677,2,675,28,647,0,2,1,6,1,8,99.97248610627432,0.09997248610627432,3.149133312347641,1,0,200000.0,2.0,0.9970457902511078,0.0,0,0,0,0,0,P277_SPREAD_LE_Q50,spread_regime,avg_spread_bps <= 4.915814,0.5,4.915813662187011,0,0,0,677,0
P271_P277_SPREAD_LE_Q50_CAP100000_NOT100000_CONC2_COST200,P277_SPREAD_LE_Q50,P268_P268_BID_ABSORPTION_BREADTH_REPAIR_H10_IQ0p9_SQ0p75_SPCOMPRESSION;P268_P268_BID_ABSORPTION_BREADTH_REPAIR_H10_IQ0p9_SQ0p75_SPHIGH,100000.0,100000.0,2,cost200,2.0,0.0,677,4,673,46,627,0,2,2,6,3,8,43.97945303686797,0.04397945303686797,1.385352770661341,1,0,200000.0,2.0,0.9896602658788775,-34.52197584054658,0,0,0,0,0,P277_SPREAD_LE_Q50,spread_regime,avg_spread_bps <= 4.915814,0.5,4.915813662187011,0,0,0,677,0
P271_P277_SPREAD_LE_Q60_CAP100000_NOT50000_CONC1_COST200,P277_SPREAD_LE_Q60,P268_P268_BID_ABSORPTION_BREADTH_REPAIR_H10_IQ0p9_SQ0p75_SPCOMPRESSION;P268_P268_BID_ABSORPTION_BREADTH_REPAIR_H10_IQ0p9_SQ0p75_SPHIGH,100000.0,50000.0,1,cost200,2.0,0.0,527,2,525,15,510,0,2,1,6,2,8,67.28202950021033,0.06728202950021032,2.1193839292566254,1,0,100000.0,1.0,0.4981024667931689,0.0,0,0,0,0,0,P277_SPREAD_LE_Q60,spread_regime,avg_spread_bps <= 4.195193,0.6,4.19519340542632,0,0,0,527,0
P271_P277_SPREAD_LE_Q60_CAP100000_NOT50000_CONC2_COST200,P277_SPREAD_LE_Q60,P268_P268_BID_ABSORPTION_BREADTH_REPAIR_H10_IQ0p9_SQ0p75_SPCOMPRESSION;P268_P268_BID_ABSORPTION_BREADTH_REPAIR_H10_IQ0p9_SQ0p75_SPHIGH,100000.0,50000.0,2,cost200,2.0,0.0,527,3,524,23,501,0,2,2,6,3,8,39.08967434070353,0.03908967434070353,1.2313247417321613,1,0,150000.0,1.5,0.9867172675521821,-34.52197584054658,0,0,0,0,0,P277_SPREAD_LE_Q60,spread_regime,avg_spread_bps <= 4.195193,0.6,4.19519340542632,0,0,0,527,0
P271_P277_SPREAD_LE_Q60_CAP100000_NOT75000_CONC1_COST200,P277_SPREAD_LE_Q60,P268_P268_BID_ABSORPTION_BREADTH_REPAIR_H10_IQ0p9_SQ0p75_SPCOMPRESSION;P268_P268_BID_ABSORPTION_BREADTH_REPAIR_H10_IQ0p9_SQ0p75_SPHIGH,100000.0,75000.0,1,cost200,2.0,0.0,527,2,525,15,510,0,2,1,6,2,8,100.92304425031548,0.10092304425031548,3.1790758938849377,1,0,150000.0,1.5,0.7471537001897534,0.0,0,0,0,0,0,P277_SPREAD_LE_Q60,spread_regime,avg_spread_bps <= 4.195193,0.6,4.19519340542632,0,0,0,527,0
P271_P277_SPREAD_LE_Q60_CAP100000_NOT75000_CONC2_COST200,P277_SPREAD_LE_Q60,P268_P268_BID_ABSORPTION_BREADTH_REPAIR_H10_IQ0p9_SQ0p75_SPCOMPRESSION;P268_P268_BID_ABSORPTION_BREADTH_REPAIR_H10_IQ0p9_SQ0p75_SPHIGH,100000.0,75000.0,2,cost200,2.0,0.0,527,3,524,23,501,0,2,2,6,3,8,39.08967434070353,0.03908967434070353,1.2313247417321613,1,0,150000.0,1.5,0.9867172675521821,-34.52197584054658,0,0,0,0,0,P277_SPREAD_LE_Q60,spread_regime,avg_spread_bps <= 4.195193,0.6,4.19519340542632,0,0,0,527,0
P271_P277_SPREAD_LE_Q60_CAP100000_NOT100000_CONC1_COST200,P277_SPREAD_LE_Q60,P268_P268_BID_ABSORPTION_BREADTH_REPAIR_H10_IQ0p9_SQ0p75_SPCOMPRESSION;P268_P268_BID_ABSORPTION_BREADTH_REPAIR_H10_IQ0p9_SQ0p75_SPHIGH,100000.0,100000.0,1,cost200,2.0,0.0,527,2,525,15,510,0,2,1,6,2,8,134.56405900042066,0.13456405900042065,4.238767858513251,1,0,200000.0,2.0,0.9962049335863378,0.0,0,0,0,0,0,P277_SPREAD_LE_Q60,spread_regime,avg_spread_bps <= 4.195193,0.6,4.19519340542632,0,0,0,527,0
P271_P277_SPREAD_LE_Q60_CAP100000_NOT100000_CONC2_COST200,P277_SPREAD_LE_Q60,P268_P268_BID_ABSORPTION_BREADTH_REPAIR_H10_IQ0p9_SQ0p75_SPCOMPRESSION;P268_P268_BID_ABSORPTION_BREADTH_REPAIR_H10_IQ0p9_SQ0p75_SPHIGH,100000.0,100000.0,2,cost200,2.0,0.0,527,3,524,23,501,0,2,2,6,3,8,39.08967434070353,0.03908967434070353,1.2313247417321613,1,0,150000.0,1.5,0.9867172675521821,-34.52197584054658,0,0,0,0,0,P277_SPREAD_LE_Q60,spread_regime,avg_spread_bps <= 4.195193,0.6,4.19519340542632,0,0,0,527,0
P271_P277_SPREAD_LE_Q70_CAP100000_NOT50000_CONC1_COST200,P277_SPREAD_LE_Q70,P268_P268_BID_ABSORPTION_BREADTH_REPAIR_H10_IQ0p9_SQ0p75_SPCOMPRESSION;P268_P268_BID_ABSORPTION_BREADTH_REPAIR_H10_IQ0p9_SQ0p75_SPHIGH,100000.0,50000.0,1,cost200,2.0,0.0,400,2,398,11,387,0,2,2,5,2,8,-6.006790016269193,-0.006006790016269193,-0.18921388551247958,1,0,100000.0,1.0,0.4975,-34.52197584054658,0,0,0,0,0,P277_SPREAD_LE_Q70,spread_regime,avg_spread_bps <= 3.515855,0.7,3.515854829732787,0,0,0,400,0
P271_P277_SPREAD_LE_Q70_CAP100000_NOT50000_CONC2_COST200,P277_SPREAD_LE_Q70,P268_P268_BID_ABSORPTION_BREADTH_REPAIR_H10_IQ0p9_SQ0p75_SPCOMPRESSION;P268_P268_BID_ABSORPTION_BREADTH_REPAIR_H10_IQ0p9_SQ0p75_SPHIGH,100000.0,50000.0,2,cost200,2.0,0.0,400,3,397,18,379,0,2,2,5,3,8,142.73101909743082,0.14273101909743083,4.496027101569071,1,0,150000.0,1.5,0.9875,-34.52197584054659,0,0,0,0,0,P277_SPREAD_LE_Q70,spread_regime,avg_spread_bps <= 3.515855,0.7,3.515854829732787,0,0,0,400,0
P271_P277_SPREAD_LE_Q70_CAP100000_NOT75000_CONC1_COST200,P277_SPREAD_LE_Q70,P268_P268_BID_ABSORPTION_BREADTH_REPAIR_H10_IQ0p9_SQ0p75_SPCOMPRESSION;P268_P268_BID_ABSORPTION_BREADTH_REPAIR_H10_IQ0p9_SQ0p75_SPHIGH,100000.0,75000.0,1,cost200,2.0,0.0,400,2,398,11,387,0,2,2,5,2,8,-9.010185024403789,-0.009010185024403788,-0.28382082826871935,1,0,150000.0,1.5,0.74625,-51.78296376081987,0,0,0,0,0,P277_SPREAD_LE_Q70,spread_regime,avg_spread_bps <= 3.515855,0.7,3.515854829732787,0,0,0,400,0
P271_P277_SPREAD_LE_Q70_CAP100000_NOT75000_CONC2_COST200,P277_SPREAD_LE_Q70,P268_P268_BID_ABSORPTION_BREADTH_REPAIR_H10_IQ0p9_SQ0p75_SPCOMPRESSION;P268_P268_BID_ABSORPTION_BREADTH_REPAIR_H10_IQ0p9_SQ0p75_SPHIGH,100000.0,75000.0,2,cost200,2.0,0.0,400,3,397,18,379,0,2,2,5,3,8,142.73101909743082,0.14273101909743083,4.496027101569071,1,0,150000.0,1.5,0.9875,-34.52197584054659,0,0,0,0,0,P277_SPREAD_LE_Q70,spread_regime,avg_spread_bps <= 3.515855,0.7,3.515854829732787,0,0,0,400,0
P271_P277_SPREAD_LE_Q70_CAP100000_NOT100000_CONC1_COST200,P277_SPREAD_LE_Q70,P268_P268_BID_ABSORPTION_BREADTH_REPAIR_H10_IQ0p9_SQ0p75_SPCOMPRESSION;P268_P268_BID_ABSORPTION_BREADTH_REPAIR_H10_IQ0p9_SQ0p75_SPHIGH,100000.0,100000.0,1,cost200,2.0,0.0,400,2,398,11,387,0,2,2,5,2,8,-12.013580032538385,-0.012013580032538386,-0.37842777102495917,1,0,200000.0,2.0,0.995,-69.04395168109316,0,0,0,0,0,P277_SPREAD_LE_Q70,spread_regime,avg_spread_bps <= 3.515855,0.7,3.515854829732787,0,0,0,400,0
P271_P277_SPREAD_LE_Q70_CAP100000_NOT100000_CONC2_COST200,P277_SPREAD_LE_Q70,P268_P268_BID_ABSORPTION_BREADTH_REPAIR_H10_IQ0p9_SQ0p75_SPCOMPRESSION;P268_P268_BID_ABSORPTION_BREADTH_REPAIR_H10_IQ0p9_SQ0p75_SPHIGH,100000.0,100000.0,2,cost200,2.0,0.0,400,3,397,18,379,0,2,2,5,3,8,142.73101909743082,0.14273101909743083,4.496027101569071,1,0,150000.0,1.5,0.9875,-34.52197584054659,0,0,0,0,0,P277_SPREAD_LE_Q70,spread_regime,avg_spread_bps <= 3.515855,0.7,3.515854829732787,0,0,0,400,0
P271_P277_SPREAD_LE_Q80_CAP100000_NOT50000_CONC1_COST200,P277_SPREAD_LE_Q80,P268_P268_BID_ABSORPTION_BREADTH_REPAIR_H10_IQ0p9_SQ0p75_SPCOMPRESSION,100000.0,50000.0,1,cost200,2.0,0.0,276,1,275,3,272,0,1,1,4,1,8,148.73780911370002,0.14873780911370002,4.685240987081551,1,0,50000.0,0.5,0.49818840579710144,0.0,0,0,0,0,0,P277_SPREAD_LE_Q80,spread_regime,avg_spread_bps <= 2.559387,0.8,2.559386892501286,0,0,0,276,0
P271_P277_SPREAD_LE_Q80_CAP100000_NOT50000_CONC2_COST200,P277_SPREAD_LE_Q80,P268_P268_BID_ABSORPTION_BREADTH_REPAIR_H10_IQ0p9_SQ0p75_SPCOMPRESSION,100000.0,50000.0,2,cost200,2.0,0.0,276,2,274,8,266,0,1,1,4,2,8,114.21583327315344,0.11421583327315343,3.597798748104333,1,0,100000.0,1.0,0.9945652173913043,-34.52197584054659,0,0,0,0,0,P277_SPREAD_LE_Q80,spread_regime,avg_spread_bps <= 2.559387,0.8,2.559386892501286,0,0,0,276,0
P271_P277_SPREAD_LE_Q80_CAP100000_NOT75000_CONC1_COST200,P277_SPREAD_LE_Q80,P268_P268_BID_ABSORPTION_BREADTH_REPAIR_H10_IQ0p9_SQ0p75_SPCOMPRESSION,100000.0,75000.0,1,cost200,2.0,0.0,276,1,275,3,272,0,1,1,4,1,8,223.10671367055002,0.22310671367055004,7.0278614806223265,1,0,75000.0,0.75,0.7472826086956522,0.0,0,0,0,0,0,P277_SPREAD_LE_Q80,spread_regime,avg_spread_bps <= 2.559387,0.8,2.559386892501286,0,0,0,276,0
P271_P277_SPREAD_LE_Q80_CAP100000_NOT75000_CONC2_COST200,P277_SPREAD_LE_Q80,P268_P268_BID_ABSORPTION_BREADTH_REPAIR_H10_IQ0p9_SQ0p75_SPCOMPRESSION,100000.0,75000.0,2,cost200,2.0,0.0,276,2,274,8,266,0,1,1,4,2,8,114.21583327315344,0.11421583327315343,3.597798748104333,1,0,100000.0,1.0,0.9945652173913043,-34.52197584054659,0,0,0,0,0,P277_SPREAD_LE_Q80,spread_regime,avg_spread_bps <= 2.559387,0.8,2.559386892501286,0,0,0,276,0
P271_P277_SPREAD_LE_Q80_CAP100000_NOT100000_CONC1_COST200,P277_SPREAD_LE_Q80,P268_P268_BID_ABSORPTION_BREADTH_REPAIR_H10_IQ0p9_SQ0p75_SPCOMPRESSION,100000.0,100000.0,1,cost200,2.0,0.0,276,1,275,3,272,0,1,1,4,1,8,297.47561822740005,0.29747561822740004,9.370481974163102,1,0,100000.0,1.0,0.9963768115942029,0.0,0,0,0,0,0,P277_SPREAD_LE_Q80,spread_regime,avg_spread_bps <= 2.559387,0.8,2.559386892501286,0,0,0,276,0
P271_P277_SPREAD_LE_Q80_CAP100000_NOT100000_CONC2_COST200,P277_SPREAD_LE_Q80,P268_P268_BID_ABSORPTION_BREADTH_REPAIR_H10_IQ0p9_SQ0p75_SPCOMPRESSION,100000.0,100000.0,2,cost200,2.0,0.0,276,2,274,8,266,0,1,1,4,2,8,114.21583327315344,0.11421583327315343,3.597798748104333,1,0,100000.0,1.0,0.9945652173913043,-34.52197584054659,0,0,0,0,0,P277_SPREAD_LE_Q80,spread_regime,avg_spread_bps <= 2.559387,0.8,2.559386892501286,0,0,0,276,0
P271_P277_SPREAD_LE_Q90_CAP100000_NOT50000_CONC1_COST200,P277_SPREAD_LE_Q90,P268_P268_BID_ABSORPTION_BREADTH_REPAIR_H10_IQ0p9_SQ0p75_SPCOMPRESSION,100000.0,50000.0,1,cost200,2.0,0.0,153,1,152,5,147,0,1,1,3,1,8,-34.52197584054658,-0.03452197584054658,-1.0874422389772174,1,0,50000.0,0.5,0.49673202614379086,-34.52197584054658,0,0,0,0,0,P277_SPREAD_LE_Q90,spread_regime,avg_spread_bps <= 2.059387,0.9,2.059386892501286,0,0,0,153,0
P271_P277_SPREAD_LE_Q90_CAP100000_NOT50000_CONC2_COST200,P277_SPREAD_LE_Q90,P268_P268_BID_ABSORPTION_BREADTH_REPAIR_H10_IQ0p9_SQ0p75_SPCOMPRESSION,100000.0,50000.0,2,cost200,2.0,0.0,153,2,151,8,143,0,1,1,3,2,8,-172.67226951584087,-0.17267226951584086,-5.439176489748987,1,0,100000.0,1.0,0.9869281045751634,-172.67226951584087,0,0,0,0,0,P277_SPREAD_LE_Q90,spread_regime,avg_spread_bps <= 2.059387,0.9,2.059386892501286,0,0,0,153,0
P271_P277_SPREAD_LE_Q90_CAP100000_NOT75000_CONC1_COST200,P277_SPREAD_LE_Q90,P268_P268_BID_ABSORPTION_BREADTH_REPAIR_H10_IQ0p9_SQ0p75_SPCOMPRESSION,100000.0,75000.0,1,cost200,2.0,0.0,153,1,152,5,147,0,1,1,3,1,8,-51.78296376081987,-0.05178296376081987,-1.6311633584658258,1,0,75000.0,0.75,0.7450980392156863,-51.78296376081987,0,0,0,0,0,P277_SPREAD_LE_Q90,spread_regime,avg_spread_bps <= 2.059387,0.9,2.059386892501286,0,0,0,153,0
P271_P277_SPREAD_LE_Q90_CAP100000_NOT75000_CONC2_COST200,P277_SPREAD_LE_Q90,P268_P268_BID_ABSORPTION_BREADTH_REPAIR_H10_IQ0p9_SQ0p75_SPCOMPRESSION,100000.0,75000.0,2,cost200,2.0,0.0,153,2,151,8,143,0,1,1,3,2,8,-172.67226951584087,-0.17267226951584086,-5.439176489748987,1,0,100000.0,1.0,0.9869281045751634,-172.67226951584087,0,0,0,0,0,P277_SPREAD_LE_Q90,spread_regime,avg_spread_bps <= 2.059387,0.9,2.059386892501286,0,0,0,153,0
P271_P277_SPREAD_LE_Q90_CAP100000_NOT100000_CONC1_COST200,P277_SPREAD_LE_Q90,P268_P268_BID_ABSORPTION_BREADTH_REPAIR_H10_IQ0p9_SQ0p75_SPCOMPRESSION,100000.0,100000.0,1,cost200,2.0,0.0,153,1,152,5,147,0,1,1,3,1,8,-69.04395168109316,-0.06904395168109316,-2.1748844779544347,1,0,100000.0,1.0,0.9934640522875817,-69.04395168109316,0,0,0,0,0,P277_SPREAD_LE_Q90,spread_regime,avg_spread_bps <= 2.059387,0.9,2.059386892501286,0,0,0,153,0
P271_P277_SPREAD_LE_Q90_CAP100000_NOT100000_CONC2_COST200,P277_SPREAD_LE_Q90,P268_P268_BID_ABSORPTION_BREADTH_REPAIR_H10_IQ0p9_SQ0p75_SPCOMPRESSION,100000.0,100000.0,2,cost200,2.0,0.0,153,2,151,8,143,0,1,1,3,2,8,-172.67226951584087,-0.17267226951584086,-5.439176489748987,1,0,100000.0,1.0,0.9869281045751634,-172.67226951584087,0,0,0,0,0,P277_SPREAD_LE_Q90,spread_regime,avg_spread_bps <= 2.059387,0.9,2.059386892501286,0,0,0,153,0
P271_P277_CHURN_LE_Q50_CAP100000_NOT50000_CONC1_COST200,P277_CHURN_LE_Q50,P268_P268_BID_ABSORPTION_BREADTH_REPAIR_H10_IQ0p9_SQ0p75_SPCOMPRESSION;P268_P268_BID_ABSORPTION_BREADTH_REPAIR_H10_IQ0p9_SQ0p75_SPHIGH,100000.0,50000.0,1,cost200,2.0,0.0,640,2,638,31,607,0,2,1,6,1,8,49.98624305313716,0.04998624305313716,1.5745666561738205,1,0,100000.0,1.0,0.4984375,0.0,0,0,0,0,0,P277_CHURN_LE_Q50,event_sparsity,top5_churn_pressure <= 610494.118466,0.5,610494.1184659755,1,0,0,640,0
P271_P277_CHURN_LE_Q50_CAP100000_NOT50000_CONC2_COST200,P277_CHURN_LE_Q50,P268_P268_BID_ABSORPTION_BREADTH_REPAIR_H10_IQ0p9_SQ0p75_SPCOMPRESSION;P268_P268_BID_ABSORPTION_BREADTH_REPAIR_H10_IQ0p9_SQ0p75_SPHIGH,100000.0,50000.0,2,cost200,2.0,0.0,640,4,636,45,591,0,2,2,6,3,8,43.97945303686797,0.04397945303686797,1.385352770661341,1,0,200000.0,2.0,0.9890625,-34.52197584054658,0,0,0,0,0,P277_CHURN_LE_Q50,event_sparsity,top5_churn_pressure <= 610494.118466,0.5,610494.1184659755,1,0,0,640,0
P271_P277_CHURN_LE_Q50_CAP100000_NOT75000_CONC1_COST200,P277_CHURN_LE_Q50,P268_P268_BID_ABSORPTION_BREADTH_REPAIR_H10_IQ0p9_SQ0p75_SPCOMPRESSION;P268_P268_BID_ABSORPTION_BREADTH_REPAIR_H10_IQ0p9_SQ0p75_SPHIGH,100000.0,75000.0,1,cost200,2.0,0.0,640,2,638,31,607,0,2,1,6,1,8,74.97936457970573,0.07497936457970573,2.3618499842607306,1,0,150000.0,1.5,0.74765625,0.0,0,0,0,0,0,P277_CHURN_LE_Q50,event_sparsity,top5_churn_pressure <= 610494.118466,0.5,610494.1184659755,1,0,0,640,0
P271_P277_CHURN_LE_Q50_CAP100000_NOT75000_CONC2_COST200,P277_CHURN_LE_Q50,P268_P268_BID_ABSORPTION_BREADTH_REPAIR_H10_IQ0p9_SQ0p75_SPCOMPRESSION;P268_P268_BID_ABSORPTION_BREADTH_REPAIR_H10_IQ0p9_SQ0p75_SPHIGH,100000.0,75000.0,2,cost200,2.0,0.0,640,4,636,45,591,0,2,2,6,3,8,43.97945303686797,0.04397945303686797,1.385352770661341,1,0,200000.0,2.0,0.9890625,-34.52197584054658,0,0,0,0,0,P277_CHURN_LE_Q50,event_sparsity,top5_churn_pressure <= 610494.118466,0.5,610494.1184659755,1,0,0,640,0
P271_P277_CHURN_LE_Q50_CAP100000_NOT100000_CONC1_COST200,P277_CHURN_LE_Q50,P268_P268_BID_ABSORPTION_BREADTH_REPAIR_H10_IQ0p9_SQ0p75_SPCOMPRESSION;P268_P268_BID_ABSORPTION_BREADTH_REPAIR_H10_IQ0p9_SQ0p75_SPHIGH,100000.0,100000.0,1,cost200,2.0,0.0,640,2,638,31,607,0,2,1,6,1,8,99.97248610627432,0.09997248610627432,3.149133312347641,1,0,200000.0,2.0,0.996875,0.0,0,0,0,0,0,P277_CHURN_LE_Q50,event_sparsity,top5_churn_pressure <= 610494.118466,0.5,610494.1184659755,1,0,0,640,0
P271_P277_CHURN_LE_Q50_CAP100000_NOT100000_CONC2_COST200,P277_CHURN_LE_Q50,P268_P268_BID_ABSORPTION_BREADTH_REPAIR_H10_IQ0p9_SQ0p75_SPCOMPRESSION;P268_P268_BID_ABSORPTION_BREADTH_REPAIR_H10_IQ0p9_SQ0p75_SPHIGH,100000.0,100000.0,2,cost200,2.0,0.0,640,4,636,45,591,0,2,2,6,3,8,43.97945303686797,0.04397945303686797,1.385352770661341,1,0,200000.0,2.0,0.9890625,-34.52197584054658,0,0,0,0,0,P277_CHURN_LE_Q50,event_sparsity,top5_churn_pressure <= 610494.118466,0.5,610494.1184659755,1,0,0,640,0
P271_P277_CHURN_LE_Q60_CAP100000_NOT50000_CONC1_COST200,P277_CHURN_LE_Q60,P268_P268_BID_ABSORPTION_BREADTH_REPAIR_H10_IQ0p9_SQ0p75_SPCOMPRESSION;P268_P268_BID_ABSORPTION_BREADTH_REPAIR_H10_IQ0p9_SQ0p75_SPHIGH,100000.0,50000.0,1,cost200,2.0,0.0,512,2,510,18,492,0,2,2,5,1,8,40.333648265488684,0.040333648265488686,1.2705099203628936,1,0,100000.0,1.0,0.498046875,-4.681801755091319,0,0,0,0,0,P277_CHURN_LE_Q60,event_sparsity,top5_churn_pressure <= 445889.435425,0.6,445889.4354246812,1,0,0,512,0
P271_P277_CHURN_LE_Q60_CAP100000_NOT50000_CONC2_COST200,P277_CHURN_LE_Q60,P268_P268_BID_ABSORPTION_BREADTH_REPAIR_H10_IQ0p9_SQ0p75_SPCOMPRESSION;P268_P268_BID_ABSORPTION_BREADTH_REPAIR_H10_IQ0p9_SQ0p75_SPHIGH,100000.0,50000.0,2,cost200,2.0,0.0,512,4,508,36,472,0,2,2,5,3,8,219.4205647706736,0.21942056477067357,6.911747790276217,1,0,200000.0,2.0,0.9912109375,-4.681801755091319,0,0,0,0,0,P277_CHURN_LE_Q60,event_sparsity,top5_churn_pressure <= 445889.435425,0.6,445889.4354246812,1,0,0,512,0
P271_P277_CHURN_LE_Q60_CAP100000_NOT75000_CONC1_COST200,P277_CHURN_LE_Q60,P268_P268_BID_ABSORPTION_BREADTH_REPAIR_H10_IQ0p9_SQ0p75_SPCOMPRESSION;P268_P268_BID_ABSORPTION_BREADTH_REPAIR_H10_IQ0p9_SQ0p75_SPHIGH,100000.0,75000.0,1,cost200,2.0,0.0,512,2,510,18,492,0,2,2,5,1,8,60.50047239823303,0.06050047239823303,1.9057648805443403,1,0,150000.0,1.5,0.7470703125,-7.022702632636979,0,0,0,0,0,P277_CHURN_LE_Q60,event_sparsity,top5_churn_pressure <= 445889.435425,0.6,445889.4354246812,1,0,0,512,0
P271_P277_CHURN_LE_Q60_CAP100000_NOT75000_CONC2_COST200,P277_CHURN_LE_Q60,P268_P268_BID_ABSORPTION_BREADTH_REPAIR_H10_IQ0p9_SQ0p75_SPCOMPRESSION;P268_P268_BID_ABSORPTION_BREADTH_REPAIR_H10_IQ0p9_SQ0p75_SPHIGH,100000.0,75000.0,2,cost200,2.0,0.0,512,4,508,36,472,0,2,2,5,3,8,219.4205647706736,0.21942056477067357,6.911747790276217,1,0,200000.0,2.0,0.9912109375,-4.681801755091319,0,0,0,0,0,P277_CHURN_LE_Q60,event_sparsity,top5_churn_pressure <= 445889.435425,0.6,445889.4354246812,1,0,0,512,0
P271_P277_CHURN_LE_Q60_CAP100000_NOT100000_CONC1_COST200,P277_CHURN_LE_Q60,P268_P268_BID_ABSORPTION_BREADTH_REPAIR_H10_IQ0p9_SQ0p75_SPCOMPRESSION;P268_P268_BID_ABSORPTION_BREADTH_REPAIR_H10_IQ0p9_SQ0p75_SPHIGH,100000.0,100000.0,1,cost200,2.0,0.0,512,2,510,18,492,0,2,2,5,1,8,80.66729653097737,0.08066729653097737,2.541019840725787,1,0,200000.0,2.0,0.99609375,-9.363603510182639,0,0,0,0,0,P277_CHURN_LE_Q60,event_sparsity,top5_churn_pressure <= 445889.435425,0.6,445889.4354246812,1,0,0,512,0
P271_P277_CHURN_LE_Q60_CAP100000_NOT100000_CONC2_COST200,P277_CHURN_LE_Q60,P268_P268_BID_ABSORPTION_BREADTH_REPAIR_H10_IQ0p9_SQ0p75_SPCOMPRESSION;P268_P268_BID_ABSORPTION_BREADTH_REPAIR_H10_IQ0p9_SQ0p75_SPHIGH,100000.0,100000.0,2,cost200,2.0,0.0,512,4,508,36,472,0,2,2,5,3,8,219.4205647706736,0.21942056477067357,6.911747790276217,1,0,200000.0,2.0,0.9912109375,-4.681801755091319,0,0,0,0,0,P277_CHURN_LE_Q60,event_sparsity,top5_churn_pressure <= 445889.435425,0.6,445889.4354246812,1,0,0,512,0
P271_P277_CHURN_LE_Q70_CAP100000_NOT50000_CONC1_COST200,P277_CHURN_LE_Q70,P268_P268_BID_ABSORPTION_BREADTH_REPAIR_H10_IQ0p9_SQ0p75_SPCOMPRESSION;P268_P268_BID_ABSORPTION_BREADTH_REPAIR_H10_IQ0p9_SQ0p75_SPHIGH,100000.0,50000.0,1,cost200,2.0,0.0,384,2,382,18,364,0,2,1,5,2,8,67.28202950021033,0.06728202950021032,2.1193839292566254,1,0,100000.0,1.0,0.4973958333333333,0.0,0,0,0,0,0,P277_CHURN_LE_Q70,event_sparsity,top5_churn_pressure <= 342736.393969,0.7,342736.39396902063,1,0,0,384,0
P271_P277_CHURN_LE_Q70_CAP100000_NOT50000_CONC2_COST200,P277_CHURN_LE_Q70,P268_P268_BID_ABSORPTION_BREADTH_REPAIR_H10_IQ0p9_SQ0p75_SPCOMPRESSION;P268_P268_BID_ABSORPTION_BREADTH_REPAIR_H10_IQ0p9_SQ0p75_SPHIGH,100000.0,50000.0,2,cost200,2.0,0.0,384,3,381,25,356,0,2,2,5,3,8,-35.663618034163676,-0.03566361803416368,-1.1234039680761558,1,0,150000.0,1.5,0.9752604166666666,-109.27526821541379,0,0,0,0,0,P277_CHURN_LE_Q70,event_sparsity,top5_churn_pressure <= 342736.393969,0.7,342736.39396902063,1,0,0,384,0
P271_P277_CHURN_LE_Q70_CAP100000_NOT75000_CONC1_COST200,P277_CHURN_LE_Q70,P268_P268_BID_ABSORPTION_BREADTH_REPAIR_H10_IQ0p9_SQ0p75_SPCOMPRESSION;P268_P268_BID_ABSORPTION_BREADTH_REPAIR_H10_IQ0p9_SQ0p75_SPHIGH,100000.0,75000.0,1,cost200,2.0,0.0,384,2,382,18,364,0,2,1,5,2,8,100.92304425031548,0.10092304425031548,3.1790758938849377,1,0,150000.0,1.5,0.74609375,0.0,0,0,0,0,0,P277_CHURN_LE_Q70,event_sparsity,top5_churn_pressure <= 342736.393969,0.7,342736.39396902063,1,0,0,384,0
P271_P277_CHURN_LE_Q70_CAP100000_NOT75000_CONC2_COST200,P277_CHURN_LE_Q70,P268_P268_BID_ABSORPTION_BREADTH_REPAIR_H10_IQ0p9_SQ0p75_SPCOMPRESSION;P268_P268_BID_ABSORPTION_BREADTH_REPAIR_H10_IQ0p9_SQ0p75_SPHIGH,100000.0,75000.0,2,cost200,2.0,0.0,384,3,381,25,356,0,2,2,5,3,8,-35.663618034163676,-0.03566361803416368,-1.1234039680761558,1,0,150000.0,1.5,0.9752604166666666,-109.27526821541379,0,0,0,0,0,P277_CHURN_LE_Q70,event_sparsity,top5_churn_pressure <= 342736.393969,0.7,342736.39396902063,1,0,0,384,0
P271_P277_CHURN_LE_Q70_CAP100000_NOT100000_CONC1_COST200,P277_CHURN_LE_Q70,P268_P268_BID_ABSORPTION_BREADTH_REPAIR_H10_IQ0p9_SQ0p75_SPCOMPRESSION;P268_P268_BID_ABSORPTION_BREADTH_REPAIR_H10_IQ0p9_SQ0p75_SPHIGH,100000.0,100000.0,1,cost200,2.0,0.0,384,2,382,18,364,0,2,1,5,2,8,134.56405900042066,0.13456405900042065,4.238767858513251,1,0,200000.0,2.0,0.9947916666666666,0.0,0,0,0,0,0,P277_CHURN_LE_Q70,event_sparsity,top5_churn_pressure <= 342736.393969,0.7,342736.39396902063,1,0,0,384,0
P271_P277_CHURN_LE_Q70_CAP100000_NOT100000_CONC2_COST200,P277_CHURN_LE_Q70,P268_P268_BID_ABSORPTION_BREADTH_REPAIR_H10_IQ0p9_SQ0p75_SPCOMPRESSION;P268_P268_BID_ABSORPTION_BREADTH_REPAIR_H10_IQ0p9_SQ0p75_SPHIGH,100000.0,100000.0,2,cost200,2.0,0.0,384,3,381,25,356,0,2,2,5,3,8,-35.663618034163676,-0.03566361803416368,-1.1234039680761558,1,0,150000.0,1.5,0.9752604166666666,-109.27526821541379,0,0,0,0,0,P277_CHURN_LE_Q70,event_sparsity,top5_churn_pressure <= 342736.393969,0.7,342736.39396902063,1,0,0,384,0
P271_P277_CHURN_LE_Q80_CAP100000_NOT50000_CONC1_COST200,P277_CHURN_LE_Q80,P268_P268_BID_ABSORPTION_BREADTH_REPAIR_H10_IQ0p9_SQ0p75_SPCOMPRESSION;P268_P268_BID_ABSORPTION_BREADTH_REPAIR_H10_IQ0p9_SQ0p75_SPHIGH,100000.0,50000.0,1,cost200,2.0,0.0,256,2,254,25,229,0,2,1,2,2,8,96.36160435326596,0.09636160435326596,3.0353905371278778,1,0,100000.0,1.0,0.49609375,0.0,0,0,0,0,0,P277_CHURN_LE_Q80,event_sparsity,top5_churn_pressure <= 71224.830695,0.8,71224.83069527084,1,0,0,256,0
P271_P277_CHURN_LE_Q80_CAP100000_NOT50000_CONC2_COST200,P277_CHURN_LE_Q80,P268_P268_BID_ABSORPTION_BREADTH_REPAIR_H10_IQ0p9_SQ0p75_SPCOMPRESSION;P268_P268_BID_ABSORPTION_BREADTH_REPAIR_H10_IQ0p9_SQ0p75_SPHIGH,100000.0,50000.0,2,cost200,2.0,0.0,256,4,252,50,202,0,2,1,2,2,8,193.27892396428595,0.19327892396428595,6.088286104875007,1,0,200000.0,2.0,0.939453125,0.0,0,0,0,0,0,P277_CHURN_LE_Q80,event_sparsity,top5_churn_pressure <= 71224.830695,0.8,71224.83069527084,1,0,0,256,0
P271_P277_CHURN_LE_Q80_CAP100000_NOT75000_CONC1_COST200,P277_CHURN_LE_Q80,P268_P268_BID_ABSORPTION_BREADTH_REPAIR_H10_IQ0p9_SQ0p75_SPCOMPRESSION;P268_P268_BID_ABSORPTION_BREADTH_REPAIR_H10_IQ0p9_SQ0p75_SPHIGH,100000.0,75000.0,1,cost200,2.0,0.0,256,2,254,25,229,0,2,1,2,2,8,144.54240652989895,0.14454240652989897,4.5530858056918175,1,0,150000.0,1.5,0.744140625,0.0,0,0,0,0,0,P277_CHURN_LE_Q80,event_sparsity,top5_churn_pressure <= 71224.830695,0.8,71224.83069527084,1,0,0,256,0
P271_P277_CHURN_LE_Q80_CAP100000_NOT75000_CONC2_COST200,P277_CHURN_LE_Q80,P268_P268_BID_ABSORPTION_BREADTH_REPAIR_H10_IQ0p9_SQ0p75_SPCOMPRESSION;P268_P268_BID_ABSORPTION_BREADTH_REPAIR_H10_IQ0p9_SQ0p75_SPHIGH,100000.0,75000.0,2,cost200,2.0,0.0,256,4,252,50,202,0,2,1,2,2,8,193.27892396428595,0.19327892396428595,6.088286104875007,1,0,200000.0,2.0,0.939453125,0.0,0,0,0,0,0,P277_CHURN_LE_Q80,event_sparsity,top5_churn_pressure <= 71224.830695,0.8,71224.83069527084,1,0,0,256,0
P271_P277_CHURN_LE_Q80_CAP100000_NOT100000_CONC1_COST200,P277_CHURN_LE_Q80,P268_P268_BID_ABSORPTION_BREADTH_REPAIR_H10_IQ0p9_SQ0p75_SPCOMPRESSION;P268_P268_BID_ABSORPTION_BREADTH_REPAIR_H10_IQ0p9_SQ0p75_SPHIGH,100000.0,100000.0,1,cost200,2.0,0.0,256,2,254,25,229,0,2,1,2,2,8,192.72320870653192,0.19272320870653192,6.0707810742557555,1,0,200000.0,2.0,0.9921875,0.0,0,0,0,0,0,P277_CHURN_LE_Q80,event_sparsity,top5_churn_pressure <= 71224.830695,0.8,71224.83069527084,1,0,0,256,0
P271_P277_CHURN_LE_Q80_CAP100000_NOT100000_CONC2_COST200,P277_CHURN_LE_Q80,P268_P268_BID_ABSORPTION_BREADTH_REPAIR_H10_IQ0p9_SQ0p75_SPCOMPRESSION;P268_P268_BID_ABSORPTION_BREADTH_REPAIR_H10_IQ0p9_SQ0p75_SPHIGH,100000.0,100000.0,2,cost200,2.0,0.0,256,4,252,50,202,0,2,1,2,2,8,193.27892396428595,0.19327892396428595,6.088286104875007,1,0,200000.0,2.0,0.939453125,0.0,0,0,0,0,0,P277_CHURN_LE_Q80,event_sparsity,top5_churn_pressure <= 71224.830695,0.8,71224.83069527084,1,0,0,256,0
P271_P277_CHURN_LE_Q90_CAP100000_NOT50000_CONC1_COST200,P277_CHURN_LE_Q90,P268_P268_BID_ABSORPTION_BREADTH_REPAIR_H10_IQ0p9_SQ0p75_SPCOMPRESSION;P268_P268_BID_ABSORPTION_BREADTH_REPAIR_H10_IQ0p9_SQ0p75_SPHIGH,100000.0,50000.0,1,cost200,2.0,0.0,128,1,127,11,116,0,2,1,1,1,8,-29.72249518934122,-0.029722495189341218,-0.9362585984642484,1,0,50000.0,0.5,0.49609375,-29.72249518934122,0,0,0,0,0,P277_CHURN_LE_Q90,event_sparsity,top5_churn_pressure <= 49389.356500,0.9,49389.35650025725,1,0,0,128,0
P271_P277_CHURN_LE_Q90_CAP100000_NOT50000_CONC2_COST200,P277_CHURN_LE_Q90,P268_P268_BID_ABSORPTION_BREADTH_REPAIR_H10_IQ0p9_SQ0p75_SPCOMPRESSION;P268_P268_BID_ABSORPTION_BREADTH_REPAIR_H10_IQ0p9_SQ0p75_SPHIGH,100000.0,50000.0,2,cost200,2.0,0.0,128,2,126,32,94,0,2,1,1,1,8,2.3901370890833142,0.002390137089083314,0.0752893183061244,1,0,100000.0,1.0,0.9453125,-29.72249518934122,0,0,0,0,0,P277_CHURN_LE_Q90,event_sparsity,top5_churn_pressure <= 49389.356500,0.9,49389.35650025725,1,0,0,128,0
P271_P277_CHURN_LE_Q90_CAP100000_NOT75000_CONC1_COST200,P277_CHURN_LE_Q90,P268_P268_BID_ABSORPTION_BREADTH_REPAIR_H10_IQ0p9_SQ0p75_SPCOMPRESSION;P268_P268_BID_ABSORPTION_BREADTH_REPAIR_H10_IQ0p9_SQ0p75_SPHIGH,100000.0,75000.0,1,cost200,2.0,0.0,128,1,127,11,116,0,2,1,1,1,8,-44.58374278401183,-0.04458374278401184,-1.4043878976963728,1,0,75000.0,0.75,0.744140625,-44.58374278401183,0,0,0,0,0,P277_CHURN_LE_Q90,event_sparsity,top5_churn_pressure <= 49389.356500,0.9,49389.35650025725,1,0,0,128,0
P271_P277_CHURN_LE_Q90_CAP100000_NOT75000_CONC2_COST200,P277_CHURN_LE_Q90,P268_P268_BID_ABSORPTION_BREADTH_REPAIR_H10_IQ0p9_SQ0p75_SPCOMPRESSION;P268_P268_BID_ABSORPTION_BREADTH_REPAIR_H10_IQ0p9_SQ0p75_SPHIGH,100000.0,75000.0,2,cost200,2.0,0.0,128,2,126,32,94,0,2,1,1,1,8,2.3901370890833142,0.002390137089083314,0.0752893183061244,1,0,100000.0,1.0,0.9453125,-29.72249518934122,0,0,0,0,0,P277_CHURN_LE_Q90,event_sparsity,top5_churn_pressure <= 49389.356500,0.9,49389.35650025725,1,0,0,128,0
P271_P277_CHURN_LE_Q90_CAP100000_NOT100000_CONC1_COST200,P277_CHURN_LE_Q90,P268_P268_BID_ABSORPTION_BREADTH_REPAIR_H10_IQ0p9_SQ0p75_SPCOMPRESSION;P268_P268_BID_ABSORPTION_BREADTH_REPAIR_H10_IQ0p9_SQ0p75_SPHIGH,100000.0,100000.0,1,cost200,2.0,0.0,128,1,127,11,116,0,2,1,1,1,8,-59.44499037868244,-0.059444990378682436,-1.8725171969284968,1,0,100000.0,1.0,0.9921875,-59.44499037868244,0,0,0,0,0,P277_CHURN_LE_Q90,event_sparsity,top5_churn_pressure <= 49389.356500,0.9,49389.35650025725,1,0,0,128,0
P271_P277_CHURN_LE_Q90_CAP100000_NOT100000_CONC2_COST200,P277_CHURN_LE_Q90,P268_P268_BID_ABSORPTION_BREADTH_REPAIR_H10_IQ0p9_SQ0p75_SPCOMPRESSION;P268_P268_BID_ABSORPTION_BREADTH_REPAIR_H10_IQ0p9_SQ0p75_SPHIGH,100000.0,100000.0,2,cost200,2.0,0.0,128,2,126,32,94,0,2,1,1,1,8,2.3901370890833142,0.002390137089083314,0.0752893183061244,1,0,100000.0,1.0,0.9453125,-29.72249518934122,0,0,0,0,0,P277_CHURN_LE_Q90,event_sparsity,top5_churn_pressure <= 49389.356500,0.9,49389.35650025725,1,0,0,128,0
P271_P277_SPARSITY_PRESSURE_LE_Q50_CAP100000_NOT50000_CONC1_COST200,P277_SPARSITY_PRESSURE_LE_Q50,P268_P268_BID_ABSORPTION_BREADTH_REPAIR_H10_IQ0p9_SQ0p75_SPCOMPRESSION;P268_P268_BID_ABSORPTION_BREADTH_REPAIR_H10_IQ0p9_SQ0p75_SPHIGH,100000.0,50000.0,1,cost200,2.0,0.0,640,2,638,20,618,0,2,2,6,1,8,40.333648265488684,0.040333648265488686,1.2705099203628936,1,0,100000.0,1.0,0.4984375,-4.681801755091319,0,0,0,0,0,P277_SPARSITY_PRESSURE_LE_Q50,spread_and_churn_sparsity,event_sparsity_pressure <= 2187162.832698,0.5,2187162.832698088,1,0,0,640,0
P271_P277_SPARSITY_PRESSURE_LE_Q50_CAP100000_NOT50000_CONC2_COST200,P277_SPARSITY_PRESSURE_LE_Q50,P268_P268_BID_ABSORPTION_BREADTH_REPAIR_H10_IQ0p9_SQ0p75_SPCOMPRESSION;P268_P268_BID_ABSORPTION_BREADTH_REPAIR_H10_IQ0p9_SQ0p75_SPHIGH,100000.0,50000.0,2,cost200,2.0,0.0,640,4,636,38,598,0,2,2,6,3,8,34.32685824921949,0.034326858249219494,1.0812960348504141,1,0,200000.0,2.0,0.99453125,-34.52197584054658,0,0,0,0,0,P277_SPARSITY_PRESSURE_LE_Q50,spread_and_churn_sparsity,event_sparsity_pressure <= 2187162.832698,0.5,2187162.832698088,1,0,0,640,0
P271_P277_SPARSITY_PRESSURE_LE_Q50_CAP100000_NOT75000_CONC1_COST200,P277_SPARSITY_PRESSURE_LE_Q50,P268_P268_BID_ABSORPTION_BREADTH_REPAIR_H10_IQ0p9_SQ0p75_SPCOMPRESSION;P268_P268_BID_ABSORPTION_BREADTH_REPAIR_H10_IQ0p9_SQ0p75_SPHIGH,100000.0,75000.0,1,cost200,2.0,0.0,640,2,638,20,618,0,2,2,6,1,8,60.50047239823303,0.06050047239823303,1.9057648805443403,1,0,150000.0,1.5,0.74765625,-7.022702632636979,0,0,0,0,0,P277_SPARSITY_PRESSURE_LE_Q50,spread_and_churn_sparsity,event_sparsity_pressure <= 2187162.832698,0.5,2187162.832698088,1,0,0,640,0
P271_P277_SPARSITY_PRESSURE_LE_Q50_CAP100000_NOT75000_CONC2_COST200,P277_SPARSITY_PRESSURE_LE_Q50,P268_P268_BID_ABSORPTION_BREADTH_REPAIR_H10_IQ0p9_SQ0p75_SPCOMPRESSION;P268_P268_BID_ABSORPTION_BREADTH_REPAIR_H10_IQ0p9_SQ0p75_SPHIGH,100000.0,75000.0,2,cost200,2.0,0.0,640,4,636,38,598,0,2,2,6,3,8,34.32685824921949,0.034326858249219494,1.0812960348504141,1,0,200000.0,2.0,0.99453125,-34.52197584054658,0,0,0,0,0,P277_SPARSITY_PRESSURE_LE_Q50,spread_and_churn_sparsity,event_sparsity_pressure <= 2187162.832698,0.5,2187162.832698088,1,0,0,640,0
P271_P277_SPARSITY_PRESSURE_LE_Q50_CAP100000_NOT100000_CONC1_COST200,P277_SPARSITY_PRESSURE_LE_Q50,P268_P268_BID_ABSORPTION_BREADTH_REPAIR_H10_IQ0p9_SQ0p75_SPCOMPRESSION;P268_P268_BID_ABSORPTION_BREADTH_REPAIR_H10_IQ0p9_SQ0p75_SPHIGH,100000.0,100000.0,1,cost200,2.0,0.0,640,2,638,20,618,0,2,2,6,1,8,80.66729653097737,0.08066729653097737,2.541019840725787,1,0,200000.0,2.0,0.996875,-9.363603510182639,0,0,0,0,0,P277_SPARSITY_PRESSURE_LE_Q50,spread_and_churn_sparsity,event_sparsity_pressure <= 2187162.832698,0.5,2187162.832698088,1,0,0,640,0
P271_P277_SPARSITY_PRESSURE_LE_Q50_CAP100000_NOT100000_CONC2_COST200,P277_SPARSITY_PRESSURE_LE_Q50,P268_P268_BID_ABSORPTION_BREADTH_REPAIR_H10_IQ0p9_SQ0p75_SPCOMPRESSION;P268_P268_BID_ABSORPTION_BREADTH_REPAIR_H10_IQ0p9_SQ0p75_SPHIGH,100000.0,100000.0,2,cost200,2.0,0.0,640,4,636,38,598,0,2,2,6,3,8,34.32685824921949,0.034326858249219494,1.0812960348504141,1,0,200000.0,2.0,0.99453125,-34.52197584054658,0,0,0,0,0,P277_SPARSITY_PRESSURE_LE_Q50,spread_and_churn_sparsity,event_sparsity_pressure <= 2187162.832698,0.5,2187162.832698088,1,0,0,640,0
P271_P277_SPARSITY_PRESSURE_LE_Q60_CAP100000_NOT50000_CONC1_COST200,P277_SPARSITY_PRESSURE_LE_Q60,P268_P268_BID_ABSORPTION_BREADTH_REPAIR_H10_IQ0p9_SQ0p75_SPCOMPRESSION;P268_P268_BID_ABSORPTION_BREADTH_REPAIR_H10_IQ0p9_SQ0p75_SPHIGH,100000.0,50000.0,1,cost200,2.0,0.0,512,2,510,17,493,0,2,1,6,2,8,67.28202950021033,0.06728202950021032,2.1193839292566254,1,0,100000.0,1.0,0.498046875,0.0,0,0,0,0,0,P277_SPARSITY_PRESSURE_LE_Q60,spread_and_churn_sparsity,event_sparsity_pressure <= 1470251.984942,0.6,1470251.984941855,1,0,0,512,0
P271_P277_SPARSITY_PRESSURE_LE_Q60_CAP100000_NOT50000_CONC2_COST200,P277_SPARSITY_PRESSURE_LE_Q60,P268_P268_BID_ABSORPTION_BREADTH_REPAIR_H10_IQ0p9_SQ0p75_SPCOMPRESSION;P268_P268_BID_ABSORPTION_BREADTH_REPAIR_H10_IQ0p9_SQ0p75_SPHIGH,100000.0,50000.0,2,cost200,2.0,0.0,512,3,509,26,483,0,2,2,6,3,8,39.08967434070353,0.03908967434070353,1.2313247417321613,1,0,150000.0,1.5,0.9853515625,-34.52197584054658,0,0,0,0,0,P277_SPARSITY_PRESSURE_LE_Q60,spread_and_churn_sparsity,event_sparsity_pressure <= 1470251.984942,0.6,1470251.984941855,1,0,0,512,0
P271_P277_SPARSITY_PRESSURE_LE_Q60_CAP100000_NOT75000_CONC1_COST200,P277_SPARSITY_PRESSURE_LE_Q60,P268_P268_BID_ABSORPTION_BREADTH_REPAIR_H10_IQ0p9_SQ0p75_SPCOMPRESSION;P268_P268_BID_ABSORPTION_BREADTH_REPAIR_H10_IQ0p9_SQ0p75_SPHIGH,100000.0,75000.0,1,cost200,2.0,0.0,512,2,510,17,493,0,2,1,6,2,8,100.92304425031548,0.10092304425031548,3.1790758938849377,1,0,150000.0,1.5,0.7470703125,0.0,0,0,0,0,0,P277_SPARSITY_PRESSURE_LE_Q60,spread_and_churn_sparsity,event_sparsity_pressure <= 1470251.984942,0.6,1470251.984941855,1,0,0,512,0
P271_P277_SPARSITY_PRESSURE_LE_Q60_CAP100000_NOT75000_CONC2_COST200,P277_SPARSITY_PRESSURE_LE_Q60,P268_P268_BID_ABSORPTION_BREADTH_REPAIR_H10_IQ0p9_SQ0p75_SPCOMPRESSION;P268_P268_BID_ABSORPTION_BREADTH_REPAIR_H10_IQ0p9_SQ0p75_SPHIGH,100000.0,75000.0,2,cost200,2.0,0.0,512,3,509,26,483,0,2,2,6,3,8,39.08967434070353,0.03908967434070353,1.2313247417321613,1,0,150000.0,1.5,0.9853515625,-34.52197584054658,0,0,0,0,0,P277_SPARSITY_PRESSURE_LE_Q60,spread_and_churn_sparsity,event_sparsity_pressure <= 1470251.984942,0.6,1470251.984941855,1,0,0,512,0
P271_P277_SPARSITY_PRESSURE_LE_Q60_CAP100000_NOT100000_CONC1_COST200,P277_SPARSITY_PRESSURE_LE_Q60,P268_P268_BID_ABSORPTION_BREADTH_REPAIR_H10_IQ0p9_SQ0p75_SPCOMPRESSION;P268_P268_BID_ABSORPTION_BREADTH_REPAIR_H10_IQ0p9_SQ0p75_SPHIGH,100000.0,100000.0,1,cost200,2.0,0.0,512,2,510,17,493,0,2,1,6,2,8,134.56405900042066,0.13456405900042065,4.238767858513251,1,0,200000.0,2.0,0.99609375,0.0,0,0,0,0,0,P277_SPARSITY_PRESSURE_LE_Q60,spread_and_churn_sparsity,event_sparsity_pressure <= 1470251.984942,0.6,1470251.984941855,1,0,0,512,0
P271_P277_SPARSITY_PRESSURE_LE_Q60_CAP100000_NOT100000_CONC2_COST200,P277_SPARSITY_PRESSURE_LE_Q60,P268_P268_BID_ABSORPTION_BREADTH_REPAIR_H10_IQ0p9_SQ0p75_SPCOMPRESSION;P268_P268_BID_ABSORPTION_BREADTH_REPAIR_H10_IQ0p9_SQ0p75_SPHIGH,100000.0,100000.0,2,cost200,2.0,0.0,512,3,509,26,483,0,2,2,6,3,8,39.08967434070353,0.03908967434070353,1.2313247417321613,1,0,150000.0,1.5,0.9853515625,-34.52197584054658,0,0,0,0,0,P277_SPARSITY_PRESSURE_LE_Q60,spread_and_churn_sparsity,event_sparsity_pressure <= 1470251.984942,0.6,1470251.984941855,1,0,0,512,0
P271_P277_SPARSITY_PRESSURE_LE_Q70_CAP100000_NOT50000_CONC1_COST200,P277_SPARSITY_PRESSURE_LE_Q70,P268_P268_BID_ABSORPTION_BREADTH_REPAIR_H10_IQ0p9_SQ0p75_SPCOMPRESSION;P268_P268_BID_ABSORPTION_BREADTH_REPAIR_H10_IQ0p9_SQ0p75_SPHIGH,100000.0,50000.0,1,cost200,2.0,0.0,384,2,382,18,364,0,2,2,5,2,8,-6.006790016269193,-0.006006790016269193,-0.18921388551247958,1,0,100000.0,1.0,0.4973958333333333,-34.52197584054658,0,0,0,0,0,P277_SPARSITY_PRESSURE_LE_Q70,spread_and_churn_sparsity,event_sparsity_pressure <= 825012.273327,0.7,825012.2733273646,1,0,0,384,0
P271_P277_SPARSITY_PRESSURE_LE_Q70_CAP100000_NOT50000_CONC2_COST200,P277_SPARSITY_PRESSURE_LE_Q70,P268_P268_BID_ABSORPTION_BREADTH_REPAIR_H10_IQ0p9_SQ0p75_SPCOMPRESSION;P268_P268_BID_ABSORPTION_BREADTH_REPAIR_H10_IQ0p9_SQ0p75_SPHIGH,100000.0,50000.0,2,cost200,2.0,0.0,384,3,381,18,363,0,2,2,5,3,8,142.73101909743082,0.14273101909743083,4.496027101569071,1,0,150000.0,1.5,0.9778645833333334,-34.52197584054659,0,0,0,0,0,P277_SPARSITY_PRESSURE_LE_Q70,spread_and_churn_sparsity,event_sparsity_pressure <= 825012.273327,0.7,825012.2733273646,1,0,0,384,0
P271_P277_SPARSITY_PRESSURE_LE_Q70_CAP100000_NOT75000_CONC1_COST200,P277_SPARSITY_PRESSURE_LE_Q70,P268_P268_BID_ABSORPTION_BREADTH_REPAIR_H10_IQ0p9_SQ0p75_SPCOMPRESSION;P268_P268_BID_ABSORPTION_BREADTH_REPAIR_H10_IQ0p9_SQ0p75_SPHIGH,100000.0,75000.0,1,cost200,2.0,0.0,384,2,382,18,364,0,2,2,5,2,8,-9.010185024403789,-0.009010185024403788,-0.28382082826871935,1,0,150000.0,1.5,0.74609375,-51.78296376081987,0,0,0,0,0,P277_SPARSITY_PRESSURE_LE_Q70,spread_and_churn_sparsity,event_sparsity_pressure <= 825012.273327,0.7,825012.2733273646,1,0,0,384,0
P271_P277_SPARSITY_PRESSURE_LE_Q70_CAP100000_NOT75000_CONC2_COST200,P277_SPARSITY_PRESSURE_LE_Q70,P268_P268_BID_ABSORPTION_BREADTH_REPAIR_H10_IQ0p9_SQ0p75_SPCOMPRESSION;P268_P268_BID_ABSORPTION_BREADTH_REPAIR_H10_IQ0p9_SQ0p75_SPHIGH,100000.0,75000.0,2,cost200,2.0,0.0,384,3,381,18,363,0,2,2,5,3,8,142.73101909743082,0.14273101909743083,4.496027101569071,1,0,150000.0,1.5,0.9778645833333334,-34.52197584054659,0,0,0,0,0,P277_SPARSITY_PRESSURE_LE_Q70,spread_and_churn_sparsity,event_sparsity_pressure <= 825012.273327,0.7,825012.2733273646,1,0,0,384,0
P271_P277_SPARSITY_PRESSURE_LE_Q70_CAP100000_NOT100000_CONC1_COST200,P277_SPARSITY_PRESSURE_LE_Q70,P268_P268_BID_ABSORPTION_BREADTH_REPAIR_H10_IQ0p9_SQ0p75_SPCOMPRESSION;P268_P268_BID_ABSORPTION_BREADTH_REPAIR_H10_IQ0p9_SQ0p75_SPHIGH,100000.0,100000.0,1,cost200,2.0,0.0,384,2,382,18,364,0,2,2,5,2,8,-12.013580032538385,-0.012013580032538386,-0.37842777102495917,1,0,200000.0,2.0,0.9947916666666666,-69.04395168109316,0,0,0,0,0,P277_SPARSITY_PRESSURE_LE_Q70,spread_and_churn_sparsity,event_sparsity_pressure <= 825012.273327,0.7,825012.2733273646,1,0,0,384,0
P271_P277_SPARSITY_PRESSURE_LE_Q70_CAP100000_NOT100000_CONC2_COST200,P277_SPARSITY_PRESSURE_LE_Q70,P268_P268_BID_ABSORPTION_BREADTH_REPAIR_H10_IQ0p9_SQ0p75_SPCOMPRESSION;P268_P268_BID_ABSORPTION_BREADTH_REPAIR_H10_IQ0p9_SQ0p75_SPHIGH,100000.0,100000.0,2,cost200,2.0,0.0,384,3,381,18,363,0,2,2,5,3,8,142.73101909743082,0.14273101909743083,4.496027101569071,1,0,150000.0,1.5,0.9778645833333334,-34.52197584054659,0,0,0,0,0,P277_SPARSITY_PRESSURE_LE_Q70,spread_and_churn_sparsity,event_sparsity_pressure <= 825012.273327,0.7,825012.2733273646,1,0,0,384,0
P271_P277_SPARSITY_PRESSURE_LE_Q80_CAP100000_NOT50000_CONC1_COST200,P277_SPARSITY_PRESSURE_LE_Q80,P268_P268_BID_ABSORPTION_BREADTH_REPAIR_H10_IQ0p9_SQ0p75_SPCOMPRESSION;P268_P268_BID_ABSORPTION_BREADTH_REPAIR_H10_IQ0p9_SQ0p75_SPHIGH,100000.0,50000.0,1,cost200,2.0,0.0,256,2,254,26,228,0,2,1,2,2,8,96.36160435326596,0.09636160435326596,3.0353905371278778,1,0,100000.0,1.0,0.49609375,0.0,0,0,0,0,0,P277_SPARSITY_PRESSURE_LE_Q80,spread_and_churn_sparsity,event_sparsity_pressure <= 250903.160053,0.8,250903.16005342672,1,0,0,256,0
P271_P277_SPARSITY_PRESSURE_LE_Q80_CAP100000_NOT50000_CONC2_COST200,P277_SPARSITY_PRESSURE_LE_Q80,P268_P268_BID_ABSORPTION_BREADTH_REPAIR_H10_IQ0p9_SQ0p75_SPCOMPRESSION;P268_P268_BID_ABSORPTION_BREADTH_REPAIR_H10_IQ0p9_SQ0p75_SPHIGH,100000.0,50000.0,2,cost200,2.0,0.0,256,4,252,48,204,0,2,1,2,2,8,193.27892396428595,0.19327892396428595,6.088286104875007,1,0,200000.0,2.0,0.9375,0.0,0,0,0,0,0,P277_SPARSITY_PRESSURE_LE_Q80,spread_and_churn_sparsity,event_sparsity_pressure <= 250903.160053,0.8,250903.16005342672,1,0,0,256,0
P271_P277_SPARSITY_PRESSURE_LE_Q80_CAP100000_NOT75000_CONC1_COST200,P277_SPARSITY_PRESSURE_LE_Q80,P268_P268_BID_ABSORPTION_BREADTH_REPAIR_H10_IQ0p9_SQ0p75_SPCOMPRESSION;P268_P268_BID_ABSORPTION_BREADTH_REPAIR_H10_IQ0p9_SQ0p75_SPHIGH,100000.0,75000.0,1,cost200,2.0,0.0,256,2,254,26,228,0,2,1,2,2,8,144.54240652989895,0.14454240652989897,4.5530858056918175,1,0,150000.0,1.5,0.744140625,0.0,0,0,0,0,0,P277_SPARSITY_PRESSURE_LE_Q80,spread_and_churn_sparsity,event_sparsity_pressure <= 250903.160053,0.8,250903.16005342672,1,0,0,256,0
P271_P277_SPARSITY_PRESSURE_LE_Q80_CAP100000_NOT75000_CONC2_COST200,P277_SPARSITY_PRESSURE_LE_Q80,P268_P268_BID_ABSORPTION_BREADTH_REPAIR_H10_IQ0p9_SQ0p75_SPCOMPRESSION;P268_P268_BID_ABSORPTION_BREADTH_REPAIR_H10_IQ0p9_SQ0p75_SPHIGH,100000.0,75000.0,2,cost200,2.0,0.0,256,4,252,48,204,0,2,1,2,2,8,193.27892396428595,0.19327892396428595,6.088286104875007,1,0,200000.0,2.0,0.9375,0.0,0,0,0,0,0,P277_SPARSITY_PRESSURE_LE_Q80,spread_and_churn_sparsity,event_sparsity_pressure <= 250903.160053,0.8,250903.16005342672,1,0,0,256,0
P271_P277_SPARSITY_PRESSURE_LE_Q80_CAP100000_NOT100000_CONC1_COST200,P277_SPARSITY_PRESSURE_LE_Q80,P268_P268_BID_ABSORPTION_BREADTH_REPAIR_H10_IQ0p9_SQ0p75_SPCOMPRESSION;P268_P268_BID_ABSORPTION_BREADTH_REPAIR_H10_IQ0p9_SQ0p75_SPHIGH,100000.0,100000.0,1,cost200,2.0,0.0,256,2,254,26,228,0,2,1,2,2,8,192.72320870653192,0.19272320870653192,6.0707810742557555,1,0,200000.0,2.0,0.9921875,0.0,0,0,0,0,0,P277_SPARSITY_PRESSURE_LE_Q80,spread_and_churn_sparsity,event_sparsity_pressure <= 250903.160053,0.8,250903.16005342672,1,0,0,256,0
P271_P277_SPARSITY_PRESSURE_LE_Q80_CAP100000_NOT100000_CONC2_COST200,P277_SPARSITY_PRESSURE_LE_Q80,P268_P268_BID_ABSORPTION_BREADTH_REPAIR_H10_IQ0p9_SQ0p75_SPCOMPRESSION;P268_P268_BID_ABSORPTION_BREADTH_REPAIR_H10_IQ0p9_SQ0p75_SPHIGH,100000.0,100000.0,2,cost200,2.0,0.0,256,4,252,48,204,0,2,1,2,2,8,193.27892396428595,0.19327892396428595,6.088286104875007,1,0,200000.0,2.0,0.9375,0.0,0,0,0,0,0,P277_SPARSITY_PRESSURE_LE_Q80,spread_and_churn_sparsity,event_sparsity_pressure <= 250903.160053,0.8,250903.16005342672,1,0,0,256,0
P271_P277_SPARSITY_PRESSURE_LE_Q90_CAP100000_NOT50000_CONC1_COST200,P277_SPARSITY_PRESSURE_LE_Q90,P268_P268_BID_ABSORPTION_BREADTH_REPAIR_H10_IQ0p9_SQ0p75_SPCOMPRESSION;P268_P268_BID_ABSORPTION_BREADTH_REPAIR_H10_IQ0p9_SQ0p75_SPHIGH,100000.0,50000.0,1,cost200,2.0,0.0,128,2,126,14,112,0,2,1,2,2,8,87.00241676187483,0.08700241676187483,2.740576127999057,1,0,100000.0,1.0,0.4921875,0.0,0,0,0,0,0,P277_SPARSITY_PRESSURE_LE_Q90,spread_and_churn_sparsity,event_sparsity_pressure <= 166225.822836,0.9,166225.82283608368,1,0,0,128,0
P271_P277_SPARSITY_PRESSURE_LE_Q90_CAP100000_NOT50000_CONC2_COST200,P277_SPARSITY_PRESSURE_LE_Q90,P268_P268_BID_ABSORPTION_BREADTH_REPAIR_H10_IQ0p9_SQ0p75_SPCOMPRESSION;P268_P268_BID_ABSORPTION_BREADTH_REPAIR_H10_IQ0p9_SQ0p75_SPHIGH,100000.0,50000.0,2,cost200,2.0,0.0,128,3,125,20,105,0,2,2,2,2,8,119.11504904029937,0.11911504904029936,3.7521240447694297,1,0,150000.0,1.5,0.92578125,0.0,0,0,0,0,0,P277_SPARSITY_PRESSURE_LE_Q90,spread_and_churn_sparsity,event_sparsity_pressure <= 166225.822836,0.9,166225.82283608368,1,0,0,128,0
P271_P277_SPARSITY_PRESSURE_LE_Q90_CAP100000_NOT75000_CONC1_COST200,P277_SPARSITY_PRESSURE_LE_Q90,P268_P268_BID_ABSORPTION_BREADTH_REPAIR_H10_IQ0p9_SQ0p75_SPCOMPRESSION;P268_P268_BID_ABSORPTION_BREADTH_REPAIR_H10_IQ0p9_SQ0p75_SPHIGH,100000.0,75000.0,1,cost200,2.0,0.0,128,2,126,14,112,0,2,1,2,2,8,130.5036251428122,0.13050362514281222,4.110864191998585,1,0,150000.0,1.5,0.73828125,0.0,0,0,0,0,0,P277_SPARSITY_PRESSURE_LE_Q90,spread_and_churn_sparsity,event_sparsity_pressure <= 166225.822836,0.9,166225.82283608368,1,0,0,128,0
P271_P277_SPARSITY_PRESSURE_LE_Q90_CAP100000_NOT75000_CONC2_COST200,P277_SPARSITY_PRESSURE_LE_Q90,P268_P268_BID_ABSORPTION_BREADTH_REPAIR_H10_IQ0p9_SQ0p75_SPCOMPRESSION;P268_P268_BID_ABSORPTION_BREADTH_REPAIR_H10_IQ0p9_SQ0p75_SPHIGH,100000.0,75000.0,2,cost200,2.0,0.0,128,3,125,20,105,0,2,2,2,2,8,119.11504904029937,0.11911504904029936,3.7521240447694297,1,0,150000.0,1.5,0.92578125,0.0,0,0,0,0,0,P277_SPARSITY_PRESSURE_LE_Q90,spread_and_churn_sparsity,event_sparsity_pressure <= 166225.822836,0.9,166225.82283608368,1,0,0,128,0
P271_P277_SPARSITY_PRESSURE_LE_Q90_CAP100000_NOT100000_CONC1_COST200,P277_SPARSITY_PRESSURE_LE_Q90,P268_P268_BID_ABSORPTION_BREADTH_REPAIR_H10_IQ0p9_SQ0p75_SPCOMPRESSION;P268_P268_BID_ABSORPTION_BREADTH_REPAIR_H10_IQ0p9_SQ0p75_SPHIGH,100000.0,100000.0,1,cost200,2.0,0.0,128,2,126,14,112,0,2,1,2,2,8,174.00483352374965,0.17400483352374965,5.481152255998114,1,0,200000.0,2.0,0.984375,0.0,0,0,0,0,0,P277_SPARSITY_PRESSURE_LE_Q90,spread_and_churn_sparsity,event_sparsity_pressure <= 166225.822836,0.9,166225.82283608368,1,0,0,128,0
P271_P277_SPARSITY_PRESSURE_LE_Q90_CAP100000_NOT100000_CONC2_COST200,P277_SPARSITY_PRESSURE_LE_Q90,P268_P268_BID_ABSORPTION_BREADTH_REPAIR_H10_IQ0p9_SQ0p75_SPCOMPRESSION;P268_P268_BID_ABSORPTION_BREADTH_REPAIR_H10_IQ0p9_SQ0p75_SPHIGH,100000.0,100000.0,2,cost200,2.0,0.0,128,3,125,20,105,0,2,2,2,2,8,119.11504904029937,0.11911504904029936,3.7521240447694297,1,0,150000.0,1.5,0.92578125,0.0,0,0,0,0,0,P277_SPARSITY_PRESSURE_LE_Q90,spread_and_churn_sparsity,event_sparsity_pressure <= 166225.822836,0.9,166225.82283608368,1,0,0,128,0
P271_P277_CONSENSUS_SPREAD_Q60_CAP100000_NOT50000_CONC1_COST200,P277_CONSENSUS_SPREAD_Q60,P268_P268_BID_ABSORPTION_BREADTH_REPAIR_H10_IQ0p9_SQ0p75_SPCOMPRESSION;P268_P268_BID_ABSORPTION_BREADTH_REPAIR_H10_IQ0p9_SQ0p75_SPHIGH,100000.0,50000.0,1,cost200,2.0,0.0,73,1,72,0,72,0,2,1,2,1,8,-109.27526821541379,-0.10927526821541379,-3.4421709487855345,1,0,50000.0,0.5,0.4931506849315068,-109.27526821541379,0,0,0,0,0,P277_CONSENSUS_SPREAD_Q60,consensus_spread_filter,depth_consensus_imbalance >= 0.590831 and avg_spread_bps <= 4.195193,0.6,0.5908308110979859,1,1,0,73,0
P271_P277_CONSENSUS_SPREAD_Q60_CAP100000_NOT50000_CONC2_COST200,P277_CONSENSUS_SPREAD_Q60,P268_P268_BID_ABSORPTION_BREADTH_REPAIR_H10_IQ0p9_SQ0p75_SPCOMPRESSION;P268_P268_BID_ABSORPTION_BREADTH_REPAIR_H10_IQ0p9_SQ0p75_SPHIGH,100000.0,50000.0,2,cost200,2.0,0.0,73,2,71,3,68,0,2,2,2,2,8,-41.42884968642521,-0.04142884968642521,-1.3050087651223943,1,0,100000.0,1.0,0.9794520547945206,-109.27526821541379,0,0,0,0,0,P277_CONSENSUS_SPREAD_Q60,consensus_spread_filter,depth_consensus_imbalance >= 0.590831 and avg_spread_bps <= 4.195193,0.6,0.5908308110979859,1,1,0,73,0
P271_P277_CONSENSUS_SPREAD_Q60_CAP100000_NOT75000_CONC1_COST200,P277_CONSENSUS_SPREAD_Q60,P268_P268_BID_ABSORPTION_BREADTH_REPAIR_H10_IQ0p9_SQ0p75_SPCOMPRESSION;P268_P268_BID_ABSORPTION_BREADTH_REPAIR_H10_IQ0p9_SQ0p75_SPHIGH,100000.0,75000.0,1,cost200,2.0,0.0,73,1,72,0,72,0,2,1,2,1,8,-163.91290232312068,-0.16391290232312067,-5.163256423178301,1,0,75000.0,0.75,0.7397260273972602,-163.91290232312068,0,0,0,0,0,P277_CONSENSUS_SPREAD_Q60,consensus_spread_filter,depth_consensus_imbalance >= 0.590831 and avg_spread_bps <= 4.195193,0.6,0.5908308110979859,1,1,0,73,0
P271_P277_CONSENSUS_SPREAD_Q60_CAP100000_NOT75000_CONC2_COST200,P277_CONSENSUS_SPREAD_Q60,P268_P268_BID_ABSORPTION_BREADTH_REPAIR_H10_IQ0p9_SQ0p75_SPCOMPRESSION;P268_P268_BID_ABSORPTION_BREADTH_REPAIR_H10_IQ0p9_SQ0p75_SPHIGH,100000.0,75000.0,2,cost200,2.0,0.0,73,2,71,3,68,0,2,2,2,2,8,-41.42884968642521,-0.04142884968642521,-1.3050087651223943,1,0,100000.0,1.0,0.9794520547945206,-109.27526821541379,0,0,0,0,0,P277_CONSENSUS_SPREAD_Q60,consensus_spread_filter,depth_consensus_imbalance >= 0.590831 and avg_spread_bps <= 4.195193,0.6,0.5908308110979859,1,1,0,73,0
P271_P277_CONSENSUS_SPREAD_Q60_CAP100000_NOT100000_CONC1_COST200,P277_CONSENSUS_SPREAD_Q60,P268_P268_BID_ABSORPTION_BREADTH_REPAIR_H10_IQ0p9_SQ0p75_SPCOMPRESSION;P268_P268_BID_ABSORPTION_BREADTH_REPAIR_H10_IQ0p9_SQ0p75_SPHIGH,100000.0,100000.0,1,cost200,2.0,0.0,73,1,72,0,72,0,2,1,2,1,8,-218.55053643082758,-0.21855053643082759,-6.884341897571069,1,0,100000.0,1.0,0.9863013698630136,-218.55053643082758,0,0,0,0,0,P277_CONSENSUS_SPREAD_Q60,consensus_spread_filter,depth_consensus_imbalance >= 0.590831 and avg_spread_bps <= 4.195193,0.6,0.5908308110979859,1,1,0,73,0
P271_P277_CONSENSUS_SPREAD_Q60_CAP100000_NOT100000_CONC2_COST200,P277_CONSENSUS_SPREAD_Q60,P268_P268_BID_ABSORPTION_BREADTH_REPAIR_H10_IQ0p9_SQ0p75_SPCOMPRESSION;P268_P268_BID_ABSORPTION_BREADTH_REPAIR_H10_IQ0p9_SQ0p75_SPHIGH,100000.0,100000.0,2,cost200,2.0,0.0,73,2,71,3,68,0,2,2,2,2,8,-41.42884968642521,-0.04142884968642521,-1.3050087651223943,1,0,100000.0,1.0,0.9794520547945206,-109.27526821541379,0,0,0,0,0,P277_CONSENSUS_SPREAD_Q60,consensus_spread_filter,depth_consensus_imbalance >= 0.590831 and avg_spread_bps <= 4.195193,0.6,0.5908308110979859,1,1,0,73,0
P271_P277_REPLENISH_CHURN_Q60_CAP100000_NOT50000_CONC1_COST200,P277_REPLENISH_CHURN_Q60,P268_P268_BID_ABSORPTION_BREADTH_REPAIR_H10_IQ0p9_SQ0p75_SPCOMPRESSION;P268_P268_BID_ABSORPTION_BREADTH_REPAIR_H10_IQ0p9_SQ0p75_SPHIGH,100000.0,50000.0,1,cost200,2.0,0.0,367,2,365,15,350,0,2,1,4,2,8,67.28202950021033,0.06728202950021032,2.1193839292566254,1,0,100000.0,1.0,0.49727520435967304,0.0,0,0,0,0,0,P277_REPLENISH_CHURN_Q60,replenishment_churn_filter,depth_replenish_withdraw_ratio >= 5.629741 and top5_churn_pressure <= 445889.435425,0.6,5.629740921938889,1,1,0,367,0
P271_P277_REPLENISH_CHURN_Q60_CAP100000_NOT50000_CONC2_COST200,P277_REPLENISH_CHURN_Q60,P268_P268_BID_ABSORPTION_BREADTH_REPAIR_H10_IQ0p9_SQ0p75_SPCOMPRESSION;P268_P268_BID_ABSORPTION_BREADTH_REPAIR_H10_IQ0p9_SQ0p75_SPHIGH,100000.0,50000.0,2,cost200,2.0,0.0,367,3,364,22,342,0,2,2,4,3,8,171.1473950255676,0.17114739502556758,5.391142943305379,1,0,150000.0,1.5,0.9768392370572208,-7.939521479617309,0,0,0,0,0,P277_REPLENISH_CHURN_Q60,replenishment_churn_filter,depth_replenish_withdraw_ratio >= 5.629741 and top5_churn_pressure <= 445889.435425,0.6,5.629740921938889,1,1,0,367,0
P271_P277_REPLENISH_CHURN_Q60_CAP100000_NOT75000_CONC1_COST200,P277_REPLENISH_CHURN_Q60,P268_P268_BID_ABSORPTION_BREADTH_REPAIR_H10_IQ0p9_SQ0p75_SPCOMPRESSION;P268_P268_BID_ABSORPTION_BREADTH_REPAIR_H10_IQ0p9_SQ0p75_SPHIGH,100000.0,75000.0,1,cost200,2.0,0.0,367,2,365,15,350,0,2,1,4,2,8,100.92304425031548,0.10092304425031548,3.1790758938849377,1,0,150000.0,1.5,0.7459128065395095,0.0,0,0,0,0,0,P277_REPLENISH_CHURN_Q60,replenishment_churn_filter,depth_replenish_withdraw_ratio >= 5.629741 and top5_churn_pressure <= 445889.435425,0.6,5.629740921938889,1,1,0,367,0
P271_P277_REPLENISH_CHURN_Q60_CAP100000_NOT75000_CONC2_COST200,P277_REPLENISH_CHURN_Q60,P268_P268_BID_ABSORPTION_BREADTH_REPAIR_H10_IQ0p9_SQ0p75_SPCOMPRESSION;P268_P268_BID_ABSORPTION_BREADTH_REPAIR_H10_IQ0p9_SQ0p75_SPHIGH,100000.0,75000.0,2,cost200,2.0,0.0,367,3,364,22,342,0,2,2,4,3,8,171.1473950255676,0.17114739502556758,5.391142943305379,1,0,150000.0,1.5,0.9768392370572208,-7.939521479617309,0,0,0,0,0,P277_REPLENISH_CHURN_Q60,replenishment_churn_filter,depth_replenish_withdraw_ratio >= 5.629741 and top5_churn_pressure <= 445889.435425,0.6,5.629740921938889,1,1,0,367,0
P271_P277_REPLENISH_CHURN_Q60_CAP100000_NOT100000_CONC1_COST200,P277_REPLENISH_CHURN_Q60,P268_P268_BID_ABSORPTION_BREADTH_REPAIR_H10_IQ0p9_SQ0p75_SPCOMPRESSION;P268_P268_BID_ABSORPTION_BREADTH_REPAIR_H10_IQ0p9_SQ0p75_SPHIGH,100000.0,100000.0,1,cost200,2.0,0.0,367,2,365,15,350,0,2,1,4,2,8,134.56405900042066,0.13456405900042065,4.238767858513251,1,0,200000.0,2.0,0.9945504087193461,0.0,0,0,0,0,0,P277_REPLENISH_CHURN_Q60,replenishment_churn_filter,depth_replenish_withdraw_ratio >= 5.629741 and top5_churn_pressure <= 445889.435425,0.6,5.629740921938889,1,1,0,367,0
P271_P277_REPLENISH_CHURN_Q60_CAP100000_NOT100000_CONC2_COST200,P277_REPLENISH_CHURN_Q60,P268_P268_BID_ABSORPTION_BREADTH_REPAIR_H10_IQ0p9_SQ0p75_SPCOMPRESSION;P268_P268_BID_ABSORPTION_BREADTH_REPAIR_H10_IQ0p9_SQ0p75_SPHIGH,100000.0,100000.0,2,cost200,2.0,0.0,367,3,364,22,342,0,2,2,4,3,8,171.1473950255676,0.17114739502556758,5.391142943305379,1,0,150000.0,1.5,0.9768392370572208,-7.939521479617309,0,0,0,0,0,P277_REPLENISH_CHURN_Q60,replenishment_churn_filter,depth_replenish_withdraw_ratio >= 5.629741 and top5_churn_pressure <= 445889.435425,0.6,5.629740921938889,1,1,0,367,0
P271_P277_CONSENSUS_SPREAD_Q70_CAP100000_NOT50000_CONC1_COST200,P277_CONSENSUS_SPREAD_Q70,P268_P268_BID_ABSORPTION_BREADTH_REPAIR_H10_IQ0p9_SQ0p75_SPCOMPRESSION;P268_P268_BID_ABSORPTION_BREADTH_REPAIR_H10_IQ0p9_SQ0p75_SPHIGH,100000.0,50000.0,1,cost200,2.0,0.0,36,1,35,0,35,0,2,1,2,1,8,-109.27526821541379,-0.10927526821541379,-3.4421709487855345,1,0,50000.0,0.5,0.4861111111111111,-109.27526821541379,0,0,0,0,0,P277_CONSENSUS_SPREAD_Q70,consensus_spread_filter,depth_consensus_imbalance >= 0.603199 and avg_spread_bps <= 3.515855,0.7,0.6031992683461945,1,1,0,36,0
P271_P277_CONSENSUS_SPREAD_Q70_CAP100000_NOT50000_CONC2_COST200,P277_CONSENSUS_SPREAD_Q70,P268_P268_BID_ABSORPTION_BREADTH_REPAIR_H10_IQ0p9_SQ0p75_SPCOMPRESSION;P268_P268_BID_ABSORPTION_BREADTH_REPAIR_H10_IQ0p9_SQ0p75_SPHIGH,100000.0,50000.0,2,cost200,2.0,0.0,36,2,34,1,33,0,2,2,2,2,8,-41.42884968642521,-0.04142884968642521,-1.3050087651223943,1,0,100000.0,1.0,0.9583333333333334,-109.27526821541379,0,0,0,0,0,P277_CONSENSUS_SPREAD_Q70,consensus_spread_filter,depth_consensus_imbalance >= 0.603199 and avg_spread_bps <= 3.515855,0.7,0.6031992683461945,1,1,0,36,0
P271_P277_CONSENSUS_SPREAD_Q70_CAP100000_NOT75000_CONC1_COST200,P277_CONSENSUS_SPREAD_Q70,P268_P268_BID_ABSORPTION_BREADTH_REPAIR_H10_IQ0p9_SQ0p75_SPCOMPRESSION;P268_P268_BID_ABSORPTION_BREADTH_REPAIR_H10_IQ0p9_SQ0p75_SPHIGH,100000.0,75000.0,1,cost200,2.0,0.0,36,1,35,0,35,0,2,1,2,1,8,-163.91290232312068,-0.16391290232312067,-5.163256423178301,1,0,75000.0,0.75,0.7291666666666666,-163.91290232312068,0,0,0,0,0,P277_CONSENSUS_SPREAD_Q70,consensus_spread_filter,depth_consensus_imbalance >= 0.603199 and avg_spread_bps <= 3.515855,0.7,0.6031992683461945,1,1,0,36,0
P271_P277_CONSENSUS_SPREAD_Q70_CAP100000_NOT75000_CONC2_COST200,P277_CONSENSUS_SPREAD_Q70,P268_P268_BID_ABSORPTION_BREADTH_REPAIR_H10_IQ0p9_SQ0p75_SPCOMPRESSION;P268_P268_BID_ABSORPTION_BREADTH_REPAIR_H10_IQ0p9_SQ0p75_SPHIGH,100000.0,75000.0,2,cost200,2.0,0.0,36,2,34,1,33,0,2,2,2,2,8,-41.42884968642521,-0.04142884968642521,-1.3050087651223943,1,0,100000.0,1.0,0.9583333333333334,-109.27526821541379,0,0,0,0,0,P277_CONSENSUS_SPREAD_Q70,consensus_spread_filter,depth_consensus_imbalance >= 0.603199 and avg_spread_bps <= 3.515855,0.7,0.6031992683461945,1,1,0,36,0
P271_P277_CONSENSUS_SPREAD_Q70_CAP100000_NOT100000_CONC1_COST200,P277_CONSENSUS_SPREAD_Q70,P268_P268_BID_ABSORPTION_BREADTH_REPAIR_H10_IQ0p9_SQ0p75_SPCOMPRESSION;P268_P268_BID_ABSORPTION_BREADTH_REPAIR_H10_IQ0p9_SQ0p75_SPHIGH,100000.0,100000.0,1,cost200,2.0,0.0,36,1,35,0,35,0,2,1,2,1,8,-218.55053643082758,-0.21855053643082759,-6.884341897571069,1,0,100000.0,1.0,0.9722222222222222,-218.55053643082758,0,0,0,0,0,P277_CONSENSUS_SPREAD_Q70,consensus_spread_filter,depth_consensus_imbalance >= 0.603199 and avg_spread_bps <= 3.515855,0.7,0.6031992683461945,1,1,0,36,0
P271_P277_CONSENSUS_SPREAD_Q70_CAP100000_NOT100000_CONC2_COST200,P277_CONSENSUS_SPREAD_Q70,P268_P268_BID_ABSORPTION_BREADTH_REPAIR_H10_IQ0p9_SQ0p75_SPCOMPRESSION;P268_P268_BID_ABSORPTION_BREADTH_REPAIR_H10_IQ0p9_SQ0p75_SPHIGH,100000.0,100000.0,2,cost200,2.0,0.0,36,2,34,1,33,0,2,2,2,2,8,-41.42884968642521,-0.04142884968642521,-1.3050087651223943,1,0,100000.0,1.0,0.9583333333333334,-109.27526821541379,0,0,0,0,0,P277_CONSENSUS_SPREAD_Q70,consensus_spread_filter,depth_consensus_imbalance >= 0.603199 and avg_spread_bps <= 3.515855,0.7,0.6031992683461945,1,1,0,36,0
P271_P277_REPLENISH_CHURN_Q70_CAP100000_NOT50000_CONC1_COST200,P277_REPLENISH_CHURN_Q70,P268_P268_BID_ABSORPTION_BREADTH_REPAIR_H10_IQ0p9_SQ0p75_SPCOMPRESSION;P268_P268_BID_ABSORPTION_BREADTH_REPAIR_H10_IQ0p9_SQ0p75_SPHIGH,100000.0,50000.0,1,cost200,2.0,0.0,234,2,232,20,212,0,2,1,3,2,8,96.36160435326596,0.09636160435326596,3.0353905371278778,1,0,100000.0,1.0,0.49572649572649574,0.0,0,0,0,0,0,P277_REPLENISH_CHURN_Q70,replenishment_churn_filter,depth_replenish_withdraw_ratio >= 8.417774 and top5_churn_pressure <= 342736.393969,0.7,8.417773665665283,1,1,0,234,0
P271_P277_REPLENISH_CHURN_Q70_CAP100000_NOT50000_CONC2_COST200,P277_REPLENISH_CHURN_Q70,P268_P268_BID_ABSORPTION_BREADTH_REPAIR_H10_IQ0p9_SQ0p75_SPCOMPRESSION;P268_P268_BID_ABSORPTION_BREADTH_REPAIR_H10_IQ0p9_SQ0p75_SPHIGH,100000.0,50000.0,2,cost200,2.0,0.0,234,3,231,20,211,0,2,2,3,3,8,245.09941346696598,0.24509941346696598,7.720631524209429,1,0,150000.0,1.5,0.9636752136752137,0.0,0,0,0,0,0,P277_REPLENISH_CHURN_Q70,replenishment_churn_filter,depth_replenish_withdraw_ratio >= 8.417774 and top5_churn_pressure <= 342736.393969,0.7,8.417773665665283,1,1,0,234,0
P271_P277_REPLENISH_CHURN_Q70_CAP100000_NOT75000_CONC1_COST200,P277_REPLENISH_CHURN_Q70,P268_P268_BID_ABSORPTION_BREADTH_REPAIR_H10_IQ0p9_SQ0p75_SPCOMPRESSION;P268_P268_BID_ABSORPTION_BREADTH_REPAIR_H10_IQ0p9_SQ0p75_SPHIGH,100000.0,75000.0,1,cost200,2.0,0.0,234,2,232,20,212,0,2,1,3,2,8,144.54240652989895,0.14454240652989897,4.5530858056918175,1,0,150000.0,1.5,0.7435897435897436,0.0,0,0,0,0,0,P277_REPLENISH_CHURN_Q70,replenishment_churn_filter,depth_replenish_withdraw_ratio >= 8.417774 and top5_churn_pressure <= 342736.393969,0.7,8.417773665665283,1,1,0,234,0
P271_P277_REPLENISH_CHURN_Q70_CAP100000_NOT75000_CONC2_COST200,P277_REPLENISH_CHURN_Q70,P268_P268_BID_ABSORPTION_BREADTH_REPAIR_H10_IQ0p9_SQ0p75_SPCOMPRESSION;P268_P268_BID_ABSORPTION_BREADTH_REPAIR_H10_IQ0p9_SQ0p75_SPHIGH,100000.0,75000.0,2,cost200,2.0,0.0,234,3,231,20,211,0,2,2,3,3,8,245.09941346696598,0.24509941346696598,7.720631524209429,1,0,150000.0,1.5,0.9636752136752137,0.0,0,0,0,0,0,P277_REPLENISH_CHURN_Q70,replenishment_churn_filter,depth_replenish_withdraw_ratio >= 8.417774 and top5_churn_pressure <= 342736.393969,0.7,8.417773665665283,1,1,0,234,0
P271_P277_REPLENISH_CHURN_Q70_CAP100000_NOT100000_CONC1_COST200,P277_REPLENISH_CHURN_Q70,P268_P268_BID_ABSORPTION_BREADTH_REPAIR_H10_IQ0p9_SQ0p75_SPCOMPRESSION;P268_P268_BID_ABSORPTION_BREADTH_REPAIR_H10_IQ0p9_SQ0p75_SPHIGH,100000.0,100000.0,1,cost200,2.0,0.0,234,2,232,20,212,0,2,1,3,2,8,192.72320870653192,0.19272320870653192,6.0707810742557555,1,0,200000.0,2.0,0.9914529914529915,0.0,0,0,0,0,0,P277_REPLENISH_CHURN_Q70,replenishment_churn_filter,depth_replenish_withdraw_ratio >= 8.417774 and top5_churn_pressure <= 342736.393969,0.7,8.417773665665283,1,1,0,234,0
P271_P277_REPLENISH_CHURN_Q70_CAP100000_NOT100000_CONC2_COST200,P277_REPLENISH_CHURN_Q70,P268_P268_BID_ABSORPTION_BREADTH_REPAIR_H10_IQ0p9_SQ0p75_SPCOMPRESSION;P268_P268_BID_ABSORPTION_BREADTH_REPAIR_H10_IQ0p9_SQ0p75_SPHIGH,100000.0,100000.0,2,cost200,2.0,0.0,234,3,231,20,211,0,2,2,3,3,8,245.09941346696598,0.24509941346696598,7.720631524209429,1,0,150000.0,1.5,0.9636752136752137,0.0,0,0,0,0,0,P277_REPLENISH_CHURN_Q70,replenishment_churn_filter,depth_replenish_withdraw_ratio >= 8.417774 and top5_churn_pressure <= 342736.393969,0.7,8.417773665665283,1,1,0,234,0
P271_P277_CONSENSUS_SPREAD_Q80_CAP100000_NOT50000_CONC1_COST200,P277_CONSENSUS_SPREAD_Q80,P268_P268_BID_ABSORPTION_BREADTH_REPAIR_H10_IQ0p9_SQ0p75_SPCOMPRESSION,100000.0,50000.0,1,cost200,2.0,0.0,3,1,2,0,2,0,1,1,1,1,3,-109.27526821541379,-0.10927526821541379,-9.179122530094759,0,0,50000.0,0.5,0.3333333333333333,-109.27526821541379,0,0,0,0,0,P277_CONSENSUS_SPREAD_Q80,consensus_spread_filter,depth_consensus_imbalance >= 0.616025 and avg_spread_bps <= 2.559387,0.8,0.6160246021259148,1,1,0,3,0
P271_P277_CONSENSUS_SPREAD_Q80_CAP100000_NOT50000_CONC2_COST200,P277_CONSENSUS_SPREAD_Q80,P268_P268_BID_ABSORPTION_BREADTH_REPAIR_H10_IQ0p9_SQ0p75_SPCOMPRESSION,100000.0,50000.0,2,cost200,2.0,0.0,3,2,1,0,1,0,1,1,1,1,3,-209.47296406631722,-0.20947296406631724,-17.595728981570648,0,0,100000.0,1.0,0.5,-209.47296406631722,0,0,0,0,0,P277_CONSENSUS_SPREAD_Q80,consensus_spread_filter,depth_consensus_imbalance >= 0.616025 and avg_spread_bps <= 2.559387,0.8,0.6160246021259148,1,1,0,3,0
P271_P277_CONSENSUS_SPREAD_Q80_CAP100000_NOT75000_CONC1_COST200,P277_CONSENSUS_SPREAD_Q80,P268_P268_BID_ABSORPTION_BREADTH_REPAIR_H10_IQ0p9_SQ0p75_SPCOMPRESSION,100000.0,75000.0,1,cost200,2.0,0.0,3,1,2,0,2,0,1,1,1,1,3,-163.91290232312068,-0.16391290232312067,-13.768683795142136,0,0,75000.0,0.75,0.5,-163.91290232312068,0,0,0,0,0,P277_CONSENSUS_SPREAD_Q80,consensus_spread_filter,depth_consensus_imbalance >= 0.616025 and avg_spread_bps <= 2.559387,0.8,0.6160246021259148,1,1,0,3,0
P271_P277_CONSENSUS_SPREAD_Q80_CAP100000_NOT75000_CONC2_COST200,P277_CONSENSUS_SPREAD_Q80,P268_P268_BID_ABSORPTION_BREADTH_REPAIR_H10_IQ0p9_SQ0p75_SPCOMPRESSION,100000.0,75000.0,2,cost200,2.0,0.0,3,2,1,0,1,0,1,1,1,1,3,-209.47296406631722,-0.20947296406631724,-17.595728981570648,0,0,100000.0,1.0,0.5,-209.47296406631722,0,0,0,0,0,P277_CONSENSUS_SPREAD_Q80,consensus_spread_filter,depth_consensus_imbalance >= 0.616025 and avg_spread_bps <= 2.559387,0.8,0.6160246021259148,1,1,0,3,0
P271_P277_CONSENSUS_SPREAD_Q80_CAP100000_NOT100000_CONC1_COST200,P277_CONSENSUS_SPREAD_Q80,P268_P268_BID_ABSORPTION_BREADTH_REPAIR_H10_IQ0p9_SQ0p75_SPCOMPRESSION,100000.0,100000.0,1,cost200,2.0,0.0,3,1,2,0,2,0,1,1,1,1,3,-218.55053643082758,-0.21855053643082759,-18.358245060189518,0,0,100000.0,1.0,0.6666666666666666,-218.55053643082758,0,0,0,0,0,P277_CONSENSUS_SPREAD_Q80,consensus_spread_filter,depth_consensus_imbalance >= 0.616025 and avg_spread_bps <= 2.559387,0.8,0.6160246021259148,1,1,0,3,0
P271_P277_CONSENSUS_SPREAD_Q80_CAP100000_NOT100000_CONC2_COST200,P277_CONSENSUS_SPREAD_Q80,P268_P268_BID_ABSORPTION_BREADTH_REPAIR_H10_IQ0p9_SQ0p75_SPCOMPRESSION,100000.0,100000.0,2,cost200,2.0,0.0,3,2,1,0,1,0,1,1,1,1,3,-209.47296406631722,-0.20947296406631724,-17.595728981570648,0,0,100000.0,1.0,0.5,-209.47296406631722,0,0,0,0,0,P277_CONSENSUS_SPREAD_Q80,consensus_spread_filter,depth_consensus_imbalance >= 0.616025 and avg_spread_bps <= 2.559387,0.8,0.6160246021259148,1,1,0,3,0
P271_P277_REPLENISH_CHURN_Q80_CAP100000_NOT50000_CONC1_COST200,P277_REPLENISH_CHURN_Q80,P268_P268_BID_ABSORPTION_BREADTH_REPAIR_H10_IQ0p9_SQ0p75_SPCOMPRESSION;P268_P268_BID_ABSORPTION_BREADTH_REPAIR_H10_IQ0p9_SQ0p75_SPHIGH,100000.0,50000.0,1,cost200,2.0,0.0,138,2,136,8,128,0,2,1,2,2,8,96.36160435326596,0.09636160435326596,3.0353905371278778,1,0,100000.0,1.0,0.4927536231884058,0.0,0,0,0,0,0,P277_REPLENISH_CHURN_Q80,replenishment_churn_filter,depth_replenish_withdraw_ratio >= 10.699868 and top5_churn_pressure <= 71224.830695,0.8,10.699867930055397,1,1,0,138,0
P271_P277_REPLENISH_CHURN_Q80_CAP100000_NOT50000_CONC2_COST200,P277_REPLENISH_CHURN_Q80,P268_P268_BID_ABSORPTION_BREADTH_REPAIR_H10_IQ0p9_SQ0p75_SPCOMPRESSION;P268_P268_BID_ABSORPTION_BREADTH_REPAIR_H10_IQ0p9_SQ0p75_SPHIGH,100000.0,50000.0,2,cost200,2.0,0.0,138,4,134,25,109,0,2,1,2,2,8,193.27892396428595,0.19327892396428595,6.088286104875007,1,0,200000.0,2.0,0.9492753623188406,0.0,0,0,0,0,0,P277_REPLENISH_CHURN_Q80,replenishment_churn_filter,depth_replenish_withdraw_ratio >= 10.699868 and top5_churn_pressure <= 71224.830695,0.8,10.699867930055397,1,1,0,138,0
P271_P277_REPLENISH_CHURN_Q80_CAP100000_NOT75000_CONC1_COST200,P277_REPLENISH_CHURN_Q80,P268_P268_BID_ABSORPTION_BREADTH_REPAIR_H10_IQ0p9_SQ0p75_SPCOMPRESSION;P268_P268_BID_ABSORPTION_BREADTH_REPAIR_H10_IQ0p9_SQ0p75_SPHIGH,100000.0,75000.0,1,cost200,2.0,0.0,138,2,136,8,128,0,2,1,2,2,8,144.54240652989895,0.14454240652989897,4.5530858056918175,1,0,150000.0,1.5,0.7391304347826086,0.0,0,0,0,0,0,P277_REPLENISH_CHURN_Q80,replenishment_churn_filter,depth_replenish_withdraw_ratio >= 10.699868 and top5_churn_pressure <= 71224.830695,0.8,10.699867930055397,1,1,0,138,0
P271_P277_REPLENISH_CHURN_Q80_CAP100000_NOT75000_CONC2_COST200,P277_REPLENISH_CHURN_Q80,P268_P268_BID_ABSORPTION_BREADTH_REPAIR_H10_IQ0p9_SQ0p75_SPCOMPRESSION;P268_P268_BID_ABSORPTION_BREADTH_REPAIR_H10_IQ0p9_SQ0p75_SPHIGH,100000.0,75000.0,2,cost200,2.0,0.0,138,4,134,25,109,0,2,1,2,2,8,193.27892396428595,0.19327892396428595,6.088286104875007,1,0,200000.0,2.0,0.9492753623188406,0.0,0,0,0,0,0,P277_REPLENISH_CHURN_Q80,replenishment_churn_filter,depth_replenish_withdraw_ratio >= 10.699868 and top5_churn_pressure <= 71224.830695,0.8,10.699867930055397,1,1,0,138,0
P271_P277_REPLENISH_CHURN_Q80_CAP100000_NOT100000_CONC1_COST200,P277_REPLENISH_CHURN_Q80,P268_P268_BID_ABSORPTION_BREADTH_REPAIR_H10_IQ0p9_SQ0p75_SPCOMPRESSION;P268_P268_BID_ABSORPTION_BREADTH_REPAIR_H10_IQ0p9_SQ0p75_SPHIGH,100000.0,100000.0,1,cost200,2.0,0.0,138,2,136,8,128,0,2,1,2,2,8,192.72320870653192,0.19272320870653192,6.0707810742557555,1,0,200000.0,2.0,0.9855072463768116,0.0,0,0,0,0,0,P277_REPLENISH_CHURN_Q80,replenishment_churn_filter,depth_replenish_withdraw_ratio >= 10.699868 and top5_churn_pressure <= 71224.830695,0.8,10.699867930055397,1,1,0,138,0
P271_P277_REPLENISH_CHURN_Q80_CAP100000_NOT100000_CONC2_COST200,P277_REPLENISH_CHURN_Q80,P268_P268_BID_ABSORPTION_BREADTH_REPAIR_H10_IQ0p9_SQ0p75_SPCOMPRESSION;P268_P268_BID_ABSORPTION_BREADTH_REPAIR_H10_IQ0p9_SQ0p75_SPHIGH,100000.0,100000.0,2,cost200,2.0,0.0,138,4,134,25,109,0,2,1,2,2,8,193.27892396428595,0.19327892396428595,6.088286104875007,1,0,200000.0,2.0,0.9492753623188406,0.0,0,0,0,0,0,P277_REPLENISH_CHURN_Q80,replenishment_churn_filter,depth_replenish_withdraw_ratio >= 10.699868 and top5_churn_pressure <= 71224.830695,0.8,10.699867930055397,1,1,0,138,0
