bin_feature,edges
abs_ret_bin,-inf;2.16485535914e-06;4.39678216613e-06;6.50337912941e-06;8.71681212289e-06;1.08851656642e-05;1.38243495933e-05;1.88625886387e-05;inf
micro_bin,-inf;-2.31245541861e-06;1.3518286669e-06;5.99664188071e-06;7.03068858565e-06;1.62983923543e-05;2.64817399741e-05;7.61080657135e-05;inf
abs_micro_bin,-inf;1.35342198246e-06;3.62559671277e-06;6.02940419851e-06;7.03068858565e-06;1.62983923543e-05;2.64817399741e-05;7.61080657135e-05;inf
imb_bin,-inf;-0.0286975717439;0.0183727034121;0.0356234096692;0.0911270983213;0.112244897959;0.243181818182;0.553990610329;inf
spread_bin,-inf;1.51906425642;1.57770181436;1.63505559189;2.20701831825;2.80426247897;2.92411910912;3.62811791383;inf
depth_bin,-inf;140543.575;502372.9;554337.4;620123.6;742562.1;847033.05;2333648;inf
