strategy_id,execution_profile,fill_model,orders,mean_fill_ratio,full_fill_fraction,partial_fill_fraction,no_fill_fraction,submitted_notional,filled_notional,unfilled_notional,filled_net_pnl_units,filled_cost_units
S01,retail_marketable_default,neutral_partial,83090,0.7257741003730894,0.0,1.0,0.0,83090.0,60304.57,22785.43,426.2402521169098,20.836640434136886
S01,retail_marketable_default,optimistic_marketable,83090,0.9921197496690335,0.8514020941148153,0.14859790588518473,0.0,83090.0,82435.23,654.7700000000006,578.4067536486046,28.63776995083141
S01,retail_marketable_default,pessimistic_partial,83090,0.40913587676013957,0.0,1.0,0.0,83090.0,33995.1,49094.9,244.87233834180174,11.579071820387519
S01,zero_latency_spread_only_control,neutral_partial,166910,0.7234536576598166,0.0,1.0,0.0,166910.0,120751.65,46158.35,-942.9680395009125,10.674158308234771
S01,zero_latency_spread_only_control,optimistic_marketable,166910,0.9911512192199389,0.8230243843987778,0.1769756156012222,0.0,166910.0,165433.05,1476.9500000000014,-1309.0507506834265,14.869847997857224
S01,zero_latency_spread_only_control,pessimistic_partial,166910,0.40575609609969443,0.0,1.0,0.0,166910.0,67724.75,99185.25000000001,-510.5701235950793,5.724348936715944
