horizon_events,observations,oracle_trades,oracle_trade_fraction,oracle_net_pnl_inr,oracle_mean_net_return
20,1981976,8976,0.004528813668783073,2138595.1496454217,0.0023825703538830454
50,1981736,22416,0.011309925044501044,5345141.822420639,0.002384520798724411
100,1981336,44816,0.022611777337364327,10689386.277046002,0.0023851718754565343
