feature,train_rows,train_p50,train_p90,train_p95,train_p975
event_window_score,81818,16.299871115830467,54.31623670900108,72.36521885994138,89.97659767554299
abs_bar_return_bps,81818,37.5351892399145,124.33434678150938,166.60820764644035,215.81341333591465
book_dislocation_score,81818,0.6277160380352127,2.036516710163643,2.6356127458110796,2.880119287955722
taker_round_trip_cost_floor_bps,81818,10.905250801687464,13.152295272118337,13.863047265945543,14.577268264984447
