control_id,run_rows,strategies,mean_proxy_net_return,mean_proxy_signal_fraction,interpretable_rows
BASE,81,9,0.00030323285425122224,0.17267142188000106,0
NC01,81,9,1.5161642712561107e-05,0.17267142188000106,18
NC02,81,9,0.00010613149898792776,0.15540427969200096,18
NC03,81,9,-0.00030323285425122224,0.17267142188000106,18
