control_id,run_rows,strategies,mean_proxy_net_return,mean_proxy_signal_fraction,interpretable_rows
BASE,81,9,0.0009721419345031556,0.172239021400988,0
NC01,81,9,4.860709672515778e-05,0.172239021400988,27
NC02,81,9,0.0003402496770761044,0.15501511926088923,27
NC03,81,9,-0.0009721419345031556,0.172239021400988,27
