control_id,run_rows,strategies,mean_proxy_net_return,mean_proxy_signal_fraction,interpretable_rows
BASE,81,9,6.910015841945541e-05,0.17267142188000106,0
NC01,81,9,3.45500792097277e-06,0.17267142188000106,18
NC02,81,9,2.4185055446809358e-05,0.15540427969200096,18
NC03,81,9,-6.910015841945541e-05,0.17267142188000106,18
