event_id,event_time_ist,event_type,symbol,relative_second,exchange_timestamp_ms,last_price,volume_traded,buy_1_price,buy_1_quantity,buy_1_orders,sell_1_price,sell_1_quantity,sell_1_orders,buy_2_price,buy_2_quantity,buy_2_orders,sell_2_price,sell_2_quantity,sell_2_orders,buy_3_price,buy_3_quantity,buy_3_orders,sell_3_price,sell_3_quantity,sell_3_orders,buy_4_price,buy_4_quantity,buy_4_orders,sell_4_price,sell_4_quantity,sell_4_orders,buy_5_price,buy_5_quantity,buy_5_orders,sell_5_price,sell_5_quantity,sell_5_orders
P325_SYNTH_EVENT_001_20260714,2026-07-14T17:52:29+05:30,synthetic_calendar_rbi_policy_like,ADANIPORTS,-900,1784030849,1860.9142,1874662,1860.7,457,3,1861.1,295,2,1860.6,617,4,1861.2,398,2,1860.5,777,4,1861.3,502,3,1860.4,936,5,1861.4,606,4,1860.3,1095,6,1861.5,710,4
P325_SYNTH_EVENT_001_20260714,2026-07-14T17:52:29+05:30,synthetic_calendar_rbi_policy_like,ADANIPORTS,-900,1784030849,1859.7062,1884957,1859.5,463,3,1859.9,305,2,1859.4,625,4,1860.0,411,3,1859.3,788,4,1860.1,517,3,1859.2,951,5,1860.2,623,4,1859.1,1115,6,1860.3,728,4
P325_SYNTH_EVENT_001_20260714,2026-07-14T17:52:29+05:30,synthetic_calendar_rbi_policy_like,ADANIPORTS,-900,1784030849,1862.11,1905765,1861.9,464,3,1862.3,306,2,1861.8,628,4,1862.4,412,3,1861.7,792,4,1862.5,517,3,1861.6,957,5,1862.6,622,4,1861.5,1122,6,1862.7,726,4
P325_SYNTH_EVENT_001_20260714,2026-07-14T17:52:29+05:30,synthetic_calendar_rbi_policy_like,ADANIPORTS,-900,1784030849,1860.7084,1481489,1860.5,464,3,1860.9,306,2,1860.4,627,4,1861.0,412,3,1860.3,790,4,1861.1,519,3,1860.2,954,5,1861.2,625,4,1860.1,1117,6,1861.3,731,4
P325_SYNTH_EVENT_001_20260714,2026-07-14T17:52:29+05:30,synthetic_calendar_rbi_policy_like,ADANIPORTS,-900,1784030849,1860.71,1899813,1860.5,464,3,1860.9,306,2,1860.4,627,4,1861.0,412,3,1860.3,790,4,1861.1,519,3,1860.2,954,5,1861.2,625,4,1860.1,1117,6,1861.3,731,4
P325_SYNTH_EVENT_001_20260714,2026-07-14T17:52:29+05:30,synthetic_calendar_rbi_policy_like,ADANIPORTS,-900,1784030849,1862.0003,1477037,1861.8,480,3,1862.2,306,2,1861.7,648,4,1862.3,413,3,1861.6,815,5,1862.4,521,3,1861.5,983,5,1862.5,629,4,1861.4,1150,6,1862.6,737,4
P325_SYNTH_EVENT_001_20260714,2026-07-14T17:52:29+05:30,synthetic_calendar_rbi_policy_like,ADANIPORTS,-900,1784030849,1862.01,1893861,1861.8,480,3,1862.2,306,2,1861.7,648,4,1862.3,413,3,1861.6,815,5,1862.4,521,3,1861.5,983,5,1862.5,629,4,1861.4,1150,6,1862.6,737,4
P325_SYNTH_EVENT_001_20260714,2026-07-14T17:52:29+05:30,synthetic_calendar_rbi_policy_like,ADANIPORTS,-900,1784030849,1859.5019,1889409,1859.3,468,3,1859.7,308,2,1859.2,632,4,1859.8,416,3,1859.1,796,4,1859.9,523,3,1859.0,961,5,1860.0,630,4,1858.9,1125,6,1860.1,737,4
P325_SYNTH_EVENT_001_20260714,2026-07-14T17:52:29+05:30,synthetic_calendar_rbi_policy_like,ADANIPORTS,-900,1784030849,1861.3142,1880505,1861.1,467,3,1861.5,307,2,1861.0,631,4,1861.6,414,3,1860.9,796,4,1861.7,520,3,1860.8,961,5,1861.8,625,4,1860.7,1127,6,1861.9,730,4
P325_SYNTH_EVENT_001_20260714,2026-07-14T17:52:29+05:30,synthetic_calendar_rbi_policy_like,ADANIPORTS,-900,1784030849,1862.1084,1487441,1861.9,464,3,1862.3,306,2,1861.8,628,4,1862.4,412,3,1861.7,792,4,1862.5,517,3,1861.6,957,5,1862.6,622,4,1861.5,1122,6,1862.7,726,4
P325_SYNTH_EVENT_001_20260714,2026-07-14T17:52:29+05:30,synthetic_calendar_rbi_policy_like,ADANIPORTS,-900,1784030849,1861.0142,1870585,1860.8,484,3,1861.2,308,2,1860.7,653,4,1861.3,416,3,1860.6,822,5,1861.4,524,3,1860.5,991,5,1861.5,632,4,1860.4,1160,6,1861.6,741,4
P325_SYNTH_EVENT_001_20260714,2026-07-14T17:52:29+05:30,synthetic_calendar_rbi_policy_like,ADANIPORTS,-900,1784030849,1860.7043,621183,1860.5,464,3,1860.9,306,2,1860.4,627,4,1861.0,412,3,1860.3,790,4,1861.1,519,3,1860.2,954,5,1861.2,625,4,1860.1,1117,6,1861.3,731,4
P325_SYNTH_EVENT_001_20260714,2026-07-14T17:52:29+05:30,synthetic_calendar_rbi_policy_like,ADANIPORTS,-900,1784030849,1854.6132,631437,1854.4,513,3,1854.8,347,2,1854.3,694,4,1854.9,467,3,1854.2,874,5,1855.0,588,3,1854.1,1054,6,1855.1,709,4,1854.0,1235,7,1855.2,829,5
P325_SYNTH_EVENT_001_20260714,2026-07-14T17:52:29+05:30,synthetic_calendar_rbi_policy_like,ADANIPORTS,-900,1784030849,1861.3078,1466633,1861.1,467,3,1861.5,307,2,1861.0,631,4,1861.6,414,3,1860.9,796,4,1861.7,520,3,1860.8,961,5,1861.8,625,4,1860.7,1127,6,1861.9,730,4
P325_SYNTH_EVENT_001_20260714,2026-07-14T17:52:29+05:30,synthetic_calendar_rbi_policy_like,ADANIPORTS,-900,1784030849,1861.3062,174749,1861.1,467,3,1861.5,307,2,1861.0,631,4,1861.6,414,3,1860.9,796,4,1861.7,520,3,1860.8,961,5,1861.8,625,4,1860.7,1127,6,1861.9,730,4
P325_SYNTH_EVENT_001_20260714,2026-07-14T17:52:29+05:30,synthetic_calendar_rbi_policy_like,ADANIPORTS,-900,1784030849,1859.5062,180701,1859.3,468,3,1859.7,308,2,1859.2,632,4,1859.8,416,3,1859.1,796,4,1859.9,523,3,1859.0,961,5,1860.0,630,4,1858.9,1125,6,1860.1,737,4
P325_SYNTH_EVENT_001_20260714,2026-07-14T17:52:29+05:30,synthetic_calendar_rbi_policy_like,ADANIPORTS,-900,1784030849,1859.7126,1461581,1859.5,463,3,1859.9,305,2,1859.4,625,4,1860.0,411,3,1859.3,788,4,1860.1,517,3,1859.2,951,5,1860.2,623,4,1859.1,1115,6,1860.3,728,4
P325_SYNTH_EVENT_001_20260714,2026-07-14T17:52:29+05:30,synthetic_calendar_rbi_policy_like,ADANIPORTS,-900,1784030849,1811.5062,168797,1811.3,481,3,1811.7,313,2,1811.2,649,4,1811.8,423,3,1811.1,816,5,1811.9,534,3,1811.0,983,5,1812.0,644,4,1810.9,1150,6,1812.1,755,4
P325_SYNTH_EVENT_001_20260714,2026-07-14T17:52:29+05:30,synthetic_calendar_rbi_policy_like,ADANIPORTS,-900,1784030849,1859.7142,164345,1859.5,463,3,1859.9,305,2,1859.4,625,4,1860.0,411,3,1859.3,788,4,1860.1,517,3,1859.2,951,5,1860.2,623,4,1859.1,1115,6,1860.3,728,4
P325_SYNTH_EVENT_001_20260714,2026-07-14T17:52:29+05:30,synthetic_calendar_rbi_policy_like,ADANIPORTS,-900,1784030849,1862.0019,185153,1861.8,480,3,1862.2,306,2,1861.7,648,4,1862.3,413,3,1861.6,815,5,1862.4,521,3,1861.5,983,5,1862.5,629,4,1861.4,1150,6,1862.6,737,4
P325_SYNTH_EVENT_001_20260714,2026-07-14T17:52:29+05:30,synthetic_calendar_rbi_policy_like,ADANIPORTS,-900,1784030849,1859.715,600975,1859.5,463,3,1859.9,305,2,1859.4,625,4,1860.0,411,3,1859.3,788,4,1860.1,517,3,1859.2,951,5,1860.2,623,4,1859.1,1115,6,1860.3,728,4
P325_SYNTH_EVENT_001_20260714,2026-07-14T17:52:29+05:30,synthetic_calendar_rbi_policy_like,ADANIPORTS,-900,1784030849,1854.6132,1061965,1854.4,513,3,1854.8,347,2,1854.3,694,4,1854.9,467,3,1854.2,874,5,1855.0,588,3,1854.1,1054,6,1855.1,709,4,1854.0,1235,7,1855.2,829,5
P325_SYNTH_EVENT_001_20260714,2026-07-14T17:52:29+05:30,synthetic_calendar_rbi_policy_like,ADANIPORTS,-900,1784030849,1862.1084,1056913,1861.9,464,3,1862.3,306,2,1861.8,628,4,1862.4,412,3,1861.7,792,4,1862.5,517,3,1861.6,957,5,1862.6,622,4,1861.5,1122,6,1862.7,726,4
P325_SYNTH_EVENT_001_20260714,2026-07-14T17:52:29+05:30,synthetic_calendar_rbi_policy_like,ADANIPORTS,-900,1784030849,1860.71,189605,1860.5,464,3,1860.9,306,2,1860.4,627,4,1861.0,412,3,1860.3,790,4,1861.1,519,3,1860.2,954,5,1861.2,625,4,1860.1,1117,6,1861.3,731,4
P325_SYNTH_EVENT_001_20260714,2026-07-14T17:52:29+05:30,synthetic_calendar_rbi_policy_like,ADANIPORTS,-900,1784030849,1860.7035,1051861,1860.5,464,3,1860.9,306,2,1860.4,627,4,1861.0,412,3,1860.3,790,4,1861.1,519,3,1860.2,954,5,1861.2,625,4,1860.1,1117,6,1861.3,731,4
P325_SYNTH_EVENT_001_20260714,2026-07-14T17:52:29+05:30,synthetic_calendar_rbi_policy_like,ADANIPORTS,-900,1784030849,1862.0013,1046809,1861.8,480,3,1862.2,306,2,1861.7,648,4,1862.3,413,3,1861.6,815,5,1862.4,521,3,1861.5,983,5,1862.5,629,4,1861.4,1150,6,1862.6,737,4
P325_SYNTH_EVENT_001_20260714,2026-07-14T17:52:29+05:30,synthetic_calendar_rbi_policy_like,ADANIPORTS,-900,1784030849,1859.5062,1041757,1859.3,468,3,1859.7,308,2,1859.2,632,4,1859.8,416,3,1859.1,796,4,1859.9,523,3,1859.0,961,5,1860.0,630,4,1858.9,1125,6,1860.1,737,4
P325_SYNTH_EVENT_001_20260714,2026-07-14T17:52:29+05:30,synthetic_calendar_rbi_policy_like,ADANIPORTS,-900,1784030849,1862.11,195557,1861.9,464,3,1862.3,306,2,1861.8,628,4,1862.4,412,3,1861.7,792,4,1862.5,517,3,1861.6,957,5,1862.6,622,4,1861.5,1122,6,1862.7,726,4
P325_SYNTH_EVENT_001_20260714,2026-07-14T17:52:29+05:30,synthetic_calendar_rbi_policy_like,ADANIPORTS,-900,1784030849,1859.5029,1471685,1859.3,468,3,1859.7,308,2,1859.2,632,4,1859.8,416,3,1859.1,796,4,1859.9,523,3,1859.0,961,5,1860.0,630,4,1858.9,1125,6,1860.1,737,4
P325_SYNTH_EVENT_001_20260714,2026-07-14T17:52:29+05:30,synthetic_calendar_rbi_policy_like,ADANIPORTS,-900,1784030849,1861.311,1036705,1861.1,467,3,1861.5,307,2,1861.0,631,4,1861.6,414,3,1860.9,796,4,1861.7,520,3,1860.8,961,5,1861.8,625,4,1860.7,1127,6,1861.9,730,4
P325_SYNTH_EVENT_001_20260714,2026-07-14T17:52:29+05:30,synthetic_calendar_rbi_policy_like,ADANIPORTS,-900,1784030849,1859.5046,610929,1859.3,468,3,1859.7,308,2,1859.2,632,4,1859.8,416,3,1859.1,796,4,1859.9,523,3,1859.0,961,5,1860.0,630,4,1858.9,1125,6,1860.1,737,4
P325_SYNTH_EVENT_001_20260714,2026-07-14T17:52:29+05:30,synthetic_calendar_rbi_policy_like,ADANIPORTS,-900,1784030849,1861.3102,606027,1861.1,467,3,1861.5,307,2,1861.0,631,4,1861.6,414,3,1860.9,796,4,1861.7,520,3,1860.8,961,5,1861.8,625,4,1860.7,1127,6,1861.9,730,4
P325_SYNTH_EVENT_001_20260714,2026-07-14T17:52:29+05:30,synthetic_calendar_rbi_policy_like,ADANIPORTS,-900,1784030849,1862.11,626085,1861.9,464,3,1862.3,306,2,1861.8,628,4,1862.4,412,3,1861.7,792,4,1862.5,517,3,1861.6,957,5,1862.6,622,4,1861.5,1122,6,1862.7,726,4
P325_SYNTH_EVENT_001_20260714,2026-07-14T17:52:29+05:30,synthetic_calendar_rbi_policy_like,ADANIPORTS,-900,1784030849,1859.7159,1031653,1859.5,463,3,1859.9,305,2,1859.4,625,4,1860.0,411,3,1859.3,788,4,1860.1,517,3,1859.2,951,5,1860.2,623,4,1859.1,1115,6,1860.3,728,4
P325_SYNTH_EVENT_001_20260714,2026-07-14T17:52:29+05:30,synthetic_calendar_rbi_policy_like,ADANIPORTS,-900,1784030849,1862.0003,615981,1861.8,480,3,1862.2,306,2,1861.7,648,4,1862.3,413,3,1861.6,815,5,1862.4,521,3,1861.5,983,5,1862.5,629,4,1861.4,1150,6,1862.6,737,4
P325_SYNTH_EVENT_001_20260714,2026-07-14T17:52:29+05:30,synthetic_calendar_rbi_policy_like,ADANIPORTS,-900,1784030849,1860.9142,158502,1860.7,457,3,1861.1,295,2,1860.6,617,4,1861.2,398,2,1860.5,777,4,1861.3,502,3,1860.4,936,5,1861.4,606,4,1860.3,1095,6,1861.5,710,4
P325_SYNTH_EVENT_001_20260714,2026-07-14T17:52:29+05:30,synthetic_calendar_rbi_policy_like,ADANIPORTS,-899,1784030850,1862.0917,1487444,1861.9,464,3,1862.3,306,2,1861.8,628,4,1862.4,412,3,1861.7,792,4,1862.5,517,3,1861.6,957,5,1862.6,622,4,1861.5,1122,6,1862.7,726,4
P325_SYNTH_EVENT_001_20260714,2026-07-14T17:52:29+05:30,synthetic_calendar_rbi_policy_like,ADANIPORTS,-899,1784030850,1861.9901,1893864,1861.8,480,3,1862.2,306,2,1861.7,648,4,1862.3,413,3,1861.6,815,5,1862.4,521,3,1861.5,983,5,1862.5,629,4,1861.4,1150,6,1862.6,737,4
P325_SYNTH_EVENT_001_20260714,2026-07-14T17:52:29+05:30,synthetic_calendar_rbi_policy_like,ADANIPORTS,-899,1784030850,1859.4981,1889412,1859.3,468,3,1859.7,308,2,1859.2,632,4,1859.8,416,3,1859.1,796,4,1859.9,523,3,1859.0,961,5,1860.0,630,4,1858.9,1125,6,1860.1,737,4
P325_SYNTH_EVENT_001_20260714,2026-07-14T17:52:29+05:30,synthetic_calendar_rbi_policy_like,ADANIPORTS,-899,1784030850,1860.8857,1874664,1860.7,457,3,1861.1,295,2,1860.6,617,4,1861.2,398,2,1860.5,777,4,1861.3,502,3,1860.4,936,5,1861.4,606,4,1860.3,1095,6,1861.5,710,4
P325_SYNTH_EVENT_001_20260714,2026-07-14T17:52:29+05:30,synthetic_calendar_rbi_policy_like,ADANIPORTS,-899,1784030850,1859.6938,1884960,1859.5,463,3,1859.9,305,2,1859.4,625,4,1860.0,411,3,1859.3,788,4,1860.1,517,3,1859.2,951,5,1860.2,623,4,1859.1,1115,6,1860.3,728,4
P325_SYNTH_EVENT_001_20260714,2026-07-14T17:52:29+05:30,synthetic_calendar_rbi_policy_like,ADANIPORTS,-899,1784030850,1862.0901,1905768,1861.9,464,3,1862.3,306,2,1861.8,628,4,1862.4,412,3,1861.7,792,4,1862.5,517,3,1861.6,957,5,1862.6,622,4,1861.5,1122,6,1862.7,726,4
P325_SYNTH_EVENT_001_20260714,2026-07-14T17:52:29+05:30,synthetic_calendar_rbi_policy_like,ADANIPORTS,-899,1784030850,1860.6917,1481492,1860.5,464,3,1860.9,306,2,1860.4,627,4,1861.0,412,3,1860.3,790,4,1861.1,519,3,1860.2,954,5,1861.2,625,4,1860.1,1117,6,1861.3,731,4
P325_SYNTH_EVENT_001_20260714,2026-07-14T17:52:29+05:30,synthetic_calendar_rbi_policy_like,ADANIPORTS,-899,1784030850,1860.6901,1899816,1860.5,464,3,1860.9,306,2,1860.4,627,4,1861.0,412,3,1860.3,790,4,1861.1,519,3,1860.2,954,5,1861.2,625,4,1860.1,1117,6,1861.3,731,4
P325_SYNTH_EVENT_001_20260714,2026-07-14T17:52:29+05:30,synthetic_calendar_rbi_policy_like,ADANIPORTS,-899,1784030850,1861.2857,1880508,1861.1,467,3,1861.5,307,2,1861.0,631,4,1861.6,414,3,1860.9,796,4,1861.7,520,3,1860.8,961,5,1861.8,625,4,1860.7,1127,6,1861.9,730,4
P325_SYNTH_EVENT_001_20260714,2026-07-14T17:52:29+05:30,synthetic_calendar_rbi_policy_like,ADANIPORTS,-899,1784030850,1861.9997,1477040,1861.8,480,3,1862.2,306,2,1861.7,648,4,1862.3,413,3,1861.6,815,5,1862.4,521,3,1861.5,983,5,1862.5,629,4,1861.4,1150,6,1862.6,737,4
P325_SYNTH_EVENT_001_20260714,2026-07-14T17:52:29+05:30,synthetic_calendar_rbi_policy_like,ADANIPORTS,-899,1784030850,1860.9857,1870588,1860.8,484,3,1861.2,308,2,1860.7,653,4,1861.3,416,3,1860.6,822,5,1861.4,524,3,1860.5,991,5,1861.5,632,4,1860.4,1160,6,1861.6,741,4
P325_SYNTH_EVENT_001_20260714,2026-07-14T17:52:29+05:30,synthetic_calendar_rbi_policy_like,ADANIPORTS,-899,1784030850,1861.289,1036708,1861.1,467,3,1861.5,307,2,1861.0,631,4,1861.6,414,3,1860.9,796,4,1861.7,520,3,1860.8,961,5,1861.8,625,4,1860.7,1127,6,1861.9,730,4
P325_SYNTH_EVENT_001_20260714,2026-07-14T17:52:29+05:30,synthetic_calendar_rbi_policy_like,ADANIPORTS,-899,1784030850,1862.0901,195560,1861.9,464,3,1862.3,306,2,1861.8,628,4,1862.4,412,3,1861.7,792,4,1862.5,517,3,1861.6,957,5,1862.6,622,4,1861.5,1122,6,1862.7,726,4
P325_SYNTH_EVENT_001_20260714,2026-07-14T17:52:29+05:30,synthetic_calendar_rbi_policy_like,ADANIPORTS,-899,1784030850,1861.2898,606030,1861.1,467,3,1861.5,307,2,1861.0,631,4,1861.6,414,3,1860.9,796,4,1861.7,520,3,1860.8,961,5,1861.8,625,4,1860.7,1127,6,1861.9,730,4
P325_SYNTH_EVENT_001_20260714,2026-07-14T17:52:29+05:30,synthetic_calendar_rbi_policy_like,ADANIPORTS,-899,1784030850,1859.497,1471688,1859.3,468,3,1859.7,308,2,1859.2,632,4,1859.8,416,3,1859.1,796,4,1859.9,523,3,1859.0,961,5,1860.0,630,4,1858.9,1125,6,1860.1,737,4
P325_SYNTH_EVENT_001_20260714,2026-07-14T17:52:29+05:30,synthetic_calendar_rbi_policy_like,ADANIPORTS,-899,1784030850,1859.6857,164348,1859.5,463,3,1859.9,305,2,1859.4,625,4,1860.0,411,3,1859.3,788,4,1860.1,517,3,1859.2,951,5,1860.2,623,4,1859.1,1115,6,1860.3,728,4
P325_SYNTH_EVENT_001_20260714,2026-07-14T17:52:29+05:30,synthetic_calendar_rbi_policy_like,ADANIPORTS,-899,1784030850,1859.4954,610932,1859.3,468,3,1859.7,308,2,1859.2,632,4,1859.8,416,3,1859.1,796,4,1859.9,523,3,1859.0,961,5,1860.0,630,4,1858.9,1125,6,1860.1,737,4
P325_SYNTH_EVENT_001_20260714,2026-07-14T17:52:29+05:30,synthetic_calendar_rbi_policy_like,ADANIPORTS,-899,1784030850,1861.2938,174752,1861.1,467,3,1861.5,307,2,1861.0,631,4,1861.6,414,3,1860.9,796,4,1861.7,520,3,1860.8,961,5,1861.8,625,4,1860.7,1127,6,1861.9,730,4
P325_SYNTH_EVENT_001_20260714,2026-07-14T17:52:29+05:30,synthetic_calendar_rbi_policy_like,ADANIPORTS,-899,1784030850,1861.2922,1466636,1861.1,467,3,1861.5,307,2,1861.0,631,4,1861.6,414,3,1860.9,796,4,1861.7,520,3,1860.8,961,5,1861.8,625,4,1860.7,1127,6,1861.9,730,4
P325_SYNTH_EVENT_001_20260714,2026-07-14T17:52:29+05:30,synthetic_calendar_rbi_policy_like,ADANIPORTS,-899,1784030850,1859.4938,180704,1859.3,468,3,1859.7,308,2,1859.2,632,4,1859.8,416,3,1859.1,796,4,1859.9,523,3,1859.0,961,5,1860.0,630,4,1858.9,1125,6,1860.1,737,4
P325_SYNTH_EVENT_001_20260714,2026-07-14T17:52:29+05:30,synthetic_calendar_rbi_policy_like,ADANIPORTS,-899,1784030850,1861.9997,615984,1861.8,480,3,1862.2,306,2,1861.7,648,4,1862.3,413,3,1861.6,815,5,1862.4,521,3,1861.5,983,5,1862.5,629,4,1861.4,1150,6,1862.6,737,4
P325_SYNTH_EVENT_001_20260714,2026-07-14T17:52:29+05:30,synthetic_calendar_rbi_policy_like,ADANIPORTS,-899,1784030850,1860.8857,158504,1860.7,457,3,1861.1,295,2,1860.6,617,4,1861.2,398,2,1860.5,777,4,1861.3,502,3,1860.4,936,5,1861.4,606,4,1860.3,1095,6,1861.5,710,4
P325_SYNTH_EVENT_001_20260714,2026-07-14T17:52:29+05:30,synthetic_calendar_rbi_policy_like,ADANIPORTS,-899,1784030850,1859.6874,1461584,1859.5,463,3,1859.9,305,2,1859.4,625,4,1860.0,411,3,1859.3,788,4,1860.1,517,3,1859.2,951,5,1860.2,623,4,1859.1,1115,6,1860.3,728,4
P325_SYNTH_EVENT_001_20260714,2026-07-14T17:52:29+05:30,synthetic_calendar_rbi_policy_like,ADANIPORTS,-899,1784030850,1859.6841,1031656,1859.5,463,3,1859.9,305,2,1859.4,625,4,1860.0,411,3,1859.3,788,4,1860.1,517,3,1859.2,951,5,1860.2,623,4,1859.1,1115,6,1860.3,728,4
P325_SYNTH_EVENT_001_20260714,2026-07-14T17:52:29+05:30,synthetic_calendar_rbi_policy_like,ADANIPORTS,-899,1784030850,1811.4938,168800,1811.3,481,3,1811.7,313,2,1811.2,649,4,1811.8,423,3,1811.1,816,5,1811.9,534,3,1811.0,983,5,1812.0,644,4,1810.9,1150,6,1812.1,755,4
P325_SYNTH_EVENT_001_20260714,2026-07-14T17:52:29+05:30,synthetic_calendar_rbi_policy_like,ADANIPORTS,-899,1784030850,1854.5868,1061968,1854.4,513,3,1854.8,347,2,1854.3,694,4,1854.9,467,3,1854.2,874,5,1855.0,588,3,1854.1,1054,6,1855.1,709,4,1854.0,1235,7,1855.2,829,5
P325_SYNTH_EVENT_001_20260714,2026-07-14T17:52:29+05:30,synthetic_calendar_rbi_policy_like,ADANIPORTS,-899,1784030850,1860.6957,621186,1860.5,464,3,1860.9,306,2,1860.4,627,4,1861.0,412,3,1860.3,790,4,1861.1,519,3,1860.2,954,5,1861.2,625,4,1860.1,1117,6,1861.3,731,4
P325_SYNTH_EVENT_001_20260714,2026-07-14T17:52:29+05:30,synthetic_calendar_rbi_policy_like,ADANIPORTS,-899,1784030850,1861.9981,185156,1861.8,480,3,1862.2,306,2,1861.7,648,4,1862.3,413,3,1861.6,815,5,1862.4,521,3,1861.5,983,5,1862.5,629,4,1861.4,1150,6,1862.6,737,4
P325_SYNTH_EVENT_001_20260714,2026-07-14T17:52:29+05:30,synthetic_calendar_rbi_policy_like,ADANIPORTS,-899,1784030850,1859.6849,600978,1859.5,463,3,1859.9,305,2,1859.4,625,4,1860.0,411,3,1859.3,788,4,1860.1,517,3,1859.2,951,5,1860.2,623,4,1859.1,1115,6,1860.3,728,4
P325_SYNTH_EVENT_001_20260714,2026-07-14T17:52:29+05:30,synthetic_calendar_rbi_policy_like,ADANIPORTS,-899,1784030850,1862.0901,626088,1861.9,464,3,1862.3,306,2,1861.8,628,4,1862.4,412,3,1861.7,792,4,1862.5,517,3,1861.6,957,5,1862.6,622,4,1861.5,1122,6,1862.7,726,4
P325_SYNTH_EVENT_001_20260714,2026-07-14T17:52:29+05:30,synthetic_calendar_rbi_policy_like,ADANIPORTS,-899,1784030850,1862.0917,1056916,1861.9,464,3,1862.3,306,2,1861.8,628,4,1862.4,412,3,1861.7,792,4,1862.5,517,3,1861.6,957,5,1862.6,622,4,1861.5,1122,6,1862.7,726,4
P325_SYNTH_EVENT_001_20260714,2026-07-14T17:52:29+05:30,synthetic_calendar_rbi_policy_like,ADANIPORTS,-899,1784030850,1860.6901,189608,1860.5,464,3,1860.9,306,2,1860.4,627,4,1861.0,412,3,1860.3,790,4,1861.1,519,3,1860.2,954,5,1861.2,625,4,1860.1,1117,6,1861.3,731,4
P325_SYNTH_EVENT_001_20260714,2026-07-14T17:52:29+05:30,synthetic_calendar_rbi_policy_like,ADANIPORTS,-899,1784030850,1854.5868,631440,1854.4,513,3,1854.8,347,2,1854.3,694,4,1854.9,467,3,1854.2,874,5,1855.0,588,3,1854.1,1054,6,1855.1,709,4,1854.0,1235,7,1855.2,829,5
P325_SYNTH_EVENT_001_20260714,2026-07-14T17:52:29+05:30,synthetic_calendar_rbi_policy_like,ADANIPORTS,-899,1784030850,1860.6965,1051864,1860.5,464,3,1860.9,306,2,1860.4,627,4,1861.0,412,3,1860.3,790,4,1861.1,519,3,1860.2,954,5,1861.2,625,4,1860.1,1117,6,1861.3,731,4
P325_SYNTH_EVENT_001_20260714,2026-07-14T17:52:29+05:30,synthetic_calendar_rbi_policy_like,ADANIPORTS,-899,1784030850,1861.9987,1046812,1861.8,480,3,1862.2,306,2,1861.7,648,4,1862.3,413,3,1861.6,815,5,1862.4,521,3,1861.5,983,5,1862.5,629,4,1861.4,1150,6,1862.6,737,4
P325_SYNTH_EVENT_001_20260714,2026-07-14T17:52:29+05:30,synthetic_calendar_rbi_policy_like,ADANIPORTS,-899,1784030850,1859.4938,1041760,1859.3,468,3,1859.7,308,2,1859.2,632,4,1859.8,416,3,1859.1,796,4,1859.9,523,3,1859.0,961,5,1860.0,630,4,1858.9,1125,6,1860.1,737,4
P325_SYNTH_EVENT_001_20260714,2026-07-14T17:52:29+05:30,synthetic_calendar_rbi_policy_like,ADANIPORTS,-898,1784030851,1862.0099,1893867,1861.8,480,3,1862.2,306,2,1861.7,648,4,1862.3,413,3,1861.6,815,5,1862.4,521,3,1861.5,983,5,1862.5,629,4,1861.4,1150,6,1862.6,737,4
P325_SYNTH_EVENT_001_20260714,2026-07-14T17:52:29+05:30,synthetic_calendar_rbi_policy_like,ADANIPORTS,-898,1784030851,1862.1083,1487447,1861.9,464,3,1862.3,306,2,1861.8,628,4,1862.4,412,3,1861.7,792,4,1862.5,517,3,1861.6,957,5,1862.6,622,4,1861.5,1122,6,1862.7,726,4
P325_SYNTH_EVENT_001_20260714,2026-07-14T17:52:29+05:30,synthetic_calendar_rbi_policy_like,ADANIPORTS,-898,1784030851,1860.7083,1481495,1860.5,464,3,1860.9,306,2,1860.4,627,4,1861.0,412,3,1860.3,790,4,1861.1,519,3,1860.2,954,5,1861.2,625,4,1860.1,1117,6,1861.3,731,4
P325_SYNTH_EVENT_001_20260714,2026-07-14T17:52:29+05:30,synthetic_calendar_rbi_policy_like,ADANIPORTS,-898,1784030851,1860.7099,1899819,1860.5,464,3,1860.9,306,2,1860.4,627,4,1861.0,412,3,1860.3,790,4,1861.1,519,3,1860.2,954,5,1861.2,625,4,1860.1,1117,6,1861.3,731,4
P325_SYNTH_EVENT_001_20260714,2026-07-14T17:52:29+05:30,synthetic_calendar_rbi_policy_like,ADANIPORTS,-898,1784030851,1859.5019,1889415,1859.3,468,3,1859.7,308,2,1859.2,632,4,1859.8,416,3,1859.1,796,4,1859.9,523,3,1859.0,961,5,1860.0,630,4,1858.9,1125,6,1860.1,737,4
P325_SYNTH_EVENT_001_20260714,2026-07-14T17:52:29+05:30,synthetic_calendar_rbi_policy_like,ADANIPORTS,-898,1784030851,1859.7062,1884963,1859.5,463,3,1859.9,305,2,1859.4,625,4,1860.0,411,3,1859.3,788,4,1860.1,517,3,1859.2,951,5,1860.2,623,4,1859.1,1115,6,1860.3,728,4
P325_SYNTH_EVENT_001_20260714,2026-07-14T17:52:29+05:30,synthetic_calendar_rbi_policy_like,ADANIPORTS,-898,1784030851,1862.1099,1905771,1861.9,464,3,1862.3,306,2,1861.8,628,4,1862.4,412,3,1861.7,792,4,1862.5,517,3,1861.6,957,5,1862.6,622,4,1861.5,1122,6,1862.7,726,4
P325_SYNTH_EVENT_001_20260714,2026-07-14T17:52:29+05:30,synthetic_calendar_rbi_policy_like,ADANIPORTS,-898,1784030851,1861.3143,1880511,1861.1,467,3,1861.5,307,2,1861.0,631,4,1861.6,414,3,1860.9,796,4,1861.7,520,3,1860.8,961,5,1861.8,625,4,1860.7,1127,6,1861.9,730,4
P325_SYNTH_EVENT_001_20260714,2026-07-14T17:52:29+05:30,synthetic_calendar_rbi_policy_like,ADANIPORTS,-898,1784030851,1862.0003,1477043,1861.8,480,3,1862.2,306,2,1861.7,648,4,1862.3,413,3,1861.6,815,5,1862.4,521,3,1861.5,983,5,1862.5,629,4,1861.4,1150,6,1862.6,737,4
P325_SYNTH_EVENT_001_20260714,2026-07-14T17:52:29+05:30,synthetic_calendar_rbi_policy_like,ADANIPORTS,-898,1784030851,1861.0143,1870591,1860.8,484,3,1861.2,308,2,1860.7,653,4,1861.3,416,3,1860.6,822,5,1861.4,524,3,1860.5,991,5,1861.5,632,4,1860.4,1160,6,1861.6,741,4
P325_SYNTH_EVENT_001_20260714,2026-07-14T17:52:29+05:30,synthetic_calendar_rbi_policy_like,ADANIPORTS,-898,1784030851,1860.9143,1874666,1860.7,457,3,1861.1,295,2,1860.6,617,4,1861.2,398,2,1860.5,777,4,1861.3,502,3,1860.4,936,5,1861.4,606,4,1860.3,1095,6,1861.5,710,4
P325_SYNTH_EVENT_001_20260714,2026-07-14T17:52:29+05:30,synthetic_calendar_rbi_policy_like,ADANIPORTS,-898,1784030851,1859.7143,164351,1859.5,463,3,1859.9,305,2,1859.4,625,4,1860.0,411,3,1859.3,788,4,1860.1,517,3,1859.2,951,5,1860.2,623,4,1859.1,1115,6,1860.3,728,4
P325_SYNTH_EVENT_001_20260714,2026-07-14T17:52:29+05:30,synthetic_calendar_rbi_policy_like,ADANIPORTS,-898,1784030851,1860.7043,621189,1860.5,464,3,1860.9,306,2,1860.4,627,4,1861.0,412,3,1860.3,790,4,1861.1,519,3,1860.2,954,5,1861.2,625,4,1860.1,1117,6,1861.3,731,4
P325_SYNTH_EVENT_001_20260714,2026-07-14T17:52:29+05:30,synthetic_calendar_rbi_policy_like,ADANIPORTS,-898,1784030851,1861.3102,606033,1861.1,467,3,1861.5,307,2,1861.0,631,4,1861.6,414,3,1860.9,796,4,1861.7,520,3,1860.8,961,5,1861.8,625,4,1860.7,1127,6,1861.9,730,4
P325_SYNTH_EVENT_001_20260714,2026-07-14T17:52:29+05:30,synthetic_calendar_rbi_policy_like,ADANIPORTS,-898,1784030851,1859.5062,1041763,1859.3,468,3,1859.7,308,2,1859.2,632,4,1859.8,416,3,1859.1,796,4,1859.9,523,3,1859.0,961,5,1860.0,630,4,1858.9,1125,6,1860.1,737,4
P325_SYNTH_EVENT_001_20260714,2026-07-14T17:52:29+05:30,synthetic_calendar_rbi_policy_like,ADANIPORTS,-898,1784030851,1862.1099,195563,1861.9,464,3,1862.3,306,2,1861.8,628,4,1862.4,412,3,1861.7,792,4,1862.5,517,3,1861.6,957,5,1862.6,622,4,1861.5,1122,6,1862.7,726,4
P325_SYNTH_EVENT_001_20260714,2026-07-14T17:52:29+05:30,synthetic_calendar_rbi_policy_like,ADANIPORTS,-898,1784030851,1861.311,1036711,1861.1,467,3,1861.5,307,2,1861.0,631,4,1861.6,414,3,1860.9,796,4,1861.7,520,3,1860.8,961,5,1861.8,625,4,1860.7,1127,6,1861.9,730,4
P325_SYNTH_EVENT_001_20260714,2026-07-14T17:52:29+05:30,synthetic_calendar_rbi_policy_like,ADANIPORTS,-898,1784030851,1859.503,1471691,1859.3,468,3,1859.7,308,2,1859.2,632,4,1859.8,416,3,1859.1,796,4,1859.9,523,3,1859.0,961,5,1860.0,630,4,1858.9,1125,6,1860.1,737,4
P325_SYNTH_EVENT_001_20260714,2026-07-14T17:52:29+05:30,synthetic_calendar_rbi_policy_like,ADANIPORTS,-898,1784030851,1859.5046,610935,1859.3,468,3,1859.7,308,2,1859.2,632,4,1859.8,416,3,1859.1,796,4,1859.9,523,3,1859.0,961,5,1860.0,630,4,1858.9,1125,6,1860.1,737,4
P325_SYNTH_EVENT_001_20260714,2026-07-14T17:52:29+05:30,synthetic_calendar_rbi_policy_like,ADANIPORTS,-898,1784030851,1861.3062,174755,1861.1,467,3,1861.5,307,2,1861.0,631,4,1861.6,414,3,1860.9,796,4,1861.7,520,3,1860.8,961,5,1861.8,625,4,1860.7,1127,6,1861.9,730,4
P325_SYNTH_EVENT_001_20260714,2026-07-14T17:52:29+05:30,synthetic_calendar_rbi_policy_like,ADANIPORTS,-898,1784030851,1861.3078,1466639,1861.1,467,3,1861.5,307,2,1861.0,631,4,1861.6,414,3,1860.9,796,4,1861.7,520,3,1860.8,961,5,1861.8,625,4,1860.7,1127,6,1861.9,730,4
P325_SYNTH_EVENT_001_20260714,2026-07-14T17:52:29+05:30,synthetic_calendar_rbi_policy_like,ADANIPORTS,-898,1784030851,1862.0014,1046815,1861.8,480,3,1862.2,306,2,1861.7,648,4,1862.3,413,3,1861.6,815,5,1862.4,521,3,1861.5,983,5,1862.5,629,4,1861.4,1150,6,1862.6,737,4
P325_SYNTH_EVENT_001_20260714,2026-07-14T17:52:29+05:30,synthetic_calendar_rbi_policy_like,ADANIPORTS,-898,1784030851,1862.0003,615987,1861.8,480,3,1862.2,306,2,1861.7,648,4,1862.3,413,3,1861.6,815,5,1862.4,521,3,1861.5,983,5,1862.5,629,4,1861.4,1150,6,1862.6,737,4
P325_SYNTH_EVENT_001_20260714,2026-07-14T17:52:29+05:30,synthetic_calendar_rbi_policy_like,ADANIPORTS,-898,1784030851,1860.7099,189611,1860.5,464,3,1860.9,306,2,1860.4,627,4,1861.0,412,3,1860.3,790,4,1861.1,519,3,1860.2,954,5,1861.2,625,4,1860.1,1117,6,1861.3,731,4
P325_SYNTH_EVENT_001_20260714,2026-07-14T17:52:29+05:30,synthetic_calendar_rbi_policy_like,ADANIPORTS,-898,1784030851,1860.7035,1051867,1860.5,464,3,1860.9,306,2,1860.4,627,4,1861.0,412,3,1860.3,790,4,1861.1,519,3,1860.2,954,5,1861.2,625,4,1860.1,1117,6,1861.3,731,4
P325_SYNTH_EVENT_001_20260714,2026-07-14T17:52:29+05:30,synthetic_calendar_rbi_policy_like,ADANIPORTS,-898,1784030851,1860.9143,158506,1860.7,457,3,1861.1,295,2,1860.6,617,4,1861.2,398,2,1860.5,777,4,1861.3,502,3,1860.4,936,5,1861.4,606,4,1860.3,1095,6,1861.5,710,4
P325_SYNTH_EVENT_001_20260714,2026-07-14T17:52:29+05:30,synthetic_calendar_rbi_policy_like,ADANIPORTS,-898,1784030851,1859.7127,1461587,1859.5,463,3,1859.9,305,2,1859.4,625,4,1860.0,411,3,1859.3,788,4,1860.1,517,3,1859.2,951,5,1860.2,623,4,1859.1,1115,6,1860.3,728,4
P325_SYNTH_EVENT_001_20260714,2026-07-14T17:52:29+05:30,synthetic_calendar_rbi_policy_like,ADANIPORTS,-898,1784030851,1859.7159,1031659,1859.5,463,3,1859.9,305,2,1859.4,625,4,1860.0,411,3,1859.3,788,4,1860.1,517,3,1859.2,951,5,1860.2,623,4,1859.1,1115,6,1860.3,728,4
P325_SYNTH_EVENT_001_20260714,2026-07-14T17:52:29+05:30,synthetic_calendar_rbi_policy_like,ADANIPORTS,-898,1784030851,1862.1083,1056919,1861.9,464,3,1862.3,306,2,1861.8,628,4,1862.4,412,3,1861.7,792,4,1862.5,517,3,1861.6,957,5,1862.6,622,4,1861.5,1122,6,1862.7,726,4
P325_SYNTH_EVENT_001_20260714,2026-07-14T17:52:29+05:30,synthetic_calendar_rbi_policy_like,ADANIPORTS,-898,1784030851,1859.5062,180707,1859.3,468,3,1859.7,308,2,1859.2,632,4,1859.8,416,3,1859.1,796,4,1859.9,523,3,1859.0,961,5,1860.0,630,4,1858.9,1125,6,1860.1,737,4
P325_SYNTH_EVENT_001_20260714,2026-07-14T17:52:29+05:30,synthetic_calendar_rbi_policy_like,ADANIPORTS,-898,1784030851,1811.5062,168803,1811.3,481,3,1811.7,313,2,1811.2,649,4,1811.8,423,3,1811.1,816,5,1811.9,534,3,1811.0,983,5,1812.0,644,4,1810.9,1150,6,1812.1,755,4
P325_SYNTH_EVENT_001_20260714,2026-07-14T17:52:29+05:30,synthetic_calendar_rbi_policy_like,ADANIPORTS,-898,1784030851,1854.6132,1061971,1854.4,513,3,1854.8,347,2,1854.3,694,4,1854.9,467,3,1854.2,874,5,1855.0,588,3,1854.1,1054,6,1855.1,709,4,1854.0,1235,7,1855.2,829,5
P325_SYNTH_EVENT_001_20260714,2026-07-14T17:52:29+05:30,synthetic_calendar_rbi_policy_like,ADANIPORTS,-898,1784030851,1859.7151,600981,1859.5,463,3,1859.9,305,2,1859.4,625,4,1860.0,411,3,1859.3,788,4,1860.1,517,3,1859.2,951,5,1860.2,623,4,1859.1,1115,6,1860.3,728,4
P325_SYNTH_EVENT_001_20260714,2026-07-14T17:52:29+05:30,synthetic_calendar_rbi_policy_like,ADANIPORTS,-898,1784030851,1862.1099,626091,1861.9,464,3,1862.3,306,2,1861.8,628,4,1862.4,412,3,1861.7,792,4,1862.5,517,3,1861.6,957,5,1862.6,622,4,1861.5,1122,6,1862.7,726,4
P325_SYNTH_EVENT_001_20260714,2026-07-14T17:52:29+05:30,synthetic_calendar_rbi_policy_like,ADANIPORTS,-898,1784030851,1862.0019,185159,1861.8,480,3,1862.2,306,2,1861.7,648,4,1862.3,413,3,1861.6,815,5,1862.4,521,3,1861.5,983,5,1862.5,629,4,1861.4,1150,6,1862.6,737,4
P325_SYNTH_EVENT_001_20260714,2026-07-14T17:52:29+05:30,synthetic_calendar_rbi_policy_like,ADANIPORTS,-898,1784030851,1854.6132,631443,1854.4,513,3,1854.8,347,2,1854.3,694,4,1854.9,467,3,1854.2,874,5,1855.0,588,3,1854.1,1054,6,1855.1,709,4,1854.0,1235,7,1855.2,829,5
P325_SYNTH_EVENT_001_20260714,2026-07-14T17:52:29+05:30,synthetic_calendar_rbi_policy_like,ADANIPORTS,-897,1784030852,1862.0901,1905774,1861.9,464,3,1862.3,306,2,1861.8,628,4,1862.4,412,3,1861.7,792,4,1862.5,517,3,1861.6,957,5,1862.6,622,4,1861.5,1122,6,1862.7,726,4
P325_SYNTH_EVENT_001_20260714,2026-07-14T17:52:29+05:30,synthetic_calendar_rbi_policy_like,ADANIPORTS,-897,1784030852,1860.6917,1481498,1860.5,464,3,1860.9,306,2,1860.4,627,4,1861.0,412,3,1860.3,790,4,1861.1,519,3,1860.2,954,5,1861.2,625,4,1860.1,1117,6,1861.3,731,4
P325_SYNTH_EVENT_001_20260714,2026-07-14T17:52:29+05:30,synthetic_calendar_rbi_policy_like,ADANIPORTS,-897,1784030852,1859.4982,1889418,1859.3,468,3,1859.7,308,2,1859.2,632,4,1859.8,416,3,1859.1,796,4,1859.9,523,3,1859.0,961,5,1860.0,630,4,1858.9,1125,6,1860.1,737,4
P325_SYNTH_EVENT_001_20260714,2026-07-14T17:52:29+05:30,synthetic_calendar_rbi_policy_like,ADANIPORTS,-897,1784030852,1861.9901,1893870,1861.8,480,3,1862.2,306,2,1861.7,648,4,1862.3,413,3,1861.6,815,5,1862.4,521,3,1861.5,983,5,1862.5,629,4,1861.4,1150,6,1862.6,737,4
P325_SYNTH_EVENT_001_20260714,2026-07-14T17:52:29+05:30,synthetic_calendar_rbi_policy_like,ADANIPORTS,-897,1784030852,1860.6901,1899822,1860.5,464,3,1860.9,306,2,1860.4,627,4,1861.0,412,3,1860.3,790,4,1861.1,519,3,1860.2,954,5,1861.2,625,4,1860.1,1117,6,1861.3,731,4
P325_SYNTH_EVENT_001_20260714,2026-07-14T17:52:29+05:30,synthetic_calendar_rbi_policy_like,ADANIPORTS,-897,1784030852,1859.6938,1884966,1859.5,463,3,1859.9,305,2,1859.4,625,4,1860.0,411,3,1859.3,788,4,1860.1,517,3,1859.2,951,5,1860.2,623,4,1859.1,1115,6,1860.3,728,4
P325_SYNTH_EVENT_001_20260714,2026-07-14T17:52:29+05:30,synthetic_calendar_rbi_policy_like,ADANIPORTS,-897,1784030852,1861.2857,1880514,1861.1,467,3,1861.5,307,2,1861.0,631,4,1861.6,414,3,1860.9,796,4,1861.7,520,3,1860.8,961,5,1861.8,625,4,1860.7,1127,6,1861.9,730,4
P325_SYNTH_EVENT_001_20260714,2026-07-14T17:52:29+05:30,synthetic_calendar_rbi_policy_like,ADANIPORTS,-897,1784030852,1862.0917,1487450,1861.9,464,3,1862.3,306,2,1861.8,628,4,1862.4,412,3,1861.7,792,4,1862.5,517,3,1861.6,957,5,1862.6,622,4,1861.5,1122,6,1862.7,726,4
P325_SYNTH_EVENT_001_20260714,2026-07-14T17:52:29+05:30,synthetic_calendar_rbi_policy_like,ADANIPORTS,-897,1784030852,1861.9998,1477046,1861.8,480,3,1862.2,306,2,1861.7,648,4,1862.3,413,3,1861.6,815,5,1862.4,521,3,1861.5,983,5,1862.5,629,4,1861.4,1150,6,1862.6,737,4
P325_SYNTH_EVENT_001_20260714,2026-07-14T17:52:29+05:30,synthetic_calendar_rbi_policy_like,ADANIPORTS,-897,1784030852,1860.8857,1874668,1860.7,457,3,1861.1,295,2,1860.6,617,4,1861.2,398,2,1860.5,777,4,1861.3,502,3,1860.4,936,5,1861.4,606,4,1860.3,1095,6,1861.5,710,4
P325_SYNTH_EVENT_001_20260714,2026-07-14T17:52:29+05:30,synthetic_calendar_rbi_policy_like,ADANIPORTS,-897,1784030852,1860.9857,1870594,1860.8,484,3,1861.2,308,2,1860.7,653,4,1861.3,416,3,1860.6,822,5,1861.4,524,3,1860.5,991,5,1861.5,632,4,1860.4,1160,6,1861.6,741,4
P325_SYNTH_EVENT_001_20260714,2026-07-14T17:52:29+05:30,synthetic_calendar_rbi_policy_like,ADANIPORTS,-897,1784030852,1860.6957,621192,1860.5,464,3,1860.9,306,2,1860.4,627,4,1861.0,412,3,1860.3,790,4,1861.1,519,3,1860.2,954,5,1861.2,625,4,1860.1,1117,6,1861.3,731,4
P325_SYNTH_EVENT_001_20260714,2026-07-14T17:52:29+05:30,synthetic_calendar_rbi_policy_like,ADANIPORTS,-897,1784030852,1859.4954,610938,1859.3,468,3,1859.7,308,2,1859.2,632,4,1859.8,416,3,1859.1,796,4,1859.9,523,3,1859.0,961,5,1860.0,630,4,1858.9,1125,6,1860.1,737,4
P325_SYNTH_EVENT_001_20260714,2026-07-14T17:52:29+05:30,synthetic_calendar_rbi_policy_like,ADANIPORTS,-897,1784030852,1854.5869,1061974,1854.4,513,3,1854.8,347,2,1854.3,694,4,1854.9,467,3,1854.2,874,5,1855.0,588,3,1854.1,1054,6,1855.1,709,4,1854.0,1235,7,1855.2,829,5
P325_SYNTH_EVENT_001_20260714,2026-07-14T17:52:29+05:30,synthetic_calendar_rbi_policy_like,ADANIPORTS,-897,1784030852,1811.4938,168806,1811.3,481,3,1811.7,313,2,1811.2,649,4,1811.8,423,3,1811.1,816,5,1811.9,534,3,1811.0,983,5,1812.0,644,4,1810.9,1150,6,1812.1,755,4
P325_SYNTH_EVENT_001_20260714,2026-07-14T17:52:29+05:30,synthetic_calendar_rbi_policy_like,ADANIPORTS,-897,1784030852,1861.9982,185162,1861.8,480,3,1862.2,306,2,1861.7,648,4,1862.3,413,3,1861.6,815,5,1862.4,521,3,1861.5,983,5,1862.5,629,4,1861.4,1150,6,1862.6,737,4
P325_SYNTH_EVENT_001_20260714,2026-07-14T17:52:29+05:30,synthetic_calendar_rbi_policy_like,ADANIPORTS,-897,1784030852,1859.6841,1031662,1859.5,463,3,1859.9,305,2,1859.4,625,4,1860.0,411,3,1859.3,788,4,1860.1,517,3,1859.2,951,5,1860.2,623,4,1859.1,1115,6,1860.3,728,4
P325_SYNTH_EVENT_001_20260714,2026-07-14T17:52:29+05:30,synthetic_calendar_rbi_policy_like,ADANIPORTS,-897,1784030852,1859.4938,180710,1859.3,468,3,1859.7,308,2,1859.2,632,4,1859.8,416,3,1859.1,796,4,1859.9,523,3,1859.0,961,5,1860.0,630,4,1858.9,1125,6,1860.1,737,4
P325_SYNTH_EVENT_001_20260714,2026-07-14T17:52:29+05:30,synthetic_calendar_rbi_policy_like,ADANIPORTS,-897,1784030852,1859.6849,600984,1859.5,463,3,1859.9,305,2,1859.4,625,4,1860.0,411,3,1859.3,788,4,1860.1,517,3,1859.2,951,5,1860.2,623,4,1859.1,1115,6,1860.3,728,4
P325_SYNTH_EVENT_001_20260714,2026-07-14T17:52:29+05:30,synthetic_calendar_rbi_policy_like,ADANIPORTS,-897,1784030852,1862.0901,626094,1861.9,464,3,1862.3,306,2,1861.8,628,4,1862.4,412,3,1861.7,792,4,1862.5,517,3,1861.6,957,5,1862.6,622,4,1861.5,1122,6,1862.7,726,4
P325_SYNTH_EVENT_001_20260714,2026-07-14T17:52:29+05:30,synthetic_calendar_rbi_policy_like,ADANIPORTS,-897,1784030852,1861.2897,606036,1861.1,467,3,1861.5,307,2,1861.0,631,4,1861.6,414,3,1860.9,796,4,1861.7,520,3,1860.8,961,5,1861.8,625,4,1860.7,1127,6,1861.9,730,4
P325_SYNTH_EVENT_001_20260714,2026-07-14T17:52:29+05:30,synthetic_calendar_rbi_policy_like,ADANIPORTS,-897,1784030852,1859.6873,1461590,1859.5,463,3,1859.9,305,2,1859.4,625,4,1860.0,411,3,1859.3,788,4,1860.1,517,3,1859.2,951,5,1860.2,623,4,1859.1,1115,6,1860.3,728,4
P325_SYNTH_EVENT_001_20260714,2026-07-14T17:52:29+05:30,synthetic_calendar_rbi_policy_like,ADANIPORTS,-897,1784030852,1860.6965,1051870,1860.5,464,3,1860.9,306,2,1860.4,627,4,1861.0,412,3,1860.3,790,4,1861.1,519,3,1860.2,954,5,1861.2,625,4,1860.1,1117,6,1861.3,731,4
P325_SYNTH_EVENT_001_20260714,2026-07-14T17:52:29+05:30,synthetic_calendar_rbi_policy_like,ADANIPORTS,-897,1784030852,1861.9998,615990,1861.8,480,3,1862.2,306,2,1861.7,648,4,1862.3,413,3,1861.6,815,5,1862.4,521,3,1861.5,983,5,1862.5,629,4,1861.4,1150,6,1862.6,737,4
P325_SYNTH_EVENT_001_20260714,2026-07-14T17:52:29+05:30,synthetic_calendar_rbi_policy_like,ADANIPORTS,-897,1784030852,1861.9986,1046818,1861.8,480,3,1862.2,306,2,1861.7,648,4,1862.3,413,3,1861.6,815,5,1862.4,521,3,1861.5,983,5,1862.5,629,4,1861.4,1150,6,1862.6,737,4
P325_SYNTH_EVENT_001_20260714,2026-07-14T17:52:29+05:30,synthetic_calendar_rbi_policy_like,ADANIPORTS,-897,1784030852,1860.8857,158508,1860.7,457,3,1861.1,295,2,1860.6,617,4,1861.2,398,2,1860.5,777,4,1861.3,502,3,1860.4,936,5,1861.4,606,4,1860.3,1095,6,1861.5,710,4
P325_SYNTH_EVENT_001_20260714,2026-07-14T17:52:29+05:30,synthetic_calendar_rbi_policy_like,ADANIPORTS,-897,1784030852,1861.2938,174758,1861.1,467,3,1861.5,307,2,1861.0,631,4,1861.6,414,3,1860.9,796,4,1861.7,520,3,1860.8,961,5,1861.8,625,4,1860.7,1127,6,1861.9,730,4
P325_SYNTH_EVENT_001_20260714,2026-07-14T17:52:29+05:30,synthetic_calendar_rbi_policy_like,ADANIPORTS,-897,1784030852,1860.6901,189614,1860.5,464,3,1860.9,306,2,1860.4,627,4,1861.0,412,3,1860.3,790,4,1861.1,519,3,1860.2,954,5,1861.2,625,4,1860.1,1117,6,1861.3,731,4
P325_SYNTH_EVENT_001_20260714,2026-07-14T17:52:29+05:30,synthetic_calendar_rbi_policy_like,ADANIPORTS,-897,1784030852,1861.2922,1466642,1861.1,467,3,1861.5,307,2,1861.0,631,4,1861.6,414,3,1860.9,796,4,1861.7,520,3,1860.8,961,5,1861.8,625,4,1860.7,1127,6,1861.9,730,4
P325_SYNTH_EVENT_001_20260714,2026-07-14T17:52:29+05:30,synthetic_calendar_rbi_policy_like,ADANIPORTS,-897,1784030852,1859.6857,164354,1859.5,463,3,1859.9,305,2,1859.4,625,4,1860.0,411,3,1859.3,788,4,1860.1,517,3,1859.2,951,5,1860.2,623,4,1859.1,1115,6,1860.3,728,4
P325_SYNTH_EVENT_001_20260714,2026-07-14T17:52:29+05:30,synthetic_calendar_rbi_policy_like,ADANIPORTS,-897,1784030852,1862.0901,195566,1861.9,464,3,1862.3,306,2,1861.8,628,4,1862.4,412,3,1861.7,792,4,1862.5,517,3,1861.6,957,5,1862.6,622,4,1861.5,1122,6,1862.7,726,4
P325_SYNTH_EVENT_001_20260714,2026-07-14T17:52:29+05:30,synthetic_calendar_rbi_policy_like,ADANIPORTS,-897,1784030852,1859.4938,1041766,1859.3,468,3,1859.7,308,2,1859.2,632,4,1859.8,416,3,1859.1,796,4,1859.9,523,3,1859.0,961,5,1860.0,630,4,1858.9,1125,6,1860.1,737,4
P325_SYNTH_EVENT_001_20260714,2026-07-14T17:52:29+05:30,synthetic_calendar_rbi_policy_like,ADANIPORTS,-897,1784030852,1859.497,1471694,1859.3,468,3,1859.7,308,2,1859.2,632,4,1859.8,416,3,1859.1,796,4,1859.9,523,3,1859.0,961,5,1860.0,630,4,1858.9,1125,6,1860.1,737,4
P325_SYNTH_EVENT_001_20260714,2026-07-14T17:52:29+05:30,synthetic_calendar_rbi_policy_like,ADANIPORTS,-897,1784030852,1861.2889,1036714,1861.1,467,3,1861.5,307,2,1861.0,631,4,1861.6,414,3,1860.9,796,4,1861.7,520,3,1860.8,961,5,1861.8,625,4,1860.7,1127,6,1861.9,730,4
P325_SYNTH_EVENT_001_20260714,2026-07-14T17:52:29+05:30,synthetic_calendar_rbi_policy_like,ADANIPORTS,-897,1784030852,1854.5869,631446,1854.4,513,3,1854.8,347,2,1854.3,694,4,1854.9,467,3,1854.2,874,5,1855.0,588,3,1854.1,1054,6,1855.1,709,4,1854.0,1235,7,1855.2,829,5
P325_SYNTH_EVENT_001_20260714,2026-07-14T17:52:29+05:30,synthetic_calendar_rbi_policy_like,ADANIPORTS,-897,1784030852,1862.0917,1056922,1861.9,464,3,1862.3,306,2,1861.8,628,4,1862.4,412,3,1861.7,792,4,1862.5,517,3,1861.6,957,5,1862.6,622,4,1861.5,1122,6,1862.7,726,4
P325_SYNTH_EVENT_001_20260714,2026-07-14T17:52:29+05:30,synthetic_calendar_rbi_policy_like,ADANIPORTS,-896,1784030853,1859.5018,1889421,1859.3,468,3,1859.7,308,2,1859.2,632,4,1859.8,416,3,1859.1,796,4,1859.9,523,3,1859.0,961,5,1860.0,630,4,1858.9,1125,6,1860.1,737,4
P325_SYNTH_EVENT_001_20260714,2026-07-14T17:52:29+05:30,synthetic_calendar_rbi_policy_like,ADANIPORTS,-896,1784030853,1862.1083,1487453,1861.9,464,3,1862.3,306,2,1861.8,628,4,1862.4,412,3,1861.7,792,4,1862.5,517,3,1861.6,957,5,1862.6,622,4,1861.5,1122,6,1862.7,726,4
P325_SYNTH_EVENT_001_20260714,2026-07-14T17:52:29+05:30,synthetic_calendar_rbi_policy_like,ADANIPORTS,-896,1784030853,1861.0143,1870597,1860.8,484,3,1861.2,308,2,1860.7,653,4,1861.3,416,3,1860.6,822,5,1861.4,524,3,1860.5,991,5,1861.5,632,4,1860.4,1160,6,1861.6,741,4
P325_SYNTH_EVENT_001_20260714,2026-07-14T17:52:29+05:30,synthetic_calendar_rbi_policy_like,ADANIPORTS,-896,1784030853,1861.3143,1880517,1861.1,467,3,1861.5,307,2,1861.0,631,4,1861.6,414,3,1860.9,796,4,1861.7,520,3,1860.8,961,5,1861.8,625,4,1860.7,1127,6,1861.9,730,4
P325_SYNTH_EVENT_001_20260714,2026-07-14T17:52:29+05:30,synthetic_calendar_rbi_policy_like,ADANIPORTS,-896,1784030853,1862.0002,1477049,1861.8,480,3,1862.2,306,2,1861.7,648,4,1862.3,413,3,1861.6,815,5,1862.4,521,3,1861.5,983,5,1862.5,629,4,1861.4,1150,6,1862.6,737,4
P325_SYNTH_EVENT_001_20260714,2026-07-14T17:52:29+05:30,synthetic_calendar_rbi_policy_like,ADANIPORTS,-896,1784030853,1860.7083,1481501,1860.5,464,3,1860.9,306,2,1860.4,627,4,1861.0,412,3,1860.3,790,4,1861.1,519,3,1860.2,954,5,1861.2,625,4,1860.1,1117,6,1861.3,731,4
P325_SYNTH_EVENT_001_20260714,2026-07-14T17:52:29+05:30,synthetic_calendar_rbi_policy_like,ADANIPORTS,-896,1784030853,1862.0099,1893873,1861.8,480,3,1862.2,306,2,1861.7,648,4,1862.3,413,3,1861.6,815,5,1862.4,521,3,1861.5,983,5,1862.5,629,4,1861.4,1150,6,1862.6,737,4
P325_SYNTH_EVENT_001_20260714,2026-07-14T17:52:29+05:30,synthetic_calendar_rbi_policy_like,ADANIPORTS,-896,1784030853,1859.7062,1884969,1859.5,463,3,1859.9,305,2,1859.4,625,4,1860.0,411,3,1859.3,788,4,1860.1,517,3,1859.2,951,5,1860.2,623,4,1859.1,1115,6,1860.3,728,4
P325_SYNTH_EVENT_001_20260714,2026-07-14T17:52:29+05:30,synthetic_calendar_rbi_policy_like,ADANIPORTS,-896,1784030853,1860.9143,1874670,1860.7,457,3,1861.1,295,2,1860.6,617,4,1861.2,398,2,1860.5,777,4,1861.3,502,3,1860.4,936,5,1861.4,606,4,1860.3,1095,6,1861.5,710,4
P325_SYNTH_EVENT_001_20260714,2026-07-14T17:52:29+05:30,synthetic_calendar_rbi_policy_like,ADANIPORTS,-896,1784030853,1862.1099,1905777,1861.9,464,3,1862.3,306,2,1861.8,628,4,1862.4,412,3,1861.7,792,4,1862.5,517,3,1861.6,957,5,1862.6,622,4,1861.5,1122,6,1862.7,726,4
P325_SYNTH_EVENT_001_20260714,2026-07-14T17:52:29+05:30,synthetic_calendar_rbi_policy_like,ADANIPORTS,-896,1784030853,1860.7099,1899825,1860.5,464,3,1860.9,306,2,1860.4,627,4,1861.0,412,3,1860.3,790,4,1861.1,519,3,1860.2,954,5,1861.2,625,4,1860.1,1117,6,1861.3,731,4
P325_SYNTH_EVENT_001_20260714,2026-07-14T17:52:29+05:30,synthetic_calendar_rbi_policy_like,ADANIPORTS,-896,1784030853,1859.5062,1041769,1859.3,468,3,1859.7,308,2,1859.2,632,4,1859.8,416,3,1859.1,796,4,1859.9,523,3,1859.0,961,5,1860.0,630,4,1858.9,1125,6,1860.1,737,4
P325_SYNTH_EVENT_001_20260714,2026-07-14T17:52:29+05:30,synthetic_calendar_rbi_policy_like,ADANIPORTS,-896,1784030853,1862.1099,626097,1861.9,464,3,1862.3,306,2,1861.8,628,4,1862.4,412,3,1861.7,792,4,1862.5,517,3,1861.6,957,5,1862.6,622,4,1861.5,1122,6,1862.7,726,4
P325_SYNTH_EVENT_001_20260714,2026-07-14T17:52:29+05:30,synthetic_calendar_rbi_policy_like,ADANIPORTS,-896,1784030853,1862.0018,185165,1861.8,480,3,1862.2,306,2,1861.7,648,4,1862.3,413,3,1861.6,815,5,1862.4,521,3,1861.5,983,5,1862.5,629,4,1861.4,1150,6,1862.6,737,4
P325_SYNTH_EVENT_001_20260714,2026-07-14T17:52:29+05:30,synthetic_calendar_rbi_policy_like,ADANIPORTS,-896,1784030853,1859.5046,610941,1859.3,468,3,1859.7,308,2,1859.2,632,4,1859.8,416,3,1859.1,796,4,1859.9,523,3,1859.0,961,5,1860.0,630,4,1858.9,1125,6,1860.1,737,4
P325_SYNTH_EVENT_001_20260714,2026-07-14T17:52:29+05:30,synthetic_calendar_rbi_policy_like,ADANIPORTS,-896,1784030853,1861.3079,1466645,1861.1,467,3,1861.5,307,2,1861.0,631,4,1861.6,414,3,1860.9,796,4,1861.7,520,3,1860.8,961,5,1861.8,625,4,1860.7,1127,6,1861.9,730,4
P325_SYNTH_EVENT_001_20260714,2026-07-14T17:52:29+05:30,synthetic_calendar_rbi_policy_like,ADANIPORTS,-896,1784030853,1862.1083,1056925,1861.9,464,3,1862.3,306,2,1861.8,628,4,1862.4,412,3,1861.7,792,4,1862.5,517,3,1861.6,957,5,1862.6,622,4,1861.5,1122,6,1862.7,726,4
P325_SYNTH_EVENT_001_20260714,2026-07-14T17:52:29+05:30,synthetic_calendar_rbi_policy_like,ADANIPORTS,-896,1784030853,1862.1099,195569,1861.9,464,3,1862.3,306,2,1861.8,628,4,1862.4,412,3,1861.7,792,4,1862.5,517,3,1861.6,957,5,1862.6,622,4,1861.5,1122,6,1862.7,726,4
P325_SYNTH_EVENT_001_20260714,2026-07-14T17:52:29+05:30,synthetic_calendar_rbi_policy_like,ADANIPORTS,-896,1784030853,1861.3103,606039,1861.1,467,3,1861.5,307,2,1861.0,631,4,1861.6,414,3,1860.9,796,4,1861.7,520,3,1860.8,961,5,1861.8,625,4,1860.7,1127,6,1861.9,730,4
P325_SYNTH_EVENT_001_20260714,2026-07-14T17:52:29+05:30,synthetic_calendar_rbi_policy_like,ADANIPORTS,-896,1784030853,1862.0014,1046821,1861.8,480,3,1862.2,306,2,1861.7,648,4,1862.3,413,3,1861.6,815,5,1862.4,521,3,1861.5,983,5,1862.5,629,4,1861.4,1150,6,1862.6,737,4
P325_SYNTH_EVENT_001_20260714,2026-07-14T17:52:29+05:30,synthetic_calendar_rbi_policy_like,ADANIPORTS,-896,1784030853,1859.7159,1031665,1859.5,463,3,1859.9,305,2,1859.4,625,4,1860.0,411,3,1859.3,788,4,1860.1,517,3,1859.2,951,5,1860.2,623,4,1859.1,1115,6,1860.3,728,4
P325_SYNTH_EVENT_001_20260714,2026-07-14T17:52:29+05:30,synthetic_calendar_rbi_policy_like,ADANIPORTS,-896,1784030853,1862.0002,615993,1861.8,480,3,1862.2,306,2,1861.7,648,4,1862.3,413,3,1861.6,815,5,1862.4,521,3,1861.5,983,5,1862.5,629,4,1861.4,1150,6,1862.6,737,4
P325_SYNTH_EVENT_001_20260714,2026-07-14T17:52:29+05:30,synthetic_calendar_rbi_policy_like,ADANIPORTS,-896,1784030853,1859.503,1471697,1859.3,468,3,1859.7,308,2,1859.2,632,4,1859.8,416,3,1859.1,796,4,1859.9,523,3,1859.0,961,5,1860.0,630,4,1858.9,1125,6,1860.1,737,4
P325_SYNTH_EVENT_001_20260714,2026-07-14T17:52:29+05:30,synthetic_calendar_rbi_policy_like,ADANIPORTS,-896,1784030853,1861.3062,174761,1861.1,467,3,1861.5,307,2,1861.0,631,4,1861.6,414,3,1860.9,796,4,1861.7,520,3,1860.8,961,5,1861.8,625,4,1860.7,1127,6,1861.9,730,4
P325_SYNTH_EVENT_001_20260714,2026-07-14T17:52:29+05:30,synthetic_calendar_rbi_policy_like,ADANIPORTS,-896,1784030853,1859.5062,180713,1859.3,468,3,1859.7,308,2,1859.2,632,4,1859.8,416,3,1859.1,796,4,1859.9,523,3,1859.0,961,5,1860.0,630,4,1858.9,1125,6,1860.1,737,4
P325_SYNTH_EVENT_001_20260714,2026-07-14T17:52:29+05:30,synthetic_calendar_rbi_policy_like,ADANIPORTS,-896,1784030853,1859.7143,164357,1859.5,463,3,1859.9,305,2,1859.4,625,4,1860.0,411,3,1859.3,788,4,1860.1,517,3,1859.2,951,5,1860.2,623,4,1859.1,1115,6,1860.3,728,4
P325_SYNTH_EVENT_001_20260714,2026-07-14T17:52:29+05:30,synthetic_calendar_rbi_policy_like,ADANIPORTS,-896,1784030853,1860.7034,1051873,1860.5,464,3,1860.9,306,2,1860.4,627,4,1861.0,412,3,1860.3,790,4,1861.1,519,3,1860.2,954,5,1861.2,625,4,1860.1,1117,6,1861.3,731,4
P325_SYNTH_EVENT_001_20260714,2026-07-14T17:52:29+05:30,synthetic_calendar_rbi_policy_like,ADANIPORTS,-896,1784030853,1859.7127,1461593,1859.5,463,3,1859.9,305,2,1859.4,625,4,1860.0,411,3,1859.3,788,4,1860.1,517,3,1859.2,951,5,1860.2,623,4,1859.1,1115,6,1860.3,728,4
P325_SYNTH_EVENT_001_20260714,2026-07-14T17:52:29+05:30,synthetic_calendar_rbi_policy_like,ADANIPORTS,-896,1784030853,1860.9143,158510,1860.7,457,3,1861.1,295,2,1860.6,617,4,1861.2,398,2,1860.5,777,4,1861.3,502,3,1860.4,936,5,1861.4,606,4,1860.3,1095,6,1861.5,710,4
P325_SYNTH_EVENT_001_20260714,2026-07-14T17:52:29+05:30,synthetic_calendar_rbi_policy_like,ADANIPORTS,-896,1784030853,1861.3111,1036717,1861.1,467,3,1861.5,307,2,1861.0,631,4,1861.6,414,3,1860.9,796,4,1861.7,520,3,1860.8,961,5,1861.8,625,4,1860.7,1127,6,1861.9,730,4
P325_SYNTH_EVENT_001_20260714,2026-07-14T17:52:29+05:30,synthetic_calendar_rbi_policy_like,ADANIPORTS,-896,1784030853,1859.7151,600987,1859.5,463,3,1859.9,305,2,1859.4,625,4,1860.0,411,3,1859.3,788,4,1860.1,517,3,1859.2,951,5,1860.2,623,4,1859.1,1115,6,1860.3,728,4
P325_SYNTH_EVENT_001_20260714,2026-07-14T17:52:29+05:30,synthetic_calendar_rbi_policy_like,ADANIPORTS,-896,1784030853,1854.6131,1061977,1854.4,513,3,1854.8,347,2,1854.3,694,4,1854.9,467,3,1854.2,874,5,1855.0,588,3,1854.1,1054,6,1855.1,709,4,1854.0,1235,7,1855.2,829,5
P325_SYNTH_EVENT_001_20260714,2026-07-14T17:52:29+05:30,synthetic_calendar_rbi_policy_like,ADANIPORTS,-896,1784030853,1860.7043,621195,1860.5,464,3,1860.9,306,2,1860.4,627,4,1861.0,412,3,1860.3,790,4,1861.1,519,3,1860.2,954,5,1861.2,625,4,1860.1,1117,6,1861.3,731,4
P325_SYNTH_EVENT_001_20260714,2026-07-14T17:52:29+05:30,synthetic_calendar_rbi_policy_like,ADANIPORTS,-896,1784030853,1811.5062,168809,1811.3,481,3,1811.7,313,2,1811.2,649,4,1811.8,423,3,1811.1,816,5,1811.9,534,3,1811.0,983,5,1812.0,644,4,1810.9,1150,6,1812.1,755,4
P325_SYNTH_EVENT_001_20260714,2026-07-14T17:52:29+05:30,synthetic_calendar_rbi_policy_like,ADANIPORTS,-896,1784030853,1854.6131,631449,1854.4,513,3,1854.8,347,2,1854.3,694,4,1854.9,467,3,1854.2,874,5,1855.0,588,3,1854.1,1054,6,1855.1,709,4,1854.0,1235,7,1855.2,829,5
P325_SYNTH_EVENT_001_20260714,2026-07-14T17:52:29+05:30,synthetic_calendar_rbi_policy_like,ADANIPORTS,-896,1784030853,1860.7099,189617,1860.5,464,3,1860.9,306,2,1860.4,627,4,1861.0,412,3,1860.3,790,4,1861.1,519,3,1860.2,954,5,1861.2,625,4,1860.1,1117,6,1861.3,731,4
P325_SYNTH_EVENT_001_20260714,2026-07-14T17:52:29+05:30,synthetic_calendar_rbi_policy_like,ADANIPORTS,-895,1784030854,1862.0901,1905780,1861.9,464,3,1862.3,306,2,1861.8,628,4,1862.4,412,3,1861.7,792,4,1862.5,517,3,1861.6,957,5,1862.6,622,4,1861.5,1122,6,1862.7,726,4
P325_SYNTH_EVENT_001_20260714,2026-07-14T17:52:29+05:30,synthetic_calendar_rbi_policy_like,ADANIPORTS,-895,1784030854,1860.9857,1870600,1860.8,484,3,1861.2,308,2,1860.7,653,4,1861.3,416,3,1860.6,822,5,1861.4,524,3,1860.5,991,5,1861.5,632,4,1860.4,1160,6,1861.6,741,4
P325_SYNTH_EVENT_001_20260714,2026-07-14T17:52:29+05:30,synthetic_calendar_rbi_policy_like,ADANIPORTS,-895,1784030854,1860.6901,1899828,1860.5,464,3,1860.9,306,2,1860.4,627,4,1861.0,412,3,1860.3,790,4,1861.1,519,3,1860.2,954,5,1861.2,625,4,1860.1,1117,6,1861.3,731,4
P325_SYNTH_EVENT_001_20260714,2026-07-14T17:52:29+05:30,synthetic_calendar_rbi_policy_like,ADANIPORTS,-895,1784030854,1859.6937,1884972,1859.5,463,3,1859.9,305,2,1859.4,625,4,1860.0,411,3,1859.3,788,4,1860.1,517,3,1859.2,951,5,1860.2,623,4,1859.1,1115,6,1860.3,728,4
P325_SYNTH_EVENT_001_20260714,2026-07-14T17:52:29+05:30,synthetic_calendar_rbi_policy_like,ADANIPORTS,-895,1784030854,1860.6917,1481504,1860.5,464,3,1860.9,306,2,1860.4,627,4,1861.0,412,3,1860.3,790,4,1861.1,519,3,1860.2,954,5,1861.2,625,4,1860.1,1117,6,1861.3,731,4
P325_SYNTH_EVENT_001_20260714,2026-07-14T17:52:29+05:30,synthetic_calendar_rbi_policy_like,ADANIPORTS,-895,1784030854,1861.9901,1893876,1861.8,480,3,1862.2,306,2,1861.7,648,4,1862.3,413,3,1861.6,815,5,1862.4,521,3,1861.5,983,5,1862.5,629,4,1861.4,1150,6,1862.6,737,4
P325_SYNTH_EVENT_001_20260714,2026-07-14T17:52:29+05:30,synthetic_calendar_rbi_policy_like,ADANIPORTS,-895,1784030854,1860.8857,1874672,1860.7,457,3,1861.1,295,2,1860.6,617,4,1861.2,398,2,1860.5,777,4,1861.3,502,3,1860.4,936,5,1861.4,606,4,1860.3,1095,6,1861.5,710,4
P325_SYNTH_EVENT_001_20260714,2026-07-14T17:52:29+05:30,synthetic_calendar_rbi_policy_like,ADANIPORTS,-895,1784030854,1861.2857,1880520,1861.1,467,3,1861.5,307,2,1861.0,631,4,1861.6,414,3,1860.9,796,4,1861.7,520,3,1860.8,961,5,1861.8,625,4,1860.7,1127,6,1861.9,730,4
P325_SYNTH_EVENT_001_20260714,2026-07-14T17:52:29+05:30,synthetic_calendar_rbi_policy_like,ADANIPORTS,-895,1784030854,1859.4982,1889424,1859.3,468,3,1859.7,308,2,1859.2,632,4,1859.8,416,3,1859.1,796,4,1859.9,523,3,1859.0,961,5,1860.0,630,4,1858.9,1125,6,1860.1,737,4
P325_SYNTH_EVENT_001_20260714,2026-07-14T17:52:29+05:30,synthetic_calendar_rbi_policy_like,ADANIPORTS,-895,1784030854,1861.9998,1477052,1861.8,480,3,1862.2,306,2,1861.7,648,4,1862.3,413,3,1861.6,815,5,1862.4,521,3,1861.5,983,5,1862.5,629,4,1861.4,1150,6,1862.6,737,4
P325_SYNTH_EVENT_001_20260714,2026-07-14T17:52:29+05:30,synthetic_calendar_rbi_policy_like,ADANIPORTS,-895,1784030854,1862.0917,1487456,1861.9,464,3,1862.3,306,2,1861.8,628,4,1862.4,412,3,1861.7,792,4,1862.5,517,3,1861.6,957,5,1862.6,622,4,1861.5,1122,6,1862.7,726,4
P325_SYNTH_EVENT_001_20260714,2026-07-14T17:52:29+05:30,synthetic_calendar_rbi_policy_like,ADANIPORTS,-895,1784030854,1862.0901,626100,1861.9,464,3,1862.3,306,2,1861.8,628,4,1862.4,412,3,1861.7,792,4,1862.5,517,3,1861.6,957,5,1862.6,622,4,1861.5,1122,6,1862.7,726,4
P325_SYNTH_EVENT_001_20260714,2026-07-14T17:52:29+05:30,synthetic_calendar_rbi_policy_like,ADANIPORTS,-895,1784030854,1859.6849,600990,1859.5,463,3,1859.9,305,2,1859.4,625,4,1860.0,411,3,1859.3,788,4,1860.1,517,3,1859.2,951,5,1860.2,623,4,1859.1,1115,6,1860.3,728,4
P325_SYNTH_EVENT_001_20260714,2026-07-14T17:52:29+05:30,synthetic_calendar_rbi_policy_like,ADANIPORTS,-895,1784030854,1854.5869,631452,1854.4,513,3,1854.8,347,2,1854.3,694,4,1854.9,467,3,1854.2,874,5,1855.0,588,3,1854.1,1054,6,1855.1,709,4,1854.0,1235,7,1855.2,829,5
P325_SYNTH_EVENT_001_20260714,2026-07-14T17:52:29+05:30,synthetic_calendar_rbi_policy_like,ADANIPORTS,-895,1784030854,1860.6958,621198,1860.5,464,3,1860.9,306,2,1860.4,627,4,1861.0,412,3,1860.3,790,4,1861.1,519,3,1860.2,954,5,1861.2,625,4,1860.1,1117,6,1861.3,731,4
P325_SYNTH_EVENT_001_20260714,2026-07-14T17:52:29+05:30,synthetic_calendar_rbi_policy_like,ADANIPORTS,-895,1784030854,1854.5869,1061980,1854.4,513,3,1854.8,347,2,1854.3,694,4,1854.9,467,3,1854.2,874,5,1855.0,588,3,1854.1,1054,6,1855.1,709,4,1854.0,1235,7,1855.2,829,5
P325_SYNTH_EVENT_001_20260714,2026-07-14T17:52:29+05:30,synthetic_calendar_rbi_policy_like,ADANIPORTS,-895,1784030854,1861.2889,1036720,1861.1,467,3,1861.5,307,2,1861.0,631,4,1861.6,414,3,1860.9,796,4,1861.7,520,3,1860.8,961,5,1861.8,625,4,1860.7,1127,6,1861.9,730,4
P325_SYNTH_EVENT_001_20260714,2026-07-14T17:52:29+05:30,synthetic_calendar_rbi_policy_like,ADANIPORTS,-895,1784030854,1859.6841,1031668,1859.5,463,3,1859.9,305,2,1859.4,625,4,1860.0,411,3,1859.3,788,4,1860.1,517,3,1859.2,951,5,1860.2,623,4,1859.1,1115,6,1860.3,728,4
P325_SYNTH_EVENT_001_20260714,2026-07-14T17:52:29+05:30,synthetic_calendar_rbi_policy_like,ADANIPORTS,-895,1784030854,1811.4937,168812,1811.3,481,3,1811.7,313,2,1811.2,649,4,1811.8,423,3,1811.1,816,5,1811.9,534,3,1811.0,983,5,1812.0,644,4,1810.9,1150,6,1812.1,755,4
P325_SYNTH_EVENT_001_20260714,2026-07-14T17:52:29+05:30,synthetic_calendar_rbi_policy_like,ADANIPORTS,-895,1784030854,1860.6966,1051876,1860.5,464,3,1860.9,306,2,1860.4,627,4,1861.0,412,3,1860.3,790,4,1861.1,519,3,1860.2,954,5,1861.2,625,4,1860.1,1117,6,1861.3,731,4
P325_SYNTH_EVENT_001_20260714,2026-07-14T17:52:29+05:30,synthetic_calendar_rbi_policy_like,ADANIPORTS,-895,1784030854,1861.2937,174764,1861.1,467,3,1861.5,307,2,1861.0,631,4,1861.6,414,3,1860.9,796,4,1861.7,520,3,1860.8,961,5,1861.8,625,4,1860.7,1127,6,1861.9,730,4
P325_SYNTH_EVENT_001_20260714,2026-07-14T17:52:29+05:30,synthetic_calendar_rbi_policy_like,ADANIPORTS,-895,1784030854,1859.4937,180716,1859.3,468,3,1859.7,308,2,1859.2,632,4,1859.8,416,3,1859.1,796,4,1859.9,523,3,1859.0,961,5,1860.0,630,4,1858.9,1125,6,1860.1,737,4
P325_SYNTH_EVENT_001_20260714,2026-07-14T17:52:29+05:30,synthetic_calendar_rbi_policy_like,ADANIPORTS,-895,1784030854,1861.9998,615996,1861.8,480,3,1862.2,306,2,1861.7,648,4,1862.3,413,3,1861.6,815,5,1862.4,521,3,1861.5,983,5,1862.5,629,4,1861.4,1150,6,1862.6,737,4
P325_SYNTH_EVENT_001_20260714,2026-07-14T17:52:29+05:30,synthetic_calendar_rbi_policy_like,ADANIPORTS,-895,1784030854,1859.497,1471700,1859.3,468,3,1859.7,308,2,1859.2,632,4,1859.8,416,3,1859.1,796,4,1859.9,523,3,1859.0,961,5,1860.0,630,4,1858.9,1125,6,1860.1,737,4
P325_SYNTH_EVENT_001_20260714,2026-07-14T17:52:29+05:30,synthetic_calendar_rbi_policy_like,ADANIPORTS,-895,1784030854,1859.4937,1041772,1859.3,468,3,1859.7,308,2,1859.2,632,4,1859.8,416,3,1859.1,796,4,1859.9,523,3,1859.0,961,5,1860.0,630,4,1858.9,1125,6,1860.1,737,4
P325_SYNTH_EVENT_001_20260714,2026-07-14T17:52:29+05:30,synthetic_calendar_rbi_policy_like,ADANIPORTS,-895,1784030854,1859.4954,610944,1859.3,468,3,1859.7,308,2,1859.2,632,4,1859.8,416,3,1859.1,796,4,1859.9,523,3,1859.0,961,5,1860.0,630,4,1858.9,1125,6,1860.1,737,4
P325_SYNTH_EVENT_001_20260714,2026-07-14T17:52:29+05:30,synthetic_calendar_rbi_policy_like,ADANIPORTS,-895,1784030854,1861.2897,606042,1861.1,467,3,1861.5,307,2,1861.0,631,4,1861.6,414,3,1860.9,796,4,1861.7,520,3,1860.8,961,5,1861.8,625,4,1860.7,1127,6,1861.9,730,4
P325_SYNTH_EVENT_001_20260714,2026-07-14T17:52:29+05:30,synthetic_calendar_rbi_policy_like,ADANIPORTS,-895,1784030854,1861.9986,1046824,1861.8,480,3,1862.2,306,2,1861.7,648,4,1862.3,413,3,1861.6,815,5,1862.4,521,3,1861.5,983,5,1862.5,629,4,1861.4,1150,6,1862.6,737,4
P325_SYNTH_EVENT_001_20260714,2026-07-14T17:52:29+05:30,synthetic_calendar_rbi_policy_like,ADANIPORTS,-895,1784030854,1862.0901,195572,1861.9,464,3,1862.3,306,2,1861.8,628,4,1862.4,412,3,1861.7,792,4,1862.5,517,3,1861.6,957,5,1862.6,622,4,1861.5,1122,6,1862.7,726,4
P325_SYNTH_EVENT_001_20260714,2026-07-14T17:52:29+05:30,synthetic_calendar_rbi_policy_like,ADANIPORTS,-895,1784030854,1862.0917,1056928,1861.9,464,3,1862.3,306,2,1861.8,628,4,1862.4,412,3,1861.7,792,4,1862.5,517,3,1861.6,957,5,1862.6,622,4,1861.5,1122,6,1862.7,726,4
P325_SYNTH_EVENT_001_20260714,2026-07-14T17:52:29+05:30,synthetic_calendar_rbi_policy_like,ADANIPORTS,-895,1784030854,1861.2921,1466648,1861.1,467,3,1861.5,307,2,1861.0,631,4,1861.6,414,3,1860.9,796,4,1861.7,520,3,1860.8,961,5,1861.8,625,4,1860.7,1127,6,1861.9,730,4
P325_SYNTH_EVENT_001_20260714,2026-07-14T17:52:29+05:30,synthetic_calendar_rbi_policy_like,ADANIPORTS,-895,1784030854,1860.6901,189620,1860.5,464,3,1860.9,306,2,1860.4,627,4,1861.0,412,3,1860.3,790,4,1861.1,519,3,1860.2,954,5,1861.2,625,4,1860.1,1117,6,1861.3,731,4
P325_SYNTH_EVENT_001_20260714,2026-07-14T17:52:29+05:30,synthetic_calendar_rbi_policy_like,ADANIPORTS,-895,1784030854,1860.8857,158512,1860.7,457,3,1861.1,295,2,1860.6,617,4,1861.2,398,2,1860.5,777,4,1861.3,502,3,1860.4,936,5,1861.4,606,4,1860.3,1095,6,1861.5,710,4
P325_SYNTH_EVENT_001_20260714,2026-07-14T17:52:29+05:30,synthetic_calendar_rbi_policy_like,ADANIPORTS,-895,1784030854,1859.6873,1461596,1859.5,463,3,1859.9,305,2,1859.4,625,4,1860.0,411,3,1859.3,788,4,1860.1,517,3,1859.2,951,5,1860.2,623,4,1859.1,1115,6,1860.3,728,4
P325_SYNTH_EVENT_001_20260714,2026-07-14T17:52:29+05:30,synthetic_calendar_rbi_policy_like,ADANIPORTS,-895,1784030854,1861.9982,185168,1861.8,480,3,1862.2,306,2,1861.7,648,4,1862.3,413,3,1861.6,815,5,1862.4,521,3,1861.5,983,5,1862.5,629,4,1861.4,1150,6,1862.6,737,4
P325_SYNTH_EVENT_001_20260714,2026-07-14T17:52:29+05:30,synthetic_calendar_rbi_policy_like,ADANIPORTS,-895,1784030854,1859.6857,164360,1859.5,463,3,1859.9,305,2,1859.4,625,4,1860.0,411,3,1859.3,788,4,1860.1,517,3,1859.2,951,5,1860.2,623,4,1859.1,1115,6,1860.3,728,4
P325_SYNTH_EVENT_001_20260714,2026-07-14T17:52:29+05:30,synthetic_calendar_rbi_policy_like,ADANIPORTS,-894,1784030855,1862.1099,1905783,1861.9,464,3,1862.3,306,2,1861.8,628,4,1862.4,412,3,1861.7,792,4,1862.5,517,3,1861.6,957,5,1862.6,622,4,1861.5,1122,6,1862.7,726,4
P325_SYNTH_EVENT_001_20260714,2026-07-14T17:52:29+05:30,synthetic_calendar_rbi_policy_like,ADANIPORTS,-894,1784030855,1862.1083,1487459,1861.9,464,3,1862.3,306,2,1861.8,628,4,1862.4,412,3,1861.7,792,4,1862.5,517,3,1861.6,957,5,1862.6,622,4,1861.5,1122,6,1862.7,726,4
P325_SYNTH_EVENT_001_20260714,2026-07-14T17:52:29+05:30,synthetic_calendar_rbi_policy_like,ADANIPORTS,-894,1784030855,1859.5018,1889427,1859.3,468,3,1859.7,308,2,1859.2,632,4,1859.8,416,3,1859.1,796,4,1859.9,523,3,1859.0,961,5,1860.0,630,4,1858.9,1125,6,1860.1,737,4
P325_SYNTH_EVENT_001_20260714,2026-07-14T17:52:29+05:30,synthetic_calendar_rbi_policy_like,ADANIPORTS,-894,1784030855,1861.0143,1870603,1860.8,484,3,1861.2,308,2,1860.7,653,4,1861.3,416,3,1860.6,822,5,1861.4,524,3,1860.5,991,5,1861.5,632,4,1860.4,1160,6,1861.6,741,4
P325_SYNTH_EVENT_001_20260714,2026-07-14T17:52:29+05:30,synthetic_calendar_rbi_policy_like,ADANIPORTS,-894,1784030855,1861.3143,1880523,1861.1,467,3,1861.5,307,2,1861.0,631,4,1861.6,414,3,1860.9,796,4,1861.7,520,3,1860.8,961,5,1861.8,625,4,1860.7,1127,6,1861.9,730,4
P325_SYNTH_EVENT_001_20260714,2026-07-14T17:52:29+05:30,synthetic_calendar_rbi_policy_like,ADANIPORTS,-894,1784030855,1862.0099,1893879,1861.8,480,3,1862.2,306,2,1861.7,648,4,1862.3,413,3,1861.6,815,5,1862.4,521,3,1861.5,983,5,1862.5,629,4,1861.4,1150,6,1862.6,737,4
P325_SYNTH_EVENT_001_20260714,2026-07-14T17:52:29+05:30,synthetic_calendar_rbi_policy_like,ADANIPORTS,-894,1784030855,1860.9143,1874674,1860.7,457,3,1861.1,295,2,1860.6,617,4,1861.2,398,2,1860.5,777,4,1861.3,502,3,1860.4,936,5,1861.4,606,4,1860.3,1095,6,1861.5,710,4
P325_SYNTH_EVENT_001_20260714,2026-07-14T17:52:29+05:30,synthetic_calendar_rbi_policy_like,ADANIPORTS,-894,1784030855,1862.0002,1477055,1861.8,480,3,1862.2,306,2,1861.7,648,4,1862.3,413,3,1861.6,815,5,1862.4,521,3,1861.5,983,5,1862.5,629,4,1861.4,1150,6,1862.6,737,4
P325_SYNTH_EVENT_001_20260714,2026-07-14T17:52:29+05:30,synthetic_calendar_rbi_policy_like,ADANIPORTS,-894,1784030855,1860.7083,1481507,1860.5,464,3,1860.9,306,2,1860.4,627,4,1861.0,412,3,1860.3,790,4,1861.1,519,3,1860.2,954,5,1861.2,625,4,1860.1,1117,6,1861.3,731,4
P325_SYNTH_EVENT_001_20260714,2026-07-14T17:52:29+05:30,synthetic_calendar_rbi_policy_like,ADANIPORTS,-894,1784030855,1860.7099,1899831,1860.5,464,3,1860.9,306,2,1860.4,627,4,1861.0,412,3,1860.3,790,4,1861.1,519,3,1860.2,954,5,1861.2,625,4,1860.1,1117,6,1861.3,731,4
P325_SYNTH_EVENT_001_20260714,2026-07-14T17:52:29+05:30,synthetic_calendar_rbi_policy_like,ADANIPORTS,-894,1784030855,1859.7063,1884975,1859.5,463,3,1859.9,305,2,1859.4,625,4,1860.0,411,3,1859.3,788,4,1860.1,517,3,1859.2,951,5,1860.2,623,4,1859.1,1115,6,1860.3,728,4
P325_SYNTH_EVENT_001_20260714,2026-07-14T17:52:29+05:30,synthetic_calendar_rbi_policy_like,ADANIPORTS,-894,1784030855,1862.0002,615999,1861.8,480,3,1862.2,306,2,1861.7,648,4,1862.3,413,3,1861.6,815,5,1862.4,521,3,1861.5,983,5,1862.5,629,4,1861.4,1150,6,1862.6,737,4
P325_SYNTH_EVENT_001_20260714,2026-07-14T17:52:29+05:30,synthetic_calendar_rbi_policy_like,ADANIPORTS,-894,1784030855,1859.7127,1461599,1859.5,463,3,1859.9,305,2,1859.4,625,4,1860.0,411,3,1859.3,788,4,1860.1,517,3,1859.2,951,5,1860.2,623,4,1859.1,1115,6,1860.3,728,4
P325_SYNTH_EVENT_001_20260714,2026-07-14T17:52:29+05:30,synthetic_calendar_rbi_policy_like,ADANIPORTS,-894,1784030855,1862.0018,185171,1861.8,480,3,1862.2,306,2,1861.7,648,4,1862.3,413,3,1861.6,815,5,1862.4,521,3,1861.5,983,5,1862.5,629,4,1861.4,1150,6,1862.6,737,4
P325_SYNTH_EVENT_001_20260714,2026-07-14T17:52:29+05:30,synthetic_calendar_rbi_policy_like,ADANIPORTS,-894,1784030855,1859.716,1031671,1859.5,463,3,1859.9,305,2,1859.4,625,4,1860.0,411,3,1859.3,788,4,1860.1,517,3,1859.2,951,5,1860.2,623,4,1859.1,1115,6,1860.3,728,4
P325_SYNTH_EVENT_001_20260714,2026-07-14T17:52:29+05:30,synthetic_calendar_rbi_policy_like,ADANIPORTS,-894,1784030855,1859.5063,180719,1859.3,468,3,1859.7,308,2,1859.2,632,4,1859.8,416,3,1859.1,796,4,1859.9,523,3,1859.0,961,5,1860.0,630,4,1858.9,1125,6,1860.1,737,4
P325_SYNTH_EVENT_001_20260714,2026-07-14T17:52:29+05:30,synthetic_calendar_rbi_policy_like,ADANIPORTS,-894,1784030855,1859.7151,600993,1859.5,463,3,1859.9,305,2,1859.4,625,4,1860.0,411,3,1859.3,788,4,1860.1,517,3,1859.2,951,5,1860.2,623,4,1859.1,1115,6,1860.3,728,4
P325_SYNTH_EVENT_001_20260714,2026-07-14T17:52:29+05:30,synthetic_calendar_rbi_policy_like,ADANIPORTS,-894,1784030855,1862.1083,1056931,1861.9,464,3,1862.3,306,2,1861.8,628,4,1862.4,412,3,1861.7,792,4,1862.5,517,3,1861.6,957,5,1862.6,622,4,1861.5,1122,6,1862.7,726,4
P325_SYNTH_EVENT_001_20260714,2026-07-14T17:52:29+05:30,synthetic_calendar_rbi_policy_like,ADANIPORTS,-894,1784030855,1860.9143,158514,1860.7,457,3,1861.1,295,2,1860.6,617,4,1861.2,398,2,1860.5,777,4,1861.3,502,3,1860.4,936,5,1861.4,606,4,1860.3,1095,6,1861.5,710,4
P325_SYNTH_EVENT_001_20260714,2026-07-14T17:52:29+05:30,synthetic_calendar_rbi_policy_like,ADANIPORTS,-894,1784030855,1860.7042,621201,1860.5,464,3,1860.9,306,2,1860.4,627,4,1861.0,412,3,1860.3,790,4,1861.1,519,3,1860.2,954,5,1861.2,625,4,1860.1,1117,6,1861.3,731,4
P325_SYNTH_EVENT_001_20260714,2026-07-14T17:52:29+05:30,synthetic_calendar_rbi_policy_like,ADANIPORTS,-894,1784030855,1860.7099,189623,1860.5,464,3,1860.9,306,2,1860.4,627,4,1861.0,412,3,1860.3,790,4,1861.1,519,3,1860.2,954,5,1861.2,625,4,1860.1,1117,6,1861.3,731,4
P325_SYNTH_EVENT_001_20260714,2026-07-14T17:52:29+05:30,synthetic_calendar_rbi_policy_like,ADANIPORTS,-894,1784030855,1811.5063,168815,1811.3,481,3,1811.7,313,2,1811.2,649,4,1811.8,423,3,1811.1,816,5,1811.9,534,3,1811.0,983,5,1812.0,644,4,1810.9,1150,6,1812.1,755,4
P325_SYNTH_EVENT_001_20260714,2026-07-14T17:52:29+05:30,synthetic_calendar_rbi_policy_like,ADANIPORTS,-894,1784030855,1862.0014,1046827,1861.8,480,3,1862.2,306,2,1861.7,648,4,1862.3,413,3,1861.6,815,5,1862.4,521,3,1861.5,983,5,1862.5,629,4,1861.4,1150,6,1862.6,737,4
P325_SYNTH_EVENT_001_20260714,2026-07-14T17:52:29+05:30,synthetic_calendar_rbi_policy_like,ADANIPORTS,-894,1784030855,1861.3103,606045,1861.1,467,3,1861.5,307,2,1861.0,631,4,1861.6,414,3,1860.9,796,4,1861.7,520,3,1860.8,961,5,1861.8,625,4,1860.7,1127,6,1861.9,730,4
P325_SYNTH_EVENT_001_20260714,2026-07-14T17:52:29+05:30,synthetic_calendar_rbi_policy_like,ADANIPORTS,-894,1784030855,1859.503,1471703,1859.3,468,3,1859.7,308,2,1859.2,632,4,1859.8,416,3,1859.1,796,4,1859.9,523,3,1859.0,961,5,1860.0,630,4,1858.9,1125,6,1860.1,737,4
P325_SYNTH_EVENT_001_20260714,2026-07-14T17:52:29+05:30,synthetic_calendar_rbi_policy_like,ADANIPORTS,-894,1784030855,1860.7034,1051879,1860.5,464,3,1860.9,306,2,1860.4,627,4,1861.0,412,3,1860.3,790,4,1861.1,519,3,1860.2,954,5,1861.2,625,4,1860.1,1117,6,1861.3,731,4
P325_SYNTH_EVENT_001_20260714,2026-07-14T17:52:29+05:30,synthetic_calendar_rbi_policy_like,ADANIPORTS,-894,1784030855,1859.5063,1041775,1859.3,468,3,1859.7,308,2,1859.2,632,4,1859.8,416,3,1859.1,796,4,1859.9,523,3,1859.0,961,5,1860.0,630,4,1858.9,1125,6,1860.1,737,4
P325_SYNTH_EVENT_001_20260714,2026-07-14T17:52:29+05:30,synthetic_calendar_rbi_policy_like,ADANIPORTS,-894,1784030855,1859.7143,164363,1859.5,463,3,1859.9,305,2,1859.4,625,4,1860.0,411,3,1859.3,788,4,1860.1,517,3,1859.2,951,5,1860.2,623,4,1859.1,1115,6,1860.3,728,4
P325_SYNTH_EVENT_001_20260714,2026-07-14T17:52:29+05:30,synthetic_calendar_rbi_policy_like,ADANIPORTS,-894,1784030855,1862.1099,626103,1861.9,464,3,1862.3,306,2,1861.8,628,4,1862.4,412,3,1861.7,792,4,1862.5,517,3,1861.6,957,5,1862.6,622,4,1861.5,1122,6,1862.7,726,4
P325_SYNTH_EVENT_001_20260714,2026-07-14T17:52:29+05:30,synthetic_calendar_rbi_policy_like,ADANIPORTS,-894,1784030855,1861.3079,1466651,1861.1,467,3,1861.5,307,2,1861.0,631,4,1861.6,414,3,1860.9,796,4,1861.7,520,3,1860.8,961,5,1861.8,625,4,1860.7,1127,6,1861.9,730,4
P325_SYNTH_EVENT_001_20260714,2026-07-14T17:52:29+05:30,synthetic_calendar_rbi_policy_like,ADANIPORTS,-894,1784030855,1861.3063,174767,1861.1,467,3,1861.5,307,2,1861.0,631,4,1861.6,414,3,1860.9,796,4,1861.7,520,3,1860.8,961,5,1861.8,625,4,1860.7,1127,6,1861.9,730,4
P325_SYNTH_EVENT_001_20260714,2026-07-14T17:52:29+05:30,synthetic_calendar_rbi_policy_like,ADANIPORTS,-894,1784030855,1862.1099,195575,1861.9,464,3,1862.3,306,2,1861.8,628,4,1862.4,412,3,1861.7,792,4,1862.5,517,3,1861.6,957,5,1862.6,622,4,1861.5,1122,6,1862.7,726,4
P325_SYNTH_EVENT_001_20260714,2026-07-14T17:52:29+05:30,synthetic_calendar_rbi_policy_like,ADANIPORTS,-894,1784030855,1861.3111,1036723,1861.1,467,3,1861.5,307,2,1861.0,631,4,1861.6,414,3,1860.9,796,4,1861.7,520,3,1860.8,961,5,1861.8,625,4,1860.7,1127,6,1861.9,730,4
P325_SYNTH_EVENT_001_20260714,2026-07-14T17:52:29+05:30,synthetic_calendar_rbi_policy_like,ADANIPORTS,-894,1784030855,1854.6131,1061983,1854.4,513,3,1854.8,347,2,1854.3,694,4,1854.9,467,3,1854.2,874,5,1855.0,588,3,1854.1,1054,6,1855.1,709,4,1854.0,1235,7,1855.2,829,5
P325_SYNTH_EVENT_001_20260714,2026-07-14T17:52:29+05:30,synthetic_calendar_rbi_policy_like,ADANIPORTS,-894,1784030855,1854.6131,631455,1854.4,513,3,1854.8,347,2,1854.3,694,4,1854.9,467,3,1854.2,874,5,1855.0,588,3,1854.1,1054,6,1855.1,709,4,1854.0,1235,7,1855.2,829,5
P325_SYNTH_EVENT_001_20260714,2026-07-14T17:52:29+05:30,synthetic_calendar_rbi_policy_like,ADANIPORTS,-894,1784030855,1859.5047,610947,1859.3,468,3,1859.7,308,2,1859.2,632,4,1859.8,416,3,1859.1,796,4,1859.9,523,3,1859.0,961,5,1860.0,630,4,1858.9,1125,6,1860.1,737,4
P325_SYNTH_EVENT_001_20260714,2026-07-14T17:52:29+05:30,synthetic_calendar_rbi_policy_like,ADANIPORTS,-893,1784030856,1860.6901,1899834,1860.5,464,3,1860.9,306,2,1860.4,627,4,1861.0,412,3,1860.3,790,4,1861.1,519,3,1860.2,954,5,1861.2,625,4,1860.1,1117,6,1861.3,731,4
P325_SYNTH_EVENT_001_20260714,2026-07-14T17:52:29+05:30,synthetic_calendar_rbi_policy_like,ADANIPORTS,-893,1784030856,1862.0918,1487462,1861.9,464,3,1862.3,306,2,1861.8,628,4,1862.4,412,3,1861.7,792,4,1862.5,517,3,1861.6,957,5,1862.6,622,4,1861.5,1122,6,1862.7,726,4
P325_SYNTH_EVENT_001_20260714,2026-07-14T17:52:29+05:30,synthetic_calendar_rbi_policy_like,ADANIPORTS,-893,1784030856,1862.0901,1905786,1861.9,464,3,1862.3,306,2,1861.8,628,4,1862.4,412,3,1861.7,792,4,1862.5,517,3,1861.6,957,5,1862.6,622,4,1861.5,1122,6,1862.7,726,4
P325_SYNTH_EVENT_001_20260714,2026-07-14T17:52:29+05:30,synthetic_calendar_rbi_policy_like,ADANIPORTS,-893,1784030856,1860.6918,1481510,1860.5,464,3,1860.9,306,2,1860.4,627,4,1861.0,412,3,1860.3,790,4,1861.1,519,3,1860.2,954,5,1861.2,625,4,1860.1,1117,6,1861.3,731,4
P325_SYNTH_EVENT_001_20260714,2026-07-14T17:52:29+05:30,synthetic_calendar_rbi_policy_like,ADANIPORTS,-893,1784030856,1861.2856,1880526,1861.1,467,3,1861.5,307,2,1861.0,631,4,1861.6,414,3,1860.9,796,4,1861.7,520,3,1860.8,961,5,1861.8,625,4,1860.7,1127,6,1861.9,730,4
P325_SYNTH_EVENT_001_20260714,2026-07-14T17:52:29+05:30,synthetic_calendar_rbi_policy_like,ADANIPORTS,-893,1784030856,1860.9856,1870606,1860.8,484,3,1861.2,308,2,1860.7,653,4,1861.3,416,3,1860.6,822,5,1861.4,524,3,1860.5,991,5,1861.5,632,4,1860.4,1160,6,1861.6,741,4
P325_SYNTH_EVENT_001_20260714,2026-07-14T17:52:29+05:30,synthetic_calendar_rbi_policy_like,ADANIPORTS,-893,1784030856,1861.9998,1477058,1861.8,480,3,1862.2,306,2,1861.7,648,4,1862.3,413,3,1861.6,815,5,1862.4,521,3,1861.5,983,5,1862.5,629,4,1861.4,1150,6,1862.6,737,4
P325_SYNTH_EVENT_001_20260714,2026-07-14T17:52:29+05:30,synthetic_calendar_rbi_policy_like,ADANIPORTS,-893,1784030856,1861.9901,1893882,1861.8,480,3,1862.2,306,2,1861.7,648,4,1862.3,413,3,1861.6,815,5,1862.4,521,3,1861.5,983,5,1862.5,629,4,1861.4,1150,6,1862.6,737,4
P325_SYNTH_EVENT_001_20260714,2026-07-14T17:52:29+05:30,synthetic_calendar_rbi_policy_like,ADANIPORTS,-893,1784030856,1859.4982,1889430,1859.3,468,3,1859.7,308,2,1859.2,632,4,1859.8,416,3,1859.1,796,4,1859.9,523,3,1859.0,961,5,1860.0,630,4,1858.9,1125,6,1860.1,737,4
P325_SYNTH_EVENT_001_20260714,2026-07-14T17:52:29+05:30,synthetic_calendar_rbi_policy_like,ADANIPORTS,-893,1784030856,1860.8856,1874676,1860.7,457,3,1861.1,295,2,1860.6,617,4,1861.2,398,2,1860.5,777,4,1861.3,502,3,1860.4,936,5,1861.4,606,4,1860.3,1095,6,1861.5,710,4
P325_SYNTH_EVENT_001_20260714,2026-07-14T17:52:29+05:30,synthetic_calendar_rbi_policy_like,ADANIPORTS,-893,1784030856,1859.6937,1884978,1859.5,463,3,1859.9,305,2,1859.4,625,4,1860.0,411,3,1859.3,788,4,1860.1,517,3,1859.2,951,5,1860.2,623,4,1859.1,1115,6,1860.3,728,4
P325_SYNTH_EVENT_001_20260714,2026-07-14T17:52:29+05:30,synthetic_calendar_rbi_policy_like,ADANIPORTS,-893,1784030856,1854.5869,631458,1854.4,513,3,1854.8,347,2,1854.3,694,4,1854.9,467,3,1854.2,874,5,1855.0,588,3,1854.1,1054,6,1855.1,709,4,1854.0,1235,7,1855.2,829,5
P325_SYNTH_EVENT_001_20260714,2026-07-14T17:52:29+05:30,synthetic_calendar_rbi_policy_like,ADANIPORTS,-893,1784030856,1859.6873,1461602,1859.5,463,3,1859.9,305,2,1859.4,625,4,1860.0,411,3,1859.3,788,4,1860.1,517,3,1859.2,951,5,1860.2,623,4,1859.1,1115,6,1860.3,728,4
P325_SYNTH_EVENT_001_20260714,2026-07-14T17:52:29+05:30,synthetic_calendar_rbi_policy_like,ADANIPORTS,-893,1784030856,1861.2889,1036726,1861.1,467,3,1861.5,307,2,1861.0,631,4,1861.6,414,3,1860.9,796,4,1861.7,520,3,1860.8,961,5,1861.8,625,4,1860.7,1127,6,1861.9,730,4
P325_SYNTH_EVENT_001_20260714,2026-07-14T17:52:29+05:30,synthetic_calendar_rbi_policy_like,ADANIPORTS,-893,1784030856,1862.0901,195578,1861.9,464,3,1862.3,306,2,1861.8,628,4,1862.4,412,3,1861.7,792,4,1862.5,517,3,1861.6,957,5,1862.6,622,4,1861.5,1122,6,1862.7,726,4
P325_SYNTH_EVENT_001_20260714,2026-07-14T17:52:29+05:30,synthetic_calendar_rbi_policy_like,ADANIPORTS,-893,1784030856,1859.6856,164366,1859.5,463,3,1859.9,305,2,1859.4,625,4,1860.0,411,3,1859.3,788,4,1860.1,517,3,1859.2,951,5,1860.2,623,4,1859.1,1115,6,1860.3,728,4
P325_SYNTH_EVENT_001_20260714,2026-07-14T17:52:29+05:30,synthetic_calendar_rbi_policy_like,ADANIPORTS,-893,1784030856,1861.2937,174770,1861.1,467,3,1861.5,307,2,1861.0,631,4,1861.6,414,3,1860.9,796,4,1861.7,520,3,1860.8,961,5,1861.8,625,4,1860.7,1127,6,1861.9,730,4
P325_SYNTH_EVENT_001_20260714,2026-07-14T17:52:29+05:30,synthetic_calendar_rbi_policy_like,ADANIPORTS,-893,1784030856,1862.0901,626106,1861.9,464,3,1862.3,306,2,1861.8,628,4,1862.4,412,3,1861.7,792,4,1862.5,517,3,1861.6,957,5,1862.6,622,4,1861.5,1122,6,1862.7,726,4
P325_SYNTH_EVENT_001_20260714,2026-07-14T17:52:29+05:30,synthetic_calendar_rbi_policy_like,ADANIPORTS,-893,1784030856,1861.2921,1466654,1861.1,467,3,1861.5,307,2,1861.0,631,4,1861.6,414,3,1860.9,796,4,1861.7,520,3,1860.8,961,5,1861.8,625,4,1860.7,1127,6,1861.9,730,4
P325_SYNTH_EVENT_001_20260714,2026-07-14T17:52:29+05:30,synthetic_calendar_rbi_policy_like,ADANIPORTS,-893,1784030856,1861.9998,616002,1861.8,480,3,1862.2,306,2,1861.7,648,4,1862.3,413,3,1861.6,815,5,1862.4,521,3,1861.5,983,5,1862.5,629,4,1861.4,1150,6,1862.6,737,4
P325_SYNTH_EVENT_001_20260714,2026-07-14T17:52:29+05:30,synthetic_calendar_rbi_policy_like,ADANIPORTS,-893,1784030856,1859.4937,1041778,1859.3,468,3,1859.7,308,2,1859.2,632,4,1859.8,416,3,1859.1,796,4,1859.9,523,3,1859.0,961,5,1860.0,630,4,1858.9,1125,6,1860.1,737,4
P325_SYNTH_EVENT_001_20260714,2026-07-14T17:52:29+05:30,synthetic_calendar_rbi_policy_like,ADANIPORTS,-893,1784030856,1811.4937,168818,1811.3,481,3,1811.7,313,2,1811.2,649,4,1811.8,423,3,1811.1,816,5,1811.9,534,3,1811.0,983,5,1812.0,644,4,1810.9,1150,6,1812.1,755,4
P325_SYNTH_EVENT_001_20260714,2026-07-14T17:52:29+05:30,synthetic_calendar_rbi_policy_like,ADANIPORTS,-893,1784030856,1859.4969,1471706,1859.3,468,3,1859.7,308,2,1859.2,632,4,1859.8,416,3,1859.1,796,4,1859.9,523,3,1859.0,961,5,1860.0,630,4,1858.9,1125,6,1860.1,737,4
P325_SYNTH_EVENT_001_20260714,2026-07-14T17:52:29+05:30,synthetic_calendar_rbi_policy_like,ADANIPORTS,-893,1784030856,1861.2897,606048,1861.1,467,3,1861.5,307,2,1861.0,631,4,1861.6,414,3,1860.9,796,4,1861.7,520,3,1860.8,961,5,1861.8,625,4,1860.7,1127,6,1861.9,730,4
P325_SYNTH_EVENT_001_20260714,2026-07-14T17:52:29+05:30,synthetic_calendar_rbi_policy_like,ADANIPORTS,-893,1784030856,1860.6901,189626,1860.5,464,3,1860.9,306,2,1860.4,627,4,1861.0,412,3,1860.3,790,4,1861.1,519,3,1860.2,954,5,1861.2,625,4,1860.1,1117,6,1861.3,731,4
P325_SYNTH_EVENT_001_20260714,2026-07-14T17:52:29+05:30,synthetic_calendar_rbi_policy_like,ADANIPORTS,-893,1784030856,1860.6958,621204,1860.5,464,3,1860.9,306,2,1860.4,627,4,1861.0,412,3,1860.3,790,4,1861.1,519,3,1860.2,954,5,1861.2,625,4,1860.1,1117,6,1861.3,731,4
P325_SYNTH_EVENT_001_20260714,2026-07-14T17:52:29+05:30,synthetic_calendar_rbi_policy_like,ADANIPORTS,-893,1784030856,1861.9986,1046830,1861.8,480,3,1862.2,306,2,1861.7,648,4,1862.3,413,3,1861.6,815,5,1862.4,521,3,1861.5,983,5,1862.5,629,4,1861.4,1150,6,1862.6,737,4
P325_SYNTH_EVENT_001_20260714,2026-07-14T17:52:29+05:30,synthetic_calendar_rbi_policy_like,ADANIPORTS,-893,1784030856,1862.0918,1056934,1861.9,464,3,1862.3,306,2,1861.8,628,4,1862.4,412,3,1861.7,792,4,1862.5,517,3,1861.6,957,5,1862.6,622,4,1861.5,1122,6,1862.7,726,4
P325_SYNTH_EVENT_001_20260714,2026-07-14T17:52:29+05:30,synthetic_calendar_rbi_policy_like,ADANIPORTS,-893,1784030856,1859.684,1031674,1859.5,463,3,1859.9,305,2,1859.4,625,4,1860.0,411,3,1859.3,788,4,1860.1,517,3,1859.2,951,5,1860.2,623,4,1859.1,1115,6,1860.3,728,4
P325_SYNTH_EVENT_001_20260714,2026-07-14T17:52:29+05:30,synthetic_calendar_rbi_policy_like,ADANIPORTS,-893,1784030856,1859.4953,610950,1859.3,468,3,1859.7,308,2,1859.2,632,4,1859.8,416,3,1859.1,796,4,1859.9,523,3,1859.0,961,5,1860.0,630,4,1858.9,1125,6,1860.1,737,4
P325_SYNTH_EVENT_001_20260714,2026-07-14T17:52:29+05:30,synthetic_calendar_rbi_policy_like,ADANIPORTS,-893,1784030856,1860.6966,1051882,1860.5,464,3,1860.9,306,2,1860.4,627,4,1861.0,412,3,1860.3,790,4,1861.1,519,3,1860.2,954,5,1861.2,625,4,1860.1,1117,6,1861.3,731,4
P325_SYNTH_EVENT_001_20260714,2026-07-14T17:52:29+05:30,synthetic_calendar_rbi_policy_like,ADANIPORTS,-893,1784030856,1860.8856,158516,1860.7,457,3,1861.1,295,2,1860.6,617,4,1861.2,398,2,1860.5,777,4,1861.3,502,3,1860.4,936,5,1861.4,606,4,1860.3,1095,6,1861.5,710,4
P325_SYNTH_EVENT_001_20260714,2026-07-14T17:52:29+05:30,synthetic_calendar_rbi_policy_like,ADANIPORTS,-893,1784030856,1859.4937,180722,1859.3,468,3,1859.7,308,2,1859.2,632,4,1859.8,416,3,1859.1,796,4,1859.9,523,3,1859.0,961,5,1860.0,630,4,1858.9,1125,6,1860.1,737,4
P325_SYNTH_EVENT_001_20260714,2026-07-14T17:52:29+05:30,synthetic_calendar_rbi_policy_like,ADANIPORTS,-893,1784030856,1859.6848,600996,1859.5,463,3,1859.9,305,2,1859.4,625,4,1860.0,411,3,1859.3,788,4,1860.1,517,3,1859.2,951,5,1860.2,623,4,1859.1,1115,6,1860.3,728,4
P325_SYNTH_EVENT_001_20260714,2026-07-14T17:52:29+05:30,synthetic_calendar_rbi_policy_like,ADANIPORTS,-893,1784030856,1861.9982,185174,1861.8,480,3,1862.2,306,2,1861.7,648,4,1862.3,413,3,1861.6,815,5,1862.4,521,3,1861.5,983,5,1862.5,629,4,1861.4,1150,6,1862.6,737,4
P325_SYNTH_EVENT_001_20260714,2026-07-14T17:52:29+05:30,synthetic_calendar_rbi_policy_like,ADANIPORTS,-893,1784030856,1854.5869,1061986,1854.4,513,3,1854.8,347,2,1854.3,694,4,1854.9,467,3,1854.2,874,5,1855.0,588,3,1854.1,1054,6,1855.1,709,4,1854.0,1235,7,1855.2,829,5
P325_SYNTH_EVENT_001_20260714,2026-07-14T17:52:29+05:30,synthetic_calendar_rbi_policy_like,ADANIPORTS,-892,1784030857,1862.1082,1487465,1861.9,464,3,1862.3,306,2,1861.8,628,4,1862.4,412,3,1861.7,792,4,1862.5,517,3,1861.6,957,5,1862.6,622,4,1861.5,1122,6,1862.7,726,4
P325_SYNTH_EVENT_001_20260714,2026-07-14T17:52:29+05:30,synthetic_calendar_rbi_policy_like,ADANIPORTS,-892,1784030857,1859.7063,1884981,1859.5,463,3,1859.9,305,2,1859.4,625,4,1860.0,411,3,1859.3,788,4,1860.1,517,3,1859.2,951,5,1860.2,623,4,1859.1,1115,6,1860.3,728,4
P325_SYNTH_EVENT_001_20260714,2026-07-14T17:52:29+05:30,synthetic_calendar_rbi_policy_like,ADANIPORTS,-892,1784030857,1860.7098,1899837,1860.5,464,3,1860.9,306,2,1860.4,627,4,1861.0,412,3,1860.3,790,4,1861.1,519,3,1860.2,954,5,1861.2,625,4,1860.1,1117,6,1861.3,731,4
P325_SYNTH_EVENT_001_20260714,2026-07-14T17:52:29+05:30,synthetic_calendar_rbi_policy_like,ADANIPORTS,-892,1784030857,1860.9144,1874678,1860.7,457,3,1861.1,295,2,1860.6,617,4,1861.2,398,2,1860.5,777,4,1861.3,502,3,1860.4,936,5,1861.4,606,4,1860.3,1095,6,1861.5,710,4
P325_SYNTH_EVENT_001_20260714,2026-07-14T17:52:29+05:30,synthetic_calendar_rbi_policy_like,ADANIPORTS,-892,1784030857,1861.0144,1870609,1860.8,484,3,1861.2,308,2,1860.7,653,4,1861.3,416,3,1860.6,822,5,1861.4,524,3,1860.5,991,5,1861.5,632,4,1860.4,1160,6,1861.6,741,4
P325_SYNTH_EVENT_001_20260714,2026-07-14T17:52:29+05:30,synthetic_calendar_rbi_policy_like,ADANIPORTS,-892,1784030857,1861.3144,1880529,1861.1,467,3,1861.5,307,2,1861.0,631,4,1861.6,414,3,1860.9,796,4,1861.7,520,3,1860.8,961,5,1861.8,625,4,1860.7,1127,6,1861.9,730,4
P325_SYNTH_EVENT_001_20260714,2026-07-14T17:52:29+05:30,synthetic_calendar_rbi_policy_like,ADANIPORTS,-892,1784030857,1862.1098,1905789,1861.9,464,3,1862.3,306,2,1861.8,628,4,1862.4,412,3,1861.7,792,4,1862.5,517,3,1861.6,957,5,1862.6,622,4,1861.5,1122,6,1862.7,726,4
P325_SYNTH_EVENT_001_20260714,2026-07-14T17:52:29+05:30,synthetic_calendar_rbi_policy_like,ADANIPORTS,-892,1784030857,1862.0098,1893885,1861.8,480,3,1862.2,306,2,1861.7,648,4,1862.3,413,3,1861.6,815,5,1862.4,521,3,1861.5,983,5,1862.5,629,4,1861.4,1150,6,1862.6,737,4
P325_SYNTH_EVENT_001_20260714,2026-07-14T17:52:29+05:30,synthetic_calendar_rbi_policy_like,ADANIPORTS,-892,1784030857,1862.0002,1477061,1861.8,480,3,1862.2,306,2,1861.7,648,4,1862.3,413,3,1861.6,815,5,1862.4,521,3,1861.5,983,5,1862.5,629,4,1861.4,1150,6,1862.6,737,4
P325_SYNTH_EVENT_001_20260714,2026-07-14T17:52:29+05:30,synthetic_calendar_rbi_policy_like,ADANIPORTS,-892,1784030857,1859.5018,1889433,1859.3,468,3,1859.7,308,2,1859.2,632,4,1859.8,416,3,1859.1,796,4,1859.9,523,3,1859.0,961,5,1860.0,630,4,1858.9,1125,6,1860.1,737,4
P325_SYNTH_EVENT_001_20260714,2026-07-14T17:52:29+05:30,synthetic_calendar_rbi_policy_like,ADANIPORTS,-892,1784030857,1860.7082,1481513,1860.5,464,3,1860.9,306,2,1860.4,627,4,1861.0,412,3,1860.3,790,4,1861.1,519,3,1860.2,954,5,1861.2,625,4,1860.1,1117,6,1861.3,731,4
P325_SYNTH_EVENT_001_20260714,2026-07-14T17:52:29+05:30,synthetic_calendar_rbi_policy_like,ADANIPORTS,-892,1784030857,1862.0002,616005,1861.8,480,3,1862.2,306,2,1861.7,648,4,1862.3,413,3,1861.6,815,5,1862.4,521,3,1861.5,983,5,1862.5,629,4,1861.4,1150,6,1862.6,737,4
P325_SYNTH_EVENT_001_20260714,2026-07-14T17:52:29+05:30,synthetic_calendar_rbi_policy_like,ADANIPORTS,-892,1784030857,1859.5031,1471709,1859.3,468,3,1859.7,308,2,1859.2,632,4,1859.8,416,3,1859.1,796,4,1859.9,523,3,1859.0,961,5,1860.0,630,4,1858.9,1125,6,1860.1,737,4
P325_SYNTH_EVENT_001_20260714,2026-07-14T17:52:29+05:30,synthetic_calendar_rbi_policy_like,ADANIPORTS,-892,1784030857,1861.3111,1036729,1861.1,467,3,1861.5,307,2,1861.0,631,4,1861.6,414,3,1860.9,796,4,1861.7,520,3,1860.8,961,5,1861.8,625,4,1860.7,1127,6,1861.9,730,4
P325_SYNTH_EVENT_001_20260714,2026-07-14T17:52:29+05:30,synthetic_calendar_rbi_policy_like,ADANIPORTS,-892,1784030857,1860.7034,1051885,1860.5,464,3,1860.9,306,2,1860.4,627,4,1861.0,412,3,1860.3,790,4,1861.1,519,3,1860.2,954,5,1861.2,625,4,1860.1,1117,6,1861.3,731,4
P325_SYNTH_EVENT_001_20260714,2026-07-14T17:52:29+05:30,synthetic_calendar_rbi_policy_like,ADANIPORTS,-892,1784030857,1859.7144,164369,1859.5,463,3,1859.9,305,2,1859.4,625,4,1860.0,411,3,1859.3,788,4,1860.1,517,3,1859.2,951,5,1860.2,623,4,1859.1,1115,6,1860.3,728,4
P325_SYNTH_EVENT_001_20260714,2026-07-14T17:52:29+05:30,synthetic_calendar_rbi_policy_like,ADANIPORTS,-892,1784030857,1854.6131,1061989,1854.4,513,3,1854.8,347,2,1854.3,694,4,1854.9,467,3,1854.2,874,5,1855.0,588,3,1854.1,1054,6,1855.1,709,4,1854.0,1235,7,1855.2,829,5
P325_SYNTH_EVENT_001_20260714,2026-07-14T17:52:29+05:30,synthetic_calendar_rbi_policy_like,ADANIPORTS,-892,1784030857,1859.7128,1461605,1859.5,463,3,1859.9,305,2,1859.4,625,4,1860.0,411,3,1859.3,788,4,1860.1,517,3,1859.2,951,5,1860.2,623,4,1859.1,1115,6,1860.3,728,4
P325_SYNTH_EVENT_001_20260714,2026-07-14T17:52:29+05:30,synthetic_calendar_rbi_policy_like,ADANIPORTS,-892,1784030857,1859.5047,610953,1859.3,468,3,1859.7,308,2,1859.2,632,4,1859.8,416,3,1859.1,796,4,1859.9,523,3,1859.0,961,5,1860.0,630,4,1858.9,1125,6,1860.1,737,4
P325_SYNTH_EVENT_001_20260714,2026-07-14T17:52:29+05:30,synthetic_calendar_rbi_policy_like,ADANIPORTS,-892,1784030857,1859.5063,1041781,1859.3,468,3,1859.7,308,2,1859.2,632,4,1859.8,416,3,1859.1,796,4,1859.9,523,3,1859.0,961,5,1860.0,630,4,1858.9,1125,6,1860.1,737,4
P325_SYNTH_EVENT_001_20260714,2026-07-14T17:52:29+05:30,synthetic_calendar_rbi_policy_like,ADANIPORTS,-892,1784030857,1854.6131,631461,1854.4,513,3,1854.8,347,2,1854.3,694,4,1854.9,467,3,1854.2,874,5,1855.0,588,3,1854.1,1054,6,1855.1,709,4,1854.0,1235,7,1855.2,829,5
P325_SYNTH_EVENT_001_20260714,2026-07-14T17:52:29+05:30,synthetic_calendar_rbi_policy_like,ADANIPORTS,-892,1784030857,1862.1098,195581,1861.9,464,3,1862.3,306,2,1861.8,628,4,1862.4,412,3,1861.7,792,4,1862.5,517,3,1861.6,957,5,1862.6,622,4,1861.5,1122,6,1862.7,726,4
P325_SYNTH_EVENT_001_20260714,2026-07-14T17:52:29+05:30,synthetic_calendar_rbi_policy_like,ADANIPORTS,-892,1784030857,1859.716,1031677,1859.5,463,3,1859.9,305,2,1859.4,625,4,1860.0,411,3,1859.3,788,4,1860.1,517,3,1859.2,951,5,1860.2,623,4,1859.1,1115,6,1860.3,728,4
P325_SYNTH_EVENT_001_20260714,2026-07-14T17:52:29+05:30,synthetic_calendar_rbi_policy_like,ADANIPORTS,-892,1784030857,1860.7098,189629,1860.5,464,3,1860.9,306,2,1860.4,627,4,1861.0,412,3,1860.3,790,4,1861.1,519,3,1860.2,954,5,1861.2,625,4,1860.1,1117,6,1861.3,731,4
P325_SYNTH_EVENT_001_20260714,2026-07-14T17:52:29+05:30,synthetic_calendar_rbi_policy_like,ADANIPORTS,-892,1784030857,1859.5063,180725,1859.3,468,3,1859.7,308,2,1859.2,632,4,1859.8,416,3,1859.1,796,4,1859.9,523,3,1859.0,961,5,1860.0,630,4,1858.9,1125,6,1860.1,737,4
P325_SYNTH_EVENT_001_20260714,2026-07-14T17:52:29+05:30,synthetic_calendar_rbi_policy_like,ADANIPORTS,-892,1784030857,1860.9144,158518,1860.7,457,3,1861.1,295,2,1860.6,617,4,1861.2,398,2,1860.5,777,4,1861.3,502,3,1860.4,936,5,1861.4,606,4,1860.3,1095,6,1861.5,710,4
P325_SYNTH_EVENT_001_20260714,2026-07-14T17:52:29+05:30,synthetic_calendar_rbi_policy_like,ADANIPORTS,-892,1784030857,1862.1098,626109,1861.9,464,3,1862.3,306,2,1861.8,628,4,1862.4,412,3,1861.7,792,4,1862.5,517,3,1861.6,957,5,1862.6,622,4,1861.5,1122,6,1862.7,726,4
P325_SYNTH_EVENT_001_20260714,2026-07-14T17:52:29+05:30,synthetic_calendar_rbi_policy_like,ADANIPORTS,-892,1784030857,1861.3063,174773,1861.1,467,3,1861.5,307,2,1861.0,631,4,1861.6,414,3,1860.9,796,4,1861.7,520,3,1860.8,961,5,1861.8,625,4,1860.7,1127,6,1861.9,730,4
P325_SYNTH_EVENT_001_20260714,2026-07-14T17:52:29+05:30,synthetic_calendar_rbi_policy_like,ADANIPORTS,-892,1784030857,1861.3079,1466657,1861.1,467,3,1861.5,307,2,1861.0,631,4,1861.6,414,3,1860.9,796,4,1861.7,520,3,1860.8,961,5,1861.8,625,4,1860.7,1127,6,1861.9,730,4
P325_SYNTH_EVENT_001_20260714,2026-07-14T17:52:29+05:30,synthetic_calendar_rbi_policy_like,ADANIPORTS,-892,1784030857,1862.1082,1056937,1861.9,464,3,1862.3,306,2,1861.8,628,4,1862.4,412,3,1861.7,792,4,1862.5,517,3,1861.6,957,5,1862.6,622,4,1861.5,1122,6,1862.7,726,4
P325_SYNTH_EVENT_001_20260714,2026-07-14T17:52:29+05:30,synthetic_calendar_rbi_policy_like,ADANIPORTS,-892,1784030857,1859.7152,600999,1859.5,463,3,1859.9,305,2,1859.4,625,4,1860.0,411,3,1859.3,788,4,1860.1,517,3,1859.2,951,5,1860.2,623,4,1859.1,1115,6,1860.3,728,4
P325_SYNTH_EVENT_001_20260714,2026-07-14T17:52:29+05:30,synthetic_calendar_rbi_policy_like,ADANIPORTS,-892,1784030857,1861.3103,606051,1861.1,467,3,1861.5,307,2,1861.0,631,4,1861.6,414,3,1860.9,796,4,1861.7,520,3,1860.8,961,5,1861.8,625,4,1860.7,1127,6,1861.9,730,4
P325_SYNTH_EVENT_001_20260714,2026-07-14T17:52:29+05:30,synthetic_calendar_rbi_policy_like,ADANIPORTS,-892,1784030857,1862.0015,1046833,1861.8,480,3,1862.2,306,2,1861.7,648,4,1862.3,413,3,1861.6,815,5,1862.4,521,3,1861.5,983,5,1862.5,629,4,1861.4,1150,6,1862.6,737,4
P325_SYNTH_EVENT_001_20260714,2026-07-14T17:52:29+05:30,synthetic_calendar_rbi_policy_like,ADANIPORTS,-892,1784030857,1862.0018,185177,1861.8,480,3,1862.2,306,2,1861.7,648,4,1862.3,413,3,1861.6,815,5,1862.4,521,3,1861.5,983,5,1862.5,629,4,1861.4,1150,6,1862.6,737,4
P325_SYNTH_EVENT_001_20260714,2026-07-14T17:52:29+05:30,synthetic_calendar_rbi_policy_like,ADANIPORTS,-892,1784030857,1811.5063,168821,1811.3,481,3,1811.7,313,2,1811.2,649,4,1811.8,423,3,1811.1,816,5,1811.9,534,3,1811.0,983,5,1812.0,644,4,1810.9,1150,6,1812.1,755,4
P325_SYNTH_EVENT_001_20260714,2026-07-14T17:52:29+05:30,synthetic_calendar_rbi_policy_like,ADANIPORTS,-892,1784030857,1860.7042,621207,1860.5,464,3,1860.9,306,2,1860.4,627,4,1861.0,412,3,1860.3,790,4,1861.1,519,3,1860.2,954,5,1861.2,625,4,1860.1,1117,6,1861.3,731,4
P325_SYNTH_EVENT_001_20260714,2026-07-14T17:52:29+05:30,synthetic_calendar_rbi_policy_like,ADANIPORTS,-891,1784030858,1861.2856,1880532,1861.1,467,3,1861.5,307,2,1861.0,631,4,1861.6,414,3,1860.9,796,4,1861.7,520,3,1860.8,961,5,1861.8,625,4,1860.7,1127,6,1861.9,730,4
P325_SYNTH_EVENT_001_20260714,2026-07-14T17:52:29+05:30,synthetic_calendar_rbi_policy_like,ADANIPORTS,-891,1784030858,1859.6937,1884984,1859.5,463,3,1859.9,305,2,1859.4,625,4,1860.0,411,3,1859.3,788,4,1860.1,517,3,1859.2,951,5,1860.2,623,4,1859.1,1115,6,1860.3,728,4
P325_SYNTH_EVENT_001_20260714,2026-07-14T17:52:29+05:30,synthetic_calendar_rbi_policy_like,ADANIPORTS,-891,1784030858,1860.6902,1899840,1860.5,464,3,1860.9,306,2,1860.4,627,4,1861.0,412,3,1860.3,790,4,1861.1,519,3,1860.2,954,5,1861.2,625,4,1860.1,1117,6,1861.3,731,4
P325_SYNTH_EVENT_001_20260714,2026-07-14T17:52:29+05:30,synthetic_calendar_rbi_policy_like,ADANIPORTS,-891,1784030858,1862.0902,1905792,1861.9,464,3,1862.3,306,2,1861.8,628,4,1862.4,412,3,1861.7,792,4,1862.5,517,3,1861.6,957,5,1862.6,622,4,1861.5,1122,6,1862.7,726,4
P325_SYNTH_EVENT_001_20260714,2026-07-14T17:52:29+05:30,synthetic_calendar_rbi_policy_like,ADANIPORTS,-891,1784030858,1861.9999,1477064,1861.8,480,3,1862.2,306,2,1861.7,648,4,1862.3,413,3,1861.6,815,5,1862.4,521,3,1861.5,983,5,1862.5,629,4,1861.4,1150,6,1862.6,737,4
P325_SYNTH_EVENT_001_20260714,2026-07-14T17:52:29+05:30,synthetic_calendar_rbi_policy_like,ADANIPORTS,-891,1784030858,1860.6918,1481516,1860.5,464,3,1860.9,306,2,1860.4,627,4,1861.0,412,3,1860.3,790,4,1861.1,519,3,1860.2,954,5,1861.2,625,4,1860.1,1117,6,1861.3,731,4
P325_SYNTH_EVENT_001_20260714,2026-07-14T17:52:29+05:30,synthetic_calendar_rbi_policy_like,ADANIPORTS,-891,1784030858,1862.0918,1487468,1861.9,464,3,1862.3,306,2,1861.8,628,4,1862.4,412,3,1861.7,792,4,1862.5,517,3,1861.6,957,5,1862.6,622,4,1861.5,1122,6,1862.7,726,4
P325_SYNTH_EVENT_001_20260714,2026-07-14T17:52:29+05:30,synthetic_calendar_rbi_policy_like,ADANIPORTS,-891,1784030858,1860.8856,1874680,1860.7,457,3,1861.1,295,2,1860.6,617,4,1861.2,398,2,1860.5,777,4,1861.3,502,3,1860.4,936,5,1861.4,606,4,1860.3,1095,6,1861.5,710,4
P325_SYNTH_EVENT_001_20260714,2026-07-14T17:52:29+05:30,synthetic_calendar_rbi_policy_like,ADANIPORTS,-891,1784030858,1860.9856,1870612,1860.8,484,3,1861.2,308,2,1860.7,653,4,1861.3,416,3,1860.6,822,5,1861.4,524,3,1860.5,991,5,1861.5,632,4,1860.4,1160,6,1861.6,741,4
P325_SYNTH_EVENT_001_20260714,2026-07-14T17:52:29+05:30,synthetic_calendar_rbi_policy_like,ADANIPORTS,-891,1784030858,1861.9902,1893888,1861.8,480,3,1862.2,306,2,1861.7,648,4,1862.3,413,3,1861.6,815,5,1862.4,521,3,1861.5,983,5,1862.5,629,4,1861.4,1150,6,1862.6,737,4
P325_SYNTH_EVENT_001_20260714,2026-07-14T17:52:29+05:30,synthetic_calendar_rbi_policy_like,ADANIPORTS,-891,1784030858,1859.4982,1889436,1859.3,468,3,1859.7,308,2,1859.2,632,4,1859.8,416,3,1859.1,796,4,1859.9,523,3,1859.0,961,5,1860.0,630,4,1858.9,1125,6,1860.1,737,4
P325_SYNTH_EVENT_001_20260714,2026-07-14T17:52:29+05:30,synthetic_calendar_rbi_policy_like,ADANIPORTS,-891,1784030858,1862.0918,1056940,1861.9,464,3,1862.3,306,2,1861.8,628,4,1862.4,412,3,1861.7,792,4,1862.5,517,3,1861.6,957,5,1862.6,622,4,1861.5,1122,6,1862.7,726,4
P325_SYNTH_EVENT_001_20260714,2026-07-14T17:52:29+05:30,synthetic_calendar_rbi_policy_like,ADANIPORTS,-891,1784030858,1860.8856,158520,1860.7,457,3,1861.1,295,2,1860.6,617,4,1861.2,398,2,1860.5,777,4,1861.3,502,3,1860.4,936,5,1861.4,606,4,1860.3,1095,6,1861.5,710,4
P325_SYNTH_EVENT_001_20260714,2026-07-14T17:52:29+05:30,synthetic_calendar_rbi_policy_like,ADANIPORTS,-891,1784030858,1861.9985,1046836,1861.8,480,3,1862.2,306,2,1861.7,648,4,1862.3,413,3,1861.6,815,5,1862.4,521,3,1861.5,983,5,1862.5,629,4,1861.4,1150,6,1862.6,737,4
P325_SYNTH_EVENT_001_20260714,2026-07-14T17:52:29+05:30,synthetic_calendar_rbi_policy_like,ADANIPORTS,-891,1784030858,1860.6902,189632,1860.5,464,3,1860.9,306,2,1860.4,627,4,1861.0,412,3,1860.3,790,4,1861.1,519,3,1860.2,954,5,1861.2,625,4,1860.1,1117,6,1861.3,731,4
P325_SYNTH_EVENT_001_20260714,2026-07-14T17:52:29+05:30,synthetic_calendar_rbi_policy_like,ADANIPORTS,-891,1784030858,1861.2888,1036732,1861.1,467,3,1861.5,307,2,1861.0,631,4,1861.6,414,3,1860.9,796,4,1861.7,520,3,1860.8,961,5,1861.8,625,4,1860.7,1127,6,1861.9,730,4
P325_SYNTH_EVENT_001_20260714,2026-07-14T17:52:29+05:30,synthetic_calendar_rbi_policy_like,ADANIPORTS,-891,1784030858,1859.6872,1461608,1859.5,463,3,1859.9,305,2,1859.4,625,4,1860.0,411,3,1859.3,788,4,1860.1,517,3,1859.2,951,5,1860.2,623,4,1859.1,1115,6,1860.3,728,4
P325_SYNTH_EVENT_001_20260714,2026-07-14T17:52:29+05:30,synthetic_calendar_rbi_policy_like,ADANIPORTS,-891,1784030858,1861.2896,606054,1861.1,467,3,1861.5,307,2,1861.0,631,4,1861.6,414,3,1860.9,796,4,1861.7,520,3,1860.8,961,5,1861.8,625,4,1860.7,1127,6,1861.9,730,4
P325_SYNTH_EVENT_001_20260714,2026-07-14T17:52:29+05:30,synthetic_calendar_rbi_policy_like,ADANIPORTS,-891,1784030858,1811.4937,168824,1811.3,481,3,1811.7,313,2,1811.2,649,4,1811.8,423,3,1811.1,816,5,1811.9,534,3,1811.0,983,5,1812.0,644,4,1810.9,1150,6,1812.1,755,4
P325_SYNTH_EVENT_001_20260714,2026-07-14T17:52:29+05:30,synthetic_calendar_rbi_policy_like,ADANIPORTS,-891,1784030858,1859.6856,164372,1859.5,463,3,1859.9,305,2,1859.4,625,4,1860.0,411,3,1859.3,788,4,1860.1,517,3,1859.2,951,5,1860.2,623,4,1859.1,1115,6,1860.3,728,4
P325_SYNTH_EVENT_001_20260714,2026-07-14T17:52:29+05:30,synthetic_calendar_rbi_policy_like,ADANIPORTS,-891,1784030858,1859.4969,1471712,1859.3,468,3,1859.7,308,2,1859.2,632,4,1859.8,416,3,1859.1,796,4,1859.9,523,3,1859.0,961,5,1860.0,630,4,1858.9,1125,6,1860.1,737,4
P325_SYNTH_EVENT_001_20260714,2026-07-14T17:52:29+05:30,synthetic_calendar_rbi_policy_like,ADANIPORTS,-891,1784030858,1860.6958,621210,1860.5,464,3,1860.9,306,2,1860.4,627,4,1861.0,412,3,1860.3,790,4,1861.1,519,3,1860.2,954,5,1861.2,625,4,1860.1,1117,6,1861.3,731,4
P325_SYNTH_EVENT_001_20260714,2026-07-14T17:52:29+05:30,synthetic_calendar_rbi_policy_like,ADANIPORTS,-891,1784030858,1859.4953,610956,1859.3,468,3,1859.7,308,2,1859.2,632,4,1859.8,416,3,1859.1,796,4,1859.9,523,3,1859.0,961,5,1860.0,630,4,1858.9,1125,6,1860.1,737,4
P325_SYNTH_EVENT_001_20260714,2026-07-14T17:52:29+05:30,synthetic_calendar_rbi_policy_like,ADANIPORTS,-891,1784030858,1859.6848,601002,1859.5,463,3,1859.9,305,2,1859.4,625,4,1860.0,411,3,1859.3,788,4,1860.1,517,3,1859.2,951,5,1860.2,623,4,1859.1,1115,6,1860.3,728,4
P325_SYNTH_EVENT_001_20260714,2026-07-14T17:52:29+05:30,synthetic_calendar_rbi_policy_like,ADANIPORTS,-891,1784030858,1859.684,1031680,1859.5,463,3,1859.9,305,2,1859.4,625,4,1860.0,411,3,1859.3,788,4,1860.1,517,3,1859.2,951,5,1860.2,623,4,1859.1,1115,6,1860.3,728,4
P325_SYNTH_EVENT_001_20260714,2026-07-14T17:52:29+05:30,synthetic_calendar_rbi_policy_like,ADANIPORTS,-891,1784030858,1854.587,1061992,1854.4,513,3,1854.8,347,2,1854.3,694,4,1854.9,467,3,1854.2,874,5,1855.0,588,3,1854.1,1054,6,1855.1,709,4,1854.0,1235,7,1855.2,829,5
P325_SYNTH_EVENT_001_20260714,2026-07-14T17:52:29+05:30,synthetic_calendar_rbi_policy_like,ADANIPORTS,-891,1784030858,1861.2921,1466660,1861.1,467,3,1861.5,307,2,1861.0,631,4,1861.6,414,3,1860.9,796,4,1861.7,520,3,1860.8,961,5,1861.8,625,4,1860.7,1127,6,1861.9,730,4
P325_SYNTH_EVENT_001_20260714,2026-07-14T17:52:29+05:30,synthetic_calendar_rbi_policy_like,ADANIPORTS,-891,1784030858,1861.9982,185180,1861.8,480,3,1862.2,306,2,1861.7,648,4,1862.3,413,3,1861.6,815,5,1862.4,521,3,1861.5,983,5,1862.5,629,4,1861.4,1150,6,1862.6,737,4
P325_SYNTH_EVENT_001_20260714,2026-07-14T17:52:29+05:30,synthetic_calendar_rbi_policy_like,ADANIPORTS,-891,1784030858,1861.2937,174776,1861.1,467,3,1861.5,307,2,1861.0,631,4,1861.6,414,3,1860.9,796,4,1861.7,520,3,1860.8,961,5,1861.8,625,4,1860.7,1127,6,1861.9,730,4
P325_SYNTH_EVENT_001_20260714,2026-07-14T17:52:29+05:30,synthetic_calendar_rbi_policy_like,ADANIPORTS,-891,1784030858,1859.4937,1041784,1859.3,468,3,1859.7,308,2,1859.2,632,4,1859.8,416,3,1859.1,796,4,1859.9,523,3,1859.0,961,5,1860.0,630,4,1858.9,1125,6,1860.1,737,4
P325_SYNTH_EVENT_001_20260714,2026-07-14T17:52:29+05:30,synthetic_calendar_rbi_policy_like,ADANIPORTS,-891,1784030858,1862.0902,626112,1861.9,464,3,1862.3,306,2,1861.8,628,4,1862.4,412,3,1861.7,792,4,1862.5,517,3,1861.6,957,5,1862.6,622,4,1861.5,1122,6,1862.7,726,4
P325_SYNTH_EVENT_001_20260714,2026-07-14T17:52:29+05:30,synthetic_calendar_rbi_policy_like,ADANIPORTS,-891,1784030858,1854.587,631464,1854.4,513,3,1854.8,347,2,1854.3,694,4,1854.9,467,3,1854.2,874,5,1855.0,588,3,1854.1,1054,6,1855.1,709,4,1854.0,1235,7,1855.2,829,5
P325_SYNTH_EVENT_001_20260714,2026-07-14T17:52:29+05:30,synthetic_calendar_rbi_policy_like,ADANIPORTS,-891,1784030858,1861.9999,616008,1861.8,480,3,1862.2,306,2,1861.7,648,4,1862.3,413,3,1861.6,815,5,1862.4,521,3,1861.5,983,5,1862.5,629,4,1861.4,1150,6,1862.6,737,4
P325_SYNTH_EVENT_001_20260714,2026-07-14T17:52:29+05:30,synthetic_calendar_rbi_policy_like,ADANIPORTS,-891,1784030858,1860.6966,1051888,1860.5,464,3,1860.9,306,2,1860.4,627,4,1861.0,412,3,1860.3,790,4,1861.1,519,3,1860.2,954,5,1861.2,625,4,1860.1,1117,6,1861.3,731,4
P325_SYNTH_EVENT_001_20260714,2026-07-14T17:52:29+05:30,synthetic_calendar_rbi_policy_like,ADANIPORTS,-891,1784030858,1859.4937,180728,1859.3,468,3,1859.7,308,2,1859.2,632,4,1859.8,416,3,1859.1,796,4,1859.9,523,3,1859.0,961,5,1860.0,630,4,1858.9,1125,6,1860.1,737,4
P325_SYNTH_EVENT_001_20260714,2026-07-14T17:52:29+05:30,synthetic_calendar_rbi_policy_like,ADANIPORTS,-891,1784030858,1862.0902,195584,1861.9,464,3,1862.3,306,2,1861.8,628,4,1862.4,412,3,1861.7,792,4,1862.5,517,3,1861.6,957,5,1862.6,622,4,1861.5,1122,6,1862.7,726,4
P325_SYNTH_EVENT_001_20260714,2026-07-14T17:52:29+05:30,synthetic_calendar_rbi_policy_like,ADANIPORTS,-890,1784030859,1860.7098,1899843,1860.5,464,3,1860.9,306,2,1860.4,627,4,1861.0,412,3,1860.3,790,4,1861.1,519,3,1860.2,954,5,1861.2,625,4,1860.1,1117,6,1861.3,731,4
P325_SYNTH_EVENT_001_20260714,2026-07-14T17:52:29+05:30,synthetic_calendar_rbi_policy_like,ADANIPORTS,-890,1784030859,1862.1098,1905795,1861.9,464,3,1862.3,306,2,1861.8,628,4,1862.4,412,3,1861.7,792,4,1862.5,517,3,1861.6,957,5,1862.6,622,4,1861.5,1122,6,1862.7,726,4
P325_SYNTH_EVENT_001_20260714,2026-07-14T17:52:29+05:30,synthetic_calendar_rbi_policy_like,ADANIPORTS,-890,1784030859,1860.7082,1481519,1860.5,464,3,1860.9,306,2,1860.4,627,4,1861.0,412,3,1860.3,790,4,1861.1,519,3,1860.2,954,5,1861.2,625,4,1860.1,1117,6,1861.3,731,4
P325_SYNTH_EVENT_001_20260714,2026-07-14T17:52:29+05:30,synthetic_calendar_rbi_policy_like,ADANIPORTS,-890,1784030859,1861.3144,1880535,1861.1,467,3,1861.5,307,2,1861.0,631,4,1861.6,414,3,1860.9,796,4,1861.7,520,3,1860.8,961,5,1861.8,625,4,1860.7,1127,6,1861.9,730,4
P325_SYNTH_EVENT_001_20260714,2026-07-14T17:52:29+05:30,synthetic_calendar_rbi_policy_like,ADANIPORTS,-890,1784030859,1859.5017,1889439,1859.3,468,3,1859.7,308,2,1859.2,632,4,1859.8,416,3,1859.1,796,4,1859.9,523,3,1859.0,961,5,1860.0,630,4,1858.9,1125,6,1860.1,737,4
P325_SYNTH_EVENT_001_20260714,2026-07-14T17:52:29+05:30,synthetic_calendar_rbi_policy_like,ADANIPORTS,-890,1784030859,1862.1082,1487471,1861.9,464,3,1862.3,306,2,1861.8,628,4,1862.4,412,3,1861.7,792,4,1862.5,517,3,1861.6,957,5,1862.6,622,4,1861.5,1122,6,1862.7,726,4
P325_SYNTH_EVENT_001_20260714,2026-07-14T17:52:29+05:30,synthetic_calendar_rbi_policy_like,ADANIPORTS,-890,1784030859,1860.9144,1874682,1860.7,457,3,1861.1,295,2,1860.6,617,4,1861.2,398,2,1860.5,777,4,1861.3,502,3,1860.4,936,5,1861.4,606,4,1860.3,1095,6,1861.5,710,4
P325_SYNTH_EVENT_001_20260714,2026-07-14T17:52:29+05:30,synthetic_calendar_rbi_policy_like,ADANIPORTS,-890,1784030859,1861.0144,1870615,1860.8,484,3,1861.2,308,2,1860.7,653,4,1861.3,416,3,1860.6,822,5,1861.4,524,3,1860.5,991,5,1861.5,632,4,1860.4,1160,6,1861.6,741,4
P325_SYNTH_EVENT_001_20260714,2026-07-14T17:52:29+05:30,synthetic_calendar_rbi_policy_like,ADANIPORTS,-890,1784030859,1862.0001,1477067,1861.8,480,3,1862.2,306,2,1861.7,648,4,1862.3,413,3,1861.6,815,5,1862.4,521,3,1861.5,983,5,1862.5,629,4,1861.4,1150,6,1862.6,737,4
P325_SYNTH_EVENT_001_20260714,2026-07-14T17:52:29+05:30,synthetic_calendar_rbi_policy_like,ADANIPORTS,-890,1784030859,1862.0098,1893891,1861.8,480,3,1862.2,306,2,1861.7,648,4,1862.3,413,3,1861.6,815,5,1862.4,521,3,1861.5,983,5,1862.5,629,4,1861.4,1150,6,1862.6,737,4
P325_SYNTH_EVENT_001_20260714,2026-07-14T17:52:29+05:30,synthetic_calendar_rbi_policy_like,ADANIPORTS,-890,1784030859,1859.7063,1884987,1859.5,463,3,1859.9,305,2,1859.4,625,4,1860.0,411,3,1859.3,788,4,1860.1,517,3,1859.2,951,5,1860.2,623,4,1859.1,1115,6,1860.3,728,4
P325_SYNTH_EVENT_001_20260714,2026-07-14T17:52:29+05:30,synthetic_calendar_rbi_policy_like,ADANIPORTS,-890,1784030859,1862.0015,1046839,1861.8,480,3,1862.2,306,2,1861.7,648,4,1862.3,413,3,1861.6,815,5,1862.4,521,3,1861.5,983,5,1862.5,629,4,1861.4,1150,6,1862.6,737,4
P325_SYNTH_EVENT_001_20260714,2026-07-14T17:52:29+05:30,synthetic_calendar_rbi_policy_like,ADANIPORTS,-890,1784030859,1860.7033,1051891,1860.5,464,3,1860.9,306,2,1860.4,627,4,1861.0,412,3,1860.3,790,4,1861.1,519,3,1860.2,954,5,1861.2,625,4,1860.1,1117,6,1861.3,731,4
P325_SYNTH_EVENT_001_20260714,2026-07-14T17:52:29+05:30,synthetic_calendar_rbi_policy_like,ADANIPORTS,-890,1784030859,1862.0017,185183,1861.8,480,3,1862.2,306,2,1861.7,648,4,1862.3,413,3,1861.6,815,5,1862.4,521,3,1861.5,983,5,1862.5,629,4,1861.4,1150,6,1862.6,737,4
P325_SYNTH_EVENT_001_20260714,2026-07-14T17:52:29+05:30,synthetic_calendar_rbi_policy_like,ADANIPORTS,-890,1784030859,1862.1098,195587,1861.9,464,3,1862.3,306,2,1861.8,628,4,1862.4,412,3,1861.7,792,4,1862.5,517,3,1861.6,957,5,1862.6,622,4,1861.5,1122,6,1862.7,726,4
P325_SYNTH_EVENT_001_20260714,2026-07-14T17:52:29+05:30,synthetic_calendar_rbi_policy_like,ADANIPORTS,-890,1784030859,1861.3079,1466663,1861.1,467,3,1861.5,307,2,1861.0,631,4,1861.6,414,3,1860.9,796,4,1861.7,520,3,1860.8,961,5,1861.8,625,4,1860.7,1127,6,1861.9,730,4
P325_SYNTH_EVENT_001_20260714,2026-07-14T17:52:29+05:30,synthetic_calendar_rbi_policy_like,ADANIPORTS,-890,1784030859,1854.613,631467,1854.4,513,3,1854.8,347,2,1854.3,694,4,1854.9,467,3,1854.2,874,5,1855.0,588,3,1854.1,1054,6,1855.1,709,4,1854.0,1235,7,1855.2,829,5
P325_SYNTH_EVENT_001_20260714,2026-07-14T17:52:29+05:30,synthetic_calendar_rbi_policy_like,ADANIPORTS,-890,1784030859,1859.5063,1041787,1859.3,468,3,1859.7,308,2,1859.2,632,4,1859.8,416,3,1859.1,796,4,1859.9,523,3,1859.0,961,5,1860.0,630,4,1858.9,1125,6,1860.1,737,4
P325_SYNTH_EVENT_001_20260714,2026-07-14T17:52:29+05:30,synthetic_calendar_rbi_policy_like,ADANIPORTS,-890,1784030859,1862.1098,626115,1861.9,464,3,1862.3,306,2,1861.8,628,4,1862.4,412,3,1861.7,792,4,1862.5,517,3,1861.6,957,5,1862.6,622,4,1861.5,1122,6,1862.7,726,4
P325_SYNTH_EVENT_001_20260714,2026-07-14T17:52:29+05:30,synthetic_calendar_rbi_policy_like,ADANIPORTS,-890,1784030859,1862.0001,616011,1861.8,480,3,1862.2,306,2,1861.7,648,4,1862.3,413,3,1861.6,815,5,1862.4,521,3,1861.5,983,5,1862.5,629,4,1861.4,1150,6,1862.6,737,4
P325_SYNTH_EVENT_001_20260714,2026-07-14T17:52:29+05:30,synthetic_calendar_rbi_policy_like,ADANIPORTS,-890,1784030859,1859.5047,610959,1859.3,468,3,1859.7,308,2,1859.2,632,4,1859.8,416,3,1859.1,796,4,1859.9,523,3,1859.0,961,5,1860.0,630,4,1858.9,1125,6,1860.1,737,4
P325_SYNTH_EVENT_001_20260714,2026-07-14T17:52:29+05:30,synthetic_calendar_rbi_policy_like,ADANIPORTS,-890,1784030859,1862.1082,1056943,1861.9,464,3,1862.3,306,2,1861.8,628,4,1862.4,412,3,1861.7,792,4,1862.5,517,3,1861.6,957,5,1862.6,622,4,1861.5,1122,6,1862.7,726,4
P325_SYNTH_EVENT_001_20260714,2026-07-14T17:52:29+05:30,synthetic_calendar_rbi_policy_like,ADANIPORTS,-890,1784030859,1859.5063,180731,1859.3,468,3,1859.7,308,2,1859.2,632,4,1859.8,416,3,1859.1,796,4,1859.9,523,3,1859.0,961,5,1860.0,630,4,1858.9,1125,6,1860.1,737,4
P325_SYNTH_EVENT_001_20260714,2026-07-14T17:52:29+05:30,synthetic_calendar_rbi_policy_like,ADANIPORTS,-890,1784030859,1854.613,1061995,1854.4,513,3,1854.8,347,2,1854.3,694,4,1854.9,467,3,1854.2,874,5,1855.0,588,3,1854.1,1054,6,1855.1,709,4,1854.0,1235,7,1855.2,829,5
P325_SYNTH_EVENT_001_20260714,2026-07-14T17:52:29+05:30,synthetic_calendar_rbi_policy_like,ADANIPORTS,-890,1784030859,1859.7152,601005,1859.5,463,3,1859.9,305,2,1859.4,625,4,1860.0,411,3,1859.3,788,4,1860.1,517,3,1859.2,951,5,1860.2,623,4,1859.1,1115,6,1860.3,728,4
P325_SYNTH_EVENT_001_20260714,2026-07-14T17:52:29+05:30,synthetic_calendar_rbi_policy_like,ADANIPORTS,-890,1784030859,1859.5031,1471715,1859.3,468,3,1859.7,308,2,1859.2,632,4,1859.8,416,3,1859.1,796,4,1859.9,523,3,1859.0,961,5,1860.0,630,4,1858.9,1125,6,1860.1,737,4
P325_SYNTH_EVENT_001_20260714,2026-07-14T17:52:29+05:30,synthetic_calendar_rbi_policy_like,ADANIPORTS,-890,1784030859,1859.7144,164375,1859.5,463,3,1859.9,305,2,1859.4,625,4,1860.0,411,3,1859.3,788,4,1860.1,517,3,1859.2,951,5,1860.2,623,4,1859.1,1115,6,1860.3,728,4
P325_SYNTH_EVENT_001_20260714,2026-07-14T17:52:29+05:30,synthetic_calendar_rbi_policy_like,ADANIPORTS,-890,1784030859,1859.7128,1461611,1859.5,463,3,1859.9,305,2,1859.4,625,4,1860.0,411,3,1859.3,788,4,1860.1,517,3,1859.2,951,5,1860.2,623,4,1859.1,1115,6,1860.3,728,4
P325_SYNTH_EVENT_001_20260714,2026-07-14T17:52:29+05:30,synthetic_calendar_rbi_policy_like,ADANIPORTS,-890,1784030859,1811.5063,168827,1811.3,481,3,1811.7,313,2,1811.2,649,4,1811.8,423,3,1811.1,816,5,1811.9,534,3,1811.0,983,5,1812.0,644,4,1810.9,1150,6,1812.1,755,4
P325_SYNTH_EVENT_001_20260714,2026-07-14T17:52:29+05:30,synthetic_calendar_rbi_policy_like,ADANIPORTS,-890,1784030859,1860.7098,189635,1860.5,464,3,1860.9,306,2,1860.4,627,4,1861.0,412,3,1860.3,790,4,1861.1,519,3,1860.2,954,5,1861.2,625,4,1860.1,1117,6,1861.3,731,4
P325_SYNTH_EVENT_001_20260714,2026-07-14T17:52:29+05:30,synthetic_calendar_rbi_policy_like,ADANIPORTS,-890,1784030859,1860.7042,621213,1860.5,464,3,1860.9,306,2,1860.4,627,4,1861.0,412,3,1860.3,790,4,1861.1,519,3,1860.2,954,5,1861.2,625,4,1860.1,1117,6,1861.3,731,4
P325_SYNTH_EVENT_001_20260714,2026-07-14T17:52:29+05:30,synthetic_calendar_rbi_policy_like,ADANIPORTS,-890,1784030859,1861.3063,174779,1861.1,467,3,1861.5,307,2,1861.0,631,4,1861.6,414,3,1860.9,796,4,1861.7,520,3,1860.8,961,5,1861.8,625,4,1860.7,1127,6,1861.9,730,4
P325_SYNTH_EVENT_001_20260714,2026-07-14T17:52:29+05:30,synthetic_calendar_rbi_policy_like,ADANIPORTS,-890,1784030859,1861.3112,1036735,1861.1,467,3,1861.5,307,2,1861.0,631,4,1861.6,414,3,1860.9,796,4,1861.7,520,3,1860.8,961,5,1861.8,625,4,1860.7,1127,6,1861.9,730,4
P325_SYNTH_EVENT_001_20260714,2026-07-14T17:52:29+05:30,synthetic_calendar_rbi_policy_like,ADANIPORTS,-890,1784030859,1861.3104,606057,1861.1,467,3,1861.5,307,2,1861.0,631,4,1861.6,414,3,1860.9,796,4,1861.7,520,3,1860.8,961,5,1861.8,625,4,1860.7,1127,6,1861.9,730,4
P325_SYNTH_EVENT_001_20260714,2026-07-14T17:52:29+05:30,synthetic_calendar_rbi_policy_like,ADANIPORTS,-890,1784030859,1860.9144,158522,1860.7,457,3,1861.1,295,2,1860.6,617,4,1861.2,398,2,1860.5,777,4,1861.3,502,3,1860.4,936,5,1861.4,606,4,1860.3,1095,6,1861.5,710,4
P325_SYNTH_EVENT_001_20260714,2026-07-14T17:52:29+05:30,synthetic_calendar_rbi_policy_like,ADANIPORTS,-889,1784030860,1860.6918,1481522,1860.5,464,3,1860.9,306,2,1860.4,627,4,1861.0,412,3,1860.3,790,4,1861.1,519,3,1860.2,954,5,1861.2,625,4,1860.1,1117,6,1861.3,731,4
P325_SYNTH_EVENT_001_20260714,2026-07-14T17:52:29+05:30,synthetic_calendar_rbi_policy_like,ADANIPORTS,-889,1784030860,1861.2856,1880538,1861.1,467,3,1861.5,307,2,1861.0,631,4,1861.6,414,3,1860.9,796,4,1861.7,520,3,1860.8,961,5,1861.8,625,4,1860.7,1127,6,1861.9,730,4
P325_SYNTH_EVENT_001_20260714,2026-07-14T17:52:29+05:30,synthetic_calendar_rbi_policy_like,ADANIPORTS,-889,1784030860,1859.4983,1889442,1859.3,468,3,1859.7,308,2,1859.2,632,4,1859.8,416,3,1859.1,796,4,1859.9,523,3,1859.0,961,5,1860.0,630,4,1858.9,1125,6,1860.1,737,4
P325_SYNTH_EVENT_001_20260714,2026-07-14T17:52:29+05:30,synthetic_calendar_rbi_policy_like,ADANIPORTS,-889,1784030860,1860.9856,1870618,1860.8,484,3,1861.2,308,2,1860.7,653,4,1861.3,416,3,1860.6,822,5,1861.4,524,3,1860.5,991,5,1861.5,632,4,1860.4,1160,6,1861.6,741,4
P325_SYNTH_EVENT_001_20260714,2026-07-14T17:52:29+05:30,synthetic_calendar_rbi_policy_like,ADANIPORTS,-889,1784030860,1861.9902,1893894,1861.8,480,3,1862.2,306,2,1861.7,648,4,1862.3,413,3,1861.6,815,5,1862.4,521,3,1861.5,983,5,1862.5,629,4,1861.4,1150,6,1862.6,737,4
P325_SYNTH_EVENT_001_20260714,2026-07-14T17:52:29+05:30,synthetic_calendar_rbi_policy_like,ADANIPORTS,-889,1784030860,1859.6937,1884990,1859.5,463,3,1859.9,305,2,1859.4,625,4,1860.0,411,3,1859.3,788,4,1860.1,517,3,1859.2,951,5,1860.2,623,4,1859.1,1115,6,1860.3,728,4
P325_SYNTH_EVENT_001_20260714,2026-07-14T17:52:29+05:30,synthetic_calendar_rbi_policy_like,ADANIPORTS,-889,1784030860,1860.8856,1874684,1860.7,457,3,1861.1,295,2,1860.6,617,4,1861.2,398,2,1860.5,777,4,1861.3,502,3,1860.4,936,5,1861.4,606,4,1860.3,1095,6,1861.5,710,4
P325_SYNTH_EVENT_001_20260714,2026-07-14T17:52:29+05:30,synthetic_calendar_rbi_policy_like,ADANIPORTS,-889,1784030860,1860.6902,1899846,1860.5,464,3,1860.9,306,2,1860.4,627,4,1861.0,412,3,1860.3,790,4,1861.1,519,3,1860.2,954,5,1861.2,625,4,1860.1,1117,6,1861.3,731,4
P325_SYNTH_EVENT_001_20260714,2026-07-14T17:52:29+05:30,synthetic_calendar_rbi_policy_like,ADANIPORTS,-889,1784030860,1861.9999,1477070,1861.8,480,3,1862.2,306,2,1861.7,648,4,1862.3,413,3,1861.6,815,5,1862.4,521,3,1861.5,983,5,1862.5,629,4,1861.4,1150,6,1862.6,737,4
P325_SYNTH_EVENT_001_20260714,2026-07-14T17:52:29+05:30,synthetic_calendar_rbi_policy_like,ADANIPORTS,-889,1784030860,1862.0918,1487474,1861.9,464,3,1862.3,306,2,1861.8,628,4,1862.4,412,3,1861.7,792,4,1862.5,517,3,1861.6,957,5,1862.6,622,4,1861.5,1122,6,1862.7,726,4
P325_SYNTH_EVENT_001_20260714,2026-07-14T17:52:29+05:30,synthetic_calendar_rbi_policy_like,ADANIPORTS,-889,1784030860,1862.0902,1905798,1861.9,464,3,1862.3,306,2,1861.8,628,4,1862.4,412,3,1861.7,792,4,1862.5,517,3,1861.6,957,5,1862.6,622,4,1861.5,1122,6,1862.7,726,4
P325_SYNTH_EVENT_001_20260714,2026-07-14T17:52:29+05:30,synthetic_calendar_rbi_policy_like,ADANIPORTS,-889,1784030860,1854.587,1061998,1854.4,513,3,1854.8,347,2,1854.3,694,4,1854.9,467,3,1854.2,874,5,1855.0,588,3,1854.1,1054,6,1855.1,709,4,1854.0,1235,7,1855.2,829,5
P325_SYNTH_EVENT_001_20260714,2026-07-14T17:52:29+05:30,synthetic_calendar_rbi_policy_like,ADANIPORTS,-889,1784030860,1860.6959,621216,1860.5,464,3,1860.9,306,2,1860.4,627,4,1861.0,412,3,1860.3,790,4,1861.1,519,3,1860.2,954,5,1861.2,625,4,1860.1,1117,6,1861.3,731,4
P325_SYNTH_EVENT_001_20260714,2026-07-14T17:52:29+05:30,synthetic_calendar_rbi_policy_like,ADANIPORTS,-889,1784030860,1859.4953,610962,1859.3,468,3,1859.7,308,2,1859.2,632,4,1859.8,416,3,1859.1,796,4,1859.9,523,3,1859.0,961,5,1860.0,630,4,1858.9,1125,6,1860.1,737,4
P325_SYNTH_EVENT_001_20260714,2026-07-14T17:52:29+05:30,synthetic_calendar_rbi_policy_like,ADANIPORTS,-889,1784030860,1861.2888,1036738,1861.1,467,3,1861.5,307,2,1861.0,631,4,1861.6,414,3,1860.9,796,4,1861.7,520,3,1860.8,961,5,1861.8,625,4,1860.7,1127,6,1861.9,730,4
P325_SYNTH_EVENT_001_20260714,2026-07-14T17:52:29+05:30,synthetic_calendar_rbi_policy_like,ADANIPORTS,-889,1784030860,1861.9999,616014,1861.8,480,3,1862.2,306,2,1861.7,648,4,1862.3,413,3,1861.6,815,5,1862.4,521,3,1861.5,983,5,1862.5,629,4,1861.4,1150,6,1862.6,737,4
P325_SYNTH_EVENT_001_20260714,2026-07-14T17:52:29+05:30,synthetic_calendar_rbi_policy_like,ADANIPORTS,-889,1784030860,1860.6902,189638,1860.5,464,3,1860.9,306,2,1860.4,627,4,1861.0,412,3,1860.3,790,4,1861.1,519,3,1860.2,954,5,1861.2,625,4,1860.1,1117,6,1861.3,731,4
P325_SYNTH_EVENT_001_20260714,2026-07-14T17:52:29+05:30,synthetic_calendar_rbi_policy_like,ADANIPORTS,-889,1784030860,1859.6856,164378,1859.5,463,3,1859.9,305,2,1859.4,625,4,1860.0,411,3,1859.3,788,4,1860.1,517,3,1859.2,951,5,1860.2,623,4,1859.1,1115,6,1860.3,728,4
P325_SYNTH_EVENT_001_20260714,2026-07-14T17:52:29+05:30,synthetic_calendar_rbi_policy_like,ADANIPORTS,-889,1784030860,1860.6967,1051894,1860.5,464,3,1860.9,306,2,1860.4,627,4,1861.0,412,3,1860.3,790,4,1861.1,519,3,1860.2,954,5,1861.2,625,4,1860.1,1117,6,1861.3,731,4
P325_SYNTH_EVENT_001_20260714,2026-07-14T17:52:29+05:30,synthetic_calendar_rbi_policy_like,ADANIPORTS,-889,1784030860,1859.6872,1461614,1859.5,463,3,1859.9,305,2,1859.4,625,4,1860.0,411,3,1859.3,788,4,1860.1,517,3,1859.2,951,5,1860.2,623,4,1859.1,1115,6,1860.3,728,4
P325_SYNTH_EVENT_001_20260714,2026-07-14T17:52:29+05:30,synthetic_calendar_rbi_policy_like,ADANIPORTS,-889,1784030860,1859.6848,601008,1859.5,463,3,1859.9,305,2,1859.4,625,4,1860.0,411,3,1859.3,788,4,1860.1,517,3,1859.2,951,5,1860.2,623,4,1859.1,1115,6,1860.3,728,4
P325_SYNTH_EVENT_001_20260714,2026-07-14T17:52:29+05:30,synthetic_calendar_rbi_policy_like,ADANIPORTS,-889,1784030860,1861.9985,1046842,1861.8,480,3,1862.2,306,2,1861.7,648,4,1862.3,413,3,1861.6,815,5,1862.4,521,3,1861.5,983,5,1862.5,629,4,1861.4,1150,6,1862.6,737,4
P325_SYNTH_EVENT_001_20260714,2026-07-14T17:52:29+05:30,synthetic_calendar_rbi_policy_like,ADANIPORTS,-889,1784030860,1861.2896,606060,1861.1,467,3,1861.5,307,2,1861.0,631,4,1861.6,414,3,1860.9,796,4,1861.7,520,3,1860.8,961,5,1861.8,625,4,1860.7,1127,6,1861.9,730,4
P325_SYNTH_EVENT_001_20260714,2026-07-14T17:52:29+05:30,synthetic_calendar_rbi_policy_like,ADANIPORTS,-889,1784030860,1859.4937,1041790,1859.3,468,3,1859.7,308,2,1859.2,632,4,1859.8,416,3,1859.1,796,4,1859.9,523,3,1859.0,961,5,1860.0,630,4,1858.9,1125,6,1860.1,737,4
P325_SYNTH_EVENT_001_20260714,2026-07-14T17:52:29+05:30,synthetic_calendar_rbi_policy_like,ADANIPORTS,-889,1784030860,1861.2937,174782,1861.1,467,3,1861.5,307,2,1861.0,631,4,1861.6,414,3,1860.9,796,4,1861.7,520,3,1860.8,961,5,1861.8,625,4,1860.7,1127,6,1861.9,730,4
P325_SYNTH_EVENT_001_20260714,2026-07-14T17:52:29+05:30,synthetic_calendar_rbi_policy_like,ADANIPORTS,-889,1784030860,1811.4937,168830,1811.3,481,3,1811.7,313,2,1811.2,649,4,1811.8,423,3,1811.1,816,5,1811.9,534,3,1811.0,983,5,1812.0,644,4,1810.9,1150,6,1812.1,755,4
P325_SYNTH_EVENT_001_20260714,2026-07-14T17:52:29+05:30,synthetic_calendar_rbi_policy_like,ADANIPORTS,-889,1784030860,1854.587,631470,1854.4,513,3,1854.8,347,2,1854.3,694,4,1854.9,467,3,1854.2,874,5,1855.0,588,3,1854.1,1054,6,1855.1,709,4,1854.0,1235,7,1855.2,829,5
P325_SYNTH_EVENT_001_20260714,2026-07-14T17:52:29+05:30,synthetic_calendar_rbi_policy_like,ADANIPORTS,-889,1784030860,1861.292,1466666,1861.1,467,3,1861.5,307,2,1861.0,631,4,1861.6,414,3,1860.9,796,4,1861.7,520,3,1860.8,961,5,1861.8,625,4,1860.7,1127,6,1861.9,730,4
P325_SYNTH_EVENT_001_20260714,2026-07-14T17:52:29+05:30,synthetic_calendar_rbi_policy_like,ADANIPORTS,-889,1784030860,1859.4969,1471718,1859.3,468,3,1859.7,308,2,1859.2,632,4,1859.8,416,3,1859.1,796,4,1859.9,523,3,1859.0,961,5,1860.0,630,4,1858.9,1125,6,1860.1,737,4
P325_SYNTH_EVENT_001_20260714,2026-07-14T17:52:29+05:30,synthetic_calendar_rbi_policy_like,ADANIPORTS,-889,1784030860,1859.4937,180734,1859.3,468,3,1859.7,308,2,1859.2,632,4,1859.8,416,3,1859.1,796,4,1859.9,523,3,1859.0,961,5,1860.0,630,4,1858.9,1125,6,1860.1,737,4
P325_SYNTH_EVENT_001_20260714,2026-07-14T17:52:29+05:30,synthetic_calendar_rbi_policy_like,ADANIPORTS,-889,1784030860,1861.9983,185186,1861.8,480,3,1862.2,306,2,1861.7,648,4,1862.3,413,3,1861.6,815,5,1862.4,521,3,1861.5,983,5,1862.5,629,4,1861.4,1150,6,1862.6,737,4
P325_SYNTH_EVENT_001_20260714,2026-07-14T17:52:29+05:30,synthetic_calendar_rbi_policy_like,ADANIPORTS,-889,1784030860,1862.0918,1056946,1861.9,464,3,1862.3,306,2,1861.8,628,4,1862.4,412,3,1861.7,792,4,1862.5,517,3,1861.6,957,5,1862.6,622,4,1861.5,1122,6,1862.7,726,4
P325_SYNTH_EVENT_001_20260714,2026-07-14T17:52:29+05:30,synthetic_calendar_rbi_policy_like,ADANIPORTS,-889,1784030860,1862.0902,626118,1861.9,464,3,1862.3,306,2,1861.8,628,4,1862.4,412,3,1861.7,792,4,1862.5,517,3,1861.6,957,5,1862.6,622,4,1861.5,1122,6,1862.7,726,4
P325_SYNTH_EVENT_001_20260714,2026-07-14T17:52:29+05:30,synthetic_calendar_rbi_policy_like,ADANIPORTS,-889,1784030860,1862.0902,195590,1861.9,464,3,1862.3,306,2,1861.8,628,4,1862.4,412,3,1861.7,792,4,1862.5,517,3,1861.6,957,5,1862.6,622,4,1861.5,1122,6,1862.7,726,4
P325_SYNTH_EVENT_001_20260714,2026-07-14T17:52:29+05:30,synthetic_calendar_rbi_policy_like,ADANIPORTS,-889,1784030860,1860.8856,158524,1860.7,457,3,1861.1,295,2,1860.6,617,4,1861.2,398,2,1860.5,777,4,1861.3,502,3,1860.4,936,5,1861.4,606,4,1860.3,1095,6,1861.5,710,4
P325_SYNTH_EVENT_001_20260714,2026-07-14T17:52:29+05:30,synthetic_calendar_rbi_policy_like,ADANIPORTS,-888,1784030861,1860.7098,1899849,1860.5,464,3,1860.9,306,2,1860.4,627,4,1861.0,412,3,1860.3,790,4,1861.1,519,3,1860.2,954,5,1861.2,625,4,1860.1,1117,6,1861.3,731,4
P325_SYNTH_EVENT_001_20260714,2026-07-14T17:52:29+05:30,synthetic_calendar_rbi_policy_like,ADANIPORTS,-888,1784030861,1862.0001,1477073,1861.8,480,3,1862.2,306,2,1861.7,648,4,1862.3,413,3,1861.6,815,5,1862.4,521,3,1861.5,983,5,1862.5,629,4,1861.4,1150,6,1862.6,737,4
P325_SYNTH_EVENT_001_20260714,2026-07-14T17:52:29+05:30,synthetic_calendar_rbi_policy_like,ADANIPORTS,-888,1784030861,1861.3144,1880541,1861.1,467,3,1861.5,307,2,1861.0,631,4,1861.6,414,3,1860.9,796,4,1861.7,520,3,1860.8,961,5,1861.8,625,4,1860.7,1127,6,1861.9,730,4
P325_SYNTH_EVENT_001_20260714,2026-07-14T17:52:29+05:30,synthetic_calendar_rbi_policy_like,ADANIPORTS,-888,1784030861,1859.5017,1889445,1859.3,468,3,1859.7,308,2,1859.2,632,4,1859.8,416,3,1859.1,796,4,1859.9,523,3,1859.0,961,5,1860.0,630,4,1858.9,1125,6,1860.1,737,4
P325_SYNTH_EVENT_001_20260714,2026-07-14T17:52:29+05:30,synthetic_calendar_rbi_policy_like,ADANIPORTS,-888,1784030861,1859.7064,1884993,1859.5,463,3,1859.9,305,2,1859.4,625,4,1860.0,411,3,1859.3,788,4,1860.1,517,3,1859.2,951,5,1860.2,623,4,1859.1,1115,6,1860.3,728,4
P325_SYNTH_EVENT_001_20260714,2026-07-14T17:52:29+05:30,synthetic_calendar_rbi_policy_like,ADANIPORTS,-888,1784030861,1860.9144,1874686,1860.7,457,3,1861.1,295,2,1860.6,617,4,1861.2,398,2,1860.5,777,4,1861.3,502,3,1860.4,936,5,1861.4,606,4,1860.3,1095,6,1861.5,710,4
P325_SYNTH_EVENT_001_20260714,2026-07-14T17:52:29+05:30,synthetic_calendar_rbi_policy_like,ADANIPORTS,-888,1784030861,1860.7082,1481525,1860.5,464,3,1860.9,306,2,1860.4,627,4,1861.0,412,3,1860.3,790,4,1861.1,519,3,1860.2,954,5,1861.2,625,4,1860.1,1117,6,1861.3,731,4
P325_SYNTH_EVENT_001_20260714,2026-07-14T17:52:29+05:30,synthetic_calendar_rbi_policy_like,ADANIPORTS,-888,1784030861,1861.0144,1870621,1860.8,484,3,1861.2,308,2,1860.7,653,4,1861.3,416,3,1860.6,822,5,1861.4,524,3,1860.5,991,5,1861.5,632,4,1860.4,1160,6,1861.6,741,4
P325_SYNTH_EVENT_001_20260714,2026-07-14T17:52:29+05:30,synthetic_calendar_rbi_policy_like,ADANIPORTS,-888,1784030861,1862.0098,1893897,1861.8,480,3,1862.2,306,2,1861.7,648,4,1862.3,413,3,1861.6,815,5,1862.4,521,3,1861.5,983,5,1862.5,629,4,1861.4,1150,6,1862.6,737,4
P325_SYNTH_EVENT_001_20260714,2026-07-14T17:52:29+05:30,synthetic_calendar_rbi_policy_like,ADANIPORTS,-888,1784030861,1862.1082,1487477,1861.9,464,3,1862.3,306,2,1861.8,628,4,1862.4,412,3,1861.7,792,4,1862.5,517,3,1861.6,957,5,1862.6,622,4,1861.5,1122,6,1862.7,726,4
P325_SYNTH_EVENT_001_20260714,2026-07-14T17:52:29+05:30,synthetic_calendar_rbi_policy_like,ADANIPORTS,-888,1784030861,1862.1098,1905801,1861.9,464,3,1862.3,306,2,1861.8,628,4,1862.4,412,3,1861.7,792,4,1862.5,517,3,1861.6,957,5,1862.6,622,4,1861.5,1122,6,1862.7,726,4
P325_SYNTH_EVENT_001_20260714,2026-07-14T17:52:29+05:30,synthetic_calendar_rbi_policy_like,ADANIPORTS,-888,1784030861,1862.0017,185189,1861.8,480,3,1862.2,306,2,1861.7,648,4,1862.3,413,3,1861.6,815,5,1862.4,521,3,1861.5,983,5,1862.5,629,4,1861.4,1150,6,1862.6,737,4
P325_SYNTH_EVENT_001_20260714,2026-07-14T17:52:29+05:30,synthetic_calendar_rbi_policy_like,ADANIPORTS,-888,1784030861,1861.3112,1036741,1861.1,467,3,1861.5,307,2,1861.0,631,4,1861.6,414,3,1860.9,796,4,1861.7,520,3,1860.8,961,5,1861.8,625,4,1860.7,1127,6,1861.9,730,4
P325_SYNTH_EVENT_001_20260714,2026-07-14T17:52:29+05:30,synthetic_calendar_rbi_policy_like,ADANIPORTS,-888,1784030861,1859.5064,180737,1859.3,468,3,1859.7,308,2,1859.2,632,4,1859.8,416,3,1859.1,796,4,1859.9,523,3,1859.0,961,5,1860.0,630,4,1858.9,1125,6,1860.1,737,4
P325_SYNTH_EVENT_001_20260714,2026-07-14T17:52:29+05:30,synthetic_calendar_rbi_policy_like,ADANIPORTS,-888,1784030861,1862.1082,1056949,1861.9,464,3,1862.3,306,2,1861.8,628,4,1862.4,412,3,1861.7,792,4,1862.5,517,3,1861.6,957,5,1862.6,622,4,1861.5,1122,6,1862.7,726,4
P325_SYNTH_EVENT_001_20260714,2026-07-14T17:52:29+05:30,synthetic_calendar_rbi_policy_like,ADANIPORTS,-888,1784030861,1811.5064,168833,1811.3,481,3,1811.7,313,2,1811.2,649,4,1811.8,423,3,1811.1,816,5,1811.9,534,3,1811.0,983,5,1812.0,644,4,1810.9,1150,6,1812.1,755,4
P325_SYNTH_EVENT_001_20260714,2026-07-14T17:52:29+05:30,synthetic_calendar_rbi_policy_like,ADANIPORTS,-888,1784030861,1862.1098,626121,1861.9,464,3,1862.3,306,2,1861.8,628,4,1862.4,412,3,1861.7,792,4,1862.5,517,3,1861.6,957,5,1862.6,622,4,1861.5,1122,6,1862.7,726,4
P325_SYNTH_EVENT_001_20260714,2026-07-14T17:52:29+05:30,synthetic_calendar_rbi_policy_like,ADANIPORTS,-888,1784030861,1861.308,1466669,1861.1,467,3,1861.5,307,2,1861.0,631,4,1861.6,414,3,1860.9,796,4,1861.7,520,3,1860.8,961,5,1861.8,625,4,1860.7,1127,6,1861.9,730,4
P325_SYNTH_EVENT_001_20260714,2026-07-14T17:52:29+05:30,synthetic_calendar_rbi_policy_like,ADANIPORTS,-888,1784030861,1859.7152,601011,1859.5,463,3,1859.9,305,2,1859.4,625,4,1860.0,411,3,1859.3,788,4,1860.1,517,3,1859.2,951,5,1860.2,623,4,1859.1,1115,6,1860.3,728,4
P325_SYNTH_EVENT_001_20260714,2026-07-14T17:52:29+05:30,synthetic_calendar_rbi_policy_like,ADANIPORTS,-888,1784030861,1859.5064,1041793,1859.3,468,3,1859.7,308,2,1859.2,632,4,1859.8,416,3,1859.1,796,4,1859.9,523,3,1859.0,961,5,1860.0,630,4,1858.9,1125,6,1860.1,737,4
P325_SYNTH_EVENT_001_20260714,2026-07-14T17:52:29+05:30,synthetic_calendar_rbi_policy_like,ADANIPORTS,-888,1784030861,1861.3064,174785,1861.1,467,3,1861.5,307,2,1861.0,631,4,1861.6,414,3,1860.9,796,4,1861.7,520,3,1860.8,961,5,1861.8,625,4,1860.7,1127,6,1861.9,730,4
P325_SYNTH_EVENT_001_20260714,2026-07-14T17:52:29+05:30,synthetic_calendar_rbi_policy_like,ADANIPORTS,-888,1784030861,1861.3104,606063,1861.1,467,3,1861.5,307,2,1861.0,631,4,1861.6,414,3,1860.9,796,4,1861.7,520,3,1860.8,961,5,1861.8,625,4,1860.7,1127,6,1861.9,730,4
P325_SYNTH_EVENT_001_20260714,2026-07-14T17:52:29+05:30,synthetic_calendar_rbi_policy_like,ADANIPORTS,-888,1784030861,1854.613,631473,1854.4,513,3,1854.8,347,2,1854.3,694,4,1854.9,467,3,1854.2,874,5,1855.0,588,3,1854.1,1054,6,1855.1,709,4,1854.0,1235,7,1855.2,829,5
P325_SYNTH_EVENT_001_20260714,2026-07-14T17:52:29+05:30,synthetic_calendar_rbi_policy_like,ADANIPORTS,-888,1784030861,1862.0015,1046845,1861.8,480,3,1862.2,306,2,1861.7,648,4,1862.3,413,3,1861.6,815,5,1862.4,521,3,1861.5,983,5,1862.5,629,4,1861.4,1150,6,1862.6,737,4
P325_SYNTH_EVENT_001_20260714,2026-07-14T17:52:29+05:30,synthetic_calendar_rbi_policy_like,ADANIPORTS,-888,1784030861,1859.5031,1471721,1859.3,468,3,1859.7,308,2,1859.2,632,4,1859.8,416,3,1859.1,796,4,1859.9,523,3,1859.0,961,5,1860.0,630,4,1858.9,1125,6,1860.1,737,4
P325_SYNTH_EVENT_001_20260714,2026-07-14T17:52:29+05:30,synthetic_calendar_rbi_policy_like,ADANIPORTS,-888,1784030861,1862.1098,195593,1861.9,464,3,1862.3,306,2,1861.8,628,4,1862.4,412,3,1861.7,792,4,1862.5,517,3,1861.6,957,5,1862.6,622,4,1861.5,1122,6,1862.7,726,4
P325_SYNTH_EVENT_001_20260714,2026-07-14T17:52:29+05:30,synthetic_calendar_rbi_policy_like,ADANIPORTS,-888,1784030861,1862.0001,616017,1861.8,480,3,1862.2,306,2,1861.7,648,4,1862.3,413,3,1861.6,815,5,1862.4,521,3,1861.5,983,5,1862.5,629,4,1861.4,1150,6,1862.6,737,4
P325_SYNTH_EVENT_001_20260714,2026-07-14T17:52:29+05:30,synthetic_calendar_rbi_policy_like,ADANIPORTS,-888,1784030861,1860.7033,1051897,1860.5,464,3,1860.9,306,2,1860.4,627,4,1861.0,412,3,1860.3,790,4,1861.1,519,3,1860.2,954,5,1861.2,625,4,1860.1,1117,6,1861.3,731,4
P325_SYNTH_EVENT_001_20260714,2026-07-14T17:52:29+05:30,synthetic_calendar_rbi_policy_like,ADANIPORTS,-888,1784030861,1854.613,1062001,1854.4,513,3,1854.8,347,2,1854.3,694,4,1854.9,467,3,1854.2,874,5,1855.0,588,3,1854.1,1054,6,1855.1,709,4,1854.0,1235,7,1855.2,829,5
P325_SYNTH_EVENT_001_20260714,2026-07-14T17:52:29+05:30,synthetic_calendar_rbi_policy_like,ADANIPORTS,-888,1784030861,1860.9144,158526,1860.7,457,3,1861.1,295,2,1860.6,617,4,1861.2,398,2,1860.5,777,4,1861.3,502,3,1860.4,936,5,1861.4,606,4,1860.3,1095,6,1861.5,710,4
P325_SYNTH_EVENT_001_20260714,2026-07-14T17:52:29+05:30,synthetic_calendar_rbi_policy_like,ADANIPORTS,-888,1784030861,1859.5048,610965,1859.3,468,3,1859.7,308,2,1859.2,632,4,1859.8,416,3,1859.1,796,4,1859.9,523,3,1859.0,961,5,1860.0,630,4,1858.9,1125,6,1860.1,737,4
P325_SYNTH_EVENT_001_20260714,2026-07-14T17:52:29+05:30,synthetic_calendar_rbi_policy_like,ADANIPORTS,-888,1784030861,1859.7144,164381,1859.5,463,3,1859.9,305,2,1859.4,625,4,1860.0,411,3,1859.3,788,4,1860.1,517,3,1859.2,951,5,1860.2,623,4,1859.1,1115,6,1860.3,728,4
P325_SYNTH_EVENT_001_20260714,2026-07-14T17:52:29+05:30,synthetic_calendar_rbi_policy_like,ADANIPORTS,-888,1784030861,1860.7041,621219,1860.5,464,3,1860.9,306,2,1860.4,627,4,1861.0,412,3,1860.3,790,4,1861.1,519,3,1860.2,954,5,1861.2,625,4,1860.1,1117,6,1861.3,731,4
P325_SYNTH_EVENT_001_20260714,2026-07-14T17:52:29+05:30,synthetic_calendar_rbi_policy_like,ADANIPORTS,-888,1784030861,1859.7128,1461617,1859.5,463,3,1859.9,305,2,1859.4,625,4,1860.0,411,3,1859.3,788,4,1860.1,517,3,1859.2,951,5,1860.2,623,4,1859.1,1115,6,1860.3,728,4
P325_SYNTH_EVENT_001_20260714,2026-07-14T17:52:29+05:30,synthetic_calendar_rbi_policy_like,ADANIPORTS,-888,1784030861,1860.7098,189641,1860.5,464,3,1860.9,306,2,1860.4,627,4,1861.0,412,3,1860.3,790,4,1861.1,519,3,1860.2,954,5,1861.2,625,4,1860.1,1117,6,1861.3,731,4
P325_SYNTH_EVENT_001_20260714,2026-07-14T17:52:29+05:30,synthetic_calendar_rbi_policy_like,ADANIPORTS,-887,1784030862,1862.0919,1487480,1861.9,464,3,1862.3,306,2,1861.8,628,4,1862.4,412,3,1861.7,792,4,1862.5,517,3,1861.6,957,5,1862.6,622,4,1861.5,1122,6,1862.7,726,4
P325_SYNTH_EVENT_001_20260714,2026-07-14T17:52:29+05:30,synthetic_calendar_rbi_policy_like,ADANIPORTS,-887,1784030862,1860.9855,1870624,1860.8,484,3,1861.2,308,2,1860.7,653,4,1861.3,416,3,1860.6,822,5,1861.4,524,3,1860.5,991,5,1861.5,632,4,1860.4,1160,6,1861.6,741,4
P325_SYNTH_EVENT_001_20260714,2026-07-14T17:52:29+05:30,synthetic_calendar_rbi_policy_like,ADANIPORTS,-887,1784030862,1860.6919,1481528,1860.5,464,3,1860.9,306,2,1860.4,627,4,1861.0,412,3,1860.3,790,4,1861.1,519,3,1860.2,954,5,1861.2,625,4,1860.1,1117,6,1861.3,731,4
P325_SYNTH_EVENT_001_20260714,2026-07-14T17:52:29+05:30,synthetic_calendar_rbi_policy_like,ADANIPORTS,-887,1784030862,1861.2855,1880544,1861.1,467,3,1861.5,307,2,1861.0,631,4,1861.6,414,3,1860.9,796,4,1861.7,520,3,1860.8,961,5,1861.8,625,4,1860.7,1127,6,1861.9,730,4
P325_SYNTH_EVENT_001_20260714,2026-07-14T17:52:29+05:30,synthetic_calendar_rbi_policy_like,ADANIPORTS,-887,1784030862,1859.4983,1889448,1859.3,468,3,1859.7,308,2,1859.2,632,4,1859.8,416,3,1859.1,796,4,1859.9,523,3,1859.0,961,5,1860.0,630,4,1858.9,1125,6,1860.1,737,4
P325_SYNTH_EVENT_001_20260714,2026-07-14T17:52:29+05:30,synthetic_calendar_rbi_policy_like,ADANIPORTS,-887,1784030862,1859.6936,1884996,1859.5,463,3,1859.9,305,2,1859.4,625,4,1860.0,411,3,1859.3,788,4,1860.1,517,3,1859.2,951,5,1860.2,623,4,1859.1,1115,6,1860.3,728,4
P325_SYNTH_EVENT_001_20260714,2026-07-14T17:52:29+05:30,synthetic_calendar_rbi_policy_like,ADANIPORTS,-887,1784030862,1861.9999,1477076,1861.8,480,3,1862.2,306,2,1861.7,648,4,1862.3,413,3,1861.6,815,5,1862.4,521,3,1861.5,983,5,1862.5,629,4,1861.4,1150,6,1862.6,737,4
P325_SYNTH_EVENT_001_20260714,2026-07-14T17:52:29+05:30,synthetic_calendar_rbi_policy_like,ADANIPORTS,-887,1784030862,1860.8855,1874688,1860.7,457,3,1861.1,295,2,1860.6,617,4,1861.2,398,2,1860.5,777,4,1861.3,502,3,1860.4,936,5,1861.4,606,4,1860.3,1095,6,1861.5,710,4
P325_SYNTH_EVENT_001_20260714,2026-07-14T17:52:29+05:30,synthetic_calendar_rbi_policy_like,ADANIPORTS,-887,1784030862,1862.0902,1905804,1861.9,464,3,1862.3,306,2,1861.8,628,4,1862.4,412,3,1861.7,792,4,1862.5,517,3,1861.6,957,5,1862.6,622,4,1861.5,1122,6,1862.7,726,4
P325_SYNTH_EVENT_001_20260714,2026-07-14T17:52:29+05:30,synthetic_calendar_rbi_policy_like,ADANIPORTS,-887,1784030862,1860.6902,1899852,1860.5,464,3,1860.9,306,2,1860.4,627,4,1861.0,412,3,1860.3,790,4,1861.1,519,3,1860.2,954,5,1861.2,625,4,1860.1,1117,6,1861.3,731,4
P325_SYNTH_EVENT_001_20260714,2026-07-14T17:52:29+05:30,synthetic_calendar_rbi_policy_like,ADANIPORTS,-887,1784030862,1861.9902,1893900,1861.8,480,3,1862.2,306,2,1861.7,648,4,1862.3,413,3,1861.6,815,5,1862.4,521,3,1861.5,983,5,1862.5,629,4,1861.4,1150,6,1862.6,737,4
P325_SYNTH_EVENT_001_20260714,2026-07-14T17:52:29+05:30,synthetic_calendar_rbi_policy_like,ADANIPORTS,-887,1784030862,1859.4968,1471724,1859.3,468,3,1859.7,308,2,1859.2,632,4,1859.8,416,3,1859.1,796,4,1859.9,523,3,1859.0,961,5,1860.0,630,4,1858.9,1125,6,1860.1,737,4
P325_SYNTH_EVENT_001_20260714,2026-07-14T17:52:29+05:30,synthetic_calendar_rbi_policy_like,ADANIPORTS,-887,1784030862,1859.4936,180740,1859.3,468,3,1859.7,308,2,1859.2,632,4,1859.8,416,3,1859.1,796,4,1859.9,523,3,1859.0,961,5,1860.0,630,4,1858.9,1125,6,1860.1,737,4
P325_SYNTH_EVENT_001_20260714,2026-07-14T17:52:29+05:30,synthetic_calendar_rbi_policy_like,ADANIPORTS,-887,1784030862,1859.4952,610968,1859.3,468,3,1859.7,308,2,1859.2,632,4,1859.8,416,3,1859.1,796,4,1859.9,523,3,1859.0,961,5,1860.0,630,4,1858.9,1125,6,1860.1,737,4
P325_SYNTH_EVENT_001_20260714,2026-07-14T17:52:29+05:30,synthetic_calendar_rbi_policy_like,ADANIPORTS,-887,1784030862,1862.0919,1056952,1861.9,464,3,1862.3,306,2,1861.8,628,4,1862.4,412,3,1861.7,792,4,1862.5,517,3,1861.6,957,5,1862.6,622,4,1861.5,1122,6,1862.7,726,4
P325_SYNTH_EVENT_001_20260714,2026-07-14T17:52:29+05:30,synthetic_calendar_rbi_policy_like,ADANIPORTS,-887,1784030862,1862.0902,195596,1861.9,464,3,1862.3,306,2,1861.8,628,4,1862.4,412,3,1861.7,792,4,1862.5,517,3,1861.6,957,5,1862.6,622,4,1861.5,1122,6,1862.7,726,4
P325_SYNTH_EVENT_001_20260714,2026-07-14T17:52:29+05:30,synthetic_calendar_rbi_policy_like,ADANIPORTS,-887,1784030862,1860.6959,621222,1860.5,464,3,1860.9,306,2,1860.4,627,4,1861.0,412,3,1860.3,790,4,1861.1,519,3,1860.2,954,5,1861.2,625,4,1860.1,1117,6,1861.3,731,4
P325_SYNTH_EVENT_001_20260714,2026-07-14T17:52:29+05:30,synthetic_calendar_rbi_policy_like,ADANIPORTS,-887,1784030862,1854.587,1062004,1854.4,513,3,1854.8,347,2,1854.3,694,4,1854.9,467,3,1854.2,874,5,1855.0,588,3,1854.1,1054,6,1855.1,709,4,1854.0,1235,7,1855.2,829,5
P325_SYNTH_EVENT_001_20260714,2026-07-14T17:52:29+05:30,synthetic_calendar_rbi_policy_like,ADANIPORTS,-887,1784030862,1862.0902,626124,1861.9,464,3,1862.3,306,2,1861.8,628,4,1862.4,412,3,1861.7,792,4,1862.5,517,3,1861.6,957,5,1862.6,622,4,1861.5,1122,6,1862.7,726,4
P325_SYNTH_EVENT_001_20260714,2026-07-14T17:52:29+05:30,synthetic_calendar_rbi_policy_like,ADANIPORTS,-887,1784030862,1861.2896,606066,1861.1,467,3,1861.5,307,2,1861.0,631,4,1861.6,414,3,1860.9,796,4,1861.7,520,3,1860.8,961,5,1861.8,625,4,1860.7,1127,6,1861.9,730,4
P325_SYNTH_EVENT_001_20260714,2026-07-14T17:52:29+05:30,synthetic_calendar_rbi_policy_like,ADANIPORTS,-887,1784030862,1861.2888,1036744,1861.1,467,3,1861.5,307,2,1861.0,631,4,1861.6,414,3,1860.9,796,4,1861.7,520,3,1860.8,961,5,1861.8,625,4,1860.7,1127,6,1861.9,730,4
P325_SYNTH_EVENT_001_20260714,2026-07-14T17:52:29+05:30,synthetic_calendar_rbi_policy_like,ADANIPORTS,-887,1784030862,1861.9983,185192,1861.8,480,3,1862.2,306,2,1861.7,648,4,1862.3,413,3,1861.6,815,5,1862.4,521,3,1861.5,983,5,1862.5,629,4,1861.4,1150,6,1862.6,737,4
P325_SYNTH_EVENT_001_20260714,2026-07-14T17:52:29+05:30,synthetic_calendar_rbi_policy_like,ADANIPORTS,-887,1784030862,1811.4936,168836,1811.3,481,3,1811.7,313,2,1811.2,649,4,1811.8,423,3,1811.1,816,5,1811.9,534,3,1811.0,983,5,1812.0,644,4,1810.9,1150,6,1812.1,755,4
P325_SYNTH_EVENT_001_20260714,2026-07-14T17:52:29+05:30,synthetic_calendar_rbi_policy_like,ADANIPORTS,-887,1784030862,1861.2936,174788,1861.1,467,3,1861.5,307,2,1861.0,631,4,1861.6,414,3,1860.9,796,4,1861.7,520,3,1860.8,961,5,1861.8,625,4,1860.7,1127,6,1861.9,730,4
P325_SYNTH_EVENT_001_20260714,2026-07-14T17:52:29+05:30,synthetic_calendar_rbi_policy_like,ADANIPORTS,-887,1784030862,1861.9985,1046848,1861.8,480,3,1862.2,306,2,1861.7,648,4,1862.3,413,3,1861.6,815,5,1862.4,521,3,1861.5,983,5,1862.5,629,4,1861.4,1150,6,1862.6,737,4
P325_SYNTH_EVENT_001_20260714,2026-07-14T17:52:29+05:30,synthetic_calendar_rbi_policy_like,ADANIPORTS,-887,1784030862,1861.292,1466672,1861.1,467,3,1861.5,307,2,1861.0,631,4,1861.6,414,3,1860.9,796,4,1861.7,520,3,1860.8,961,5,1861.8,625,4,1860.7,1127,6,1861.9,730,4
P325_SYNTH_EVENT_001_20260714,2026-07-14T17:52:29+05:30,synthetic_calendar_rbi_policy_like,ADANIPORTS,-887,1784030862,1860.6967,1051900,1860.5,464,3,1860.9,306,2,1860.4,627,4,1861.0,412,3,1860.3,790,4,1861.1,519,3,1860.2,954,5,1861.2,625,4,1860.1,1117,6,1861.3,731,4
P325_SYNTH_EVENT_001_20260714,2026-07-14T17:52:29+05:30,synthetic_calendar_rbi_policy_like,ADANIPORTS,-887,1784030862,1861.9999,616020,1861.8,480,3,1862.2,306,2,1861.7,648,4,1862.3,413,3,1861.6,815,5,1862.4,521,3,1861.5,983,5,1862.5,629,4,1861.4,1150,6,1862.6,737,4
P325_SYNTH_EVENT_001_20260714,2026-07-14T17:52:29+05:30,synthetic_calendar_rbi_policy_like,ADANIPORTS,-887,1784030862,1859.6855,164384,1859.5,463,3,1859.9,305,2,1859.4,625,4,1860.0,411,3,1859.3,788,4,1860.1,517,3,1859.2,951,5,1860.2,623,4,1859.1,1115,6,1860.3,728,4
P325_SYNTH_EVENT_001_20260714,2026-07-14T17:52:29+05:30,synthetic_calendar_rbi_policy_like,ADANIPORTS,-887,1784030862,1859.4936,1041796,1859.3,468,3,1859.7,308,2,1859.2,632,4,1859.8,416,3,1859.1,796,4,1859.9,523,3,1859.0,961,5,1860.0,630,4,1858.9,1125,6,1860.1,737,4
P325_SYNTH_EVENT_001_20260714,2026-07-14T17:52:29+05:30,synthetic_calendar_rbi_policy_like,ADANIPORTS,-887,1784030862,1859.6872,1461620,1859.5,463,3,1859.9,305,2,1859.4,625,4,1860.0,411,3,1859.3,788,4,1860.1,517,3,1859.2,951,5,1860.2,623,4,1859.1,1115,6,1860.3,728,4
P325_SYNTH_EVENT_001_20260714,2026-07-14T17:52:29+05:30,synthetic_calendar_rbi_policy_like,ADANIPORTS,-887,1784030862,1860.6902,189644,1860.5,464,3,1860.9,306,2,1860.4,627,4,1861.0,412,3,1860.3,790,4,1861.1,519,3,1860.2,954,5,1861.2,625,4,1860.1,1117,6,1861.3,731,4
P325_SYNTH_EVENT_001_20260714,2026-07-14T17:52:29+05:30,synthetic_calendar_rbi_policy_like,ADANIPORTS,-887,1784030862,1854.587,631476,1854.4,513,3,1854.8,347,2,1854.3,694,4,1854.9,467,3,1854.2,874,5,1855.0,588,3,1854.1,1054,6,1855.1,709,4,1854.0,1235,7,1855.2,829,5
P325_SYNTH_EVENT_001_20260714,2026-07-14T17:52:29+05:30,synthetic_calendar_rbi_policy_like,ADANIPORTS,-887,1784030862,1860.8855,158528,1860.7,457,3,1861.1,295,2,1860.6,617,4,1861.2,398,2,1860.5,777,4,1861.3,502,3,1860.4,936,5,1861.4,606,4,1860.3,1095,6,1861.5,710,4
P325_SYNTH_EVENT_001_20260714,2026-07-14T17:52:29+05:30,synthetic_calendar_rbi_policy_like,ADANIPORTS,-887,1784030862,1859.6847,601014,1859.5,463,3,1859.9,305,2,1859.4,625,4,1860.0,411,3,1859.3,788,4,1860.1,517,3,1859.2,951,5,1860.2,623,4,1859.1,1115,6,1860.3,728,4
P325_SYNTH_EVENT_001_20260714,2026-07-14T17:52:29+05:30,synthetic_calendar_rbi_policy_like,ADANIPORTS,-886,1784030863,1862.0001,1477079,1861.8,480,3,1862.2,306,2,1861.7,648,4,1862.3,413,3,1861.6,815,5,1862.4,521,3,1861.5,983,5,1862.5,629,4,1861.4,1150,6,1862.6,737,4
P325_SYNTH_EVENT_001_20260714,2026-07-14T17:52:29+05:30,synthetic_calendar_rbi_policy_like,ADANIPORTS,-886,1784030863,1861.0145,1870627,1860.8,484,3,1861.2,308,2,1860.7,653,4,1861.3,416,3,1860.6,822,5,1861.4,524,3,1860.5,991,5,1861.5,632,4,1860.4,1160,6,1861.6,741,4
P325_SYNTH_EVENT_001_20260714,2026-07-14T17:52:29+05:30,synthetic_calendar_rbi_policy_like,ADANIPORTS,-886,1784030863,1862.0097,1893903,1861.8,480,3,1862.2,306,2,1861.7,648,4,1862.3,413,3,1861.6,815,5,1862.4,521,3,1861.5,983,5,1862.5,629,4,1861.4,1150,6,1862.6,737,4
P325_SYNTH_EVENT_001_20260714,2026-07-14T17:52:29+05:30,synthetic_calendar_rbi_policy_like,ADANIPORTS,-886,1784030863,1860.7081,1481531,1860.5,464,3,1860.9,306,2,1860.4,627,4,1861.0,412,3,1860.3,790,4,1861.1,519,3,1860.2,954,5,1861.2,625,4,1860.1,1117,6,1861.3,731,4
P325_SYNTH_EVENT_001_20260714,2026-07-14T17:52:29+05:30,synthetic_calendar_rbi_policy_like,ADANIPORTS,-886,1784030863,1860.9145,1874690,1860.7,457,3,1861.1,295,2,1860.6,617,4,1861.2,398,2,1860.5,777,4,1861.3,502,3,1860.4,936,5,1861.4,606,4,1860.3,1095,6,1861.5,710,4
P325_SYNTH_EVENT_001_20260714,2026-07-14T17:52:29+05:30,synthetic_calendar_rbi_policy_like,ADANIPORTS,-886,1784030863,1862.1081,1487483,1861.9,464,3,1862.3,306,2,1861.8,628,4,1862.4,412,3,1861.7,792,4,1862.5,517,3,1861.6,957,5,1862.6,622,4,1861.5,1122,6,1862.7,726,4
P325_SYNTH_EVENT_001_20260714,2026-07-14T17:52:29+05:30,synthetic_calendar_rbi_policy_like,ADANIPORTS,-886,1784030863,1862.1097,1905807,1861.9,464,3,1862.3,306,2,1861.8,628,4,1862.4,412,3,1861.7,792,4,1862.5,517,3,1861.6,957,5,1862.6,622,4,1861.5,1122,6,1862.7,726,4
P325_SYNTH_EVENT_001_20260714,2026-07-14T17:52:29+05:30,synthetic_calendar_rbi_policy_like,ADANIPORTS,-886,1784030863,1859.5017,1889451,1859.3,468,3,1859.7,308,2,1859.2,632,4,1859.8,416,3,1859.1,796,4,1859.9,523,3,1859.0,961,5,1860.0,630,4,1858.9,1125,6,1860.1,737,4
P325_SYNTH_EVENT_001_20260714,2026-07-14T17:52:29+05:30,synthetic_calendar_rbi_policy_like,ADANIPORTS,-886,1784030863,1859.7064,1884999,1859.5,463,3,1859.9,305,2,1859.4,625,4,1860.0,411,3,1859.3,788,4,1860.1,517,3,1859.2,951,5,1860.2,623,4,1859.1,1115,6,1860.3,728,4
P325_SYNTH_EVENT_001_20260714,2026-07-14T17:52:29+05:30,synthetic_calendar_rbi_policy_like,ADANIPORTS,-886,1784030863,1861.3145,1880547,1861.1,467,3,1861.5,307,2,1861.0,631,4,1861.6,414,3,1860.9,796,4,1861.7,520,3,1860.8,961,5,1861.8,625,4,1860.7,1127,6,1861.9,730,4
P325_SYNTH_EVENT_001_20260714,2026-07-14T17:52:29+05:30,synthetic_calendar_rbi_policy_like,ADANIPORTS,-886,1784030863,1860.7097,1899855,1860.5,464,3,1860.9,306,2,1860.4,627,4,1861.0,412,3,1860.3,790,4,1861.1,519,3,1860.2,954,5,1861.2,625,4,1860.1,1117,6,1861.3,731,4
P325_SYNTH_EVENT_001_20260714,2026-07-14T17:52:29+05:30,synthetic_calendar_rbi_policy_like,ADANIPORTS,-886,1784030863,1859.5064,180743,1859.3,468,3,1859.7,308,2,1859.2,632,4,1859.8,416,3,1859.1,796,4,1859.9,523,3,1859.0,961,5,1860.0,630,4,1858.9,1125,6,1860.1,737,4
P325_SYNTH_EVENT_001_20260714,2026-07-14T17:52:29+05:30,synthetic_calendar_rbi_policy_like,ADANIPORTS,-886,1784030863,1854.613,1062007,1854.4,513,3,1854.8,347,2,1854.3,694,4,1854.9,467,3,1854.2,874,5,1855.0,588,3,1854.1,1054,6,1855.1,709,4,1854.0,1235,7,1855.2,829,5
P325_SYNTH_EVENT_001_20260714,2026-07-14T17:52:29+05:30,synthetic_calendar_rbi_policy_like,ADANIPORTS,-886,1784030863,1859.7129,1461623,1859.5,463,3,1859.9,305,2,1859.4,625,4,1860.0,411,3,1859.3,788,4,1860.1,517,3,1859.2,951,5,1860.2,623,4,1859.1,1115,6,1860.3,728,4
P325_SYNTH_EVENT_001_20260714,2026-07-14T17:52:29+05:30,synthetic_calendar_rbi_policy_like,ADANIPORTS,-886,1784030863,1861.3104,606069,1861.1,467,3,1861.5,307,2,1861.0,631,4,1861.6,414,3,1860.9,796,4,1861.7,520,3,1860.8,961,5,1861.8,625,4,1860.7,1127,6,1861.9,730,4
P325_SYNTH_EVENT_001_20260714,2026-07-14T17:52:29+05:30,synthetic_calendar_rbi_policy_like,ADANIPORTS,-886,1784030863,1860.7097,189647,1860.5,464,3,1860.9,306,2,1860.4,627,4,1861.0,412,3,1860.3,790,4,1861.1,519,3,1860.2,954,5,1861.2,625,4,1860.1,1117,6,1861.3,731,4
P325_SYNTH_EVENT_001_20260714,2026-07-14T17:52:29+05:30,synthetic_calendar_rbi_policy_like,ADANIPORTS,-886,1784030863,1854.613,631479,1854.4,513,3,1854.8,347,2,1854.3,694,4,1854.9,467,3,1854.2,874,5,1855.0,588,3,1854.1,1054,6,1855.1,709,4,1854.0,1235,7,1855.2,829,5
P325_SYNTH_EVENT_001_20260714,2026-07-14T17:52:29+05:30,synthetic_calendar_rbi_policy_like,ADANIPORTS,-886,1784030863,1860.9145,158530,1860.7,457,3,1861.1,295,2,1860.6,617,4,1861.2,398,2,1860.5,777,4,1861.3,502,3,1860.4,936,5,1861.4,606,4,1860.3,1095,6,1861.5,710,4
P325_SYNTH_EVENT_001_20260714,2026-07-14T17:52:29+05:30,synthetic_calendar_rbi_policy_like,ADANIPORTS,-886,1784030863,1859.7145,164387,1859.5,463,3,1859.9,305,2,1859.4,625,4,1860.0,411,3,1859.3,788,4,1860.1,517,3,1859.2,951,5,1860.2,623,4,1859.1,1115,6,1860.3,728,4
P325_SYNTH_EVENT_001_20260714,2026-07-14T17:52:29+05:30,synthetic_calendar_rbi_policy_like,ADANIPORTS,-886,1784030863,1859.5064,1041799,1859.3,468,3,1859.7,308,2,1859.2,632,4,1859.8,416,3,1859.1,796,4,1859.9,523,3,1859.0,961,5,1860.0,630,4,1858.9,1125,6,1860.1,737,4
P325_SYNTH_EVENT_001_20260714,2026-07-14T17:52:29+05:30,synthetic_calendar_rbi_policy_like,ADANIPORTS,-886,1784030863,1861.308,1466675,1861.1,467,3,1861.5,307,2,1861.0,631,4,1861.6,414,3,1860.9,796,4,1861.7,520,3,1860.8,961,5,1861.8,625,4,1860.7,1127,6,1861.9,730,4
P325_SYNTH_EVENT_001_20260714,2026-07-14T17:52:29+05:30,synthetic_calendar_rbi_policy_like,ADANIPORTS,-886,1784030863,1860.7033,1051903,1860.5,464,3,1860.9,306,2,1860.4,627,4,1861.0,412,3,1860.3,790,4,1861.1,519,3,1860.2,954,5,1861.2,625,4,1860.1,1117,6,1861.3,731,4
P325_SYNTH_EVENT_001_20260714,2026-07-14T17:52:29+05:30,synthetic_calendar_rbi_policy_like,ADANIPORTS,-886,1784030863,1862.0016,1046851,1861.8,480,3,1862.2,306,2,1861.7,648,4,1862.3,413,3,1861.6,815,5,1862.4,521,3,1861.5,983,5,1862.5,629,4,1861.4,1150,6,1862.6,737,4
P325_SYNTH_EVENT_001_20260714,2026-07-14T17:52:29+05:30,synthetic_calendar_rbi_policy_like,ADANIPORTS,-886,1784030863,1862.0001,616023,1861.8,480,3,1862.2,306,2,1861.7,648,4,1862.3,413,3,1861.6,815,5,1862.4,521,3,1861.5,983,5,1862.5,629,4,1861.4,1150,6,1862.6,737,4
P325_SYNTH_EVENT_001_20260714,2026-07-14T17:52:29+05:30,synthetic_calendar_rbi_policy_like,ADANIPORTS,-886,1784030863,1811.5064,168839,1811.3,481,3,1811.7,313,2,1811.2,649,4,1811.8,423,3,1811.1,816,5,1811.9,534,3,1811.0,983,5,1812.0,644,4,1810.9,1150,6,1812.1,755,4
P325_SYNTH_EVENT_001_20260714,2026-07-14T17:52:29+05:30,synthetic_calendar_rbi_policy_like,ADANIPORTS,-886,1784030863,1861.3064,174791,1861.1,467,3,1861.5,307,2,1861.0,631,4,1861.6,414,3,1860.9,796,4,1861.7,520,3,1860.8,961,5,1861.8,625,4,1860.7,1127,6,1861.9,730,4
P325_SYNTH_EVENT_001_20260714,2026-07-14T17:52:29+05:30,synthetic_calendar_rbi_policy_like,ADANIPORTS,-886,1784030863,1861.3112,1036747,1861.1,467,3,1861.5,307,2,1861.0,631,4,1861.6,414,3,1860.9,796,4,1861.7,520,3,1860.8,961,5,1861.8,625,4,1860.7,1127,6,1861.9,730,4
P325_SYNTH_EVENT_001_20260714,2026-07-14T17:52:29+05:30,synthetic_calendar_rbi_policy_like,ADANIPORTS,-886,1784030863,1860.7041,621225,1860.5,464,3,1860.9,306,2,1860.4,627,4,1861.0,412,3,1860.3,790,4,1861.1,519,3,1860.2,954,5,1861.2,625,4,1860.1,1117,6,1861.3,731,4
P325_SYNTH_EVENT_001_20260714,2026-07-14T17:52:29+05:30,synthetic_calendar_rbi_policy_like,ADANIPORTS,-886,1784030863,1862.1097,626127,1861.9,464,3,1862.3,306,2,1861.8,628,4,1862.4,412,3,1861.7,792,4,1862.5,517,3,1861.6,957,5,1862.6,622,4,1861.5,1122,6,1862.7,726,4
P325_SYNTH_EVENT_001_20260714,2026-07-14T17:52:29+05:30,synthetic_calendar_rbi_policy_like,ADANIPORTS,-886,1784030863,1859.5032,1471727,1859.3,468,3,1859.7,308,2,1859.2,632,4,1859.8,416,3,1859.1,796,4,1859.9,523,3,1859.0,961,5,1860.0,630,4,1858.9,1125,6,1860.1,737,4
P325_SYNTH_EVENT_001_20260714,2026-07-14T17:52:29+05:30,synthetic_calendar_rbi_policy_like,ADANIPORTS,-886,1784030863,1862.1097,195599,1861.9,464,3,1862.3,306,2,1861.8,628,4,1862.4,412,3,1861.7,792,4,1862.5,517,3,1861.6,957,5,1862.6,622,4,1861.5,1122,6,1862.7,726,4
P325_SYNTH_EVENT_001_20260714,2026-07-14T17:52:29+05:30,synthetic_calendar_rbi_policy_like,ADANIPORTS,-886,1784030863,1862.1081,1056955,1861.9,464,3,1862.3,306,2,1861.8,628,4,1862.4,412,3,1861.7,792,4,1862.5,517,3,1861.6,957,5,1862.6,622,4,1861.5,1122,6,1862.7,726,4
P325_SYNTH_EVENT_001_20260714,2026-07-14T17:52:29+05:30,synthetic_calendar_rbi_policy_like,ADANIPORTS,-886,1784030863,1862.0017,185195,1861.8,480,3,1862.2,306,2,1861.7,648,4,1862.3,413,3,1861.6,815,5,1862.4,521,3,1861.5,983,5,1862.5,629,4,1861.4,1150,6,1862.6,737,4
P325_SYNTH_EVENT_001_20260714,2026-07-14T17:52:29+05:30,synthetic_calendar_rbi_policy_like,ADANIPORTS,-886,1784030863,1859.5048,610971,1859.3,468,3,1859.7,308,2,1859.2,632,4,1859.8,416,3,1859.1,796,4,1859.9,523,3,1859.0,961,5,1860.0,630,4,1858.9,1125,6,1860.1,737,4
P325_SYNTH_EVENT_001_20260714,2026-07-14T17:52:29+05:30,synthetic_calendar_rbi_policy_like,ADANIPORTS,-886,1784030863,1859.7153,601017,1859.5,463,3,1859.9,305,2,1859.4,625,4,1860.0,411,3,1859.3,788,4,1860.1,517,3,1859.2,951,5,1860.2,623,4,1859.1,1115,6,1860.3,728,4
P325_SYNTH_EVENT_001_20260714,2026-07-14T17:52:29+05:30,synthetic_calendar_rbi_policy_like,ADANIPORTS,-885,1784030864,1860.9855,1870630,1860.8,484,3,1861.2,308,2,1860.7,653,4,1861.3,416,3,1860.6,822,5,1861.4,524,3,1860.5,991,5,1861.5,632,4,1860.4,1160,6,1861.6,741,4
P325_SYNTH_EVENT_001_20260714,2026-07-14T17:52:29+05:30,synthetic_calendar_rbi_policy_like,ADANIPORTS,-885,1784030864,1861.9903,1893906,1861.8,480,3,1862.2,306,2,1861.7,648,4,1862.3,413,3,1861.6,815,5,1862.4,521,3,1861.5,983,5,1862.5,629,4,1861.4,1150,6,1862.6,737,4
P325_SYNTH_EVENT_001_20260714,2026-07-14T17:52:29+05:30,synthetic_calendar_rbi_policy_like,ADANIPORTS,-885,1784030864,1861.2855,1880550,1861.1,467,3,1861.5,307,2,1861.0,631,4,1861.6,414,3,1860.9,796,4,1861.7,520,3,1860.8,961,5,1861.8,625,4,1860.7,1127,6,1861.9,730,4
P325_SYNTH_EVENT_001_20260714,2026-07-14T17:52:29+05:30,synthetic_calendar_rbi_policy_like,ADANIPORTS,-885,1784030864,1862.0919,1487486,1861.9,464,3,1862.3,306,2,1861.8,628,4,1862.4,412,3,1861.7,792,4,1862.5,517,3,1861.6,957,5,1862.6,622,4,1861.5,1122,6,1862.7,726,4
P325_SYNTH_EVENT_001_20260714,2026-07-14T17:52:29+05:30,synthetic_calendar_rbi_policy_like,ADANIPORTS,-885,1784030864,1860.8855,1874692,1860.7,457,3,1861.1,295,2,1860.6,617,4,1861.2,398,2,1860.5,777,4,1861.3,502,3,1860.4,936,5,1861.4,606,4,1860.3,1095,6,1861.5,710,4
P325_SYNTH_EVENT_001_20260714,2026-07-14T17:52:29+05:30,synthetic_calendar_rbi_policy_like,ADANIPORTS,-885,1784030864,1859.4983,1889454,1859.3,468,3,1859.7,308,2,1859.2,632,4,1859.8,416,3,1859.1,796,4,1859.9,523,3,1859.0,961,5,1860.0,630,4,1858.9,1125,6,1860.1,737,4
P325_SYNTH_EVENT_001_20260714,2026-07-14T17:52:29+05:30,synthetic_calendar_rbi_policy_like,ADANIPORTS,-885,1784030864,1859.6936,1885002,1859.5,463,3,1859.9,305,2,1859.4,625,4,1860.0,411,3,1859.3,788,4,1860.1,517,3,1859.2,951,5,1860.2,623,4,1859.1,1115,6,1860.3,728,4
P325_SYNTH_EVENT_001_20260714,2026-07-14T17:52:29+05:30,synthetic_calendar_rbi_policy_like,ADANIPORTS,-885,1784030864,1862.0,1477082,1861.8,480,3,1862.2,306,2,1861.7,648,4,1862.3,413,3,1861.6,815,5,1862.4,521,3,1861.5,983,5,1862.5,629,4,1861.4,1150,6,1862.6,737,4
P325_SYNTH_EVENT_001_20260714,2026-07-14T17:52:29+05:30,synthetic_calendar_rbi_policy_like,ADANIPORTS,-885,1784030864,1860.6919,1481534,1860.5,464,3,1860.9,306,2,1860.4,627,4,1861.0,412,3,1860.3,790,4,1861.1,519,3,1860.2,954,5,1861.2,625,4,1860.1,1117,6,1861.3,731,4
P325_SYNTH_EVENT_001_20260714,2026-07-14T17:52:29+05:30,synthetic_calendar_rbi_policy_like,ADANIPORTS,-885,1784030864,1862.0903,1905810,1861.9,464,3,1862.3,306,2,1861.8,628,4,1862.4,412,3,1861.7,792,4,1862.5,517,3,1861.6,957,5,1862.6,622,4,1861.5,1122,6,1862.7,726,4
P325_SYNTH_EVENT_001_20260714,2026-07-14T17:52:29+05:30,synthetic_calendar_rbi_policy_like,ADANIPORTS,-885,1784030864,1860.6903,1899858,1860.5,464,3,1860.9,306,2,1860.4,627,4,1861.0,412,3,1860.3,790,4,1861.1,519,3,1860.2,954,5,1861.2,625,4,1860.1,1117,6,1861.3,731,4
P325_SYNTH_EVENT_001_20260714,2026-07-14T17:52:29+05:30,synthetic_calendar_rbi_policy_like,ADANIPORTS,-885,1784030864,1859.4968,1471730,1859.3,468,3,1859.7,308,2,1859.2,632,4,1859.8,416,3,1859.1,796,4,1859.9,523,3,1859.0,961,5,1860.0,630,4,1858.9,1125,6,1860.1,737,4
P325_SYNTH_EVENT_001_20260714,2026-07-14T17:52:29+05:30,synthetic_calendar_rbi_policy_like,ADANIPORTS,-885,1784030864,1860.8855,158532,1860.7,457,3,1861.1,295,2,1860.6,617,4,1861.2,398,2,1860.5,777,4,1861.3,502,3,1860.4,936,5,1861.4,606,4,1860.3,1095,6,1861.5,710,4
P325_SYNTH_EVENT_001_20260714,2026-07-14T17:52:29+05:30,synthetic_calendar_rbi_policy_like,ADANIPORTS,-885,1784030864,1861.9983,185198,1861.8,480,3,1862.2,306,2,1861.7,648,4,1862.3,413,3,1861.6,815,5,1862.4,521,3,1861.5,983,5,1862.5,629,4,1861.4,1150,6,1862.6,737,4
P325_SYNTH_EVENT_001_20260714,2026-07-14T17:52:29+05:30,synthetic_calendar_rbi_policy_like,ADANIPORTS,-885,1784030864,1862.0919,1056958,1861.9,464,3,1862.3,306,2,1861.8,628,4,1862.4,412,3,1861.7,792,4,1862.5,517,3,1861.6,957,5,1862.6,622,4,1861.5,1122,6,1862.7,726,4
P325_SYNTH_EVENT_001_20260714,2026-07-14T17:52:29+05:30,synthetic_calendar_rbi_policy_like,ADANIPORTS,-885,1784030864,1811.4936,168842,1811.3,481,3,1811.7,313,2,1811.2,649,4,1811.8,423,3,1811.1,816,5,1811.9,534,3,1811.0,983,5,1812.0,644,4,1810.9,1150,6,1812.1,755,4
P325_SYNTH_EVENT_001_20260714,2026-07-14T17:52:29+05:30,synthetic_calendar_rbi_policy_like,ADANIPORTS,-885,1784030864,1859.6847,601020,1859.5,463,3,1859.9,305,2,1859.4,625,4,1860.0,411,3,1859.3,788,4,1860.1,517,3,1859.2,951,5,1860.2,623,4,1859.1,1115,6,1860.3,728,4
P325_SYNTH_EVENT_001_20260714,2026-07-14T17:52:29+05:30,synthetic_calendar_rbi_policy_like,ADANIPORTS,-885,1784030864,1862.0903,626130,1861.9,464,3,1862.3,306,2,1861.8,628,4,1862.4,412,3,1861.7,792,4,1862.5,517,3,1861.6,957,5,1862.6,622,4,1861.5,1122,6,1862.7,726,4
P325_SYNTH_EVENT_001_20260714,2026-07-14T17:52:29+05:30,synthetic_calendar_rbi_policy_like,ADANIPORTS,-885,1784030864,1862.0903,195602,1861.9,464,3,1862.3,306,2,1861.8,628,4,1862.4,412,3,1861.7,792,4,1862.5,517,3,1861.6,957,5,1862.6,622,4,1861.5,1122,6,1862.7,726,4
P325_SYNTH_EVENT_001_20260714,2026-07-14T17:52:29+05:30,synthetic_calendar_rbi_policy_like,ADANIPORTS,-885,1784030864,1859.4952,610974,1859.3,468,3,1859.7,308,2,1859.2,632,4,1859.8,416,3,1859.1,796,4,1859.9,523,3,1859.0,961,5,1860.0,630,4,1858.9,1125,6,1860.1,737,4
P325_SYNTH_EVENT_001_20260714,2026-07-14T17:52:29+05:30,synthetic_calendar_rbi_policy_like,ADANIPORTS,-885,1784030864,1860.6959,621228,1860.5,464,3,1860.9,306,2,1860.4,627,4,1861.0,412,3,1860.3,790,4,1861.1,519,3,1860.2,954,5,1861.2,625,4,1860.1,1117,6,1861.3,731,4
P325_SYNTH_EVENT_001_20260714,2026-07-14T17:52:29+05:30,synthetic_calendar_rbi_policy_like,ADANIPORTS,-885,1784030864,1862.0,616026,1861.8,480,3,1862.2,306,2,1861.7,648,4,1862.3,413,3,1861.6,815,5,1862.4,521,3,1861.5,983,5,1862.5,629,4,1861.4,1150,6,1862.6,737,4
P325_SYNTH_EVENT_001_20260714,2026-07-14T17:52:29+05:30,synthetic_calendar_rbi_policy_like,ADANIPORTS,-885,1784030864,1861.2887,1036750,1861.1,467,3,1861.5,307,2,1861.0,631,4,1861.6,414,3,1860.9,796,4,1861.7,520,3,1860.8,961,5,1861.8,625,4,1860.7,1127,6,1861.9,730,4
P325_SYNTH_EVENT_001_20260714,2026-07-14T17:52:29+05:30,synthetic_calendar_rbi_policy_like,ADANIPORTS,-885,1784030864,1854.587,631482,1854.4,513,3,1854.8,347,2,1854.3,694,4,1854.9,467,3,1854.2,874,5,1855.0,588,3,1854.1,1054,6,1855.1,709,4,1854.0,1235,7,1855.2,829,5
P325_SYNTH_EVENT_001_20260714,2026-07-14T17:52:29+05:30,synthetic_calendar_rbi_policy_like,ADANIPORTS,-885,1784030864,1861.2936,174794,1861.1,467,3,1861.5,307,2,1861.0,631,4,1861.6,414,3,1860.9,796,4,1861.7,520,3,1860.8,961,5,1861.8,625,4,1860.7,1127,6,1861.9,730,4
P325_SYNTH_EVENT_001_20260714,2026-07-14T17:52:29+05:30,synthetic_calendar_rbi_policy_like,ADANIPORTS,-885,1784030864,1861.9984,1046854,1861.8,480,3,1862.2,306,2,1861.7,648,4,1862.3,413,3,1861.6,815,5,1862.4,521,3,1861.5,983,5,1862.5,629,4,1861.4,1150,6,1862.6,737,4
P325_SYNTH_EVENT_001_20260714,2026-07-14T17:52:29+05:30,synthetic_calendar_rbi_policy_like,ADANIPORTS,-885,1784030864,1861.292,1466678,1861.1,467,3,1861.5,307,2,1861.0,631,4,1861.6,414,3,1860.9,796,4,1861.7,520,3,1860.8,961,5,1861.8,625,4,1860.7,1127,6,1861.9,730,4
P325_SYNTH_EVENT_001_20260714,2026-07-14T17:52:29+05:30,synthetic_calendar_rbi_policy_like,ADANIPORTS,-885,1784030864,1860.6967,1051906,1860.5,464,3,1860.9,306,2,1860.4,627,4,1861.0,412,3,1860.3,790,4,1861.1,519,3,1860.2,954,5,1861.2,625,4,1860.1,1117,6,1861.3,731,4
P325_SYNTH_EVENT_001_20260714,2026-07-14T17:52:29+05:30,synthetic_calendar_rbi_policy_like,ADANIPORTS,-885,1784030864,1859.6855,164390,1859.5,463,3,1859.9,305,2,1859.4,625,4,1860.0,411,3,1859.3,788,4,1860.1,517,3,1859.2,951,5,1860.2,623,4,1859.1,1115,6,1860.3,728,4
P325_SYNTH_EVENT_001_20260714,2026-07-14T17:52:29+05:30,synthetic_calendar_rbi_policy_like,ADANIPORTS,-885,1784030864,1859.4936,180746,1859.3,468,3,1859.7,308,2,1859.2,632,4,1859.8,416,3,1859.1,796,4,1859.9,523,3,1859.0,961,5,1860.0,630,4,1858.9,1125,6,1860.1,737,4
P325_SYNTH_EVENT_001_20260714,2026-07-14T17:52:29+05:30,synthetic_calendar_rbi_policy_like,ADANIPORTS,-885,1784030864,1859.4936,1041802,1859.3,468,3,1859.7,308,2,1859.2,632,4,1859.8,416,3,1859.1,796,4,1859.9,523,3,1859.0,961,5,1860.0,630,4,1858.9,1125,6,1860.1,737,4
P325_SYNTH_EVENT_001_20260714,2026-07-14T17:52:29+05:30,synthetic_calendar_rbi_policy_like,ADANIPORTS,-885,1784030864,1861.2896,606072,1861.1,467,3,1861.5,307,2,1861.0,631,4,1861.6,414,3,1860.9,796,4,1861.7,520,3,1860.8,961,5,1861.8,625,4,1860.7,1127,6,1861.9,730,4
P325_SYNTH_EVENT_001_20260714,2026-07-14T17:52:29+05:30,synthetic_calendar_rbi_policy_like,ADANIPORTS,-885,1784030864,1860.6903,189650,1860.5,464,3,1860.9,306,2,1860.4,627,4,1861.0,412,3,1860.3,790,4,1861.1,519,3,1860.2,954,5,1861.2,625,4,1860.1,1117,6,1861.3,731,4
P325_SYNTH_EVENT_001_20260714,2026-07-14T17:52:29+05:30,synthetic_calendar_rbi_policy_like,ADANIPORTS,-885,1784030864,1854.587,1062010,1854.4,513,3,1854.8,347,2,1854.3,694,4,1854.9,467,3,1854.2,874,5,1855.0,588,3,1854.1,1054,6,1855.1,709,4,1854.0,1235,7,1855.2,829,5
P325_SYNTH_EVENT_001_20260714,2026-07-14T17:52:29+05:30,synthetic_calendar_rbi_policy_like,ADANIPORTS,-885,1784030864,1859.6871,1461626,1859.5,463,3,1859.9,305,2,1859.4,625,4,1860.0,411,3,1859.3,788,4,1860.1,517,3,1859.2,951,5,1860.2,623,4,1859.1,1115,6,1860.3,728,4
P325_SYNTH_EVENT_001_20260714,2026-07-14T17:52:29+05:30,synthetic_calendar_rbi_policy_like,ADANIPORTS,-884,1784030865,1862.0097,1893909,1861.8,480,3,1862.2,306,2,1861.7,648,4,1862.3,413,3,1861.6,815,5,1862.4,521,3,1861.5,983,5,1862.5,629,4,1861.4,1150,6,1862.6,737,4
P325_SYNTH_EVENT_001_20260714,2026-07-14T17:52:29+05:30,synthetic_calendar_rbi_policy_like,ADANIPORTS,-884,1784030865,1862.1081,1487489,1861.9,464,3,1862.3,306,2,1861.8,628,4,1862.4,412,3,1861.7,792,4,1862.5,517,3,1861.6,957,5,1862.6,622,4,1861.5,1122,6,1862.7,726,4
P325_SYNTH_EVENT_001_20260714,2026-07-14T17:52:29+05:30,synthetic_calendar_rbi_policy_like,ADANIPORTS,-884,1784030865,1860.7081,1481537,1860.5,464,3,1860.9,306,2,1860.4,627,4,1861.0,412,3,1860.3,790,4,1861.1,519,3,1860.2,954,5,1861.2,625,4,1860.1,1117,6,1861.3,731,4
P325_SYNTH_EVENT_001_20260714,2026-07-14T17:52:29+05:30,synthetic_calendar_rbi_policy_like,ADANIPORTS,-884,1784030865,1861.3145,1880553,1861.1,467,3,1861.5,307,2,1861.0,631,4,1861.6,414,3,1860.9,796,4,1861.7,520,3,1860.8,961,5,1861.8,625,4,1860.7,1127,6,1861.9,730,4
P325_SYNTH_EVENT_001_20260714,2026-07-14T17:52:29+05:30,synthetic_calendar_rbi_policy_like,ADANIPORTS,-884,1784030865,1859.7064,1885005,1859.5,463,3,1859.9,305,2,1859.4,625,4,1860.0,411,3,1859.3,788,4,1860.1,517,3,1859.2,951,5,1860.2,623,4,1859.1,1115,6,1860.3,728,4
P325_SYNTH_EVENT_001_20260714,2026-07-14T17:52:29+05:30,synthetic_calendar_rbi_policy_like,ADANIPORTS,-884,1784030865,1860.7097,1899861,1860.5,464,3,1860.9,306,2,1860.4,627,4,1861.0,412,3,1860.3,790,4,1861.1,519,3,1860.2,954,5,1861.2,625,4,1860.1,1117,6,1861.3,731,4
P325_SYNTH_EVENT_001_20260714,2026-07-14T17:52:29+05:30,synthetic_calendar_rbi_policy_like,ADANIPORTS,-884,1784030865,1860.9145,1874694,1860.7,457,3,1861.1,295,2,1860.6,617,4,1861.2,398,2,1860.5,777,4,1861.3,502,3,1860.4,936,5,1861.4,606,4,1860.3,1095,6,1861.5,710,4
P325_SYNTH_EVENT_001_20260714,2026-07-14T17:52:29+05:30,synthetic_calendar_rbi_policy_like,ADANIPORTS,-884,1784030865,1859.5016,1889457,1859.3,468,3,1859.7,308,2,1859.2,632,4,1859.8,416,3,1859.1,796,4,1859.9,523,3,1859.0,961,5,1860.0,630,4,1858.9,1125,6,1860.1,737,4
P325_SYNTH_EVENT_001_20260714,2026-07-14T17:52:29+05:30,synthetic_calendar_rbi_policy_like,ADANIPORTS,-884,1784030865,1861.0145,1870633,1860.8,484,3,1861.2,308,2,1860.7,653,4,1861.3,416,3,1860.6,822,5,1861.4,524,3,1860.5,991,5,1861.5,632,4,1860.4,1160,6,1861.6,741,4
P325_SYNTH_EVENT_001_20260714,2026-07-14T17:52:29+05:30,synthetic_calendar_rbi_policy_like,ADANIPORTS,-884,1784030865,1862.0,1477085,1861.8,480,3,1862.2,306,2,1861.7,648,4,1862.3,413,3,1861.6,815,5,1862.4,521,3,1861.5,983,5,1862.5,629,4,1861.4,1150,6,1862.6,737,4
P325_SYNTH_EVENT_001_20260714,2026-07-14T17:52:29+05:30,synthetic_calendar_rbi_policy_like,ADANIPORTS,-884,1784030865,1862.1097,1905813,1861.9,464,3,1862.3,306,2,1861.8,628,4,1862.4,412,3,1861.7,792,4,1862.5,517,3,1861.6,957,5,1862.6,622,4,1861.5,1122,6,1862.7,726,4
P325_SYNTH_EVENT_001_20260714,2026-07-14T17:52:29+05:30,synthetic_calendar_rbi_policy_like,ADANIPORTS,-884,1784030865,1861.3064,174797,1861.1,467,3,1861.5,307,2,1861.0,631,4,1861.6,414,3,1860.9,796,4,1861.7,520,3,1860.8,961,5,1861.8,625,4,1860.7,1127,6,1861.9,730,4
P325_SYNTH_EVENT_001_20260714,2026-07-14T17:52:29+05:30,synthetic_calendar_rbi_policy_like,ADANIPORTS,-884,1784030865,1860.7033,1051909,1860.5,464,3,1860.9,306,2,1860.4,627,4,1861.0,412,3,1860.3,790,4,1861.1,519,3,1860.2,954,5,1861.2,625,4,1860.1,1117,6,1861.3,731,4
P325_SYNTH_EVENT_001_20260714,2026-07-14T17:52:29+05:30,synthetic_calendar_rbi_policy_like,ADANIPORTS,-884,1784030865,1862.0016,185201,1861.8,480,3,1862.2,306,2,1861.7,648,4,1862.3,413,3,1861.6,815,5,1862.4,521,3,1861.5,983,5,1862.5,629,4,1861.4,1150,6,1862.6,737,4
P325_SYNTH_EVENT_001_20260714,2026-07-14T17:52:29+05:30,synthetic_calendar_rbi_policy_like,ADANIPORTS,-884,1784030865,1860.9145,158534,1860.7,457,3,1861.1,295,2,1860.6,617,4,1861.2,398,2,1860.5,777,4,1861.3,502,3,1860.4,936,5,1861.4,606,4,1860.3,1095,6,1861.5,710,4
P325_SYNTH_EVENT_001_20260714,2026-07-14T17:52:29+05:30,synthetic_calendar_rbi_policy_like,ADANIPORTS,-884,1784030865,1859.5032,1471733,1859.3,468,3,1859.7,308,2,1859.2,632,4,1859.8,416,3,1859.1,796,4,1859.9,523,3,1859.0,961,5,1860.0,630,4,1858.9,1125,6,1860.1,737,4
P325_SYNTH_EVENT_001_20260714,2026-07-14T17:52:29+05:30,synthetic_calendar_rbi_policy_like,ADANIPORTS,-884,1784030865,1862.1097,626133,1861.9,464,3,1862.3,306,2,1861.8,628,4,1862.4,412,3,1861.7,792,4,1862.5,517,3,1861.6,957,5,1862.6,622,4,1861.5,1122,6,1862.7,726,4
P325_SYNTH_EVENT_001_20260714,2026-07-14T17:52:29+05:30,synthetic_calendar_rbi_policy_like,ADANIPORTS,-884,1784030865,1859.7129,1461629,1859.5,463,3,1859.9,305,2,1859.4,625,4,1860.0,411,3,1859.3,788,4,1860.1,517,3,1859.2,951,5,1860.2,623,4,1859.1,1115,6,1860.3,728,4
P325_SYNTH_EVENT_001_20260714,2026-07-14T17:52:29+05:30,synthetic_calendar_rbi_policy_like,ADANIPORTS,-884,1784030865,1859.5048,610977,1859.3,468,3,1859.7,308,2,1859.2,632,4,1859.8,416,3,1859.1,796,4,1859.9,523,3,1859.0,961,5,1860.0,630,4,1858.9,1125,6,1860.1,737,4
P325_SYNTH_EVENT_001_20260714,2026-07-14T17:52:29+05:30,synthetic_calendar_rbi_policy_like,ADANIPORTS,-884,1784030865,1862.1097,195605,1861.9,464,3,1862.3,306,2,1861.8,628,4,1862.4,412,3,1861.7,792,4,1862.5,517,3,1861.6,957,5,1862.6,622,4,1861.5,1122,6,1862.7,726,4
P325_SYNTH_EVENT_001_20260714,2026-07-14T17:52:29+05:30,synthetic_calendar_rbi_policy_like,ADANIPORTS,-884,1784030865,1861.3105,606075,1861.1,467,3,1861.5,307,2,1861.0,631,4,1861.6,414,3,1860.9,796,4,1861.7,520,3,1860.8,961,5,1861.8,625,4,1860.7,1127,6,1861.9,730,4
P325_SYNTH_EVENT_001_20260714,2026-07-14T17:52:29+05:30,synthetic_calendar_rbi_policy_like,ADANIPORTS,-884,1784030865,1862.0,616029,1861.8,480,3,1862.2,306,2,1861.7,648,4,1862.3,413,3,1861.6,815,5,1862.4,521,3,1861.5,983,5,1862.5,629,4,1861.4,1150,6,1862.6,737,4
P325_SYNTH_EVENT_001_20260714,2026-07-14T17:52:29+05:30,synthetic_calendar_rbi_policy_like,ADANIPORTS,-884,1784030865,1854.6129,1062013,1854.4,513,3,1854.8,347,2,1854.3,694,4,1854.9,467,3,1854.2,874,5,1855.0,588,3,1854.1,1054,6,1855.1,709,4,1854.0,1235,7,1855.2,829,5
P325_SYNTH_EVENT_001_20260714,2026-07-14T17:52:29+05:30,synthetic_calendar_rbi_policy_like,ADANIPORTS,-884,1784030865,1862.1081,1056961,1861.9,464,3,1862.3,306,2,1861.8,628,4,1862.4,412,3,1861.7,792,4,1862.5,517,3,1861.6,957,5,1862.6,622,4,1861.5,1122,6,1862.7,726,4
P325_SYNTH_EVENT_001_20260714,2026-07-14T17:52:29+05:30,synthetic_calendar_rbi_policy_like,ADANIPORTS,-884,1784030865,1860.7097,189653,1860.5,464,3,1860.9,306,2,1860.4,627,4,1861.0,412,3,1860.3,790,4,1861.1,519,3,1860.2,954,5,1861.2,625,4,1860.1,1117,6,1861.3,731,4
P325_SYNTH_EVENT_001_20260714,2026-07-14T17:52:29+05:30,synthetic_calendar_rbi_policy_like,ADANIPORTS,-884,1784030865,1862.0016,1046857,1861.8,480,3,1862.2,306,2,1861.7,648,4,1862.3,413,3,1861.6,815,5,1862.4,521,3,1861.5,983,5,1862.5,629,4,1861.4,1150,6,1862.6,737,4
P325_SYNTH_EVENT_001_20260714,2026-07-14T17:52:29+05:30,synthetic_calendar_rbi_policy_like,ADANIPORTS,-884,1784030865,1859.5064,180749,1859.3,468,3,1859.7,308,2,1859.2,632,4,1859.8,416,3,1859.1,796,4,1859.9,523,3,1859.0,961,5,1860.0,630,4,1858.9,1125,6,1860.1,737,4
P325_SYNTH_EVENT_001_20260714,2026-07-14T17:52:29+05:30,synthetic_calendar_rbi_policy_like,ADANIPORTS,-884,1784030865,1854.6129,631485,1854.4,513,3,1854.8,347,2,1854.3,694,4,1854.9,467,3,1854.2,874,5,1855.0,588,3,1854.1,1054,6,1855.1,709,4,1854.0,1235,7,1855.2,829,5
P325_SYNTH_EVENT_001_20260714,2026-07-14T17:52:29+05:30,synthetic_calendar_rbi_policy_like,ADANIPORTS,-884,1784030865,1860.7041,621231,1860.5,464,3,1860.9,306,2,1860.4,627,4,1861.0,412,3,1860.3,790,4,1861.1,519,3,1860.2,954,5,1861.2,625,4,1860.1,1117,6,1861.3,731,4
P325_SYNTH_EVENT_001_20260714,2026-07-14T17:52:29+05:30,synthetic_calendar_rbi_policy_like,ADANIPORTS,-884,1784030865,1811.5064,168845,1811.3,481,3,1811.7,313,2,1811.2,649,4,1811.8,423,3,1811.1,816,5,1811.9,534,3,1811.0,983,5,1812.0,644,4,1810.9,1150,6,1812.1,755,4
P325_SYNTH_EVENT_001_20260714,2026-07-14T17:52:29+05:30,synthetic_calendar_rbi_policy_like,ADANIPORTS,-884,1784030865,1861.3113,1036753,1861.1,467,3,1861.5,307,2,1861.0,631,4,1861.6,414,3,1860.9,796,4,1861.7,520,3,1860.8,961,5,1861.8,625,4,1860.7,1127,6,1861.9,730,4
P325_SYNTH_EVENT_001_20260714,2026-07-14T17:52:29+05:30,synthetic_calendar_rbi_policy_like,ADANIPORTS,-884,1784030865,1859.7145,164393,1859.5,463,3,1859.9,305,2,1859.4,625,4,1860.0,411,3,1859.3,788,4,1860.1,517,3,1859.2,951,5,1860.2,623,4,1859.1,1115,6,1860.3,728,4
P325_SYNTH_EVENT_001_20260714,2026-07-14T17:52:29+05:30,synthetic_calendar_rbi_policy_like,ADANIPORTS,-884,1784030865,1859.5064,1041805,1859.3,468,3,1859.7,308,2,1859.2,632,4,1859.8,416,3,1859.1,796,4,1859.9,523,3,1859.0,961,5,1860.0,630,4,1858.9,1125,6,1860.1,737,4
P325_SYNTH_EVENT_001_20260714,2026-07-14T17:52:29+05:30,synthetic_calendar_rbi_policy_like,ADANIPORTS,-884,1784030865,1859.7153,601023,1859.5,463,3,1859.9,305,2,1859.4,625,4,1860.0,411,3,1859.3,788,4,1860.1,517,3,1859.2,951,5,1860.2,623,4,1859.1,1115,6,1860.3,728,4
P325_SYNTH_EVENT_001_20260714,2026-07-14T17:52:29+05:30,synthetic_calendar_rbi_policy_like,ADANIPORTS,-884,1784030865,1861.308,1466681,1861.1,467,3,1861.5,307,2,1861.0,631,4,1861.6,414,3,1860.9,796,4,1861.7,520,3,1860.8,961,5,1861.8,625,4,1860.7,1127,6,1861.9,730,4
P325_SYNTH_EVENT_001_20260714,2026-07-14T17:52:29+05:30,synthetic_calendar_rbi_policy_like,ADANIPORTS,-883,1784030866,1860.8855,1874696,1860.7,457,3,1861.1,295,2,1860.6,617,4,1861.2,398,2,1860.5,777,4,1861.3,502,3,1860.4,936,5,1861.4,606,4,1860.3,1095,6,1861.5,710,4
P325_SYNTH_EVENT_001_20260714,2026-07-14T17:52:29+05:30,synthetic_calendar_rbi_policy_like,ADANIPORTS,-883,1784030866,1859.4984,1889460,1859.3,468,3,1859.7,308,2,1859.2,632,4,1859.8,416,3,1859.1,796,4,1859.9,523,3,1859.0,961,5,1860.0,630,4,1858.9,1125,6,1860.1,737,4
P325_SYNTH_EVENT_001_20260714,2026-07-14T17:52:29+05:30,synthetic_calendar_rbi_policy_like,ADANIPORTS,-883,1784030866,1861.9903,1893912,1861.8,480,3,1862.2,306,2,1861.7,648,4,1862.3,413,3,1861.6,815,5,1862.4,521,3,1861.5,983,5,1862.5,629,4,1861.4,1150,6,1862.6,737,4
P325_SYNTH_EVENT_001_20260714,2026-07-14T17:52:29+05:30,synthetic_calendar_rbi_policy_like,ADANIPORTS,-883,1784030866,1862.0919,1487492,1861.9,464,3,1862.3,306,2,1861.8,628,4,1862.4,412,3,1861.7,792,4,1862.5,517,3,1861.6,957,5,1862.6,622,4,1861.5,1122,6,1862.7,726,4
P325_SYNTH_EVENT_001_20260714,2026-07-14T17:52:29+05:30,synthetic_calendar_rbi_policy_like,ADANIPORTS,-883,1784030866,1861.2855,1880556,1861.1,467,3,1861.5,307,2,1861.0,631,4,1861.6,414,3,1860.9,796,4,1861.7,520,3,1860.8,961,5,1861.8,625,4,1860.7,1127,6,1861.9,730,4
P325_SYNTH_EVENT_001_20260714,2026-07-14T17:52:29+05:30,synthetic_calendar_rbi_policy_like,ADANIPORTS,-883,1784030866,1859.6936,1885008,1859.5,463,3,1859.9,305,2,1859.4,625,4,1860.0,411,3,1859.3,788,4,1860.1,517,3,1859.2,951,5,1860.2,623,4,1859.1,1115,6,1860.3,728,4
P325_SYNTH_EVENT_001_20260714,2026-07-14T17:52:29+05:30,synthetic_calendar_rbi_policy_like,ADANIPORTS,-883,1784030866,1860.9855,1870636,1860.8,484,3,1861.2,308,2,1860.7,653,4,1861.3,416,3,1860.6,822,5,1861.4,524,3,1860.5,991,5,1861.5,632,4,1860.4,1160,6,1861.6,741,4
P325_SYNTH_EVENT_001_20260714,2026-07-14T17:52:29+05:30,synthetic_calendar_rbi_policy_like,ADANIPORTS,-883,1784030866,1860.6903,1899864,1860.5,464,3,1860.9,306,2,1860.4,627,4,1861.0,412,3,1860.3,790,4,1861.1,519,3,1860.2,954,5,1861.2,625,4,1860.1,1117,6,1861.3,731,4
P325_SYNTH_EVENT_001_20260714,2026-07-14T17:52:29+05:30,synthetic_calendar_rbi_policy_like,ADANIPORTS,-883,1784030866,1862.0903,1905816,1861.9,464,3,1862.3,306,2,1861.8,628,4,1862.4,412,3,1861.7,792,4,1862.5,517,3,1861.6,957,5,1862.6,622,4,1861.5,1122,6,1862.7,726,4
P325_SYNTH_EVENT_001_20260714,2026-07-14T17:52:29+05:30,synthetic_calendar_rbi_policy_like,ADANIPORTS,-883,1784030866,1862.0,1477088,1861.8,480,3,1862.2,306,2,1861.7,648,4,1862.3,413,3,1861.6,815,5,1862.4,521,3,1861.5,983,5,1862.5,629,4,1861.4,1150,6,1862.6,737,4
P325_SYNTH_EVENT_001_20260714,2026-07-14T17:52:29+05:30,synthetic_calendar_rbi_policy_like,ADANIPORTS,-883,1784030866,1860.6919,1481540,1860.5,464,3,1860.9,306,2,1860.4,627,4,1861.0,412,3,1860.3,790,4,1861.1,519,3,1860.2,954,5,1861.2,625,4,1860.1,1117,6,1861.3,731,4
P325_SYNTH_EVENT_001_20260714,2026-07-14T17:52:29+05:30,synthetic_calendar_rbi_policy_like,ADANIPORTS,-883,1784030866,1861.9984,1046860,1861.8,480,3,1862.2,306,2,1861.7,648,4,1862.3,413,3,1861.6,815,5,1862.4,521,3,1861.5,983,5,1862.5,629,4,1861.4,1150,6,1862.6,737,4
P325_SYNTH_EVENT_001_20260714,2026-07-14T17:52:29+05:30,synthetic_calendar_rbi_policy_like,ADANIPORTS,-883,1784030866,1859.4968,1471736,1859.3,468,3,1859.7,308,2,1859.2,632,4,1859.8,416,3,1859.1,796,4,1859.9,523,3,1859.0,961,5,1860.0,630,4,1858.9,1125,6,1860.1,737,4
P325_SYNTH_EVENT_001_20260714,2026-07-14T17:52:29+05:30,synthetic_calendar_rbi_policy_like,ADANIPORTS,-883,1784030866,1861.2887,1036756,1861.1,467,3,1861.5,307,2,1861.0,631,4,1861.6,414,3,1860.9,796,4,1861.7,520,3,1860.8,961,5,1861.8,625,4,1860.7,1127,6,1861.9,730,4
P325_SYNTH_EVENT_001_20260714,2026-07-14T17:52:29+05:30,synthetic_calendar_rbi_policy_like,ADANIPORTS,-883,1784030866,1859.4936,1041808,1859.3,468,3,1859.7,308,2,1859.2,632,4,1859.8,416,3,1859.1,796,4,1859.9,523,3,1859.0,961,5,1860.0,630,4,1858.9,1125,6,1860.1,737,4
P325_SYNTH_EVENT_001_20260714,2026-07-14T17:52:29+05:30,synthetic_calendar_rbi_policy_like,ADANIPORTS,-883,1784030866,1859.6855,164396,1859.5,463,3,1859.9,305,2,1859.4,625,4,1860.0,411,3,1859.3,788,4,1860.1,517,3,1859.2,951,5,1860.2,623,4,1859.1,1115,6,1860.3,728,4
P325_SYNTH_EVENT_001_20260714,2026-07-14T17:52:29+05:30,synthetic_calendar_rbi_policy_like,ADANIPORTS,-883,1784030866,1860.6968,1051912,1860.5,464,3,1860.9,306,2,1860.4,627,4,1861.0,412,3,1860.3,790,4,1861.1,519,3,1860.2,954,5,1861.2,625,4,1860.1,1117,6,1861.3,731,4
P325_SYNTH_EVENT_001_20260714,2026-07-14T17:52:29+05:30,synthetic_calendar_rbi_policy_like,ADANIPORTS,-883,1784030866,1860.696,621234,1860.5,464,3,1860.9,306,2,1860.4,627,4,1861.0,412,3,1860.3,790,4,1861.1,519,3,1860.2,954,5,1861.2,625,4,1860.1,1117,6,1861.3,731,4
P325_SYNTH_EVENT_001_20260714,2026-07-14T17:52:29+05:30,synthetic_calendar_rbi_policy_like,ADANIPORTS,-883,1784030866,1860.6903,189656,1860.5,464,3,1860.9,306,2,1860.4,627,4,1861.0,412,3,1860.3,790,4,1861.1,519,3,1860.2,954,5,1861.2,625,4,1860.1,1117,6,1861.3,731,4
P325_SYNTH_EVENT_001_20260714,2026-07-14T17:52:29+05:30,synthetic_calendar_rbi_policy_like,ADANIPORTS,-883,1784030866,1862.0903,626136,1861.9,464,3,1862.3,306,2,1861.8,628,4,1862.4,412,3,1861.7,792,4,1862.5,517,3,1861.6,957,5,1862.6,622,4,1861.5,1122,6,1862.7,726,4
P325_SYNTH_EVENT_001_20260714,2026-07-14T17:52:29+05:30,synthetic_calendar_rbi_policy_like,ADANIPORTS,-883,1784030866,1859.4936,180752,1859.3,468,3,1859.7,308,2,1859.2,632,4,1859.8,416,3,1859.1,796,4,1859.9,523,3,1859.0,961,5,1860.0,630,4,1858.9,1125,6,1860.1,737,4
P325_SYNTH_EVENT_001_20260714,2026-07-14T17:52:29+05:30,synthetic_calendar_rbi_policy_like,ADANIPORTS,-883,1784030866,1862.0,616032,1861.8,480,3,1862.2,306,2,1861.7,648,4,1862.3,413,3,1861.6,815,5,1862.4,521,3,1861.5,983,5,1862.5,629,4,1861.4,1150,6,1862.6,737,4
P325_SYNTH_EVENT_001_20260714,2026-07-14T17:52:29+05:30,synthetic_calendar_rbi_policy_like,ADANIPORTS,-883,1784030866,1854.5871,631488,1854.4,513,3,1854.8,347,2,1854.3,694,4,1854.9,467,3,1854.2,874,5,1855.0,588,3,1854.1,1054,6,1855.1,709,4,1854.0,1235,7,1855.2,829,5
P325_SYNTH_EVENT_001_20260714,2026-07-14T17:52:29+05:30,synthetic_calendar_rbi_policy_like,ADANIPORTS,-883,1784030866,1859.4952,610980,1859.3,468,3,1859.7,308,2,1859.2,632,4,1859.8,416,3,1859.1,796,4,1859.9,523,3,1859.0,961,5,1860.0,630,4,1858.9,1125,6,1860.1,737,4
P325_SYNTH_EVENT_001_20260714,2026-07-14T17:52:29+05:30,synthetic_calendar_rbi_policy_like,ADANIPORTS,-883,1784030866,1854.5871,1062016,1854.4,513,3,1854.8,347,2,1854.3,694,4,1854.9,467,3,1854.2,874,5,1855.0,588,3,1854.1,1054,6,1855.1,709,4,1854.0,1235,7,1855.2,829,5
P325_SYNTH_EVENT_001_20260714,2026-07-14T17:52:29+05:30,synthetic_calendar_rbi_policy_like,ADANIPORTS,-883,1784030866,1861.2895,606078,1861.1,467,3,1861.5,307,2,1861.0,631,4,1861.6,414,3,1860.9,796,4,1861.7,520,3,1860.8,961,5,1861.8,625,4,1860.7,1127,6,1861.9,730,4
P325_SYNTH_EVENT_001_20260714,2026-07-14T17:52:29+05:30,synthetic_calendar_rbi_policy_like,ADANIPORTS,-883,1784030866,1811.4936,168848,1811.3,481,3,1811.7,313,2,1811.2,649,4,1811.8,423,3,1811.1,816,5,1811.9,534,3,1811.0,983,5,1812.0,644,4,1810.9,1150,6,1812.1,755,4
P325_SYNTH_EVENT_001_20260714,2026-07-14T17:52:29+05:30,synthetic_calendar_rbi_policy_like,ADANIPORTS,-883,1784030866,1861.9984,185204,1861.8,480,3,1862.2,306,2,1861.7,648,4,1862.3,413,3,1861.6,815,5,1862.4,521,3,1861.5,983,5,1862.5,629,4,1861.4,1150,6,1862.6,737,4
P325_SYNTH_EVENT_001_20260714,2026-07-14T17:52:29+05:30,synthetic_calendar_rbi_policy_like,ADANIPORTS,-883,1784030866,1862.0903,195608,1861.9,464,3,1862.3,306,2,1861.8,628,4,1862.4,412,3,1861.7,792,4,1862.5,517,3,1861.6,957,5,1862.6,622,4,1861.5,1122,6,1862.7,726,4
P325_SYNTH_EVENT_001_20260714,2026-07-14T17:52:29+05:30,synthetic_calendar_rbi_policy_like,ADANIPORTS,-883,1784030866,1860.8855,158536,1860.7,457,3,1861.1,295,2,1860.6,617,4,1861.2,398,2,1860.5,777,4,1861.3,502,3,1860.4,936,5,1861.4,606,4,1860.3,1095,6,1861.5,710,4
P325_SYNTH_EVENT_001_20260714,2026-07-14T17:52:29+05:30,synthetic_calendar_rbi_policy_like,ADANIPORTS,-883,1784030866,1859.6847,601026,1859.5,463,3,1859.9,305,2,1859.4,625,4,1860.0,411,3,1859.3,788,4,1860.1,517,3,1859.2,951,5,1860.2,623,4,1859.1,1115,6,1860.3,728,4
P325_SYNTH_EVENT_001_20260714,2026-07-14T17:52:29+05:30,synthetic_calendar_rbi_policy_like,ADANIPORTS,-883,1784030866,1859.6871,1461632,1859.5,463,3,1859.9,305,2,1859.4,625,4,1860.0,411,3,1859.3,788,4,1860.1,517,3,1859.2,951,5,1860.2,623,4,1859.1,1115,6,1860.3,728,4
P325_SYNTH_EVENT_001_20260714,2026-07-14T17:52:29+05:30,synthetic_calendar_rbi_policy_like,ADANIPORTS,-883,1784030866,1861.2936,174800,1861.1,467,3,1861.5,307,2,1861.0,631,4,1861.6,414,3,1860.9,796,4,1861.7,520,3,1860.8,961,5,1861.8,625,4,1860.7,1127,6,1861.9,730,4
P325_SYNTH_EVENT_001_20260714,2026-07-14T17:52:29+05:30,synthetic_calendar_rbi_policy_like,ADANIPORTS,-883,1784030866,1862.0919,1056964,1861.9,464,3,1862.3,306,2,1861.8,628,4,1862.4,412,3,1861.7,792,4,1862.5,517,3,1861.6,957,5,1862.6,622,4,1861.5,1122,6,1862.7,726,4
P325_SYNTH_EVENT_001_20260714,2026-07-14T17:52:29+05:30,synthetic_calendar_rbi_policy_like,ADANIPORTS,-883,1784030866,1861.2919,1466684,1861.1,467,3,1861.5,307,2,1861.0,631,4,1861.6,414,3,1860.9,796,4,1861.7,520,3,1860.8,961,5,1861.8,625,4,1860.7,1127,6,1861.9,730,4
P325_SYNTH_EVENT_001_20260714,2026-07-14T17:52:29+05:30,synthetic_calendar_rbi_policy_like,ADANIPORTS,-882,1784030867,1860.9145,1874698,1860.7,457,3,1861.1,295,2,1860.6,617,4,1861.2,398,2,1860.5,777,4,1861.3,502,3,1860.4,936,5,1861.4,606,4,1860.3,1095,6,1861.5,710,4
P325_SYNTH_EVENT_001_20260714,2026-07-14T17:52:29+05:30,synthetic_calendar_rbi_policy_like,ADANIPORTS,-882,1784030867,1859.5016,1889463,1859.3,468,3,1859.7,308,2,1859.2,632,4,1859.8,416,3,1859.1,796,4,1859.9,523,3,1859.0,961,5,1860.0,630,4,1858.9,1125,6,1860.1,737,4
P325_SYNTH_EVENT_001_20260714,2026-07-14T17:52:29+05:30,synthetic_calendar_rbi_policy_like,ADANIPORTS,-882,1784030867,1862.0,1477091,1861.8,480,3,1862.2,306,2,1861.7,648,4,1862.3,413,3,1861.6,815,5,1862.4,521,3,1861.5,983,5,1862.5,629,4,1861.4,1150,6,1862.6,737,4
P325_SYNTH_EVENT_001_20260714,2026-07-14T17:52:29+05:30,synthetic_calendar_rbi_policy_like,ADANIPORTS,-882,1784030867,1860.7081,1481543,1860.5,464,3,1860.9,306,2,1860.4,627,4,1861.0,412,3,1860.3,790,4,1861.1,519,3,1860.2,954,5,1861.2,625,4,1860.1,1117,6,1861.3,731,4
P325_SYNTH_EVENT_001_20260714,2026-07-14T17:52:29+05:30,synthetic_calendar_rbi_policy_like,ADANIPORTS,-882,1784030867,1862.1097,1905819,1861.9,464,3,1862.3,306,2,1861.8,628,4,1862.4,412,3,1861.7,792,4,1862.5,517,3,1861.6,957,5,1862.6,622,4,1861.5,1122,6,1862.7,726,4
P325_SYNTH_EVENT_001_20260714,2026-07-14T17:52:29+05:30,synthetic_calendar_rbi_policy_like,ADANIPORTS,-882,1784030867,1862.1081,1487495,1861.9,464,3,1862.3,306,2,1861.8,628,4,1862.4,412,3,1861.7,792,4,1862.5,517,3,1861.6,957,5,1862.6,622,4,1861.5,1122,6,1862.7,726,4
P325_SYNTH_EVENT_001_20260714,2026-07-14T17:52:29+05:30,synthetic_calendar_rbi_policy_like,ADANIPORTS,-882,1784030867,1860.7097,1899867,1860.5,464,3,1860.9,306,2,1860.4,627,4,1861.0,412,3,1860.3,790,4,1861.1,519,3,1860.2,954,5,1861.2,625,4,1860.1,1117,6,1861.3,731,4
P325_SYNTH_EVENT_001_20260714,2026-07-14T17:52:29+05:30,synthetic_calendar_rbi_policy_like,ADANIPORTS,-882,1784030867,1862.0097,1893915,1861.8,480,3,1862.2,306,2,1861.7,648,4,1862.3,413,3,1861.6,815,5,1862.4,521,3,1861.5,983,5,1862.5,629,4,1861.4,1150,6,1862.6,737,4
P325_SYNTH_EVENT_001_20260714,2026-07-14T17:52:29+05:30,synthetic_calendar_rbi_policy_like,ADANIPORTS,-882,1784030867,1861.3145,1880559,1861.1,467,3,1861.5,307,2,1861.0,631,4,1861.6,414,3,1860.9,796,4,1861.7,520,3,1860.8,961,5,1861.8,625,4,1860.7,1127,6,1861.9,730,4
P325_SYNTH_EVENT_001_20260714,2026-07-14T17:52:29+05:30,synthetic_calendar_rbi_policy_like,ADANIPORTS,-882,1784030867,1859.7065,1885011,1859.5,463,3,1859.9,305,2,1859.4,625,4,1860.0,411,3,1859.3,788,4,1860.1,517,3,1859.2,951,5,1860.2,623,4,1859.1,1115,6,1860.3,728,4
P325_SYNTH_EVENT_001_20260714,2026-07-14T17:52:29+05:30,synthetic_calendar_rbi_policy_like,ADANIPORTS,-882,1784030867,1861.0145,1870639,1860.8,484,3,1861.2,308,2,1860.7,653,4,1861.3,416,3,1860.6,822,5,1861.4,524,3,1860.5,991,5,1861.5,632,4,1860.4,1160,6,1861.6,741,4
P325_SYNTH_EVENT_001_20260714,2026-07-14T17:52:29+05:30,synthetic_calendar_rbi_policy_like,ADANIPORTS,-882,1784030867,1861.3113,1036759,1861.1,467,3,1861.5,307,2,1861.0,631,4,1861.6,414,3,1860.9,796,4,1861.7,520,3,1860.8,961,5,1861.8,625,4,1860.7,1127,6,1861.9,730,4
P325_SYNTH_EVENT_001_20260714,2026-07-14T17:52:29+05:30,synthetic_calendar_rbi_policy_like,ADANIPORTS,-882,1784030867,1860.7097,189659,1860.5,464,3,1860.9,306,2,1860.4,627,4,1861.0,412,3,1860.3,790,4,1861.1,519,3,1860.2,954,5,1861.2,625,4,1860.1,1117,6,1861.3,731,4
P325_SYNTH_EVENT_001_20260714,2026-07-14T17:52:29+05:30,synthetic_calendar_rbi_policy_like,ADANIPORTS,-882,1784030867,1862.0016,1046863,1861.8,480,3,1862.2,306,2,1861.7,648,4,1862.3,413,3,1861.6,815,5,1862.4,521,3,1861.5,983,5,1862.5,629,4,1861.4,1150,6,1862.6,737,4
P325_SYNTH_EVENT_001_20260714,2026-07-14T17:52:29+05:30,synthetic_calendar_rbi_policy_like,ADANIPORTS,-882,1784030867,1861.3081,1466687,1861.1,467,3,1861.5,307,2,1861.0,631,4,1861.6,414,3,1860.9,796,4,1861.7,520,3,1860.8,961,5,1861.8,625,4,1860.7,1127,6,1861.9,730,4
P325_SYNTH_EVENT_001_20260714,2026-07-14T17:52:29+05:30,synthetic_calendar_rbi_policy_like,ADANIPORTS,-882,1784030867,1862.1081,1056967,1861.9,464,3,1862.3,306,2,1861.8,628,4,1862.4,412,3,1861.7,792,4,1862.5,517,3,1861.6,957,5,1862.6,622,4,1861.5,1122,6,1862.7,726,4
P325_SYNTH_EVENT_001_20260714,2026-07-14T17:52:29+05:30,synthetic_calendar_rbi_policy_like,ADANIPORTS,-882,1784030867,1862.0016,185207,1861.8,480,3,1862.2,306,2,1861.7,648,4,1862.3,413,3,1861.6,815,5,1862.4,521,3,1861.5,983,5,1862.5,629,4,1861.4,1150,6,1862.6,737,4
P325_SYNTH_EVENT_001_20260714,2026-07-14T17:52:29+05:30,synthetic_calendar_rbi_policy_like,ADANIPORTS,-882,1784030867,1811.5065,168851,1811.3,481,3,1811.7,313,2,1811.2,649,4,1811.8,423,3,1811.1,816,5,1811.9,534,3,1811.0,983,5,1812.0,644,4,1810.9,1150,6,1812.1,755,4
P325_SYNTH_EVENT_001_20260714,2026-07-14T17:52:29+05:30,synthetic_calendar_rbi_policy_like,ADANIPORTS,-882,1784030867,1862.1097,195611,1861.9,464,3,1862.3,306,2,1861.8,628,4,1862.4,412,3,1861.7,792,4,1862.5,517,3,1861.6,957,5,1862.6,622,4,1861.5,1122,6,1862.7,726,4
P325_SYNTH_EVENT_001_20260714,2026-07-14T17:52:29+05:30,synthetic_calendar_rbi_policy_like,ADANIPORTS,-882,1784030867,1861.3065,174803,1861.1,467,3,1861.5,307,2,1861.0,631,4,1861.6,414,3,1860.9,796,4,1861.7,520,3,1860.8,961,5,1861.8,625,4,1860.7,1127,6,1861.9,730,4
P325_SYNTH_EVENT_001_20260714,2026-07-14T17:52:29+05:30,synthetic_calendar_rbi_policy_like,ADANIPORTS,-882,1784030867,1859.5048,610983,1859.3,468,3,1859.7,308,2,1859.2,632,4,1859.8,416,3,1859.1,796,4,1859.9,523,3,1859.0,961,5,1860.0,630,4,1858.9,1125,6,1860.1,737,4
P325_SYNTH_EVENT_001_20260714,2026-07-14T17:52:29+05:30,synthetic_calendar_rbi_policy_like,ADANIPORTS,-882,1784030867,1862.1097,626139,1861.9,464,3,1862.3,306,2,1861.8,628,4,1862.4,412,3,1861.7,792,4,1862.5,517,3,1861.6,957,5,1862.6,622,4,1861.5,1122,6,1862.7,726,4
P325_SYNTH_EVENT_001_20260714,2026-07-14T17:52:29+05:30,synthetic_calendar_rbi_policy_like,ADANIPORTS,-882,1784030867,1859.5032,1471739,1859.3,468,3,1859.7,308,2,1859.2,632,4,1859.8,416,3,1859.1,796,4,1859.9,523,3,1859.0,961,5,1860.0,630,4,1858.9,1125,6,1860.1,737,4
P325_SYNTH_EVENT_001_20260714,2026-07-14T17:52:29+05:30,synthetic_calendar_rbi_policy_like,ADANIPORTS,-882,1784030867,1854.6129,631491,1854.4,513,3,1854.8,347,2,1854.3,694,4,1854.9,467,3,1854.2,874,5,1855.0,588,3,1854.1,1054,6,1855.1,709,4,1854.0,1235,7,1855.2,829,5
P325_SYNTH_EVENT_001_20260714,2026-07-14T17:52:29+05:30,synthetic_calendar_rbi_policy_like,ADANIPORTS,-882,1784030867,1859.5065,1041811,1859.3,468,3,1859.7,308,2,1859.2,632,4,1859.8,416,3,1859.1,796,4,1859.9,523,3,1859.0,961,5,1860.0,630,4,1858.9,1125,6,1860.1,737,4
P325_SYNTH_EVENT_001_20260714,2026-07-14T17:52:29+05:30,synthetic_calendar_rbi_policy_like,ADANIPORTS,-882,1784030867,1862.0,616035,1861.8,480,3,1862.2,306,2,1861.7,648,4,1862.3,413,3,1861.6,815,5,1862.4,521,3,1861.5,983,5,1862.5,629,4,1861.4,1150,6,1862.6,737,4
P325_SYNTH_EVENT_001_20260714,2026-07-14T17:52:29+05:30,synthetic_calendar_rbi_policy_like,ADANIPORTS,-882,1784030867,1860.7032,1051915,1860.5,464,3,1860.9,306,2,1860.4,627,4,1861.0,412,3,1860.3,790,4,1861.1,519,3,1860.2,954,5,1861.2,625,4,1860.1,1117,6,1861.3,731,4
P325_SYNTH_EVENT_001_20260714,2026-07-14T17:52:29+05:30,synthetic_calendar_rbi_policy_like,ADANIPORTS,-882,1784030867,1861.3105,606081,1861.1,467,3,1861.5,307,2,1861.0,631,4,1861.6,414,3,1860.9,796,4,1861.7,520,3,1860.8,961,5,1861.8,625,4,1860.7,1127,6,1861.9,730,4
P325_SYNTH_EVENT_001_20260714,2026-07-14T17:52:29+05:30,synthetic_calendar_rbi_policy_like,ADANIPORTS,-882,1784030867,1859.7145,164399,1859.5,463,3,1859.9,305,2,1859.4,625,4,1860.0,411,3,1859.3,788,4,1860.1,517,3,1859.2,951,5,1860.2,623,4,1859.1,1115,6,1860.3,728,4
P325_SYNTH_EVENT_001_20260714,2026-07-14T17:52:29+05:30,synthetic_calendar_rbi_policy_like,ADANIPORTS,-882,1784030867,1859.7129,1461635,1859.5,463,3,1859.9,305,2,1859.4,625,4,1860.0,411,3,1859.3,788,4,1860.1,517,3,1859.2,951,5,1860.2,623,4,1859.1,1115,6,1860.3,728,4
P325_SYNTH_EVENT_001_20260714,2026-07-14T17:52:29+05:30,synthetic_calendar_rbi_policy_like,ADANIPORTS,-882,1784030867,1859.5065,180755,1859.3,468,3,1859.7,308,2,1859.2,632,4,1859.8,416,3,1859.1,796,4,1859.9,523,3,1859.0,961,5,1860.0,630,4,1858.9,1125,6,1860.1,737,4
P325_SYNTH_EVENT_001_20260714,2026-07-14T17:52:29+05:30,synthetic_calendar_rbi_policy_like,ADANIPORTS,-882,1784030867,1859.7153,601029,1859.5,463,3,1859.9,305,2,1859.4,625,4,1860.0,411,3,1859.3,788,4,1860.1,517,3,1859.2,951,5,1860.2,623,4,1859.1,1115,6,1860.3,728,4
P325_SYNTH_EVENT_001_20260714,2026-07-14T17:52:29+05:30,synthetic_calendar_rbi_policy_like,ADANIPORTS,-882,1784030867,1860.9145,158538,1860.7,457,3,1861.1,295,2,1860.6,617,4,1861.2,398,2,1860.5,777,4,1861.3,502,3,1860.4,936,5,1861.4,606,4,1860.3,1095,6,1861.5,710,4
P325_SYNTH_EVENT_001_20260714,2026-07-14T17:52:29+05:30,synthetic_calendar_rbi_policy_like,ADANIPORTS,-882,1784030867,1854.6129,1062019,1854.4,513,3,1854.8,347,2,1854.3,694,4,1854.9,467,3,1854.2,874,5,1855.0,588,3,1854.1,1054,6,1855.1,709,4,1854.0,1235,7,1855.2,829,5
P325_SYNTH_EVENT_001_20260714,2026-07-14T17:52:29+05:30,synthetic_calendar_rbi_policy_like,ADANIPORTS,-882,1784030867,1860.704,621237,1860.5,464,3,1860.9,306,2,1860.4,627,4,1861.0,412,3,1860.3,790,4,1861.1,519,3,1860.2,954,5,1861.2,625,4,1860.1,1117,6,1861.3,731,4
P325_SYNTH_EVENT_001_20260714,2026-07-14T17:52:29+05:30,synthetic_calendar_rbi_policy_like,ADANIPORTS,-881,1784030868,1860.9855,1870642,1860.8,484,3,1861.2,308,2,1860.7,653,4,1861.3,416,3,1860.6,822,5,1861.4,524,3,1860.5,991,5,1861.5,632,4,1860.4,1160,6,1861.6,741,4
P325_SYNTH_EVENT_001_20260714,2026-07-14T17:52:29+05:30,synthetic_calendar_rbi_policy_like,ADANIPORTS,-881,1784030868,1859.4984,1889466,1859.3,468,3,1859.7,308,2,1859.2,632,4,1859.8,416,3,1859.1,796,4,1859.9,523,3,1859.0,961,5,1860.0,630,4,1858.9,1125,6,1860.1,737,4
P325_SYNTH_EVENT_001_20260714,2026-07-14T17:52:29+05:30,synthetic_calendar_rbi_policy_like,ADANIPORTS,-881,1784030868,1862.0903,1905822,1861.9,464,3,1862.3,306,2,1861.8,628,4,1862.4,412,3,1861.7,792,4,1862.5,517,3,1861.6,957,5,1862.6,622,4,1861.5,1122,6,1862.7,726,4
P325_SYNTH_EVENT_001_20260714,2026-07-14T17:52:29+05:30,synthetic_calendar_rbi_policy_like,ADANIPORTS,-881,1784030868,1862.0,1477094,1861.8,480,3,1862.2,306,2,1861.7,648,4,1862.3,413,3,1861.6,815,5,1862.4,521,3,1861.5,983,5,1862.5,629,4,1861.4,1150,6,1862.6,737,4
P325_SYNTH_EVENT_001_20260714,2026-07-14T17:52:29+05:30,synthetic_calendar_rbi_policy_like,ADANIPORTS,-881,1784030868,1860.8855,1874700,1860.7,457,3,1861.1,295,2,1860.6,617,4,1861.2,398,2,1860.5,777,4,1861.3,502,3,1860.4,936,5,1861.4,606,4,1860.3,1095,6,1861.5,710,4
P325_SYNTH_EVENT_001_20260714,2026-07-14T17:52:29+05:30,synthetic_calendar_rbi_policy_like,ADANIPORTS,-881,1784030868,1860.6903,1899870,1860.5,464,3,1860.9,306,2,1860.4,627,4,1861.0,412,3,1860.3,790,4,1861.1,519,3,1860.2,954,5,1861.2,625,4,1860.1,1117,6,1861.3,731,4
P325_SYNTH_EVENT_001_20260714,2026-07-14T17:52:29+05:30,synthetic_calendar_rbi_policy_like,ADANIPORTS,-881,1784030868,1860.692,1481546,1860.5,464,3,1860.9,306,2,1860.4,627,4,1861.0,412,3,1860.3,790,4,1861.1,519,3,1860.2,954,5,1861.2,625,4,1860.1,1117,6,1861.3,731,4
P325_SYNTH_EVENT_001_20260714,2026-07-14T17:52:29+05:30,synthetic_calendar_rbi_policy_like,ADANIPORTS,-881,1784030868,1861.9903,1893918,1861.8,480,3,1862.2,306,2,1861.7,648,4,1862.3,413,3,1861.6,815,5,1862.4,521,3,1861.5,983,5,1862.5,629,4,1861.4,1150,6,1862.6,737,4
P325_SYNTH_EVENT_001_20260714,2026-07-14T17:52:29+05:30,synthetic_calendar_rbi_policy_like,ADANIPORTS,-881,1784030868,1861.2855,1880562,1861.1,467,3,1861.5,307,2,1861.0,631,4,1861.6,414,3,1860.9,796,4,1861.7,520,3,1860.8,961,5,1861.8,625,4,1860.7,1127,6,1861.9,730,4
P325_SYNTH_EVENT_001_20260714,2026-07-14T17:52:29+05:30,synthetic_calendar_rbi_policy_like,ADANIPORTS,-881,1784030868,1862.092,1487498,1861.9,464,3,1862.3,306,2,1861.8,628,4,1862.4,412,3,1861.7,792,4,1862.5,517,3,1861.6,957,5,1862.6,622,4,1861.5,1122,6,1862.7,726,4
P325_SYNTH_EVENT_001_20260714,2026-07-14T17:52:29+05:30,synthetic_calendar_rbi_policy_like,ADANIPORTS,-881,1784030868,1859.6935,1885014,1859.5,463,3,1859.9,305,2,1859.4,625,4,1860.0,411,3,1859.3,788,4,1860.1,517,3,1859.2,951,5,1860.2,623,4,1859.1,1115,6,1860.3,728,4
P325_SYNTH_EVENT_001_20260714,2026-07-14T17:52:29+05:30,synthetic_calendar_rbi_policy_like,ADANIPORTS,-881,1784030868,1861.2895,606084,1861.1,467,3,1861.5,307,2,1861.0,631,4,1861.6,414,3,1860.9,796,4,1861.7,520,3,1860.8,961,5,1861.8,625,4,1860.7,1127,6,1861.9,730,4
P325_SYNTH_EVENT_001_20260714,2026-07-14T17:52:29+05:30,synthetic_calendar_rbi_policy_like,ADANIPORTS,-881,1784030868,1860.696,621240,1860.5,464,3,1860.9,306,2,1860.4,627,4,1861.0,412,3,1860.3,790,4,1861.1,519,3,1860.2,954,5,1861.2,625,4,1860.1,1117,6,1861.3,731,4
P325_SYNTH_EVENT_001_20260714,2026-07-14T17:52:29+05:30,synthetic_calendar_rbi_policy_like,ADANIPORTS,-881,1784030868,1860.8855,158540,1860.7,457,3,1861.1,295,2,1860.6,617,4,1861.2,398,2,1860.5,777,4,1861.3,502,3,1860.4,936,5,1861.4,606,4,1860.3,1095,6,1861.5,710,4
P325_SYNTH_EVENT_001_20260714,2026-07-14T17:52:29+05:30,synthetic_calendar_rbi_policy_like,ADANIPORTS,-881,1784030868,1861.9984,185210,1861.8,480,3,1862.2,306,2,1861.7,648,4,1862.3,413,3,1861.6,815,5,1862.4,521,3,1861.5,983,5,1862.5,629,4,1861.4,1150,6,1862.6,737,4
P325_SYNTH_EVENT_001_20260714,2026-07-14T17:52:29+05:30,synthetic_calendar_rbi_policy_like,ADANIPORTS,-881,1784030868,1859.6846,601032,1859.5,463,3,1859.9,305,2,1859.4,625,4,1860.0,411,3,1859.3,788,4,1860.1,517,3,1859.2,951,5,1860.2,623,4,1859.1,1115,6,1860.3,728,4
P325_SYNTH_EVENT_001_20260714,2026-07-14T17:52:29+05:30,synthetic_calendar_rbi_policy_like,ADANIPORTS,-881,1784030868,1859.6871,1461638,1859.5,463,3,1859.9,305,2,1859.4,625,4,1860.0,411,3,1859.3,788,4,1860.1,517,3,1859.2,951,5,1860.2,623,4,1859.1,1115,6,1860.3,728,4
P325_SYNTH_EVENT_001_20260714,2026-07-14T17:52:29+05:30,synthetic_calendar_rbi_policy_like,ADANIPORTS,-881,1784030868,1859.6855,164402,1859.5,463,3,1859.9,305,2,1859.4,625,4,1860.0,411,3,1859.3,788,4,1860.1,517,3,1859.2,951,5,1860.2,623,4,1859.1,1115,6,1860.3,728,4
P325_SYNTH_EVENT_001_20260714,2026-07-14T17:52:29+05:30,synthetic_calendar_rbi_policy_like,ADANIPORTS,-881,1784030868,1860.6903,189662,1860.5,464,3,1860.9,306,2,1860.4,627,4,1861.0,412,3,1860.3,790,4,1861.1,519,3,1860.2,954,5,1861.2,625,4,1860.1,1117,6,1861.3,731,4
P325_SYNTH_EVENT_001_20260714,2026-07-14T17:52:29+05:30,synthetic_calendar_rbi_policy_like,ADANIPORTS,-881,1784030868,1862.092,1056970,1861.9,464,3,1862.3,306,2,1861.8,628,4,1862.4,412,3,1861.7,792,4,1862.5,517,3,1861.6,957,5,1862.6,622,4,1861.5,1122,6,1862.7,726,4
P325_SYNTH_EVENT_001_20260714,2026-07-14T17:52:29+05:30,synthetic_calendar_rbi_policy_like,ADANIPORTS,-881,1784030868,1859.4935,180758,1859.3,468,3,1859.7,308,2,1859.2,632,4,1859.8,416,3,1859.1,796,4,1859.9,523,3,1859.0,961,5,1860.0,630,4,1858.9,1125,6,1860.1,737,4
P325_SYNTH_EVENT_001_20260714,2026-07-14T17:52:29+05:30,synthetic_calendar_rbi_policy_like,ADANIPORTS,-881,1784030868,1854.5871,1062022,1854.4,513,3,1854.8,347,2,1854.3,694,4,1854.9,467,3,1854.2,874,5,1855.0,588,3,1854.1,1054,6,1855.1,709,4,1854.0,1235,7,1855.2,829,5
P325_SYNTH_EVENT_001_20260714,2026-07-14T17:52:29+05:30,synthetic_calendar_rbi_policy_like,ADANIPORTS,-881,1784030868,1859.4935,1041814,1859.3,468,3,1859.7,308,2,1859.2,632,4,1859.8,416,3,1859.1,796,4,1859.9,523,3,1859.0,961,5,1860.0,630,4,1858.9,1125,6,1860.1,737,4
P325_SYNTH_EVENT_001_20260714,2026-07-14T17:52:29+05:30,synthetic_calendar_rbi_policy_like,ADANIPORTS,-881,1784030868,1861.2887,1036762,1861.1,467,3,1861.5,307,2,1861.0,631,4,1861.6,414,3,1860.9,796,4,1861.7,520,3,1860.8,961,5,1861.8,625,4,1860.7,1127,6,1861.9,730,4
P325_SYNTH_EVENT_001_20260714,2026-07-14T17:52:29+05:30,synthetic_calendar_rbi_policy_like,ADANIPORTS,-881,1784030868,1862.0,616038,1861.8,480,3,1862.2,306,2,1861.7,648,4,1862.3,413,3,1861.6,815,5,1862.4,521,3,1861.5,983,5,1862.5,629,4,1861.4,1150,6,1862.6,737,4
P325_SYNTH_EVENT_001_20260714,2026-07-14T17:52:29+05:30,synthetic_calendar_rbi_policy_like,ADANIPORTS,-881,1784030868,1862.0903,626142,1861.9,464,3,1862.3,306,2,1861.8,628,4,1862.4,412,3,1861.7,792,4,1862.5,517,3,1861.6,957,5,1862.6,622,4,1861.5,1122,6,1862.7,726,4
P325_SYNTH_EVENT_001_20260714,2026-07-14T17:52:29+05:30,synthetic_calendar_rbi_policy_like,ADANIPORTS,-881,1784030868,1854.5871,631494,1854.4,513,3,1854.8,347,2,1854.3,694,4,1854.9,467,3,1854.2,874,5,1855.0,588,3,1854.1,1054,6,1855.1,709,4,1854.0,1235,7,1855.2,829,5
P325_SYNTH_EVENT_001_20260714,2026-07-14T17:52:29+05:30,synthetic_calendar_rbi_policy_like,ADANIPORTS,-881,1784030868,1859.4951,610986,1859.3,468,3,1859.7,308,2,1859.2,632,4,1859.8,416,3,1859.1,796,4,1859.9,523,3,1859.0,961,5,1860.0,630,4,1858.9,1125,6,1860.1,737,4
P325_SYNTH_EVENT_001_20260714,2026-07-14T17:52:29+05:30,synthetic_calendar_rbi_policy_like,ADANIPORTS,-881,1784030868,1860.6968,1051918,1860.5,464,3,1860.9,306,2,1860.4,627,4,1861.0,412,3,1860.3,790,4,1861.1,519,3,1860.2,954,5,1861.2,625,4,1860.1,1117,6,1861.3,731,4
P325_SYNTH_EVENT_001_20260714,2026-07-14T17:52:29+05:30,synthetic_calendar_rbi_policy_like,ADANIPORTS,-881,1784030868,1861.2935,174806,1861.1,467,3,1861.5,307,2,1861.0,631,4,1861.6,414,3,1860.9,796,4,1861.7,520,3,1860.8,961,5,1861.8,625,4,1860.7,1127,6,1861.9,730,4
P325_SYNTH_EVENT_001_20260714,2026-07-14T17:52:29+05:30,synthetic_calendar_rbi_policy_like,ADANIPORTS,-881,1784030868,1862.0903,195614,1861.9,464,3,1862.3,306,2,1861.8,628,4,1862.4,412,3,1861.7,792,4,1862.5,517,3,1861.6,957,5,1862.6,622,4,1861.5,1122,6,1862.7,726,4
P325_SYNTH_EVENT_001_20260714,2026-07-14T17:52:29+05:30,synthetic_calendar_rbi_policy_like,ADANIPORTS,-881,1784030868,1861.2919,1466690,1861.1,467,3,1861.5,307,2,1861.0,631,4,1861.6,414,3,1860.9,796,4,1861.7,520,3,1860.8,961,5,1861.8,625,4,1860.7,1127,6,1861.9,730,4
P325_SYNTH_EVENT_001_20260714,2026-07-14T17:52:29+05:30,synthetic_calendar_rbi_policy_like,ADANIPORTS,-881,1784030868,1861.9984,1046866,1861.8,480,3,1862.2,306,2,1861.7,648,4,1862.3,413,3,1861.6,815,5,1862.4,521,3,1861.5,983,5,1862.5,629,4,1861.4,1150,6,1862.6,737,4
P325_SYNTH_EVENT_001_20260714,2026-07-14T17:52:29+05:30,synthetic_calendar_rbi_policy_like,ADANIPORTS,-881,1784030868,1859.4967,1471742,1859.3,468,3,1859.7,308,2,1859.2,632,4,1859.8,416,3,1859.1,796,4,1859.9,523,3,1859.0,961,5,1860.0,630,4,1858.9,1125,6,1860.1,737,4
P325_SYNTH_EVENT_001_20260714,2026-07-14T17:52:29+05:30,synthetic_calendar_rbi_policy_like,ADANIPORTS,-881,1784030868,1811.4935,168854,1811.3,481,3,1811.7,313,2,1811.2,649,4,1811.8,423,3,1811.1,816,5,1811.9,534,3,1811.0,983,5,1812.0,644,4,1810.9,1150,6,1812.1,755,4
P325_SYNTH_EVENT_001_20260714,2026-07-14T17:52:29+05:30,synthetic_calendar_rbi_policy_like,ADANIPORTS,-880,1784030869,1862.1096,1905825,1861.9,464,3,1862.3,306,2,1861.8,628,4,1862.4,412,3,1861.7,792,4,1862.5,517,3,1861.6,957,5,1862.6,622,4,1861.5,1122,6,1862.7,726,4
P325_SYNTH_EVENT_001_20260714,2026-07-14T17:52:29+05:30,synthetic_calendar_rbi_policy_like,ADANIPORTS,-880,1784030869,1859.5016,1889469,1859.3,468,3,1859.7,308,2,1859.2,632,4,1859.8,416,3,1859.1,796,4,1859.9,523,3,1859.0,961,5,1860.0,630,4,1858.9,1125,6,1860.1,737,4
P325_SYNTH_EVENT_001_20260714,2026-07-14T17:52:29+05:30,synthetic_calendar_rbi_policy_like,ADANIPORTS,-880,1784030869,1859.7065,1885017,1859.5,463,3,1859.9,305,2,1859.4,625,4,1860.0,411,3,1859.3,788,4,1860.1,517,3,1859.2,951,5,1860.2,623,4,1859.1,1115,6,1860.3,728,4
P325_SYNTH_EVENT_001_20260714,2026-07-14T17:52:29+05:30,synthetic_calendar_rbi_policy_like,ADANIPORTS,-880,1784030869,1861.3146,1880565,1861.1,467,3,1861.5,307,2,1861.0,631,4,1861.6,414,3,1860.9,796,4,1861.7,520,3,1860.8,961,5,1861.8,625,4,1860.7,1127,6,1861.9,730,4
P325_SYNTH_EVENT_001_20260714,2026-07-14T17:52:29+05:30,synthetic_calendar_rbi_policy_like,ADANIPORTS,-880,1784030869,1862.0096,1893921,1861.8,480,3,1862.2,306,2,1861.7,648,4,1862.3,413,3,1861.6,815,5,1862.4,521,3,1861.5,983,5,1862.5,629,4,1861.4,1150,6,1862.6,737,4
P325_SYNTH_EVENT_001_20260714,2026-07-14T17:52:29+05:30,synthetic_calendar_rbi_policy_like,ADANIPORTS,-880,1784030869,1860.9146,1874702,1860.7,457,3,1861.1,295,2,1860.6,617,4,1861.2,398,2,1860.5,777,4,1861.3,502,3,1860.4,936,5,1861.4,606,4,1860.3,1095,6,1861.5,710,4
P325_SYNTH_EVENT_001_20260714,2026-07-14T17:52:29+05:30,synthetic_calendar_rbi_policy_like,ADANIPORTS,-880,1784030869,1861.0146,1870645,1860.8,484,3,1861.2,308,2,1860.7,653,4,1861.3,416,3,1860.6,822,5,1861.4,524,3,1860.5,991,5,1861.5,632,4,1860.4,1160,6,1861.6,741,4
P325_SYNTH_EVENT_001_20260714,2026-07-14T17:52:29+05:30,synthetic_calendar_rbi_policy_like,ADANIPORTS,-880,1784030869,1860.708,1481549,1860.5,464,3,1860.9,306,2,1860.4,627,4,1861.0,412,3,1860.3,790,4,1861.1,519,3,1860.2,954,5,1861.2,625,4,1860.1,1117,6,1861.3,731,4
P325_SYNTH_EVENT_001_20260714,2026-07-14T17:52:29+05:30,synthetic_calendar_rbi_policy_like,ADANIPORTS,-880,1784030869,1860.7096,1899873,1860.5,464,3,1860.9,306,2,1860.4,627,4,1861.0,412,3,1860.3,790,4,1861.1,519,3,1860.2,954,5,1861.2,625,4,1860.1,1117,6,1861.3,731,4
P325_SYNTH_EVENT_001_20260714,2026-07-14T17:52:29+05:30,synthetic_calendar_rbi_policy_like,ADANIPORTS,-880,1784030869,1862.0,1477097,1861.8,480,3,1862.2,306,2,1861.7,648,4,1862.3,413,3,1861.6,815,5,1862.4,521,3,1861.5,983,5,1862.5,629,4,1861.4,1150,6,1862.6,737,4
P325_SYNTH_EVENT_001_20260714,2026-07-14T17:52:29+05:30,synthetic_calendar_rbi_policy_like,ADANIPORTS,-880,1784030869,1862.108,1487501,1861.9,464,3,1862.3,306,2,1861.8,628,4,1862.4,412,3,1861.7,792,4,1862.5,517,3,1861.6,957,5,1862.6,622,4,1861.5,1122,6,1862.7,726,4
P325_SYNTH_EVENT_001_20260714,2026-07-14T17:52:29+05:30,synthetic_calendar_rbi_policy_like,ADANIPORTS,-880,1784030869,1859.5065,1041817,1859.3,468,3,1859.7,308,2,1859.2,632,4,1859.8,416,3,1859.1,796,4,1859.9,523,3,1859.0,961,5,1860.0,630,4,1858.9,1125,6,1860.1,737,4
P325_SYNTH_EVENT_001_20260714,2026-07-14T17:52:29+05:30,synthetic_calendar_rbi_policy_like,ADANIPORTS,-880,1784030869,1861.3065,174809,1861.1,467,3,1861.5,307,2,1861.0,631,4,1861.6,414,3,1860.9,796,4,1861.7,520,3,1860.8,961,5,1861.8,625,4,1860.7,1127,6,1861.9,730,4
P325_SYNTH_EVENT_001_20260714,2026-07-14T17:52:29+05:30,synthetic_calendar_rbi_policy_like,ADANIPORTS,-880,1784030869,1811.5065,168857,1811.3,481,3,1811.7,313,2,1811.2,649,4,1811.8,423,3,1811.1,816,5,1811.9,534,3,1811.0,983,5,1812.0,644,4,1810.9,1150,6,1812.1,755,4
P325_SYNTH_EVENT_001_20260714,2026-07-14T17:52:29+05:30,synthetic_calendar_rbi_policy_like,ADANIPORTS,-880,1784030869,1862.0017,1046869,1861.8,480,3,1862.2,306,2,1861.7,648,4,1862.3,413,3,1861.6,815,5,1862.4,521,3,1861.5,983,5,1862.5,629,4,1861.4,1150,6,1862.6,737,4
P325_SYNTH_EVENT_001_20260714,2026-07-14T17:52:29+05:30,synthetic_calendar_rbi_policy_like,ADANIPORTS,-880,1784030869,1859.5049,610989,1859.3,468,3,1859.7,308,2,1859.2,632,4,1859.8,416,3,1859.1,796,4,1859.9,523,3,1859.0,961,5,1860.0,630,4,1858.9,1125,6,1860.1,737,4
P325_SYNTH_EVENT_001_20260714,2026-07-14T17:52:29+05:30,synthetic_calendar_rbi_policy_like,ADANIPORTS,-880,1784030869,1860.9146,158542,1860.7,457,3,1861.1,295,2,1860.6,617,4,1861.2,398,2,1860.5,777,4,1861.3,502,3,1860.4,936,5,1861.4,606,4,1860.3,1095,6,1861.5,710,4
P325_SYNTH_EVENT_001_20260714,2026-07-14T17:52:29+05:30,synthetic_calendar_rbi_policy_like,ADANIPORTS,-880,1784030869,1862.1096,626145,1861.9,464,3,1862.3,306,2,1861.8,628,4,1862.4,412,3,1861.7,792,4,1862.5,517,3,1861.6,957,5,1862.6,622,4,1861.5,1122,6,1862.7,726,4
P325_SYNTH_EVENT_001_20260714,2026-07-14T17:52:29+05:30,synthetic_calendar_rbi_policy_like,ADANIPORTS,-880,1784030869,1859.7146,164405,1859.5,463,3,1859.9,305,2,1859.4,625,4,1860.0,411,3,1859.3,788,4,1860.1,517,3,1859.2,951,5,1860.2,623,4,1859.1,1115,6,1860.3,728,4
P325_SYNTH_EVENT_001_20260714,2026-07-14T17:52:29+05:30,synthetic_calendar_rbi_policy_like,ADANIPORTS,-880,1784030869,1859.5033,1471745,1859.3,468,3,1859.7,308,2,1859.2,632,4,1859.8,416,3,1859.1,796,4,1859.9,523,3,1859.0,961,5,1860.0,630,4,1858.9,1125,6,1860.1,737,4
P325_SYNTH_EVENT_001_20260714,2026-07-14T17:52:29+05:30,synthetic_calendar_rbi_policy_like,ADANIPORTS,-880,1784030869,1862.0,616041,1861.8,480,3,1862.2,306,2,1861.7,648,4,1862.3,413,3,1861.6,815,5,1862.4,521,3,1861.5,983,5,1862.5,629,4,1861.4,1150,6,1862.6,737,4
P325_SYNTH_EVENT_001_20260714,2026-07-14T17:52:29+05:30,synthetic_calendar_rbi_policy_like,ADANIPORTS,-880,1784030869,1860.7096,189665,1860.5,464,3,1860.9,306,2,1860.4,627,4,1861.0,412,3,1860.3,790,4,1861.1,519,3,1860.2,954,5,1861.2,625,4,1860.1,1117,6,1861.3,731,4
P325_SYNTH_EVENT_001_20260714,2026-07-14T17:52:29+05:30,synthetic_calendar_rbi_policy_like,ADANIPORTS,-880,1784030869,1860.704,621243,1860.5,464,3,1860.9,306,2,1860.4,627,4,1861.0,412,3,1860.3,790,4,1861.1,519,3,1860.2,954,5,1861.2,625,4,1860.1,1117,6,1861.3,731,4
P325_SYNTH_EVENT_001_20260714,2026-07-14T17:52:29+05:30,synthetic_calendar_rbi_policy_like,ADANIPORTS,-880,1784030869,1862.108,1056973,1861.9,464,3,1862.3,306,2,1861.8,628,4,1862.4,412,3,1861.7,792,4,1862.5,517,3,1861.6,957,5,1862.6,622,4,1861.5,1122,6,1862.7,726,4
P325_SYNTH_EVENT_001_20260714,2026-07-14T17:52:29+05:30,synthetic_calendar_rbi_policy_like,ADANIPORTS,-880,1784030869,1854.6129,1062025,1854.4,513,3,1854.8,347,2,1854.3,694,4,1854.9,467,3,1854.2,874,5,1855.0,588,3,1854.1,1054,6,1855.1,709,4,1854.0,1235,7,1855.2,829,5
P325_SYNTH_EVENT_001_20260714,2026-07-14T17:52:29+05:30,synthetic_calendar_rbi_policy_like,ADANIPORTS,-880,1784030869,1862.0016,185213,1861.8,480,3,1862.2,306,2,1861.7,648,4,1862.3,413,3,1861.6,815,5,1862.4,521,3,1861.5,983,5,1862.5,629,4,1861.4,1150,6,1862.6,737,4
P325_SYNTH_EVENT_001_20260714,2026-07-14T17:52:29+05:30,synthetic_calendar_rbi_policy_like,ADANIPORTS,-880,1784030869,1859.713,1461641,1859.5,463,3,1859.9,305,2,1859.4,625,4,1860.0,411,3,1859.3,788,4,1860.1,517,3,1859.2,951,5,1860.2,623,4,1859.1,1115,6,1860.3,728,4
P325_SYNTH_EVENT_001_20260714,2026-07-14T17:52:29+05:30,synthetic_calendar_rbi_policy_like,ADANIPORTS,-880,1784030869,1862.1096,195617,1861.9,464,3,1862.3,306,2,1861.8,628,4,1862.4,412,3,1861.7,792,4,1862.5,517,3,1861.6,957,5,1862.6,622,4,1861.5,1122,6,1862.7,726,4
P325_SYNTH_EVENT_001_20260714,2026-07-14T17:52:29+05:30,synthetic_calendar_rbi_policy_like,ADANIPORTS,-880,1784030869,1859.5065,180761,1859.3,468,3,1859.7,308,2,1859.2,632,4,1859.8,416,3,1859.1,796,4,1859.9,523,3,1859.0,961,5,1860.0,630,4,1858.9,1125,6,1860.1,737,4
P325_SYNTH_EVENT_001_20260714,2026-07-14T17:52:29+05:30,synthetic_calendar_rbi_policy_like,ADANIPORTS,-880,1784030869,1860.7032,1051921,1860.5,464,3,1860.9,306,2,1860.4,627,4,1861.0,412,3,1860.3,790,4,1861.1,519,3,1860.2,954,5,1861.2,625,4,1860.1,1117,6,1861.3,731,4
P325_SYNTH_EVENT_001_20260714,2026-07-14T17:52:29+05:30,synthetic_calendar_rbi_policy_like,ADANIPORTS,-880,1784030869,1859.7154,601035,1859.5,463,3,1859.9,305,2,1859.4,625,4,1860.0,411,3,1859.3,788,4,1860.1,517,3,1859.2,951,5,1860.2,623,4,1859.1,1115,6,1860.3,728,4
P325_SYNTH_EVENT_001_20260714,2026-07-14T17:52:29+05:30,synthetic_calendar_rbi_policy_like,ADANIPORTS,-880,1784030869,1861.3105,606087,1861.1,467,3,1861.5,307,2,1861.0,631,4,1861.6,414,3,1860.9,796,4,1861.7,520,3,1860.8,961,5,1861.8,625,4,1860.7,1127,6,1861.9,730,4
P325_SYNTH_EVENT_001_20260714,2026-07-14T17:52:29+05:30,synthetic_calendar_rbi_policy_like,ADANIPORTS,-880,1784030869,1854.6129,631497,1854.4,513,3,1854.8,347,2,1854.3,694,4,1854.9,467,3,1854.2,874,5,1855.0,588,3,1854.1,1054,6,1855.1,709,4,1854.0,1235,7,1855.2,829,5
P325_SYNTH_EVENT_001_20260714,2026-07-14T17:52:29+05:30,synthetic_calendar_rbi_policy_like,ADANIPORTS,-880,1784030869,1861.3113,1036765,1861.1,467,3,1861.5,307,2,1861.0,631,4,1861.6,414,3,1860.9,796,4,1861.7,520,3,1860.8,961,5,1861.8,625,4,1860.7,1127,6,1861.9,730,4
P325_SYNTH_EVENT_001_20260714,2026-07-14T17:52:29+05:30,synthetic_calendar_rbi_policy_like,ADANIPORTS,-880,1784030869,1861.3081,1466693,1861.1,467,3,1861.5,307,2,1861.0,631,4,1861.6,414,3,1860.9,796,4,1861.7,520,3,1860.8,961,5,1861.8,625,4,1860.7,1127,6,1861.9,730,4
P325_SYNTH_EVENT_001_20260714,2026-07-14T17:52:29+05:30,synthetic_calendar_rbi_policy_like,ADANIPORTS,-879,1784030870,1859.6935,1885020,1859.5,463,3,1859.9,305,2,1859.4,625,4,1860.0,411,3,1859.3,788,4,1860.1,517,3,1859.2,951,5,1860.2,623,4,1859.1,1115,6,1860.3,728,4
P325_SYNTH_EVENT_001_20260714,2026-07-14T17:52:29+05:30,synthetic_calendar_rbi_policy_like,ADANIPORTS,-879,1784030870,1861.9904,1893924,1861.8,480,3,1862.2,306,2,1861.7,648,4,1862.3,413,3,1861.6,815,5,1862.4,521,3,1861.5,983,5,1862.5,629,4,1861.4,1150,6,1862.6,737,4
P325_SYNTH_EVENT_001_20260714,2026-07-14T17:52:29+05:30,synthetic_calendar_rbi_policy_like,ADANIPORTS,-879,1784030870,1859.4984,1889472,1859.3,468,3,1859.7,308,2,1859.2,632,4,1859.8,416,3,1859.1,796,4,1859.9,523,3,1859.0,961,5,1860.0,630,4,1858.9,1125,6,1860.1,737,4
P325_SYNTH_EVENT_001_20260714,2026-07-14T17:52:29+05:30,synthetic_calendar_rbi_policy_like,ADANIPORTS,-879,1784030870,1860.9854,1870648,1860.8,484,3,1861.2,308,2,1860.7,653,4,1861.3,416,3,1860.6,822,5,1861.4,524,3,1860.5,991,5,1861.5,632,4,1860.4,1160,6,1861.6,741,4
P325_SYNTH_EVENT_001_20260714,2026-07-14T17:52:29+05:30,synthetic_calendar_rbi_policy_like,ADANIPORTS,-879,1784030870,1861.2854,1880568,1861.1,467,3,1861.5,307,2,1861.0,631,4,1861.6,414,3,1860.9,796,4,1861.7,520,3,1860.8,961,5,1861.8,625,4,1860.7,1127,6,1861.9,730,4
P325_SYNTH_EVENT_001_20260714,2026-07-14T17:52:29+05:30,synthetic_calendar_rbi_policy_like,ADANIPORTS,-879,1784030870,1860.692,1481552,1860.5,464,3,1860.9,306,2,1860.4,627,4,1861.0,412,3,1860.3,790,4,1861.1,519,3,1860.2,954,5,1861.2,625,4,1860.1,1117,6,1861.3,731,4
P325_SYNTH_EVENT_001_20260714,2026-07-14T17:52:29+05:30,synthetic_calendar_rbi_policy_like,ADANIPORTS,-879,1784030870,1860.8854,1874704,1860.7,457,3,1861.1,295,2,1860.6,617,4,1861.2,398,2,1860.5,777,4,1861.3,502,3,1860.4,936,5,1861.4,606,4,1860.3,1095,6,1861.5,710,4
P325_SYNTH_EVENT_001_20260714,2026-07-14T17:52:29+05:30,synthetic_calendar_rbi_policy_like,ADANIPORTS,-879,1784030870,1861.9999,1477100,1861.8,480,3,1862.2,306,2,1861.7,648,4,1862.3,413,3,1861.6,815,5,1862.4,521,3,1861.5,983,5,1862.5,629,4,1861.4,1150,6,1862.6,737,4
P325_SYNTH_EVENT_001_20260714,2026-07-14T17:52:29+05:30,synthetic_calendar_rbi_policy_like,ADANIPORTS,-879,1784030870,1862.092,1487504,1861.9,464,3,1862.3,306,2,1861.8,628,4,1862.4,412,3,1861.7,792,4,1862.5,517,3,1861.6,957,5,1862.6,622,4,1861.5,1122,6,1862.7,726,4
P325_SYNTH_EVENT_001_20260714,2026-07-14T17:52:29+05:30,synthetic_calendar_rbi_policy_like,ADANIPORTS,-879,1784030870,1862.0904,1905828,1861.9,464,3,1862.3,306,2,1861.8,628,4,1862.4,412,3,1861.7,792,4,1862.5,517,3,1861.6,957,5,1862.6,622,4,1861.5,1122,6,1862.7,726,4
P325_SYNTH_EVENT_001_20260714,2026-07-14T17:52:29+05:30,synthetic_calendar_rbi_policy_like,ADANIPORTS,-879,1784030870,1860.6904,1899876,1860.5,464,3,1860.9,306,2,1860.4,627,4,1861.0,412,3,1860.3,790,4,1861.1,519,3,1860.2,954,5,1861.2,625,4,1860.1,1117,6,1861.3,731,4
P325_SYNTH_EVENT_001_20260714,2026-07-14T17:52:29+05:30,synthetic_calendar_rbi_policy_like,ADANIPORTS,-879,1784030870,1861.2895,606090,1861.1,467,3,1861.5,307,2,1861.0,631,4,1861.6,414,3,1860.9,796,4,1861.7,520,3,1860.8,961,5,1861.8,625,4,1860.7,1127,6,1861.9,730,4
P325_SYNTH_EVENT_001_20260714,2026-07-14T17:52:29+05:30,synthetic_calendar_rbi_policy_like,ADANIPORTS,-879,1784030870,1854.5871,1062028,1854.4,513,3,1854.8,347,2,1854.3,694,4,1854.9,467,3,1854.2,874,5,1855.0,588,3,1854.1,1054,6,1855.1,709,4,1854.0,1235,7,1855.2,829,5
P325_SYNTH_EVENT_001_20260714,2026-07-14T17:52:29+05:30,synthetic_calendar_rbi_policy_like,ADANIPORTS,-879,1784030870,1862.0904,195620,1861.9,464,3,1862.3,306,2,1861.8,628,4,1862.4,412,3,1861.7,792,4,1862.5,517,3,1861.6,957,5,1862.6,622,4,1861.5,1122,6,1862.7,726,4
P325_SYNTH_EVENT_001_20260714,2026-07-14T17:52:29+05:30,synthetic_calendar_rbi_policy_like,ADANIPORTS,-879,1784030870,1860.696,621246,1860.5,464,3,1860.9,306,2,1860.4,627,4,1861.0,412,3,1860.3,790,4,1861.1,519,3,1860.2,954,5,1861.2,625,4,1860.1,1117,6,1861.3,731,4
P325_SYNTH_EVENT_001_20260714,2026-07-14T17:52:29+05:30,synthetic_calendar_rbi_policy_like,ADANIPORTS,-879,1784030870,1862.0904,626148,1861.9,464,3,1862.3,306,2,1861.8,628,4,1862.4,412,3,1861.7,792,4,1862.5,517,3,1861.6,957,5,1862.6,622,4,1861.5,1122,6,1862.7,726,4
P325_SYNTH_EVENT_001_20260714,2026-07-14T17:52:29+05:30,synthetic_calendar_rbi_policy_like,ADANIPORTS,-879,1784030870,1811.4935,168860,1811.3,481,3,1811.7,313,2,1811.2,649,4,1811.8,423,3,1811.1,816,5,1811.9,534,3,1811.0,983,5,1812.0,644,4,1810.9,1150,6,1812.1,755,4
P325_SYNTH_EVENT_001_20260714,2026-07-14T17:52:29+05:30,synthetic_calendar_rbi_policy_like,ADANIPORTS,-879,1784030870,1861.2886,1036768,1861.1,467,3,1861.5,307,2,1861.0,631,4,1861.6,414,3,1860.9,796,4,1861.7,520,3,1860.8,961,5,1861.8,625,4,1860.7,1127,6,1861.9,730,4
P325_SYNTH_EVENT_001_20260714,2026-07-14T17:52:29+05:30,synthetic_calendar_rbi_policy_like,ADANIPORTS,-879,1784030870,1859.4935,180764,1859.3,468,3,1859.7,308,2,1859.2,632,4,1859.8,416,3,1859.1,796,4,1859.9,523,3,1859.0,961,5,1860.0,630,4,1858.9,1125,6,1860.1,737,4
P325_SYNTH_EVENT_001_20260714,2026-07-14T17:52:29+05:30,synthetic_calendar_rbi_policy_like,ADANIPORTS,-879,1784030870,1860.8854,158544,1860.7,457,3,1861.1,295,2,1860.6,617,4,1861.2,398,2,1860.5,777,4,1861.3,502,3,1860.4,936,5,1861.4,606,4,1860.3,1095,6,1861.5,710,4
P325_SYNTH_EVENT_001_20260714,2026-07-14T17:52:29+05:30,synthetic_calendar_rbi_policy_like,ADANIPORTS,-879,1784030870,1859.687,1461644,1859.5,463,3,1859.9,305,2,1859.4,625,4,1860.0,411,3,1859.3,788,4,1860.1,517,3,1859.2,951,5,1860.2,623,4,1859.1,1115,6,1860.3,728,4
P325_SYNTH_EVENT_001_20260714,2026-07-14T17:52:29+05:30,synthetic_calendar_rbi_policy_like,ADANIPORTS,-879,1784030870,1860.6968,1051924,1860.5,464,3,1860.9,306,2,1860.4,627,4,1861.0,412,3,1860.3,790,4,1861.1,519,3,1860.2,954,5,1861.2,625,4,1860.1,1117,6,1861.3,731,4
P325_SYNTH_EVENT_001_20260714,2026-07-14T17:52:29+05:30,synthetic_calendar_rbi_policy_like,ADANIPORTS,-879,1784030870,1861.9999,616044,1861.8,480,3,1862.2,306,2,1861.7,648,4,1862.3,413,3,1861.6,815,5,1862.4,521,3,1861.5,983,5,1862.5,629,4,1861.4,1150,6,1862.6,737,4
P325_SYNTH_EVENT_001_20260714,2026-07-14T17:52:29+05:30,synthetic_calendar_rbi_policy_like,ADANIPORTS,-879,1784030870,1859.4951,610992,1859.3,468,3,1859.7,308,2,1859.2,632,4,1859.8,416,3,1859.1,796,4,1859.9,523,3,1859.0,961,5,1860.0,630,4,1858.9,1125,6,1860.1,737,4
P325_SYNTH_EVENT_001_20260714,2026-07-14T17:52:29+05:30,synthetic_calendar_rbi_policy_like,ADANIPORTS,-879,1784030870,1860.6904,189668,1860.5,464,3,1860.9,306,2,1860.4,627,4,1861.0,412,3,1860.3,790,4,1861.1,519,3,1860.2,954,5,1861.2,625,4,1860.1,1117,6,1861.3,731,4
P325_SYNTH_EVENT_001_20260714,2026-07-14T17:52:29+05:30,synthetic_calendar_rbi_policy_like,ADANIPORTS,-879,1784030870,1861.2919,1466696,1861.1,467,3,1861.5,307,2,1861.0,631,4,1861.6,414,3,1860.9,796,4,1861.7,520,3,1860.8,961,5,1861.8,625,4,1860.7,1127,6,1861.9,730,4
P325_SYNTH_EVENT_001_20260714,2026-07-14T17:52:29+05:30,synthetic_calendar_rbi_policy_like,ADANIPORTS,-879,1784030870,1862.092,1056976,1861.9,464,3,1862.3,306,2,1861.8,628,4,1862.4,412,3,1861.7,792,4,1862.5,517,3,1861.6,957,5,1862.6,622,4,1861.5,1122,6,1862.7,726,4
P325_SYNTH_EVENT_001_20260714,2026-07-14T17:52:29+05:30,synthetic_calendar_rbi_policy_like,ADANIPORTS,-879,1784030870,1861.9983,1046872,1861.8,480,3,1862.2,306,2,1861.7,648,4,1862.3,413,3,1861.6,815,5,1862.4,521,3,1861.5,983,5,1862.5,629,4,1861.4,1150,6,1862.6,737,4
P325_SYNTH_EVENT_001_20260714,2026-07-14T17:52:29+05:30,synthetic_calendar_rbi_policy_like,ADANIPORTS,-879,1784030870,1861.2935,174812,1861.1,467,3,1861.5,307,2,1861.0,631,4,1861.6,414,3,1860.9,796,4,1861.7,520,3,1860.8,961,5,1861.8,625,4,1860.7,1127,6,1861.9,730,4
P325_SYNTH_EVENT_001_20260714,2026-07-14T17:52:29+05:30,synthetic_calendar_rbi_policy_like,ADANIPORTS,-879,1784030870,1861.9984,185216,1861.8,480,3,1862.2,306,2,1861.7,648,4,1862.3,413,3,1861.6,815,5,1862.4,521,3,1861.5,983,5,1862.5,629,4,1861.4,1150,6,1862.6,737,4
P325_SYNTH_EVENT_001_20260714,2026-07-14T17:52:29+05:30,synthetic_calendar_rbi_policy_like,ADANIPORTS,-879,1784030870,1859.4935,1041820,1859.3,468,3,1859.7,308,2,1859.2,632,4,1859.8,416,3,1859.1,796,4,1859.9,523,3,1859.0,961,5,1860.0,630,4,1858.9,1125,6,1860.1,737,4
P325_SYNTH_EVENT_001_20260714,2026-07-14T17:52:29+05:30,synthetic_calendar_rbi_policy_like,ADANIPORTS,-879,1784030870,1859.4967,1471748,1859.3,468,3,1859.7,308,2,1859.2,632,4,1859.8,416,3,1859.1,796,4,1859.9,523,3,1859.0,961,5,1860.0,630,4,1858.9,1125,6,1860.1,737,4
P325_SYNTH_EVENT_001_20260714,2026-07-14T17:52:29+05:30,synthetic_calendar_rbi_policy_like,ADANIPORTS,-879,1784030870,1859.6846,601038,1859.5,463,3,1859.9,305,2,1859.4,625,4,1860.0,411,3,1859.3,788,4,1860.1,517,3,1859.2,951,5,1860.2,623,4,1859.1,1115,6,1860.3,728,4
P325_SYNTH_EVENT_001_20260714,2026-07-14T17:52:29+05:30,synthetic_calendar_rbi_policy_like,ADANIPORTS,-879,1784030870,1859.6854,164408,1859.5,463,3,1859.9,305,2,1859.4,625,4,1860.0,411,3,1859.3,788,4,1860.1,517,3,1859.2,951,5,1860.2,623,4,1859.1,1115,6,1860.3,728,4
P325_SYNTH_EVENT_001_20260714,2026-07-14T17:52:29+05:30,synthetic_calendar_rbi_policy_like,ADANIPORTS,-879,1784030870,1854.5871,631500,1854.4,513,3,1854.8,347,2,1854.3,694,4,1854.9,467,3,1854.2,874,5,1855.0,588,3,1854.1,1054,6,1855.1,709,4,1854.0,1235,7,1855.2,829,5
P325_SYNTH_EVENT_001_20260714,2026-07-14T17:52:29+05:30,synthetic_calendar_rbi_policy_like,ADANIPORTS,-878,1784030871,1861.0146,1870651,1860.8,484,3,1861.2,308,2,1860.7,653,4,1861.3,416,3,1860.6,822,5,1861.4,524,3,1860.5,991,5,1861.5,632,4,1860.4,1160,6,1861.6,741,4
P325_SYNTH_EVENT_001_20260714,2026-07-14T17:52:29+05:30,synthetic_calendar_rbi_policy_like,ADANIPORTS,-878,1784030871,1860.9146,1874706,1860.7,457,3,1861.1,295,2,1860.6,617,4,1861.2,398,2,1860.5,777,4,1861.3,502,3,1860.4,936,5,1861.4,606,4,1860.3,1095,6,1861.5,710,4
P325_SYNTH_EVENT_001_20260714,2026-07-14T17:52:29+05:30,synthetic_calendar_rbi_policy_like,ADANIPORTS,-878,1784030871,1860.7096,1899879,1860.5,464,3,1860.9,306,2,1860.4,627,4,1861.0,412,3,1860.3,790,4,1861.1,519,3,1860.2,954,5,1861.2,625,4,1860.1,1117,6,1861.3,731,4
P325_SYNTH_EVENT_001_20260714,2026-07-14T17:52:29+05:30,synthetic_calendar_rbi_policy_like,ADANIPORTS,-878,1784030871,1860.708,1481555,1860.5,464,3,1860.9,306,2,1860.4,627,4,1861.0,412,3,1860.3,790,4,1861.1,519,3,1860.2,954,5,1861.2,625,4,1860.1,1117,6,1861.3,731,4
P325_SYNTH_EVENT_001_20260714,2026-07-14T17:52:29+05:30,synthetic_calendar_rbi_policy_like,ADANIPORTS,-878,1784030871,1859.7065,1885023,1859.5,463,3,1859.9,305,2,1859.4,625,4,1860.0,411,3,1859.3,788,4,1860.1,517,3,1859.2,951,5,1860.2,623,4,1859.1,1115,6,1860.3,728,4
P325_SYNTH_EVENT_001_20260714,2026-07-14T17:52:29+05:30,synthetic_calendar_rbi_policy_like,ADANIPORTS,-878,1784030871,1859.5015,1889475,1859.3,468,3,1859.7,308,2,1859.2,632,4,1859.8,416,3,1859.1,796,4,1859.9,523,3,1859.0,961,5,1860.0,630,4,1858.9,1125,6,1860.1,737,4
P325_SYNTH_EVENT_001_20260714,2026-07-14T17:52:29+05:30,synthetic_calendar_rbi_policy_like,ADANIPORTS,-878,1784030871,1862.0096,1893927,1861.8,480,3,1862.2,306,2,1861.7,648,4,1862.3,413,3,1861.6,815,5,1862.4,521,3,1861.5,983,5,1862.5,629,4,1861.4,1150,6,1862.6,737,4
P325_SYNTH_EVENT_001_20260714,2026-07-14T17:52:29+05:30,synthetic_calendar_rbi_policy_like,ADANIPORTS,-878,1784030871,1862.108,1487507,1861.9,464,3,1862.3,306,2,1861.8,628,4,1862.4,412,3,1861.7,792,4,1862.5,517,3,1861.6,957,5,1862.6,622,4,1861.5,1122,6,1862.7,726,4
P325_SYNTH_EVENT_001_20260714,2026-07-14T17:52:29+05:30,synthetic_calendar_rbi_policy_like,ADANIPORTS,-878,1784030871,1862.1096,1905831,1861.9,464,3,1862.3,306,2,1861.8,628,4,1862.4,412,3,1861.7,792,4,1862.5,517,3,1861.6,957,5,1862.6,622,4,1861.5,1122,6,1862.7,726,4
P325_SYNTH_EVENT_001_20260714,2026-07-14T17:52:29+05:30,synthetic_calendar_rbi_policy_like,ADANIPORTS,-878,1784030871,1861.3146,1880571,1861.1,467,3,1861.5,307,2,1861.0,631,4,1861.6,414,3,1860.9,796,4,1861.7,520,3,1860.8,961,5,1861.8,625,4,1860.7,1127,6,1861.9,730,4
P325_SYNTH_EVENT_001_20260714,2026-07-14T17:52:29+05:30,synthetic_calendar_rbi_policy_like,ADANIPORTS,-878,1784030871,1862.0001,1477103,1861.8,480,3,1862.2,306,2,1861.7,648,4,1862.3,413,3,1861.6,815,5,1862.4,521,3,1861.5,983,5,1862.5,629,4,1861.4,1150,6,1862.6,737,4
P325_SYNTH_EVENT_001_20260714,2026-07-14T17:52:29+05:30,synthetic_calendar_rbi_policy_like,ADANIPORTS,-878,1784030871,1862.0015,185219,1861.8,480,3,1862.2,306,2,1861.7,648,4,1862.3,413,3,1861.6,815,5,1862.4,521,3,1861.5,983,5,1862.5,629,4,1861.4,1150,6,1862.6,737,4
P325_SYNTH_EVENT_001_20260714,2026-07-14T17:52:29+05:30,synthetic_calendar_rbi_policy_like,ADANIPORTS,-878,1784030871,1859.713,1461647,1859.5,463,3,1859.9,305,2,1859.4,625,4,1860.0,411,3,1859.3,788,4,1860.1,517,3,1859.2,951,5,1860.2,623,4,1859.1,1115,6,1860.3,728,4
P325_SYNTH_EVENT_001_20260714,2026-07-14T17:52:29+05:30,synthetic_calendar_rbi_policy_like,ADANIPORTS,-878,1784030871,1859.5033,1471751,1859.3,468,3,1859.7,308,2,1859.2,632,4,1859.8,416,3,1859.1,796,4,1859.9,523,3,1859.0,961,5,1860.0,630,4,1858.9,1125,6,1860.1,737,4
P325_SYNTH_EVENT_001_20260714,2026-07-14T17:52:29+05:30,synthetic_calendar_rbi_policy_like,ADANIPORTS,-878,1784030871,1859.7146,164411,1859.5,463,3,1859.9,305,2,1859.4,625,4,1860.0,411,3,1859.3,788,4,1860.1,517,3,1859.2,951,5,1860.2,623,4,1859.1,1115,6,1860.3,728,4
P325_SYNTH_EVENT_001_20260714,2026-07-14T17:52:29+05:30,synthetic_calendar_rbi_policy_like,ADANIPORTS,-878,1784030871,1859.5065,1041823,1859.3,468,3,1859.7,308,2,1859.2,632,4,1859.8,416,3,1859.1,796,4,1859.9,523,3,1859.0,961,5,1860.0,630,4,1858.9,1125,6,1860.1,737,4
P325_SYNTH_EVENT_001_20260714,2026-07-14T17:52:29+05:30,synthetic_calendar_rbi_policy_like,ADANIPORTS,-878,1784030871,1861.3065,174815,1861.1,467,3,1861.5,307,2,1861.0,631,4,1861.6,414,3,1860.9,796,4,1861.7,520,3,1860.8,961,5,1861.8,625,4,1860.7,1127,6,1861.9,730,4
P325_SYNTH_EVENT_001_20260714,2026-07-14T17:52:29+05:30,synthetic_calendar_rbi_policy_like,ADANIPORTS,-878,1784030871,1859.7154,601041,1859.5,463,3,1859.9,305,2,1859.4,625,4,1860.0,411,3,1859.3,788,4,1860.1,517,3,1859.2,951,5,1860.2,623,4,1859.1,1115,6,1860.3,728,4
P325_SYNTH_EVENT_001_20260714,2026-07-14T17:52:29+05:30,synthetic_calendar_rbi_policy_like,ADANIPORTS,-878,1784030871,1862.0017,1046875,1861.8,480,3,1862.2,306,2,1861.7,648,4,1862.3,413,3,1861.6,815,5,1862.4,521,3,1861.5,983,5,1862.5,629,4,1861.4,1150,6,1862.6,737,4
P325_SYNTH_EVENT_001_20260714,2026-07-14T17:52:29+05:30,synthetic_calendar_rbi_policy_like,ADANIPORTS,-878,1784030871,1860.7096,189671,1860.5,464,3,1860.9,306,2,1860.4,627,4,1861.0,412,3,1860.3,790,4,1861.1,519,3,1860.2,954,5,1861.2,625,4,1860.1,1117,6,1861.3,731,4
P325_SYNTH_EVENT_001_20260714,2026-07-14T17:52:29+05:30,synthetic_calendar_rbi_policy_like,ADANIPORTS,-878,1784030871,1854.6128,1062031,1854.4,513,3,1854.8,347,2,1854.3,694,4,1854.9,467,3,1854.2,874,5,1855.0,588,3,1854.1,1054,6,1855.1,709,4,1854.0,1235,7,1855.2,829,5
P325_SYNTH_EVENT_001_20260714,2026-07-14T17:52:29+05:30,synthetic_calendar_rbi_policy_like,ADANIPORTS,-878,1784030871,1859.5049,610995,1859.3,468,3,1859.7,308,2,1859.2,632,4,1859.8,416,3,1859.1,796,4,1859.9,523,3,1859.0,961,5,1860.0,630,4,1858.9,1125,6,1860.1,737,4
P325_SYNTH_EVENT_001_20260714,2026-07-14T17:52:29+05:30,synthetic_calendar_rbi_policy_like,ADANIPORTS,-878,1784030871,1862.0001,616047,1861.8,480,3,1862.2,306,2,1861.7,648,4,1862.3,413,3,1861.6,815,5,1862.4,521,3,1861.5,983,5,1862.5,629,4,1861.4,1150,6,1862.6,737,4
P325_SYNTH_EVENT_001_20260714,2026-07-14T17:52:29+05:30,synthetic_calendar_rbi_policy_like,ADANIPORTS,-878,1784030871,1811.5065,168863,1811.3,481,3,1811.7,313,2,1811.2,649,4,1811.8,423,3,1811.1,816,5,1811.9,534,3,1811.0,983,5,1812.0,644,4,1810.9,1150,6,1812.1,755,4
P325_SYNTH_EVENT_001_20260714,2026-07-14T17:52:29+05:30,synthetic_calendar_rbi_policy_like,ADANIPORTS,-878,1784030871,1861.3081,1466699,1861.1,467,3,1861.5,307,2,1861.0,631,4,1861.6,414,3,1860.9,796,4,1861.7,520,3,1860.8,961,5,1861.8,625,4,1860.7,1127,6,1861.9,730,4
P325_SYNTH_EVENT_001_20260714,2026-07-14T17:52:29+05:30,synthetic_calendar_rbi_policy_like,ADANIPORTS,-878,1784030871,1862.108,1056979,1861.9,464,3,1862.3,306,2,1861.8,628,4,1862.4,412,3,1861.7,792,4,1862.5,517,3,1861.6,957,5,1862.6,622,4,1861.5,1122,6,1862.7,726,4
P325_SYNTH_EVENT_001_20260714,2026-07-14T17:52:29+05:30,synthetic_calendar_rbi_policy_like,ADANIPORTS,-878,1784030871,1860.7032,1051927,1860.5,464,3,1860.9,306,2,1860.4,627,4,1861.0,412,3,1860.3,790,4,1861.1,519,3,1860.2,954,5,1861.2,625,4,1860.1,1117,6,1861.3,731,4
P325_SYNTH_EVENT_001_20260714,2026-07-14T17:52:29+05:30,synthetic_calendar_rbi_policy_like,ADANIPORTS,-878,1784030871,1860.9146,158546,1860.7,457,3,1861.1,295,2,1860.6,617,4,1861.2,398,2,1860.5,777,4,1861.3,502,3,1860.4,936,5,1861.4,606,4,1860.3,1095,6,1861.5,710,4
P325_SYNTH_EVENT_001_20260714,2026-07-14T17:52:29+05:30,synthetic_calendar_rbi_policy_like,ADANIPORTS,-878,1784030871,1862.1096,626151,1861.9,464,3,1862.3,306,2,1861.8,628,4,1862.4,412,3,1861.7,792,4,1862.5,517,3,1861.6,957,5,1862.6,622,4,1861.5,1122,6,1862.7,726,4
P325_SYNTH_EVENT_001_20260714,2026-07-14T17:52:29+05:30,synthetic_calendar_rbi_policy_like,ADANIPORTS,-878,1784030871,1859.5065,180767,1859.3,468,3,1859.7,308,2,1859.2,632,4,1859.8,416,3,1859.1,796,4,1859.9,523,3,1859.0,961,5,1860.0,630,4,1858.9,1125,6,1860.1,737,4
P325_SYNTH_EVENT_001_20260714,2026-07-14T17:52:29+05:30,synthetic_calendar_rbi_policy_like,ADANIPORTS,-878,1784030871,1861.3106,606093,1861.1,467,3,1861.5,307,2,1861.0,631,4,1861.6,414,3,1860.9,796,4,1861.7,520,3,1860.8,961,5,1861.8,625,4,1860.7,1127,6,1861.9,730,4
P325_SYNTH_EVENT_001_20260714,2026-07-14T17:52:29+05:30,synthetic_calendar_rbi_policy_like,ADANIPORTS,-878,1784030871,1854.6128,631503,1854.4,513,3,1854.8,347,2,1854.3,694,4,1854.9,467,3,1854.2,874,5,1855.0,588,3,1854.1,1054,6,1855.1,709,4,1854.0,1235,7,1855.2,829,5
P325_SYNTH_EVENT_001_20260714,2026-07-14T17:52:29+05:30,synthetic_calendar_rbi_policy_like,ADANIPORTS,-878,1784030871,1861.3114,1036771,1861.1,467,3,1861.5,307,2,1861.0,631,4,1861.6,414,3,1860.9,796,4,1861.7,520,3,1860.8,961,5,1861.8,625,4,1860.7,1127,6,1861.9,730,4
P325_SYNTH_EVENT_001_20260714,2026-07-14T17:52:29+05:30,synthetic_calendar_rbi_policy_like,ADANIPORTS,-878,1784030871,1862.1096,195623,1861.9,464,3,1862.3,306,2,1861.8,628,4,1862.4,412,3,1861.7,792,4,1862.5,517,3,1861.6,957,5,1862.6,622,4,1861.5,1122,6,1862.7,726,4
P325_SYNTH_EVENT_001_20260714,2026-07-14T17:52:29+05:30,synthetic_calendar_rbi_policy_like,ADANIPORTS,-878,1784030871,1860.704,621249,1860.5,464,3,1860.9,306,2,1860.4,627,4,1861.0,412,3,1860.3,790,4,1861.1,519,3,1860.2,954,5,1861.2,625,4,1860.1,1117,6,1861.3,731,4
P325_SYNTH_EVENT_001_20260714,2026-07-14T17:52:29+05:30,synthetic_calendar_rbi_policy_like,ADANIPORTS,-877,1784030872,1862.0904,1905834,1861.9,464,3,1862.3,306,2,1861.8,628,4,1862.4,412,3,1861.7,792,4,1862.5,517,3,1861.6,957,5,1862.6,622,4,1861.5,1122,6,1862.7,726,4
P325_SYNTH_EVENT_001_20260714,2026-07-14T17:52:29+05:30,synthetic_calendar_rbi_policy_like,ADANIPORTS,-877,1784030872,1859.4985,1889478,1859.3,468,3,1859.7,308,2,1859.2,632,4,1859.8,416,3,1859.1,796,4,1859.9,523,3,1859.0,961,5,1860.0,630,4,1858.9,1125,6,1860.1,737,4
P325_SYNTH_EVENT_001_20260714,2026-07-14T17:52:29+05:30,synthetic_calendar_rbi_policy_like,ADANIPORTS,-877,1784030872,1860.8854,1874708,1860.7,457,3,1861.1,295,2,1860.6,617,4,1861.2,398,2,1860.5,777,4,1861.3,502,3,1860.4,936,5,1861.4,606,4,1860.3,1095,6,1861.5,710,4
P325_SYNTH_EVENT_001_20260714,2026-07-14T17:52:29+05:30,synthetic_calendar_rbi_policy_like,ADANIPORTS,-877,1784030872,1860.6904,1899882,1860.5,464,3,1860.9,306,2,1860.4,627,4,1861.0,412,3,1860.3,790,4,1861.1,519,3,1860.2,954,5,1861.2,625,4,1860.1,1117,6,1861.3,731,4
P325_SYNTH_EVENT_001_20260714,2026-07-14T17:52:29+05:30,synthetic_calendar_rbi_policy_like,ADANIPORTS,-877,1784030872,1860.692,1481558,1860.5,464,3,1860.9,306,2,1860.4,627,4,1861.0,412,3,1860.3,790,4,1861.1,519,3,1860.2,954,5,1861.2,625,4,1860.1,1117,6,1861.3,731,4
P325_SYNTH_EVENT_001_20260714,2026-07-14T17:52:29+05:30,synthetic_calendar_rbi_policy_like,ADANIPORTS,-877,1784030872,1859.6935,1885026,1859.5,463,3,1859.9,305,2,1859.4,625,4,1860.0,411,3,1859.3,788,4,1860.1,517,3,1859.2,951,5,1860.2,623,4,1859.1,1115,6,1860.3,728,4
P325_SYNTH_EVENT_001_20260714,2026-07-14T17:52:29+05:30,synthetic_calendar_rbi_policy_like,ADANIPORTS,-877,1784030872,1860.9854,1870654,1860.8,484,3,1861.2,308,2,1860.7,653,4,1861.3,416,3,1860.6,822,5,1861.4,524,3,1860.5,991,5,1861.5,632,4,1860.4,1160,6,1861.6,741,4
P325_SYNTH_EVENT_001_20260714,2026-07-14T17:52:29+05:30,synthetic_calendar_rbi_policy_like,ADANIPORTS,-877,1784030872,1861.9904,1893930,1861.8,480,3,1862.2,306,2,1861.7,648,4,1862.3,413,3,1861.6,815,5,1862.4,521,3,1861.5,983,5,1862.5,629,4,1861.4,1150,6,1862.6,737,4
P325_SYNTH_EVENT_001_20260714,2026-07-14T17:52:29+05:30,synthetic_calendar_rbi_policy_like,ADANIPORTS,-877,1784030872,1862.092,1487510,1861.9,464,3,1862.3,306,2,1861.8,628,4,1862.4,412,3,1861.7,792,4,1862.5,517,3,1861.6,957,5,1862.6,622,4,1861.5,1122,6,1862.7,726,4
P325_SYNTH_EVENT_001_20260714,2026-07-14T17:52:29+05:30,synthetic_calendar_rbi_policy_like,ADANIPORTS,-877,1784030872,1861.2854,1880574,1861.1,467,3,1861.5,307,2,1861.0,631,4,1861.6,414,3,1860.9,796,4,1861.7,520,3,1860.8,961,5,1861.8,625,4,1860.7,1127,6,1861.9,730,4
P325_SYNTH_EVENT_001_20260714,2026-07-14T17:52:29+05:30,synthetic_calendar_rbi_policy_like,ADANIPORTS,-877,1784030872,1861.9999,1477106,1861.8,480,3,1862.2,306,2,1861.7,648,4,1862.3,413,3,1861.6,815,5,1862.4,521,3,1861.5,983,5,1862.5,629,4,1861.4,1150,6,1862.6,737,4
P325_SYNTH_EVENT_001_20260714,2026-07-14T17:52:29+05:30,synthetic_calendar_rbi_policy_like,ADANIPORTS,-877,1784030872,1860.6961,621252,1860.5,464,3,1860.9,306,2,1860.4,627,4,1861.0,412,3,1860.3,790,4,1861.1,519,3,1860.2,954,5,1861.2,625,4,1860.1,1117,6,1861.3,731,4
P325_SYNTH_EVENT_001_20260714,2026-07-14T17:52:29+05:30,synthetic_calendar_rbi_policy_like,ADANIPORTS,-877,1784030872,1859.6846,601044,1859.5,463,3,1859.9,305,2,1859.4,625,4,1860.0,411,3,1859.3,788,4,1860.1,517,3,1859.2,951,5,1860.2,623,4,1859.1,1115,6,1860.3,728,4
P325_SYNTH_EVENT_001_20260714,2026-07-14T17:52:29+05:30,synthetic_calendar_rbi_policy_like,ADANIPORTS,-877,1784030872,1862.0904,626154,1861.9,464,3,1862.3,306,2,1861.8,628,4,1862.4,412,3,1861.7,792,4,1862.5,517,3,1861.6,957,5,1862.6,622,4,1861.5,1122,6,1862.7,726,4
P325_SYNTH_EVENT_001_20260714,2026-07-14T17:52:29+05:30,synthetic_calendar_rbi_policy_like,ADANIPORTS,-877,1784030872,1861.2894,606096,1861.1,467,3,1861.5,307,2,1861.0,631,4,1861.6,414,3,1860.9,796,4,1861.7,520,3,1860.8,961,5,1861.8,625,4,1860.7,1127,6,1861.9,730,4
P325_SYNTH_EVENT_001_20260714,2026-07-14T17:52:29+05:30,synthetic_calendar_rbi_policy_like,ADANIPORTS,-877,1784030872,1862.0904,195626,1861.9,464,3,1862.3,306,2,1861.8,628,4,1862.4,412,3,1861.7,792,4,1862.5,517,3,1861.6,957,5,1862.6,622,4,1861.5,1122,6,1862.7,726,4
P325_SYNTH_EVENT_001_20260714,2026-07-14T17:52:29+05:30,synthetic_calendar_rbi_policy_like,ADANIPORTS,-877,1784030872,1811.4935,168866,1811.3,481,3,1811.7,313,2,1811.2,649,4,1811.8,423,3,1811.1,816,5,1811.9,534,3,1811.0,983,5,1812.0,644,4,1810.9,1150,6,1812.1,755,4
P325_SYNTH_EVENT_001_20260714,2026-07-14T17:52:29+05:30,synthetic_calendar_rbi_policy_like,ADANIPORTS,-877,1784030872,1854.5872,1062034,1854.4,513,3,1854.8,347,2,1854.3,694,4,1854.9,467,3,1854.2,874,5,1855.0,588,3,1854.1,1054,6,1855.1,709,4,1854.0,1235,7,1855.2,829,5
P325_SYNTH_EVENT_001_20260714,2026-07-14T17:52:29+05:30,synthetic_calendar_rbi_policy_like,ADANIPORTS,-877,1784030872,1859.4935,180770,1859.3,468,3,1859.7,308,2,1859.2,632,4,1859.8,416,3,1859.1,796,4,1859.9,523,3,1859.0,961,5,1860.0,630,4,1858.9,1125,6,1860.1,737,4
P325_SYNTH_EVENT_001_20260714,2026-07-14T17:52:29+05:30,synthetic_calendar_rbi_policy_like,ADANIPORTS,-877,1784030872,1860.8854,158548,1860.7,457,3,1861.1,295,2,1860.6,617,4,1861.2,398,2,1860.5,777,4,1861.3,502,3,1860.4,936,5,1861.4,606,4,1860.3,1095,6,1861.5,710,4
P325_SYNTH_EVENT_001_20260714,2026-07-14T17:52:29+05:30,synthetic_calendar_rbi_policy_like,ADANIPORTS,-877,1784030872,1860.6904,189674,1860.5,464,3,1860.9,306,2,1860.4,627,4,1861.0,412,3,1860.3,790,4,1861.1,519,3,1860.2,954,5,1861.2,625,4,1860.1,1117,6,1861.3,731,4
P325_SYNTH_EVENT_001_20260714,2026-07-14T17:52:29+05:30,synthetic_calendar_rbi_policy_like,ADANIPORTS,-877,1784030872,1861.9983,1046878,1861.8,480,3,1862.2,306,2,1861.7,648,4,1862.3,413,3,1861.6,815,5,1862.4,521,3,1861.5,983,5,1862.5,629,4,1861.4,1150,6,1862.6,737,4
P325_SYNTH_EVENT_001_20260714,2026-07-14T17:52:29+05:30,synthetic_calendar_rbi_policy_like,ADANIPORTS,-877,1784030872,1861.9985,185222,1861.8,480,3,1862.2,306,2,1861.7,648,4,1862.3,413,3,1861.6,815,5,1862.4,521,3,1861.5,983,5,1862.5,629,4,1861.4,1150,6,1862.6,737,4
P325_SYNTH_EVENT_001_20260714,2026-07-14T17:52:29+05:30,synthetic_calendar_rbi_policy_like,ADANIPORTS,-877,1784030872,1859.687,1461650,1859.5,463,3,1859.9,305,2,1859.4,625,4,1860.0,411,3,1859.3,788,4,1860.1,517,3,1859.2,951,5,1860.2,623,4,1859.1,1115,6,1860.3,728,4
P325_SYNTH_EVENT_001_20260714,2026-07-14T17:52:29+05:30,synthetic_calendar_rbi_policy_like,ADANIPORTS,-877,1784030872,1859.6854,164414,1859.5,463,3,1859.9,305,2,1859.4,625,4,1860.0,411,3,1859.3,788,4,1860.1,517,3,1859.2,951,5,1860.2,623,4,1859.1,1115,6,1860.3,728,4
P325_SYNTH_EVENT_001_20260714,2026-07-14T17:52:29+05:30,synthetic_calendar_rbi_policy_like,ADANIPORTS,-877,1784030872,1859.4967,1471754,1859.3,468,3,1859.7,308,2,1859.2,632,4,1859.8,416,3,1859.1,796,4,1859.9,523,3,1859.0,961,5,1860.0,630,4,1858.9,1125,6,1860.1,737,4
P325_SYNTH_EVENT_001_20260714,2026-07-14T17:52:29+05:30,synthetic_calendar_rbi_policy_like,ADANIPORTS,-877,1784030872,1861.2935,174818,1861.1,467,3,1861.5,307,2,1861.0,631,4,1861.6,414,3,1860.9,796,4,1861.7,520,3,1860.8,961,5,1861.8,625,4,1860.7,1127,6,1861.9,730,4
P325_SYNTH_EVENT_001_20260714,2026-07-14T17:52:29+05:30,synthetic_calendar_rbi_policy_like,ADANIPORTS,-877,1784030872,1862.092,1056982,1861.9,464,3,1862.3,306,2,1861.8,628,4,1862.4,412,3,1861.7,792,4,1862.5,517,3,1861.6,957,5,1862.6,622,4,1861.5,1122,6,1862.7,726,4
P325_SYNTH_EVENT_001_20260714,2026-07-14T17:52:29+05:30,synthetic_calendar_rbi_policy_like,ADANIPORTS,-877,1784030872,1854.5872,631506,1854.4,513,3,1854.8,347,2,1854.3,694,4,1854.9,467,3,1854.2,874,5,1855.0,588,3,1854.1,1054,6,1855.1,709,4,1854.0,1235,7,1855.2,829,5
P325_SYNTH_EVENT_001_20260714,2026-07-14T17:52:29+05:30,synthetic_calendar_rbi_policy_like,ADANIPORTS,-877,1784030872,1859.4935,1041826,1859.3,468,3,1859.7,308,2,1859.2,632,4,1859.8,416,3,1859.1,796,4,1859.9,523,3,1859.0,961,5,1860.0,630,4,1858.9,1125,6,1860.1,737,4
P325_SYNTH_EVENT_001_20260714,2026-07-14T17:52:29+05:30,synthetic_calendar_rbi_policy_like,ADANIPORTS,-877,1784030872,1859.4951,610998,1859.3,468,3,1859.7,308,2,1859.2,632,4,1859.8,416,3,1859.1,796,4,1859.9,523,3,1859.0,961,5,1860.0,630,4,1858.9,1125,6,1860.1,737,4
P325_SYNTH_EVENT_001_20260714,2026-07-14T17:52:29+05:30,synthetic_calendar_rbi_policy_like,ADANIPORTS,-877,1784030872,1861.2918,1466702,1861.1,467,3,1861.5,307,2,1861.0,631,4,1861.6,414,3,1860.9,796,4,1861.7,520,3,1860.8,961,5,1861.8,625,4,1860.7,1127,6,1861.9,730,4
P325_SYNTH_EVENT_001_20260714,2026-07-14T17:52:29+05:30,synthetic_calendar_rbi_policy_like,ADANIPORTS,-877,1784030872,1861.9999,616050,1861.8,480,3,1862.2,306,2,1861.7,648,4,1862.3,413,3,1861.6,815,5,1862.4,521,3,1861.5,983,5,1862.5,629,4,1861.4,1150,6,1862.6,737,4
P325_SYNTH_EVENT_001_20260714,2026-07-14T17:52:29+05:30,synthetic_calendar_rbi_policy_like,ADANIPORTS,-877,1784030872,1860.6969,1051930,1860.5,464,3,1860.9,306,2,1860.4,627,4,1861.0,412,3,1860.3,790,4,1861.1,519,3,1860.2,954,5,1861.2,625,4,1860.1,1117,6,1861.3,731,4
P325_SYNTH_EVENT_001_20260714,2026-07-14T17:52:29+05:30,synthetic_calendar_rbi_policy_like,ADANIPORTS,-877,1784030872,1861.2886,1036774,1861.1,467,3,1861.5,307,2,1861.0,631,4,1861.6,414,3,1860.9,796,4,1861.7,520,3,1860.8,961,5,1861.8,625,4,1860.7,1127,6,1861.9,730,4
P325_SYNTH_EVENT_001_20260714,2026-07-14T17:52:29+05:30,synthetic_calendar_rbi_policy_like,ADANIPORTS,-876,1784030873,1862.108,1487513,1861.9,464,3,1862.3,306,2,1861.8,628,4,1862.4,412,3,1861.7,792,4,1862.5,517,3,1861.6,957,5,1862.6,622,4,1861.5,1122,6,1862.7,726,4
P325_SYNTH_EVENT_001_20260714,2026-07-14T17:52:29+05:30,synthetic_calendar_rbi_policy_like,ADANIPORTS,-876,1784030873,1859.7066,1885029,1859.5,463,3,1859.9,305,2,1859.4,625,4,1860.0,411,3,1859.3,788,4,1860.1,517,3,1859.2,951,5,1860.2,623,4,1859.1,1115,6,1860.3,728,4
P325_SYNTH_EVENT_001_20260714,2026-07-14T17:52:29+05:30,synthetic_calendar_rbi_policy_like,ADANIPORTS,-876,1784030873,1859.5015,1889481,1859.3,468,3,1859.7,308,2,1859.2,632,4,1859.8,416,3,1859.1,796,4,1859.9,523,3,1859.0,961,5,1860.0,630,4,1858.9,1125,6,1860.1,737,4
P325_SYNTH_EVENT_001_20260714,2026-07-14T17:52:29+05:30,synthetic_calendar_rbi_policy_like,ADANIPORTS,-876,1784030873,1860.708,1481561,1860.5,464,3,1860.9,306,2,1860.4,627,4,1861.0,412,3,1860.3,790,4,1861.1,519,3,1860.2,954,5,1861.2,625,4,1860.1,1117,6,1861.3,731,4
P325_SYNTH_EVENT_001_20260714,2026-07-14T17:52:29+05:30,synthetic_calendar_rbi_policy_like,ADANIPORTS,-876,1784030873,1860.9146,1874710,1860.7,457,3,1861.1,295,2,1860.6,617,4,1861.2,398,2,1860.5,777,4,1861.3,502,3,1860.4,936,5,1861.4,606,4,1860.3,1095,6,1861.5,710,4
P325_SYNTH_EVENT_001_20260714,2026-07-14T17:52:29+05:30,synthetic_calendar_rbi_policy_like,ADANIPORTS,-876,1784030873,1860.7096,1899885,1860.5,464,3,1860.9,306,2,1860.4,627,4,1861.0,412,3,1860.3,790,4,1861.1,519,3,1860.2,954,5,1861.2,625,4,1860.1,1117,6,1861.3,731,4
P325_SYNTH_EVENT_001_20260714,2026-07-14T17:52:29+05:30,synthetic_calendar_rbi_policy_like,ADANIPORTS,-876,1784030873,1862.0096,1893933,1861.8,480,3,1862.2,306,2,1861.7,648,4,1862.3,413,3,1861.6,815,5,1862.4,521,3,1861.5,983,5,1862.5,629,4,1861.4,1150,6,1862.6,737,4
P325_SYNTH_EVENT_001_20260714,2026-07-14T17:52:29+05:30,synthetic_calendar_rbi_policy_like,ADANIPORTS,-876,1784030873,1861.0146,1870657,1860.8,484,3,1861.2,308,2,1860.7,653,4,1861.3,416,3,1860.6,822,5,1861.4,524,3,1860.5,991,5,1861.5,632,4,1860.4,1160,6,1861.6,741,4
P325_SYNTH_EVENT_001_20260714,2026-07-14T17:52:29+05:30,synthetic_calendar_rbi_policy_like,ADANIPORTS,-876,1784030873,1861.3146,1880577,1861.1,467,3,1861.5,307,2,1861.0,631,4,1861.6,414,3,1860.9,796,4,1861.7,520,3,1860.8,961,5,1861.8,625,4,1860.7,1127,6,1861.9,730,4
P325_SYNTH_EVENT_001_20260714,2026-07-14T17:52:29+05:30,synthetic_calendar_rbi_policy_like,ADANIPORTS,-876,1784030873,1862.0001,1477109,1861.8,480,3,1862.2,306,2,1861.7,648,4,1862.3,413,3,1861.6,815,5,1862.4,521,3,1861.5,983,5,1862.5,629,4,1861.4,1150,6,1862.6,737,4
P325_SYNTH_EVENT_001_20260714,2026-07-14T17:52:29+05:30,synthetic_calendar_rbi_policy_like,ADANIPORTS,-876,1784030873,1862.1096,1905837,1861.9,464,3,1862.3,306,2,1861.8,628,4,1862.4,412,3,1861.7,792,4,1862.5,517,3,1861.6,957,5,1862.6,622,4,1861.5,1122,6,1862.7,726,4
P325_SYNTH_EVENT_001_20260714,2026-07-14T17:52:29+05:30,synthetic_calendar_rbi_policy_like,ADANIPORTS,-876,1784030873,1862.0001,616053,1861.8,480,3,1862.2,306,2,1861.7,648,4,1862.3,413,3,1861.6,815,5,1862.4,521,3,1861.5,983,5,1862.5,629,4,1861.4,1150,6,1862.6,737,4
P325_SYNTH_EVENT_001_20260714,2026-07-14T17:52:29+05:30,synthetic_calendar_rbi_policy_like,ADANIPORTS,-876,1784030873,1859.5049,611001,1859.3,468,3,1859.7,308,2,1859.2,632,4,1859.8,416,3,1859.1,796,4,1859.9,523,3,1859.0,961,5,1860.0,630,4,1858.9,1125,6,1860.1,737,4
P325_SYNTH_EVENT_001_20260714,2026-07-14T17:52:29+05:30,synthetic_calendar_rbi_policy_like,ADANIPORTS,-876,1784030873,1859.5066,1041829,1859.3,468,3,1859.7,308,2,1859.2,632,4,1859.8,416,3,1859.1,796,4,1859.9,523,3,1859.0,961,5,1860.0,630,4,1858.9,1125,6,1860.1,737,4
P325_SYNTH_EVENT_001_20260714,2026-07-14T17:52:29+05:30,synthetic_calendar_rbi_policy_like,ADANIPORTS,-876,1784030873,1854.6128,631509,1854.4,513,3,1854.8,347,2,1854.3,694,4,1854.9,467,3,1854.2,874,5,1855.0,588,3,1854.1,1054,6,1855.1,709,4,1854.0,1235,7,1855.2,829,5
P325_SYNTH_EVENT_001_20260714,2026-07-14T17:52:29+05:30,synthetic_calendar_rbi_policy_like,ADANIPORTS,-876,1784030873,1861.3082,1466705,1861.1,467,3,1861.5,307,2,1861.0,631,4,1861.6,414,3,1860.9,796,4,1861.7,520,3,1860.8,961,5,1861.8,625,4,1860.7,1127,6,1861.9,730,4
P325_SYNTH_EVENT_001_20260714,2026-07-14T17:52:29+05:30,synthetic_calendar_rbi_policy_like,ADANIPORTS,-876,1784030873,1861.3066,174821,1861.1,467,3,1861.5,307,2,1861.0,631,4,1861.6,414,3,1860.9,796,4,1861.7,520,3,1860.8,961,5,1861.8,625,4,1860.7,1127,6,1861.9,730,4
P325_SYNTH_EVENT_001_20260714,2026-07-14T17:52:29+05:30,synthetic_calendar_rbi_policy_like,ADANIPORTS,-876,1784030873,1862.108,1056985,1861.9,464,3,1862.3,306,2,1861.8,628,4,1862.4,412,3,1861.7,792,4,1862.5,517,3,1861.6,957,5,1862.6,622,4,1861.5,1122,6,1862.7,726,4
P325_SYNTH_EVENT_001_20260714,2026-07-14T17:52:29+05:30,synthetic_calendar_rbi_policy_like,ADANIPORTS,-876,1784030873,1859.5033,1471757,1859.3,468,3,1859.7,308,2,1859.2,632,4,1859.8,416,3,1859.1,796,4,1859.9,523,3,1859.0,961,5,1860.0,630,4,1858.9,1125,6,1860.1,737,4
P325_SYNTH_EVENT_001_20260714,2026-07-14T17:52:29+05:30,synthetic_calendar_rbi_policy_like,ADANIPORTS,-876,1784030873,1859.7154,601047,1859.5,463,3,1859.9,305,2,1859.4,625,4,1860.0,411,3,1859.3,788,4,1860.1,517,3,1859.2,951,5,1860.2,623,4,1859.1,1115,6,1860.3,728,4
P325_SYNTH_EVENT_001_20260714,2026-07-14T17:52:29+05:30,synthetic_calendar_rbi_policy_like,ADANIPORTS,-876,1784030873,1859.7146,164417,1859.5,463,3,1859.9,305,2,1859.4,625,4,1860.0,411,3,1859.3,788,4,1860.1,517,3,1859.2,951,5,1860.2,623,4,1859.1,1115,6,1860.3,728,4
P325_SYNTH_EVENT_001_20260714,2026-07-14T17:52:29+05:30,synthetic_calendar_rbi_policy_like,ADANIPORTS,-876,1784030873,1859.713,1461653,1859.5,463,3,1859.9,305,2,1859.4,625,4,1860.0,411,3,1859.3,788,4,1860.1,517,3,1859.2,951,5,1860.2,623,4,1859.1,1115,6,1860.3,728,4
P325_SYNTH_EVENT_001_20260714,2026-07-14T17:52:29+05:30,synthetic_calendar_rbi_policy_like,ADANIPORTS,-876,1784030873,1861.3114,1036777,1861.1,467,3,1861.5,307,2,1861.0,631,4,1861.6,414,3,1860.9,796,4,1861.7,520,3,1860.8,961,5,1861.8,625,4,1860.7,1127,6,1861.9,730,4
P325_SYNTH_EVENT_001_20260714,2026-07-14T17:52:29+05:30,synthetic_calendar_rbi_policy_like,ADANIPORTS,-876,1784030873,1862.0015,185225,1861.8,480,3,1862.2,306,2,1861.7,648,4,1862.3,413,3,1861.6,815,5,1862.4,521,3,1861.5,983,5,1862.5,629,4,1861.4,1150,6,1862.6,737,4
P325_SYNTH_EVENT_001_20260714,2026-07-14T17:52:29+05:30,synthetic_calendar_rbi_policy_like,ADANIPORTS,-876,1784030873,1860.7039,621255,1860.5,464,3,1860.9,306,2,1860.4,627,4,1861.0,412,3,1860.3,790,4,1861.1,519,3,1860.2,954,5,1861.2,625,4,1860.1,1117,6,1861.3,731,4
P325_SYNTH_EVENT_001_20260714,2026-07-14T17:52:29+05:30,synthetic_calendar_rbi_policy_like,ADANIPORTS,-876,1784030873,1860.7096,189677,1860.5,464,3,1860.9,306,2,1860.4,627,4,1861.0,412,3,1860.3,790,4,1861.1,519,3,1860.2,954,5,1861.2,625,4,1860.1,1117,6,1861.3,731,4
P325_SYNTH_EVENT_001_20260714,2026-07-14T17:52:29+05:30,synthetic_calendar_rbi_policy_like,ADANIPORTS,-876,1784030873,1859.5066,180773,1859.3,468,3,1859.7,308,2,1859.2,632,4,1859.8,416,3,1859.1,796,4,1859.9,523,3,1859.0,961,5,1860.0,630,4,1858.9,1125,6,1860.1,737,4
P325_SYNTH_EVENT_001_20260714,2026-07-14T17:52:29+05:30,synthetic_calendar_rbi_policy_like,ADANIPORTS,-876,1784030873,1862.0017,1046881,1861.8,480,3,1862.2,306,2,1861.7,648,4,1862.3,413,3,1861.6,815,5,1862.4,521,3,1861.5,983,5,1862.5,629,4,1861.4,1150,6,1862.6,737,4
P325_SYNTH_EVENT_001_20260714,2026-07-14T17:52:29+05:30,synthetic_calendar_rbi_policy_like,ADANIPORTS,-876,1784030873,1860.9146,158550,1860.7,457,3,1861.1,295,2,1860.6,617,4,1861.2,398,2,1860.5,777,4,1861.3,502,3,1860.4,936,5,1861.4,606,4,1860.3,1095,6,1861.5,710,4
P325_SYNTH_EVENT_001_20260714,2026-07-14T17:52:29+05:30,synthetic_calendar_rbi_policy_like,ADANIPORTS,-876,1784030873,1862.1096,195629,1861.9,464,3,1862.3,306,2,1861.8,628,4,1862.4,412,3,1861.7,792,4,1862.5,517,3,1861.6,957,5,1862.6,622,4,1861.5,1122,6,1862.7,726,4
P325_SYNTH_EVENT_001_20260714,2026-07-14T17:52:29+05:30,synthetic_calendar_rbi_policy_like,ADANIPORTS,-876,1784030873,1861.3106,606099,1861.1,467,3,1861.5,307,2,1861.0,631,4,1861.6,414,3,1860.9,796,4,1861.7,520,3,1860.8,961,5,1861.8,625,4,1860.7,1127,6,1861.9,730,4
P325_SYNTH_EVENT_001_20260714,2026-07-14T17:52:29+05:30,synthetic_calendar_rbi_policy_like,ADANIPORTS,-876,1784030873,1854.6128,1062037,1854.4,513,3,1854.8,347,2,1854.3,694,4,1854.9,467,3,1854.2,874,5,1855.0,588,3,1854.1,1054,6,1855.1,709,4,1854.0,1235,7,1855.2,829,5
P325_SYNTH_EVENT_001_20260714,2026-07-14T17:52:29+05:30,synthetic_calendar_rbi_policy_like,ADANIPORTS,-876,1784030873,1811.5066,168869,1811.3,481,3,1811.7,313,2,1811.2,649,4,1811.8,423,3,1811.1,816,5,1811.9,534,3,1811.0,983,5,1812.0,644,4,1810.9,1150,6,1812.1,755,4
P325_SYNTH_EVENT_001_20260714,2026-07-14T17:52:29+05:30,synthetic_calendar_rbi_policy_like,ADANIPORTS,-876,1784030873,1862.1096,626157,1861.9,464,3,1862.3,306,2,1861.8,628,4,1862.4,412,3,1861.7,792,4,1862.5,517,3,1861.6,957,5,1862.6,622,4,1861.5,1122,6,1862.7,726,4
P325_SYNTH_EVENT_001_20260714,2026-07-14T17:52:29+05:30,synthetic_calendar_rbi_policy_like,ADANIPORTS,-876,1784030873,1860.7031,1051933,1860.5,464,3,1860.9,306,2,1860.4,627,4,1861.0,412,3,1860.3,790,4,1861.1,519,3,1860.2,954,5,1861.2,625,4,1860.1,1117,6,1861.3,731,4
P325_SYNTH_EVENT_001_20260714,2026-07-14T17:52:29+05:30,synthetic_calendar_rbi_policy_like,ADANIPORTS,-875,1784030874,1861.2854,1880580,1861.1,467,3,1861.5,307,2,1861.0,631,4,1861.6,414,3,1860.9,796,4,1861.7,520,3,1860.8,961,5,1861.8,625,4,1860.7,1127,6,1861.9,730,4
P325_SYNTH_EVENT_001_20260714,2026-07-14T17:52:29+05:30,synthetic_calendar_rbi_policy_like,ADANIPORTS,-875,1784030874,1860.6904,1899888,1860.5,464,3,1860.9,306,2,1860.4,627,4,1861.0,412,3,1860.3,790,4,1861.1,519,3,1860.2,954,5,1861.2,625,4,1860.1,1117,6,1861.3,731,4
P325_SYNTH_EVENT_001_20260714,2026-07-14T17:52:29+05:30,synthetic_calendar_rbi_policy_like,ADANIPORTS,-875,1784030874,1862.0904,1905840,1861.9,464,3,1862.3,306,2,1861.8,628,4,1862.4,412,3,1861.7,792,4,1862.5,517,3,1861.6,957,5,1862.6,622,4,1861.5,1122,6,1862.7,726,4
P325_SYNTH_EVENT_001_20260714,2026-07-14T17:52:29+05:30,synthetic_calendar_rbi_policy_like,ADANIPORTS,-875,1784030874,1859.6934,1885032,1859.5,463,3,1859.9,305,2,1859.4,625,4,1860.0,411,3,1859.3,788,4,1860.1,517,3,1859.2,951,5,1860.2,623,4,1859.1,1115,6,1860.3,728,4
P325_SYNTH_EVENT_001_20260714,2026-07-14T17:52:29+05:30,synthetic_calendar_rbi_policy_like,ADANIPORTS,-875,1784030874,1862.0921,1487516,1861.9,464,3,1862.3,306,2,1861.8,628,4,1862.4,412,3,1861.7,792,4,1862.5,517,3,1861.6,957,5,1862.6,622,4,1861.5,1122,6,1862.7,726,4
P325_SYNTH_EVENT_001_20260714,2026-07-14T17:52:29+05:30,synthetic_calendar_rbi_policy_like,ADANIPORTS,-875,1784030874,1861.9904,1893936,1861.8,480,3,1862.2,306,2,1861.7,648,4,1862.3,413,3,1861.6,815,5,1862.4,521,3,1861.5,983,5,1862.5,629,4,1861.4,1150,6,1862.6,737,4
P325_SYNTH_EVENT_001_20260714,2026-07-14T17:52:29+05:30,synthetic_calendar_rbi_policy_like,ADANIPORTS,-875,1784030874,1860.6921,1481564,1860.5,464,3,1860.9,306,2,1860.4,627,4,1861.0,412,3,1860.3,790,4,1861.1,519,3,1860.2,954,5,1861.2,625,4,1860.1,1117,6,1861.3,731,4
P325_SYNTH_EVENT_001_20260714,2026-07-14T17:52:29+05:30,synthetic_calendar_rbi_policy_like,ADANIPORTS,-875,1784030874,1860.8854,1874712,1860.7,457,3,1861.1,295,2,1860.6,617,4,1861.2,398,2,1860.5,777,4,1861.3,502,3,1860.4,936,5,1861.4,606,4,1860.3,1095,6,1861.5,710,4
P325_SYNTH_EVENT_001_20260714,2026-07-14T17:52:29+05:30,synthetic_calendar_rbi_policy_like,ADANIPORTS,-875,1784030874,1860.9854,1870660,1860.8,484,3,1861.2,308,2,1860.7,653,4,1861.3,416,3,1860.6,822,5,1861.4,524,3,1860.5,991,5,1861.5,632,4,1860.4,1160,6,1861.6,741,4
P325_SYNTH_EVENT_001_20260714,2026-07-14T17:52:29+05:30,synthetic_calendar_rbi_policy_like,ADANIPORTS,-875,1784030874,1859.4985,1889484,1859.3,468,3,1859.7,308,2,1859.2,632,4,1859.8,416,3,1859.1,796,4,1859.9,523,3,1859.0,961,5,1860.0,630,4,1858.9,1125,6,1860.1,737,4
P325_SYNTH_EVENT_001_20260714,2026-07-14T17:52:29+05:30,synthetic_calendar_rbi_policy_like,ADANIPORTS,-875,1784030874,1861.9999,1477112,1861.8,480,3,1862.2,306,2,1861.7,648,4,1862.3,413,3,1861.6,815,5,1862.4,521,3,1861.5,983,5,1862.5,629,4,1861.4,1150,6,1862.6,737,4
P325_SYNTH_EVENT_001_20260714,2026-07-14T17:52:29+05:30,synthetic_calendar_rbi_policy_like,ADANIPORTS,-875,1784030874,1854.5872,1062040,1854.4,513,3,1854.8,347,2,1854.3,694,4,1854.9,467,3,1854.2,874,5,1855.0,588,3,1854.1,1054,6,1855.1,709,4,1854.0,1235,7,1855.2,829,5
P325_SYNTH_EVENT_001_20260714,2026-07-14T17:52:29+05:30,synthetic_calendar_rbi_policy_like,ADANIPORTS,-875,1784030874,1861.2918,1466708,1861.1,467,3,1861.5,307,2,1861.0,631,4,1861.6,414,3,1860.9,796,4,1861.7,520,3,1860.8,961,5,1861.8,625,4,1860.7,1127,6,1861.9,730,4
P325_SYNTH_EVENT_001_20260714,2026-07-14T17:52:29+05:30,synthetic_calendar_rbi_policy_like,ADANIPORTS,-875,1784030874,1861.2894,606102,1861.1,467,3,1861.5,307,2,1861.0,631,4,1861.6,414,3,1860.9,796,4,1861.7,520,3,1860.8,961,5,1861.8,625,4,1860.7,1127,6,1861.9,730,4
P325_SYNTH_EVENT_001_20260714,2026-07-14T17:52:29+05:30,synthetic_calendar_rbi_policy_like,ADANIPORTS,-875,1784030874,1859.687,1461656,1859.5,463,3,1859.9,305,2,1859.4,625,4,1860.0,411,3,1859.3,788,4,1860.1,517,3,1859.2,951,5,1860.2,623,4,1859.1,1115,6,1860.3,728,4
P325_SYNTH_EVENT_001_20260714,2026-07-14T17:52:29+05:30,synthetic_calendar_rbi_policy_like,ADANIPORTS,-875,1784030874,1859.4967,1471760,1859.3,468,3,1859.7,308,2,1859.2,632,4,1859.8,416,3,1859.1,796,4,1859.9,523,3,1859.0,961,5,1860.0,630,4,1858.9,1125,6,1860.1,737,4
P325_SYNTH_EVENT_001_20260714,2026-07-14T17:52:29+05:30,synthetic_calendar_rbi_policy_like,ADANIPORTS,-875,1784030874,1861.9983,1046884,1861.8,480,3,1862.2,306,2,1861.7,648,4,1862.3,413,3,1861.6,815,5,1862.4,521,3,1861.5,983,5,1862.5,629,4,1861.4,1150,6,1862.6,737,4
P325_SYNTH_EVENT_001_20260714,2026-07-14T17:52:29+05:30,synthetic_calendar_rbi_policy_like,ADANIPORTS,-875,1784030874,1860.6904,189680,1860.5,464,3,1860.9,306,2,1860.4,627,4,1861.0,412,3,1860.3,790,4,1861.1,519,3,1860.2,954,5,1861.2,625,4,1860.1,1117,6,1861.3,731,4
P325_SYNTH_EVENT_001_20260714,2026-07-14T17:52:29+05:30,synthetic_calendar_rbi_policy_like,ADANIPORTS,-875,1784030874,1861.9999,616056,1861.8,480,3,1862.2,306,2,1861.7,648,4,1862.3,413,3,1861.6,815,5,1862.4,521,3,1861.5,983,5,1862.5,629,4,1861.4,1150,6,1862.6,737,4
P325_SYNTH_EVENT_001_20260714,2026-07-14T17:52:29+05:30,synthetic_calendar_rbi_policy_like,ADANIPORTS,-875,1784030874,1861.2934,174824,1861.1,467,3,1861.5,307,2,1861.0,631,4,1861.6,414,3,1860.9,796,4,1861.7,520,3,1860.8,961,5,1861.8,625,4,1860.7,1127,6,1861.9,730,4
P325_SYNTH_EVENT_001_20260714,2026-07-14T17:52:29+05:30,synthetic_calendar_rbi_policy_like,ADANIPORTS,-875,1784030874,1860.6969,1051936,1860.5,464,3,1860.9,306,2,1860.4,627,4,1861.0,412,3,1860.3,790,4,1861.1,519,3,1860.2,954,5,1861.2,625,4,1860.1,1117,6,1861.3,731,4
P325_SYNTH_EVENT_001_20260714,2026-07-14T17:52:29+05:30,synthetic_calendar_rbi_policy_like,ADANIPORTS,-875,1784030874,1860.8854,158552,1860.7,457,3,1861.1,295,2,1860.6,617,4,1861.2,398,2,1860.5,777,4,1861.3,502,3,1860.4,936,5,1861.4,606,4,1860.3,1095,6,1861.5,710,4
P325_SYNTH_EVENT_001_20260714,2026-07-14T17:52:29+05:30,synthetic_calendar_rbi_policy_like,ADANIPORTS,-875,1784030874,1860.6961,621258,1860.5,464,3,1860.9,306,2,1860.4,627,4,1861.0,412,3,1860.3,790,4,1861.1,519,3,1860.2,954,5,1861.2,625,4,1860.1,1117,6,1861.3,731,4
P325_SYNTH_EVENT_001_20260714,2026-07-14T17:52:29+05:30,synthetic_calendar_rbi_policy_like,ADANIPORTS,-875,1784030874,1859.4934,1041832,1859.3,468,3,1859.7,308,2,1859.2,632,4,1859.8,416,3,1859.1,796,4,1859.9,523,3,1859.0,961,5,1860.0,630,4,1858.9,1125,6,1860.1,737,4
P325_SYNTH_EVENT_001_20260714,2026-07-14T17:52:29+05:30,synthetic_calendar_rbi_policy_like,ADANIPORTS,-875,1784030874,1862.0921,1056988,1861.9,464,3,1862.3,306,2,1861.8,628,4,1862.4,412,3,1861.7,792,4,1862.5,517,3,1861.6,957,5,1862.6,622,4,1861.5,1122,6,1862.7,726,4
P325_SYNTH_EVENT_001_20260714,2026-07-14T17:52:29+05:30,synthetic_calendar_rbi_policy_like,ADANIPORTS,-875,1784030874,1811.4934,168872,1811.3,481,3,1811.7,313,2,1811.2,649,4,1811.8,423,3,1811.1,816,5,1811.9,534,3,1811.0,983,5,1812.0,644,4,1810.9,1150,6,1812.1,755,4
P325_SYNTH_EVENT_001_20260714,2026-07-14T17:52:29+05:30,synthetic_calendar_rbi_policy_like,ADANIPORTS,-875,1784030874,1859.6854,164420,1859.5,463,3,1859.9,305,2,1859.4,625,4,1860.0,411,3,1859.3,788,4,1860.1,517,3,1859.2,951,5,1860.2,623,4,1859.1,1115,6,1860.3,728,4
P325_SYNTH_EVENT_001_20260714,2026-07-14T17:52:29+05:30,synthetic_calendar_rbi_policy_like,ADANIPORTS,-875,1784030874,1862.0904,626160,1861.9,464,3,1862.3,306,2,1861.8,628,4,1862.4,412,3,1861.7,792,4,1862.5,517,3,1861.6,957,5,1862.6,622,4,1861.5,1122,6,1862.7,726,4
P325_SYNTH_EVENT_001_20260714,2026-07-14T17:52:29+05:30,synthetic_calendar_rbi_policy_like,ADANIPORTS,-875,1784030874,1859.495,611004,1859.3,468,3,1859.7,308,2,1859.2,632,4,1859.8,416,3,1859.1,796,4,1859.9,523,3,1859.0,961,5,1860.0,630,4,1858.9,1125,6,1860.1,737,4
P325_SYNTH_EVENT_001_20260714,2026-07-14T17:52:29+05:30,synthetic_calendar_rbi_policy_like,ADANIPORTS,-875,1784030874,1862.0904,195632,1861.9,464,3,1862.3,306,2,1861.8,628,4,1862.4,412,3,1861.7,792,4,1862.5,517,3,1861.6,957,5,1862.6,622,4,1861.5,1122,6,1862.7,726,4
P325_SYNTH_EVENT_001_20260714,2026-07-14T17:52:29+05:30,synthetic_calendar_rbi_policy_like,ADANIPORTS,-875,1784030874,1861.9985,185228,1861.8,480,3,1862.2,306,2,1861.7,648,4,1862.3,413,3,1861.6,815,5,1862.4,521,3,1861.5,983,5,1862.5,629,4,1861.4,1150,6,1862.6,737,4
P325_SYNTH_EVENT_001_20260714,2026-07-14T17:52:29+05:30,synthetic_calendar_rbi_policy_like,ADANIPORTS,-875,1784030874,1861.2886,1036780,1861.1,467,3,1861.5,307,2,1861.0,631,4,1861.6,414,3,1860.9,796,4,1861.7,520,3,1860.8,961,5,1861.8,625,4,1860.7,1127,6,1861.9,730,4
P325_SYNTH_EVENT_001_20260714,2026-07-14T17:52:29+05:30,synthetic_calendar_rbi_policy_like,ADANIPORTS,-875,1784030874,1859.4934,180776,1859.3,468,3,1859.7,308,2,1859.2,632,4,1859.8,416,3,1859.1,796,4,1859.9,523,3,1859.0,961,5,1860.0,630,4,1858.9,1125,6,1860.1,737,4
P325_SYNTH_EVENT_001_20260714,2026-07-14T17:52:29+05:30,synthetic_calendar_rbi_policy_like,ADANIPORTS,-875,1784030874,1859.6845,601050,1859.5,463,3,1859.9,305,2,1859.4,625,4,1860.0,411,3,1859.3,788,4,1860.1,517,3,1859.2,951,5,1860.2,623,4,1859.1,1115,6,1860.3,728,4
P325_SYNTH_EVENT_001_20260714,2026-07-14T17:52:29+05:30,synthetic_calendar_rbi_policy_like,ADANIPORTS,-875,1784030874,1854.5872,631512,1854.4,513,3,1854.8,347,2,1854.3,694,4,1854.9,467,3,1854.2,874,5,1855.0,588,3,1854.1,1054,6,1855.1,709,4,1854.0,1235,7,1855.2,829,5
P325_SYNTH_EVENT_001_20260714,2026-07-14T17:52:29+05:30,synthetic_calendar_rbi_policy_like,ADANIPORTS,-874,1784030875,1862.0001,1477115,1861.8,480,3,1862.2,306,2,1861.7,648,4,1862.3,413,3,1861.6,815,5,1862.4,521,3,1861.5,983,5,1862.5,629,4,1861.4,1150,6,1862.6,737,4
P325_SYNTH_EVENT_001_20260714,2026-07-14T17:52:29+05:30,synthetic_calendar_rbi_policy_like,ADANIPORTS,-874,1784030875,1860.7095,1899891,1860.5,464,3,1860.9,306,2,1860.4,627,4,1861.0,412,3,1860.3,790,4,1861.1,519,3,1860.2,954,5,1861.2,625,4,1860.1,1117,6,1861.3,731,4
P325_SYNTH_EVENT_001_20260714,2026-07-14T17:52:29+05:30,synthetic_calendar_rbi_policy_like,ADANIPORTS,-874,1784030875,1861.0147,1870663,1860.8,484,3,1861.2,308,2,1860.7,653,4,1861.3,416,3,1860.6,822,5,1861.4,524,3,1860.5,991,5,1861.5,632,4,1860.4,1160,6,1861.6,741,4
P325_SYNTH_EVENT_001_20260714,2026-07-14T17:52:29+05:30,synthetic_calendar_rbi_policy_like,ADANIPORTS,-874,1784030875,1862.1079,1487519,1861.9,464,3,1862.3,306,2,1861.8,628,4,1862.4,412,3,1861.7,792,4,1862.5,517,3,1861.6,957,5,1862.6,622,4,1861.5,1122,6,1862.7,726,4
P325_SYNTH_EVENT_001_20260714,2026-07-14T17:52:29+05:30,synthetic_calendar_rbi_policy_like,ADANIPORTS,-874,1784030875,1861.3147,1880583,1861.1,467,3,1861.5,307,2,1861.0,631,4,1861.6,414,3,1860.9,796,4,1861.7,520,3,1860.8,961,5,1861.8,625,4,1860.7,1127,6,1861.9,730,4
P325_SYNTH_EVENT_001_20260714,2026-07-14T17:52:29+05:30,synthetic_calendar_rbi_policy_like,ADANIPORTS,-874,1784030875,1859.5015,1889487,1859.3,468,3,1859.7,308,2,1859.2,632,4,1859.8,416,3,1859.1,796,4,1859.9,523,3,1859.0,961,5,1860.0,630,4,1858.9,1125,6,1860.1,737,4
P325_SYNTH_EVENT_001_20260714,2026-07-14T17:52:29+05:30,synthetic_calendar_rbi_policy_like,ADANIPORTS,-874,1784030875,1862.1095,1905843,1861.9,464,3,1862.3,306,2,1861.8,628,4,1862.4,412,3,1861.7,792,4,1862.5,517,3,1861.6,957,5,1862.6,622,4,1861.5,1122,6,1862.7,726,4
P325_SYNTH_EVENT_001_20260714,2026-07-14T17:52:29+05:30,synthetic_calendar_rbi_policy_like,ADANIPORTS,-874,1784030875,1860.7079,1481567,1860.5,464,3,1860.9,306,2,1860.4,627,4,1861.0,412,3,1860.3,790,4,1861.1,519,3,1860.2,954,5,1861.2,625,4,1860.1,1117,6,1861.3,731,4
P325_SYNTH_EVENT_001_20260714,2026-07-14T17:52:29+05:30,synthetic_calendar_rbi_policy_like,ADANIPORTS,-874,1784030875,1860.9147,1874714,1860.7,457,3,1861.1,295,2,1860.6,617,4,1861.2,398,2,1860.5,777,4,1861.3,502,3,1860.4,936,5,1861.4,606,4,1860.3,1095,6,1861.5,710,4
P325_SYNTH_EVENT_001_20260714,2026-07-14T17:52:29+05:30,synthetic_calendar_rbi_policy_like,ADANIPORTS,-874,1784030875,1862.0095,1893939,1861.8,480,3,1862.2,306,2,1861.7,648,4,1862.3,413,3,1861.6,815,5,1862.4,521,3,1861.5,983,5,1862.5,629,4,1861.4,1150,6,1862.6,737,4
P325_SYNTH_EVENT_001_20260714,2026-07-14T17:52:29+05:30,synthetic_calendar_rbi_policy_like,ADANIPORTS,-874,1784030875,1859.7066,1885035,1859.5,463,3,1859.9,305,2,1859.4,625,4,1860.0,411,3,1859.3,788,4,1860.1,517,3,1859.2,951,5,1860.2,623,4,1859.1,1115,6,1860.3,728,4
P325_SYNTH_EVENT_001_20260714,2026-07-14T17:52:29+05:30,synthetic_calendar_rbi_policy_like,ADANIPORTS,-874,1784030875,1860.7095,189683,1860.5,464,3,1860.9,306,2,1860.4,627,4,1861.0,412,3,1860.3,790,4,1861.1,519,3,1860.2,954,5,1861.2,625,4,1860.1,1117,6,1861.3,731,4
P325_SYNTH_EVENT_001_20260714,2026-07-14T17:52:29+05:30,synthetic_calendar_rbi_policy_like,ADANIPORTS,-874,1784030875,1854.6128,631515,1854.4,513,3,1854.8,347,2,1854.3,694,4,1854.9,467,3,1854.2,874,5,1855.0,588,3,1854.1,1054,6,1855.1,709,4,1854.0,1235,7,1855.2,829,5
P325_SYNTH_EVENT_001_20260714,2026-07-14T17:52:29+05:30,synthetic_calendar_rbi_policy_like,ADANIPORTS,-874,1784030875,1861.3082,1466711,1861.1,467,3,1861.5,307,2,1861.0,631,4,1861.6,414,3,1860.9,796,4,1861.7,520,3,1860.8,961,5,1861.8,625,4,1860.7,1127,6,1861.9,730,4
P325_SYNTH_EVENT_001_20260714,2026-07-14T17:52:29+05:30,synthetic_calendar_rbi_policy_like,ADANIPORTS,-874,1784030875,1859.5066,180779,1859.3,468,3,1859.7,308,2,1859.2,632,4,1859.8,416,3,1859.1,796,4,1859.9,523,3,1859.0,961,5,1860.0,630,4,1858.9,1125,6,1860.1,737,4
P325_SYNTH_EVENT_001_20260714,2026-07-14T17:52:29+05:30,synthetic_calendar_rbi_policy_like,ADANIPORTS,-874,1784030875,1859.7155,601053,1859.5,463,3,1859.9,305,2,1859.4,625,4,1860.0,411,3,1859.3,788,4,1860.1,517,3,1859.2,951,5,1860.2,623,4,1859.1,1115,6,1860.3,728,4
P325_SYNTH_EVENT_001_20260714,2026-07-14T17:52:29+05:30,synthetic_calendar_rbi_policy_like,ADANIPORTS,-874,1784030875,1861.3114,1036783,1861.1,467,3,1861.5,307,2,1861.0,631,4,1861.6,414,3,1860.9,796,4,1861.7,520,3,1860.8,961,5,1861.8,625,4,1860.7,1127,6,1861.9,730,4
P325_SYNTH_EVENT_001_20260714,2026-07-14T17:52:29+05:30,synthetic_calendar_rbi_policy_like,ADANIPORTS,-874,1784030875,1862.0015,185231,1861.8,480,3,1862.2,306,2,1861.7,648,4,1862.3,413,3,1861.6,815,5,1862.4,521,3,1861.5,983,5,1862.5,629,4,1861.4,1150,6,1862.6,737,4
P325_SYNTH_EVENT_001_20260714,2026-07-14T17:52:29+05:30,synthetic_calendar_rbi_policy_like,ADANIPORTS,-874,1784030875,1861.3106,606105,1861.1,467,3,1861.5,307,2,1861.0,631,4,1861.6,414,3,1860.9,796,4,1861.7,520,3,1860.8,961,5,1861.8,625,4,1860.7,1127,6,1861.9,730,4
P325_SYNTH_EVENT_001_20260714,2026-07-14T17:52:29+05:30,synthetic_calendar_rbi_policy_like,ADANIPORTS,-874,1784030875,1860.7031,1051939,1860.5,464,3,1860.9,306,2,1860.4,627,4,1861.0,412,3,1860.3,790,4,1861.1,519,3,1860.2,954,5,1861.2,625,4,1860.1,1117,6,1861.3,731,4
P325_SYNTH_EVENT_001_20260714,2026-07-14T17:52:29+05:30,synthetic_calendar_rbi_policy_like,ADANIPORTS,-874,1784030875,1862.1095,626163,1861.9,464,3,1862.3,306,2,1861.8,628,4,1862.4,412,3,1861.7,792,4,1862.5,517,3,1861.6,957,5,1862.6,622,4,1861.5,1122,6,1862.7,726,4
P325_SYNTH_EVENT_001_20260714,2026-07-14T17:52:29+05:30,synthetic_calendar_rbi_policy_like,ADANIPORTS,-874,1784030875,1862.1095,195635,1861.9,464,3,1862.3,306,2,1861.8,628,4,1862.4,412,3,1861.7,792,4,1862.5,517,3,1861.6,957,5,1862.6,622,4,1861.5,1122,6,1862.7,726,4
P325_SYNTH_EVENT_001_20260714,2026-07-14T17:52:29+05:30,synthetic_calendar_rbi_policy_like,ADANIPORTS,-874,1784030875,1859.505,611007,1859.3,468,3,1859.7,308,2,1859.2,632,4,1859.8,416,3,1859.1,796,4,1859.9,523,3,1859.0,961,5,1860.0,630,4,1858.9,1125,6,1860.1,737,4
P325_SYNTH_EVENT_001_20260714,2026-07-14T17:52:29+05:30,synthetic_calendar_rbi_policy_like,ADANIPORTS,-874,1784030875,1859.7147,164423,1859.5,463,3,1859.9,305,2,1859.4,625,4,1860.0,411,3,1859.3,788,4,1860.1,517,3,1859.2,951,5,1860.2,623,4,1859.1,1115,6,1860.3,728,4
P325_SYNTH_EVENT_001_20260714,2026-07-14T17:52:29+05:30,synthetic_calendar_rbi_policy_like,ADANIPORTS,-874,1784030875,1811.5066,168875,1811.3,481,3,1811.7,313,2,1811.2,649,4,1811.8,423,3,1811.1,816,5,1811.9,534,3,1811.0,983,5,1812.0,644,4,1810.9,1150,6,1812.1,755,4
P325_SYNTH_EVENT_001_20260714,2026-07-14T17:52:29+05:30,synthetic_calendar_rbi_policy_like,ADANIPORTS,-874,1784030875,1859.5034,1471763,1859.3,468,3,1859.7,308,2,1859.2,632,4,1859.8,416,3,1859.1,796,4,1859.9,523,3,1859.0,961,5,1860.0,630,4,1858.9,1125,6,1860.1,737,4
P325_SYNTH_EVENT_001_20260714,2026-07-14T17:52:29+05:30,synthetic_calendar_rbi_policy_like,ADANIPORTS,-874,1784030875,1860.7039,621261,1860.5,464,3,1860.9,306,2,1860.4,627,4,1861.0,412,3,1860.3,790,4,1861.1,519,3,1860.2,954,5,1861.2,625,4,1860.1,1117,6,1861.3,731,4
P325_SYNTH_EVENT_001_20260714,2026-07-14T17:52:29+05:30,synthetic_calendar_rbi_policy_like,ADANIPORTS,-874,1784030875,1860.9147,158554,1860.7,457,3,1861.1,295,2,1860.6,617,4,1861.2,398,2,1860.5,777,4,1861.3,502,3,1860.4,936,5,1861.4,606,4,1860.3,1095,6,1861.5,710,4
P325_SYNTH_EVENT_001_20260714,2026-07-14T17:52:29+05:30,synthetic_calendar_rbi_policy_like,ADANIPORTS,-874,1784030875,1861.3066,174827,1861.1,467,3,1861.5,307,2,1861.0,631,4,1861.6,414,3,1860.9,796,4,1861.7,520,3,1860.8,961,5,1861.8,625,4,1860.7,1127,6,1861.9,730,4
P325_SYNTH_EVENT_001_20260714,2026-07-14T17:52:29+05:30,synthetic_calendar_rbi_policy_like,ADANIPORTS,-874,1784030875,1859.5066,1041835,1859.3,468,3,1859.7,308,2,1859.2,632,4,1859.8,416,3,1859.1,796,4,1859.9,523,3,1859.0,961,5,1860.0,630,4,1858.9,1125,6,1860.1,737,4
P325_SYNTH_EVENT_001_20260714,2026-07-14T17:52:29+05:30,synthetic_calendar_rbi_policy_like,ADANIPORTS,-874,1784030875,1862.0001,616059,1861.8,480,3,1862.2,306,2,1861.7,648,4,1862.3,413,3,1861.6,815,5,1862.4,521,3,1861.5,983,5,1862.5,629,4,1861.4,1150,6,1862.6,737,4
P325_SYNTH_EVENT_001_20260714,2026-07-14T17:52:29+05:30,synthetic_calendar_rbi_policy_like,ADANIPORTS,-874,1784030875,1862.1079,1056991,1861.9,464,3,1862.3,306,2,1861.8,628,4,1862.4,412,3,1861.7,792,4,1862.5,517,3,1861.6,957,5,1862.6,622,4,1861.5,1122,6,1862.7,726,4
P325_SYNTH_EVENT_001_20260714,2026-07-14T17:52:29+05:30,synthetic_calendar_rbi_policy_like,ADANIPORTS,-874,1784030875,1862.0018,1046887,1861.8,480,3,1862.2,306,2,1861.7,648,4,1862.3,413,3,1861.6,815,5,1862.4,521,3,1861.5,983,5,1862.5,629,4,1861.4,1150,6,1862.6,737,4
P325_SYNTH_EVENT_001_20260714,2026-07-14T17:52:29+05:30,synthetic_calendar_rbi_policy_like,ADANIPORTS,-874,1784030875,1854.6128,1062043,1854.4,513,3,1854.8,347,2,1854.3,694,4,1854.9,467,3,1854.2,874,5,1855.0,588,3,1854.1,1054,6,1855.1,709,4,1854.0,1235,7,1855.2,829,5
P325_SYNTH_EVENT_001_20260714,2026-07-14T17:52:29+05:30,synthetic_calendar_rbi_policy_like,ADANIPORTS,-874,1784030875,1859.713,1461659,1859.5,463,3,1859.9,305,2,1859.4,625,4,1860.0,411,3,1859.3,788,4,1860.1,517,3,1859.2,951,5,1860.2,623,4,1859.1,1115,6,1860.3,728,4
P325_SYNTH_EVENT_001_20260714,2026-07-14T17:52:29+05:30,synthetic_calendar_rbi_policy_like,ADANIPORTS,-873,1784030876,1862.0905,1905846,1861.9,464,3,1862.3,306,2,1861.8,628,4,1862.4,412,3,1861.7,792,4,1862.5,517,3,1861.6,957,5,1862.6,622,4,1861.5,1122,6,1862.7,726,4
P325_SYNTH_EVENT_001_20260714,2026-07-14T17:52:29+05:30,synthetic_calendar_rbi_policy_like,ADANIPORTS,-873,1784030876,1859.6934,1885038,1859.5,463,3,1859.9,305,2,1859.4,625,4,1860.0,411,3,1859.3,788,4,1860.1,517,3,1859.2,951,5,1860.2,623,4,1859.1,1115,6,1860.3,728,4
P325_SYNTH_EVENT_001_20260714,2026-07-14T17:52:29+05:30,synthetic_calendar_rbi_policy_like,ADANIPORTS,-873,1784030876,1860.6921,1481570,1860.5,464,3,1860.9,306,2,1860.4,627,4,1861.0,412,3,1860.3,790,4,1861.1,519,3,1860.2,954,5,1861.2,625,4,1860.1,1117,6,1861.3,731,4
P325_SYNTH_EVENT_001_20260714,2026-07-14T17:52:29+05:30,synthetic_calendar_rbi_policy_like,ADANIPORTS,-873,1784030876,1860.8853,1874716,1860.7,457,3,1861.1,295,2,1860.6,617,4,1861.2,398,2,1860.5,777,4,1861.3,502,3,1860.4,936,5,1861.4,606,4,1860.3,1095,6,1861.5,710,4
P325_SYNTH_EVENT_001_20260714,2026-07-14T17:52:29+05:30,synthetic_calendar_rbi_policy_like,ADANIPORTS,-873,1784030876,1860.9853,1870666,1860.8,484,3,1861.2,308,2,1860.7,653,4,1861.3,416,3,1860.6,822,5,1861.4,524,3,1860.5,991,5,1861.5,632,4,1860.4,1160,6,1861.6,741,4
P325_SYNTH_EVENT_001_20260714,2026-07-14T17:52:29+05:30,synthetic_calendar_rbi_policy_like,ADANIPORTS,-873,1784030876,1861.2853,1880586,1861.1,467,3,1861.5,307,2,1861.0,631,4,1861.6,414,3,1860.9,796,4,1861.7,520,3,1860.8,961,5,1861.8,625,4,1860.7,1127,6,1861.9,730,4
P325_SYNTH_EVENT_001_20260714,2026-07-14T17:52:29+05:30,synthetic_calendar_rbi_policy_like,ADANIPORTS,-873,1784030876,1861.9905,1893942,1861.8,480,3,1862.2,306,2,1861.7,648,4,1862.3,413,3,1861.6,815,5,1862.4,521,3,1861.5,983,5,1862.5,629,4,1861.4,1150,6,1862.6,737,4
P325_SYNTH_EVENT_001_20260714,2026-07-14T17:52:29+05:30,synthetic_calendar_rbi_policy_like,ADANIPORTS,-873,1784030876,1859.4985,1889490,1859.3,468,3,1859.7,308,2,1859.2,632,4,1859.8,416,3,1859.1,796,4,1859.9,523,3,1859.0,961,5,1860.0,630,4,1858.9,1125,6,1860.1,737,4
P325_SYNTH_EVENT_001_20260714,2026-07-14T17:52:29+05:30,synthetic_calendar_rbi_policy_like,ADANIPORTS,-873,1784030876,1860.6905,1899894,1860.5,464,3,1860.9,306,2,1860.4,627,4,1861.0,412,3,1860.3,790,4,1861.1,519,3,1860.2,954,5,1861.2,625,4,1860.1,1117,6,1861.3,731,4
P325_SYNTH_EVENT_001_20260714,2026-07-14T17:52:29+05:30,synthetic_calendar_rbi_policy_like,ADANIPORTS,-873,1784030876,1862.0921,1487522,1861.9,464,3,1862.3,306,2,1861.8,628,4,1862.4,412,3,1861.7,792,4,1862.5,517,3,1861.6,957,5,1862.6,622,4,1861.5,1122,6,1862.7,726,4
P325_SYNTH_EVENT_001_20260714,2026-07-14T17:52:29+05:30,synthetic_calendar_rbi_policy_like,ADANIPORTS,-873,1784030876,1861.9998,1477118,1861.8,480,3,1862.2,306,2,1861.7,648,4,1862.3,413,3,1861.6,815,5,1862.4,521,3,1861.5,983,5,1862.5,629,4,1861.4,1150,6,1862.6,737,4
P325_SYNTH_EVENT_001_20260714,2026-07-14T17:52:29+05:30,synthetic_calendar_rbi_policy_like,ADANIPORTS,-873,1784030876,1860.6969,1051942,1860.5,464,3,1860.9,306,2,1860.4,627,4,1861.0,412,3,1860.3,790,4,1861.1,519,3,1860.2,954,5,1861.2,625,4,1860.1,1117,6,1861.3,731,4
P325_SYNTH_EVENT_001_20260714,2026-07-14T17:52:29+05:30,synthetic_calendar_rbi_policy_like,ADANIPORTS,-873,1784030876,1860.6961,621264,1860.5,464,3,1860.9,306,2,1860.4,627,4,1861.0,412,3,1860.3,790,4,1861.1,519,3,1860.2,954,5,1861.2,625,4,1860.1,1117,6,1861.3,731,4
P325_SYNTH_EVENT_001_20260714,2026-07-14T17:52:29+05:30,synthetic_calendar_rbi_policy_like,ADANIPORTS,-873,1784030876,1861.2886,1036786,1861.1,467,3,1861.5,307,2,1861.0,631,4,1861.6,414,3,1860.9,796,4,1861.7,520,3,1860.8,961,5,1861.8,625,4,1860.7,1127,6,1861.9,730,4
P325_SYNTH_EVENT_001_20260714,2026-07-14T17:52:29+05:30,synthetic_calendar_rbi_policy_like,ADANIPORTS,-873,1784030876,1862.0921,1056994,1861.9,464,3,1862.3,306,2,1861.8,628,4,1862.4,412,3,1861.7,792,4,1862.5,517,3,1861.6,957,5,1862.6,622,4,1861.5,1122,6,1862.7,726,4
P325_SYNTH_EVENT_001_20260714,2026-07-14T17:52:29+05:30,synthetic_calendar_rbi_policy_like,ADANIPORTS,-873,1784030876,1859.4934,180782,1859.3,468,3,1859.7,308,2,1859.2,632,4,1859.8,416,3,1859.1,796,4,1859.9,523,3,1859.0,961,5,1860.0,630,4,1858.9,1125,6,1860.1,737,4
P325_SYNTH_EVENT_001_20260714,2026-07-14T17:52:29+05:30,synthetic_calendar_rbi_policy_like,ADANIPORTS,-873,1784030876,1859.6853,164426,1859.5,463,3,1859.9,305,2,1859.4,625,4,1860.0,411,3,1859.3,788,4,1860.1,517,3,1859.2,951,5,1860.2,623,4,1859.1,1115,6,1860.3,728,4
P325_SYNTH_EVENT_001_20260714,2026-07-14T17:52:29+05:30,synthetic_calendar_rbi_policy_like,ADANIPORTS,-873,1784030876,1861.9998,616062,1861.8,480,3,1862.2,306,2,1861.7,648,4,1862.3,413,3,1861.6,815,5,1862.4,521,3,1861.5,983,5,1862.5,629,4,1861.4,1150,6,1862.6,737,4
P325_SYNTH_EVENT_001_20260714,2026-07-14T17:52:29+05:30,synthetic_calendar_rbi_policy_like,ADANIPORTS,-873,1784030876,1859.6869,1461662,1859.5,463,3,1859.9,305,2,1859.4,625,4,1860.0,411,3,1859.3,788,4,1860.1,517,3,1859.2,951,5,1860.2,623,4,1859.1,1115,6,1860.3,728,4
P325_SYNTH_EVENT_001_20260714,2026-07-14T17:52:29+05:30,synthetic_calendar_rbi_policy_like,ADANIPORTS,-873,1784030876,1859.495,611010,1859.3,468,3,1859.7,308,2,1859.2,632,4,1859.8,416,3,1859.1,796,4,1859.9,523,3,1859.0,961,5,1860.0,630,4,1858.9,1125,6,1860.1,737,4
P325_SYNTH_EVENT_001_20260714,2026-07-14T17:52:29+05:30,synthetic_calendar_rbi_policy_like,ADANIPORTS,-873,1784030876,1854.5872,631518,1854.4,513,3,1854.8,347,2,1854.3,694,4,1854.9,467,3,1854.2,874,5,1855.0,588,3,1854.1,1054,6,1855.1,709,4,1854.0,1235,7,1855.2,829,5
P325_SYNTH_EVENT_001_20260714,2026-07-14T17:52:29+05:30,synthetic_calendar_rbi_policy_like,ADANIPORTS,-873,1784030876,1861.2934,174830,1861.1,467,3,1861.5,307,2,1861.0,631,4,1861.6,414,3,1860.9,796,4,1861.7,520,3,1860.8,961,5,1861.8,625,4,1860.7,1127,6,1861.9,730,4
P325_SYNTH_EVENT_001_20260714,2026-07-14T17:52:29+05:30,synthetic_calendar_rbi_policy_like,ADANIPORTS,-873,1784030876,1861.9982,1046890,1861.8,480,3,1862.2,306,2,1861.7,648,4,1862.3,413,3,1861.6,815,5,1862.4,521,3,1861.5,983,5,1862.5,629,4,1861.4,1150,6,1862.6,737,4
P325_SYNTH_EVENT_001_20260714,2026-07-14T17:52:29+05:30,synthetic_calendar_rbi_policy_like,ADANIPORTS,-873,1784030876,1860.8853,158556,1860.7,457,3,1861.1,295,2,1860.6,617,4,1861.2,398,2,1860.5,777,4,1861.3,502,3,1860.4,936,5,1861.4,606,4,1860.3,1095,6,1861.5,710,4
P325_SYNTH_EVENT_001_20260714,2026-07-14T17:52:29+05:30,synthetic_calendar_rbi_policy_like,ADANIPORTS,-873,1784030876,1861.2894,606108,1861.1,467,3,1861.5,307,2,1861.0,631,4,1861.6,414,3,1860.9,796,4,1861.7,520,3,1860.8,961,5,1861.8,625,4,1860.7,1127,6,1861.9,730,4
P325_SYNTH_EVENT_001_20260714,2026-07-14T17:52:29+05:30,synthetic_calendar_rbi_policy_like,ADANIPORTS,-873,1784030876,1859.4966,1471766,1859.3,468,3,1859.7,308,2,1859.2,632,4,1859.8,416,3,1859.1,796,4,1859.9,523,3,1859.0,961,5,1860.0,630,4,1858.9,1125,6,1860.1,737,4
P325_SYNTH_EVENT_001_20260714,2026-07-14T17:52:29+05:30,synthetic_calendar_rbi_policy_like,ADANIPORTS,-873,1784030876,1859.4934,1041838,1859.3,468,3,1859.7,308,2,1859.2,632,4,1859.8,416,3,1859.1,796,4,1859.9,523,3,1859.0,961,5,1860.0,630,4,1858.9,1125,6,1860.1,737,4
P325_SYNTH_EVENT_001_20260714,2026-07-14T17:52:29+05:30,synthetic_calendar_rbi_policy_like,ADANIPORTS,-873,1784030876,1861.9985,185234,1861.8,480,3,1862.2,306,2,1861.7,648,4,1862.3,413,3,1861.6,815,5,1862.4,521,3,1861.5,983,5,1862.5,629,4,1861.4,1150,6,1862.6,737,4
P325_SYNTH_EVENT_001_20260714,2026-07-14T17:52:29+05:30,synthetic_calendar_rbi_policy_like,ADANIPORTS,-873,1784030876,1862.0905,195638,1861.9,464,3,1862.3,306,2,1861.8,628,4,1862.4,412,3,1861.7,792,4,1862.5,517,3,1861.6,957,5,1862.6,622,4,1861.5,1122,6,1862.7,726,4
P325_SYNTH_EVENT_001_20260714,2026-07-14T17:52:29+05:30,synthetic_calendar_rbi_policy_like,ADANIPORTS,-873,1784030876,1861.2918,1466714,1861.1,467,3,1861.5,307,2,1861.0,631,4,1861.6,414,3,1860.9,796,4,1861.7,520,3,1860.8,961,5,1861.8,625,4,1860.7,1127,6,1861.9,730,4
P325_SYNTH_EVENT_001_20260714,2026-07-14T17:52:29+05:30,synthetic_calendar_rbi_policy_like,ADANIPORTS,-873,1784030876,1862.0905,626166,1861.9,464,3,1862.3,306,2,1861.8,628,4,1862.4,412,3,1861.7,792,4,1862.5,517,3,1861.6,957,5,1862.6,622,4,1861.5,1122,6,1862.7,726,4
P325_SYNTH_EVENT_001_20260714,2026-07-14T17:52:29+05:30,synthetic_calendar_rbi_policy_like,ADANIPORTS,-873,1784030876,1860.6905,189686,1860.5,464,3,1860.9,306,2,1860.4,627,4,1861.0,412,3,1860.3,790,4,1861.1,519,3,1860.2,954,5,1861.2,625,4,1860.1,1117,6,1861.3,731,4
P325_SYNTH_EVENT_001_20260714,2026-07-14T17:52:29+05:30,synthetic_calendar_rbi_policy_like,ADANIPORTS,-873,1784030876,1859.6845,601056,1859.5,463,3,1859.9,305,2,1859.4,625,4,1860.0,411,3,1859.3,788,4,1860.1,517,3,1859.2,951,5,1860.2,623,4,1859.1,1115,6,1860.3,728,4
P325_SYNTH_EVENT_001_20260714,2026-07-14T17:52:29+05:30,synthetic_calendar_rbi_policy_like,ADANIPORTS,-873,1784030876,1811.4934,168878,1811.3,481,3,1811.7,313,2,1811.2,649,4,1811.8,423,3,1811.1,816,5,1811.9,534,3,1811.0,983,5,1812.0,644,4,1810.9,1150,6,1812.1,755,4
P325_SYNTH_EVENT_001_20260714,2026-07-14T17:52:29+05:30,synthetic_calendar_rbi_policy_like,ADANIPORTS,-873,1784030876,1854.5872,1062046,1854.4,513,3,1854.8,347,2,1854.3,694,4,1854.9,467,3,1854.2,874,5,1855.0,588,3,1854.1,1054,6,1855.1,709,4,1854.0,1235,7,1855.2,829,5
P325_SYNTH_EVENT_001_20260714,2026-07-14T17:52:29+05:30,synthetic_calendar_rbi_policy_like,ADANIPORTS,-872,1784030877,1862.1095,1905849,1861.9,464,3,1862.3,306,2,1861.8,628,4,1862.4,412,3,1861.7,792,4,1862.5,517,3,1861.6,957,5,1862.6,622,4,1861.5,1122,6,1862.7,726,4
P325_SYNTH_EVENT_001_20260714,2026-07-14T17:52:29+05:30,synthetic_calendar_rbi_policy_like,ADANIPORTS,-872,1784030877,1859.7066,1885041,1859.5,463,3,1859.9,305,2,1859.4,625,4,1860.0,411,3,1859.3,788,4,1860.1,517,3,1859.2,951,5,1860.2,623,4,1859.1,1115,6,1860.3,728,4
P325_SYNTH_EVENT_001_20260714,2026-07-14T17:52:29+05:30,synthetic_calendar_rbi_policy_like,ADANIPORTS,-872,1784030877,1862.0002,1477121,1861.8,480,3,1862.2,306,2,1861.7,648,4,1862.3,413,3,1861.6,815,5,1862.4,521,3,1861.5,983,5,1862.5,629,4,1861.4,1150,6,1862.6,737,4
P325_SYNTH_EVENT_001_20260714,2026-07-14T17:52:29+05:30,synthetic_calendar_rbi_policy_like,ADANIPORTS,-872,1784030877,1862.1079,1487525,1861.9,464,3,1862.3,306,2,1861.8,628,4,1862.4,412,3,1861.7,792,4,1862.5,517,3,1861.6,957,5,1862.6,622,4,1861.5,1122,6,1862.7,726,4
P325_SYNTH_EVENT_001_20260714,2026-07-14T17:52:29+05:30,synthetic_calendar_rbi_policy_like,ADANIPORTS,-872,1784030877,1860.9147,1874718,1860.7,457,3,1861.1,295,2,1860.6,617,4,1861.2,398,2,1860.5,777,4,1861.3,502,3,1860.4,936,5,1861.4,606,4,1860.3,1095,6,1861.5,710,4
P325_SYNTH_EVENT_001_20260714,2026-07-14T17:52:29+05:30,synthetic_calendar_rbi_policy_like,ADANIPORTS,-872,1784030877,1860.7095,1899897,1860.5,464,3,1860.9,306,2,1860.4,627,4,1861.0,412,3,1860.3,790,4,1861.1,519,3,1860.2,954,5,1861.2,625,4,1860.1,1117,6,1861.3,731,4
P325_SYNTH_EVENT_001_20260714,2026-07-14T17:52:29+05:30,synthetic_calendar_rbi_policy_like,ADANIPORTS,-872,1784030877,1862.0095,1893945,1861.8,480,3,1862.2,306,2,1861.7,648,4,1862.3,413,3,1861.6,815,5,1862.4,521,3,1861.5,983,5,1862.5,629,4,1861.4,1150,6,1862.6,737,4
P325_SYNTH_EVENT_001_20260714,2026-07-14T17:52:29+05:30,synthetic_calendar_rbi_policy_like,ADANIPORTS,-872,1784030877,1859.5014,1889493,1859.3,468,3,1859.7,308,2,1859.2,632,4,1859.8,416,3,1859.1,796,4,1859.9,523,3,1859.0,961,5,1860.0,630,4,1858.9,1125,6,1860.1,737,4
P325_SYNTH_EVENT_001_20260714,2026-07-14T17:52:29+05:30,synthetic_calendar_rbi_policy_like,ADANIPORTS,-872,1784030877,1861.3147,1880589,1861.1,467,3,1861.5,307,2,1861.0,631,4,1861.6,414,3,1860.9,796,4,1861.7,520,3,1860.8,961,5,1861.8,625,4,1860.7,1127,6,1861.9,730,4
P325_SYNTH_EVENT_001_20260714,2026-07-14T17:52:29+05:30,synthetic_calendar_rbi_policy_like,ADANIPORTS,-872,1784030877,1861.0147,1870669,1860.8,484,3,1861.2,308,2,1860.7,653,4,1861.3,416,3,1860.6,822,5,1861.4,524,3,1860.5,991,5,1861.5,632,4,1860.4,1160,6,1861.6,741,4
